Date,Symbol,Open,High,Low,Close,Volume,Price,Log_Volume,Volatility of Intraday Price,7D_EWMA_Intraday_Price_Volatility,Return,Lagged_Return,σ_Rt,Amihud,σ_LIQt,Log_Cap,Datetime,BitcoinDominance,RegSin,RegEU,Year_x,Month_x,European_News_Index,Year_y,Month_y,SEPU
2019-02-20,BTCUSDT,3907.35,3986.98,3870.66,3969.74,36205.14085,8.292678700794028,10.496956400161991,0.028910388300686055,0.03155975884228714,0.0157286045601741,0.002354482480497084,0.02243760589927922,0.0014983966742904038,0.0020140015897499126,24.953410335786657,2019-02-20,54.45139806349037,0,0,7.610357618312838,0.6931471805599453,5.438079308923196,7.610357618312838,0.6931471805599453,5.4443924576929
2019-02-21,BTCUSDT,3969.74,4016.48,3901.03,3937.31,31103.884728,8.290789331065788,10.34508800123478,0.02242805083423847,0.029276831840274974,-0.00820285235134137,0.0157286045601741,0.024235402636414143,0.0007929224333676315,0.001966278756356737,24.955579340908415,2019-02-21,54.49467406799664,0,0,7.610357618312838,0.6931471805599453,5.438079308923196,7.610357618312838,0.6931471805599453,5.4443924576929
2019-02-22,BTCUSDT,3937.31,3988.0,3926.65,3962.0,23943.16375,8.298161176141742,10.083438123680402,0.014920333714725188,0.025687707308887527,0.006251199257121855,-0.00820285235134137,0.024088990772745303,0.0006199472025758015,0.0019465394323254462,24.95507242080678,2019-02-22,54.62837865770783,0,0,7.610357618312838,0.6931471805599453,5.438079308923196,7.610357618312838,0.6931471805599453,5.4443924576929
2019-02-23,BTCUSDT,3962.0,4162.02,3933.15,4117.76,33657.942883,8.291045131081729,10.424004351290177,0.055864906362399866,0.03323200707226561,0.03856037791205596,0.006251199257121855,0.025859509345242147,0.003699190504202288,0.002099717989976998,24.982330980113968,2019-02-23,54.39174460814185,0,0,7.610357618312838,0.6931471805599453,5.438079308923196,7.610357618312838,0.6931471805599453,5.4443924576929
2019-02-24,BTCUSDT,4118.0,4198.0,3712.66,3743.56,62224.18689,8.333755812324062,11.03849905989449,0.056769122130887965,0.0391162858369212,-0.09527229584676795,0.03856037791205596,0.04614877540128781,0.0086309103556402,0.003214113614814196,24.958975809735072,2019-02-24,54.6259678807649,0,0,7.610357618312838,0.6931471805599453,5.438079308923196,7.610357618312838,0.6931471805599453,5.4443924576929
2019-02-25,BTCUSDT,3743.56,3872.66,3740.0,3827.92,38102.966245,8.342363500380579,10.548047412283786,0.03469704708321811,0.03801147614849543,0.02228454438909258,-0.09527229584676795,0.04762980994611084,0.0021126701007374116,0.003023391597353507,24.920211777236805,2019-02-25,54.785578271844926,0,0,7.610357618312838,0.6931471805599453,5.438079308923196,7.610357618312838,0.6931471805599453,5.4443924576929
2019-02-26,BTCUSDT,3828.44,3841.51,3777.0,3809.23,28838.748036,8.261696888416196,10.269475179777002,0.01314002708322719,0.03179361388217837,-0.004894505754567034,0.02228454438909258,0.046704854291555305,0.00047660719451422996,0.0031439834878881695,24.924735661144013,2019-02-26,54.620218954694444,0,0,7.610357618312838,0.6931471805599453,5.438079308923196,7.610357618312838,0.6931471805599453,5.4443924576929
2019-02-27,BTCUSDT,3809.31,3838.85,3677.17,3818.07,31500.995466,8.253620797454113,10.357774426409627,0.04074191995238027,0.03403069039972885,0.0023179903657044075,-0.004894505754567034,0.04684250090875735,0.0002237923196892699,0.003221456949182396,24.915309067182964,2019-02-27,54.87255691648761,0,0,7.610357618312838,0.6931471805599453,5.438079308923196,7.610357618312838,0.6931471805599453,5.4443924576929
2019-02-28,BTCUSDT,3818.04,3888.0,3763.87,3813.69,32561.961044,8.252928121562265,10.390900046926884,0.027875916008498588,0.03249199680192128,-0.0011478349635986676,0.0023179903657044075,0.0465797562700483,0.00011046540322925544,0.0032909128728582284,24.927733293452803,2019-02-28,54.931991710435234,0,0,7.610357618312838,0.6931471805599453,5.438079308923196,7.610357618312838,0.6931471805599453,5.4443924576929
2019-03-01,BTCUSDT,3814.26,3857.0,3813.01,3823.0,23174.57217,8.265650165580329,10.050810929422228,0.011343568035438942,0.027204889610300695,0.0024382303359971385,-0.0011478349635986676,0.04169069049266528,0.0002425904091837593,0.0033499035740229715,24.926557066270497,2019-03-01,54.696527412281554,0,0,7.610357618312838,1.0986122886681098,5.43372200355424,7.610357618312838,1.0986122886681098,5.636849635915431
2019-03-02,BTCUSDT,3822.17,3841.31,3772.25,3819.93,19445.838355,8.257644958208228,9.875388359828625,0.015992156887761896,0.024401706429665996,-0.0008033568710194448,0.0024382303359971385,0.009652612087077099,8.134939525896135e-05,0.0007823810695853568,24.924310928793957,2019-03-02,54.786149999277825,0,0,7.610357618312838,1.0986122886681098,5.43372200355424,7.610357618312838,1.0986122886681098,5.636849635915431
2019-03-03,BTCUSDT,3819.97,3835.0,3781.32,3807.75,16718.16541,8.253568733238097,9.724251156336246,0.011233312224137471,0.021109607878283865,-0.003193634329779857,-0.0008033568710194448,0.00292522010559683,0.0003284195644925224,0.00014555391754753262,24.923302364806837,2019-03-03,54.89336831648516,0,0,7.610357618312838,1.0986122886681098,5.43372200355424,7.610357618312838,1.0986122886681098,5.636849635915431
2019-03-04,BTCUSDT,3807.32,3830.0,3670.69,3715.3,34742.84166,8.251924713801357,10.45572883437729,0.026340022696366833,0.022417211582804606,-0.024579034902947085,-0.003193634329779857,0.010234373779514321,0.002350772030557441,0.0008837851506628016,24.90933445794649,2019-03-04,55.19994694258338,0,0,7.610357618312838,1.0986122886681098,5.43372200355424,7.610357618312838,1.0986122886681098,5.636849635915431
2019-03-05,BTCUSDT,3716.1,3877.1,3703.55,3857.73,32962.536162,8.250620082174692,10.403126927725786,0.04561026801228023,0.028215475690173512,0.03761949897608185,-0.024579034902947085,0.020098082972884464,0.00361617225642231,0.0014993373320185456,24.919550832571957,2019-03-05,54.83828433096877,0,0,7.610357618312838,1.0986122886681098,5.43372200355424,7.610357618312838,1.0986122886681098,5.636849635915431
2019-03-06,BTCUSDT,3857.58,3907.0,3813.09,3861.84,24775.11883,8.262842730477317,10.117595155553992,0.021379462388270976,0.02650647236469788,0.0010648262502562917,0.03761949897608185,0.020055140310346192,0.00010524499487131205,0.0015000428161663388,24.93638036750214,2019-03-06,54.38167751692757,0,0,7.610357618312838,1.0986122886681098,5.43372200355424,7.610357618312838,1.0986122886681098,5.636849635915431
2019-03-07,BTCUSDT,3861.84,3905.4,3840.4,3873.64,26455.257661,8.27052509505507,10.183210194886342,0.015369853606958918,0.02372231767526314,0.0030508796229149976,0.0010648262502562917,0.020058820502081767,0.0002995990031166247,0.0014935343555874353,24.939631637630608,2019-03-07,54.29805697682775,0,0,7.610357618312838,1.0986122886681098,5.43372200355424,7.610357618312838,1.0986122886681098,5.636849635915431
2019-03-08,BTCUSDT,3873.63,3932.0,3800.0,3864.89,34730.366592,8.270115489806397,10.455369701167582,0.028907687863310827,0.02501866022227506,-0.002261412368743811,0.0030508796229149976,0.020111147588567423,0.0002162919565141032,0.001475487288491747,24.936638419989812,2019-03-08,54.52253832820803,0,0,7.610357618312838,1.0986122886681098,5.43372200355424,7.610357618312838,1.0986122886681098,5.636849635915431
2019-03-09,BTCUSDT,3864.88,3971.75,3854.75,3943.04,30979.747653,8.276903481267057,10.341088968456729,0.02958054694570121,0.0261591319031316,0.020018778312975473,-0.002261412368743811,0.021130564061113327,0.0019358481852383687,0.0014414158388301405,24.94732932561668,2019-03-09,54.526293053752575,0,0,7.610357618312838,1.0986122886681098,5.43372200355424,7.610357618312838,1.0986122886681098,5.636849635915431
2019-03-10,BTCUSDT,3943.43,3943.43,3881.69,3916.82,23187.561412,8.286962082600134,10.05137126784224,0.011923590111053274,0.02260024645511202,-0.006671899312085172,0.020018778312975473,0.0167990728721163,0.0006637800091447074,0.0013872141578462908,24.95146176847693,2019-03-10,54.45950372567616,0,0,7.610357618312838,1.0986122886681098,5.43372200355424,7.610357618312838,1.0986122886681098,5.636849635915431
2019-03-11,BTCUSDT,3915.99,3936.98,3830.0,3871.61,38066.885705,8.279806181951452,10.547100041591186,0.01967721044214001,0.021869487451869014,-0.01160965889101032,-0.006671899312085172,0.01089454711420588,0.0011007441709312573,0.000697824583835985,24.943255474985396,2019-03-11,54.58657008299241,0,0,7.610357618312838,1.0986122886681098,5.43372200355424,7.610357618312838,1.0986122886681098,5.636849635915431
2019-03-12,BTCUSDT,3871.61,3905.2,3826.06,3882.73,26921.008622,8.278169210920675,10.200662250441622,0.018731495695329347,0.021084989512734097,0.0028680732654525684,-0.01160965889101032,0.01093477963255818,0.0002811653983865998,0.000669955430477681,24.93764783718477,2019-03-12,54.3676119520804,0,0,7.610357618312838,1.0986122886681098,5.43372200355424,7.610357618312838,1.0986122886681098,5.636849635915431
2019-03-13,BTCUSDT,3882.69,3893.56,3840.0,3866.0,24461.008757,8.270064277351516,10.104835649478263,0.010645640800759934,0.018475152334740556,-0.004318133680231907,0.0028680732654525684,0.01105790578281672,0.00042733339066775055,0.0006546516953984129,24.939159893019323,2019-03-13,54.16363674138212,0,0,7.610357618312838,1.0986122886681098,5.43372200355424,7.610357618312838,1.0986122886681098,5.636849635915431
2019-03-14,BTCUSDT,3866.0,3920.0,3810.43,3877.12,27048.74853,8.26707918519752,10.205396018139671,0.02538606961558523,0.020202881654951724,0.0028722291904868377,-0.004318133680231907,0.0110770763776152,0.0002814422081594451,0.0006440684401699171,24.938041708019437,2019-03-14,54.0962761339443,0,0,7.610357618312838,1.0986122886681098,5.43372200355424,7.610357618312838,1.0986122886681098,5.636849635915431
2019-03-15,BTCUSDT,3877.12,3939.22,3872.2,3923.76,21740.061498,8.273846932784508,9.986911989466048,0.017013799044680346,0.01940561100238388,0.011957767776503729,0.0028722291904868377,0.008407189038562926,0.0011973438625589663,0.0004059439285364721,24.94600383166446,2019-03-15,53.89545574635733,0,0,7.610357618312838,1.0986122886681098,5.43372200355424,7.610357618312838,1.0986122886681098,5.636849635915431
2019-03-16,BTCUSDT,3924.46,4056.98,3921.98,4005.98,28568.376124,8.278738013150276,10.260055655107525,0.03372386976109608,0.022985175692061932,0.020737866966801063,0.011957767776503729,0.011476212298388003,0.0020212236330782096,0.000688979716180928,24.966121102727868,2019-03-16,53.68412404661859,0,0,7.610357618312838,1.0986122886681098,5.43372200355424,7.610357618312838,1.0986122886681098,5.636849635915431
2019-03-17,BTCUSDT,4005.98,4012.0,3950.01,3981.14,18814.255577,8.308194133443248,9.84237013684486,0.011568703815332551,0.020131057722879587,-0.006220034276640175,0.020737866966801063,0.010169992442551035,0.0006319650846451619,0.0006861783952426069,24.969608100095343,2019-03-17,53.76609278041675,0,0,7.610357618312838,1.0986122886681098,5.43372200355424,7.610357618312838,1.0986122886681098,5.636849635915431
2019-03-18,BTCUSDT,3981.85,4037.0,3953.33,3987.81,22454.47801,8.297045149081827,10.019245339203994,0.018721857433218747,0.019778757650464378,0.0016739975925546856,-0.006220034276640175,0.010223370626490837,0.00016707821156994253,0.0007049786457418105,24.970212833530454,2019-03-18,53.8475314593205,0,0,7.610357618312838,1.0986122886681098,5.43372200355424,7.610357618312838,1.0986122886681098,5.636849635915431
2019-03-19,BTCUSDT,3987.83,4031.0,3970.0,4015.53,19893.741815,8.30325712085294,9.898160479594566,0.014672518919426492,0.018502197967704907,0.006927135632308982,0.0016739975925546856,0.009281731614589306,0.0006998407074313996,0.0006856290512669206,24.97335246247911,2019-03-19,53.80982355925629,0,0,7.610357618312838,1.0986122886681098,5.43372200355424,7.610357618312838,1.0986122886681098,5.636849635915431
2019-03-20,BTCUSDT,4017.48,4050.0,3980.5,4043.04,23432.300255,8.301769763117166,10.061870702312465,0.016843730793886166,0.018087581174250224,0.006827540584871963,0.006927135632308982,0.009126637740955712,0.000678555786182268,0.0006393233136766523,24.980193465656342,2019-03-20,53.81063882869583,0,0,7.610357618312838,1.0986122886681098,5.43372200355424,7.610357618312838,1.0986122886681098,5.636849635915431
2019-03-21,BTCUSDT,4043.04,4069.32,3880.01,3980.64,35997.682119,8.306472160100585,10.491209829782074,0.036912384240197965,0.02279378194073716,-0.015554273864159942,0.006827540584871963,0.012438355581957931,0.0014826005881614362,0.0006754997141995278,24.976571743062678,2019-03-21,53.91815011339801,0,0,7.610357618312838,1.0986122886681098,5.43372200355424,7.610357618312838,1.0986122886681098,5.636849635915431
2019-03-22,BTCUSDT,3980.85,4008.0,3968.25,3986.93,20022.606318,8.311231188310787,9.904617230110073,0.009090380081903564,0.019367931476028763,0.0015789007957782457,-0.015554273864159942,0.008680242138486075,0.0001594105818626066,0.0004836648838960459,24.97303443866127,2019-03-22,53.89857223068877,0,0,7.610357618312838,1.0986122886681098,5.43372200355424,7.610357618312838,1.0986122886681098,5.636849635915431
2019-03-23,BTCUSDT,3987.89,4018.83,3978.01,4006.01,17302.604318,8.2960476427647,9.758612307768788,0.009813282674123668,0.01697926927555249,0.004774222311483049,0.0015789007957782457,0.008463576955335513,0.0004892316818122094,0.00048743245206275045,24.97347936150291,2019-03-23,53.61585972741881,0,0,7.610357618312838,1.0986122886681098,5.43372200355424,7.610357618312838,1.0986122886681098,5.636849635915431
2019-03-24,BTCUSDT,4006.01,4006.02,3950.0,3992.18,17179.850648,8.298746094475197,9.751492502136081,0.01223080974515525,0.01579215439295318,-0.003458285883080886,0.004774222311483049,0.008643863680600558,0.00035464170047029645,0.0004582731897585163,24.970198091782564,2019-03-24,53.56615849868412,0,0,7.610357618312838,1.0986122886681098,5.43372200355424,7.610357618312838,1.0986122886681098,5.636849635915431
2019-03-25,BTCUSDT,3991.35,3999.3,3888.71,3936.12,33192.890217,8.295553508724534,10.410090981880813,0.01927424657509827,0.016662677438489454,-0.014141981082905222,-0.003458285883080886,0.009584358241350444,0.0013584877507333908,0.0005449920707011519,24.960233055065697,2019-03-25,53.664314766410065,0,0,7.610357618312838,1.0986122886681098,5.43372200355424,7.610357618312838,1.0986122886681098,5.636849635915431
2019-03-26,BTCUSDT,3935.47,3958.98,3894.0,3948.55,29349.537627,8.29387462478774,10.287032071367245,0.015682503572423213,0.016417633971972892,0.0031529563817779935,-0.014141981082905222,0.00889842434015296,0.00030649815805997927,0.0005755768881407479,24.954895466301252,2019-03-26,53.84126854823291,0,0,7.610357618312838,1.0986122886681098,5.43372200355424,7.610357618312838,1.0986122886681098,5.636849635915431
2019-03-27,BTCUSDT,3948.77,4048.0,3936.15,4038.05,32364.555852,8.283741695312617,10.38481914778951,0.027878912562685543,0.019282953619651055,0.022413479269574252,0.0031529563817779935,0.01196137949630712,0.002158292691533789,0.0007881078405647608,24.97165211190193,2019-03-27,53.45530879367637,0,0,7.610357618312838,1.0986122886681098,5.43372200355424,7.610357618312838,1.0986122886681098,5.636849635915431
2019-03-28,BTCUSDT,4039.58,4039.7,4002.0,4027.81,20089.293875,8.305978210967302,9.907942309107648,0.007769367421919268,0.01640455707021811,-0.002539098249029031,0.022413479269574252,0.012133889566729828,0.0002562689779385396,0.0007731024860360278,24.982196696891602,2019-03-28,53.31536732603372,0,0,7.610357618312838,1.0986122886681098,5.43372200355424,7.610357618312838,1.0986122886681098,5.636849635915431
2019-03-29,BTCUSDT,4028.22,4123.71,4024.03,4103.25,30084.217444,8.303925710772234,10.3117559758154,0.024363353795383864,0.018394256251509547,0.018556538697443437,-0.002539098249029031,0.013994168697084912,0.0017995517679980865,0.0008427218540297095,24.99092403015315,2019-03-29,53.28355711077595,0,0,7.610357618312838,1.0986122886681098,5.43372200355424,7.610357618312838,1.0986122886681098,5.636849635915431
2019-03-30,BTCUSDT,4104.24,4140.0,4052.0,4106.97,19509.292601,8.324508522586683,9.878646174682004,0.01894736099008925,0.01853253243615447,0.0009061877159357366,0.018556538697443437,0.013638024108712819,9.173197419077589e-05,0.0008908791274999682,24.99978601511112,2019-03-30,53.256265080053566,0,0,7.610357618312838,1.0986122886681098,5.43372200355424,7.610357618312838,1.0986122886681098,5.636849635915431
2019-03-31,BTCUSDT,4106.99,4116.12,4082.57,4103.95,13525.087433,8.32845106681936,9.512301568240922,0.0070230774034290904,0.015655168677973126,-0.0007356057874589337,0.0009061877159357366,0.010713423042519907,7.73320507325933e-05,0.0009386281743367623,25.001398313300136,2019-03-31,53.273792400031766,0,0,7.610357618312838,1.0986122886681098,5.43372200355424,7.610357618312838,1.0986122886681098,5.636849635915431
2019-04-01,BTCUSDT,4102.44,4158.7,4067.0,4144.56,25507.067641,8.322666251047906,10.146710855136273,0.02162408724407885,0.017147398319499556,0.009846706404002677,-0.0007356057874589337,0.010585568570681802,0.0009704333300301217,0.0009101170760021067,25.005268370467867,2019-04-01,53.172054553199374,0,0,7.610357618312838,1.3862943611198906,5.365976015021851,7.610357618312838,1.3862943611198906,5.349300950555278
2019-04-02,BTCUSDT,4144.54,4897.99,4140.54,4857.29,105383.639263,8.33295780441701,11.56536267783199,0.16797472130677313,0.05485422906631795,0.15868403825725028,0.009846706404002677,0.06315520392760268,0.01372062793684882,0.0053819009428535255,25.11086978899356,2019-04-02,53.7719021081061,0,0,7.610357618312838,1.3862943611198906,5.365976015021851,7.610357618312838,1.3862943611198906,5.349300950555278
2019-04-03,BTCUSDT,4857.19,5275.01,4753.5,4932.6,109890.125743,8.496580195860377,11.60723628870276,0.09689390606227409,0.06536414831530699,0.015385563184368086,0.15868403825725028,0.06167000040403106,0.0013255147738607462,0.005297092698134046,25.20309052231522,2019-04-03,53.67232958252958,0,0,7.610357618312838,1.3862943611198906,5.365976015021851,7.610357618312838,1.3862943611198906,5.349300950555278
2019-04-04,BTCUSDT,4932.59,5039.08,4777.0,4898.66,61054.254168,8.570735854077068,11.019518160452602,0.044123457461870456,0.060053975601947855,-0.006904534074751537,0.015385563184368086,0.06376686840899037,0.0006265731381550669,0.005371274175501317,25.189009586110313,2019-04-04,53.89550609457231,0,0,7.610357618312838,1.3862943611198906,5.365976015021851,7.610357618312838,1.3862943611198906,5.349300950555278
2019-04-05,BTCUSDT,4898.64,5028.22,4880.62,5004.95,39768.552806,8.52497880472048,10.590831748452386,0.02950550091341034,0.052416856929813474,0.021465724378039223,-0.006904534074751537,0.06246008679109989,0.002026821394946243,0.00523228530834297,25.19744315286682,2019-04-05,53.49714834388023,0,0,7.610357618312838,1.3862943611198906,5.365976015021851,7.610357618312838,1.3862943611198906,5.349300950555278
2019-04-06,BTCUSDT,5004.96,5205.0,4928.59,5043.89,41770.842313,8.522821323725074,10.639953822789456,0.049940590266854816,0.05179779026407381,0.007750187068761612,0.021465724378039223,0.061635221750056236,0.0007284042015447169,0.005162739107672136,25.21448297795002,2019-04-06,53.357359937678204,0,0,7.610357618312838,1.3862943611198906,5.365976015021851,7.610357618312838,1.3862943611198906,5.349300950555278
2019-04-07,BTCUSDT,5042.07,5234.0,5026.0,5170.27,37615.486804,8.557374981049069,10.535171127662538,0.04006625774328575,0.0488649071338768,0.0247473017520111,0.007750187068761612,0.06074317146578533,0.00234901753869297,0.005071778213514553,25.22902029381304,2019-04-07,53.39760993289552,0,0,7.610357618312838,1.3862943611198906,5.365976015021851,7.610357618312838,1.3862943611198906,5.349300950555278
2019-04-08,BTCUSDT,5170.27,5305.0,5039.0,5236.9,50178.430782,8.562931083090092,10.823340547649854,0.04810429915638304,0.04867475513950336,0.01280480868531322,0.0247473017520111,0.011295010622929536,0.0011830736202875568,0.0006915310554644797,25.249779711052984,2019-04-08,53.541222302684986,0,0,7.610357618312838,1.3862943611198906,5.365976015021851,7.610357618312838,1.3862943611198906,5.349300950555278
2019-04-09,BTCUSDT,5238.38,5238.4,5076.68,5150.0,34067.012311,8.576405051048084,10.43608481414762,0.021206663639019435,0.04180773226438238,-0.016733005537734536,0.01280480868531322,0.016216418267290436,0.0016033796041069475,0.000696978862247697,25.24756672941049,2019-04-09,53.90007674608697,0,0,7.610357618312838,1.3862943611198906,5.365976015021851,7.610357618312838,1.3862943611198906,5.349300950555278
2019-04-10,BTCUSDT,5150.0,5422.0,5135.0,5308.25,40073.620471,8.563771387176816,10.598473553204647,0.05381331725091619,0.04480912851101583,0.03026549940412126,-0.016733005537734536,0.01684359373186737,0.0028556470186190085,0.0007790191634878061,25.258478544133496,2019-04-10,54.02230654706675,0,0,7.610357618312838,1.3862943611198906,5.365976015021851,7.610357618312838,1.3862943611198906,5.349300950555278
2019-04-11,BTCUSDT,5307.86,5332.67,4927.0,5017.37,54696.600686,8.598220030058611,10.909556841798938,0.04150056740968501,0.043981988235683125,-0.056356322044451276,0.03026549940412126,0.03227216333082225,0.005165775554560323,0.001595325741862747,25.236763548338388,2019-04-11,54.634539764875605,0,0,7.610357618312838,1.3862943611198906,5.365976015021851,7.610357618312838,1.3862943611198906,5.349300950555278
2019-04-12,BTCUSDT,5017.37,5080.58,4861.22,5048.01,33276.678614,8.581607329818597,10.412612088692649,0.04176901086573983,0.0434287438931973,0.006088214184202376,-0.056356322044451276,0.03220365281528238,0.0005846961485114518,0.001624704221865433,25.21083439992264,2019-04-12,54.80818975969237,0,0,7.610357618312838,1.3862943611198906,5.365976015021851,7.610357618312838,1.3862943611198906,5.349300950555278
2019-04-13,BTCUSDT,5047.0,5099.0,5004.0,5045.22,17292.456802,8.533180707283607,9.758025662394418,0.016216422747124835,0.03662566360667918,-0.0005528458325156903,0.006088214184202376,0.029911388745046487,5.6655500983795666e-05,0.0018605406506541442,25.220108074761725,2019-04-13,54.917629088362375,0,0,7.610357618312838,1.3862943611198906,5.365976015021851,7.610357618312838,1.3862943611198906,5.349300950555278
2019-04-14,BTCUSDT,5047.45,5152.99,5000.0,5131.3,18281.607739,8.536799721055155,9.813650791851863,0.029470857283580506,0.034836962025904514,0.016917777998497762,-0.0005528458325156903,0.03041858440516112,0.0017239025880709303,0.0018312542453948148,25.224678012183784,2019-04-14,54.76841148144929,0,0,7.610357618312838,1.3862943611198906,5.365976015021851,7.610357618312838,1.3862943611198906,5.349300950555278
2019-04-15,BTCUSDT,5131.28,5167.38,4950.0,5024.95,29057.191581,8.547332407709225,10.277021290368786,0.02901418831324996,0.033381268597740876,-0.0209435347386204,0.016917777998497762,0.030833567258774435,0.002037899323829157,0.0018210744908888385,25.22015537177947,2019-04-15,54.7509133625936,0,0,7.610357618312838,1.3862943611198906,5.365976015021851,7.610357618312838,1.3862943611198906,5.349300950555278
2019-04-16,BTCUSDT,5024.95,5197.72,5003.94,5173.72,24242.229493,8.550121069225328,10.095851411737566,0.037738417246129675,0.034470555759838074,0.02917646191506107,-0.0209435347386204,0.03059310010874764,0.0028899456544239687,0.0018240823863363896,25.227555611968484,2019-04-16,54.96736652500565,0,0,7.610357618312838,1.3862943611198906,5.365976015021851,7.610357618312838,1.3862943611198906,5.349300950555278
2019-04-17,BTCUSDT,5173.72,5230.4,5146.8,5202.82,23307.536134,8.55597534687869,10.05653202648607,0.015232682652349904,0.02966108748296603,0.005608820722074794,0.02917646191506107,0.01688423184655348,0.0005577291164889389,0.001082609497597154,25.247384261121404,2019-04-17,55.04136811188039,0,0,7.610357618312838,1.3862943611198906,5.365976015021851,7.610357618312838,1.3862943611198906,5.349300950555278
2019-04-18,BTCUSDT,5202.41,5287.0,5198.8,5258.44,22619.239001,8.562243035969946,10.026556106354402,0.016711025665692988,0.02642357202864777,0.010633618530898828,0.005608820722074794,0.016987988754073674,0.0010605454572941246,0.0010353834584148974,25.255147068304314,2019-04-18,54.78971208862549,0,0,7.610357618312838,1.3862943611198906,5.365976015021851,7.610357618312838,1.3862943611198906,5.349300950555278
2019-04-19,BTCUSDT,5258.44,5320.0,5175.0,5258.68,24611.236323,8.57300625623545,10.110958378734418,0.024045811358351807,0.02582913186107378,4.563987099926502e-05,0.010633618530898828,0.01693781633834501,4.513901579820145e-06,0.0010489207817138764,25.258505448245977,2019-04-19,54.760993964489316,0,0,7.610357618312838,1.3862943611198906,5.365976015021851,7.610357618312838,1.3862943611198906,5.349300950555278
2019-04-20,BTCUSDT,5258.68,5333.42,5230.1,5291.73,19168.908274,8.57922858233569,9.861044884704901,0.018436841438117448,0.023981059255334697,0.006265179857047562,4.563987099926502e-05,0.016221713691636958,0.0006353464496206937,0.001071255238682168,25.26371230811972,2019-04-20,54.859165017875085,0,0,7.610357618312838,1.3862943611198906,5.365976015021851,7.610357618312838,1.3862943611198906,5.349300950555278
2019-04-21,BTCUSDT,5292.91,5314.35,5165.0,5256.14,25549.570939,8.58174796242178,10.148375802496718,0.023305326634394132,0.023812126100099557,-0.0067483074901227,0.006265179857047562,0.01219320794367096,0.0006649642880255254,0.0010001552085012798,25.260983522534257,2019-04-21,55.28990614130864,0,0,7.610357618312838,1.3862943611198906,5.365976015021851,7.610357618312838,1.3862943611198906,5.349300950555278
2019-04-22,BTCUSDT,5257.41,5400.0,5208.35,5357.14,29563.852309,8.578165987906953,10.294307688255714,0.03508688655888225,0.026630816214795232,0.01903333353473849,-0.0067483074901227,0.008823948814787836,0.0018489182673695206,0.0006172230897023193,25.27088424020035,2019-04-22,55.54397634839577,0,0,7.610357618312838,1.3862943611198906,5.365976015021851,7.610357618312838,1.3862943611198906,5.349300950555278
2019-04-23,BTCUSDT,5357.14,5600.0,5332.41,5493.31,41262.103917,8.594154232552366,10.627699777012074,0.04804584077583619,0.031984572355055474,0.02510073764380317,0.01903333353473849,0.011817115275015149,0.002361822235334175,0.0008671544560092598,25.296571532891804,2019-04-23,56.24248293373595,0,0,7.610357618312838,1.3862943611198906,5.365976015021851,7.610357618312838,1.3862943611198906,5.349300950555278
2019-04-24,BTCUSDT,5490.91,5582.2,5333.35,5415.0,48224.152413,8.630521876723241,10.783615261942959,0.034558617677278754,0.03262808368561129,-0.014358107778425548,0.02510073764380317,0.01509838798135382,0.001331474410914633,0.0008719784043944791,25.298816749426678,2019-04-24,57.19446199956429,0,0,7.610357618312838,1.3862943611198906,5.365976015021851,7.610357618312838,1.3862943611198906,5.349300950555278
2019-04-25,BTCUSDT,5415.0,5491.84,5102.0,5219.9,49636.089948,8.627338242906218,10.812473468045338,0.048966584465622284,0.03671270888061404,-0.03669463583002858,-0.014358107778425548,0.02289378692415599,0.0033937318725890176,0.0010648277882955438,25.256700289869528,2019-04-25,57.26683950023383,0,0,7.610357618312838,1.3862943611198906,5.365976015021851,7.610357618312838,1.3862943611198906,5.349300950555278
2019-04-26,BTCUSDT,5220.47,5510.0,5161.62,5314.1,48912.294513,8.611018633178702,10.797784065395609,0.06209290036641745,0.04305775675206489,0.017885420753669168,-0.03669463583002858,0.0241140143031205,0.0016563973353558522,0.0009329102164198016,25.23472886792636,2019-04-26,57.389595283214064,0,0,7.610357618312838,1.3862943611198906,5.365976015021851,7.610357618312838,1.3862943611198906,5.349300950555278
2019-04-27,BTCUSDT,5315.0,5342.5,5257.67,5295.69,15422.896935,8.61431990214696,9.643608498149254,0.012678439727914303,0.035462927496027245,-0.003470383198314882,0.017885420753669168,0.02394799487826161,0.000359863550970666,0.0010166895545364887,25.236987881096052,2019-04-27,57.23172089240414,0,0,7.610357618312838,1.3862943611198906,5.365976015021851,7.610357618312838,1.3862943611198906,5.349300950555278
2019-04-28,BTCUSDT,5295.69,5340.0,5259.48,5307.52,14371.433869,8.583448987193302,9.572997756210684,0.013747096615500025,0.03003396977589544,0.0022314006623675086,-0.003470383198314882,0.022383821419727137,0.00023309319809668193,0.001205647051372,25.236375569644906,2019-04-28,57.3178839720833,0,0,7.610357618312838,1.3862943611198906,5.365976015021851,7.610357618312838,1.3862943611198906,5.349300950555278
2019-04-29,BTCUSDT,5309.81,5332.0,5178.8,5238.14,19918.135079,8.582980931954241,9.899385906223785,0.020154618634569122,0.02756413199056386,-0.013158209353620746,0.0022314006623675086,0.018361030315605945,0.001329194505423627,0.0011395110364219071,25.233004842096722,2019-04-29,57.67412666787875,0,0,7.610357618312838,1.3862943611198906,5.365976015021851,7.610357618312838,1.3862943611198906,5.349300950555278
2019-04-30,BTCUSDT,5238.14,5339.98,5192.15,5320.81,22238.06823,8.5814816812986,10.009560884430085,0.027503395001207354,0.027548947743224732,0.015659073915910798,-0.013158209353620746,0.020250600990899037,0.0015644116756678662,0.0011413318697034444,25.245719111316482,2019-04-30,57.16270347467619,0,0,7.610357618312838,1.3862943611198906,5.365976015021851,7.610357618312838,1.3862943611198906,5.349300950555278
2019-05-01,BTCUSDT,5321.94,5402.0,5316.2,5383.2,17217.473216,8.582977186628876,9.7536800317911,0.01589256848003488,0.02463485292742727,0.011657445489033837,0.015659073915910798,0.012107821185519223,0.0011951843254071912,0.0006123312339299967,25.26447302709647,2019-05-01,57.019275122107565,0,0,7.610357618312838,1.6094379124341003,5.278114659230517,7.610357618312838,1.6094379124341003,5.613929516924668
2019-05-02,BTCUSDT,5383.2,5538.0,5370.0,5492.87,22795.787835,8.59452453435256,10.034331053796295,0.030477713349140845,0.026095568032855662,0.02016789470383966,0.011657445489033837,0.012613858073625516,0.0020098893085861986,0.0006932671575299836,25.274988061500455,2019-05-02,57.38458529225572,0,0,7.610357618312838,1.6094379124341003,5.278114659230517,7.610357618312838,1.6094379124341003,5.613929516924668
2019-05-03,BTCUSDT,5494.81,5844.0,5477.57,5772.69,46297.172849,8.619388703730907,10.742836176633318,0.0644553309758067,0.03568550876859342,0.04968728879070665,0.02016789470383966,0.020952775161625033,0.0046251555896180555,0.0014912821191655796,25.31027041957892,2019-05-03,57.80427110474615,0,0,7.610357618312838,1.6094379124341003,5.278114659230517,7.610357618312838,1.6094379124341003,5.613929516924668
2019-05-04,BTCUSDT,5770.62,5900.0,5587.45,5829.45,39682.408991,8.67317077287059,10.588663270014672,0.05073969817470766,0.03944905612012198,0.009784479902979898,0.04968728879070665,0.02029386356465264,0.0009240524184660695,0.0013649897073171578,25.335509274510876,2019-05-04,58.2142805055008,0,0,7.610357618312838,1.6094379124341003,5.278114659230517,7.610357618312838,1.6094379124341003,5.613929516924668
2019-05-05,BTCUSDT,5829.83,5839.9,5696.0,5775.62,23822.543775,8.68270762989381,10.07838762876919,0.01911639356202166,0.0343658904805969,-0.009277046336878819,0.009784479902979898,0.01922639138088305,0.0009204891376073977,0.0014110661315013034,25.34062215678655,2019-05-05,58.61507807641672,0,0,7.610357618312838,1.6094379124341003,5.278114659230517,7.610357618312838,1.6094379124341003,5.613929516924668
2019-05-06,BTCUSDT,5773.18,5805.0,5619.14,5747.79,25256.596325,8.672468952387996,10.136842641180182,0.02812584138413335,0.03280587820648101,-0.004830176850003307,-0.009277046336878819,0.021088150770240087,0.0004764971718492567,0.0015240538490907832,25.333464094967454,2019-05-06,58.37743322291513,0,0,7.610357618312838,1.6094379124341003,5.278114659230517,7.610357618312838,1.6094379124341003,5.613929516924668
2019-05-07,BTCUSDT,5749.92,6028.41,5747.74,5846.34,39905.064422,8.666474894131992,10.594258522692968,0.04755444316894008,0.03649301944709578,0.017000391320493122,-0.004830176850003307,0.021139707408377416,0.0016046796747576225,0.0015064296785852504,25.34925710966006,2019-05-07,58.51965022742644,0,0,7.610357618312838,1.6094379124341003,5.278114659230517,7.610357618312838,1.6094379124341003,5.613929516924668
2019-05-08,BTCUSDT,5846.34,6014.72,5772.2,5987.29,23074.186907,8.704238573359088,10.046469821783802,0.04044158434962551,0.03748016067272821,0.02382306462995708,0.017000391320493122,0.0214123641495385,0.002371287133944446,0.0015255175619924596,25.35927270641437,2019-05-08,59.268367977040114,0,0,7.610357618312838,1.6094379124341003,5.278114659230517,7.610357618312838,1.6094379124341003,5.613929516924668
2019-05-09,BTCUSDT,5986.66,6224.55,5983.71,6209.18,27453.011436,8.701965077034341,10.220231147149896,0.03944493032199005,0.03797135308504367,0.03638995308503484,0.02382306462995708,0.01732283147046091,0.0035605802413953102,0.0011496626435386164,25.39655078672128,2019-05-09,60.19005458036142,0,0,7.610357618312838,1.6094379124341003,5.278114659230517,7.610357618312838,1.6094379124341003,5.613929516924668
2019-05-10,BTCUSDT,6209.95,6468.92,6172.0,6373.33,36623.61079,8.736256429563294,10.50844841495152,0.046004890300229306,0.03997973738884008,0.02609325380435614,0.03638995308503484,0.01813804005094191,0.0024830738824611264,0.0011307151199301964,25.43156873724537,2019-05-10,60.946119128924174,0,0,7.610357618312838,1.6094379124341003,5.278114659230517,7.610357618312838,1.6094379124341003,5.613929516924668
2019-05-11,BTCUSDT,6375.16,7343.99,6372.85,7076.22,74022.424393,8.774764449295699,11.212123358619118,0.1417880524248278,0.06543181614783701,0.10461777088363806,0.02609325380435614,0.037296918613404874,0.009330772373567851,0.0031245528340081933,25.52100908264432,2019-05-11,61.29681217358963,0,0,7.610357618312838,1.6094379124341003,5.278114659230517,7.610357618312838,1.6094379124341003,5.613929516924668
2019-05-12,BTCUSDT,7076.24,7521.78,6750.0,6967.31,86948.975339,8.901637570643626,11.373076735227656,0.0900333588287863,0.07158220181807433,-0.015510656289321858,0.10461777088363806,0.03969026693069533,0.001363804768966186,0.0029816660883091235,25.561555057083527,2019-05-12,61.59793923018904,0,0,7.610357618312838,1.6094379124341003,5.278114659230517,7.610357618312838,1.6094379124341003,5.613929516924668
2019-05-13,BTCUSDT,6968.24,8100.0,6870.0,7790.71,85804.735333,8.925558091062017,11.359829474314427,0.16301317574253987,0.09443994529919071,0.11170278768303202,-0.015510656289321858,0.04999262611905411,0.009833139479391115,0.0037541281615130428,25.605909141297893,2019-05-13,62.2734475201059,0,0,7.610357618312838,1.6094379124341003,5.278114659230517,7.610357618312838,1.6094379124341003,5.613929516924668
2019-05-14,BTCUSDT,7795.62,8366.0,7599.56,7947.56,76583.722603,8.99961934066053,11.246139834492292,0.0890250085776565,0.09308621111880716,0.019932965098399983,0.11170278768303202,0.05039023590468827,0.0017724272854286326,0.003839365749547351,25.66945196640513,2019-05-14,62.13520751559727,0,0,7.610357618312838,1.6094379124341003,5.278114659230517,7.610357618312838,1.6094379124341003,5.613929516924668
2019-05-15,BTCUSDT,7945.26,8249.0,7850.0,8169.87,37884.327211,9.031931152002144,10.542292775490615,0.048391706515005385,0.08191258496785672,0.027588033554406362,0.019932965098399983,0.05089364535872941,0.0026168912343759562,0.00391513780737981,25.686819129057547,2019-05-15,60.10708081197868,0,0,7.610357618312838,1.6094379124341003,5.278114659230517,7.610357618312838,1.6094379124341003,5.613929516924668
2019-05-16,BTCUSDT,8169.08,8320.0,7705.0,7866.59,69630.513996,9.017847259860732,11.150958169727529,0.05118273070285215,0.07423012140160558,-0.03782831931935867,0.027588033554406362,0.061428255459659985,0.0033923828556773248,0.0038351339911893187,25.680705505174245,2019-05-16,58.75380536160661,0,0,7.610357618312838,1.6094379124341003,5.278114659230517,7.610357618312838,1.6094379124341003,5.613929516924668
2019-05-17,BTCUSDT,7868.67,7925.0,6913.0,7355.26,88752.008159,9.026417533815254,11.393601334225334,0.094890378373297,0.07939518564452844,-0.0672089740226804,-0.03782831931935867,0.06257034516223998,0.005898834973345154,0.003215479923393701,25.605867609456745,2019-05-17,58.89674614325087,0,0,7.610357618312838,1.6094379124341003,5.278114659230517,7.610357618312838,1.6094379124341003,5.613929516924668
2019-05-18,BTCUSDT,7355.28,7458.0,7156.61,7257.45,37054.944779,8.977777598745481,10.520157084140116,0.03090687840019816,0.06727310883344587,-0.013387176062389585,-0.0672089740226804,0.06242715622781933,0.0012725262517773335,0.00323145333210407,25.58902541781491,2019-05-18,58.6711407496669,0,0,7.610357618312838,1.6094379124341003,5.278114659230517,7.610357618312838,1.6094379124341003,5.613929516924668
2019-05-19,BTCUSDT,7257.32,8275.09,7243.08,8148.48,65577.442058,8.917042560738766,11.090987044727894,0.133089546281684,0.08372721819550541,0.11580287932324414,-0.013387176062389585,0.06381219499780193,0.010441169830623064,0.003448293608780449,25.645833726630034,2019-05-19,59.100043073367615,0,0,7.610357618312838,1.6094379124341003,5.278114659230517,7.610357618312838,1.6094379124341003,5.613929516924668
2019-05-20,BTCUSDT,8147.94,8156.03,7553.0,7938.15,65859.208564,9.02100507631905,11.095274538913117,0.06202566173853378,0.0783018290812625,-0.026151156161620965,0.11580287932324414,0.06478008940122086,0.00235696341446119,0.003372314524497939,25.676236137763606,2019-05-20,59.396057701185285,0,0,7.610357618312838,1.6094379124341003,5.278114659230517,7.610357618312838,1.6094379124341003,5.613929516924668
2019-05-21,BTCUSDT,7937.16,8042.32,7771.0,7904.87,52301.752247,9.006512809961244,10.864785153258506,0.02851429881418644,0.06585494651449349,-0.004201225391388315,-0.026151156161620965,0.06333698877698235,0.0003866827859111698,0.0037053379924751506,25.67322237694656,2019-05-21,59.12178911433459,0,0,7.610357618312838,1.6094379124341003,5.278114659230517,7.610357618312838,1.6094379124341003,5.613929516924668
2019-05-22,BTCUSDT,7904.48,8016.0,7465.0,7628.43,49136.994589,8.992472877762317,10.8023674840298,0.04729218491231635,0.061214256113949206,-0.03559696782527974,-0.004201225391388315,0.06311533696001331,0.0032952931732702327,0.003708513255630308,25.649398697806554,2019-05-22,59.004687529737225,0,0,7.610357618312838,1.6094379124341003,5.278114659230517,7.610357618312838,1.6094379124341003,5.613929516924668
2019-05-23,BTCUSDT,7627.8,7940.98,7461.0,7851.51,49648.184701,8.989194823324645,10.812717106891522,0.060304673495628965,0.060986860459369144,0.028823812570901875,-0.03559696782527974,0.05599740218274579,0.0026657326078133423,0.0036006188072713326,25.64402642883168,2019-05-23,59.445252135210886,0,0,7.610357618312838,1.6094379124341003,5.278114659230517,7.610357618312838,1.6094379124341003,5.613929516924668
2019-05-24,BTCUSDT,7849.95,8130.0,7766.0,7964.87,46664.785325,8.979791972317553,10.750745097646396,0.04333045780247733,0.05657275979514619,0.014334751838624633,0.028823812570901875,0.054723681479440324,0.0013333728693616653,0.003593496696184085,25.67329994006954,2019-05-24,59.37888094825679,0,0,7.610357618312838,1.6094379124341003,5.278114659230517,7.610357618312838,1.6094379124341003,5.613929516924668
2019-05-25,BTCUSDT,7964.52,8091.8,7908.34,8025.41,28414.328817,9.003316202541857,10.25464883272376,0.02162448422287819,0.04783569090207919,0.007572136231027321,0.014334751838624633,0.024591505438522177,0.0007384100961959581,0.0011521883546481548,25.68302495835829,2019-05-25,59.324375069734145,0,0,7.610357618312838,1.6094379124341003,5.278114659230517,7.610357618312838,1.6094379124341003,5.613929516924668
2019-05-26,BTCUSDT,8023.0,8740.0,7833.42,8614.43,49652.144567,8.998606482213535,10.812796862236368,0.10791940443708986,0.06285661928583186,0.07082594606926845,0.007572136231027321,0.035441979229862856,0.006550196676368505,0.0022800976299442092,25.72352399591359,2019-05-26,59.74530344360796,0,0,7.610357618312838,1.6094379124341003,5.278114659230517,7.610357618312838,1.6094379124341003,5.613929516924668
2019-05-27,BTCUSDT,8612.54,8908.32,8589.0,8756.32,51886.768793,9.07566546864958,10.856819100101074,0.03585236416117211,0.05610555550466692,0.016337021238058805,0.07082594606926845,0.03435080514455761,0.0015047705121941943,0.002112890996541547,25.770395927931514,2019-05-27,59.55036872498732,0,0,7.610357618312838,1.6094379124341003,5.278114659230517,7.610357618312838,1.6094379124341003,5.613929516924668
2019-05-28,BTCUSDT,8752.52,8798.49,8510.63,8715.64,31470.551534,9.094740950498105,10.356807515611901,0.029006072649008917,0.04933068479075242,-0.00465661248181304,0.016337021238058805,0.026229166880781755,0.00044961852142116573,0.0022616493785340905,25.763940650607854,2019-05-28,59.0360102988471,0,0,7.610357618312838,1.6094379124341003,5.278114659230517,7.610357618312838,1.6094379124341003,5.613929516924668
2019-05-29,BTCUSDT,8716.87,8750.0,8406.6,8645.68,33880.865922,9.082335394833802,10.430605706939968,0.03417939687944255,0.04554286281292495,-0.008059338653423379,-0.00465661248181304,0.028584353852464238,0.0007726625739539867,0.0023162450657640637,25.755437009544366,2019-05-29,58.638460996172846,0,0,7.610357618312838,1.6094379124341003,5.278114659230517,7.610357618312838,1.6094379124341003,5.613929516924668
2019-05-30,BTCUSDT,8646.5,9074.26,8005.0,8269.54,70379.998521,9.07680897935166,11.161664389861084,0.09252226192087017,0.057287712589911256,-0.044480889469952975,-0.008059338653423379,0.037870524483672625,0.003985148443484653,0.0024382288939391035,25.73966529779229,2019-05-30,58.36106657483489,0,0,7.610357618312838,1.6094379124341003,5.278114659230517,7.610357618312838,1.6094379124341003,5.613929516924668
2019-05-31,BTCUSDT,8267.1,8594.0,8108.5,8555.0,44727.49162,9.11319711310854,10.70834361660719,0.057388833175679575,0.05731299273635333,0.033937022588327315,-0.044480889469952975,0.039546223150978575,0.003169213073784408,0.002319235272323177,25.722991618499695,2019-05-31,58.3726725460258,0,0,7.610357618312838,1.6094379124341003,5.278114659230517,7.610357618312838,1.6094379124341003,5.613929516924668
2019-06-01,BTCUSDT,8555.0,8626.0,8442.36,8544.07,31868.234157,9.058819564334941,10.36936499818884,0.018346089676714326,0.04757126697144358,-0.0012784322759841723,0.033937022588327315,0.02635993412441461,0.0001232893505250774,0.0015698199374373765,25.743957451803475,2019-06-01,58.24158769906676,0,0,7.610357618312838,1.791759469228055,5.327876168789581,7.610357618312838,1.791759469228055,5.898713058609355
2019-06-02,BTCUSDT,8545.1,8814.78,8524.0,8725.98,27835.133265,9.062536177207788,10.234054288283533,0.033168920868004624,0.04397068044558384,0.02106730762970185,-0.0012784322759841723,0.027056851044503092,0.0020585495284914383,0.0015746145612114903,25.758861489624042,2019-06-02,58.4441796295286,0,0,7.610357618312838,1.791759469228055,5.327876168789581,7.610357618312838,1.791759469228055,5.898713058609355
2019-06-03,BTCUSDT,8726.0,8800.95,8080.8,8115.82,45692.965104,9.08418513706165,10.729699628577722,0.032593037383997804,0.04112626968018733,-0.07248953939326212,0.02106730762970185,0.040119943905677885,0.006755970987313742,0.002408922030597901,25.727964330165797,2019-06-03,58.29286179897602,0,0,7.610357618312838,1.791759469228055,5.327876168789581,7.610357618312838,1.791759469228055,5.898713058609355
2019-06-04,BTCUSDT,8115.66,8115.66,7481.02,7687.03,74143.948941,9.08261494918508,11.213763738585447,0.04703164791048926,0.04260261423776281,-0.05428075025237477,-0.07248953939326212,0.04353122577407807,0.004840546984738059,0.0022900830593548115,25.65785405605506,2019-06-04,58.188622083334074,0,0,7.610357618312838,1.791759469228055,5.327876168789581,7.610357618312838,1.791759469228055,5.898713058609355
2019-06-05,BTCUSDT,7687.04,7896.7,7572.78,7776.5,48679.656455,9.001550807510277,10.793016489866208,0.03904644975472795,0.0417135731170041,0.011571872450240297,-0.05428075025237477,0.043133321163256376,0.0010721629547314575,0.0024658405565392938,25.64580088232369,2019-06-05,57.9885813036439,0,0,7.610357618312838,1.791759469228055,5.327876168789581,7.610357618312838,1.791759469228055,5.898713058609355
2019-06-06,BTCUSDT,7778.08,7868.13,7444.58,7786.7,36624.118747,8.974200229666188,10.508462284514527,0.05104865492282656,0.04404734356845971,0.0013107846021940175,0.011571872450240297,0.038226856297282695,0.00012473609998349758,0.0027245394634790986,25.64443404703062,2019-06-06,57.777404159801904,0,0,7.610357618312838,1.791759469228055,5.327876168789581,7.610357618312838,1.791759469228055,5.898713058609355
2019-06-07,BTCUSDT,7787.57,8100.0,7737.49,7980.53,33942.225658,8.970575701995736,10.432415112890398,0.04472760446064513,0.04421740879150607,0.024587675191698313,0.0013107846021940175,0.041495049577757334,0.0023568536073030233,0.00247686366649303,25.669809143175396,2019-06-07,57.71305947967769,0,0,7.610357618312838,1.791759469228055,5.327876168789581,7.610357618312838,1.791759469228055,5.898713058609355
2019-06-08,BTCUSDT,7978.94,8044.65,7751.0,7893.62,22657.329634,8.99961934066053,10.028238682712761,0.028869407815343726,0.04038040854746548,-0.010949987040574167,0.024587675191698313,0.03843489816586107,0.0010919152791457156,0.002569749752493381,25.672084560276335,2019-06-08,57.9260342523185,0,0,7.610357618312838,1.791759469228055,5.327876168789581,7.610357618312838,1.791759469228055,5.898713058609355
2019-06-09,BTCUSDT,7895.28,7935.0,7506.66,7628.13,31568.465157,8.992762553197316,10.359913963233664,0.03299541757352378,0.03853416080398006,-0.03421210818775285,-0.010949987040574167,0.02945115222737791,0.0033023544702367536,0.0017315110563397597,25.649264406546802,2019-06-09,58.21980548237036,0,0,7.610357618312838,1.791759469228055,5.327876168789581,7.610357618312838,1.791759469228055,5.898713058609355
2019-06-10,BTCUSDT,7627.57,8020.0,7511.0,7982.75,36756.078468,8.97903863296051,10.512058891453625,0.06502078551599036,0.045155816981982635,0.04544023355758164,-0.03421210818775285,0.02777723663882218,0.00432267684445003,0.0015753222216386119,25.655984764920138,2019-06-10,58.12908326730685,0,0,7.610357618312838,1.791759469228055,5.327876168789581,7.610357618312838,1.791759469228055,5.898713058609355
2019-06-11,BTCUSDT,7981.0,8010.0,7692.23,7884.9,30334.999427,8.98969370086056,10.320057421487325,0.03253493397541589,0.04200059623034095,-0.012333425599224334,0.04544023355758164,0.028571425582108192,0.0011950927301571973,0.0015608705062170245,25.670067991172584,2019-06-11,57.97534791414824,0,0,7.610357618312838,1.791759469228055,5.327876168789581,7.610357618312838,1.791759469228055,5.898713058609355
2019-06-12,BTCUSDT,7884.9,8200.0,7788.99,8127.64,41597.082622,8.988446040062405,10.635785314511336,0.050357176403683826,0.044089741273676666,0.030321060490252613,-0.012333425599224334,0.030741338886711055,0.002850853001788493,0.0012484076265162336,25.686086668344107,2019-06-12,57.81912673847054,0,0,7.610357618312838,1.791759469228055,5.327876168789581,7.610357618312838,1.791759469228055,5.898713058609355
2019-06-13,BTCUSDT,8127.64,8309.82,8010.03,8218.54,30467.764341,9.011889433252344,10.324424496823145,0.03448307070838758,0.0416880736323544,0.011121979204145576,0.030321060490252613,0.029686441038054824,0.0010772493137576667,0.0013838001720290994,25.704555801691683,2019-06-13,57.824529291862156,0,0,7.610357618312838,1.791759469228055,5.327876168789581,7.610357618312838,1.791759469228055,5.898713058609355
2019-06-14,BTCUSDT,8216.44,8684.41,8144.32,8650.0,39835.246255,9.02519322696508,10.592507383670593,0.06393556818968796,0.047249947271687784,0.05116674322298913,0.011121979204145576,0.033624353010326236,0.004830465664991441,0.0015581282803993756,25.736541174538303,2019-06-14,58.61999526123493,0,0,7.610357618312838,1.791759469228055,5.327876168789581,7.610357618312838,1.791759469228055,5.898713058609355
2019-06-15,BTCUSDT,8650.88,8864.99,8567.63,8808.7,31791.636039,9.069284743149447,10.366958516531552,0.03320371165120911,0.04373838836656811,0.018180548524939135,0.05116674322298913,0.023484023699308982,0.0017537012901081576,0.001611425032854562,25.77198942684787,2019-06-15,59.07861119366809,0,0,7.610357618312838,1.791759469228055,5.327876168789581,7.610357618312838,1.791759469228055,5.898713058609355
2019-06-16,BTCUSDT,8810.77,9333.0,8760.0,8953.33,63289.251219,9.089865090476087,11.055470786746607,0.06143745727562343,0.04816315559383194,0.01628566065736619,0.018180548524939135,0.02104594872934971,0.0014730861282623603,0.0014381160990575488,25.798485292215027,2019-06-16,59.32579451196376,0,0,7.610357618312838,1.791759469228055,5.327876168789581,7.610357618312838,1.791759469228055,5.898713058609355
2019-06-17,BTCUSDT,8953.0,9444.0,8950.0,9313.96,47895.485374,9.141311785565748,10.776776527892379,0.053682824254710895,0.049543072759051676,0.03948881981460599,0.01628566065736619,0.015441826054209726,0.003664251523857927,0.0014474150413233584,25.818534994004196,2019-06-17,59.432093274794056,0,0,7.610357618312838,1.791759469228055,5.327876168789581,7.610357618312838,1.791759469228055,5.898713058609355
2019-06-18,BTCUSDT,9312.13,9336.36,8950.0,9081.55,51554.569401,9.153134898205403,10.850396125691386,0.026240818487644313,0.043717509191199835,-0.025269467050096903,0.03948881981460599,0.02639262527477699,0.0023288981118637945,0.001445603349604686,25.81766098942038,2019-06-18,59.64965679014763,0,0,7.610357618312838,1.791759469228055,5.327876168789581,7.610357618312838,1.791759469228055,5.898713058609355
2019-06-19,BTCUSDT,9081.97,9304.0,8960.0,9255.49,32147.706495,9.14167173363427,10.378096389485034,0.03672415535385604,0.04196917073186389,0.01897200608775837,-0.025269467050096903,0.026147419550680364,0.0018280815070267208,0.0013228902891471027,25.81803213013763,2019-06-19,59.36547704695431,0,0,7.610357618312838,1.791759469228055,5.327876168789581,7.610357618312838,1.791759469228055,5.898713058609355
2019-06-20,BTCUSDT,9253.76,9590.0,9175.2,9517.12,34556.053982,9.1381996941985,10.450338037637527,0.04347501100004121,0.04234563079890822,0.027875393047798448,0.01897200608775837,0.021952454927698352,0.002667415441242525,0.0008000944221861433,25.842309110222835,2019-06-20,59.91849555239092,0,0,7.610357618312838,1.791759469228055,5.327876168789581,7.610357618312838,1.791759469228055,5.898713058609355
2019-06-21,BTCUSDT,9518.06,10174.99,9518.06,10159.86,50484.415892,9.168476167877484,10.829419971439826,0.06674170200279772,0.048444648599880596,0.06535238050167885,0.027875393047798448,0.029923014981288396,0.006034707368818565,0.001668324066121455,25.89200519579441,2019-06-21,60.52847437536334,0,0,7.610357618312838,1.791759469228055,5.327876168789581,7.610357618312838,1.791759469228055,5.898713058609355
2019-06-22,BTCUSDT,10159.86,11160.0,9921.72,10729.5,104169.447976,9.22768802750933,11.55377415970363,0.11357365914568372,0.06472690123633137,0.05455229470657293,0.06535238050167885,0.03201040767613466,0.0047215995355730815,0.0015996257807618728,25.95707188461524,2019-06-22,60.96351890324564,0,0,7.610357618312838,1.791759469228055,5.327876168789581,7.610357618312838,1.791759469228055,5.898713058609355
2019-06-23,BTCUSDT,10729.0,11392.64,10555.18,10906.07,57445.323945,9.320091235935301,10.958588886491688,0.07152981338359006,0.06642762927314605,0.01632255773409784,0.05455229470657293,0.032057514621760895,0.0014894762366912176,0.0017999188188099603,25.980584412814444,2019-06-23,61.11092826066196,0,0,7.610357618312838,1.791759469228055,5.327876168789581,7.610357618312838,1.791759469228055,5.898713058609355
2019-06-24,BTCUSDT,10905.95,11143.63,10620.8,11056.59,43101.045285,9.340722811849014,10.671302528349955,0.045841092910007174,0.06128099518236133,0.013707115321817509,0.01632255773409784,0.021837258362865267,0.001284483809300922,0.0019432923829660433,25.98750627872024,2019-06-24,61.55963066059329,0,0,7.610357618312838,1.791759469228055,5.327876168789581,7.610357618312838,1.791759469228055,5.898713058609355
2019-06-25,BTCUSDT,11056.59,11850.0,11026.0,11820.86,61276.686648,9.318623313185553,11.023154733892637,0.0720244090686901,0.06396684865394353,0.06683913707811309,0.013707115321817509,0.024372906664626763,0.006063521622589979,0.002184834039204029,26.034689036115086,2019-06-25,62.322201373176476,0,0,7.610357618312838,1.791759469228055,5.327876168789581,7.610357618312838,1.791759469228055,5.898713058609355
2019-06-26,BTCUSDT,11821.28,13970.0,11741.0,13093.8,155930.147386,9.380083146563278,11.957163412784666,0.17255088820717343,0.09111285854225101,0.10227306836243236,0.06683913707811309,0.033655106345264925,0.00855328850428534,0.0028447031722337148,26.12740290242937,2019-06-26,64.11801155208141,0,0,7.610357618312838,1.791759469228055,5.327876168789581,7.610357618312838,1.791759469228055,5.898713058609355
2019-06-27,BTCUSDT,13098.38,13478.04,10525.1,11329.99,173894.820889,9.544667452251007,12.06620591777697,0.1522631471382717,0.10640043069125618,-0.1446856433038797,0.10227306836243236,0.08638399538871767,0.01199098078466541,0.004148031983911907,26.081040431113756,2019-06-27,64.79967415476787,0,0,7.610357618312838,1.791759469228055,5.327876168789581,7.610357618312838,1.791759469228055,5.898713058609355
2019-06-28,BTCUSDT,11329.99,12480.0,10982.88,12400.63,95795.203964,9.508816973301135,11.469967899699494,0.12701054786036045,0.11155295998353225,0.09029408534500767,-0.1446856433038797,0.09052779647117828,0.007872217789499944,0.004200933515872353,26.05927777624355,2019-06-28,65.11042583454261,0,0,7.610357618312838,1.791759469228055,5.327876168789581,7.610357618312838,1.791759469228055,5.898713058609355
2019-06-29,BTCUSDT,12407.06,12441.54,11475.02,11903.13,69642.074157,9.43188264192342,11.151124177427677,0.0555418108340052,0.09755017269615049,-0.04094588702949855,0.09029408534500767,0.09444908211421077,0.003671906650665949,0.0037843979473235136,26.08310745056847,2019-06-29,64.96264343498808,0,0,7.610357618312838,1.791759469228055,5.327876168789581,7.610357618312838,1.791759469228055,5.898713058609355
2019-06-30,BTCUSDT,11903.13,12180.0,10766.03,10854.1,84512.530443,9.428796152843518,11.34465509161777,0.06046026602084747,0.08827769602732473,-0.09225850195043675,-0.04094588702949855,0.1040629265213807,0.008132332028199237,0.002766210472447223,26.032560164117875,2019-06-30,64.09093308664927,0,0,7.610357618312838,1.791759469228055,5.327876168789581,7.610357618312838,1.791759469228055,5.898713058609355
2019-07-01,BTCUSDT,10854.1,11282.28,10030.0,10624.93,90962.268271,9.407550541263888,11.418200065129767,0.09540464303789345,0.0900594327799669,-0.021339762238580806,-0.09225850195043675,0.09827936393809518,0.0018689252348757371,0.003654266769188044,25.962142686005887,2019-07-01,63.340055978469785,0,0,7.610357618312838,1.9459101490553132,5.438079308923196,7.610357618312838,1.9459101490553132,5.676954346541496
2019-07-02,BTCUSDT,10624.9,10938.75,9727.0,10842.85,109561.038728,9.330988632286582,11.60423710423751,0.1140468201013168,0.09605627961030438,0.02030275003104169,-0.021339762238580806,0.08271921458181028,0.0017495980001673486,0.004108786419525288,25.939185473731243,2019-07-02,62.819120239662865,0,0,7.610357618312838,1.9459101490553132,5.438079308923196,7.610357618312838,1.9459101490553132,5.676954346541496
2019-07-03,BTCUSDT,10844.98,11991.89,10841.04,11940.0,96815.90029,9.30006680985004,11.48056651896982,0.10088384625042432,0.09726317127033438,0.09638823137993037,0.02030275003104169,0.0748881236927476,0.008395773084948733,0.0032015167426591683,26.03763487081607,2019-07-03,64.74767424639856,0,0,7.610357618312838,1.9459101490553132,5.438079308923196,7.610357618312838,1.9459101490553132,5.676954346541496
2019-07-04,BTCUSDT,11940.0,12000.0,11055.0,11145.67,66512.221892,9.391985866958509,11.105140997606652,0.032252081213755744,0.08101039875618972,-0.06884302628932176,0.09638823137993037,0.06810064757150718,0.006199203261278593,0.0029971115791737482,26.0493869486796,2019-07-04,65.23097250123104,0,0,7.610357618312838,1.9459101490553132,5.438079308923196,7.610357618312838,1.9459101490553132,5.676954346541496
2019-07-05,BTCUSDT,11145.67,11406.83,10796.44,10970.73,63534.350582,9.392661928770137,11.059335992665131,0.042232478795389564,0.07131591876598968,-0.015820264478960993,-0.06884302628932176,0.06715741617124489,0.0014304895419990356,0.003318640983677833,26.007918779968836,2019-07-05,64.68770592087671,0,0,7.610357618312838,1.9459101490553132,5.438079308923196,7.610357618312838,1.9459101490553132,5.676954346541496
2019-07-06,BTCUSDT,10982.41,11665.0,10964.51,11256.49,51469.496331,9.341967577787187,10.848744606917942,0.06145793611233503,0.06885142310257601,0.025714034006718397,-0.015820264478960993,0.0558359783000802,0.002370231297575323,0.002910890404733894,26.02211284567145,2019-07-06,64.72220906417722,0,0,7.610357618312838,1.9459101490553132,5.438079308923196,7.610357618312838,1.9459101490553132,5.676954346541496
2019-07-07,BTCUSDT,11256.45,11538.0,11094.37,11406.24,38884.795599,9.36434818445553,10.568358594563858,0.03702299072939839,0.06089431500928161,0.013215722867160122,0.025714034006718397,0.05420192400094241,0.001250499095853732,0.0029970517455752458,26.032252998039603,2019-07-07,64.66534958632135,0,0,7.610357618312838,1.9459101490553132,5.438079308923196,7.610357618312838,1.9459101490553132,5.676954346541496
2019-07-08,BTCUSDT,11410.0,12338.03,11220.0,12238.6,52182.367215,9.353401214816834,10.862499923989795,0.09427053536957196,0.0692383700993542,0.0704343173873746,0.013215722867160122,0.05938591730910333,0.006484171956753771,0.0030460564694933007,26.077699738388542,2019-07-08,65.2153898039061,0,0,7.610357618312838,1.9459101490553132,5.438079308923196,7.610357618312838,1.9459101490553132,5.676954346541496
2019-07-09,BTCUSDT,12238.6,12794.73,12068.0,12543.41,78442.130343,9.420441641279028,11.270116438827259,0.05604437083401703,0.06593987028301991,0.024600536605696152,0.0704343173873746,0.04687555017104737,0.0021828112193183363,0.002381181939486556,26.1252782550839,2019-07-09,66.30688620351148,0,0,7.610357618312838,1.9459101490553132,5.438079308923196,7.610357618312838,1.9459101490553132,5.676954346541496
2019-07-10,BTCUSDT,12548.51,13147.08,11569.0,12108.37,109246.044997,9.456788646378273,11.601357910902092,0.09829500489950177,0.07402865393714038,-0.03529847906198966,0.024600536605696152,0.036754328850776403,0.003042616160373673,0.001922179223090453,26.116467449351788,2019-07-10,67.18313010803865,0,0,7.610357618312838,1.9459101490553132,5.438079308923196,7.610357618312838,1.9459101490553132,5.676954346541496
2019-07-11,BTCUSDT,12108.11,12111.73,11000.0,11342.89,87506.461058,9.483954959716502,11.379467910282475,0.054543320724760994,0.06915732063404553,-0.06530583308211108,-0.03529847906198966,0.048430147387219936,0.005738917987817409,0.0021070384294241923,26.055500673424937,2019-07-11,67.52984184424199,0,0,7.610357618312838,1.9459101490553132,5.438079308923196,7.610357618312838,1.9459101490553132,5.676954346541496
2019-07-12,BTCUSDT,11342.88,11885.0,11073.0,11757.22,56321.858281,9.401929683486886,10.938837985333764,0.06890372176452607,0.06909392091666566,0.03587640404803792,-0.06530583308211108,0.049443061882018725,0.0032797271607952483,0.0020401637300113745,26.048782307811717,2019-07-12,67.58141804635044,0,0,7.610357618312838,1.9459101490553132,5.438079308923196,7.610357618312838,1.9459101490553132,5.676954346541496
2019-07-13,BTCUSDT,11757.22,11799.98,10830.0,11355.76,54245.594548,9.383032379794294,10.9012770616168,0.0648506308345442,0.0680330983961353,-0.03474241578184946,0.03587640404803792,0.05209200869361637,0.003187004200102103,0.001708347913204035,26.041986951357188,2019-07-13,67.54056578187024,0,0,7.610357618312838,1.9459101490553132,5.438079308923196,7.610357618312838,1.9459101490553132,5.676954346541496
2019-07-14,BTCUSDT,11355.78,11452.0,10103.0,10174.18,72517.579236,9.375853115537065,11.191584283671817,0.04333792323600846,0.061859304606103595,-0.10987196578466428,-0.03474241578184946,0.054760878359162636,0.00981737375153973,0.002846241336496546,25.981952003757293,2019-07-14,67.7835663904129,0,0,7.610357618312838,1.9459101490553132,5.438079308923196,7.610357618312838,1.9459101490553132,5.676954346541496
2019-07-15,BTCUSDT,10174.18,11100.0,9860.0,10838.72,81922.426332,9.345919666218006,11.313528058145268,0.11526210516738986,0.07521000474642515,0.06327176945801062,-0.10987196578466428,0.06406879502120194,0.005592576350438941,0.002611883317765867,25.95453489360375,2019-07-15,68.76012416210125,0,0,7.610357618312838,1.9459101490553132,5.438079308923196,7.610357618312838,1.9459101490553132,5.676954346541496
2019-07-16,BTCUSDT,10833.78,11028.0,9350.01,9439.59,97219.443413,9.314700387300425,11.484726005557343,0.06585825081897546,0.07287206626456273,-0.13821236084774272,0.06327176945801062,0.07950423965729145,0.01203444999740204,0.003586458973372805,25.922419880504734,2019-07-16,68.99108094371034,0,0,7.610357618312838,1.9459101490553132,5.438079308923196,7.610357618312838,1.9459101490553132,5.676954346541496
2019-07-17,BTCUSDT,9430.17,9957.0,9060.0,9667.92,84942.672717,9.308192772143688,11.349731869312883,0.0879363064431527,0.07663812630921023,0.02390064107545857,-0.13821236084774272,0.08244802459167565,0.0021058331025493667,0.004040550475106205,25.860166020407892,2019-07-17,68.16333024250717,0,0,7.610357618312838,1.9459101490553132,5.438079308923196,7.610357618312838,1.9459101490553132,5.676954346541496
2019-07-18,BTCUSDT,9668.86,10788.0,9252.0,10627.16,80283.310252,9.206031100388085,11.293317035891773,0.15142429125179574,0.0953346675448566,0.09459980018040591,0.02390064107545857,0.09402469632636565,0.008376617771355772,0.003886389856867547,25.917089046271002,2019-07-18,67.84054811497691,0,0,7.610357618312838,1.9459101490553132,5.438079308923196,7.610357618312838,1.9459101490553132,5.676954346541496
2019-07-19,BTCUSDT,10628.64,10769.71,10121.84,10504.29,56546.932133,9.28618968425962,10.942826229550992,0.05128409877387016,0.08432202535210999,-0.011629243117208204,0.09459980018040591,0.09361725117974162,0.0010627275690263224,0.004355521402331677,25.95638764760481,2019-07-19,68.20944094221846,0,0,7.610357618312838,1.9459101490553132,5.438079308923196,7.610357618312838,1.9459101490553132,5.676954346541496
2019-07-20,BTCUSDT,10505.78,11068.99,10350.0,10740.23,47331.899848,9.284492843139809,10.764939762555283,0.06371946535670583,0.07917138535325895,0.022212758971963197,-0.011629243117208204,0.08095232953717019,0.0020634355102689896,0.00432396670832802,25.973915721321525,2019-07-20,67.83567971728284,0,0,7.610357618312838,1.9459101490553132,5.438079308923196,7.610357618312838,1.9459101490553132,5.676954346541496
2019-07-21,BTCUSDT,10740.27,10817.9,10288.0,10589.45,38834.287935,9.311902783961239,10.567058845034817,0.04005233814666951,0.06939162355161159,-0.014138281645307917,0.022212758971963197,0.07663071627681793,0.0013379580688103318,0.0045886441279761854,25.96785765578463,2019-07-21,67.67456243174752,0,0,7.610357618312838,1.9459101490553132,5.438079308923196,7.610357618312838,1.9459101490553132,5.676954346541496
2019-07-22,BTCUSDT,10590.15,10683.16,10100.0,10340.31,40467.954839,9.28895744853581,10.608265701356986,0.040064588933797295,0.062059864897158014,-0.023808373187613342,-0.014138281645307917,0.043660975234022466,0.002244322857087547,0.0027408777216151882,25.948070929170807,2019-07-22,67.63817597660073,0,0,7.610357618312838,1.9459101490553132,5.438079308923196,7.610357618312838,1.9459101490553132,5.676954346541496
2019-07-23,BTCUSDT,10343.08,10343.97,9822.0,9864.91,47624.37071,9.2764239489001,10.771099898903383,0.015159076877316055,0.050334667892197524,-0.0470658330182464,-0.023808373187613342,0.04998375745236559,0.00436964037656342,0.0027710954224607716,25.914540334256102,2019-07-23,67.52395664437232,0,0,7.610357618312838,1.9459101490553132,5.438079308923196,7.610357618312838,1.9459101490553132,5.676954346541496
2019-07-24,BTCUSDT,9864.78,9937.0,9525.0,9763.28,43475.380377,9.24415902021547,10.679950088511408,0.0342773277359443,0.04632033285313422,-0.010355606728880685,-0.0470658330182464,0.02244876846734448,0.0009696306296431455,0.0012694072593825375,25.883034896617943,2019-07-24,67.08769165207562,0,0,7.610357618312838,1.9459101490553132,5.438079308923196,7.610357618312838,1.9459101490553132,5.676954346541496
2019-07-25,BTCUSDT,9763.4,10175.0,9720.03,9879.87,37873.354728,9.204020443231363,10.542003102343394,0.04428956679442535,0.045812641338457,0.011870944237088597,-0.010355606728880685,0.02488985366538661,0.0011260615389545646,0.0012602052940458867,25.89727624554815,2019-07-25,66.91015416176553,0,0,7.610357618312838,1.9459101490553132,5.438079308923196,7.610357618312838,1.9459101490553132,5.676954346541496
2019-07-26,BTCUSDT,9882.15,9889.98,9637.0,9824.0,27167.463217,9.227689010310796,10.209775331002161,0.02243427918910171,0.03996805080111818,-0.0056709823736872155,0.011870944237088597,0.01968289060553821,0.0005554463433164076,0.00139284694907862,25.89021871683072,2019-07-26,66.70105440194789,0,0,7.610357618312838,1.9459101490553132,5.438079308923196,7.610357618312838,1.9459101490553132,5.676954346541496
2019-07-27,BTCUSDT,9824.0,10188.66,9333.0,9476.52,43809.778301,9.199277402370022,10.687612320329492,0.06308349531581041,0.04574691192979123,-0.03601121113896745,-0.0056709823736872155,0.021466890624049707,0.0033694346370019947,0.0015096555281072658,25.87873486757102,2019-07-27,66.7519124678328,0,0,7.610357618312838,1.9459101490553132,5.438079308923196,7.610357618312838,1.9459101490553132,5.676954346541496
2019-07-28,BTCUSDT,9478.92,9594.99,9165.0,9541.54,29401.022937,9.229030616097662,10.288784746496994,0.043749459286511076,0.04524754876897119,0.006837737743189617,-0.03601121113896745,0.023502544003526263,0.000664581669425794,0.0016147539488355607,25.849452939668968,2019-07-28,66.816610558814,0,0,7.610357618312838,1.9459101490553132,5.438079308923196,7.610357618312838,1.9459101490553132,5.676954346541496
2019-07-29,BTCUSDT,9541.54,9729.0,9395.0,9507.64,29021.937411,9.168996366231774,10.27580728544338,0.02939612780525563,0.0412846935280423,-0.0035592120802121494,0.006837737743189617,0.016791405175035114,0.0003463681228485181,0.0011127499647780935,25.85976012386199,2019-07-29,66.62893388910537,0,0,7.610357618312838,1.9459101490553132,5.438079308923196,7.610357618312838,1.9459101490553132,5.676954346541496
2019-07-30,BTCUSDT,9509.07,9714.28,9402.0,9574.21,32536.368834,9.182866394975427,10.390113783704267,0.030052641311310527,0.03847668047385936,0.006977339206647077,-0.0035592120802121494,0.017402626735420677,0.0006715363615738505,0.0011301075592132666,25.863712065367036,2019-07-30,66.60169441417418,0,0,7.610357618312838,1.9459101490553132,5.438079308923196,7.610357618312838,1.9459101490553132,5.676954346541496
2019-07-31,BTCUSDT,9575.0,10109.8,9555.0,10080.53,39515.35456,9.181352246867464,10.584444598393961,0.056386939961523434,0.04295424534577538,0.05153281549061189,0.006977339206647077,0.028373670480770136,0.004868731184858888,0.0019019629433235478,25.89230733480113,2019-07-31,66.79796357687358,0,0,7.610357618312838,1.9459101490553132,5.438079308923196,7.610357618312838,1.9459101490553132,5.676954346541496
2019-08-01,BTCUSDT,10080.53,10467.86,9863.46,10374.99,41727.637028,9.221260529425173,10.638918946724718,0.05781864762240961,0.046670345914933936,0.028792261634820068,0.05153281549061189,0.029641961427441188,0.0027063145963419537,0.0018341751155573401,25.93005104123985,2019-08-01,67.51621792116146,0,0,7.610357618312838,2.0794415416798357,5.6240175061873385,7.610357618312838,2.0794415416798357,5.892701026404893
2019-08-02,BTCUSDT,10375.0,10670.0,10281.35,10523.75,42990.444221,9.25606488946813,10.668733142560923,0.03537794009527916,0.043847244460020245,0.01423650540886091,0.028792261634820068,0.019820661874903615,0.0013344138632605802,0.001739179338709863,25.955689698765756,2019-08-02,68.1149058696509,0,0,7.610357618312838,2.0794415416798357,5.6240175061873385,7.610357618312838,2.0794415416798357,5.892701026404893
2019-08-03,BTCUSDT,10523.75,10904.77,10497.93,10816.86,33802.318824,9.275191344295799,10.428284683378301,0.03775983319108055,0.04232539164278532,0.02747142030429288,0.01423650540886091,0.01939245217612002,0.002634318216118488,0.0016745504633987193,25.975410948109577,2019-08-03,68.44834634612316,0,0,7.610357618312838,2.0794415416798357,5.6240175061873385,7.610357618312838,2.0794415416798357,5.892701026404893
2019-08-04,BTCUSDT,10816.86,11040.0,10552.0,10929.23,39924.745141,9.296955587170757,10.594751589618882,0.042354657338505526,0.04233270806671537,0.010334823425408195,0.02747142030429288,0.016500273148413708,0.000975466327642323,0.0015589754278260196,25.99132002736006,2019-08-04,68.77292060831465,0,0,7.610357618312838,2.0794415416798357,5.6240175061873385,7.610357618312838,2.0794415416798357,5.892701026404893
2019-08-05,BTCUSDT,10929.99,11937.52,10927.8,11828.8,65153.673713,9.309280319831087,11.08450396949737,0.08836600706895627,0.0538410328172756,0.07909638442126078,0.010334823425408195,0.025892767172280562,0.007135762199095268,0.002333798002020692,26.042184241436004,2019-08-05,69.46187688198768,0,0,7.610357618312838,2.0794415416798357,5.6240175061873385,7.610357618312838,2.0794415416798357,5.892701026404893
2019-08-06,BTCUSDT,11830.0,12330.7,11226.7,11481.69,76705.389875,9.387441660180253,11.24772725705065,0.07116030898165,0.0581708518583692,-0.02978364322042723,0.07909638442126078,0.03525163958290322,0.0026479699000308992,0.00220308854917514,26.065420735610882,2019-08-06,70.1359004720002,0,0,7.610357618312838,2.0794415416798357,5.6240175061873385,7.610357618312838,2.0794415416798357,5.892701026404893
2019-08-07,BTCUSDT,11481.69,12141.17,11382.84,11975.03,69173.390353,9.419847366647483,11.144371535183094,0.06356487155473306,0.05951935678246016,0.04207005591277644,-0.02978364322042723,0.036190820415971284,0.0037750047887366365,0.0022268168402143984,26.069235273751193,2019-08-07,70.43871778906578,0,0,7.610357618312838,2.0794415416798357,5.6240175061873385,7.610357618312838,2.0794415416798357,5.892701026404893
2019-08-08,BTCUSDT,11975.04,12060.0,11521.0,11999.77,51207.257174,9.40435743558745,10.843636542662884,0.0435550685403861,0.05552828472194164,0.002063834424603167,0.04207005591277644,0.03716912808623383,0.00019032677981074687,0.002444884346568245,26.07693031236523,2019-08-08,70.78133529422566,0,0,7.610357618312838,2.0794415416798357,5.6240175061873385,7.610357618312838,2.0794415416798357,5.892701026404893
2019-08-09,BTCUSDT,11994.17,12045.68,11700.0,11879.99,39427.152588,9.397649470281177,10.582210009909538,0.022447217382745445,0.047258017887142595,-0.010032010754347969,0.002063834424603167,0.039140965451691025,0.0009480071502033749,0.0025740984522168047,26.076814719636154,2019-08-09,71.64789484364886,0,0,7.610357618312838,2.0794415416798357,5.6240175061873385,7.610357618312838,2.0794415416798357,5.892701026404893
2019-08-10,BTCUSDT,11879.98,11985.0,11270.0,11309.31,42633.087048,9.396461368416015,10.660385922056493,0.026924197753707795,0.042174562853783897,-0.049229191873894615,-0.010032010754347969,0.0474274880136113,0.004617955882069776,0.002540220077365006,26.055576362047134,2019-08-10,71.60870670748093,0,0,7.610357618312838,2.0794415416798357,5.6240175061873385,7.610357618312838,2.0794415416798357,5.892701026404893
2019-08-11,BTCUSDT,11309.24,11600.0,11112.11,11549.97,26772.90691,9.391411146868485,10.195145718964273,0.04207589378826851,0.04214989558740505,0.021056559252423654,-0.049229191873894615,0.033268330216353774,0.0020653514753845807,0.0016715477925332341,26.037227575316614,2019-08-11,70.83581292967753,0,0,7.610357618312838,2.0794415416798357,5.6240175061873385,7.610357618312838,2.0794415416798357,5.892701026404893
2019-08-12,BTCUSDT,11539.08,11577.89,11235.32,11396.08,17568.227075,9.358760377094455,9.773847269715251,0.02190552146863771,0.03708880205771321,-0.013413402943790082,0.021056559252423654,0.03134411020800349,0.0013723769743519702,0.0017104164202108797,26.042285035073977,2019-08-12,70.84205567610434,0,0,7.610357618312838,2.0794415416798357,5.6240175061873385,7.610357618312838,2.0794415416798357,5.892701026404893
2019-08-13,BTCUSDT,11398.35,11456.16,10788.45,10892.71,33234.72968,9.356852523816482,10.411350682848502,0.02885648036512188,0.03503072163456538,-0.0451756784737919,-0.013413402943790082,0.027191648061985076,0.004339079515226935,0.0018282801815315494,26.014436117763704,2019-08-13,70.52359893830827,0,0,7.610357618312838,2.0794415416798357,5.6240175061873385,7.610357618312838,2.0794415416798357,5.892701026404893
2019-08-14,BTCUSDT,10893.36,10897.48,9928.1,10050.37,54451.847499,9.346282855583343,10.905072057978328,0.03421898597804977,0.03482778772043647,-0.08048430839645633,-0.0451756784737919,0.03585554802285057,0.00738044718719421,0.0024534321170429085,25.949308047340192,2019-08-14,70.31780330453275,0,0,7.610357618312838,2.0794415416798357,5.6240175061873385,7.610357618312838,2.0794415416798357,5.892701026404893
2019-08-15,BTCUSDT,10055.16,10460.0,9911.0,10293.93,38174.45112,9.296286848827542,10.549921751987398,0.05172547121343337,0.039052208593685696,0.023944951381933473,-0.08048430839645633,0.041752137888806475,0.0022696804720302986,0.002232866590391915,25.915662056064786,2019-08-15,70.70028490213319,0,0,7.610357618312838,2.0794415416798357,5.6240175061873385,7.610357618312838,2.0794415416798357,5.892701026404893
2019-08-16,BTCUSDT,10296.77,10536.03,9750.0,10331.54,51758.142918,9.255313737618915,10.854337049821698,0.07029966631914203,0.04686407302504978,0.0036469512389489824,0.023944951381933473,0.0409041487077973,0.00033599023341631816,0.002534763238541425,25.932480413851927,2019-08-16,70.9441973814512,0,0,7.610357618312838,2.0794415416798357,5.6240175061873385,7.610357618312838,2.0794415416798357,5.892701026404893
2019-08-17,BTCUSDT,10331.15,10465.14,10000.0,10216.02,29000.581201,9.262556090799473,10.275071150181578,0.035806852373741135,0.04409976786222262,-0.01124427592696326,0.0036469512389489824,0.037151880359045104,0.0010943258457888688,0.0026324614340860566,25.93417018037275,2019-08-17,70.99146590719303,0,0,7.610357618312838,2.0794415416798357,5.6240175061873385,7.610357618312838,2.0794415416798357,5.892701026404893
2019-08-18,BTCUSDT,10216.05,10500.0,10080.0,10306.78,24085.395172,9.255805012717039,10.089360926320213,0.03764873558143819,0.04248700979202651,0.008844854667958873,-0.01124427592696326,0.03905791944881954,0.0008766516266540942,0.002693255716816485,25.937711629414142,2019-08-18,70.5375146657887,0,0,7.610357618312838,2.0794415416798357,5.6240175061873385,7.610357618312838,2.0794415416798357,5.892701026404893
2019-08-19,BTCUSDT,10306.17,10930.0,10258.6,10915.54,37243.319217,9.259130536145614,10.525227857843397,0.06334660068456799,0.04770190751516188,0.05738553087049292,0.008844854667958873,0.04595958789478765,0.005452188935532567,0.0028605561548447995,25.969292702397336,2019-08-19,70.61118278189508,0,0,7.610357618312838,2.0794415416798357,5.6240175061873385,7.610357618312838,2.0794415416798357,5.892701026404893
2019-08-20,BTCUSDT,10914.73,10949.96,10560.0,10760.51,32298.921679,9.299266581170585,10.382789124102388,0.027172208827397827,0.04256948284322087,-0.014304510600248031,0.05738553087049292,0.02650345569112494,0.001377713678788086,0.001853103613954801,25.986400406604076,2019-08-20,71.05454929642191,0,0,7.610357618312838,2.0794415416798357,5.6240175061873385,7.610357618312838,2.0794415416798357,5.892701026404893
2019-08-21,BTCUSDT,10760.51,10804.13,9858.0,10142.57,47355.719282,9.301091082269938,10.765442878690662,0.05351329077111254,0.04530543482519379,-0.059141533653800774,-0.014304510600248031,0.0378862346560425,0.005493646134230737,0.0023752148660156815,25.948067343701627,2019-08-21,70.97445377713541,0,0,7.610357618312838,2.0794415416798357,5.6240175061873385,7.610357618312838,2.0794415416798357,5.892701026404893
2019-08-22,BTCUSDT,10140.82,10242.0,9762.0,10099.88,34059.642738,9.28768374742064,10.43586846496613,0.04209483353177235,0.04450278450183843,-0.004217875137602572,-0.059141533653800774,0.03776819032699991,0.00040417097549305507,0.002363277883815122,25.917322099288008,2019-08-22,70.50186915372069,0,0,7.610357618312838,2.0794415416798357,5.6240175061873385,7.610357618312838,2.0794415416798357,5.892701026404893
2019-08-23,BTCUSDT,10099.9,10445.0,10019.79,10389.55,27550.336173,9.234252192022495,10.223770016793365,0.04104814027240588,0.04363912344448029,0.02827695070883776,-0.004217875137602572,0.03960748312459708,0.0027658046554637473,0.0022681436278575652,25.93745473135089,2019-08-23,70.47990646028823,0,0,7.610357618312838,2.0794415416798357,5.6240175061873385,7.610357618312838,2.0794415416798357,5.892701026404893
2019-08-24,BTCUSDT,10388.16,10419.42,9890.0,10134.35,27692.456844,9.253878673990666,10.228915338989585,0.03682503371929742,0.04193560101318457,-0.024869849638528244,0.02827695070883776,0.04094846750765122,0.0024313281334660936,0.0020966133077496506,25.932340487817235,2019-08-24,70.4402377992009,0,0,7.610357618312838,2.0794415416798357,5.6240175061873385,7.610357618312838,2.0794415416798357,5.892701026404893
2019-08-25,BTCUSDT,10134.61,10333.0,9906.97,10142.69,26271.657398,9.25142665157006,10.176245971591609,0.036748419735285906,0.0406388056937099,0.0008226053181620605,-0.024869849638528244,0.02912091550468773,8.083583282661175e-05,0.0019770738689117583,25.924559998124426,2019-08-25,70.48017867435868,0,0,7.610357618312838,2.0794415416798357,5.6240175061873385,7.610357618312838,2.0794415416798357,5.892701026404893
2019-08-26,BTCUSDT,10142.69,10604.0,10137.93,10372.25,41687.511599,9.243097936214355,10.637956880894823,0.04483191674093064,0.041687083455515084,0.022380721764139175,0.0008226053181620605,0.03228033134658943,0.0021038552811145253,0.0019465763697078657,25.943135282761517,2019-08-26,70.81830728594534,0,0,7.610357618312838,2.0794415416798357,5.6240175061873385,7.610357618312838,2.0794415416798357,5.892701026404893
2019-08-27,BTCUSDT,10373.6,10391.08,10051.08,10185.05,28402.775383,9.268986567408916,10.254242144128066,0.021776369577175856,0.036709404985930276,-0.01821301189423777,0.022380721764139175,0.021289723315404428,0.0017761441204767307,0.0011020645869567354,25.934139552232246,2019-08-27,70.83769128538538,0,0,7.610357618312838,2.0794415416798357,5.6240175061873385,7.610357618312838,2.0794415416798357,5.892701026404893
2019-08-28,BTCUSDT,10185.69,10299.0,9601.01,9721.0,42110.555375,9.248703024793272,10.648053709741529,0.03886658213824819,0.037248699274009756,-0.046632465007954045,-0.01821301189423777,0.028921674172807683,0.004379435554996464,0.0013988829689258796,25.903354425231722,2019-08-28,71.00224678151001,0,0,7.610357618312838,2.0794415416798357,5.6240175061873385,7.610357618312838,2.0794415416798357,5.892701026404893
2019-08-29,BTCUSDT,9721.0,9724.0,9320.0,9498.44,35532.69491,9.239802082125802,10.478208534998812,0.0284957616380664,0.03506046486502391,-0.023160919242777127,-0.046632465007954045,0.02375965568347284,0.0022103892249725828,0.0013766185261554957,25.865032148990593,2019-08-29,70.87532003926137,0,0,7.610357618312838,2.0794415416798357,5.6240175061873385,7.610357618312838,2.0794415416798357,5.892701026404893
2019-08-30,BTCUSDT,9499.01,9696.0,9350.41,9584.54,26834.318104,9.182352335436015,10.197436873593084,0.033688213790908965,0.034717402096495174,0.009023809096191356,-0.023160919242777127,0.024928605997440005,0.0008849095324687999,0.0014587937109712787,25.86292424096663,2019-08-30,70.99212576334291,0,0,7.610357618312838,2.0794415416798357,5.6240175061873385,7.610357618312838,2.0794415416798357,5.892701026404893
2019-08-31,BTCUSDT,9582.76,9684.51,9420.75,9587.47,17130.290074,9.179468708309095,9.748603524858389,0.024305623339526114,0.03211445740725291,0.00030565392181722907,0.009023809096191356,0.02488749673144535,3.135361090825253e-05,0.0014712617116752166,25.868361329076446,2019-08-31,71.05436632048516,0,0,7.610357618312838,2.0794415416798357,5.6240175061873385,7.610357618312838,2.0794415416798357,5.892701026404893
2019-09-01,BTCUSDT,9588.74,9830.0,9520.0,9724.98,19545.404843,9.178282980859592,9.880495491391917,0.03081468806382277,0.03178951507139537,0.014240795332961893,0.00030565392181722907,0.022956693749260692,0.0014413037630925246,0.0014775429159918972,25.879672291868467,2019-09-01,71.19053493834261,0,0,7.610357618312838,2.1972245773362196,5.501258210544727,7.610357618312838,2.1972245773362196,5.724920250114545
2019-09-02,BTCUSDT,9723.59,10450.0,9712.5,10340.0,44740.248093,9.193194213141211,10.708628780245554,0.07310571625207372,0.04211856536656496,0.06132203613315776,0.014240795332961893,0.036654423234689,0.00572641347380347,0.0021831963905926755,25.92120245142666,2019-09-02,71.65186869516094,0,0,7.610357618312838,2.1972245773362196,5.501258210544727,7.610357618312838,2.1972245773362196,5.724920250114545
2019-09-03,BTCUSDT,10340.0,10773.0,10272.0,10615.28,47998.376781,9.254357257392957,10.778922472255719,0.04658831939265806,0.043236003873088236,0.026274603494359547,0.06132203613315776,0.028215796434765412,0.002437590915231903,0.001973005285687962,25.962170740203437,2019-09-03,72.14016975016479,0,0,7.610357618312838,2.1972245773362196,5.501258210544727,7.610357618312838,2.1972245773362196,5.724920250114545
2019-09-04,BTCUSDT,10611.85,10799.0,10369.89,10567.02,43943.889026,9.284798282894192,10.690668849668821,0.033811223415229755,0.04087980875862361,-0.0045566424327666815,0.026274603494359547,0.02392296638496704,0.00042622613204484753,0.002088110270391946,25.970306885444376,2019-09-04,72.50144985295715,0,0,7.610357618312838,2.1972245773362196,5.501258210544727,7.610357618312838,2.1972245773362196,5.724920250114545
2019-09-05,BTCUSDT,10565.92,10900.0,10450.0,10564.49,33970.960639,9.28720881623276,10.433261339795115,0.03785013644749412,0.04012239068084124,-0.00023945283721694762,-0.0045566424327666815,0.024879930522542764,2.2950909540012532e-05,0.0021927230433331376,25.967547554747142,2019-09-05,72.71245111507062,0,0,7.610357618312838,2.1972245773362196,5.501258210544727,7.610357618312838,2.1972245773362196,5.724920250114545
2019-09-06,BTCUSDT,10563.13,10905.87,10150.0,10298.73,58799.640959,9.296518068217235,10.98189102772862,0.053608983909207,0.04349403898793268,-0.025477790642132393,-0.00023945283721694762,0.029899593223131137,0.002319982103064262,0.0020422678351483684,25.96283219623122,2019-09-06,72.76233404076991,0,0,7.610357618312838,2.1972245773362196,5.501258210544727,7.610357618312838,2.1972245773362196,5.724920250114545
2019-09-07,BTCUSDT,10298.71,10558.0,10288.57,10455.88,27637.877392,9.29705645537095,10.226942480142576,0.025664440549642505,0.03903663937836013,0.015143912929420363,-0.025477790642132393,0.029915838117201617,0.0014807859689076142,0.002039928587228804,25.95428386092486,2019-09-07,72.40484249162972,0,0,7.610357618312838,2.1972245773362196,5.501258210544727,7.610357618312838,2.1972245773362196,5.724920250114545
2019-09-08,BTCUSDT,10455.9,10592.5,10208.0,10381.18,23984.672018,9.264639145383562,10.085170239379462,0.029725063217546532,0.03670874533815673,-0.007169948161160914,0.015143912929420363,0.018101967691540495,0.0007109397254559462,0.0010081286643777456,25.954017196676762,2019-09-08,71.88014224942445,0,0,7.610357618312838,2.1972245773362196,5.501258210544727,7.610357618312838,2.1972245773362196,5.724920250114545
2019-09-09,BTCUSDT,10381.24,10480.0,10068.5,10303.12,39835.727608,9.267901482500715,10.592519467193029,0.032922363257086966,0.03576214981788929,-0.007547789442602249,-0.007169948161160914,0.013108566310884844,0.000712558467886619,0.0008253186707480758,25.944669131501175,2019-09-09,71.62273880927121,0,0,7.610357618312838,2.1972245773362196,5.501258210544727,7.610357618312838,2.1972245773362196,5.724920250114545
2019-09-10,BTCUSDT,10302.58,10384.99,9953.0,10098.15,28915.412225,9.257223957875032,10.27213002693199,0.028953361395094898,0.03405995271219069,-0.02009452323516673,-0.007547789442602249,0.01447322871842342,0.001956217764230193,0.0008680193284377824,25.93059548283067,2019-09-10,71.48508936372926,0,0,7.610357618312838,2.1972245773362196,5.501258210544727,7.610357618312838,2.1972245773362196,5.724920250114545
2019-09-11,BTCUSDT,10098.19,10293.0,9880.0,10158.33,31953.824562,9.24811677338245,10.372047157242596,0.03727395138296278,0.03486345237988371,0.005941819808336756,-0.02009452323516673,0.015295523412101808,0.0005728685685918522,0.0007381200210136012,25.92257381933562,2019-09-11,71.56814945041017,0,0,7.610357618312838,2.1972245773362196,5.501258210544727,7.610357618312838,2.1972245773362196,5.724920250114545
2019-09-12,BTCUSDT,10158.75,10448.81,10040.0,10415.01,34511.162755,9.23921933152656,10.449038108801755,0.03943081169473215,0.03600529220859582,0.02495397630474524,0.005941819808336756,0.016604229193138465,0.002388160139230925,0.0007573797234051693,25.939639336856256,2019-09-12,71.9623312417099,0,0,7.610357618312838,2.1972245773362196,5.501258210544727,7.610357618312838,2.1972245773362196,5.724920250114545
2019-09-13,BTCUSDT,10415.01,10439.0,10153.0,10342.06,30280.339776,9.254243375310553,10.318253928624491,0.02310831301445053,0.0327810474100595,-0.0070289593231316495,0.02495397630474524,0.015489432010905925,0.0006812159665534291,0.0007896222800322993,25.947037054760578,2019-09-13,72.03502640031427,0,0,7.610357618312838,2.1972245773362196,5.501258210544727,7.610357618312838,2.1972245773362196,5.724920250114545
2019-09-14,BTCUSDT,10344.13,10419.99,10222.33,10335.02,23621.533519,9.253304071408298,10.069914012241641,0.016425520469233436,0.028692165674852985,-0.0006809472393616028,-0.0070289593231316495,0.01526646752001718,6.762195173998498e-05,0.0009003845728022906,25.94739264638222,2019-09-14,71.78566466206877,0,0,7.610357618312838,2.1972245773362196,5.501258210544727,7.610357618312838,2.1972245773362196,5.724920250114545
2019-09-15,BTCUSDT,10332.81,10360.0,10252.15,10302.01,18047.654013,9.251481355613999,9.800770983735042,0.008094576536922683,0.023542768390370408,-0.0031991064753794244,-0.0006809472393616028,0.014979307901195262,0.0003264137567022564,0.0009432330970508072,25.94564406428891,2019-09-15,71.44490164122155,0,0,7.610357618312838,2.1972245773362196,5.501258210544727,7.610357618312838,2.1972245773362196,5.724920250114545
2019-09-16,BTCUSDT,10303.34,10355.0,10078.0,10251.31,28971.401657,9.245707515813473,10.274064472644406,0.022641932508746004,0.023317559419964308,-0.004933519532107947,-0.0031991064753794244,0.011871674027081629,0.00048019160724987407,0.0008291552186406767,25.93866894956979,2019-09-16,71.16346069006953,0,0,7.610357618312838,2.1972245773362196,5.501258210544727,7.610357618312838,2.1972245773362196,5.724920250114545
2019-09-17,BTCUSDT,10249.68,10275.0,10128.01,10187.82,22914.324563,9.245224773829685,10.039517520750568,0.010288999115657784,0.020060419343887678,-0.006212613179508927,-0.004933519532107947,0.012201154166948452,0.0006188159108909512,0.0008273719191679901,25.934810067637546,2019-09-17,70.28560703318612,0,0,7.610357618312838,2.1972245773362196,5.501258210544727,7.610357618312838,2.1972245773362196,5.724920250114545
2019-09-18,BTCUSDT,10187.48,10258.02,10100.0,10156.99,24250.249303,9.237469039364436,10.096182176848867,0.012475928122309514,0.018164296538493135,-0.0030307507024099067,-0.006212613179508927,0.0023384682050165435,0.00030018779864725444,0.00022729820435683852,25.925941069555694,2019-09-18,69.33519103407208,0,0,7.610357618312838,2.1972245773362196,5.501258210544727,7.610357618312838,2.1972245773362196,5.724920250114545
2019-09-19,BTCUSDT,10156.41,10325.0,9653.0,10244.29,44826.282579,9.23581511764511,10.710549911092432,0.06426711490950782,0.029690001131246806,0.0085583387765777,-0.0030307507024099067,0.005310885667526012,0.0007990568969492608,0.00025816569896315074,25.92264058566867,2019-09-19,69.09969529509586,0,0,7.610357618312838,2.1972245773362196,5.501258210544727,7.610357618312838,2.1972245773362196,5.724920250114545
2019-09-20,BTCUSDT,10243.7,10281.0,10061.39,10168.59,25088.491069,9.242323417829233,10.130164496818582,0.01639507320878226,0.02636626915063067,-0.0074169198099936174,0.0085583387765777,0.005773818311321585,0.0007321618333367569,0.00020828222061175332,25.931684304089885,2019-09-20,69.33174944157717,0,0,7.610357618312838,2.1972245773362196,5.501258210544727,7.610357618312838,2.1972245773362196,5.724920250114545
2019-09-21,BTCUSDT,10167.92,10176.7,9900.0,9986.39,20544.175196,9.238052810542719,9.930332734296005,0.01599371108337791,0.023773129633817478,-0.01808039138843281,-0.0074169198099936174,0.008554670787591872,0.0018207236224813761,0.0005349764513338864,25.919525165299024,2019-09-21,69.24029385959156,0,0,7.610357618312838,2.1972245773362196,5.501258210544727,7.610357618312838,2.1972245773362196,5.724920250114545
2019-09-22,BTCUSDT,9985.15,10089.0,9853.97,10028.87,22049.275256,9.227856072522204,10.001035012126204,0.02183008464154359,0.023287368385749005,0.004244767620694032,-0.01808039138843281,0.009388791111882228,0.000424432832756537,0.0005419125326230904,25.912364030084703,2019-09-22,69.62442993872779,0,0,7.610357618312838,2.1972245773362196,5.501258210544727,7.610357618312838,2.1972245773362196,5.724920250114545
2019-09-23,BTCUSDT,10028.05,10049.99,9615.77,9702.25,31937.232356,9.219201000408379,10.371527766668285,0.021734844286838858,0.02289923736102147,-0.03311011623909535,0.004244767620694032,0.015369855836430576,0.003192404916998215,0.0011086006275991748,25.89821742755756,2019-09-23,69.89691051117468,0,0,7.610357618312838,2.1972245773362196,5.501258210544727,7.610357618312838,2.1972245773362196,5.724920250114545
2019-09-24,BTCUSDT,9702.2,9794.99,7800.0,8493.14,94007.345203,9.215326918461852,11.45112819865678,0.14403718990071984,0.05318372549594606,-0.13309903854851077,-0.03311011623909535,0.052821219817182005,0.011623224911945647,0.004297676008693293,25.80833448682378,2019-09-24,70.5303021339892,0,0,7.610357618312838,2.1972245773362196,5.501258210544727,7.610357618312838,2.1972245773362196,5.724920250114545
2019-09-25,BTCUSDT,8497.55,8730.0,8215.64,8430.05,60783.892258,9.189626309449075,11.01508010288701,0.05008027477147034,0.052407862814827136,-0.007456075631162052,-0.13309903854851077,0.050862559494145275,0.0006768970866773672,0.004311017773528332,25.74918376932328,2019-09-25,70.52966376195992,0,0,7.610357618312838,2.1972245773362196,5.501258210544727,7.610357618312838,2.1972245773362196,5.724920250114545
2019-09-26,BTCUSDT,8430.05,8465.99,7750.0,8063.73,67930.853749,9.074520648833648,11.126245610176442,0.060940033639376945,0.05454090552096459,-0.04442647456866036,-0.007456075631162052,0.04943846586208596,0.003992943902660786,0.004158952143005218,25.712289582996874,2019-09-26,70.04240603047656,0,0,7.610357618312838,2.1972245773362196,5.501258210544727,7.610357618312838,2.1972245773362196,5.724920250114545
2019-09-27,BTCUSDT,8063.49,8265.0,7852.15,8177.91,43882.924625,9.0438122398848,10.689280562692275,0.048419367659050146,0.05301052105548598,0.014060388120547544,-0.04442647456866036,0.05367347002500603,0.001315372726731592,0.004207553991044985,25.703463401050616,2019-09-27,69.68917432275644,0,0,7.610357618312838,2.1972245773362196,5.501258210544727,7.610357618312838,2.1972245773362196,5.724920250114545
2019-09-28,BTCUSDT,8177.47,8315.0,8001.09,8198.81,34473.605165,9.019785010255125,10.447949242524656,0.03426549797786254,0.04832426528608012,0.002552405041615032,0.014060388120547544,0.053440663419415946,0.00024429722832365765,0.004234764661731005,25.71562438571562,2019-09-28,69.61492286995562,0,0,7.610357618312838,2.1972245773362196,5.501258210544727,7.610357618312838,2.1972245773362196,5.724920250114545
2019-09-29,BTCUSDT,8199.38,8229.13,7890.0,8043.82,31544.211388,9.025816391627028,10.359145376904525,0.029917372965290494,0.04372254220588272,-0.019084927054642216,0.002552405041615032,0.0537710321144205,0.001842326404376139,0.004290360239267519,25.704825356804562,2019-09-29,69.70975600487144,0,0,7.610357618312838,2.1972245773362196,5.501258210544727,7.610357618312838,2.1972245773362196,5.724920250114545
2019-09-30,BTCUSDT,8043.04,8337.26,7710.0,8289.34,55865.48726,9.015435577269239,10.930702067041315,0.07664232609832668,0.05195248817899371,0.0300662572519427,-0.019084927054642216,0.02608987151407786,0.0027506245314836333,0.001387863988793542,25.704911141053906,2019-09-30,69.38127262259584,0,0,7.610357618312838,2.1972245773362196,5.501258210544727,7.610357618312838,2.1972245773362196,5.724920250114545
2019-10-01,BTCUSDT,8289.97,8500.0,8173.05,8292.44,43479.58742,9.028489904202369,10.680046852229683,0.03445820626855938,0.04757891770138513,0.0003739043740921602,0.0300662572519427,0.026081135915170812,3.5009619270921065e-05,0.0015113437217771511,25.733788224826917,2019-10-01,69.42812866662433,0,0,7.610357618312838,2.302585092994046,5.5254529391317835,7.610357618312838,2.302585092994046,5.6539736081356775
2019-10-02,BTCUSDT,8292.67,8373.91,8151.22,8359.94,26243.386644,9.047821442478408,10.17516929890679,0.02641505850826064,0.042287952903104005,0.008106993678191309,0.0003739043740921602,0.016256601781558203,0.0007967428786725265,0.001025257826608964,25.730830725705516,2019-10-02,69.50334547014737,0,0,7.610357618312838,2.302585092994046,5.5254529391317835,7.610357618312838,2.302585092994046,5.6539736081356775
2019-10-03,BTCUSDT,8360.0,8393.0,8060.0,8223.96,30488.284058,9.032876198969387,10.325097759553064,0.02992396487331454,0.03919695589565664,-0.016399405149611242,0.008106993678191309,0.017912440070394935,0.001588305072892706,0.0010392728066652937,25.724608863566687,2019-10-03,69.46294600760275,0,0,7.610357618312838,2.302585092994046,5.5254529391317835,7.610357618312838,2.302585092994046,5.6539736081356775
2019-10-04,BTCUSDT,8224.43,8232.41,8005.0,8137.13,26476.330404,9.035153304082828,10.184006420538497,0.021676879410283272,0.034816936774313294,-0.010614306896772275,-0.016399405149611242,0.01847255946372699,0.0010422525731490087,0.0009370796872930449,25.711481353379096,2019-10-04,69.20164232454837,0,0,7.610357618312838,2.302585092994046,5.5254529391317835,7.610357618312838,2.302585092994046,5.6539736081356775
2019-10-05,BTCUSDT,8137.09,8183.41,8012.98,8126.19,21907.615564,9.015834081910166,9.994589598004533,0.01830562891442361,0.03068910980934087,-0.0013453589611603217,-0.010614306896772275,0.016345993128230814,0.00013460872484738433,0.0010113224284230549,25.708380274172903,2019-10-05,69.02036059810347,0,0,7.610357618312838,2.302585092994046,5.5254529391317835,7.610357618312838,2.302585092994046,5.6539736081356775
2019-10-06,BTCUSDT,8127.55,8153.87,7785.0,7854.25,34676.104049,9.009864213146109,10.453806084589635,0.02304385520779696,0.028777796158954892,-0.03403739246640971,-0.0013453589611603217,0.014988928327243677,0.0032559808543402733,0.0011863827416951874,25.69069813331286,2019-10-06,68.8354228369309,0,0,7.610357618312838,2.302585092994046,5.5254529391317835,7.610357618312838,2.302585092994046,5.6539736081356775
2019-10-07,BTCUSDT,7855.3,8299.92,7762.0,8190.09,52202.072297,9.006247940156692,10.862877472258983,0.06580743208470144,0.03803520514039153,0.04187010025217943,-0.03403739246640971,0.025826652622652754,0.0038544207424878888,0.001465391160836531,25.696889039759796,2019-10-07,68.50102739441317,0,0,7.610357618312838,2.302585092994046,5.5254529391317835,7.610357618312838,2.302585092994046,5.6539736081356775
2019-10-08,BTCUSDT,8190.82,8325.0,8088.75,8168.39,35452.657423,9.02400115518402,10.475953491717716,0.02430330308540036,0.034602229626643735,-0.0026530597865280273,0.04187010025217943,0.025347798680223042,0.00025325234487013856,0.0015524430286682784,25.71820852758482,2019-10-08,68.33203846912316,0,0,7.610357618312838,2.302585092994046,5.5254529391317835,7.610357618312838,2.302585092994046,5.6539736081356775
2019-10-09,BTCUSDT,8170.79,8670.0,8115.0,8560.74,55038.704378,9.027018314848645,10.915791932686268,0.06549457422190187,0.04232531577545827,0.04691480798625655,-0.0026530597865280273,0.03151410452753123,0.004297884045020569,0.0018776354900771862,25.741379060909335,2019-10-09,68.28529070036268,0,0,7.610357618312838,2.302585092994046,5.5254529391317835,7.610357618312838,2.302585092994046,5.6539736081356775
2019-10-10,BTCUSDT,8562.15,8644.0,8414.52,8558.03,39137.946167,9.067624069774588,10.574847765556907,0.02345468680503544,0.03760765853285256,-0.00031661153489856035,0.04691480798625655,0.03065188939412878,2.9940056057335265e-05,0.0020348730906427836,25.761570999424826,2019-10-10,68.67646591984862,0,0,7.610357618312838,2.302585092994046,5.5254529391317835,7.610357618312838,2.302585092994046,5.6539736081356775
2019-10-11,BTCUSDT,8557.82,8779.51,8212.38,8258.5,50405.284418,9.064620717626777,10.827851298126621,0.04402946615951711,0.0392131104395187,-0.035627050501410414,-0.00031661153489856035,0.03562470938853374,0.0032903158272569203,0.0018661170732085842,25.74968604335694,2019-10-11,68.83210276222069,0,0,7.610357618312838,2.302585092994046,5.5254529391317835,7.610357618312838,2.302585092994046,5.6539736081356775
2019-10-12,BTCUSDT,8257.95,8400.0,8250.0,8300.09,21339.334098,9.080175876415765,9.968307319964003,0.017695814428469098,0.0338337864367563,0.005023385138249371,-0.035627050501410414,0.03081464476309744,0.0005039356208640155,0.001977156396572999,25.731324341768428,2019-10-12,68.74719925198289,0,0,7.610357618312838,2.302585092994046,5.5254529391317835,7.610357618312838,2.302585092994046,5.6539736081356775
2019-10-13,BTCUSDT,8301.98,8451.37,8160.0,8275.01,27840.739953,9.035986984831405,10.234255692866698,0.02944726973244634,0.032737157260678815,-0.003026228395646318,0.005023385138249371,0.0264351407111585,0.00029569599260213976,0.0018532833937361878,25.729756056624275,2019-10-13,68.58709859698206,0,0,7.610357618312838,2.302585092994046,5.5254529391317835,7.610357618312838,2.302585092994046,5.6539736081356775
2019-10-14,BTCUSDT,8275.24,8388.85,8203.0,8348.2,29810.663253,9.042083837387057,10.302621435770462,0.021431902914671307,0.029910843674176936,0.008805817040570997,-0.003026228395646318,0.026469991816991008,0.000854716160878959,0.001791143256551829,25.731240422655443,2019-10-14,68.206281004554,0,0,7.610357618312838,2.302585092994046,5.5254529391317835,7.610357618312838,2.302585092994046,5.6539736081356775
2019-10-15,BTCUSDT,8346.86,8403.0,8090.0,8159.29,32773.062476,9.034658722128562,10.397362190972968,0.022826090192997167,0.028139655303881995,-0.022888791375660317,0.008805817040570997,0.017439878395976726,0.002201403678668851,0.0012777062419577414,25.723951753229887,2019-10-15,68.12102866641256,0,0,7.610357618312838,2.302585092994046,5.5254529391317835,7.610357618312838,2.302585092994046,5.6539736081356775
2019-10-16,BTCUSDT,8159.3,8181.16,7917.0,7991.74,34733.593966,9.036344063928219,10.455462623424719,0.019263267906470687,0.025920558454529168,-0.020748647101995987,-0.022888791375660317,0.017632138541768837,0.0019844791043019104,0.0011651575956790785,25.700896247299614,2019-10-16,68.17817225741544,0,0,7.610357618312838,2.302585092994046,5.5254529391317835,7.610357618312838,2.302585092994046,5.6539736081356775
2019-10-17,BTCUSDT,7995.02,8124.92,7929.03,8070.58,29656.949158,9.00958922883376,10.297451749915918,0.02323778611454326,0.025249865369532692,0.00981684254235939,-0.020748647101995987,0.014658830604214898,0.0009533273649414815,0.0007839673388333301,25.697278281549437,2019-10-17,68.01993997399244,0,0,7.610357618312838,2.302585092994046,5.5254529391317835,7.610357618312838,2.302585092994046,5.6539736081356775
2019-10-18,BTCUSDT,8070.71,8115.0,7816.01,7947.01,31353.181416,9.002691160995619,10.353071021486425,0.027174525682387835,0.025731030447746477,-0.015429593533155048,0.00981684254235939,0.014564322829181632,0.0014903397746555563,0.0007272260582216437,25.692124209191,2019-10-18,67.93414452670838,0,0,7.610357618312838,2.302585092994046,5.5254529391317835,7.610357618312838,2.302585092994046,5.6539736081356775
2019-10-19,BTCUSDT,7946.89,8098.1,7866.92,7948.01,26627.889388,9.00146947994869,10.189714418738705,0.025487918534322078,0.02567025246939038,0.0001258255732071609,-0.015429593533155048,0.014801846216264266,1.2348292409036498e-05,0.0008097450866142117,25.690142912819503,2019-10-19,68.03544610242625,0,0,7.610357618312838,2.302585092994046,5.5254529391317835,7.610357618312838,2.302585092994046,5.6539736081356775
2019-10-20,BTCUSDT,7949.87,8297.0,7870.0,8223.35,34286.452654,8.999384745243942,10.442505588778591,0.05197695519046243,0.03224692814965839,0.03405608575730634,0.0001258255732071609,0.021958308326516046,0.0032612944726505737,0.001113996205572946,25.704749848227287,2019-10-20,68.21896185194856,0,0,7.610357618312838,2.302585092994046,5.5254529391317835,7.610357618312838,2.302585092994046,5.6539736081356775
2019-10-21,BTCUSDT,8223.35,8333.0,8142.03,8197.27,30448.679539,9.023649282664286,10.323797907304492,0.019346582192986364,0.029021841660490384,-0.0031764966157445487,0.03405608575730634,0.01965338428294679,0.0003076868265211829,0.001192226303890027,25.722879920274774,2019-10-21,68.34984152629184,0,0,7.610357618312838,2.302585092994046,5.5254529391317835,7.610357618312838,2.302585092994046,5.6539736081356775
2019-10-22,BTCUSDT,8197.28,8297.99,8000.0,8020.0,34651.828663,9.027978814382207,10.45310577849244,0.02252557042812158,0.027397773852398184,-0.021862750130075582,-0.0031764966157445487,0.019901099579103607,0.002091507595288934,0.0012046250827905027,25.71025150059586,2019-10-22,68.1600111457887,0,0,7.610357618312838,2.302585092994046,5.5254529391317835,7.610357618312838,2.302585092994046,5.6539736081356775
2019-10-23,BTCUSDT,8020.06,8047.59,7300.0,7466.62,63897.457098,9.023768595782421,11.06503484455031,0.04956931930123201,0.03294066021460664,-0.07149600170507005,-0.021862750130075582,0.034610083355629956,0.0064614348449415744,0.002372263942955138,25.655987906905654,2019-10-23,68.04011744397974,0,0,7.610357618312838,2.302585092994046,5.5254529391317835,7.610357618312838,2.302585092994046,5.6539736081356775
2019-10-24,BTCUSDT,7468.47,7503.68,7337.99,7412.41,32714.383265,8.993127946707817,10.39557011537618,0.01681875085884531,0.02891018287566631,-0.0072867975758336145,-0.07149600170507005,0.034653678213109496,0.0007009521839553221,0.0024449777134696207,25.62280181923646,2019-10-24,67.62035030027197,0,0,7.610357618312838,2.302585092994046,5.5254529391317835,7.610357618312838,2.302585092994046,5.6539736081356775
2019-10-25,BTCUSDT,7412.41,8799.0,7361.0,8655.02,90748.218174,8.923148845853541,11.415844117488058,0.1781202458639885,0.06621269862274685,0.1549838768309872,-0.0072867975758336145,0.07697053439277271,0.01357620822743766,0.0050101512996969496,25.704539670328696,2019-10-25,68.05051577033389,0,0,7.610357618312838,2.302585092994046,5.5254529391317835,7.610357618312838,2.302585092994046,5.6539736081356775
2019-10-26,BTCUSDT,8655.88,10370.0,8470.38,9230.0,162588.585413,9.08239335764556,11.99897827321963,0.19600831023239487,0.09866160152515886,0.06431954908625395,0.1549838768309872,0.07948231745661989,0.005360418830810616,0.004987987328180694,25.8449041558543,2019-10-26,69.3562901014228,0,0,7.610357618312838,2.302585092994046,5.5254529391317835,7.610357618312838,2.302585092994046,5.6539736081356775
2019-10-27,BTCUSDT,9230.0,9794.98,9074.34,9529.93,93833.541604,9.246672301223573,11.449277657472127,0.07330302352682079,0.09232195702557434,0.031978323898770325,0.06431954908625395,0.07879149410288504,0.0027930429198649363,0.00463611060319512,25.858865244184745,2019-10-27,70.02262676482489,0,0,7.610357618312838,2.302585092994046,5.5254529391317835,7.610357618312838,2.302585092994046,5.6539736081356775
2019-10-28,BTCUSDT,9528.23,9902.1,9160.0,9205.14,80174.217323,9.189625288518465,11.291957262405816,0.05649760580334418,0.0833658692200168,-0.03467534871867234,0.031978323898770325,0.08047469700405363,0.0030708005629915534,0.004522149671839268,25.86382088401629,2019-10-28,69.77001178779228,0,0,7.610357618312838,2.302585092994046,5.5254529391317835,7.610357618312838,2.302585092994046,5.6539736081356775
2019-10-29,BTCUSDT,9204.45,9550.0,9072.0,9407.62,64158.462446,9.20050213484028,11.069111277882921,0.04918269599285799,0.0748200759132271,0.02175797548920506,-0.03467534871867234,0.06634611037543853,0.0019656479136386904,0.004666766235821924,25.84690256080295,2019-10-29,69.24002649076576,0,0,7.610357618312838,2.302585092994046,5.5254529391317835,7.610357618312838,2.302585092994046,5.6539736081356775
2019-10-30,BTCUSDT,9407.62,9409.84,9001.01,9154.72,55241.786434,9.164296433474776,10.91947494650068,0.02754316862790657,0.06300084909189697,-0.027250405905421708,0.02175797548920506,0.06952669822492458,0.0024955784082049235,0.004419554068493987,25.840666275803986,2019-10-30,69.14162103493211,0,0,7.610357618312838,2.302585092994046,5.5254529391317835,7.610357618312838,2.302585092994046,5.6539736081356775
2019-10-31,BTCUSDT,9154.02,9405.0,8913.0,9140.85,54376.024902,9.149511229246771,10.903678616985763,0.04611777342850547,0.0587800801760491,-0.0015162143247956757,-0.027250405905421708,0.037638219375005014,0.00013905530216506154,0.0016935160332652072,25.831770571680202,2019-10-31,69.24177587440694,0,0,7.610357618312838,2.302585092994046,5.5254529391317835,7.610357618312838,2.302585092994046,5.6539736081356775
2019-11-01,BTCUSDT,9140.86,9279.0,9030.0,9231.61,43594.814115,9.14899674173513,10.682693479946414,0.02602764522575742,0.05059197143847618,0.009880085552161256,-0.0015162143247956757,0.02661164051228607,0.0009248683930422776,0.0011470928988639689,25.833265186638485,2019-11-01,69.30739424263604,0,0,7.610357618312838,2.3978952727983707,5.407171771460119,7.610357618312838,2.3978952727983707,5.626923185303185
2019-11-02,BTCUSDT,9231.4,9373.74,9186.21,9289.52,28923.060828,9.13550906135318,10.272394508431617,0.019081476142333145,0.04271434761444042,0.0062534185241681015,0.009880085552161256,0.02212957109016942,0.0006087595758744735,0.001152882536070413,25.844006448584654,2019-11-02,69.30392628437309,0,0,7.610357618312838,2.3978952727983707,5.407171771460119,7.610357618312838,2.3978952727983707,5.626923185303185
2019-11-03,BTCUSDT,9289.85,9362.57,9066.14,9194.71,27894.378279,9.145667441806122,10.236180452130192,0.02437461006395695,0.03812941322681955,-0.010258564351078504,0.0062534185241681015,0.017088231547290257,0.001002186743292871,0.0008779585301237899,25.839042852723562,2019-11-03,69.24756247800262,0,0,7.610357618312838,2.3978952727983707,5.407171771460119,7.610357618312838,2.3978952727983707,5.626923185303185
2019-11-04,BTCUSDT,9196.46,9513.68,9115.84,9393.35,45894.456277,9.144475104433038,10.734099610475486,0.04138455938085358,0.038943199765328056,0.0213736734297728,-0.010258564351078504,0.016989955046986804,0.001991193877958248,0.0008825261834228387,25.849439446092614,2019-11-04,69.19636455100247,0,0,7.610357618312838,2.3978952727983707,5.407171771460119,7.610357618312838,2.3978952727983707,5.626923185303185
2019-11-05,BTCUSDT,9392.4,9454.95,9175.76,9308.66,45935.873665,9.160486041782887,10.7350016521176,0.02311954782992406,0.034987286781477056,-0.00905684243570516,0.0213736734297728,0.012138970270362147,0.0008436740607225334,0.0006110299511956387,25.850576010358957,2019-11-05,68.88391852000089,0,0,7.610357618312838,2.3978952727983707,5.407171771460119,7.610357618312838,2.3978952727983707,5.626923185303185
2019-11-06,BTCUSDT,9307.73,9440.91,9250.01,9339.05,37336.170372,9.154293692871278,10.527717850829012,0.018703274666776827,0.030916283752801997,0.003259384332363361,-0.00905684243570516,0.011956181367590765,0.0003096002741094262,0.0005701292823284334,25.850295685186058,2019-11-06,68.54530577405228,0,0,7.610357618312838,2.3978952727983707,5.407171771460119,7.610357618312838,2.3978952727983707,5.626923185303185
2019-11-07,BTCUSDT,9339.16,9375.0,9101.0,9216.2,39117.470853,9.152807652798613,10.574324471061855,0.020941403919935014,0.02842256379458525,-0.013241728898575776,0.003259384332363361,0.013181088598566116,0.0012522529391653955,0.0005831381453453509,25.84036164280103,2019-11-07,68.59386349942768,0,0,7.610357618312838,2.3978952727983707,5.407171771460119,7.610357618312838,2.3978952727983707,5.626923185303185
2019-11-08,BTCUSDT,9214.0,9261.0,8696.0,8773.73,62107.289243,9.14580185083861,11.036618640147513,0.028899467583658512,0.028541789741853566,-0.04920077557405485,-0.013241728898575776,0.02326760377158212,0.0044579573851613345,0.0014849528964955827,25.809856389962974,2019-11-08,68.53011704074474,0,0,7.610357618312838,2.3978952727983707,5.407171771460119,7.610357618312838,2.3978952727983707,5.626923185303185
2019-11-09,BTCUSDT,8773.74,8880.0,8724.88,8809.41,29469.481405,9.13356731317027,10.291110478189731,0.01630933939495874,0.02548367715512986,0.004058438819635005,-0.04920077557405485,0.023902283778117112,0.00039436354592015896,0.0015564107520637375,25.789935109272125,2019-11-09,68.21318823897658,0,0,7.610357618312838,2.3978952727983707,5.407171771460119,7.610357618312838,2.3978952727983707,5.626923185303185
2019-11-10,BTCUSDT,8809.18,9147.19,8750.0,9039.47,34422.029797,9.091556835986216,10.446452039467806,0.043484363164854094,0.02998384865756092,0.025780076014260956,0.004058438819635005,0.024996057272894275,0.002467830792393541,0.001595623127263117,25.805439581036577,2019-11-10,68.0897182372911,0,0,7.610357618312838,2.3978952727983707,5.407171771460119,7.610357618312838,2.3978952727983707,5.626923185303185
2019-11-11,BTCUSDT,9040.16,9072.32,8618.68,8733.27,44888.053545,9.121202007278393,10.711926970287877,0.0285091491939004,0.02961517379164579,-0.034460674202544596,0.025780076014260956,0.027556435364964067,0.003217037821311667,0.0016573841816374829,25.797166640812534,2019-11-11,68.04879457645328,0,0,7.610357618312838,2.3978952727983707,5.407171771460119,7.610357618312838,2.3978952727983707,5.626923185303185
2019-11-12,BTCUSDT,8733.36,8888.0,8567.6,8821.94,40366.629471,9.112983298714049,10.605758719427563,0.03471297004069827,0.030889622853908907,0.010101930316499606,-0.034460674202544596,0.02837582717893245,0.0009524948269844149,0.00154170796398075,25.784446741656854,2019-11-12,67.82776156367166,0,0,7.610357618312838,2.3978952727983707,5.407171771460119,7.610357618312838,2.3978952727983707,5.626923185303185
2019-11-13,BTCUSDT,8821.91,8844.99,8702.0,8777.12,26810.116918,9.092457331319466,10.196534592205204,0.012657699952118927,0.02633164212846141,-0.005093464866702945,0.010101930316499606,0.028355556552552525,0.0004995290135725791,0.0016533802052471798,25.78862099406356,2019-11-13,67.85337769040542,0,0,7.610357618312838,2.3978952727983707,5.407171771460119,7.610357618312838,2.3978952727983707,5.626923185303185
2019-11-14,BTCUSDT,8777.54,8800.0,8582.6,8646.68,33468.468961,9.087606476010997,10.418359049537948,0.015198370056140553,0.023548324110381196,-0.014972903375000525,-0.005093464866702945,0.02090617161170562,0.0014371652295535515,0.0011324163020309294,25.77789305754151,2019-11-14,67.79712842085921,0,0,7.610357618312838,2.3978952727983707,5.407171771460119,7.610357618312838,2.3978952727983707,5.626923185303185
2019-11-15,BTCUSDT,8646.38,8790.0,8400.0,8471.73,46087.417751,9.082507000466299,10.73829525791374,0.031519088539375954,0.025541015217629887,-0.020440694136174855,-0.014972903375000525,0.021760224540739333,0.001903532511001762,0.0009988520741521833,25.763091771948844,2019-11-15,67.84444354100194,0,0,7.610357618312838,2.3978952727983707,5.407171771460119,7.610357618312838,2.3978952727983707,5.626923185303185
2019-11-16,BTCUSDT,8471.62,8543.0,8400.0,8491.02,20902.299752,9.081369990679223,9.94761446788025,0.01526881226450198,0.02297296447934791,0.0022743963467484214,-0.020440694136174855,0.016184966514513358,0.00022863736367067665,0.0010895319536566171,25.753623623570544,2019-11-16,67.78834855207543,0,0,7.610357618312838,2.3978952727983707,5.407171771460119,7.610357618312838,2.3978952727983707,5.626923185303185
2019-11-17,BTCUSDT,8490.74,8635.0,8350.68,8502.4,27009.037082,9.052867513151618,10.203926795725401,0.02938634765869968,0.02457631027418585,0.0013393421337381934,0.0022743963467484214,0.011465941861057923,0.0001312575208104459,0.0007057265365889711,25.756379435274216,2019-11-17,67.74897152464682,0,0,7.610357618312838,2.3978952727983707,5.407171771460119,7.610357618312838,2.3978952727983707,5.626923185303185
2019-11-18,BTCUSDT,8502.87,8503.52,8060.0,8187.17,43017.69094,9.06357899058078,10.669366727276147,0.02900809833369993,0.02568425728906437,-0.03778018177778056,0.0013393421337381934,0.015316048051284274,0.003540995707008162,0.0013083638921183756,25.73318156735143,2019-11-18,67.7117610924585,0,0,7.610357618312838,2.3978952727983707,5.407171771460119,7.610357618312838,2.3978952727983707,5.626923185303185
2019-11-19,BTCUSDT,8186.5,8218.63,8003.0,8133.64,43556.061025,9.04823547440242,10.681804146534857,0.021707546007969116,0.02469007946879056,-0.00655974696730991,-0.03778018177778056,0.015186426373703498,0.0006141047783054393,0.0012952868202398145,25.71153281044465,2019-11-19,67.8164596681665,0,0,7.610357618312838,2.3978952727983707,5.407171771460119,7.610357618312838,2.3978952727983707,5.626923185303185
2019-11-20,BTCUSDT,8133.83,8264.29,8038.4,8098.01,32466.23098,9.014158807493127,10.387955781365287,0.022982050005952333,0.024263072103081002,-0.004390195356251671,-0.00655974696730991,0.015479964292726134,0.0004226236084030258,0.001340678930622898,25.710273742619037,2019-11-20,67.87902053780164,0,0,7.610357618312838,2.3978952727983707,5.407171771460119,7.610357618312838,2.3978952727983707,5.626923185303185
2019-11-21,BTCUSDT,8098.56,8134.73,7500.0,7627.74,58418.780261,9.019699102148916,10.975392696932257,0.040728201641416294,0.028379354487664824,-0.059826750274931104,-0.004390195356251671,0.025457190339792202,0.005450989493219076,0.0022311422350052936,25.671079841947137,2019-11-21,67.96386862621193,0,0,7.610357618312838,2.3978952727983707,5.407171771460119,7.610357618312838,2.3978952727983707,5.626923185303185
2019-11-22,BTCUSDT,7627.79,7750.0,6790.0,7268.23,126603.140259,9.003897829182241,11.748812592958044,0.10010369990009642,0.046310440840772724,-0.04827880660424949,-0.059826750274931104,0.02596794710607054,0.004109249868636653,0.0022704944066379573,25.612099267064764,2019-11-22,68.06022565554241,0,0,7.610357618312838,2.3978952727983707,5.407171771460119,7.610357618312838,2.3978952727983707,5.626923185303185
2019-11-23,BTCUSDT,7268.23,7344.48,7080.01,7311.57,50449.894755,8.955448122347393,10.828735939654702,0.035030378962195345,0.04349042537112838,0.005945229379964158,-0.04827880660424949,0.02698303343944051,0.0005490233959988624,0.0021928871298462025,25.600883399336546,2019-11-23,68.00197278948264,0,0,7.610357618312838,2.3978952727983707,5.407171771460119,7.610357618312838,2.3978952727983707,5.626923185303185
2019-11-24,BTCUSDT,7311.1,7330.39,6861.0,6903.28,67890.206483,8.901704289641613,11.12564706872574,0.02376404196160523,0.03855882951874759,-0.05746136400961847,0.005945229379964158,0.029867801077352353,0.005164766027060367,0.002440944812275734,25.57911522284012,2019-11-24,67.97957697024258,0,0,7.610357618312838,2.3978952727983707,5.407171771460119,7.610357618312838,2.3978952727983707,5.626923185303185
2019-11-25,BTCUSDT,6900.23,7377.69,6515.0,7109.57,119645.735197,8.899783999468037,11.69229044871463,0.11548645407628148,0.05779073565813106,0.029445102813370486,-0.05746136400961847,0.0377239675938298,0.0025183348756622342,0.0022270361530014357,25.56098127973351,2019-11-25,68.1711746424645,0,0,7.610357618312838,2.3978952727983707,5.407171771460119,7.610357618312838,2.3978952727983707,5.626923185303185
2019-11-26,BTCUSDT,7109.99,7340.0,7017.48,7156.14,65722.39769,8.906215860467167,11.093195054900187,0.04107172347535821,0.053610982612437845,0.006528965670785273,0.029445102813370486,0.03900963047153146,0.0005885559244630102,0.002188797092710251,25.586389997796964,2019-11-26,68.21262529962135,0,0,7.610357618312838,2.3978952727983707,5.407171771460119,7.610357618312838,2.3978952727983707,5.626923185303185
2019-11-27,BTCUSDT,7154.75,7655.0,6840.0,7508.52,92452.87349,8.901094121608562,11.434454317889848,0.10864200459740463,0.06736873810867954,0.04806764632518055,0.006528965670785273,0.042063705682109764,0.004203755158650292,0.0019644307215523718,25.605333371252375,2019-11-27,68.33692502249792,0,0,7.610357618312838,2.3978952727983707,5.407171771460119,7.610357618312838,2.3978952727983707,5.626923185303185
2019-11-28,BTCUSDT,7507.9,7643.0,7360.0,7419.49,56933.981109,8.943114308091785,10.94964764939651,0.028862881952279224,0.057742274069579456,-0.011928054119097921,0.04806764632518055,0.03641116036873286,0.0010893550642933551,0.001965861059329431,25.631979054624406,2019-11-28,68.50931598360599,0,0,7.610357618312838,2.3978952727983707,5.407171771460119,7.610357618312838,2.3978952727983707,5.626923185303185
2019-11-29,BTCUSDT,7418.52,7850.0,7362.3,7739.68,60745.300873,8.941545475242885,11.01444500632621,0.0632962938882976,0.05913077902425899,0.042250021414293196,-0.011928054119097921,0.03977347256649685,0.0038358738356791154,0.0018150305509030903,25.64803709043277,2019-11-29,68.59113596622089,0,0,7.610357618312838,2.3978952727983707,5.407171771460119,7.610357618312838,2.3978952727983707,5.626923185303185
2019-11-30,BTCUSDT,7740.99,7810.0,7441.0,7541.89,46989.433619,8.968268810776454,10.757678038800131,0.031013905700212722,0.05210156069324742,-0.025887529338627372,0.042250021414293196,0.030043220380384143,0.002406423509353768,0.001436568535437355,25.652187528565744,2019-11-30,68.68445907198573,0,0,7.610357618312838,2.3978952727983707,5.407171771460119,7.610357618312838,2.3978952727983707,5.626923185303185
2019-12-01,BTCUSDT,7540.63,7541.85,7210.0,7390.89,60769.342313,8.963160242833732,11.014840702510362,0.0334409888961864,0.04743641774398217,-0.02022465301285665,-0.025887529338627372,0.031964605919854894,0.0018361275990353,0.001456030643133058,25.62436429644625,2019-12-01,68.49075530372892,0,0,7.610357618312838,2.4849066497880004,5.4638318050256105,7.610357618312838,2.4849066497880004,5.690529223696209
2019-12-02,BTCUSDT,7391.5,7420.56,7151.1,7294.28,46330.25604,8.928222788996814,10.743550504836174,0.028295163891783336,0.04265110428093246,-0.013157681360598326,-0.02022465301285665,0.03295220562753133,0.0012247051246862422,0.0013210563581068041,25.609906886186057,2019-12-02,68.36193686280441,0,0,7.610357618312838,2.4849066497880004,5.4638318050256105,7.610357618312838,2.4849066497880004,5.690529223696209
2019-12-03,BTCUSDT,7294.42,7400.0,7241.35,7292.71,33149.477487,8.912009805011694,10.408782233408338,0.019053772243365887,0.03675177127154082,-0.0002152603115601392,-0.013157681360598326,0.0246494064028024,2.068064320427737e-05,0.00130313887388441,25.608232941214485,2019-12-03,68.41298894909532,0,0,7.610357618312838,2.4849066497880004,5.4638318050256105,7.610357618312838,2.4849066497880004,5.690529223696209
2019-12-04,BTCUSDT,7292.71,7750.0,7067.0,7194.32,83153.701586,8.909235279192261,11.328446000599556,0.07856340409901229,0.04720467947840869,-0.01358339325753926,-0.0002152603115601392,0.02475337531671929,0.001199051772575017,0.0012929900558710686,25.613091304476573,2019-12-04,68.65789602966338,0,0,7.610357618312838,2.4849066497880004,5.4638318050256105,7.610357618312838,2.4849066497880004,5.690529223696209
2019-12-05,BTCUSDT,7194.59,7485.0,7150.0,7389.0,59306.678855,8.955448122347393,10.990477206889938,0.04490377142820956,0.04662945246585891,0.026700582009980097,-0.01358339325753926,0.01892865779206646,0.0024294288143595333,0.0009111429402498105,25.607535473864658,2019-12-05,68.66491517064567,0,0,7.610357618312838,2.4849066497880004,5.4638318050256105,7.610357618312838,2.4849066497880004,5.690529223696209
2019-12-06,BTCUSDT,7389.0,7590.03,7305.0,7527.47,48189.087944,8.920656296853728,10.782887883205015,0.03701974585979356,0.04422702581434257,0.018566588172384903,0.026700582009980097,0.019098402571766555,0.0017218567394457899,0.0008157185814815161,25.62834754084904,2019-12-06,68.75698159940534,0,0,7.610357618312838,2.4849066497880004,5.4638318050256105,7.610357618312838,2.4849066497880004,5.690529223696209
2019-12-07,BTCUSDT,7527.8,7619.62,7470.16,7488.21,31498.684173,8.934590822951034,10.357701051655525,0.01608480444084471,0.0371914704709681,-0.0052292123250598415,0.018566588172384903,0.016817502486098156,0.0005048622564969694,0.0008551963896180382,25.639292971225238,2019-12-07,68.85095689601775,0,0,7.610357618312838,2.4849066497880004,5.4638318050256105,7.610357618312838,2.4849066497880004,5.690529223696209
2019-12-08,BTCUSDT,7487.31,7564.0,7374.86,7510.11,29856.897631,8.9384817786708,10.304171168542116,0.023088241903728074,0.033665663329158095,0.0029203291520898934,-0.0052292123250598415,0.015075497552388649,0.0002834123292716105,0.000929242934172467,25.63359258021452,2019-12-08,68.69461617293393,0,0,7.610357618312838,2.4849066497880004,5.4638318050256105,7.610357618312838,2.4849066497880004,5.690529223696209
2019-12-09,BTCUSDT,7510.11,7650.0,7273.0,7338.64,46621.887493,8.931155429778348,10.749825398535519,0.03494171086792241,0.03398467521384917,-0.023096573450634292,0.0029203291520898934,0.018999489395843276,0.002148553357320651,0.0008729198615702235,25.627246742587143,2019-12-09,68.62479559760078,0,0,7.610357618312838,2.4849066497880004,5.4638318050256105,7.610357618312838,2.4849066497880004,5.690529223696209
2019-12-10,BTCUSDT,7338.64,7407.6,7157.1,7224.13,49723.76214,8.942460926820582,10.814238209294663,0.02356394041795769,0.031379491514876304,-0.015726727832204117,-0.023096573450634292,0.019346546197744872,0.001454261273687059,0.0008684760257126743,25.604154504497714,2019-12-10,68.58313414764095,0,0,7.610357618312838,2.4849066497880004,5.4638318050256105,7.610357618312838,2.4849066497880004,5.690529223696209
2019-12-11,BTCUSDT,7224.15,7275.5,7125.66,7210.0,30093.091944,8.91026177918785,10.312050920875409,0.017576133008267818,0.02792865188822418,-0.0019578602262294424,-0.015726727832204117,0.014594332807845833,0.00018986138075268892,0.0008302176921414931,25.59375855689299,2019-12-11,68.50561300401793,0,0,7.610357618312838,2.4849066497880004,5.4638318050256105,7.610357618312838,2.4849066497880004,5.690529223696209
2019-12-12,BTCUSDT,7210.0,7295.0,7080.3,7198.08,42288.600932,8.892267818200333,10.6522728472047,0.025487269029741987,0.027318306173603632,-0.0016546275033925571,-0.0019578602262294424,0.009894894825542462,0.00015533093520288057,0.000823141998070102,25.59232811205589,2019-12-12,68.56652133545715,0,0,7.610357618312838,2.4849066497880004,5.4638318050256105,7.610357618312838,2.4849066497880004,5.690529223696209
2019-12-13,BTCUSDT,7197.76,7309.05,7190.76,7258.48,27609.873795,8.894944460956886,10.225928733924981,0.01610809577233551,0.0245157535732866,0.008356116731852428,-0.0016546275033925571,0.011864975747709483,0.0008171499087540707,0.00081134215682681,25.59811916638078,2019-12-13,68.52770400366882,0,0,7.610357618312838,2.4849066497880004,5.4638318050256105,7.610357618312838,2.4849066497880004,5.690529223696209
2019-12-14,BTCUSDT,7257.37,7271.77,7012.0,7064.05,29561.985967,8.8968685853381,10.29424455707466,0.01806859831181657,0.022903964757919094,-0.0271518991060132,0.008356116731852428,0.013924932831408693,0.0026375805388607378,0.001027859653996744,25.586511175969452,2019-12-14,68.4358125260091,0,0,7.610357618312838,2.4849066497880004,5.4638318050256105,7.610357618312838,2.4849066497880004,5.690529223696209
2019-12-15,BTCUSDT,7064.14,7200.3,7008.35,7118.59,26395.778137,8.891755007194318,10.180959357292963,0.0252904754262579,0.023500592425003797,0.007691130685450952,-0.0271518991060132,0.013897001629182205,0.0007554426273140495,0.0009328494794345837,25.578837263723923,2019-12-15,68.41087512429631,0,0,7.610357618312838,2.4849066497880004,5.4638318050256105,7.610357618312838,2.4849066497880004,5.690529223696209
2019-12-16,BTCUSDT,7119.6,7150.0,6836.0,6891.72,43863.993059,8.881877970802782,10.688849058844768,0.02283276426385883,0.023333635384717555,-0.032388981078060576,0.007691130685450952,0.01761811459378562,0.003030165446228232,0.001252780105490725,25.563947280641326,2019-12-16,68.71909596180325,0,0,7.610357618312838,2.4849066497880004,5.4638318050256105,7.610357618312838,2.4849066497880004,5.690529223696209
2019-12-17,BTCUSDT,6891.44,6942.21,6560.0,6623.82,53865.069929,8.874867635688053,10.894237493554499,0.02988092685068325,0.024970458251208978,-0.039648448225997265,-0.032388981078060576,0.021408285819603842,0.0036393963551331608,0.0014388223345654884,25.528495689771567,2019-12-17,69.3911389683597,0,0,7.610357618312838,2.4849066497880004,5.4638318050256105,7.610357618312838,2.4849066497880004,5.690529223696209
2019-12-18,BTCUSDT,6623.84,7440.0,6435.0,7277.83,95636.651251,8.845375446612419,11.468311406854276,0.14290594440064083,0.054454329788566944,0.09416049805106408,-0.039648448225997265,0.04966530878981307,0.008210493656004762,0.002731120732210187,25.558115563838047,2019-12-18,69.92210729297925,0,0,7.610357618312838,2.4849066497880004,5.4638318050256105,7.610357618312838,2.4849066497880004,5.690529223696209
2019-12-19,BTCUSDT,7277.83,7380.0,7038.31,7150.3,55509.049075,8.914626127827137,10.924301332840303,0.034484151750143556,0.0494617852789611,-0.017678426984101332,0.09416049805106408,0.05011700341303718,0.001618266143113151,0.0026092665024614347,25.596028076974232,2019-12-19,70.27709924565944,0,0,7.610357618312838,2.4849066497880004,5.4638318050256105,7.610357618312838,2.4849066497880004,5.690529223696209
2019-12-20,BTCUSDT,7151.31,7220.0,7079.5,7187.83,32132.069205,8.906528917594517,10.377609851063324,0.01846942596753479,0.041713695451104524,0.005235004245315183,-0.017678426984101332,0.04865396146126949,0.0005044518266196707,0.0028539174999470617,25.588328012907468,2019-12-20,70.15831692753702,0,0,7.610357618312838,2.4849066497880004,5.4638318050256105,7.610357618312838,2.4849066497880004,5.690529223696209
2019-12-21,BTCUSDT,7188.01,7190.58,7105.0,7132.75,19467.174028,8.884610231886873,9.876484942890764,0.007039798784577367,0.03304522128447274,-0.007692463798028944,0.005235004245315183,0.04875590802300291,0.0007788665544988341,0.0028503128902777194,25.58848894047919,2019-12-21,70.1260669415095,0,0,7.610357618312838,2.4849066497880004,5.4638318050256105,7.610357618312838,2.4849066497880004,5.690529223696209
2019-12-22,BTCUSDT,7131.59,7518.54,7122.47,7501.44,39137.45515,8.880527115055518,10.574835219674247,0.05409046801886443,0.038306532968070656,0.050398147797677026,-0.007692463798028944,0.04935483269969195,0.004765856559534127,0.0029449274537119816,25.611629858192487,2019-12-22,70.33522540938522,0,0,7.610357618312838,2.4849066497880004,5.4638318050256105,7.610357618312838,2.4849066497880004,5.690529223696209
2019-12-23,BTCUSDT,7500.71,7695.38,7265.84,7317.09,68051.997203,8.92512724915837,11.128027356701105,0.04117366213883048,0.03902331526076061,-0.024882294163375403,0.050398147797677026,0.046417719188244055,0.002236002246021773,0.0029637613065066687,25.62843609535337,2019-12-23,70.6203894240364,0,0,7.610357618312838,2.4849066497880004,5.4638318050256105,7.610357618312838,2.4849066497880004,5.690529223696209
2019-12-24,BTCUSDT,7317.3,7436.68,7157.04,7255.77,43629.494188,8.948375427769744,10.683488672834777,0.030391833235408144,0.036865444754422494,-0.008415693543983837,-0.024882294163375403,0.026935091877637454,0.0007877289714719004,0.0015977050786636778,25.60696170106319,2019-12-24,70.546730002575,0,0,7.610357618312838,2.4849066497880004,5.4638318050256105,7.610357618312838,2.4849066497880004,5.690529223696209
2019-12-25,BTCUSDT,7255.77,7271.77,7128.86,7204.63,27492.044323,8.914179791674835,10.221651944454658,0.01517497988785664,0.031442828537781034,-0.007073139499326842,-0.008415693543983837,0.025911328117844072,0.000691976163712372,0.0016602043867578397,25.596000484140433,2019-12-25,70.56502485872785,0,0,7.610357618312838,2.4849066497880004,5.4638318050256105,7.610357618312838,2.4849066497880004,5.690529223696209
2019-12-26,BTCUSDT,7205.01,7435.0,7157.12,7202.0,36259.761076,8.891755007194318,10.498463895097943,0.03519345922951215,0.032380486210713814,-0.0003651096792540607,-0.007073139499326842,0.025840340226779987,3.4777438194985996e-05,0.0017332130216954292,25.600864124471123,2019-12-26,70.56722201504465,0,0,7.610357618312838,2.4849066497880004,5.4638318050256105,7.610357618312838,2.4849066497880004,5.690529223696209
2019-12-27,BTCUSDT,7202.0,7275.86,7076.42,7254.74,33642.701861,8.913953858894255,10.423551427776042,0.02685823532334194,0.030999923488870845,0.0072962831137449915,-0.0003651096792540607,0.025633548561960574,0.0006999805358375556,0.001740509121792622,25.59307593787897,2019-12-27,70.4491140460666,0,0,7.610357618312838,2.4849066497880004,5.4638318050256105,7.610357618312838,2.4849066497880004,5.690529223696209
2019-12-28,BTCUSDT,7254.77,7365.01,7238.67,7316.14,26848.982199,8.8923172981115,10.19798319229115,0.01687009198976901,0.027467465614095386,0.008427818145064376,0.0072962831137449915,0.012329729215499564,0.000826420085829826,0.0007255737555689006,25.60638598469318,2019-12-28,70.33947839509155,0,0,7.610357618312838,2.4849066497880004,5.4638318050256105,7.610357618312838,2.4849066497880004,5.690529223696209
2019-12-29,BTCUSDT,7315.36,7528.45,7288.0,7388.24,31387.106085,8.90449568666906,10.35415245332735,0.031356161634176136,0.028439639619115574,0.009806680434861516,0.008427818145064376,0.008072353853113046,0.0009471253662785406,0.0003224421605740926,25.61844117043714,2019-12-29,70.19515491042128,0,0,7.610357618312838,2.4849066497880004,5.4638318050256105,7.610357618312838,2.4849066497880004,5.690529223696209
2019-12-30,BTCUSDT,7388.43,7408.24,7220.0,7246.0,29605.911782,8.926444456311808,10.29572934273516,0.012321128826970229,0.024410011921079236,-0.01943995444746896,0.009806680434861516,0.011386015040486343,0.0018881570989612423,0.0005999670697565896,25.60838201181643,2019-12-30,69.98655002578113,0,0,7.610357618312838,2.4849066497880004,5.4638318050256105,7.610357618312838,2.4849066497880004,5.690529223696209
2019-12-31,BTCUSDT,7246.0,7320.0,7145.01,7195.23,25954.453533,8.910348173209439,10.164098493637834,0.01855142845546811,0.022945366054676453,-0.007031286000974238,-0.01943995444746896,0.011380991864649756,0.0006917766494859762,0.0005999774569306779,25.594596319799177,2019-12-31,70.00018541870904,0,0,7.610357618312838,2.4849066497880004,5.4638318050256105,7.610357618312838,2.4849066497880004,5.690529223696209
2020-01-01,BTCUSDT,7195.24,7255.0,7175.15,7200.85,16792.388165,8.898365606955357,9.728680977300472,0.010076508013692214,0.019728151544430392,0.000780768137645281,-0.007031286000974238,0.011387633709980765,8.025426462919432e-05,0.0005878127316875819,25.592392895475353,2020-01-01,69.96825036231105,0,0,7.61085279039525,0.0,5.293304824724492,7.61085279039525,0.0,5.527069495147359
2020-01-02,BTCUSDT,7200.77,7212.5,6924.74,6965.71,31951.483932,8.889446165318288,10.371973904173133,0.017229304070445827,0.019103439675934253,-0.033199534310396885,0.000780768137645281,0.016863512089012402,0.0032008887235089505,0.0011100686604084546,25.574553007838826,2020-01-02,69.95474907988518,0,0,7.61085279039525,0.0,5.293304824724492,7.61085279039525,0.0,5.527069495147359
2020-01-03,BTCUSDT,6965.49,7405.0,6871.04,7344.96,68428.500451,8.883570910816355,11.13354469008668,0.07409369170089755,0.03285100268217508,0.05301482343029991,-0.033199534310396885,0.02978031518232583,0.0047617200905929235,0.0017638780920029619,25.586232514130092,2020-01-03,69.95305268243612,0,0,7.61085279039525,0.0,5.293304824724492,7.61085279039525,0.0,5.527069495147359
2020-01-04,BTCUSDT,7345.0,7404.0,7272.21,7354.11,29987.974977,8.909910726701899,10.308551746188831,0.015975923544055446,0.02863223289764517,0.0012449768838231309,0.05301482343029991,0.029457487417537728,0.00012077126976477667,0.0018839856444370477,25.61414389717235,2020-01-04,69.90363053612036,0,0,7.61085279039525,0.0,5.293304824724492,7.61085279039525,0.0,5.527069495147359
2020-01-05,BTCUSDT,7354.19,7495.0,7318.0,7358.75,38331.085604,8.909775673693389,10.554016480540705,0.021923992507213892,0.026955172800037352,0.000630740747051131,0.0012449768838231309,0.02801800200574408,5.976310044750061e-05,0.002008785618963177,25.619969526818938,2020-01-05,69.77603582999495,0,0,7.61085279039525,0.0,5.293304824724492,7.61085279039525,0.0,5.527069495147359
2020-01-06,BTCUSDT,7357.64,7795.34,7346.76,7758.0,54635.695316,8.921991410536698,10.908442708491082,0.05920674430388496,0.03501806567599925,0.05283448765744147,0.000630740747051131,0.03394598318380454,0.004843449158541699,0.0023641567047750552,25.645605590740928,2020-01-06,69.32000868159336,0,0,7.61085279039525,0.0,5.293304824724492,7.61085279039525,0.0,5.527069495147359
2020-01-07,BTCUSDT,7758.9,8207.68,7723.71,8145.28,91171.684661,8.961281398244308,11.420499652646683,0.06048940039075548,0.04138589935468831,0.04871404936371501,0.05283448765744147,0.036188227965329944,0.004265491952659498,0.002235419875349537,25.697311461749372,2020-01-07,69.79313006485535,0,0,7.61085279039525,0.0,5.293304824724492,7.61085279039525,0.0,5.527069495147359
2020-01-08,BTCUSDT,8145.92,8455.0,7870.0,8055.98,112622.64264,9.012825580295788,11.631798063637197,0.058949218166447694,0.045776729057628154,-0.011023945589959614,0.04871404936371501,0.030246746093379052,0.0009477421744813621,0.0023558048818737624,25.717731127988806,2020-01-08,70.56895904768442,0,0,7.61085279039525,0.0,5.293304824724492,7.61085279039525,0.0,5.527069495147359
2020-01-09,BTCUSDT,8054.72,8055.96,7750.0,7817.76,64239.51983,9.042513261332681,11.070373873966307,0.018484611432033168,0.038953699651229405,-0.03001660428030768,-0.011023945589959614,0.03328781247826502,0.002711435460268994,0.0020965244211024643,25.69072500968817,2020-01-09,70.33634583994845,0,0,7.61085279039525,0.0,5.293304824724492,7.61085279039525,0.0,5.527069495147359
2020-01-10,BTCUSDT,7817.74,8199.0,7672.0,8197.02,82406.777448,8.994167469142775,11.319422963097693,0.0664006427575081,0.045815435427799076,0.04737260507373657,-0.03001660428030768,0.035969919604598284,0.004185072439485246,0.0019586638062920295,25.697986366838894,2020-01-10,69.91391862676429,0,0,7.61085279039525,0.0,5.293304824724492,7.61085279039525,0.0,5.527069495147359
2020-01-11,BTCUSDT,8198.86,8286.34,8003.16,8020.01,54810.032667,9.011767474596178,10.911628534044363,0.020490334381336114,0.039484160166183335,-0.02183100482452105,0.04737260507373657,0.03917584332593638,0.0020007100458385428,0.0015196136919961433,25.71701808209617,2020-01-11,69.68010526635763,0,0,7.61085279039525,0.0,5.293304824724492,7.61085279039525,0.0,5.527069495147359
2020-01-12,BTCUSDT,8020.01,8197.0,7960.0,8184.98,38131.494336,9.022363654863339,10.548795842642296,0.029150797364442347,0.03690081946574809,0.02036109856547728,-0.02183100482452105,0.03479227451036458,0.001930182256743455,0.0013269616690924665,25.71268265713134,2020-01-12,69.55559422071806,0,0,7.61085279039525,0.0,5.293304824724492,7.61085279039525,0.0,5.527069495147359
2020-01-13,BTCUSDT,8184.97,8196.0,8055.89,8110.34,31159.755683,9.011523512653032,10.346882659228656,0.011414941384819233,0.030529349945515875,-0.009160976526190662,0.02036109856547728,0.02911596892184203,0.0008853851761834513,0.0012298336172146087,25.716915509837968,2020-01-13,69.53081852823016,0,0,7.61085279039525,0.0,5.293304824724492,7.61085279039525,0.0,5.527069495147359
2020-01-14,BTCUSDT,8110.34,8880.0,8105.54,8810.01,120399.126742,9.011401509358791,11.698567558857134,0.09122810700220155,0.04570403920968729,0.08274878422149841,-0.009160976526190662,0.04389384680062173,0.007073411663879161,0.0022177473887548243,25.760737852951184,2020-01-14,68.42748042013127,0,0,7.61085279039525,0.0,5.293304824724492,7.61085279039525,0.0,5.527069495147359
2020-01-15,BTCUSDT,8814.64,8916.48,8564.0,8821.41,84816.297606,9.091556835986216,11.348242992064103,0.036298757544907106,0.04335271879349224,0.001293146166175448,0.08274878422149841,0.03908155413236193,0.00011395122285271413,0.0025453585025781524,25.79476683822549,2020-01-15,67.54065709138932,0,0,7.61085279039525,0.0,5.293304824724492,7.61085279039525,0.0,5.527069495147359
2020-01-16,BTCUSDT,8820.01,8859.81,8586.0,8720.01,51991.074284,9.095656528857472,10.85882733444568,0.02361769228968863,0.03841896216754134,-0.011561336478177777,0.001293146166175448,0.038262838772453525,0.0010646947522135878,0.002499139840576688,25.79087279380808,2020-01-16,67.76195467671553,0,0,7.61085279039525,0.0,5.293304824724492,7.61085279039525,0.0,5.527069495147359
2020-01-17,BTCUSDT,8720.15,9041.65,8672.44,8913.28,70897.737377,9.089280598673927,11.1689937991337,0.040739795660348924,0.03899917054074324,0.021921914733313886,-0.011561336478177777,0.034937411433656154,0.0019627475068536805,0.0024997266118514986,25.800206456238897,2020-01-17,67.4557242325987,0,0,7.61085279039525,0.0,5.293304824724492,7.61085279039525,0.0,5.527069495147359
2020-01-18,BTCUSDT,8913.27,8988.88,8806.38,8915.96,38294.746545,9.10959695885498,10.553067999833738,0.01795724926879334,0.03373869022275577,0.0003006297542892932,0.021921914733313886,0.035574443982866924,2.8487427001705055e-05,0.0026523787000548153,25.808683654133862,2020-01-18,67.05554133465935,0,0,7.61085279039525,0.0,5.293304824724492,7.61085279039525,0.0,5.527069495147359
2020-01-19,BTCUSDT,8915.09,9198.98,8466.0,8701.7,70676.889259,9.10374353683472,11.16587391384936,0.06342119181226731,0.041159315620133655,-0.024324520325978746,0.0003006297542892932,0.03802503399328106,0.0021784699087286246,0.0026100550041874815,25.79967694667839,2020-01-19,67.14847465846317,0,0,7.61085279039525,0.0,5.293304824724492,7.61085279039525,0.0,5.527069495147359
2020-01-20,BTCUSDT,8701.72,8746.99,8521.28,8642.35,38896.639746,9.126847887325429,10.56866314402451,0.02076716558600332,0.03606127811160107,-0.0068438722969167065,-0.024324520325978746,0.015446607719425366,0.0006475627242208217,0.0009135631192033055,25.779785371003552,2020-01-20,67.32652365009308,0,0,7.61085279039525,0.0,5.293304824724492,7.61085279039525,0.0,5.527069495147359
2020-01-21,BTCUSDT,8642.35,8789.0,8488.0,8736.03,36494.687659,9.076464920170087,10.504921985389046,0.03324773077503492,0.03535789127745953,0.010781316488657582,-0.0068438722969167065,0.016451853809562256,0.0010263109524899817,0.0008063630805635475,25.781220257099214,2020-01-21,67.0529000505416,0,0,7.61085279039525,0.0,5.293304824724492,7.61085279039525,0.0,5.527069495147359
2020-01-22,BTCUSDT,8736.04,8818.0,8590.0,8682.36,29080.557138,9.081256218564645,10.27782509026723,0.020613514700178154,0.03167179713313919,-0.006162471944631271,0.010781316488657582,0.01593909629357846,0.0005995891047481372,0.0008380943894345323,25.785418755417258,2020-01-22,66.96135942562759,0,0,7.61085279039525,0.0,5.293304824724492,7.61085279039525,0.0,5.527069495147359
2020-01-23,BTCUSDT,8682.77,8691.81,8306.39,8404.52,48165.944597,9.084550365917883,10.782407506688402,0.023825692380492744,0.02971027094497758,-0.03252372475192156,-0.006162471944631271,0.015968173619781346,0.0030163694640317445,0.0011234064711367457,25.763901351537797,2020-01-23,67.21741911220195,0,0,7.61085279039525,0.0,5.293304824724492,7.61085279039525,0.0,5.527069495147359
2020-01-24,BTCUSDT,8404.52,8528.02,8238.0,8439.0,41687.529529,9.070136481956549,10.637957310999557,0.03141876870893872,0.030137395385967866,0.004094161809795407,-0.03252372475192156,0.0165136596833622,0.00038486353066693346,0.0010531659596193447,25.750345902890718,2020-01-24,67.48444113242194,0,0,7.61085279039525,0.0,5.293304824724492,7.61085279039525,0.0,5.527069495147359
2020-01-25,BTCUSDT,8438.99,8451.26,8254.9,8340.58,25521.157932,9.051112491618635,10.14726310994035,0.016183267896752205,0.02664886351366395,-0.01173105985876297,0.004094161809795407,0.014925147478729138,0.0011560811749594942,0.0009631927621639018,25.747419664108417,2020-01-25,67.5100876333739,0,0,7.61085279039525,0.0,5.293304824724492,7.61085279039525,0.0,5.527069495147359
2020-01-26,BTCUSDT,8340.01,8618.13,8293.66,8615.0,31130.485164,9.042070821661103,10.34594284840897,0.03835037147928202,0.029574240505068468,0.0323721116628264,-0.01173105985876297,0.021966631935254423,0.0031289667976277945,0.0012110819084341523,25.757633936517212,2020-01-26,67.30264210652949,0,0,7.61085279039525,0.0,5.293304824724492,7.61085279039525,0.0,5.527069495147359
2020-01-27,BTCUSDT,8614.39,9000.0,8535.0,8907.57,53973.542996,9.061623402768438,10.89624926096586,0.05214059189232042,0.03521582835188146,0.03339660703325178,0.0323721116628264,0.025885955979699414,0.0030649635698854647,0.0013155606892907377,25.794186987003926,2020-01-27,67.18066890453946,0,0,7.61085279039525,0.0,5.293304824724492,7.61085279039525,0.0,5.527069495147359
2020-01-28,BTCUSDT,8907.57,9400.0,8862.4,9374.21,74584.853765,9.104979856318357,11.219692732937185,0.058773377000208495,0.04110521551396322,0.05106082462602789,0.03339660703325178,0.031632199276768365,0.004551000267247137,0.0015134541525496867,25.83775165800666,2020-01-28,67.54722413989593,1,0,7.61085279039525,0.0,5.293304824724492,7.61085279039525,0.0,5.527069495147359
2020-01-29,BTCUSDT,9375.34,9449.24,9216.0,9301.53,53864.065122,9.148464968258095,10.894218839232257,0.018830441146633976,0.03553652192213091,-0.007783398882224428,0.05106082462602789,0.02557922386846889,0.0007144522243480968,0.0016566857159606536,25.857412678764288,2020-01-29,67.68374079704418,0,0,7.61085279039525,0.0,5.293304824724492,7.61085279039525,0.0,5.527069495147359
2020-01-30,BTCUSDT,9301.57,9578.0,9204.44,9513.21,60626.744259,9.15368959397324,11.012491399108374,0.03887703543894538,0.036371650301334525,0.022502456278908796,-0.007783398882224428,0.024828802651478996,0.0020433574441411782,0.0014216051344422928,25.863142518507473,2020-01-30,67.48951260341073,0,0,7.61085279039525,0.0,5.293304824724492,7.61085279039525,0.0,5.527069495147359
2020-01-31,BTCUSDT,9511.52,9530.22,9210.01,9352.89,45552.022352,9.167224080902555,10.726610300209655,0.023728142489756385,0.03321077334843999,-0.01699597258492471,0.022502456278908796,0.026226890545606767,0.0015844681692773455,0.0013531459217054197,25.864045522846123,2020-01-31,67.37081908463381,0,0,7.61085279039525,0.0,5.293304824724492,7.61085279039525,0.0,5.527069495147359
2020-02-01,BTCUSDT,9351.71,9464.53,9281.0,9384.61,28578.067354,9.162223081376547,10.260394826874062,0.017862961082203112,0.02937382028188077,0.003385727050131138,-0.01699597258492471,0.025959759512030372,0.00032998019152861736,0.0015648674241464326,25.861778797983096,2020-02-01,67.27771496885237,0,0,7.61085279039525,0.6931471805599453,5.3230099791384085,7.61085279039525,0.6931471805599453,5.464032333223572
2020-02-02,BTCUSDT,9384.41,9477.03,9120.0,9331.51,45690.91254,9.155306405780804,10.729654706780721,0.032130972378108844,0.030063108305937787,-0.005674268221518584,0.003385727050131138,0.025085334313676443,0.0005288397787798958,0.0015777124831419821,25.85773158302807,2020-02-02,66.83943214577809,0,0,7.61085279039525,0.6931471805599453,5.3230099791384085,7.61085279039525,0.6931471805599453,5.464032333223572
2020-02-03,BTCUSDT,9331.59,9618.79,9234.0,9292.24,50892.133451,9.156626255023905,10.837463641498404,0.03610629802305194,0.031573905735216325,-0.004217202035113095,-0.005674268221518584,0.013449121408363145,0.00038913182776131725,0.0007110314281507167,25.860628903226637,2020-02-03,66.6392031648536,0,0,7.61085279039525,0.6931471805599453,5.3230099791384085,7.61085279039525,0.6931471805599453,5.464032333223572
2020-02-04,BTCUSDT,9291.35,9350.0,9093.01,9197.02,53308.175266,9.171473756123053,10.883844980493418,0.020513176102629444,0.028808723327069605,-0.01030012470407638,-0.004217202035113095,0.013722114303888635,0.0009463681927238754,0.000703118846076035,25.84561741295904,2020-02-04,66.32271043731595,0,0,7.61085279039525,0.6931471805599453,5.3230099791384085,7.61085279039525,0.6931471805599453,5.464032333223572
2020-02-05,BTCUSDT,9197.02,9744.45,9177.22,9612.04,64870.415615,9.143131622282732,11.080146953077282,0.059727234190820704,0.03653835104300738,0.044136960790043735,-0.01030012470407638,0.021847973679060047,0.003983427383856638,0.0013979863745767177,25.86821048013432,2020-02-05,65.8813858670268,0,0,7.61085279039525,0.6931471805599453,5.3230099791384085,7.61085279039525,0.6931471805599453,5.464032333223572
2020-02-06,BTCUSDT,9612.03,9862.57,9526.35,9772.0,64949.706588,9.18445317114932,11.081368504582768,0.033473191677338685,0.035772061201590204,0.016504674065094656,0.044136960790043735,0.020335933677144622,0.0014894075635395617,0.0013945665452570072,25.89622871303552,2020-02-06,65.63128190808482,0,0,7.61085279039525,0.6931471805599453,5.3230099791384085,7.61085279039525,0.6931471805599453,5.464032333223572
2020-02-07,BTCUSDT,9772.0,9885.0,9730.0,9813.73,43966.114632,9.19650206272083,10.691174494204112,0.01478569184682974,0.030525468862900088,0.00426127217580927,0.016504674065094656,0.020305295491244244,0.0003985784890256338,0.0013854930471129193,25.906942916918435,2020-02-07,65.3409444225862,0,0,7.61085279039525,0.6931471805599453,5.3230099791384085,7.61085279039525,0.6931471805599453,5.464032333223572
2020-02-08,BTCUSDT,9813.87,9940.0,9667.11,9895.05,43600.843666,9.198773735604718,10.682831779287529,0.026582742270700822,0.02953978721485027,0.008252206527558531,0.00426127217580927,0.019274570198337757,0.0007724736940591324,0.0013621215426036018,25.91095663661143,2020-02-08,65.08320454119311,0,0,7.61085279039525,0.6931471805599453,5.3230099791384085,7.61085279039525,0.6931471805599453,5.464032333223572
2020-02-09,BTCUSDT,9895.04,10166.0,9880.75,10151.75,43408.475616,9.20432229965062,10.678409991712996,0.028424762408176894,0.029261031013181928,0.025611472320488028,0.008252206527558531,0.018785032436031673,0.0023984350048709374,0.0013312192293637446,25.931152292795453,2020-02-09,65.0636362360085,0,0,7.61085279039525,0.6931471805599453,5.3230099791384085,7.61085279039525,0.6931471805599453,5.464032333223572
2020-02-10,BTCUSDT,10151.72,10188.0,9756.0,9851.83,59573.084619,9.226804098006848,10.994959150698943,0.02330706537264869,0.027772539603048617,-0.02998887968955256,0.025611472320488028,0.02479361961574291,0.002727511696816644,0.0013375540977545826,25.9259269149434,2020-02-10,64.71125335673223,0,0,7.61085279039525,0.6931471805599453,5.3230099791384085,7.61085279039525,0.6931471805599453,5.464032333223572
2020-02-11,BTCUSDT,9851.74,10323.59,9700.0,10223.08,62422.395224,9.228965836099349,11.041679387789614,0.0610748237901945,0.03609811064983509,0.03699068450599928,-0.02998887968955256,0.0230181692876482,0.0033500958691940687,0.0011591882959444643,25.933911620190877,2020-02-11,64.4446032094022,0,0,7.61085279039525,0.6931471805599453,5.3230099791384085,7.61085279039525,0.6931471805599453,5.464032333223572
2020-02-12,BTCUSDT,10223.08,10450.0,10223.08,10326.46,61008.06393,9.242186846760488,11.018761329992154,0.021954069175023357,0.032562100281132156,0.010061623972999353,0.03699068450599928,0.022818670332489948,0.0009131356666753865,0.0012180261850901987,25.961483425322122,2020-02-12,63.94622674219182,0,0,7.61085279039525,0.6931471805599453,5.3230099791384085,7.61085279039525,0.6931471805599453,5.464032333223572
2020-02-13,BTCUSDT,10325.33,10500.0,10080.0,10229.63,79344.358759,9.254357257392957,11.28155263028302,0.03223552550472666,0.03248045658703078,-0.009421122032285924,0.010061623972999353,0.024060587757013703,0.0008350909082316249,0.0011303217706601558,25.9578333687201,2020-02-13,63.267648704760944,0,0,7.61085279039525,0.6931471805599453,5.3230099791384085,7.61085279039525,0.6931471805599453,5.464032333223572
2020-02-14,BTCUSDT,10227.78,10381.56,10111.37,10344.36,47038.480173,9.259130536145614,10.758721272803104,0.025579644900883845,0.03075525366549405,0.011153032471666205,-0.009421122032285924,0.024121833643620742,0.0010366503777600297,0.0010849951476532486,25.955799865923836,2020-02-14,62.749170019170016,0,0,7.61085279039525,0.6931471805599453,5.3230099791384085,7.61085279039525,0.6931471805599453,5.464032333223572
2020-02-15,BTCUSDT,10344.36,10375.0,9801.0,9904.72,57657.202947,9.247786434444958,10.9622704605985,0.027135531364861704,0.029850323090335962,-0.043430032448461935,0.011153032471666205,0.029553512919320978,0.003961773485206532,0.00138229400311649,25.93891802524444,2020-02-15,62.86100102824403,0,0,7.61085279039525,0.6931471805599453,5.3230099791384085,7.61085279039525,0.6931471805599453,5.464032333223572
2020-02-16,BTCUSDT,9904.46,10050.0,9638.12,9917.27,60023.999537,9.247154345098899,11.002499753511984,0.03726562382938091,0.031704148275097196,0.0012662706092510477,-0.043430032448461935,0.02669517100625191,0.00011508935583905428,0.0015593338331572498,25.91634841795184,2020-02-16,63.938301170970526,0,0,7.61085279039525,0.6931471805599453,5.3230099791384085,7.61085279039525,0.6931471805599453,5.464032333223572
2020-02-17,BTCUSDT,9910.7,9964.16,9452.67,9706.0,70261.011901,9.215327913487222,11.159972327950664,0.03917789705320811,0.033572585469624924,-0.021533430825940978,0.0012662706092510477,0.02105633141597936,0.0019295236756106922,0.0013532731925191231,25.90492468097284,2020-02-17,64.10880147232893,0,0,7.61085279039525,0.6931471805599453,5.3230099791384085,7.61085279039525,0.6931471805599453,5.464032333223572
2020-02-18,BTCUSDT,9706.0,10250.0,9576.01,10164.71,70604.124019,9.206749934061255,11.164843835642165,0.0671833867058821,0.04197528577868922,0.04617766642322519,-0.021533430825940978,0.030513744064056488,0.004135988564014627,0.001688424110016072,25.923185736858063,2020-02-18,63.61654857957787,0,0,7.61085279039525,0.6931471805599453,5.3230099791384085,7.61085279039525,0.6931471805599453,5.464032333223572
2020-02-19,BTCUSDT,10164.78,10250.0,9350.0,9593.79,55162.586895,9.235032984566555,10.91804022883149,0.054017481153078785,0.04498583462228661,-0.05780590324636327,0.04617766642322519,0.03811403898685979,0.005294531072867276,0.002020662443190468,25.913583628982128,2020-02-19,63.84995517738311,0,0,7.61085279039525,0.6931471805599453,5.3230099791384085,7.61085279039525,0.6931471805599453,5.464032333223572
2020-02-20,BTCUSDT,9594.65,9699.0,9400.0,9596.42,60152.342914,9.235032984566555,11.004635671832942,0.027614909142031276,0.04064310325222278,0.00027409809652581926,-0.05780590324636327,0.03711239829250853,2.4907512133944662e-05,0.0022237996200814418,25.885210721552212,2020-02-20,64.18744528135464,0,0,7.61085279039525,0.6931471805599453,5.3230099791384085,7.61085279039525,0.6931471805599453,5.464032333223572
2020-02-21,BTCUSDT,9597.21,9755.51,9550.21,9677.05,42181.554524,9.179778066393542,10.649738307881867,0.02031580162195443,0.03556127784465569,0.008366990519610176,0.00027409809652581926,0.03440681888102543,0.0007856522177092154,0.0022061851553625417,25.894856444810852,2020-02-21,64.12319997611029,0,0,7.61085279039525,0.6931471805599453,5.3230099791384085,7.61085279039525,0.6931471805599453,5.464032333223572
2020-02-22,BTCUSDT,9677.05,9709.17,9560.02,9650.86,24636.757623,9.185587532572214,10.111994819013086,0.01289836629906293,0.029895549958257498,-0.002710072225020686,0.008366990519610176,0.03432616900603961,0.0002680056975429883,0.0021801248242212497,25.895762487644763,2020-02-22,64.09587005235527,0,0,7.61085279039525,0.6931471805599453,5.3230099791384085,7.61085279039525,0.6931471805599453,5.464032333223572
2020-02-23,BTCUSDT,9650.85,9990.0,9645.0,9936.4,37702.089843,9.180826078744097,10.537470805401048,0.03509850727771592,0.031196289288122105,0.029157751478757078,-0.002710072225020686,0.03552398400087944,0.0027670540699208475,0.002195849146425728,25.9125198313829,2020-02-23,63.96991856913117,0,0,7.61085279039525,0.6931471805599453,5.3230099791384085,7.61085279039525,0.6931471805599453,5.464032333223572
2020-02-24,BTCUSDT,9936.4,9990.0,9473.56,9656.13,55796.59612,9.2093398716426,10.929468145075047,0.03458419209136734,0.03204326498893341,-0.02861183519342414,0.029157751478757078,0.030491473068775456,0.002617861620861852,0.0020094643749639335,25.907940629217922,2020-02-24,64.05025990285039,0,0,7.61085279039525,0.6931471805599453,5.3230099791384085,7.61085279039525,0.6931471805599453,5.464032333223572
2020-02-25,BTCUSDT,9655.52,9675.0,9250.0,9315.84,54379.344552,9.2093398716426,10.903739665006063,0.019870981660048824,0.02900019415671226,-0.03587676971484084,-0.02861183519342414,0.02403881002965953,0.0032903178924916943,0.0014261540716700345,25.87550790360305,2020-02-25,64.54523670208934,0,0,7.61085279039525,0.6931471805599453,5.3230099791384085,7.61085279039525,0.6931471805599453,5.464032333223572
2020-02-26,BTCUSDT,9316.48,9377.44,8633.63,8785.25,92130.345482,9.177300517897983,11.430959652036249,0.043175969198221725,0.03254413791708963,-0.05864199828916444,-0.03587676971484084,0.032162831007265656,0.005130102815008911,0.0017632200965404412,25.826276920312985,2020-02-26,65.3646007216407,0,0,7.61085279039525,0.6931471805599453,5.3230099791384085,7.61085279039525,0.6931471805599453,5.464032333223572
2020-02-27,BTCUSDT,8786.0,8971.77,8531.0,8823.21,72483.578762,9.146062083641786,11.191115315353322,0.04523271078799692,0.03571628113481645,0.004311570552474216,-0.05864199828916444,0.031618647864270315,0.0003852672795319233,0.001845659493900267,25.798385312834725,2020-02-27,65.4416716604926,0,0,7.61085279039525,0.6931471805599453,5.3230099791384085,7.61085279039525,0.6931471805599453,5.464032333223572
2020-02-28,BTCUSDT,8823.25,8900.0,8445.0,8692.91,71155.208977,9.101838260001657,11.172618812039875,0.04149975889545476,0.03716215057497603,-0.014877998499183857,0.004311570552474216,0.031026996204687938,0.0013316482688150945,0.0016382267745420123,25.791919107402883,2020-02-28,65.36866994500762,0,0,7.61085279039525,0.6931471805599453,5.3230099791384085,7.61085279039525,0.6931471805599453,5.464032333223572
2020-02-29,BTCUSDT,8690.8,8790.0,8523.55,8523.61,36748.183035,9.093806555720231,10.511844062194236,0.01869495650671136,0.032545352057909864,-0.019667790863484216,-0.014877998499183857,0.021219340490077537,0.001871012426280111,0.0016592416164496581,25.78345558428675,2020-02-29,65.31100506575676,0,0,7.61085279039525,0.6931471805599453,5.3230099791384085,7.61085279039525,0.6931471805599453,5.464032333223572
2020-03-01,BTCUSDT,8523.61,8750.0,8411.0,8531.88,43892.201779,9.081369990679223,10.68949194727045,0.035008123878064616,0.03316104501294855,0.0009697757904506052,-0.019667790863484216,0.023664402052297816,9.072234632238405e-05,0.0019066652983450515,25.774115983520687,2020-03-01,65.42293898960986,0,0,7.61085279039525,1.0986122886681098,5.8888779583328805,7.61085279039525,1.0986122886681098,5.821676605474622
2020-03-02,BTCUSDT,8530.3,8965.75,8498.0,8915.24,60401.31773,9.07680897935166,11.008766200406779,0.053380541921863436,0.038215919240177275,0.043952436059954136,0.0009697757904506052,0.03369396121528038,0.0039924942777266065,0.002018742789846132,25.793550040286554,2020-03-02,65.22441573172395,0,0,7.61085279039525,1.0986122886681098,5.8888779583328805,7.61085279039525,1.0986122886681098,5.821676605474622
2020-03-03,BTCUSDT,8911.18,8919.65,8651.0,8760.07,55154.997282,9.101167041212657,10.917902633124177,0.02000773162937188,0.03366387233747593,-0.017558276088587222,0.043952436059954136,0.02394344816374055,0.0016082096240093405,0.0013860675057651769,25.80375130790266,2020-03-03,65.13670843935789,0,0,7.61085279039525,1.0986122886681098,5.8888779583328805,7.61085279039525,1.0986122886681098,5.821676605474622
2020-03-04,BTCUSDT,8760.07,8848.29,8660.0,8750.87,38696.482578,9.096011987136077,10.563503985429811,0.018315587358300953,0.02982680109268218,-0.0010507717856942027,-0.017558276088587222,0.02382870159241751,9.947189750139036e-05,0.0014378988232391808,25.797633078682583,2020-03-04,65.14084385806687,0,0,7.61085279039525,1.0986122886681098,5.8888779583328805,7.61085279039525,1.0986122886681098,5.821676605474622
2020-03-05,BTCUSDT,8750.99,9159.42,8746.54,9054.68,58201.866355,9.087979498993537,10.97167270116069,0.04606120599215101,0.033885402317549385,0.0341286271212737,-0.0010507717856942027,0.02652038066100725,0.003110612943973734,0.0015735224090133678,25.81793886584546,2020-03-05,65.20251764182977,0,0,7.61085279039525,1.0986122886681098,5.8888779583328805,7.61085279039525,1.0986122886681098,5.821676605474622
2020-03-06,BTCUSDT,9054.64,9170.0,8985.5,9131.88,43782.948044,9.122538136886165,10.686999706498217,0.019523823975512753,0.030295007732040226,0.008489836857210005,0.0341286271212737,0.02318217668038552,0.0007944078871872496,0.0016237608567481532,25.836400458805706,2020-03-06,65.05219734118518,0,0,7.61085279039525,1.0986122886681098,5.8888779583328805,7.61085279039525,1.0986122886681098,5.821676605474622
2020-03-07,BTCUSDT,9130.89,9188.0,8835.0,8886.66,45422.204525,9.123692565250511,10.723756350919388,0.020888562078316946,0.027943396318609405,-0.027220312082118024,0.008489836857210005,0.028079722969917436,0.00253831877481852,0.0014634758619403625,25.829334424655162,2020-03-07,64.85889925128878,0,0,7.61085279039525,1.0986122886681098,5.8888779583328805,7.61085279039525,1.0986122886681098,5.821676605474622
2020-03-08,BTCUSDT,8885.25,8886.76,8000.0,8033.31,77537.315166,9.125653563808989,11.258514585477146,0.02130600725441359,0.026284049052560453,-0.10095462863465858,-0.027220312082118024,0.04619655985583328,0.008966958106967717,0.003191084267593456,25.763621398610038,2020-03-08,65.63973687076714,0,0,7.61085279039525,1.0986122886681098,5.8888779583328805,7.61085279039525,1.0986122886681098,5.821676605474622
2020-03-09,BTCUSDT,8034.76,8179.31,7632.01,7929.87,116968.863268,9.092317807635094,11.669663052447579,0.05660168590834101,0.033863458266505594,-0.012960005190206313,-0.10095462863465858,0.04623075990182171,0.0011105723560277175,0.00323605833617841,25.690623627162882,2020-03-09,65.76375913471509,0,0,7.61085279039525,1.0986122886681098,5.8888779583328805,7.61085279039525,1.0986122886681098,5.821676605474622
2020-03-10,BTCUSDT,7929.87,8149.0,7728.01,7894.56,86783.443875,9.009363073960717,11.371171143688208,0.04467332545505072,0.036565925063641876,-0.00446272739082808,-0.012960005190206313,0.046021837635215716,0.0003924597857543639,0.00318957691610492,25.69728506460847,2020-03-10,65.39039058776767,0,0,7.61085279039525,1.0986122886681098,5.8888779583328805,7.61085279039525,1.0986122886681098,5.821676605474622
2020-03-11,BTCUSDT,7894.57,7980.0,7590.0,7934.52,79942.411172,9.00565049932022,11.289061794082146,0.047810282665830525,0.039377014464189036,0.0050489459763729885,-0.00446272739082808,0.040771650763241504,0.00044724230130618143,0.0033233822785183743,25.689955177874314,2020-03-11,65.76189264987865,0,0,7.61085279039525,1.0986122886681098,5.8888779583328805,7.61085279039525,1.0986122886681098,5.821676605474622
2020-03-12,BTCUSDT,7934.58,7966.17,4410.0,4800.0,261505.608653,8.984693690443855,12.474211010260934,0.22830426003414606,0.08660882585667828,-0.5026069427414592,0.0050489459763729885,0.19739217555986585,0.04029168196112996,0.015686909248280936,25.474452156770393,2020-03-12,65.60402467170141,0,0,7.61085279039525,1.0986122886681098,5.8888779583328805,7.61085279039525,1.0986122886681098,5.821676605474622
2020-03-13,BTCUSDT,4800.01,5955.0,3782.13,5578.6,402201.673764,8.982959104211847,12.904708917833661,0.4364672036206985,0.17407342029768336,0.15032193094234547,-0.5026069427414592,0.2233754617124578,0.01164861074352542,0.015379155457931844,25.25697480562112,2020-03-13,65.21662601669463,0,0,7.61085279039525,1.0986122886681098,5.8888779583328805,7.61085279039525,1.0986122886681098,5.821676605474622
2020-03-14,BTCUSDT,5576.05,5640.52,5055.13,5172.06,136910.135974,8.691986481789401,11.8270800477907,0.05918093139696443,0.14535029807250363,-0.07566678708579554,0.15032193094234547,0.22308510355244135,0.006397757246931807,0.01546511004530028,25.31623778136836,2020-03-14,64.72895956897949,0,0,7.61085279039525,1.0986122886681098,5.8888779583328805,7.61085279039525,1.0986122886681098,5.821676605474622
2020-03-15,BTCUSDT,5172.48,5940.0,5093.1,5361.3,139916.146534,8.637731538823637,11.848798568818669,0.1485802251181669,0.14615777983391945,0.03593542121832906,-0.07566678708579554,0.22659937563831933,0.0030328324858941236,0.015261500913963227,25.31400904827227,2020-03-15,65.53908167221266,0,0,7.61085279039525,1.0986122886681098,5.8888779583328805,7.61085279039525,1.0986122886681098,5.821676605474622
2020-03-16,BTCUSDT,5360.33,5365.42,4442.12,5028.97,227276.92276,8.68946441235669,12.333924477013673,0.15327669591007217,0.14793750885295764,-0.06399129121736558,0.03593542121832906,0.22470142614570898,0.005188234396653233,0.014751598190853317,25.248164237540294,2020-03-16,65.62973272666125,0,0,7.61085279039525,1.0986122886681098,5.8888779583328805,7.61085279039525,1.0986122886681098,5.821676605474622
2020-03-17,BTCUSDT,5028.86,5525.0,4921.45,5312.64,150089.926318,8.587729937182408,11.918989902231457,0.11196277060295162,0.13894382429045615,0.054873695073120565,-0.06399129121736558,0.22913540505646168,0.004603888041120598,0.014236037526594554,25.28134622673025,2020-03-17,65.88280990544787,0,0,7.61085279039525,1.0986122886681098,5.8888779583328805,7.61085279039525,1.0986122886681098,5.821676605474622
2020-03-18,BTCUSDT,5312.64,5436.17,5009.37,5393.04,137127.634894,8.617038526385954,11.828667412663659,0.07884952392723737,0.12392024919965146,0.015020346505170423,0.054873695073120565,0.08328665747865716,0.0012698257530759367,0.003560054737897013,25.29757961986351,2020-03-18,65.97681015113612,0,0,7.61085279039525,1.0986122886681098,5.8888779583328805,7.61085279039525,1.0986122886681098,5.821676605474622
2020-03-19,BTCUSDT,5393.26,6400.0,5252.53,6162.37,199020.873439,8.600830047776894,12.201164989859151,0.19504015690799636,0.1417002261267377,0.13335221046196347,0.015020346505170423,0.07807742752860322,0.010929465388985192,0.003309125393917239,25.391907332943084,2020-03-19,66.05247435502022,0,0,7.61085279039525,1.0986122886681098,5.8888779583328805,7.61085279039525,1.0986122886681098,5.821676605474622
2020-03-20,BTCUSDT,6162.05,6900.0,5670.0,6208.36,219298.329514,8.764053269347762,12.298188317021745,0.1724999858479061,0.1494001660570298,0.007435327078688863,0.13335221046196347,0.06465659686144709,0.0006045871869109154,0.0037220956987730008,25.462438953953907,2020-03-20,66.52252871434155,0,0,7.61085279039525,1.0986122886681098,5.8888779583328805,7.61085279039525,1.0986122886681098,5.821676605474622
2020-03-21,BTCUSDT,6204.57,6456.98,5860.02,6186.98,128913.668363,8.83927669058535,11.76689822180831,0.08348813342943007,0.13292215790012987,-0.0034496869311265673,0.007435327078688863,0.0659726762751034,0.0002931687574838586,0.004057380740924092,25.451516567738587,2020-03-21,66.71700637926192,0,0,7.61085279039525,1.0986122886681098,5.8888779583328805,7.61085279039525,1.0986122886681098,5.821676605474622
2020-03-22,BTCUSDT,6187.04,6407.87,5734.01,5816.19,119115.990527,8.77291699520801,11.687853007682948,0.07056062910959184,0.11733177570249537,-0.06180167576087353,-0.0034496869311265673,0.06539294381264056,0.005287684206864043,0.004064310460628337,25.428761008170557,2020-03-22,66.74901120606685,0,0,7.61085279039525,1.0986122886681098,5.8888779583328805,7.61085279039525,1.0986122886681098,5.821676605474622
2020-03-23,BTCUSDT,5816.05,6600.0,5688.0,6467.31,164674.215785,8.765282201401334,12.011724351299286,0.14718290598444977,0.12479455827298397,0.1061148487906949,-0.06180167576087353,0.07308735991203176,0.00883427272281824,0.004561624570114605,25.448110033743752,2020-03-23,67.11890427127108,0,0,7.61085279039525,1.0986122886681098,5.8888779583328805,7.61085279039525,1.0986122886681098,5.821676605474622
2020-03-24,BTCUSDT,6465.25,6833.0,6371.33,6744.72,151138.009878,8.794824928014517,11.925948671080318,0.06858200780893564,0.11074142065697189,0.041999719577783305,0.1061148487906949,0.07260464449632574,0.0035217089001590295,0.004325634472957428,25.522045112996643,2020-03-24,67.53568109054027,0,0,7.61085279039525,1.0986122886681098,5.8888779583328805,7.61085279039525,1.0986122886681098,5.821676605474622
2020-03-25,BTCUSDT,6744.69,6957.96,6450.0,6677.43,132155.734989,8.829519094780778,11.79173631666173,0.06251436955082132,0.09868465788043425,-0.01002679358492966,0.041999719577783305,0.0564580913103733,0.0008503237619689472,0.0033736519476791804,25.53565780612687,2020-03-25,67.79571101855731,0,0,7.61085279039525,1.0986122886681098,5.8888779583328805,7.61085279039525,1.0986122886681098,5.821676605474622
2020-03-26,BTCUSDT,6677.42,6780.0,6510.0,6737.36,83026.555211,8.847641606916978,11.326915777909315,0.03861631869309375,0.08366757308359912,0.008934973816594624,-0.01002679358492966,0.05642983040863125,0.000788826719628334,0.0033456776045457785,25.529625255209545,2020-03-26,67.56716056361604,0,0,7.61085279039525,1.0986122886681098,5.8888779583328805,7.61085279039525,1.0986122886681098,5.821676605474622
2020-03-27,BTCUSDT,6737.27,6842.59,6261.0,6359.11,82914.968354,8.821732380934442,11.325570883980154,0.0501773812337564,0.07529502512113845,-0.057779726345443316,0.008934973816594624,0.0636194109461727,0.005101705418414876,0.0030554309677865337,25.510883097798132,2020-03-27,67.10839258081421,0,0,7.61085279039525,1.0986122886681098,5.8888779583328805,7.61085279039525,1.0986122886681098,5.821676605474622
2020-03-28,BTCUSDT,6359.11,6360.0,6024.0,6236.65,93159.693429,8.830921593915654,11.44207043319209,0.043424621503946166,0.06732742421684038,-0.019445251206402104,-0.057779726345443316,0.05676154981851453,0.0016994521507221049,0.0031185476738084944,25.464014775703074,2020-03-28,66.79164683081584,0,0,7.61085279039525,1.0986122886681098,5.8888779583328805,7.61085279039525,1.0986122886681098,5.821676605474622
2020-03-29,BTCUSDT,6236.65,6266.0,5866.56,5881.42,63311.627714,8.757783656334167,11.055824283427224,0.021541103869192602,0.055880844129928435,-0.058644949893034606,-0.019445251206402104,0.03898006429324963,0.005304439396793226,0.002054844307480724,25.433699048276864,2020-03-29,66.47982074088839,0,0,7.61085279039525,1.0986122886681098,5.8888779583328805,7.61085279039525,1.0986122886681098,5.821676605474622
2020-03-30,BTCUSDT,5880.5,6599.0,5857.76,6394.38,118889.549992,8.742893471512136,11.685950189766784,0.11863760697671001,0.07157003484162383,0.08362125023444582,-0.058644949893034606,0.052639390422262955,0.00715570825448766,0.00271282990233167,25.453441072037922,2020-03-30,66.68272869177108,0,0,7.61085279039525,1.0986122886681098,5.8888779583328805,7.61085279039525,1.0986122886681098,5.821676605474622
2020-03-31,BTCUSDT,6394.45,6523.23,6321.4,6410.44,72337.595259,8.794673401383422,11.189099262750071,0.028060257923208043,0.060692590612019884,0.002508431734471707,0.08362125023444582,0.05283364931070617,0.0002241853142569388,0.0028432829740933046,25.49054374217385,2020-03-31,66.29053352361512,0,0,7.61085279039525,1.0986122886681098,5.8888779583328805,7.61085279039525,1.0986122886681098,5.821676605474622
2020-04-01,BTCUSDT,6412.14,6679.94,6150.11,6642.92,97500.7524,8.783124931024245,11.48761537387924,0.08122400773052704,0.06582544489164667,0.03562371453633789,0.002508431734471707,0.0554806033419505,0.00310105390691786,0.002565082317582453,25.500513700293133,2020-04-01,66.53117268353658,0,0,7.61085279039525,1.3862943611198906,5.697093486505405,7.61085279039525,1.3862943611198906,5.864849365973268
2020-04-02,BTCUSDT,6643.36,7198.0,6551.0,6794.09,149299.906871,8.806864284454424,11.913712359756156,0.08979085942726174,0.07181679852555044,0.02250149077446257,0.03562371453633789,0.048707067600487305,0.001888705224281839,0.002565450236447554,25.55161035208657,2020-04-02,66.7724530270041,0,0,7.61085279039525,1.3862943611198906,5.697093486505405,7.61085279039525,1.3862943611198906,5.864849365973268
2020-04-03,BTCUSDT,6793.86,7048.0,6602.1,6734.1,104080.276939,8.881558488638976,11.552917774011055,0.054469979063012874,0.06748009365991604,-0.008868945989810946,0.02250149077446257,0.04756160265552247,0.0007676801794402228,0.0027011631504743196,25.547277857594413,2020-04-03,66.50384835771928,0,0,7.61085279039525,1.3862943611198906,5.697093486505405,7.61085279039525,1.3862943611198906,5.864849365973268
2020-04-04,BTCUSDT,6732.97,6990.41,6650.01,6856.99,72990.861139,8.860499167616016,11.19808952241691,0.04746761097577116,0.062476972988879824,0.018084399293975692,-0.008868945989810946,0.032417129132451164,0.0016149539845858006,0.0025045522705825236,25.550453386058663,2020-04-04,66.39936330912698,0,0,7.61085279039525,1.3862943611198906,5.697093486505405,7.61085279039525,1.3862943611198906,5.864849365973268
2020-04-05,BTCUSDT,6857.41,6895.54,6677.52,6772.78,49685.356983,8.85229448872945,10.81346554056468,0.02355208472095544,0.052745750921898725,-0.012356932145710244,0.018084399293975692,0.0189164714005214,0.0011427356104623018,0.0010007983692498718,25.549642448948408,2020-04-05,66.4350815748014,0,0,7.61085279039525,1.3862943611198906,5.697093486505405,7.61085279039525,1.3862943611198906,5.864849365973268
2020-04-06,BTCUSDT,6772.78,7355.14,6765.0,7329.9,118052.000832,8.838630104782203,11.678880491391627,0.08361350370142219,0.06046268911677959,0.07905023544895948,-0.012356932145710244,0.0334320788980922,0.006768648374065179,0.0022167223319897963,25.585513197861513,2020-04-06,65.91245147139547,0,0,7.61085279039525,1.3862943611198906,5.697093486505405,7.61085279039525,1.3862943611198906,5.864849365973268
2020-04-07,BTCUSDT,7329.9,7459.69,7077.0,7197.32,103585.168918,8.903154667524673,11.548149441397394,0.03893957903682324,0.0550819115967905,-0.018253138732796458,0.07905023544895948,0.036265606333160956,0.0015806115798400787,0.002227636876663369,25.6147168661413,2020-04-07,65.5882903725426,0,0,7.61085279039525,1.3862943611198906,5.697093486505405,7.61085279039525,1.3862943611198906,5.864849365973268
2020-04-08,BTCUSDT,7197.32,7420.0,7150.0,7361.28,76059.145838,8.91726913737459,11.239266551311383,0.03635286189779136,0.05039964917204072,0.02252509615524215,-0.018253138732796458,0.03626679770091578,0.0020041428906776796,0.002223932920510545,25.617332517040833,2020-04-08,65.39335793209779,0,0,7.61085279039525,1.3862943611198906,5.697093486505405,7.61085279039525,1.3862943611198906,5.864849365973268
2020-04-09,BTCUSDT,7360.26,7371.92,7108.08,7283.54,61094.872417,8.911934336161426,11.02018322047608,0.030130093387764997,0.04533226022597179,-0.010616822906183088,0.02252509615524215,0.03648744431670899,0.0009633980391956164,0.0021980157245823665,25.61798486764596,2020-04-09,65.0367192175539,0,0,7.61085279039525,1.3862943611198906,5.697093486505405,7.61085279039525,1.3862943611198906,5.864849365973268
2020-04-10,BTCUSDT,7283.54,7295.75,6739.98,6858.92,104674.623375,8.905433466858884,11.558611992839314,0.03859375433320148,0.04364763375277921,-0.060067012815594734,-0.010616822906183088,0.046825079357532134,0.005196732345787445,0.0024336074105540785,25.58607053917477,2020-04-10,65.34851582726976,0,0,7.61085279039525,1.3862943611198906,5.697093486505405,7.61085279039525,1.3862943611198906,5.864849365973268
2020-04-11,BTCUSDT,6858.92,6944.3,6760.0,6876.83,45470.293206,8.895047265816219,10.72481449513783,0.02411812967174146,0.03876525773251977,0.002607795009356709,-0.060067012815594734,0.04642912759827112,0.00024315525555607245,0.0025894030846404146,25.55918063074546,2020-04-11,65.30594505038826,0,0,7.61085279039525,1.3862943611198906,5.697093486505405,7.61085279039525,1.3862943611198906,5.864849365973268
2020-04-12,BTCUSDT,6876.84,7177.0,6780.0,6903.79,73868.666501,8.845676458171951,11.210044018390168,0.05184288540863399,0.04203466465154833,0.003912746218315506,0.002607795009356709,0.02823331881313165,0.0003490393268658548,0.00183416660060856,25.569649466457008,2020-04-12,65.31856921092873,0,0,7.61085279039525,1.3862943611198906,5.697093486505405,7.61085279039525,1.3862943611198906,5.864849365973268
2020-04-13,BTCUSDT,6903.79,6903.79,6575.0,6837.91,96415.476573,8.878636747430072,11.47642201307568,0.04373979917406612,0.04246094828217778,-0.009588406781744151,0.003912746218315506,0.027945768162787144,0.0008354874690752556,0.0018705868592442155,25.549693330129262,2020-04-13,65.30077688625448,0,0,7.61085279039525,1.3862943611198906,5.697093486505405,7.61085279039525,1.3862943611198906,5.864849365973268
2020-04-14,BTCUSDT,6838.04,6978.0,6754.28,6868.7,69068.623285,8.839825815151174,11.142855829714108,0.029449416207359892,0.039208065263473306,0.004492730411147657,-0.009588406781744151,0.024720549341022954,0.0004031938023614299,0.0019148380377493513,25.55950383880217,2020-04-14,65.337640284001,0,0,7.61085279039525,1.3862943611198906,5.697093486505405,7.61085279039525,1.3862943611198906,5.864849365973268
2020-04-15,BTCUSDT,6868.57,6933.0,6605.0,6621.24,61571.384994,8.85051762174672,11.027952512276261,0.023422189645390973,0.03526159635895272,-0.03669219621182481,0.004492730411147657,0.026735080988507326,0.0033271993301548265,0.0020614315467515905,25.54307995167081,2020-04-15,65.02908485884433,0,0,7.61085279039525,1.3862943611198906,5.697093486505405,7.61085279039525,1.3862943611198906,5.864849365973268
2020-04-16,BTCUSDT,6621.25,7190.0,6468.27,7101.94,125009.857539,8.84404789894249,11.736147873487127,0.10441203977136121,0.052549207212054846,0.07008532257417706,-0.03669219621182481,0.03518651247287829,0.005971748424583612,0.0023292958815601815,25.55741621577328,2020-04-16,64.78039388371951,0,0,7.61085279039525,1.3862943611198906,5.697093486505405,7.61085279039525,1.3862943611198906,5.864849365973268
2020-04-17,BTCUSDT,7101.99,7148.12,6972.98,7027.55,54126.509763,8.880446450715093,10.89907935892038,0.017421726458703747,0.04376733702371707,-0.01052984748182655,0.07008532257417706,0.03582803248425114,0.0009661226544981864,0.0022464676645574063,25.589050812267907,2020-04-17,64.82279362069639,0,0,7.61085279039525,1.3862943611198906,5.697093486505405,7.61085279039525,1.3862943611198906,5.864849365973268
2020-04-18,BTCUSDT,7026.78,7293.08,7014.4,7248.6,49488.542819,8.874604664051105,10.809496463564178,0.038822084587948766,0.04253102391477499,0.030970208092469646,-0.01052984748182655,0.03753539037911254,0.0028650925782585383,0.002113015543007843,25.600093274371346,2020-04-18,64.46711602642694,0,0,7.61085279039525,1.3862943611198906,5.697093486505405,7.61085279039525,1.3862943611198906,5.864849365973268
2020-04-19,BTCUSDT,7248.6,7266.15,7055.6,7120.74,45664.86393,8.894681232346803,10.729084439377553,0.017863834338412335,0.03636422652068433,-0.017796694163898973,0.030970208092469646,0.03844849651526623,0.0016587337218245853,0.002016013072590924,25.604467651098517,2020-04-19,64.37864046807928,0,0,7.61085279039525,1.3862943611198906,5.697093486505405,7.61085279039525,1.3862943611198906,5.864849365973268
2020-04-20,BTCUSDT,7121.4,7220.0,6751.0,6826.83,90149.49137,8.89098185666385,11.409224586574505,0.03898936720501665,0.03702051169176741,-0.04215121560930678,-0.017796694163898973,0.043394740357015564,0.0036944855708167124,0.001751317648814144,25.576809471337377,2020-04-20,64.49611014971964,0,0,7.61085279039525,1.3862943611198906,5.697093486505405,7.61085279039525,1.3862943611198906,5.864849365973268
2020-04-21,BTCUSDT,6828.98,6940.0,6762.0,6841.37,60109.710808,8.884610231886873,11.00392668497522,0.02310918831624617,0.0335426808478871,0.0021275669780452776,-0.04215121560930678,0.039753451534071935,0.00019334616078006602,0.0020963742186197953,25.557422249396325,2020-04-21,64.50866139513725,0,0,7.61085279039525,1.3862943611198906,5.697093486505405,7.61085279039525,1.3862943611198906,5.864849365973268
2020-04-22,BTCUSDT,6841.36,7156.38,6818.0,7125.14,61486.377334,8.84505705350085,11.026570922494136,0.04828338320958017,0.037227856438310364,0.0406413711082043,0.0021275669780452776,0.03104175764451069,0.003685766989018876,0.001464398696846093,25.57815648249503,2020-04-22,64.44811278180427,0,0,7.61085279039525,1.3862943611198906,5.697093486505405,7.61085279039525,1.3862943611198906,5.864849365973268
2020-04-23,BTCUSDT,7125.12,7738.0,7020.0,7482.39,102773.569561,8.875759545510515,11.54028349350819,0.09478183953462394,0.05161635221238876,0.048922884583249386,0.0406413711082043,0.03590762356560093,0.004239313931132646,0.0015311377286248964,25.631246521738156,2020-04-23,64.86749142175114,0,0,7.61085279039525,1.3862943611198906,5.697093486505405,7.61085279039525,1.3862943611198906,5.864849365973268
2020-04-24,BTCUSDT,7483.96,7615.96,7388.0,7505.0,60182.119939,8.953898535260459,11.005130576200349,0.02709407687985833,0.04548578337925615,0.003017205417696101,0.048922884583249386,0.03449886324903629,0.00027416352734797145,0.0018209127108404068,25.650658313988785,2020-04-24,64.99101649135542,0,0,7.61085279039525,1.3862943611198906,5.697093486505405,7.61085279039525,1.3862943611198906,5.864849365973268
2020-04-25,BTCUSDT,7505.0,7705.0,7431.07,7538.67,43874.427726,8.938001324356568,10.68908691740105,0.0330811994716283,0.042384637402349185,0.004476308802495665,0.003017205417696101,0.03259881461263916,0.00041877373035563615,0.0019711802230595083,25.65495223049487,2020-04-25,64.71988718852622,0,0,7.61085279039525,1.3862943611198906,5.697093486505405,7.61085279039525,1.3862943611198906,5.864849365973268
2020-04-26,BTCUSDT,7539.03,7700.0,7480.0,7693.1,50522.616209,8.949624747754216,10.830176360733258,0.028865725370199834,0.039004909394311844,0.02027804933449806,0.004476308802495665,0.020549710145054575,0.0018723655699661324,0.0018070225650588317,25.66318081930519,2020-04-26,64.619934235655,0,0,7.61085279039525,1.3862943611198906,5.697093486505405,7.61085279039525,1.3862943611198906,5.864849365973268
2020-04-27,BTCUSDT,7693.1,7792.02,7606.0,7774.62,65441.339576,8.948975607841776,11.088909441360514,0.023630114342556168,0.035161210631372924,0.010540759050406048,0.02027804933449806,0.01934535718922828,0.0009505676916334153,0.0016970936787134036,25.678785892428664,2020-04-27,64.8475075023201,0,0,7.61085279039525,1.3862943611198906,5.697093486505405,7.61085279039525,1.3862943611198906,5.864849365973268
2020-04-28,BTCUSDT,7773.51,7780.0,7659.12,7738.98,46302.752638,8.96085541205419,10.742956690531734,0.012916731823976131,0.029600090929523724,-0.004594686301061086,0.010540759050406048,0.019119439939129103,0.00042769289995468345,0.0015267389457520068,25.680970970291074,2020-04-28,64.69751368852818,0,0,7.61085279039525,1.3862943611198906,5.697093486505405,7.61085279039525,1.3862943611198906,5.864849365973268
2020-04-29,BTCUSDT,7738.58,8952.89,7710.05,8778.57,183546.887514,8.959311617172437,12.120225431625117,0.14920854167311365,0.059502203615421204,0.12604362825102328,-0.004594686301061086,0.04940771500764047,0.010399445865267455,0.003967474725134497,25.750485938222056,2020-04-29,65.19338206302862,0,0,7.61085279039525,1.3862943611198906,5.697093486505405,7.61085279039525,1.3862943611198906,5.864849365973268
2020-04-30,BTCUSDT,8778.58,9460.0,8401.0,8620.0,206277.214124,9.099731664174225,12.23697624276053,0.10003370007136783,0.06963507772940786,-0.018228439547185536,0.12604362825102328,0.052124782566716564,0.0014896195911117823,0.003867576965398682,25.81098508518834,2020-04-30,66.15891854472785,0,0,7.61085279039525,1.3862943611198906,5.697093486505405,7.61085279039525,1.3862943611198906,5.864849365973268
2020-05-01,BTCUSDT,8620.0,9059.18,8613.56,8826.96,91468.815059,9.154827662045925,11.423753374144287,0.05024815182029022,0.06478834625212845,0.023725589801303106,-0.018228439547185536,0.051336731283740444,0.002076864671728814,0.003738219511933067,25.806652062554086,2020-05-01,66.37102610493238,0,0,7.61085279039525,1.6094379124341003,5.641907070938114,7.61085279039525,1.6094379124341003,6.060042733424922
2020-05-02,BTCUSDT,8825.67,9010.0,8753.0,8972.05,59002.08755,9.111533887214684,10.98532810446531,0.028329183792991312,0.05567355563734417,0.016303515058974757,0.023725589801303106,0.05145539115414701,0.0014841172611264758,0.0037622135410893326,25.819430116504293,2020-05-02,66.40129616105892,0,0,7.61085279039525,1.6094379124341003,5.641907070938114,7.61085279039525,1.6094379124341003,6.060042733424922
2020-05-03,BTCUSDT,8972.58,9200.0,8712.0,8894.16,90126.065643,9.106090350602384,11.408964698572825,0.0444305732970884,0.052862810052280225,-0.008719307953238976,0.016303515058974757,0.053157723202489945,0.0007642505857108748,0.003781298768096008,25.825935299668313,2020-05-03,66.589981991352,0,0,7.61085279039525,1.6094379124341003,5.641907070938114,7.61085279039525,1.6094379124341003,6.060042733424922
2020-05-04,BTCUSDT,8894.15,8950.0,8522.0,8871.96,84418.512331,9.126958763037132,11.343541996947149,0.04502122974925657,0.05090241497652431,-0.002499140111014321,-0.008719307953238976,0.05295120181530298,0.00022031391179993927,0.003807885264547781,25.81141584523816,2020-05-04,66.82900728179085,0,0,7.61085279039525,1.6094379124341003,5.641907070938114,7.61085279039525,1.6094379124341003,6.060042733424922
2020-05-05,BTCUSDT,8871.92,9118.58,8760.0,9021.83,76480.765342,9.099408811268901,11.244794554762032,0.03839334666869297,0.04777514789956648,0.01675145450840847,-0.002499140111014321,0.016729290969392983,0.001489707475474902,0.000655667006662098,25.825426558609657,2020-05-05,66.95772599081126,0,0,7.61085279039525,1.6094379124341003,5.641907070938114,7.61085279039525,1.6094379124341003,6.060042733424922
2020-05-06,BTCUSDT,9021.36,9395.0,8906.21,9142.92,105925.30242,9.118069369191215,11.570489430529626,0.0500524715750057,0.04834447881842628,0.013332613300691144,0.01675145450840847,0.012579761166492993,0.001152294670051901,0.0006458261428980021,25.845691986980516,2020-05-06,67.5928051250132,0,0,7.61085279039525,1.6094379124341003,5.641907070938114,7.61085279039525,1.6094379124341003,6.060042733424922
2020-05-07,BTCUSDT,9143.4,10067.0,9021.0,9986.4,147154.611378,9.147932911847565,11.899239091111472,0.10921268593312657,0.06356153059710135,0.08824435807397825,0.013332613300691144,0.03479951571263012,0.007415966466283989,0.0026542781681600292,25.892174399392793,2020-05-07,68.48590630626498,0,0,7.61085279039525,1.6094379124341003,5.641907070938114,7.61085279039525,1.6094379124341003,6.060042733424922
2020-05-08,BTCUSDT,9986.3,10035.96,9705.0,9800.01,100683.7964,9.217018026729423,11.519740156126739,0.021088033659840067,0.05294315636278603,-0.018840761270535238,0.08824435807397825,0.03842943426641791,0.0016355196397823987,0.002648104029285573,25.926060868479297,2020-05-08,68.65616592630485,0,0,7.61085279039525,1.6094379124341003,5.641907070938114,7.61085279039525,1.6094379124341003,6.060042733424922
2020-05-09,BTCUSDT,9800.02,9914.25,9520.0,9539.4,81950.679567,9.213929921826717,11.31387287659641,0.023005743546809357,0.04545880315879186,-0.026952815683587594,-0.018840761270535238,0.04126890042718433,0.0023822802304365206,0.00256434383437471,25.905785841474042,2020-05-09,68.14332837085652,0,0,7.61085279039525,1.6094379124341003,5.641907070938114,7.61085279039525,1.6094379124341003,6.060042733424922
2020-05-10,BTCUSDT,9539.1,9574.83,8117.0,8722.77,183865.182028,9.201728395127619,12.121958061661054,0.11062220278391184,0.06174965306507185,-0.08949374237266458,-0.026952815683587594,0.05880146428230173,0.007382779408857432,0.002988454643753953,25.82951718746197,2020-05-10,67.87180305603185,0,0,7.61085279039525,1.6094379124341003,5.641907070938114,7.61085279039525,1.6094379124341003,6.060042733424922
2020-05-11,BTCUSDT,8722.77,9168.0,8200.0,8561.52,168807.251832,9.166893059322042,12.03651282131124,0.09067165850333428,0.06898015442463745,-0.018659103544510936,-0.08949374237266458,0.058217613649331965,0.0015502084217842624,0.0029800959503120932,25.794041717263298,2020-05-11,67.80105651031465,0,0,7.61085279039525,1.6094379124341003,5.641907070938114,7.61085279039525,1.6094379124341003,6.060042733424922
2020-05-12,BTCUSDT,8562.04,8978.26,8528.78,8810.79,86522.780066,9.12347443895452,11.368163011612722,0.05064129698633504,0.06439544006506184,0.028699362273097852,-0.018659103544510936,0.059701324533433,0.0025245382427909495,0.0028033338060755165,25.80106375424867,2020-05-12,67.71556401326022,0,0,7.61085279039525,1.6094379124341003,5.641907070938114,7.61085279039525,1.6094379124341003,6.060042733424922
2020-05-13,BTCUSDT,8810.99,9398.0,8792.99,9309.37,92466.274018,9.10256137860177,11.434599251805064,0.06639632614566303,0.06489566158521214,0.05504431306987792,0.028699362273097852,0.04994165822291607,0.004813838409001403,0.002288961777097174,25.84140339317533,2020-05-13,68.00169503064667,0,0,7.61085279039525,1.6094379124341003,5.641907070938114,7.61085279039525,1.6094379124341003,6.060042733424922
2020-05-14,BTCUSDT,9309.35,9939.0,9256.76,9791.98,129565.37747,9.14825217966276,11.771940878058386,0.07051620370915421,0.06630079711619766,0.050542263457842476,0.05504431306987792,0.05566270662296418,0.004293452029821841,0.00213552613940483,25.894003842134662,2020-05-14,68.029235380628,0,0,7.61085279039525,1.6094379124341003,5.641907070938114,7.61085279039525,1.6094379124341003,6.060042733424922
2020-05-15,BTCUSDT,9791.97,9845.62,9150.0,9316.42,115890.761516,9.204221690968005,11.660403315331095,0.040281354925885825,0.0597959365686197,-0.049785248551448925,0.050542263457842476,0.05856735579253931,0.0042695991901061684,0.002016271404434067,25.887640327442945,2020-05-15,68.20962927441781,0,0,7.61085279039525,1.6094379124341003,5.641907070938114,7.61085279039525,1.6094379124341003,6.060042733424922
2020-05-16,BTCUSDT,9315.96,9588.0,9220.0,9381.27,59587.627862,9.194781965220328,10.995203245296388,0.03613915155606343,0.05388174031548063,0.006936713576645949,-0.049785248551448925,0.040988098614127555,0.00063088543448375,0.0017037862768383239,25.872594322113773,2020-05-16,67.90609860527168,0,0,7.61085279039525,1.6094379124341003,5.641907070938114,7.61085279039525,1.6094379124341003,6.060042733424922
2020-05-17,BTCUSDT,9380.81,9888.0,9322.1,9680.04,68647.764323,9.168267595554275,11.136743844358467,0.057790701141640324,0.05485898052202055,0.03135088520193182,0.006936713576645949,0.038483216712681845,0.002815085418150586,0.001558543588539923,25.892750590133527,2020-05-17,67.9455912082402,0,0,7.61085279039525,1.6094379124341003,5.641907070938114,7.61085279039525,1.6094379124341003,6.060042733424922
2020-05-18,BTCUSDT,9681.11,9950.0,9464.23,9733.93,82006.603583,9.199077179697472,11.314555054503902,0.04480939035963866,0.05234658298142508,0.005551686585784176,0.03135088520193182,0.03865249372143005,0.0004906676894531753,0.001920417418556775,25.90699689005754,2020-05-18,67.89688659676654,0,0,7.61085279039525,1.6094379124341003,5.641907070938114,7.61085279039525,1.6094379124341003,6.060042733424922
2020-05-19,BTCUSDT,9733.93,9897.21,9474.0,9775.53,78539.760454,9.205327830152639,11.271360278140081,0.03968639269155568,0.049181535408957734,0.004264604253293181,0.005551686585784176,0.03380886700810895,0.0003783575494045777,0.0018830377254283914,25.908693128225266,2020-05-19,67.89542858923883,0,0,7.61085279039525,1.6094379124341003,5.641907070938114,7.61085279039525,1.6094379124341003,6.060042733424922
2020-05-20,BTCUSDT,9775.13,9842.0,9326.0,9511.43,74923.73809,9.200008178222657,11.224226049734055,0.035960727021304636,0.04587633331204446,-0.02738809106362215,0.004264604253293181,0.028871590730289224,0.0024400872667983266,0.0015895196627399779,25.892080641634067,2020-05-20,67.77362285724826,0,0,7.61085279039525,1.6094379124341003,5.641907070938114,7.61085279039525,1.6094379124341003,6.060042733424922
2020-05-21,BTCUSDT,9511.43,9578.47,8815.0,9068.65,108928.780969,9.194414221425923,11.598449562056377,0.05235013160340026,0.04749478288488341,-0.04767082257525894,-0.02738809106362215,0.02821887090354059,0.004110103020252908,0.0015413127581942194,25.857715881173398,2020-05-21,67.52212936827867,0,0,7.61085279039525,1.6094379124341003,5.641907070938114,7.61085279039525,1.6094379124341003,6.060042733424922
2020-05-22,BTCUSDT,9067.51,9271.0,8933.52,9170.0,58943.131024,9.167273150485844,10.984328377106742,0.034812476418507224,0.04432420626828936,0.011113875556824242,-0.04767082257525894,0.028606108893517522,0.001011793818909083,0.0014899803128812783,25.84387323798113,2020-05-22,67.21279652569366,0,0,7.61085279039525,1.6094379124341003,5.641907070938114,7.61085279039525,1.6094379124341003,6.060042733424922
2020-05-23,BTCUSDT,9170.0,9307.85,9070.0,9179.15,43526.296966,9.134646527606982,10.681120562377384,0.022746567389356317,0.0389297965485561,0.0009973214844743207,0.011113875556824242,0.02334799524588427,9.337236469244935e-05,0.0015590047978702368,25.852774619870676,2020-05-23,67.01853119311356,0,0,7.61085279039525,1.6094379124341003,5.641907070938114,7.61085279039525,1.6094379124341003,6.060042733424922
2020-05-24,BTCUSDT,9179.01,9298.0,8700.0,8720.34,70379.86645,9.138613409122586,11.161662513317651,0.031326838862701725,0.03702905712709251,-0.05127637976639384,0.0009973214844743207,0.027493272113950102,0.004593973317614012,0.001926174889894317,25.828756267241307,2020-05-24,66.86884750581413,0,0,7.61085279039525,1.6094379124341003,5.641907070938114,7.61085279039525,1.6094379124341003,6.060042733424922
2020-05-25,BTCUSDT,8718.14,8979.66,8642.72,8900.35,62833.910949,9.13755460225053,11.04825018998212,0.03722331286321366,0.03707762106112279,0.02043237382109617,-0.05127637976639384,0.03074972809462268,0.0018493764595974664,0.001747871981896192,25.810382703214884,2020-05-25,66.63444572285785,0,0,7.61085279039525,1.6094379124341003,5.641907070938114,7.61085279039525,1.6094379124341003,6.060042733424922
2020-05-26,BTCUSDT,8900.35,9017.67,8700.0,8841.18,58299.770138,9.102717298664098,10.973353429586385,0.02891602216035954,0.03503722133593198,-0.006670249903320307,0.02043237382109617,0.030325883677162224,0.000607858841522042,0.0018837155894154763,25.816600894985594,2020-05-26,66.60694939885875,0,0,7.61085279039525,1.6094379124341003,5.641907070938114,7.61085279039525,1.6094379124341003,6.060042733424922
2020-05-27,BTCUSDT,8841.0,9225.0,8811.73,9204.07,68910.355514,9.106941264831764,11.140561743444026,0.04575115545543028,0.037715704865806554,0.040225425628930105,-0.006670249903320307,0.030974899224105415,0.003610717893341588,0.0017825034972086572,25.834567469199246,2020-05-27,66.81607757411325,0,0,7.61085279039525,1.6094379124341003,5.641907070938114,7.61085279039525,1.6094379124341003,6.060042733424922
2020-05-28,BTCUSDT,9204.07,9625.47,9110.0,9575.89,74110.787662,9.129672468908728,11.213316383171207,0.054555925523550604,0.041925760030242565,0.0396027036055747,0.040225425628930105,0.03454287665750645,0.0035317565519697542,0.001810723104858563,25.873504239083392,2020-05-28,67.76349384866369,0,0,7.61085279039525,1.6094379124341003,5.641907070938114,7.61085279039525,1.6094379124341003,6.060042733424922
2020-05-29,BTCUSDT,9575.87,9605.26,9330.0,9427.07,57374.362961,9.172167989132614,10.957352844224953,0.01892956167980149,0.03617671044263229,-0.015663143272285802,0.0396027036055747,0.03579010312965027,0.0014294641684867368,0.0015341302064634415,25.884794715652173,2020-05-29,66.99520241753275,0,0,7.61085279039525,1.6094379124341003,5.641907070938114,7.61085279039525,1.6094379124341003,6.060042733424922
2020-05-30,BTCUSDT,9426.6,9740.0,9331.23,9697.72,55665.27254,9.170066144071065,10.927111758225555,0.042355247819611704,0.037721344786877144,0.028305468467552164,-0.015663143272285802,0.023723715078286276,0.0025903888505802806,0.0011948506958765115,25.892086852545177,2020-05-30,66.46994214751845,0,0,7.61085279039525,1.6094379124341003,5.641907070938114,7.61085279039525,1.6094379124341003,6.060042733424922
2020-05-31,BTCUSDT,9697.72,9700.0,9381.41,9448.27,48333.786403,9.18399639663658,10.78588610654584,0.01559950055799468,0.032190883729656526,-0.026059150370553428,0.028305468467552164,0.02953551047614925,0.002416041678276058,0.001177226340153336,25.892628419105506,2020-05-31,66.21627382770788,0,0,7.61085279039525,1.6094379124341003,5.641907070938114,7.61085279039525,1.6094379124341003,6.060042733424922
2020-06-01,BTCUSDT,9448.27,10380.0,9421.67,10200.77,76649.12696,9.179881164491475,11.246993494280757,0.0966147245433889,0.04829684393308962,0.07663155167361478,-0.026059150370553428,0.03840379374352421,0.006813514359422625,0.0018558279433927834,25.92501925971188,2020-06-01,64.86666456698559,0,0,7.61085279039525,1.791759469228055,5.5134287461649825,7.61085279039525,1.791759469228055,5.820597506540664
2020-06-02,BTCUSDT,10202.71,10228.99,9266.0,9518.04,108970.773151,9.24763615671988,11.598834989026978,0.05328050170156424,0.04954275837520827,-0.06927426238341051,0.07663155167361478,0.052493392302509684,0.005972519002895299,0.002138721325379056,25.915199262355067,2020-06-02,64.60680322423096,0,0,7.61085279039525,1.791759469228055,5.5134287461649825,7.61085279039525,1.791759469228055,5.820597506540664
2020-06-03,BTCUSDT,9518.02,9690.0,9365.21,9666.24,46252.644939,9.23298112484386,10.741873929175677,0.03350485242017396,0.04553328188644969,0.015450457159570928,-0.06927426238341051,0.0502413165706305,0.0014383390888256854,0.002350038878685727,25.893692337460692,2020-06-03,64.11744105442969,0,0,7.61085279039525,1.791759469228055,5.5134287461649825,7.61085279039525,1.791759469228055,5.820597506540664
2020-06-04,BTCUSDT,9666.32,9881.63,9450.0,9789.06,57456.100969,9.178849704884811,10.958776473791666,0.04221063682578698,0.044702620621284016,0.01262603317612486,0.015450457159570928,0.04962478960494928,0.0011521389460146852,0.0023997717744208176,25.906865007624745,2020-06-04,64.13619242737745,0,0,7.61085279039525,1.791759469228055,5.5134287461649825,7.61085279039525,1.791759469228055,5.820597506540664
2020-06-05,BTCUSDT,9788.14,9854.75,9581.0,9621.16,47788.05005,9.198432756891336,10.774530888270625,0.01674910955615356,0.0377142428550014,-0.017300596060589795,0.01262603317612486,0.04906601933041457,0.0016056936714918676,0.002497654288865235,25.90904529467353,2020-06-05,64.18140638131229,0,0,7.61085279039525,1.791759469228055,5.5134287461649825,7.61085279039525,1.791759469228055,5.820597506540664
2020-06-06,BTCUSDT,9621.17,9735.0,9531.05,9666.3,32752.950893,9.195708851431464,10.396748340607365,0.019535516237408665,0.033169561200603215,0.004680770035723853,-0.017300596060589795,0.047547714210541346,0.00045021480585827166,0.0027431346938345687,25.901256850023724,2020-06-06,64.04361143399552,0,0,7.61085279039525,1.791759469228055,5.5134287461649825,7.61085279039525,1.791759469228055,5.820597506540664
2020-06-07,BTCUSDT,9666.85,9802.0,9372.46,9746.99,57952.848385,9.1834829178063,10.967385000018972,0.04282472924350544,0.03558335321132877,0.008312909833360433,0.004680770035723853,0.03237983537868957,0.0007579664462719284,0.002042081427998484,25.902666420170593,2020-06-07,64.09612063567162,0,0,7.61085279039525,1.791759469228055,5.5134287461649825,7.61085279039525,1.791759469228055,5.820597506540664
2020-06-08,BTCUSDT,9746.99,9800.0,9633.0,9782.01,40664.664125,9.190341725469493,10.613114791006947,0.016546950151586803,0.03082425244639328,0.0035864650046320786,0.008312909833360433,0.01163267203920478,0.00033792765604222805,0.0005235009357310342,25.912828945387535,2020-06-08,64.17741712194453,0,0,7.61085279039525,1.791759469228055,5.5134287461649825,7.61085279039525,1.791759469228055,5.820597506540664
2020-06-09,BTCUSDT,9782.0,9877.0,9570.0,9772.43,46024.001289,9.190137664658664,10.736918306550256,0.027637090555608815,0.030027461973697163,-0.000979828700433323,0.0035864650046320786,0.010427548742297045,9.12579077588362e-05,0.0005631653846804906,25.91357806099492,2020-06-09,64.24959569026768,0,0,7.61085279039525,1.791759469228055,5.5134287461649825,7.61085279039525,1.791759469228055,5.820597506540664
2020-06-10,BTCUSDT,9772.44,9992.72,9704.18,9885.0,47130.762982,9.197964100908127,10.760681208668554,0.02797365149013654,0.029514009352807007,0.011453300920539622,-0.000979828700433323,0.010192860537509946,0.0010643657867415595,0.0005510963838800626,25.919719697019023,2020-06-10,64.24459246139524,0,0,7.61085279039525,1.791759469228055,5.5134287461649825,7.61085279039525,1.791759469228055,5.820597506540664
2020-06-11,BTCUSDT,9885.22,9964.0,9113.0,9280.4,94418.98473,9.209612106855502,11.455497441341768,0.04678943399355685,0.03383286551299447,-0.06311380730512214,0.011453300920539622,0.028293620347051015,0.005509477665924013,0.0020566778687153334,25.892748714503643,2020-06-11,64.3356291684238,0,0,7.61085279039525,1.791759469228055,5.5134287461649825,7.61085279039525,1.791759469228055,5.820597506540664
2020-06-12,BTCUSDT,9278.88,9557.12,9232.51,9465.13,50119.066932,9.20673387638207,10.822156792156743,0.03384709167179903,0.03383642205269561,0.019709870061973344,-0.06311380730512214,0.030040703138902735,0.001821251571244827,0.002009874084039566,25.874192727632582,2020-06-12,64.33947729371651,0,0,7.61085279039525,1.791759469228055,5.5134287461649825,7.61085279039525,1.791759469228055,5.820597506540664
2020-06-13,BTCUSDT,9464.96,9494.73,9351.0,9473.34,27759.784851,9.16504170542885,10.231343664266499,0.014330141968597552,0.028959852031671094,0.0008670183509335627,0.019709870061973344,0.029605498997884366,8.474139657351844e-05,0.002083527524322967,25.881446590089134,2020-06-13,64.23626058627679,0,0,7.61085279039525,1.791759469228055,5.5134287461649825,7.61085279039525,1.791759469228055,5.820597506540664
2020-06-14,BTCUSDT,9473.34,9480.99,9245.0,9342.1,30055.506608,9.158492186823118,10.310801171361812,0.016591218223006247,0.025867693579504882,-0.013950471361775322,0.0008670183509335627,0.029483748336662993,0.0013529958661721334,0.002011749911121304,25.874556997705298,2020-06-14,64.29275809011105,0,0,7.61085279039525,1.791759469228055,5.5134287461649825,7.61085279039525,1.791759469228055,5.820597506540664
2020-06-15,BTCUSDT,9342.1,9495.0,8910.45,9426.02,86107.924707,9.157044020176341,11.363356726912041,0.0607657691253944,0.03459221246597726,0.008942883921489994,-0.013950471361775322,0.030203497962673853,0.0007869931514435696,0.0019216935784719903,25.865152461942444,2020-06-15,64.36214751955977,0,0,7.61085279039525,1.791759469228055,5.5134287461649825,7.61085279039525,1.791759469228055,5.820597506540664
2020-06-16,BTCUSDT,9426.05,9589.0,9373.09,9525.59,52052.446927,9.158520623246385,10.860007084023623,0.021937713521780196,0.031428587729927994,0.010507911061560557,0.008942883921489994,0.030096418918574376,0.0009675786562808931,0.001929192810188686,25.885612669164498,2020-06-16,64.43876954791878,0,0,7.61085279039525,1.791759469228055,5.5134287461649825,7.61085279039525,1.791759469228055,5.820597506540664
2020-06-17,BTCUSDT,9526.97,9565.0,9236.61,9465.14,48046.411152,9.16837188715368,10.779922721744288,0.02992759627981995,0.031053339867400984,-0.006366285463241823,0.010507911061560557,0.012247561965491247,0.0005905687478074704,0.0006041020814252058,25.881746802550317,2020-06-17,64.2767621410735,0,0,7.61085279039525,1.791759469228055,5.5134287461649825,7.61085279039525,1.791759469228055,5.820597506540664
2020-06-18,BTCUSDT,9465.13,9489.0,9280.0,9386.32,37381.953765,9.165865881874353,10.528943347300148,0.01676654966780399,0.027481642317501734,-0.008362265766844552,-0.006366285463241823,0.009844431749911928,0.0007942169969970273,0.0004198249288019331,25.875804443617906,2020-06-18,64.2556701864735,0,0,7.61085279039525,1.791759469228055,5.5134287461649825,7.61085279039525,1.791759469228055,5.820597506540664
2020-06-19,BTCUSDT,9386.32,9438.3,9215.79,9310.23,45330.983673,9.15788851197376,10.721746043964172,0.01785186424872944,0.02507419780030866,-0.008139514519042584,-0.008362265766844552,0.010113779878139382,0.0007591594210184393,0.0002629227073335425,25.869737264734436,2020-06-19,64.33104438607756,0,0,7.61085279039525,1.791759469228055,5.5134287461649825,7.61085279039525,1.791759469228055,5.820597506540664
2020-06-20,BTCUSDT,9310.23,9395.0,9170.95,9358.95,30329.065384,9.15253115817658,10.319861785305102,0.022904903590982774,0.02453187424797719,0.005219309107220791,-0.008139514519042584,0.008874684304594382,0.0005057537800218207,0.00016388727515244527,25.865670394725765,2020-06-20,64.32968225374151,0,0,7.61085279039525,1.791759469228055,5.5134287461649825,7.61085279039525,1.791759469228055,5.820597506540664
2020-06-21,BTCUSDT,9358.95,9422.0,9281.54,9294.69,24316.926234,9.147932911847565,10.09892793968781,0.010611632439915598,0.021051813795961792,-0.006889835356610858,0.005219309107220791,0.008112040290544253,0.0006822343319764141,0.00016269418631441082,25.869764342830436,2020-06-21,64.35557096066974,0,0,7.61085279039525,1.791759469228055,5.5134287461649825,7.61085279039525,1.791759469228055,5.820597506540664
2020-06-22,BTCUSDT,9294.69,9780.0,9277.09,9685.69,57895.468343,9.150802659259986,10.966394393537792,0.052617329835639104,0.02894319280588112,0.04120626916014081,-0.006889835356610858,0.01950935417961933,0.003757503850529266,0.001266432343322231,25.888527903786333,2020-06-22,64.26781643083204,0,0,7.61085279039525,1.791759469228055,5.5134287461649825,7.61085279039525,1.791759469228055,5.820597506540664
2020-06-23,BTCUSDT,9685.69,9720.0,9577.03,9624.89,41031.02938,9.188094763028863,10.622083873593372,0.010422955950058797,0.024313133591925537,-0.006297086976149205,0.04120626916014081,0.019502886755018815,0.000592829716945075,0.0012662216375465903,25.903466498497732,2020-06-23,64.22129425237779,0,0,7.61085279039525,1.791759469228055,5.5134287461649825,7.61085279039525,1.791759469228055,5.820597506540664
2020-06-24,BTCUSDT,9624.33,9670.0,9208.0,9296.49,61571.561464,9.181940897454485,11.02795537837627,0.02558718285456273,0.024631645907584834,-0.03471554197335148,-0.006297086976149205,0.024772278723507582,0.0031479581465683184,0.0014702441466541416,25.88143418396528,2020-06-24,64.04019805388795,0,0,7.61085279039525,1.791759469228055,5.5134287461649825,7.61085279039525,1.791759469228055,5.820597506540664
2020-06-25,BTCUSDT,9298.33,9340.0,9009.69,9249.49,55831.619156,9.17678358844734,10.93009563942426,0.031453583392019736,0.02633713027869356,-0.0050684946945599284,-0.03471554197335148,0.024641587203057615,0.00046371915322297307,0.001507477488297925,25.857197330132163,2020-06-25,64.00375366785224,0,0,7.61085279039525,1.791759469228055,5.5134287461649825,7.61085279039525,1.791759469228055,5.820597506540664
2020-06-26,BTCUSDT,9249.49,9298.0,9045.45,9162.21,50292.298277,9.142061531222888,10.825607228599008,0.020739806130569517,0.02493779924166255,-0.009480998907668087,-0.0050684946945599284,0.024619495142074125,0.0008757937275445626,0.0014643924575052543,25.853238132044055,2020-06-26,64.0192907723771,0,0,7.61085279039525,1.791759469228055,5.5134287461649825,7.61085279039525,1.791759469228055,5.820597506540664
2020-06-27,BTCUSDT,9162.21,9196.24,8833.0,9012.0,46290.930113,9.13755460225053,10.742701326996922,0.02972436985945122,0.02613444189610972,-0.016530393391535187,-0.009480998907668087,0.025189753027889426,0.0015387557457260325,0.00139887392953948,25.83892175737795,2020-06-27,64.31451350298589,0,0,7.61085279039525,1.791759469228055,5.5134287461649825,7.61085279039525,1.791759469228055,5.820597506540664
2020-06-28,BTCUSDT,9012.0,9191.0,8948.06,9116.35,30688.176421,9.126549983846127,10.331632726526129,0.0256812997711443,0.026021156364868365,0.011512482108878288,-0.016530393391535187,0.015195627908941701,0.001114294556689028,0.0009884438484415693,25.84074169537091,2020-06-28,64.40483277405919,0,0,7.61085279039525,1.791759469228055,5.5134287461649825,7.61085279039525,1.791759469228055,5.820597506540664
2020-06-29,BTCUSDT,9116.16,9238.0,9024.67,9192.56,42120.293261,9.12598002335811,10.648284928735544,0.022273633636408382,0.02508427568275337,0.008324956553215883,0.011512482108878288,0.01699306371854474,0.0007818119639858707,0.000964549775499302,25.849355989544822,2020-06-29,64.268063486908,0,0,7.61085279039525,1.791759469228055,5.5134287461649825,7.61085279039525,1.791759469228055,5.820597506540664
2020-06-30,BTCUSDT,9192.93,9205.0,9064.89,9138.55,31463.162801,9.13108069099055,10.35657270560229,0.011560185950638228,0.021703253249724587,-0.0058927316772564384,0.008324956553215883,0.010737444618271468,0.0005689847254264745,0.00039188335521351067,25.849947594942616,2020-06-30,64.23446350363899,0,0,7.61085279039525,1.791759469228055,5.5134287461649825,7.61085279039525,1.791759469228055,5.820597506540664
2020-07-01,BTCUSDT,9138.08,9292.0,9080.1,9232.0,38488.528699,9.127502093667179,10.558115520008077,0.022156872354210645,0.021816658025846102,0.01017398021090804,-0.0058927316772564384,0.01185430298586696,0.0009636170575731925,0.0003314686755693411,25.854837320622963,2020-07-01,64.16786549232586,0,0,7.61085279039525,1.9459101490553132,5.517452896464707,7.61085279039525,1.9459101490553132,5.851935461082179
2020-07-02,BTCUSDT,9231.99,9261.96,8940.0,9086.54,45725.168076,9.1369090938903,10.730404149053294,0.025242922781279292,0.0226732242147044,-0.01588151210121853,0.01017398021090804,0.013069733941837454,0.001480047897601294,0.0003834300624422669,25.848652716992902,2020-07-02,64.03498447755274,0,0,7.61085279039525,1.9459101490553132,5.517452896464707,7.61085279039525,1.9459101490553132,5.851935461082179
2020-07-03,BTCUSDT,9086.54,9125.0,9037.47,9058.26,28943.420177,9.133670968309714,10.273098174854267,0.0072906121752731425,0.018827571204846585,-0.0031171490343047835,-0.01588151210121853,0.010932943240067229,0.0003034283310885426,0.00041472473334577185,25.842601791957733,2020-07-03,63.923215374873095,0,0,7.61085279039525,1.9459101490553132,5.517452896464707,7.61085279039525,1.9459101490553132,5.851935461082179
2020-07-04,BTCUSDT,9057.79,9190.0,9040.04,9135.46,26441.968484,9.118773178450692,10.182707742177644,0.016093583023561592,0.018144074159525337,0.008486495706433785,-0.0031171490343047835,0.01039969116832069,0.0008334222999725304,0.00039692850737770935,25.846101819694482,2020-07-04,63.78192266088763,0,0,7.61085279039525,1.9459101490553132,5.517452896464707,7.61085279039525,1.9459101490553132,5.851935461082179
2020-07-05,BTCUSDT,9135.0,9145.24,8893.03,9069.41,34073.653627,9.125871215349733,10.436279743737156,0.02363382198791015,0.01951651111662154,-0.007256331939539371,0.008486495706433785,0.009945154804339404,0.0006952987192484868,0.0004002329522024198,25.841673134226696,2020-07-05,63.69252900686606,0,0,7.61085279039525,1.9459101490553132,5.517452896464707,7.61085279039525,1.9459101490553132,5.851935461082179
2020-07-06,BTCUSDT,9069.41,9375.0,9055.92,9344.2,54463.132277,9.1209888043297,10.905279279759274,0.034557083554633834,0.023276654226124613,0.029848617569280738,-0.007256331939539371,0.016115353055951808,0.0027370796110358416,0.0008583735807266867,25.85788489378987,2020-07-06,63.3603835323794,0,0,7.61085279039525,1.9459101490553132,5.517452896464707,7.61085279039525,1.9459101490553132,5.851935461082179
2020-07-07,BTCUSDT,9342.47,9379.42,9203.0,9257.39,34587.336678,9.14580185083861,10.451242902089092,0.0127900009014031,0.020654990894944235,-0.009333678488988535,0.029848617569280738,0.0165131122156653,0.0008930687552121511,0.0008622211314962203,25.86683571830448,2020-07-07,62.94890789584112,0,0,7.61085279039525,1.9459101490553132,5.517452896464707,7.61085279039525,1.9459101490553132,5.851935461082179
2020-07-08,BTCUSDT,9257.4,9470.0,9231.0,9436.06,56140.517781,9.14627320639979,10.935613072905047,0.02536016209959673,0.02183128369610736,0.01911636867434222,-0.009333678488988535,0.015750845545032355,0.001748083856560952,0.0008888353977100666,25.8725502845468,2020-07-08,62.6235220917057,0,0,7.61085279039525,1.9459101490553132,5.517452896464707,7.61085279039525,1.9459101490553132,5.851935461082179
2020-07-09,BTCUSDT,9436.06,9440.79,9160.0,9232.43,48044.450645,9.155884186180124,10.779881916469705,0.01577945859851835,0.02031832742171011,-0.021816234347635674,0.01911636867434222,0.01940959870834277,0.002023791588505661,0.000815561810003693,25.86937584984035,2020-07-09,62.00198148322805,0,0,7.61085279039525,1.9459101490553132,5.517452896464707,7.61085279039525,1.9459101490553132,5.851935461082179
2020-07-10,BTCUSDT,9232.42,9317.48,9125.0,9288.34,38295.494006,9.15279494207871,10.553087518273546,0.019976930656442165,0.020232978230393123,0.006037564295295626,-0.021816234347635674,0.019300992024654316,0.0005721135435332156,0.0008631268818083686,25.85886733056047,2020-07-10,62.28292954231314,0,0,7.61085279039525,1.9459101490553132,5.517452896464707,7.61085279039525,1.9459101490553132,5.851935461082179
2020-07-11,BTCUSDT,9288.34,9299.28,9178.25,9234.03,22561.366,9.139647484852585,10.023994253424329,0.009362923490445856,0.017515464545406305,-0.005864277156991474,0.006037564295295626,0.019164304843536175,0.0005850239943012896,0.0008832212983278767,25.862267785890047,2020-07-11,62.209987535817746,0,0,7.61085279039525,1.9459101490553132,5.517452896464707,7.61085279039525,1.9459101490553132,5.851935461082179
2020-07-12,BTCUSDT,9234.02,9345.0,9157.5,9302.75,30872.702286,9.137692256789476,10.337627651274342,0.01931564268066533,0.01796550907922106,0.00741448243121315,-0.005864277156991474,0.014498437940011821,0.0007172324909863774,0.0006334012462447696,25.863056729867065,2020-07-12,62.04829449501632,0,0,7.61085279039525,1.9459101490553132,5.517452896464707,7.61085279039525,1.9459101490553132,5.851935461082179
2020-07-13,BTCUSDT,9303.31,9343.82,9200.89,9242.62,42740.069115,9.142596719889664,10.662892145975247,0.010819908367171765,0.016179108901208737,-0.006484660129130597,0.00741448243121315,0.01420440769550159,0.0006081520886036776,0.0006611787163231891,25.864137168606472,2020-07-13,62.4725818194736,0,0,7.61085279039525,1.9459101490553132,5.517452896464707,7.61085279039525,1.9459101490553132,5.851935461082179
2020-07-14,BTCUSDT,9242.61,9279.54,9113.0,9255.85,45772.552509,9.14247044118383,10.731439900259623,0.017084292830133314,0.016405404883439882,0.0014303888111533642,-0.006484660129130597,0.010806393822891157,0.00013328955149054686,0.000644931596910215,25.858320559724202,2020-07-14,62.49135123393334,0,0,7.61085279039525,1.9459101490553132,5.517452896464707,7.61085279039525,1.9459101490553132,5.851935461082179
2020-07-15,BTCUSDT,9255.85,9276.49,9160.57,9197.6,39053.579665,9.135567255586148,10.572689819824511,0.008351831536352229,0.01439201154666797,-0.006313203598260291,0.0014303888111533642,0.006440323267970889,0.000597123693766425,0.0002037983933532248,25.85874502993359,2020-07-15,62.36008799587858,0,0,7.61085279039525,1.9459101490553132,5.517452896464707,7.61085279039525,1.9459101490553132,5.851935461082179
2020-07-16,BTCUSDT,9197.6,9226.15,9047.25,9133.72,43375.571191,9.135238521473575,10.677651685831043,0.014746677343045083,0.014480677995762248,-0.006969520861188566,-0.006313203598260291,0.005914825952572775,0.0006527203795603235,0.00020927867444240288,25.850379531198474,2020-07-16,62.010861064959535,0,0,7.61085279039525,1.9459101490553132,5.517452896464707,7.61085279039525,1.9459101490553132,5.851935461082179
2020-07-17,BTCUSDT,9133.72,9186.83,9089.81,9154.32,28054.358741,9.129797122385773,10.24189929071479,0.00977934011877988,0.013305343526516656,0.0022528394199239758,-0.006969520861188566,0.006000836897619255,0.00021996305138114169,0.00024645004070122657,25.84989623564878,2020-07-17,61.9500546226591,0,0,7.61085279039525,1.9459101490553132,5.517452896464707,7.61085279039525,1.9459101490553132,5.851935461082179
2020-07-18,BTCUSDT,9154.31,9219.3,9121.1,9170.28,22554.541457,9.125526215691854,10.023691719642489,0.009762185695803394,0.01241955406883834,0.0017419211372258878,0.0022528394199239758,0.0046120251379142135,0.0001737803980755322,0.0002452502204110046,25.853123174341803,2020-07-18,61.94744208757849,0,0,7.61085279039525,1.9459101490553132,5.517452896464707,7.61085279039525,1.9459101490553132,5.851935461082179
2020-07-19,BTCUSDT,9170.3,9232.27,9101.35,9208.99,26052.019417,9.129054391759531,10.167850564983073,0.013598756406249576,0.01271435465319115,0.004212360691051645,0.0017419211372258878,0.004777357682794761,0.0004142823170079366,0.00022377816396288862,25.85513204488223,2020-07-19,61.82636681953986,0,0,7.61085279039525,1.9459101490553132,5.517452896464707,7.61085279039525,1.9459101490553132,5.851935461082179
2020-07-20,BTCUSDT,9208.99,9221.52,9131.0,9160.78,35458.764082,9.130460234420742,10.476125725157281,0.006411404259776079,0.011138617054837381,-0.005248852945236642,0.004212360691051645,0.004981346058092184,0.0005010299688015475,0.000196222730435636,25.854938793185102,2020-07-20,61.92855202220164,0,0,7.61085279039525,1.9459101490553132,5.517452896464707,7.61085279039525,1.9459101490553132,5.851935461082179
2020-07-21,BTCUSDT,9160.78,9437.73,9152.8,9390.0,60413.582486,9.129295161965057,11.008969234238206,0.03058348862560784,0.015999834947529996,0.02471396532100174,-0.005248852945236642,0.011325410351639541,0.00224489366762336,0.0007768514145724799,25.866341288094787,2020-07-21,62.03640202412148,0,0,7.61085279039525,1.9459101490553132,5.517452896464707,7.61085279039525,1.9459101490553132,5.851935461082179
2020-07-22,BTCUSDT,9390.0,9544.0,9261.0,9518.16,48815.004107,9.152470764121242,10.795793005793744,0.029471093905601098,0.019367649687047774,0.013556259591711564,0.02471396532100174,0.010626929582266567,0.0012556983618004134,0.0008077274610390322,25.88350212360183,2020-07-22,61.60834539053388,0,0,7.61085279039525,1.9459101490553132,5.517452896464707,7.61085279039525,1.9459101490553132,5.851935461082179
2020-07-23,BTCUSDT,9518.16,9664.0,9440.33,9603.27,51856.2335,9.163667963777751,10.856230428225249,0.022284131248374032,0.02009677007737934,0.008902112662382592,0.013556259591711564,0.01039309233516768,0.0008200003418532715,0.0007568537873733033,25.896914499061808,2020-07-23,61.27274223290031,0,0,7.61085279039525,1.9459101490553132,5.517452896464707,7.61085279039525,1.9459101490553132,5.851935461082179
2020-07-24,BTCUSDT,9603.27,9637.0,9463.44,9537.8,43931.136205,9.176162920174596,10.690378600623522,0.01336128230347296,0.018412898133902744,-0.006840814574633343,0.008902112662382592,0.01190412653531796,0.0006399038640440993,0.0006879937076667566,25.896704042245943,2020-07-24,61.169630394590556,0,0,7.61085279039525,1.9459101490553132,5.517452896464707,7.61085279039525,1.9459101490553132,5.851935461082179
2020-07-25,BTCUSDT,9538.1,9732.9,9513.0,9700.42,40679.545416,9.173365135851288,10.613480675468791,0.022659079481985984,0.019474443470923555,0.01690633264140375,-0.006840814574633343,0.01251794778410613,0.00159291123792026,0.0006621811597342136,25.903450417424658,2020-07-25,60.69935837081296,0,0,7.61085279039525,1.9459101490553132,5.517452896464707,7.61085279039525,1.9459101490553132,5.851935461082179
2020-07-26,BTCUSDT,9700.42,10111.0,9650.0,9931.54,65279.269319,9.183267178049249,11.086429796545321,0.04565514704323052,0.026019619364000296,0.023546368090711377,0.01690633264140375,0.011603192171723745,0.002123890966057327,0.0006629074069236116,25.92833660493249,2020-07-26,60.52564277220026,0,0,7.61085279039525,1.9459101490553132,5.517452896464707,7.61085279039525,1.9459101490553132,5.851935461082179
2020-07-27,BTCUSDT,9931.54,11394.86,9917.21,11029.96,150188.933144,9.2213792190914,11.919649334798674,0.13872146006781716,0.05419507953995451,0.10489965515383327,0.023546368090711377,0.03958650662581513,0.008800565537409332,0.003113936136508656,25.99742215248056,2020-07-27,61.684643596819946,0,0,7.61085279039525,1.9459101490553132,5.517452896464707,7.61085279039525,1.9459101490553132,5.851935461082179
2020-07-28,BTCUSDT,11029.96,11242.23,10565.0,10906.27,97267.734187,9.34091765551392,11.485222601534398,0.05053251586817641,0.053279438622009984,-0.011277353573673094,0.10489965515383327,0.04244659592506304,0.0009819011755302389,0.003138410325004416,26.03218528925577,2020-07-28,62.4045304388035,0,0,7.61085279039525,1.9459101490553132,5.517452896464707,7.61085279039525,1.9459101490553132,5.851935461082179
2020-07-29,BTCUSDT,10906.27,11342.82,10812.0,11100.53,76838.094233,9.3274325023458,11.249455814818027,0.045931228058817025,0.051442385981211744,0.017655001714241426,-0.011277353573673094,0.042026312824787124,0.00156940940120729,0.003072728208150824,26.041751576961264,2020-07-29,62.29686982426401,0,0,7.61085279039525,1.9459101490553132,5.517452896464707,7.61085279039525,1.9459101490553132,5.851935461082179
2020-07-30,BTCUSDT,11100.52,11170.0,10831.0,11099.61,60794.826456,9.336340223615359,11.015259973149588,0.028185833062260312,0.04562824775147389,-8.288236024881114e-05,0.017655001714241426,0.0411102653654018,7.524321754624246e-06,0.0031636524531592457,26.041316978535903,2020-07-30,62.12024387653177,0,0,7.61085279039525,1.9459101490553132,5.517452896464707,7.61085279039525,1.9459101490553132,5.851935461082179
2020-07-31,BTCUSDT,11099.79,11444.0,10960.0,11335.46,70063.660974,9.320986892063246,11.15715955022495,0.04179246448122833,0.0446693019339125,0.02102589283746785,-8.288236024881114e-05,0.04097673827960643,0.0018845202260322545,0.0031489017067293304,26.0561527642425,2020-07-31,61.91068821825785,0,0,7.61085279039525,1.9459101490553132,5.517452896464707,7.61085279039525,1.9459101490553132,5.851935461082179
2020-08-01,BTCUSDT,11335.46,11861.0,11220.0,11801.17,85087.485126,9.345220854170002,11.351435242947906,0.05508989232771552,0.047274449532363254,0.04026281369533566,0.02102589283746785,0.04134634148147885,0.003546935945421438,0.003162927325412739,26.086587363039392,2020-08-01,61.49098608418957,0,0,7.61085279039525,2.0794415416798357,5.3612921657094255,7.61085279039525,2.0794415416798357,5.776073361839086
2020-08-02,BTCUSDT,11801.17,12123.46,10518.5,11071.35,97553.077604,9.381010986029276,11.48815189454386,0.0985916279543274,0.06010374413785429,-0.06383798859409126,0.04026281369533566,0.03626297746906692,0.005556854503674367,0.0019925114769372395,26.070309094512407,2020-08-02,60.98552693687647,0,0,7.61085279039525,2.0794415416798357,5.3612921657094255,7.61085279039525,2.0794415416798357,5.776073361839086
2020-08-03,BTCUSDT,11071.36,11473.0,10936.0,11219.81,56931.841475,9.402897697429912,10.949610067724475,0.04498199425523679,0.05632330666719992,0.013320275400209495,-0.06383798859409126,0.03603808580631453,0.0012165068269849072,0.0019645703481453876,26.052252906693518,2020-08-03,60.32005339908352,0,0,7.61085279039525,2.0794415416798357,5.3612921657094255,7.61085279039525,2.0794415416798357,5.776073361839086
2020-08-04,BTCUSDT,11219.68,11414.98,11000.0,11191.97,58629.113709,9.347751727799142,10.978986673163122,0.03132365413271061,0.05007339353357759,-0.002484409031295822,0.013320275400209495,0.03552706920326622,0.0002262876443204614,0.002133324672458345,26.055044561502044,2020-08-04,60.03777020961509,0,0,7.61085279039525,2.0794415416798357,5.3612921657094255,7.61085279039525,2.0794415416798357,5.776073361839086
2020-08-05,BTCUSDT,11191.99,11780.93,11093.0,11744.91,74970.256852,9.342681806881766,11.224846738554998,0.059941345703667895,0.052540381576100165,0.04822339837274129,-0.002484409031295822,0.0402873171337659,0.004296129782075689,0.0020181789346755564,26.07686362172934,2020-08-05,60.346442227680555,0,0,7.61085279039525,2.0794415416798357,5.3612921657094255,7.61085279039525,2.0794415416798357,5.776073361839086
2020-08-06,BTCUSDT,11744.91,11900.0,11562.5,11762.46,63529.08502,9.374237401457819,11.059253111827257,0.02541295942991606,0.04575852603955414,0.0014931490218287942,0.04822339837274129,0.03994952963841055,0.00013501354989623615,0.0022837126510766815,26.102282730394002,2020-08-06,60.66619532991763,0,0,7.61085279039525,2.0794415416798357,5.3612921657094255,7.61085279039525,2.0794415416798357,5.776073361839086
2020-08-07,BTCUSDT,11762.47,11909.94,11322.0,11594.23,65755.926022,9.38429367909962,11.09370507559075,0.039212076639744034,0.04412191368960161,-0.01440554370016026,0.0014931490218287942,0.036720494370713605,0.0012985331412727458,0.002261190864154833,26.09139959997061,2020-08-07,60.84373135827365,0,0,7.61085279039525,2.0794415416798357,5.3612921657094255,7.61085279039525,2.0794415416798357,5.776073361839086
2020-08-08,BTCUSDT,11594.36,11808.27,11512.0,11761.41,41858.16104,9.38512862455328,10.642042063835751,0.02484612978401571,0.039302967713205135,0.014316272674542746,-0.01440554370016026,0.02151513149958541,0.0013452561631186297,0.0015106297585955521,26.09597928200055,2020-08-08,60.658340098334094,0,0,7.61085279039525,2.0794415416798357,5.3612921657094255,7.61085279039525,2.0794415416798357,5.776073361839086
2020-08-09,BTCUSDT,11761.02,11797.11,11521.97,11681.68,41493.067342,9.376555412432493,10.63328164026405,0.018841269608289763,0.03418754318697629,-0.006802030569309808,0.014316272674542746,0.022456225803900602,0.0006396925050450274,0.0015441238409127657,26.09733869796056,2020-08-09,60.368887681993066,0,0,7.61085279039525,2.0794415416798357,5.3612921657094255,7.61085279039525,2.0794415416798357,5.776073361839086
2020-08-10,BTCUSDT,11681.69,12067.35,11450.0,11892.92,84952.337887,9.37560986520288,11.349845647463003,0.04965892019631837,0.038055387439311805,0.01792146240338923,-0.006802030569309808,0.022327652535952733,0.0015790049450932545,0.0014476232461063019,26.10548205295692,2020-08-10,60.39847864955476,0,0,7.61085279039525,2.0794415416798357,5.3612921657094255,7.61085279039525,2.0794415416798357,5.776073361839086
2020-08-11,BTCUSDT,11892.9,11935.0,11125.0,11392.08,90748.284634,9.3982587373766,11.415844849843767,0.042799745649378135,0.03924147699182839,-0.04302488795968553,0.01792146240338923,0.02226312895205295,0.003768874623438348,0.0012500230881257097,26.088254481787782,2020-08-11,60.38273056007973,0,0,7.61085279039525,2.0794415416798357,5.3612921657094255,7.61085279039525,2.0794415416798357,5.776073361839086
2020-08-12,BTCUSDT,11392.09,11617.52,11150.0,11564.33,64909.613644,9.387230538772931,11.080751021829858,0.0398568723912182,0.03939532584167584,0.01500698346852347,-0.04302488795968553,0.0236988399912777,0.0013543290918601688,0.0010787016675075777,26.07441554438046,2020-08-12,60.282759713649625,0,0,7.61085279039525,2.0794415416798357,5.3612921657094255,7.61085279039525,2.0794415416798357,5.776073361839086
2020-08-13,BTCUSDT,11564.34,11792.96,11270.36,11780.0,70132.491502,9.36026958249843,11.158141467807063,0.045013057662348054,0.040799758796843895,0.01847781763804461,0.01500698346852347,0.024281971099940423,0.0016559942075798132,0.0010642355638922968,26.089859178898106,2020-08-13,59.67450464247079,0,0,7.61085279039525,2.0794415416798357,5.3612921657094255,7.61085279039525,2.0794415416798357,5.776073361839086
2020-08-14,BTCUSDT,11779.77,11850.0,11634.03,11760.54,59818.852697,9.3752580222416,10.999076152745586,0.015619808106336678,0.03450477112421709,-0.001653318439828755,0.01847781763804461,0.02361338292505428,0.00015031430066206553,0.001245608887210221,26.10381879929973,2020-08-14,59.14822255733131,0,0,7.61085279039525,2.0794415416798357,5.3612921657094255,7.61085279039525,2.0794415416798357,5.776073361839086
2020-08-15,BTCUSDT,11760.55,11980.0,11680.0,11852.4,56237.90505,9.380083146563278,10.937346275612931,0.023865584334412764,0.03184497442676601,0.007780518936332989,-0.001653318439828755,0.02352507557086108,0.0007113717295100421,0.0012357277660768617,26.107791883719713,2020-08-15,58.95683888379686,0,0,7.61085279039525,2.0794415416798357,5.3612921657094255,7.61085279039525,2.0794415416798357,5.776073361839086
2020-08-16,BTCUSDT,11852.4,11931.72,11686.0,11911.0,41368.236906,9.39099387166944,10.630268640853316,0.020209759586332858,0.028936170716657723,0.004931964178818936,0.007780518936332989,0.022382984114297826,0.00046395480165617296,0.001309715211512585,26.11029178098253,2020-08-16,58.80387298570284,0,0,7.61085279039525,2.0794415416798357,5.3612921657094255,7.61085279039525,2.0794415416798357,5.776073361839086
2020-08-17,BTCUSDT,11910.99,12468.0,11769.78,12281.13,84734.21154,9.386955679050216,11.347274713374444,0.05604577097039419,0.03571357078009184,0.03060159513066791,0.004931964178818936,0.011397794307059284,0.0026968233257452907,0.000932730232897107,26.132461384565417,2020-08-17,58.97086738835824,0,0,7.61085279039525,2.0794415416798357,5.3612921657094255,7.61085279039525,2.0794415416798357,5.776073361839086
2020-08-18,BTCUSDT,12281.15,12387.77,11817.93,11945.01,75923.835527,9.430920640887228,11.237485952647832,0.02860585086447553,0.03393664080118776,-0.027750320081645123,0.03060159513066791,0.019802669712883837,0.0024694420263196375,0.0010763365186399459,26.133106043127587,2020-08-18,59.31697679587492,0,0,7.61085279039525,2.0794415416798357,5.3612921657094255,7.61085279039525,2.0794415416798357,5.776073361839086
2020-08-19,BTCUSDT,11945.1,12020.08,11561.0,11754.59,73940.169606,9.4244649745662,11.21101152632083,0.028043418771263814,0.03246333529370677,-0.01606981533902176,-0.027750320081645123,0.020256326967844525,0.0014333956665099842,0.0010678126917128452,26.10832749835135,2020-08-19,59.545001494493704,0,0,7.61085279039525,2.0794415416798357,5.3612921657094255,7.61085279039525,2.0794415416798357,5.776073361839086
2020-08-20,BTCUSDT,11754.38,11888.0,11668.0,11853.55,46085.254351,9.394333863641094,10.73824831558363,0.018097399439448325,0.02887185133014216,0.008383598166900236,-0.01606981533902176,0.020540592539306155,0.0007807230677217378,0.0009546124572248208,26.10593224047907,2020-08-20,59.465894068260795,0,0,7.61085279039525,2.0794415416798357,5.3612921657094255,7.61085279039525,2.0794415416798357,5.776073361839086
2020-08-21,BTCUSDT,11853.54,11878.0,11485.81,11531.34,64448.306142,9.38328476695754,11.073618726284181,0.013924384333712249,0.02513498458103468,-0.02755885468727366,0.008383598166900236,0.023208551324246693,0.002488694560330162,0.0009642347137068704,26.09680250973282,2020-08-21,59.493410923849396,0,0,7.61085279039525,2.0794415416798357,5.3612921657094255,7.61085279039525,2.0794415416798357,5.776073361839086
2020-08-22,BTCUSDT,11531.23,11686.0,11376.81,11662.96,43678.701646,9.382443228575806,10.684615885755402,0.02631366140074159,0.02542965378596141,0.011349461965321588,-0.02755885468727366,0.023872794807036028,0.0010622246121596707,0.0008296394641346273,26.085932534835994,2020-08-22,59.757183679362704,0,0,7.61085279039525,2.0794415416798357,5.3612921657094255,7.61085279039525,2.0794415416798357,5.776073361839086
2020-08-23,BTCUSDT,11663.51,11718.07,11514.13,11648.13,37900.00469,9.366146823114383,10.542706514817212,0.015201513788809944,0.022872618786673543,-0.001272355947377651,0.011349461965321588,0.017445913171562074,0.0001206858927154448,0.000944879152407897,26.09252775020772,2020-08-23,59.601663422619076,0,0,7.61085279039525,2.0794415416798357,5.3612921657094255,7.61085279039525,2.0794415416798357,5.776073361839086
2020-08-24,BTCUSDT,11648.12,11824.9,11585.09,11748.2,46212.391867,9.368887373802542,10.741003263334116,0.01960796324304284,0.022056454900765868,0.008554385259456227,-0.001272355947377651,0.01578365607432289,0.0007964232995494742,0.000799134561203974,26.09839612126613,2020-08-24,59.40053138828841,0,0,7.61085279039525,2.0794415416798357,5.3612921657094255,7.61085279039525,2.0794415416798357,5.776073361839086
2020-08-25,BTCUSDT,11748.19,11767.85,11117.64,11318.42,69590.923272,9.377962756664756,11.150389425059407,0.032900227682320725,0.02476739809615458,-0.03726855030411857,0.008554385259456227,0.020899911551119893,0.003342354144184521,0.001220692764522732,26.079593812074467,2020-08-25,59.497098098096885,0,0,7.61085279039525,2.0794415416798357,5.3612921657094255,7.61085279039525,2.0794415416798357,5.776073361839086
2020-08-26,BTCUSDT,11318.42,11539.32,11244.0,11461.43,53998.231231,9.373126515769037,10.896706570028474,0.02504918299366698,0.02483784432053268,0.01255599829022591,-0.03726855030411857,0.021545708491247442,0.0011522746078857751,0.0011900958893766864,26.071588045543248,2020-08-26,59.579506986246734,0,0,7.61085279039525,2.0794415416798357,5.3612921657094255,7.61085279039525,2.0794415416798357,5.776073361839086
2020-08-27,BTCUSDT,11461.42,11592.2,11125.0,11330.38,63246.036383,9.353515612849312,11.054787738744755,0.03180748216556896,0.02658025378179175,-0.011499871598155137,0.01255599829022591,0.01913602258416987,0.0010402616377563228,0.0010906690009938277,26.069849826835295,2020-08-27,59.80086042537629,0,0,7.61085279039525,2.0794415416798357,5.3612921657094255,7.61085279039525,2.0794415416798357,5.776073361839086
2020-08-28,BTCUSDT,11330.38,11542.65,11276.89,11526.91,45953.908365,9.358087737129805,10.735394181076384,0.023154349027837202,0.025723777593303115,0.017196688078947187,-0.011499871598155137,0.020131670649521306,0.0016018683421294702,0.001094097941160869,26.07546529943135,2020-08-28,59.871058662024865,0,0,7.61085279039525,2.0794415416798357,5.3612921657094255,7.61085279039525,2.0794415416798357,5.776073361839086
2020-08-29,BTCUSDT,11526.9,11580.02,11417.04,11465.84,32973.7992,9.353804149748296,10.403468561456194,0.010296372750216878,0.021866926382531557,-0.005312121743530515,0.017196688078947187,0.02017176312158174,0.00051061064030235,0.0010158020123631254,26.082571288314906,2020-08-29,59.53775147092055,0,0,7.61085279039525,2.0794415416798357,5.3612921657094255,7.61085279039525,2.0794415416798357,5.776073361839086
2020-08-30,BTCUSDT,11465.84,11719.0,11458.0,11711.16,43177.879054,9.357036478241211,10.673083584150069,0.02251311626115103,0.022028473852186425,0.02117005324622385,-0.005312121743530515,0.02213277614750185,0.0019834992464279185,0.0009882558932246526,26.089735126021086,2020-08-30,59.11984072478183,0,0,7.61085279039525,2.0794415416798357,5.3612921657094255,7.61085279039525,2.0794415416798357,5.776073361839086
2020-08-31,BTCUSDT,11711.17,11800.77,11570.0,11649.51,55353.617744,9.368966735258603,10.921497297229376,0.015283297142122912,0.020342179674670547,-0.005278114294061569,0.02117005324622385,0.013793629389041285,0.0004832775351599958,0.0005935573644878485,26.097661339933403,2020-08-31,58.36269895642616,0,0,7.61085279039525,2.0794415416798357,5.3612921657094255,7.61085279039525,2.0794415416798357,5.776073361839086
2020-09-01,BTCUSDT,11649.51,12050.85,11515.0,11921.97,78148.193668,9.375920062562079,11.266362221929267,0.044090612281977616,0.026279287826497313,0.023118797396930114,-0.005278114294061569,0.015543703149676442,0.0020520197151065165,0.0007040900621793286,26.1071242150673,2020-09-01,57.99253266842568,0,0,7.61085279039525,2.1972245773362196,5.631211781821365,7.61085279039525,2.1972245773362196,5.699349278882169
2020-09-02,BTCUSDT,11921.97,11954.57,11160.1,11388.54,87221.845602,9.3968904758501,11.37621010148015,0.03906269225034671,0.029475138932459663,-0.04577532981158565,0.023118797396930114,0.02617428109928418,0.004023776758977918,0.0013018760667512252,26.091497546263092,2020-09-02,57.91029197376477,0,0,7.61085279039525,2.1972245773362196,5.631211781821365,7.61085279039525,2.1972245773362196,5.699349278882169
2020-09-03,BTCUSDT,11388.54,11462.6,9960.8,10140.85,121950.106015,9.388868911031418,11.711367272975382,0.057531899398542134,0.03648932904898028,-0.11603576554688845,-0.04577532981158565,0.05265536786833536,0.009907960602913317,0.0035518154185552367,26.015273995612358,2020-09-03,58.255987951712086,0,0,7.61085279039525,2.1972245773362196,5.631211781821365,7.61085279039525,2.1972245773362196,5.699349278882169
2020-09-04,BTCUSDT,10138.29,10627.05,9875.5,10446.25,92733.599113,9.346844840626993,11.437486135863246,0.07020640500028134,0.04491859803680555,0.02967124125373026,-0.11603576554688845,0.056577496006782545,0.0025942100301825474,0.0033362691394066917,25.972811544871906,2020-09-04,58.23334188224616,0,0,7.61085279039525,2.1972245773362196,5.631211781821365,7.61085279039525,2.1972245773362196,5.699349278882169
2020-09-05,BTCUSDT,10446.25,10565.68,9825.0,10166.69,90001.605568,9.271157916358334,11.407582788797722,0.054058375136570525,0.047203542311746796,-0.027126372308919018,0.02967124125373026,0.05367440526802394,0.0023779246498703646,0.0033039650764890983,25.96837142699832,2020-09-05,59.01172392815966,0,0,7.61085279039525,2.1972245773362196,5.631211781821365,7.61085279039525,2.1972245773362196,5.699349278882169
2020-09-06,BTCUSDT,10166.69,10347.14,9994.86,10256.2,56368.788815,9.265366291443186,10.939670894504534,0.03239441557131693,0.04350126062663933,0.008765710743617944,-0.027126372308919018,0.054923343775017335,0.0008012773718834025,0.0032465369125630247,25.9619133656192,2020-09-06,59.27064472828327,0,0,7.61085279039525,2.1972245773362196,5.631211781821365,7.61085279039525,2.1972245773362196,5.699349278882169
2020-09-07,BTCUSDT,10255.89,10410.75,9875.0,10373.44,62620.230676,9.244465432005343,11.044843678616825,0.05153066838429417,0.04550861256605304,0.011366292597355596,0.008765710743617944,0.05320816470837371,0.0010291039808341612,0.003370236504871856,25.965697271387796,2020-09-07,59.030935787325795,0,0,7.61085279039525,2.1972245773362196,5.631211781821365,7.61085279039525,2.1972245773362196,5.699349278882169
2020-09-08,BTCUSDT,10373.45,10438.0,9850.0,10126.65,73491.878418,9.250594205123328,11.20493018138132,0.042354326130596934,0.04472004095718901,-0.0240781306870189,0.011366292597355596,0.05209171224337004,0.002148887168170699,0.003393867526601752,25.9618699904899,2020-09-08,59.05109700287381,0,0,7.61085279039525,2.1972245773362196,5.631211781821365,7.61085279039525,2.1972245773362196,5.699349278882169
2020-09-09,BTCUSDT,10126.66,10343.0,9981.01,10219.2,49347.113776,9.25320827220336,10.806634558369158,0.03308682569682974,0.041811737142099195,0.009097741146643187,-0.0240781306870189,0.022248170957059756,0.0008418662718262713,0.0008279273886859996,25.95997771349526,2020-09-09,58.84020979864582,0,0,7.61085279039525,2.1972245773362196,5.631211781821365,7.61085279039525,2.1972245773362196,5.699349278882169
2020-09-10,BTCUSDT,10219.29,10483.35,10070.83,10336.87,58253.75375,9.244065241377804,10.972563811411733,0.03749288516999653,0.04073202414907353,0.011448811499434249,0.009097741146643187,0.01853108197734128,0.0010434035013336816,0.0006996769618386833,25.974341365277947,2020-09-10,58.42928732834557,0,0,7.61085279039525,2.1972245773362196,5.631211781821365,7.61085279039525,2.1972245773362196,5.699349278882169
2020-09-11,BTCUSDT,10336.86,10397.6,10200.0,10387.89,43830.254467,9.257543563284333,10.688079599168303,0.01885999129614962,0.03526401593584255,0.004923589278497632,0.011448811499434249,0.013759787152947905,0.0004606617337394047,0.0005762689497391811,25.97594346710953,2020-09-11,58.27551975268896,0,0,7.61085279039525,2.1972245773362196,5.631211781821365,7.61085279039525,2.1972245773362196,5.699349278882169
2020-09-12,BTCUSDT,10387.89,10477.97,10269.25,10440.92,35379.153096,9.249330289267379,10.47387803006153,0.019083090526920973,0.031218784583612158,0.00509199657416824,0.004923589278497632,0.013563611514316086,0.00048616153057668625,0.0006168594161466456,25.98219452952415,2020-09-12,57.929173549553205,0,0,7.61085279039525,2.1972245773362196,5.631211781821365,7.61085279039525,2.1972245773362196,5.699349278882169
2020-09-13,BTCUSDT,10440.67,10580.11,10200.0,10332.83,43837.609865,9.257030236822246,10.688247400632918,0.028056294753381804,0.03042816212605457,-0.010406496224025646,0.00509199657416824,0.01378043222133007,0.0009736391602807971,0.0006167818517799578,25.981567943515422,2020-09-13,57.96596114625289,0,0,7.61085279039525,2.1972245773362196,5.631211781821365,7.61085279039525,2.1972245773362196,5.699349278882169
2020-09-14,BTCUSDT,10332.84,10750.0,10212.34,10671.77,67059.291361,9.266731102333667,11.113332452726091,0.050467147607949646,0.035437908496528336,0.03227573226362602,-0.010406496224025646,0.013826478631231896,0.0029042352868431293,0.0009082514880828345,25.992541106274512,2020-09-14,58.35862367116533,0,0,7.61085279039525,2.1972245773362196,5.631211781821365,7.61085279039525,2.1972245773362196,5.699349278882169
2020-09-15,BTCUSDT,10671.77,10930.04,10606.48,10785.31,61822.452786,9.28266103355581,11.032021891152665,0.02865639353757545,0.03374252975679012,0.010583085836546963,0.03227573226362602,0.01384747706859045,0.0009593060946547128,0.0009023482744598589,26.01558141441267,2020-09-15,58.86253356649376,0,0,7.61085279039525,2.1972245773362196,5.631211781821365,7.61085279039525,2.1972245773362196,5.699349278882169
2020-09-16,BTCUSDT,10785.23,11093.0,10661.22,10954.01,64991.51244,9.29927024081622,11.082011962505591,0.03782045170493865,0.034762010243827246,0.015520576216204314,0.010583085836546963,0.014089955033108798,0.0014005197132719196,0.0009066361305731958,26.027029990293375,2020-09-16,59.53753931318234,0,0,7.61085279039525,2.1972245773362196,5.631211781821365,7.61085279039525,2.1972245773362196,5.699349278882169
2020-09-17,BTCUSDT,10954.01,11045.46,10745.83,10939.99,55601.614529,9.314069557738659,10.925967518108438,0.02392163439820929,0.03205191628242276,-0.0012807163530045075,0.015520576216204314,0.0147210270810696,0.00011721766066775127,0.0009710109317935709,26.031322597265877,2020-09-17,59.17755879220156,0,0,7.61085279039525,2.1972245773362196,5.631211781821365,7.61085279039525,2.1972245773362196,5.699349278882169
2020-09-18,BTCUSDT,10940.0,11038.03,10812.84,10933.39,47266.728275,9.309774762791408,10.763561907831516,0.01770599157167185,0.02846543510473503,-0.0006034732812486935,-0.0012807163530045075,0.015171580593615307,5.606631767589958e-05,0.00104221332474946,26.032553397635716,2020-09-18,58.960923476398904,0,0,7.61085279039525,2.1972245773362196,5.631211781821365,7.61085279039525,2.1972245773362196,5.699349278882169
2020-09-19,BTCUSDT,10933.4,11179.79,10887.37,11080.65,38440.036858,9.309101861879428,10.556854821928722,0.02578560834150306,0.027795478413927037,0.013378934222998818,-0.0006034732812486935,0.012344072524301062,0.0012673219863939085,0.0010437625481423273,26.04059821586272,2020-09-19,59.15182990114738,0,0,7.61085279039525,2.1972245773362196,5.631211781821365,7.61085279039525,2.1972245773362196,5.699349278882169
2020-09-20,BTCUSDT,11080.64,11080.64,10723.0,10920.28,39157.922565,9.321862962990638,10.575358045313859,0.024456483904598644,0.026960729786594938,-0.014578732844710519,0.013378934222998818,0.01147268211855613,0.0013785569039121688,0.0006220627939832656,26.034805435105785,2020-09-20,59.39956490606245,0,0,7.61085279039525,2.1972245773362196,5.631211781821365,7.61085279039525,2.1972245773362196,5.699349278882169
2020-09-21,BTCUSDT,10920.28,10988.86,10296.35,10417.22,70683.431179,9.312954720365981,11.165966470515677,0.03307751137547102,0.028489925183813956,-0.047161404910191086,-0.014578732844710519,0.023054966177219163,0.004223674236773257,0.0015127838376636988,26.006786135878077,2020-09-21,59.785650288498694,0,0,7.61085279039525,2.1972245773362196,5.631211781821365,7.61085279039525,2.1972245773362196,5.699349278882169
2020-09-22,BTCUSDT,10417.22,10572.71,10353.0,10529.61,43991.235476,9.30463731135303,10.69174569933142,0.020389511144541274,0.026464821673995786,0.010731082319475616,-0.047161404910191086,0.0222380928165219,0.0010036791578522724,0.0015217840066339518,25.989389851150058,2020-09-22,59.94966717245146,0,0,7.61085279039525,2.1972245773362196,5.631211781821365,7.61085279039525,2.1972245773362196,5.699349278882169
2020-09-23,BTCUSDT,10529.61,10537.15,10136.82,10241.46,51876.568079,9.266031432001117,10.856622485105058,0.02044881330946476,0.02496081958286303,-0.027747100849892316,0.010731082319475616,0.02356089980903252,0.002555776521469772,0.0014536613818144143,25.978857863895733,2020-09-23,60.16713736063977,0,0,7.61085279039525,2.1972245773362196,5.631211781821365,7.61085279039525,2.1972245773362196,5.699349278882169
2020-09-24,BTCUSDT,10241.46,10795.24,10190.93,10736.32,57676.619427,9.262662387049119,10.962607161139308,0.057371757645944044,0.033063554098633284,0.047188198471375946,-0.027747100849892316,0.033681974874307095,0.004304468615700339,0.0014989688187634139,25.991631883179217,2020-09-24,60.222552265929934,0,0,7.61085279039525,2.1972245773362196,5.631211781821365,7.61085279039525,2.1972245773362196,5.699349278882169
2020-09-25,BTCUSDT,10736.33,10760.53,10556.24,10686.67,48101.117008,9.286860575216823,10.781060678443755,0.01583939998311841,0.028757515569754567,-0.00463521561603508,0.047188198471375946,0.03271562817827659,0.00042994059251544564,0.001661862018801995,26.00997206789262,2020-09-25,59.786267561097745,0,0,7.61085279039525,2.1972245773362196,5.631211781821365,7.61085279039525,2.1972245773362196,5.699349278882169
2020-09-26,BTCUSDT,10686.57,10820.94,10644.68,10728.6,28420.836659,9.28364008900829,10.254877840309959,0.015363994440957622,0.02540913528755533,0.0039159023986676655,-0.00463521561603508,0.03262065618392883,0.00038185753742233806,0.0018168928414955764,26.013866063040975,2020-09-26,59.49556732921255,0,0,7.61085279039525,2.1972245773362196,5.631211781821365,7.61085279039525,2.1972245773362196,5.699349278882169
2020-09-27,BTCUSDT,10728.59,10799.0,10594.82,10774.25,30549.483253,9.289238424782226,10.327103049661266,0.018318718846812874,0.023636531177369715,0.004245955171710726,0.0039159023986676655,0.024402307375178567,0.00041114678059206504,0.0016003534599489417,26.014007689317474,2020-09-27,59.31597932306932,0,0,7.61085279039525,2.1972245773362196,5.631211781821365,7.61085279039525,2.1972245773362196,5.699349278882169
2020-09-28,BTCUSDT,10774.26,10950.0,10626.0,10696.12,50095.251734,9.28720881623276,10.821681506812986,0.024022830892749408,0.023733106106214638,-0.007277969114733297,0.004245955171710726,0.02475243832912645,0.0006725358817990827,0.00162698071359015,26.01720433164972,2020-09-28,59.24982796441637,0,0,7.61085279039525,2.1972245773362196,5.631211781821365,7.61085279039525,2.1972245773362196,5.699349278882169
2020-09-29,BTCUSDT,10696.11,10867.54,10635.87,10840.48,41874.898399,9.301094735244646,10.642441842831886,0.021218872769506836,0.023104547772037687,0.013406216589902006,-0.007277969114733297,0.01987836225498937,0.0012596936669126957,0.001535767517772841,26.016588322997755,2020-09-29,59.25941660811254,0,0,7.61085279039525,2.1972245773362196,5.631211781821365,7.61085279039525,2.1972245773362196,5.699349278882169
2020-09-30,BTCUSDT,10840.58,10849.34,10665.13,10776.59,39596.027322,9.293535643555506,10.586484072058655,0.013545262244362677,0.020714726390118933,-0.005911086565506154,0.013406216589902006,0.00800185057118407,0.0005583616359568829,0.0003323294776938301,26.019074303176975,2020-09-30,59.19721759623279,0,0,7.61085279039525,2.1972245773362196,5.631211781821365,7.61085279039525,2.1972245773362196,5.699349278882169
2020-10-01,BTCUSDT,10776.59,10920.0,10437.0,10619.13,60866.332893,9.291859527625329,11.016435474774209,0.03394072242564026,0.024021225398999264,-0.014719097354311225,-0.005911086565506154,0.010108919255407859,0.0013361034418088765,0.000422845890353125,26.011120343136383,2020-10-01,59.10460229327548,0,0,7.61085279039525,2.302585092994046,5.7430031878094825,7.61085279039525,2.302585092994046,5.734554593928909
2020-10-02,BTCUSDT,10619.13,10664.64,10374.0,10570.4,50130.393705,9.298351249298896,10.82238276390714,0.0235833634254897,0.023911759905621874,-0.004599449436267366,-0.014719097354311225,0.009866009147694888,0.0004249941567033298,0.00041522569680775025,25.998353915851663,2020-10-02,59.43988298970787,0,0,7.61085279039525,2.302585092994046,5.7430031878094825,7.61085279039525,2.302585092994046,5.734554593928909
2020-10-03,BTCUSDT,10570.4,10603.56,10496.46,10542.06,22298.221341,9.274688875061468,10.0122621937739,0.007888349828719268,0.01990590738639622,-0.0026846721814158783,-0.004599449436267366,0.00931176955460423,0.00026813842161318296,0.0004435729229787602,25.998259658744235,2020-10-03,59.48045187359198,0,0,7.61085279039525,2.302585092994046,5.7430031878094825,7.61085279039525,2.302585092994046,5.734554593928909
2020-10-04,BTCUSDT,10542.07,10696.87,10517.87,10666.63,23212.001595,9.268945072772093,10.052424734024955,0.01668157484909694,0.0190998242520714,0.011747206689254342,-0.0026846721814158783,0.010921614052850711,0.00116859434415788,0.00047089582884072325,26.003187805629402,2020-10-04,59.44523110045857,0,0,7.61085279039525,2.302585092994046,5.7430031878094825,7.61085279039525,2.302585092994046,5.734554593928909
2020-10-05,BTCUSDT,10666.62,10798.0,10615.64,10792.21,34025.761653,9.277706454292206,10.434873212368316,0.016956946743968967,0.01856410487504579,0.011704400948838524,0.011747206689254342,0.010503578047155638,0.0011216620183717664,0.00044891428066821796,26.0137918031295,2020-10-05,59.44290052931564,0,0,7.61085279039525,2.302585092994046,5.7430031878094825,7.61085279039525,2.302585092994046,5.734554593928909
2020-10-06,BTCUSDT,10792.2,10800.0,10525.0,10599.66,48674.740471,9.287116210778231,10.792915498351507,0.013994469848157021,0.017421696118323598,-0.018002652442652742,0.011704400948838524,0.01263665815614054,0.0016680064293473288,0.0005419687917155403,26.010167981869863,2020-10-06,59.82124506162328,0,0,7.61085279039525,2.302585092994046,5.7430031878094825,7.61085279039525,2.302585092994046,5.734554593928909
2020-10-07,BTCUSDT,10599.65,10681.87,10546.17,10666.39,32811.990279,9.287301413112312,10.398549284859035,0.012494977971070208,0.01619001658151025,0.006275751163339584,-0.018002652442652742,0.011519950942352536,0.0006035217982259781,0.0005329881060245939,26.00484335543571,2020-10-07,60.09858164162555,0,0,7.61085279039525,2.302585092994046,5.7430031878094825,7.61085279039525,2.302585092994046,5.734554593928909
2020-10-08,BTCUSDT,10666.4,10950.0,10530.41,10925.57,51959.691572,9.276303190820043,10.85822353489317,0.03870370796367893,0.021818439427052423,0.0240082372384519,0.006275751163339584,0.014422496041233355,0.0022110649280060253,0.0007026156229951317,26.01856233113084,2020-10-08,60.064728704123056,0,0,7.61085279039525,2.302585092994046,5.7430031878094825,7.61085279039525,2.302585092994046,5.734554593928909
2020-10-09,BTCUSDT,10925.44,11104.64,10829.0,11050.64,48240.073237,9.301094735244646,10.783945349579849,0.024260332977464123,0.02242891281465535,0.011382431304897278,0.0240082372384519,0.01396029502950092,0.0010554978661256613,0.0005584387463535696,26.03786026876207,2020-10-09,59.836538001524865,0,0,7.61085279039525,2.302585092994046,5.7430031878094825,7.61085279039525,2.302585092994046,5.734554593928909
2020-10-10,BTCUSDT,11050.64,11491.0,11050.51,11293.22,43648.036943,9.315118317973251,10.68391358758749,0.03908492680520169,0.026592916312291933,0.02171420080767896,0.011382431304897278,0.015065650476926658,0.0020324201080123296,0.0006238449663255313,26.06027192455815,2020-10-10,59.764125827543495,0,0,7.61085279039525,2.302585092994046,5.7430031878094825,7.61085279039525,2.302585092994046,5.734554593928909
2020-10-11,BTCUSDT,11293.22,11445.0,11221.0,11369.02,29043.851339,9.349319399257634,10.27656208201162,0.018653665546838432,0.024608103620928558,0.006689566668831729,0.02171420080767896,0.015058914537798593,0.0006509537543242532,0.0006983446164081985,26.070866824061742,2020-10-11,59.90903062444113,0,0,7.61085279039525,2.302585092994046,5.7430031878094825,7.61085279039525,2.302585092994046,5.734554593928909
2020-10-12,BTCUSDT,11369.02,11720.01,11172.0,11528.25,52825.28371,9.345308232386667,10.87474521322232,0.04477466259790243,0.029649743365172024,0.013908432475919988,0.006689566668831729,0.007478504350484121,0.0012789662841028299,0.0006830622102894285,26.08020149147882,2020-10-12,59.866531631943865,0,0,7.61085279039525,2.302585092994046,5.7430031878094825,7.61085279039525,2.302585092994046,5.734554593928909
2020-10-13,BTCUSDT,11528.24,11557.0,11300.0,11420.56,42205.283709,9.36905291637296,10.650300698560846,0.016378379693174374,0.026331902447172612,-0.009385304987830363,0.013908432475919988,0.012048725075151093,0.0008812244136072684,0.0006336097252755824,26.08081301313892,2020-10-13,59.74228156243187,0,0,7.61085279039525,2.302585092994046,5.7430031878094825,7.61085279039525,2.302585092994046,5.734554593928909
2020-10-14,BTCUSDT,11420.57,11547.98,11280.0,11417.89,41415.106015,9.355046592975441,10.63140097285041,0.020272327630408794,0.024817008742981657,-0.00023381621889088832,-0.009385304987830363,0.010987489042690618,2.1992982814587542e-05,0.0006690580571774418,26.078028850075064,2020-10-14,59.32812515855845,0,0,7.61085279039525,2.302585092994046,5.7430031878094825,7.61085279039525,2.302585092994046,5.734554593928909
2020-10-15,BTCUSDT,11417.89,11617.34,11250.83,11505.12,48760.717679,9.354265808879697,10.794680302088203,0.029741784838914136,0.026048202766964776,0.007610730096360131,-0.00023381621889088832,0.010816934045088837,0.0007050445111271943,0.0006771145282806804,26.080341262148202,2020-10-15,59.81217558051805,0,0,7.61085279039525,2.302585092994046,5.7430031878094825,7.61085279039525,2.302585092994046,5.734554593928909
2020-10-16,BTCUSDT,11505.13,11541.15,11200.0,11319.32,48797.749502,9.360254088538062,10.795439474015533,0.01945862174791071,0.02440080751220126,-0.016281153381309317,0.007610730096360131,0.011388102769445985,0.001508151050311367,0.0005222828619741777,26.075180888608294,2020-10-16,60.05538604809346,0,0,7.61085279039525,2.302585092994046,5.7430031878094825,7.61085279039525,2.302585092994046,5.734554593928909
2020-10-17,BTCUSDT,11319.24,11402.42,11255.0,11360.2,22368.915241,9.353674188476571,10.015427561623122,0.012174924554572149,0.021344336772793984,0.003605018472487021,-0.016281153381309317,0.011112857895463115,0.00035994653750985584,0.0005558974544354865,26.070839541529992,2020-10-17,60.21372841436468,0,0,7.61085279039525,2.302585092994046,5.7430031878094825,7.61085279039525,2.302585092994046,5.734554593928909
2020-10-18,BTCUSDT,11360.31,11505.0,11346.22,11503.14,23284.041191,9.341580892555982,10.05552347745895,0.013889853447714262,0.019480715941524052,0.012504022806047878,0.003605018472487021,0.010767470454180878,0.001243497947578525,0.0005498461215394463,26.07933827616356,2020-10-18,60.15079590913733,0,0,7.61085279039525,2.302585092994046,5.7430031878094825,7.61085279039525,2.302585092994046,5.734554593928909
2020-10-19,BTCUSDT,11503.14,11823.99,11407.96,11751.47,47414.534692,9.350537002469466,10.766684099750746,0.035098373005370276,0.02338513020748561,0.021358297570117018,0.012504022806047878,0.012748351660515545,0.0019837395963545985,0.0007393454746036853,26.096068547194744,2020-10-19,60.41412841020109,0,0,7.61085279039525,2.302585092994046,5.7430031878094825,7.61085279039525,2.302585092994046,5.734554593928909
2020-10-20,BTCUSDT,11751.46,12038.38,11677.59,11909.99,62134.750663,9.377885797450142,11.037060703405134,0.029296165385903218,0.02486288900209001,0.013399204588298025,0.021358297570117018,0.012894257470612892,0.0012140192890453276,0.0005755385129897482,26.115011410845902,2020-10-20,61.291478837174765,0,0,7.61085279039525,2.302585092994046,5.7430031878094825,7.61085279039525,2.302585092994046,5.734554593928909
2020-10-21,BTCUSDT,11910.0,13217.68,11886.95,12780.96,114584.456767,9.39585515831493,11.649067443758744,0.10580703309208063,0.04509892502458766,0.07057901976281855,0.013399204588298025,0.029011299317941094,0.00605876994905999,0.0020284498395219982,26.165162248454983,2020-10-21,61.995832642426066,0,0,7.61085279039525,2.302585092994046,5.7430031878094825,7.61085279039525,2.302585092994046,5.734554593928909
2020-10-22,BTCUSDT,12780.75,13185.0,12678.08,12968.52,70038.824144,9.489310606325937,11.156804997909347,0.03746371503125569,0.04319012252625467,0.014568318834834563,0.07057901976281855,0.024147050461207503,0.00130577874557855,0.002041130984797231,26.201068971482382,2020-10-22,62.044336766232334,0,0,7.61085279039525,2.302585092994046,5.7430031878094825,7.61085279039525,2.302585092994046,5.734554593928909
2020-10-23,BTCUSDT,12968.84,13027.69,12720.08,12923.07,50386.999841,9.486835098787386,10.827488481124606,0.020367149364764903,0.03748437923588223,-0.0035107961066538486,0.014568318834834563,0.025412229915499494,0.00032424842684193714,0.0020470078853430415,26.201397670318983,2020-10-23,61.781821931035495,0,0,7.61085279039525,2.302585092994046,5.7430031878094825,7.61085279039525,2.302585092994046,5.734554593928909
2020-10-24,BTCUSDT,12923.06,13166.73,12870.0,13111.73,35952.20907,9.474832371209736,10.489945809661874,0.022413212060483707,0.0337165874420326,0.014493163177937982,-0.0035107961066538486,0.02528431704612408,0.0013816242181717375,0.0020372595268404233,26.209943818920287,2020-10-24,61.78824647409555,0,0,7.61085279039525,2.302585092994046,5.7430031878094825,7.61085279039525,2.302585092994046,5.734554593928909
2020-10-25,BTCUSDT,13111.73,13350.0,12888.0,13028.83,38481.579504,9.485448472336117,10.557934951338469,0.028658698526054256,0.032452115213038014,-0.006342655085969485,0.014493163177937982,0.02778925029690078,0.0006007476949993335,0.0021220097598305793,26.21550430721509,2020-10-25,61.784917652830714,0,0,7.61085279039525,2.302585092994046,5.7430031878094825,7.61085279039525,2.302585092994046,5.734554593928909
2020-10-26,BTCUSDT,13029.64,13238.81,12765.0,13052.19,60951.672986,9.499271663828395,11.017836583031483,0.03220202067349413,0.03238959157815204,0.0017913414618498272,-0.006342655085969485,0.028501517885001916,0.00016258559004302746,0.002222520377766534,26.20999138721629,2020-10-26,62.05397177836648,0,0,7.61085279039525,2.302585092994046,5.7430031878094825,7.61085279039525,2.302585092994046,5.734554593928909
2020-10-27,BTCUSDT,13052.15,13789.29,13019.87,13636.17,80811.01945,9.490907946297547,11.299868614542055,0.05717425276466066,0.0385857568747792,0.04376988541595295,0.0017913414618498272,0.018410205350217253,0.003873486224399503,0.001368243901351176,26.23702375727226,2020-10-27,62.63205961433573,0,0,7.61085279039525,2.302585092994046,5.7430031878094825,7.61085279039525,2.302585092994046,5.734554593928909
2020-10-28,BTCUSDT,13636.16,13859.48,12888.0,13266.4,94440.561226,9.531647482877386,11.455725933854389,0.05304191633882085,0.04219979674078961,-0.027491298279312352,0.04376988541595295,0.023880684107220426,0.002399786660229802,0.0014440039217889975,26.239220413576863,2020-10-28,62.962965629672,0,0,7.61085279039525,2.302585092994046,5.7430031878094825,7.61085279039525,2.302585092994046,5.734554593928909
2020-10-29,BTCUSDT,13266.4,13642.91,12920.77,13455.7,74872.602132,9.536724754002558,11.223543309956694,0.05092008268686605,0.044379868227308716,0.01416828517726635,-0.027491298279312352,0.02389112723556156,0.0012623718540558666,0.0013441474345873773,26.233899901790757,2020-10-29,63.22244443128656,0,0,7.61085279039525,2.302585092994046,5.7430031878094825,7.61085279039525,2.302585092994046,5.734554593928909
2020-10-30,BTCUSDT,13455.69,13669.98,13115.0,13560.1,70657.778881,9.520975251751553,11.165603486524374,0.03886853782979911,0.04300203562793131,0.007728849021307219,0.01416828517726635,0.023609550925780893,0.0006922016378814697,0.0013963794087956108,26.242069444655588,2020-10-30,63.70188394118079,0,0,7.61085279039525,2.302585092994046,5.7430031878094825,7.61085279039525,2.302585092994046,5.734554593928909
2020-10-31,BTCUSDT,13560.1,14100.0,13411.5,13791.0,67339.238515,9.522957466659134,11.11749838458757,0.04756112784919214,0.04414180868324652,0.016884548375875077,0.007728849021307219,0.02315885298712658,0.0015187363012602272,0.0013269003040160248,26.26203380466886,2020-10-31,63.8976173038041,0,0,7.61085279039525,2.302585092994046,5.7430031878094825,7.61085279039525,2.302585092994046,5.734554593928909
2020-11-01,BTCUSDT,13791.0,13895.0,13603.0,13761.5,36285.648526,9.55393007636626,10.499177584668127,0.01784853558597781,0.037568490408929345,-0.0021413673004317957,0.016884548375875077,0.023473338712310124,0.00020395571778486905,0.0013176913784686186,26.26556286999391,2020-11-01,63.568586218805976,0,0,7.61085279039525,2.3978952727983707,5.793013608384144,7.61085279039525,2.3978952727983707,5.962520500208145
2020-11-02,BTCUSDT,13761.49,13830.0,13195.05,13549.37,64566.421908,9.539284342176604,11.07544976992991,0.03670396650824169,0.037352359433757434,-0.015534786411904644,-0.0021413673004317957,0.0175525130276847,0.0014026325553009983,0.0007513929985630886,26.25262677127399,2020-11-02,63.67115900413751,0,0,7.61085279039525,2.3978952727983707,5.793013608384144,7.61085279039525,2.3978952727983707,5.962520500208145
2020-11-03,BTCUSDT,13549.63,14066.11,13284.99,14023.53,74115.630787,9.534595424658804,11.213381730833959,0.05660778601912112,0.04216621608009836,0.03439658130142223,-0.015534786411904644,0.017094965312351593,0.0030674583392483953,0.0009730700257160229,26.263711573357877,2020-11-03,64.44379334247012,0,0,7.61085279039525,2.3978952727983707,5.793013608384144,7.61085279039525,2.3978952727983707,5.962520500208145
2020-11-04,BTCUSDT,14023.53,14259.0,13525.0,14144.01,93016.988262,9.551523637113227,11.440537424937226,0.04999871674665004,0.04412434124673628,0.00855457982732576,0.03439658130142223,0.016924744858364125,0.000747742829692522,0.0010053203008758894,26.28194001626613,2020-11-04,64.80423930244433,0,0,7.61085279039525,2.3978952727983707,5.793013608384144,7.61085279039525,2.3978952727983707,5.962520500208145
2020-11-05,BTCUSDT,14144.01,15750.0,14093.56,15590.02,143741.522673,9.565143565282119,11.875771984211074,0.11095814143334155,0.0608327912933876,0.09733975303388694,0.00855457982732576,0.04004745514532735,0.00819649898661753,0.0029420502601808798,26.345024314451525,2020-11-05,65.6104585611474,0,0,7.61085279039525,2.3978952727983707,5.793013608384144,7.61085279039525,2.3978952727983707,5.962520500208145
2020-11-06,BTCUSDT,15590.02,15960.0,15166.0,15579.92,122618.197695,9.66459564425378,11.71683072291311,0.04403841785976073,0.05663419793498088,-0.0006480603012701369,0.09733975303388694,0.04122706763605202,5.531020432025258e-05,0.0030984458776234947,26.390118280992823,2020-11-06,65.72111483993027,0,0,7.61085279039525,2.3978952727983707,5.793013608384144,7.61085279039525,2.3978952727983707,5.962520500208145
2020-11-07,BTCUSDT,15579.93,15753.52,14344.22,14818.3,101431.206553,9.6778408710038,11.527136079724707,0.06103607053774351,0.057734666085671536,-0.050120002204518566,-0.0006480603012701369,0.050145239164176895,0.004348001260493104,0.00300383623310803,26.360790788743373,2020-11-07,64.75534175355124,0,0,7.61085279039525,2.3978952727983707,5.793013608384144,7.61085279039525,2.3978952727983707,5.962520500208145
2020-11-08,BTCUSDT,14818.3,15650.0,14703.88,15475.1,65547.178574,9.66481911134664,11.090525445916146,0.06165705568206785,0.058715263484770616,0.04336937714861154,-0.050120002204518566,0.04935844384336304,0.003910488944830058,0.0029153656627115823,26.36289427685001,2020-11-08,64.9037226710267,0,0,7.61085279039525,2.3978952727983707,5.793013608384144,7.61085279039525,2.3978952727983707,5.962520500208145
2020-11-09,BTCUSDT,15475.1,15840.0,14805.54,15328.41,108976.334134,9.658226195968298,11.59888601960105,0.05575950760865172,0.05797632451574089,-0.009524311280312406,0.04336937714861154,0.05042408530567962,0.0008211401736526418,0.0031029000872189274,26.375783861673163,2020-11-09,64.9806021776223,0,0,7.61085279039525,2.3978952727983707,5.793013608384144,7.61085279039525,2.3978952727983707,5.962520500208145
2020-11-10,BTCUSDT,15328.41,15460.0,15072.46,15297.21,61681.919606,9.670293665368417,11.029746129769793,0.021592639591095808,0.04888040328457962,-0.0020375104761155144,-0.009524311280312406,0.050871101004842156,0.000184728682976318,0.003192336587278569,26.371585184003383,2020-11-10,64.75937509336067,0,0,7.61085279039525,2.3978952727983707,5.793013608384144,7.61085279039525,2.3978952727983707,5.962520500208145
2020-11-11,BTCUSDT,15297.21,15965.0,15272.68,15684.24,78469.746458,9.646011322141414,11.2704684340471,0.04401090802992901,0.04766302947091697,0.024985927702935035,-0.0020375104761155144,0.03195761901642469,0.0022169378184366084,0.0018783551292737102,26.388850710058573,2020-11-11,64.77467490101321,0,0,7.61085279039525,2.3978952727983707,5.793013608384144,7.61085279039525,2.3978952727983707,5.962520500208145
2020-11-12,BTCUSDT,15684.25,16340.7,15440.64,16291.86,102196.356592,9.678154105148883,11.534651306331536,0.05624088474679509,0.0498074932898865,0.03800921004285134,0.024985927702935035,0.03528178265326054,0.0032952196848800744,0.001690432708814274,26.41339741608619,2020-11-12,65.43901671369437,0,0,7.61085279039525,2.3978952727983707,5.793013608384144,7.61085279039525,2.3978952727983707,5.962520500208145
2020-11-13,BTCUSDT,16291.85,16480.0,15952.35,16320.7,75691.881014,9.701414207153684,11.234426181546803,0.029229957669980863,0.04466310938491009,0.0017686441983009846,0.03800921004285134,0.02233183540584414,0.00015743075522682993,0.0016199597422765913,26.432745160615198,2020-11-13,65.49979773438316,0,0,7.61085279039525,2.3978952727983707,5.793013608384144,7.61085279039525,2.3978952727983707,5.962520500208145
2020-11-14,BTCUSDT,16320.04,16326.99,15670.0,16070.45,59116.347179,9.709902803463462,10.987262767160441,0.03229778114156493,0.0415717773240738,-0.015452058926512477,0.0017686441983009846,0.020824243749662203,0.0014063610977519128,0.0012327492561239313,26.423206169468035,2020-11-14,65.18304370279847,0,0,7.61085279039525,2.3978952727983707,5.793013608384144,7.61085279039525,2.3978952727983707,5.962520500208145
2020-11-15,BTCUSDT,16069.56,16180.0,15774.72,15957.0,43596.841513,9.700574845643585,10.682739984350667,0.019659528995650672,0.03609371524196802,-0.007084577418178802,-0.015452058926512477,0.020474532552436597,0.0006631798048587839,0.0012478194575566352,26.416083733553005,2020-11-15,65.37989183470353,0,0,7.61085279039525,2.3978952727983707,5.793013608384144,7.61085279039525,2.3978952727983707,5.962520500208145
2020-11-16,BTCUSDT,15957.0,16880.0,15864.0,16713.57,81300.675924,9.691531190612483,11.305909609449682,0.061608835807464624,0.04247249538334217,0.04632335988450774,-0.007084577418178802,0.025298499678444147,0.004097269612503345,0.0015266493890437511,26.438414276671285,2020-11-16,65.74996785987756,0,0,7.61085279039525,2.3978952727983707,5.793013608384144,7.61085279039525,2.3978952727983707,5.962520500208145
2020-11-17,BTCUSDT,16713.08,17858.82,16538.0,17659.38,115221.403102,9.733884768149949,11.654610800802924,0.07606325321258238,0.05087018484065222,0.055046122658961215,0.04632335988450774,0.030225701294133694,0.004723119767771988,0.001903231875389225,26.489121205815422,2020-11-17,66.27441461505401,0,0,7.61085279039525,2.3978952727983707,5.793013608384144,7.61085279039525,2.3978952727983707,5.962520500208145
2020-11-18,BTCUSDT,17659.38,18476.93,17214.45,17776.12,149019.788134,9.790252782818918,11.91183438237808,0.06342103072168906,0.05400789631091143,0.006588896577796588,0.055046122658961215,0.02913554890500379,0.0005531386994050181,0.001970547408507712,26.519870964322198,2020-11-18,66.92149181135139,0,0,7.61085279039525,2.3978952727983707,5.793013608384144,7.61085279039525,2.3978952727983707,5.962520500208145
2020-11-19,BTCUSDT,17777.75,18179.8,17335.65,17802.82,93009.561008,9.824278205854174,11.440457573388798,0.041628616129462614,0.05091307626554922,0.00150088816654907,0.006588896577796588,0.02915920294324471,0.00013119127070933137,0.0019753005397675225,26.522205749306274,2020-11-19,67.08654775909358,0,0,7.61085279039525,2.3978952727983707,5.793013608384144,7.61085279039525,2.3978952727983707,5.962520500208145
2020-11-20,BTCUSDT,17802.81,18815.22,17740.04,18655.67,88423.018489,9.808066366570847,11.389887604877163,0.05858573443843732,0.052831240808771246,0.04679324961628493,0.00150088816654907,0.02739665161758534,0.004108315309121049,0.0021339321021299116,26.54910345305452,2020-11-20,66.98452456032018,0,0,7.61085279039525,2.3978952727983707,5.793013608384144,7.61085279039525,2.3978952727983707,5.962520500208145
2020-11-21,BTCUSDT,18655.66,18965.9,18308.58,18703.8,75577.458394,9.842421395757476,11.232913348314758,0.031350190342494325,0.04746097819220202,0.0025765904402387323,0.04679324961628493,0.025351114316699893,0.000229378644732917,0.002209711312190736,26.57121297118871,2020-11-21,65.89917870529538,0,0,7.61085279039525,2.3978952727983707,5.793013608384144,7.61085279039525,2.3978952727983707,5.962520500208145
2020-11-22,BTCUSDT,18703.8,18750.0,17610.86,18414.43,81645.737778,9.850397908836712,11.310144895909325,0.0533026459079268,0.048921395121133214,-0.0155921153820781,0.0025765904402387323,0.028105969423380183,0.001378595546350382,0.0020415435203330608,26.55524256247244,2020-11-22,64.72404262317006,0,0,7.61085279039525,2.3978952727983707,5.793013608384144,7.61085279039525,2.3978952727983707,5.962520500208145
2020-11-23,BTCUSDT,18413.88,18766.0,18000.0,18368.0,82961.506093,9.838949031398556,11.326131997186545,0.03534802287409181,0.04552805205937287,-0.002524576253394546,-0.0155921153820781,0.02113491455871647,0.0002228983605366475,0.0015422334947975645,26.556271514215403,2020-11-23,63.53083569842117,0,0,7.61085279039525,2.3978952727983707,5.793013608384144,7.61085279039525,2.3978952727983707,5.962520500208145
2020-11-24,BTCUSDT,18368.01,19418.97,18018.0,19160.01,113581.509241,9.839802000849994,11.640276001254744,0.07313411790795427,0.05242956852151821,0.04221527432609045,-0.002524576253394546,0.025664698311880764,0.0036266557873318402,0.0018099083355047904,26.575880332629538,2020-11-24,62.290135387092,0,0,7.61085279039525,2.3978952727983707,5.793013608384144,7.61085279039525,2.3978952727983707,5.962520500208145
2020-11-25,BTCUSDT,19160.0,19484.21,18500.27,18719.11,93266.576887,9.8740057023337,11.443217089932364,0.03579880198091621,0.048271876886367714,-0.023280367279034576,0.04221527432609045,0.029495873080002805,0.0020344250306599905,0.00165800424828945,26.586666789363466,2020-11-25,62.72164977077714,0,0,7.61085279039525,2.3978952727983707,5.793013608384144,7.61085279039525,2.3978952727983707,5.962520500208145
2020-11-26,BTCUSDT,18718.83,18915.03,16188.0,17149.47,181005.246693,9.877359672942667,12.106281297081985,0.10002190954195307,0.061209385050264055,-0.08757765783988204,-0.023280367279034576,0.04258861814451533,0.007234067645610643,0.002663961719138543,26.52062792089098,2020-11-26,63.32031389280314,0,0,7.61085279039525,2.3978952727983707,5.793013608384144,7.61085279039525,2.3978952727983707,5.962520500208145
2020-11-27,BTCUSDT,17149.47,17457.62,16438.08,17139.52,85297.024787,9.847712123108694,11.35389485346936,0.05331053041430303,0.0592346713912738,-0.000580361234278455,-0.08757765783988204,0.04236130747667398,5.1115607619099676e-05,0.0026945573751441616,26.480652910808768,2020-11-27,63.07231070538587,0,0,7.61085279039525,2.3978952727983707,5.793013608384144,7.61085279039525,2.3978952727983707,5.962520500208145
2020-11-28,BTCUSDT,17139.53,17880.49,16865.56,17719.85,64910.69997,9.767531508533025,11.080767757669879,0.05717868849383235,0.05872067566691344,0.03329857201976857,-0.000580361234278455,0.046611301532064754,0.0030050780548775587,0.002649718229808255,26.501636751702073,2020-11-28,62.81416671613808,0,0,7.61085279039525,2.3978952727983707,5.793013608384144,7.61085279039525,2.3978952727983707,5.962520500208145
2020-11-29,BTCUSDT,17719.84,18360.05,17517.0,18184.99,55329.016303,9.791465453273698,10.921052757006478,0.04581695641299099,0.05549474585343283,0.02591104840521473,0.03329857201976857,0.04849279022279028,0.0023725778990117334,0.0023801040901657283,26.531806164897347,2020-11-29,62.800675219836684,0,0,7.61085279039525,2.3978952727983707,5.793013608384144,7.61085279039525,2.3978952727983707,5.962520500208145
2020-11-30,BTCUSDT,18185.0,19863.16,18184.99,19695.87,115463.466888,9.81793238748232,11.656709454909324,0.08827020487622891,0.06368861060913185,0.07981244056034183,0.02591104840521473,0.056983421479768134,0.006846910002267246,0.002851471737413581,26.588087906668466,2020-11-30,63.0269349589217,0,0,7.61085279039525,2.3978952727983707,5.793013608384144,7.61085279039525,2.3978952727983707,5.962520500208145
2020-12-01,BTCUSDT,19695.87,19888.0,18001.12,18764.96,127698.762652,9.896622038738482,11.757429352482692,0.06860608357467148,0.06491797885051676,-0.0484176681386951,0.07981244056034183,0.060272147960136066,0.004118048825738532,0.0027490724576944236,26.595158839424087,2020-12-01,63.32312774838309,0,0,7.61085279039525,2.4849066497880004,5.342334251964811,7.61085279039525,2.4849066497880004,5.698784797713799
2020-12-02,BTCUSDT,18764.96,19342.0,18330.0,19204.09,75911.013478,9.897871813750493,11.237317057968982,0.05215510137668952,0.06172725948205995,0.023131976224671752,-0.0484176681386951,0.04218021268119057,0.0020584963568566067,0.002279942870032171,26.584527417484107,2020-12-02,63.268640200166175,0,0,7.61085279039525,2.4849066497880004,5.342334251964811,7.61085279039525,2.4849066497880004,5.698784797713799
2020-12-03,BTCUSDT,19204.08,19598.0,18867.2,19421.9,66689.391279,9.870034176276908,11.107801167964363,0.03583922401784513,0.055255250616006245,0.011278018177224554,0.023131976224671752,0.04135695692966437,0.0010153240958031466,0.002046138808302052,26.604081118819686,2020-12-03,63.22481095453035,0,0,7.61085279039525,2.4849066497880004,5.342334251964811,7.61085279039525,2.4849066497880004,5.698784797713799
2020-12-04,BTCUSDT,19422.34,19527.0,18565.31,18650.52,71283.6682,9.883182799195763,11.174422522661205,0.021864836198804312,0.04690764701170576,-0.04052726761991646,0.011278018177224554,0.04744198328497977,0.0036267885465874465,0.0020478427676487655,26.59199355103404,2020-12-04,63.546085447744446,0,0,7.61085279039525,2.4849066497880004,5.342334251964811,7.61085279039525,2.4849066497880004,5.698784797713799
2020-12-05,BTCUSDT,18650.51,19177.0,18500.0,19147.66,42922.748573,9.879553402240496,10.667157234139676,0.03576790177645295,0.04412271070289256,0.02630648721030668,-0.04052726761991646,0.04747122150371762,0.002466119757390859,0.002039346004622939,26.58225127636701,2020-12-05,63.728056497080416,0,0,7.61085279039525,2.4849066497880004,5.342334251964811,7.61085279039525,2.4849066497880004,5.698784797713799
2020-12-06,BTCUSDT,19147.66,19420.0,18857.0,19359.4,37043.091861,9.861466923273516,10.519837158845506,0.02859521742862826,0.04024083738432648,0.01099757468367193,0.02630648721030668,0.03290138622373087,0.0010454130152028752,0.0012906680053257186,26.5998157866439,2020-12-06,63.53117033330278,0,0,7.61085279039525,2.4849066497880004,5.342334251964811,7.61085279039525,2.4849066497880004,5.698784797713799
2020-12-07,BTCUSDT,19358.67,19420.91,18902.88,19166.9,41372.296293,9.874058741845316,10.630366764151447,0.02042706016762955,0.035287393080152246,-0.009993256658502918,0.01099757468367193,0.025070794040676813,0.0009400669685455217,0.001072531560033708,26.600687276386967,2020-12-07,63.58074635052084,0,0,7.61085279039525,2.4849066497880004,5.342334251964811,7.61085279039525,2.4849066497880004,5.698784797713799
2020-12-08,BTCUSDT,19166.9,19294.84,18200.0,18324.11,61626.947614,9.874105599655813,11.028854515129561,0.027210698772786403,0.033268219503310784,-0.044967153911558415,-0.009993256658502918,0.029454547877748885,0.004077227952356407,0.001410981833351439,26.575301749530777,2020-12-08,63.75267992325738,0,0,7.61085279039525,2.4849066497880004,5.342334251964811,7.61085279039525,2.4849066497880004,5.698784797713799
2020-12-09,BTCUSDT,18324.11,18639.57,17650.0,18541.28,79585.553801,9.867592981633631,11.284587870450034,0.05270327099850335,0.038126982377108924,0.011781918605685223,-0.044967153911558415,0.0295205288903422,0.0010440716790851977,0.001406214968141634,26.551038054376523,2020-12-09,63.646220940356,0,0,7.61085279039525,2.4849066497880004,5.342334251964811,7.61085279039525,2.4849066497880004,5.698784797713799
2020-12-10,BTCUSDT,18541.29,18557.32,17911.12,18254.63,52890.675094,9.833042019303969,10.875982328092764,0.02622049637346214,0.03515036087619723,-0.015580851185682042,0.011781918605685223,0.02545483467590908,0.0014325925434281515,0.0012359406991145612,26.55249693475057,2020-12-10,63.59909063051545,0,0,7.61085279039525,2.4849066497880004,5.342334251964811,7.61085279039525,2.4849066497880004,5.698784797713799
2020-12-11,BTCUSDT,18254.81,18292.73,17572.33,18036.53,72610.724259,9.828619599362282,11.192867906969912,0.03281555406844639,0.03456665917425952,-0.01201960068239654,-0.015580851185682042,0.020848351201889468,0.001073862461551236,0.0012242229967611038,26.537188208148184,2020-12-11,63.81280361789766,0,0,7.61085279039525,2.4849066497880004,5.342334251964811,7.61085279039525,2.4849066497880004,5.698784797713799
2020-12-12,BTCUSDT,18036.53,18948.66,18020.7,18808.69,49519.978432,9.814258992138207,10.810131471817188,0.05014725213481065,0.03846180741439731,0.041919851281025024,-0.01201960068239654,0.029211037300155746,0.0038778299218943982,0.001484921496163279,26.560189990493328,2020-12-12,64.21475002193758,0,0,7.61085279039525,2.4849066497880004,5.342334251964811,7.61085279039525,2.4849066497880004,5.698784797713799
2020-12-13,BTCUSDT,18808.69,19411.0,18711.12,19174.99,56560.821744,9.849488495609277,10.943071829177786,0.035845151072955994,0.03780764332903698,0.019287828659587614,0.041919851281025024,0.03058547644666389,0.001762560728895153,0.0013944853837493838,26.589449895930922,2020-12-13,64.3540246882141,0,0,7.61085279039525,2.4849066497880004,5.342334251964811,7.61085279039525,2.4849066497880004,5.698784797713799
2020-12-14,BTCUSDT,19174.99,19349.0,19000.0,19273.14,47257.201294,9.873595194671092,10.763360329647542,0.01718399816979151,0.03265173203922561,0.005105590997883581,0.019287828659587614,0.02124361347181071,0.0004743491662004749,0.0011912361020781585,26.599164255565466,2020-12-14,64.3313038523869,0,0,7.61085279039525,2.4849066497880004,5.342334251964811,7.61085279039525,2.4849066497880004,5.698784797713799
2020-12-15,BTCUSDT,19273.69,19570.0,19050.0,19426.43,61834.366011,9.87039601753593,11.03221457320858,0.02528445721787465,0.03080991333388787,0.007922093279086292,0.005105590997883581,0.02117963850704474,0.0007180873093535427,0.0012290900646618225,26.60667256167127,2020-12-15,64.5456573497272,0,0,7.61085279039525,2.4849066497880004,5.342334251964811,7.61085279039525,2.4849066497880004,5.698784797713799
2020-12-16,BTCUSDT,19426.43,21560.0,19278.6,21335.52,114306.33557,9.881753060390121,11.646637277555591,0.11148607643133225,0.050978954108248965,0.09373877942102818,0.007922093279086292,0.037672042357642294,0.00804857034585198,0.0029116703229497345,26.661174664086747,2020-12-16,64.96913877005282,0,0,7.61085279039525,2.4849066497880004,5.342334251964811,7.61085279039525,2.4849066497880004,5.698784797713799
2020-12-17,BTCUSDT,21335.52,23800.0,21230.0,22797.16,184882.476748,9.978595025022933,12.12747564137519,0.11333252851569131,0.06656734771010955,0.06626267735967427,0.09373877942102818,0.0353591308721557,0.005463847491361396,0.002984285184919143,26.749536209975304,2020-12-17,65.79706343315532,0,0,7.61085279039525,2.4849066497880004,5.342334251964811,7.61085279039525,2.4849066497880004,5.698784797713799
2020-12-18,BTCUSDT,22797.15,23285.18,22350.0,23107.39,79646.134315,10.077440859659566,11.285348780764304,0.0390949399004266,0.05969924575768881,0.013516512987803837,0.06626267735967427,0.03676957208592956,0.0011977044972542202,0.0030953345172392258,26.77633122246192,2020-12-18,66.31965845782842,0,0,7.61085279039525,2.4849066497880004,5.342334251964811,7.61085279039525,2.4849066497880004,5.698784797713799
2020-12-19,BTCUSDT,23107.39,24171.47,22750.0,23821.61,86045.064677,10.055572385685075,11.362626445863555,0.05870308634292743,0.059450205903998465,0.030440672117046565,0.013516512987803837,0.036134971477168654,0.0026790172379668586,0.003047607976403235,26.801293499784517,2020-12-19,66.565577172523,0,0,7.61085279039525,2.4849066497880004,5.342334251964811,7.61085279039525,2.4849066497880004,5.698784797713799
2020-12-20,BTCUSDT,23821.6,24295.0,23060.0,23455.52,76690.145685,10.09292829104547,11.247528500418074,0.03973920398779001,0.05452245542494635,-0.015487290255670515,0.030440672117046565,0.04040111386588439,0.0013769505234056396,0.002911501011962794,26.809633175056327,2020-12-20,66.93416458897131,0,0,7.61085279039525,2.4849066497880004,5.342334251964811,7.61085279039525,2.4849066497880004,5.698784797713799
2020-12-21,BTCUSDT,23455.54,24102.77,21815.0,22719.71,88030.297243,10.098025846840004,11.385436321059498,0.07523981185920293,0.0597017945335105,-0.03187303196066846,-0.015487290255670515,0.04786565754093254,0.0027994563459736114,0.002663289687571804,26.782793116303136,2020-12-21,67.14374281181179,0,0,7.61085279039525,2.4849066497880004,5.342334251964811,7.61085279039525,2.4849066497880004,5.698784797713799
2020-12-22,BTCUSDT,22719.88,23837.1,22353.4,23810.79,87033.12616,10.090082050633244,11.374044085625622,0.06412487820935414,0.060807565452471415,0.046906009597780754,-0.03187303196066846,0.0372771077022107,0.004123951801546118,0.001633286851136163,26.789547355857174,2020-12-22,67.74373999848272,0,0,7.61085279039525,2.4849066497880004,5.342334251964811,7.61085279039525,2.4849066497880004,5.698784797713799
2020-12-23,BTCUSDT,23810.79,24100.0,22600.0,23232.76,119047.259733,10.078998469484716,11.687275833867652,0.04708450549788346,0.05737680046382443,-0.02457548767882941,0.046906009597780754,0.031967163308247074,0.002102755854158418,0.0010758734164517845,26.800064945112567,2020-12-23,69.23813013220374,0,0,7.61085279039525,2.4849066497880004,5.342334251964811,7.61085279039525,2.4849066497880004,5.698784797713799
2020-12-24,BTCUSDT,23232.39,23794.43,22703.42,23729.2,69013.834252,10.089967119478747,11.142062259888476,0.04625750565415587,0.05459697676140729,0.02114300567337218,-0.02457548767882941,0.032606802346722925,0.001897584592529804,0.0009529763395573431,26.796175604023315,2020-12-24,69.52163332915825,0,0,7.61085279039525,2.4849066497880004,5.342334251964811,7.61085279039525,2.4849066497880004,5.698784797713799
2020-12-25,BTCUSDT,23728.99,24789.86,23433.6,24712.47,79519.943569,10.07720679865598,11.283763131684832,0.05591465723801711,0.054926396880559746,0.04060161725614667,0.02114300567337218,0.034440469323465124,0.003598233743682304,0.0010564353483205628,26.83003496143497,2020-12-25,69.21114125810354,0,0,7.61085279039525,2.4849066497880004,5.342334251964811,7.61085279039525,2.4849066497880004,5.698784797713799
2020-12-26,BTCUSDT,24712.47,26867.03,24500.0,26493.39,97806.513386,10.118189977574806,11.490746452844146,0.0915688192019723,0.06408700246091288,0.06958729338063542,0.04060161725614667,0.0407082743357261,0.006055941941301075,0.001543560906457449,26.8887803729856,2020-12-26,70.22058496405651,0,0,7.61085279039525,2.4849066497880004,5.342334251964811,7.61085279039525,2.4849066497880004,5.698784797713799
2020-12-27,BTCUSDT,26493.4,28422.0,25700.0,26281.66,148455.586214,10.198655163308368,11.908041109756724,0.08805968009376144,0.07008017186912502,-0.008023910388927925,0.06958729338063542,0.03541560131680614,0.0006738228659920918,0.0019161056737575176,26.93091959915626,2020-12-27,70.75522303056621,0,0,7.61085279039525,2.4849066497880004,5.342334251964811,7.61085279039525,2.4849066497880004,5.698784797713799
2020-12-28,BTCUSDT,26281.54,27500.0,26101.0,27079.41,79721.742496,10.254918772151807,11.286297631789813,0.05118488535189735,0.0653563502398181,0.02990230298266988,-0.008023910388927925,0.03388974868720622,0.0026494342040426846,0.0018480730530352535,26.930537597612204,2020-12-28,70.0031850198733,0,0,7.61085279039525,2.4849066497880004,5.342334251964811,7.61085279039525,2.4849066497880004,5.698784797713799
2020-12-29,BTCUSDT,27079.42,27410.0,25880.0,27385.0,69411.592606,10.221941283654663,11.147809172977473,0.05707644393530043,0.06328637366368868,0.011221757725855123,0.02990230298266988,0.02651810965407523,0.0010066334605957287,0.0019835115597359146,26.938055679257555,2020-12-29,70.02143517696425,0,0,7.61085279039525,2.4849066497880004,5.342334251964811,7.61085279039525,2.4849066497880004,5.698784797713799
2020-12-30,BTCUSDT,27385.0,28996.0,27320.0,28875.54,95356.057826,10.218663189296832,11.465373141532746,0.059455717070407164,0.0623287095153683,0.05299945173010715,0.011221757725855123,0.02815227621404178,0.004622566668861326,0.0020868905118694653,26.98312515016172,2020-12-30,70.67383007018057,0,0,7.61085279039525,2.4849066497880004,5.342334251964811,7.61085279039525,2.4849066497880004,5.698784797713799
2020-12-31,BTCUSDT,28875.55,29300.0,27850.0,28923.63,75508.505152,10.274913168420769,11.232000579912334,0.0459183706046483,0.0582261247876883,0.0016640381201618827,0.05299945173010715,0.030371066164313905,0.00014815153438808588,0.0023775834790954894,27.005373616459643,2020-12-31,71.03817274818475,0,0,7.61085279039525,2.4849066497880004,5.342334251964811,7.61085279039525,2.4849066497880004,5.698784797713799
2021-01-01,BTCUSDT,28923.63,29600.0,28624.57,29331.69,54182.925011,10.285342795005159,10.900121101095836,0.032065656854347216,0.05168600780435303,0.014009593427538712,0.0016640381201618827,0.02175380339069491,0.0012852695211001157,0.0016462742472712296,27.020131992356347,2021-01-01,71.09734780119683,0,0,7.611347717403621,0.0,5.442417710521793,7.611347717403621,0.0,5.665546398695244
2021-01-02,BTCUSDT,29331.7,33300.0,28946.53,32178.33,129993.873362,10.295529640312152,11.775242600342546,0.1384812906659704,0.07338482851975738,0.09262474311680098,0.014009593427538712,0.03399498441165075,0.007866058157825682,0.0028792820882112325,27.0798929842946,2021-01-02,72.0495978694738,0,0,7.611347717403621,0.0,5.442417710521793,7.611347717403621,0.0,5.665546398695244
2021-01-03,BTCUSDT,32176.45,34778.11,31962.99,33000.05,120957.56675,10.413312675968536,11.703195075056927,0.08231436247427884,0.07561721200838774,0.025215831986554423,0.09262474311680098,0.0341541785166764,0.002154610926745726,0.0028959529784484623,27.143078189779175,2021-01-03,71.61333731687691,0,0,7.611347717403621,0.0,5.442417710521793,7.611347717403621,0.0,5.665546398695244
2021-01-04,BTCUSDT,33000.05,33600.0,28130.0,31988.71,140899.88569,10.456743444856098,11.855804886601844,0.15403489555200583,0.09522163289429227,-0.031126048570094073,0.025215831986554423,0.042820026904657985,0.0026253846843641454,0.002762515537928905,27.09971137479736,2021-01-04,69.26630252434362,0,0,7.611347717403621,0.0,5.442417710521793,7.611347717403621,0.0,5.665546398695244
2021-01-05,BTCUSDT,31989.75,34360.0,29900.0,33949.53,116049.997038,10.422281345951296,11.6617763861791,0.13608349654625995,0.10543709880728419,0.059491981974053296,-0.031126048570094073,0.043714564649587694,0.0051014511000708205,0.0028210121347053444,27.13129096119036,2021-01-05,68.95226359957552,0,0,7.611347717403621,0.0,5.442417710521793,7.611347717403621,0.0,5.665546398695244
2021-01-06,BTCUSDT,33949.53,36939.21,33288.0,36769.36,127139.20131,10.444648376098192,11.75303783849804,0.10364001166695178,0.10498782702220108,0.07978987964728743,0.059491981974053296,0.046228828902786574,0.006788872863654802,0.002685112112111747,27.210850126606807,2021-01-06,69.02091496639946,0,0,7.611347717403621,0.0,5.442417710521793,7.611347717403621,0.0,5.665546398695244
2021-01-07,BTCUSDT,36769.36,40365.0,36300.0,39432.28,132825.700437,10.517028867493144,11.79679302468751,0.10472099546966557,0.10492111913406721,0.06991988054158309,0.07978987964728743,0.04557217633947764,0.005927024437511077,0.002279617017543416,27.291005517430968,2021-01-07,69.5818408417017,0,0,7.611347717403621,0.0,5.442417710521793,7.611347717403621,0.0,5.665546398695244
2021-01-08,BTCUSDT,39432.48,41950.0,36500.0,40582.81,139789.957499,10.605718351829116,11.847896271430505,0.12964073178530727,0.11110102229687722,0.028759807724559636,0.06991988054158309,0.0406243012238692,0.002427418932921431,0.0020148173955031263,27.32747726735285,2021-01-08,70.63275975908938,0,0,7.611347717403621,0.0,5.442417710521793,7.611347717403621,0.0,5.665546398695244
2021-01-09,BTCUSDT,40586.96,41380.0,38720.0,40088.22,75785.979675,10.644233711895351,11.235668589812619,0.0540460600024998,0.09683728172328288,-0.012262052365310671,0.028759807724559636,0.04567498521126327,0.001091350485046228,0.0022595133559268183,27.342133095217548,2021-01-09,70.17109970934251,0,0,7.611347717403621,0.0,5.442417710521793,7.611347717403621,0.0,5.665546398695244
2021-01-10,BTCUSDT,40088.22,41350.0,35111.11,38150.02,118209.544503,10.630552951299533,11.680214129450475,0.12677770112988987,0.10432238657493462,-0.04955624359220215,-0.012262052365310671,0.05110135406876337,0.0042427512923115945,0.002157829450303493,27.298109883180942,2021-01-10,68.89815909581917,0,0,7.611347717403621,0.0,5.442417710521793,7.611347717403621,0.0,5.665546398695244
2021-01-11,BTCUSDT,38150.02,38264.74,30420.0,35404.47,251156.138287,10.629827700451838,12.433830089600207,0.18720645129005636,0.12504340275371506,-0.07468819862209011,-0.04955624359220215,0.0632034241099119,0.006006853727602418,0.0022575330477067816,27.21684182377796,2021-01-11,69.18834916092152,0,0,7.611347717403621,0.0,5.442417710521793,7.611347717403621,0.0,5.665546398695244
2021-01-12,BTCUSDT,35410.37,36628.0,32531.0,34051.24,133948.151996,10.552284124499913,11.805208078655115,0.08879132570337499,0.11598038349113005,-0.03897163438842312,-0.07468819862209011,0.053733063676709374,0.0033012238436429904,0.0019521045186541698,27.19167913752584,2021-01-12,69.29003645014717,0,0,7.611347717403621,0.0,5.442417710521793,7.611347717403621,0.0,5.665546398695244
2021-01-13,BTCUSDT,34049.15,37850.0,32380.0,37371.38,124477.914938,10.508568254227622,11.731883589095197,0.15402742084702312,0.12549214283010332,0.09303872186648503,-0.03897163438842312,0.06116596262005148,0.007930416387097862,0.002481508929006778,27.212809179404534,2021-01-13,69.24726638204376,0,0,7.611347717403621,0.0,5.442417710521793,7.611347717403621,0.0,5.665546398695244
2021-01-14,BTCUSDT,37371.38,40100.0,36701.23,39144.5,102950.389421,10.541386258865595,11.542002495071413,0.08606720532479974,0.11563590845377743,0.04635475642223115,0.09303872186648503,0.06370438715593975,0.004016179726353831,0.0023395040166154803,27.292934662386667,2021-01-14,69.48177344926304,0,0,7.611347717403621,0.0,5.442417710521793,7.611347717403621,0.0,5.665546398695244
2021-01-15,BTCUSDT,39145.21,39747.76,34408.0,36742.22,118300.920916,10.599131613294661,11.68098683451775,0.10329666504919365,0.11255109760263149,-0.06333342468810564,0.04635475642223115,0.06797499208866112,0.005421924156352357,0.0016772248419125526,27.27070426203325,2021-01-15,68.86095936414829,0,0,7.611347717403621,0.0,5.442417710521793,7.611347717403621,0.0,5.665546398695244
2021-01-16,BTCUSDT,36737.43,37950.0,35357.8,35994.98,86348.431508,10.590308766293376,11.366145919055478,0.05459994672152044,0.09806330988235373,-0.020547018278436267,-0.06333342468810564,0.06598769098216457,0.00180773838597206,0.002165202938208126,27.244367716210228,2021-01-16,67.79657536327525,0,0,7.611347717403621,0.0,5.442417710521793,7.611347717403621,0.0,5.665546398695244
2021-01-17,BTCUSDT,35994.98,36852.5,33850.0,35828.61,80157.727384,10.544024782823776,11.29175156491879,0.074102407956763,0.09207308440095605,-0.004632748030488363,-0.020547018278436267,0.05788762301435855,0.00041027718364628054,0.0026625000398664686,27.219683325600887,2021-01-17,66.89803227827991,0,0,7.611347717403621,0.0,5.442417710521793,7.611347717403621,0.0,5.665546398695244
2021-01-18,BTCUSDT,35824.99,37469.83,34800.0,36631.27,70698.11875,10.514678737921432,11.16617424261975,0.06933217757763245,0.08638785769512515,0.02215551096647076,-0.004632748030488363,0.054518915802995054,0.001984163105919145,0.00276558993331854,27.23481644452639,2021-01-18,66.92642706841139,0,0,7.611347717403621,0.0,5.442417710521793,7.611347717403621,0.0,5.665546398695244
2021-01-19,BTCUSDT,36622.46,37850.0,35844.06,35891.49,79611.307769,10.531291354814538,11.284911419142775,0.04270466772730359,0.07546706020316976,-0.020402027184059653,0.02215551096647076,0.0380487699620336,0.0018079031749820712,0.0018107576666933657,27.246380198542994,2021-01-19,66.2904225392524,0,0,7.611347717403621,0.0,5.442417710521793,7.611347717403621,0.0,5.665546398695244
2021-01-20,BTCUSDT,35901.94,36415.31,33400.0,35468.23,89368.422918,10.541386258865595,11.40052268755978,0.07461359356665764,0.07525369354404174,-0.011862853824953393,-0.020402027184059653,0.02786228066681465,0.0010405535035598068,0.0017432279782825606,27.210808897355605,2021-01-20,65.61303230697423,0,0,7.611347717403621,0.0,5.442417710521793,7.611347717403621,0.0,5.665546398695244
2021-01-21,BTCUSDT,35468.23,35600.0,30071.0,30850.13,135004.076658,10.502744569591203,11.8130602544313,0.06963115554188107,0.07384805904350157,-0.13949640193442464,-0.011862853824953393,0.05631884423836767,0.01180865913911655,0.0042869572742128955,27.143293102693402,2021-01-21,65.37581818993857,0,0,7.611347717403621,0.0,5.442417710521793,7.611347717403621,0.0,5.665546398695244
2021-01-22,BTCUSDT,30851.99,33826.53,28850.0,32945.17,142971.684049,10.480100916840122,11.870401875991398,0.15346928229166262,0.09375336485554184,0.06570370018688361,-0.13949640193442464,0.06861358323060002,0.00553508641689489,0.004324628037256812,27.100588447479247,2021-01-22,65.38508668993566,0,0,7.611347717403621,0.0,5.442417710521793,7.611347717403621,0.0,5.665546398695244
2021-01-23,BTCUSDT,32950.0,33456.0,31390.16,32078.0,64595.287675,10.42900068483198,11.075896740902559,0.044972818018657004,0.08155822814632063,-0.02667422755262735,0.06570370018688361,0.06855322088808051,0.002408313130450303,0.004084981042035888,27.128137345305984,2021-01-23,64.78896456257519,0,0,7.611347717403621,0.0,5.442417710521793,7.611347717403621,0.0,5.665546398695244
2021-01-24,BTCUSDT,32078.0,33071.0,30900.0,32259.9,57978.037966,10.417986421668415,10.967819562061742,0.060674755885230316,0.07633736008104805,0.005654535963060998,-0.02667422755262735,0.06691074896447785,0.0005155569829595239,0.004276443587713554,27.1159778451238,2021-01-24,63.68191855171165,0,0,7.611347717403621,0.0,5.442417710521793,7.611347717403621,0.0,5.665546398695244
2021-01-25,BTCUSDT,32259.45,34875.0,31910.0,32254.2,88499.226921,10.406412044405862,11.390749095601935,0.08392611429643147,0.0782345486348939,-0.00017670555784965065,0.005654535963060998,0.06746492291915179,1.5513076125772815e-05,0.004504378719626814,27.138763773144124,2021-01-25,63.45007369026061,0,0,7.611347717403621,0.0,5.442417710521793,7.611347717403621,0.0,5.665546398695244
2021-01-26,BTCUSDT,32254.19,32921.88,30837.37,32467.77,84972.20691,10.459525519123666,11.350079504474234,0.06045301447932687,0.07378916509600214,0.006599637655448867,-0.00017670555784965065,0.0682073029262816,0.0005814617997034533,0.0045591782626521185,27.117212255512257,2021-01-26,63.73651765714574,0,0,7.611347717403621,0.0,5.442417710521793,7.611347717403621,0.0,5.665546398695244
2021-01-27,BTCUSDT,32464.01,32557.29,29241.72,30366.15,95911.961711,10.401892761301346,11.471185984177717,0.06521127878910549,0.07164469351927798,-0.06691940379282074,0.006599637655448867,0.043681998867317724,0.005833695302745777,0.0026123984467597556,27.08651552923514,2021-01-27,63.61533312398531,0,0,7.611347717403621,0.0,5.442417710521793,7.611347717403621,0.0,5.665546398695244
2021-01-28,BTCUSDT,30362.19,33783.98,29842.1,33364.86,92621.145617,10.390756585694357,11.436272748960622,0.12319426508186919,0.08453208640992578,0.09417474914995402,-0.06691940379282074,0.05311771452779838,0.008234741442181242,0.003366994855987541,27.11038966969901,2021-01-28,63.70902232274108,0,0,7.611347717403621,0.0,5.442417710521793,7.611347717403621,0.0,5.665546398695244
2021-01-29,BTCUSDT,33368.18,38531.9,31915.4,34252.2,231827.005626,10.427742004617393,12.353746707096548,0.17393343629098346,0.1068824238801902,0.026247545889008964,0.09417474914995402,0.05175864490337006,0.002124662785414824,0.003377784796082422,27.190665252357284,2021-01-29,64.33961152916315,0,0,7.611347717403621,0.0,5.442417710521793,7.611347717403621,0.0,5.665546398695244
2021-01-30,BTCUSDT,34246.28,34933.0,32825.0,34262.88,84889.68134,10.559241748628637,11.349107825925934,0.0552538367531602,0.0939752770984327,0.00031175618817061364,0.026247545889008964,0.05191328593456605,2.7469664836423257e-05,0.003451317268012303,27.176380994471803,2021-01-30,63.63418592465262,0,0,7.611347717403621,0.0,5.442417710521793,7.611347717403621,0.0,5.665546398695244
2021-01-31,BTCUSDT,34262.89,34342.69,32171.67,33092.98,68742.280384,10.46118722017071,11.138119723900713,0.043932405758379645,0.08146455926341944,-0.03474137711240443,0.00031175618817061364,0.05509408251117438,0.003119142007232577,0.003171210171574993,27.15894150281668,2021-01-31,63.13739875931806,0,0,7.611347717403621,0.0,5.442417710521793,7.611347717403621,0.0,5.665546398695244
2021-02-01,BTCUSDT,33092.97,34717.27,32296.16,33526.37,82718.276882,10.444144465687513,11.323195858795119,0.06614352175334448,0.0776342998859007,0.013011118061134976,-0.03474137711240443,0.055210153629759104,0.0011490676504574272,0.0030803346426014964,27.156715979180774,2021-02-01,62.85658972316251,0,0,7.611347717403621,0.6931471805599453,5.220355825078324,7.611347717403621,0.6931471805599453,5.376848061706555
2021-02-02,BTCUSDT,33517.09,35984.33,33418.0,35466.24,78056.65988,10.454992536650604,11.265190250682563,0.0736981514658039,0.0766502627808765,0.056248964732994594,0.013011118061134976,0.044901840326814844,0.0049931659813367505,0.0029652904766929835,27.191655179734827,2021-02-02,62.55664451299823,0,0,7.611347717403621,0.6931471805599453,5.220355825078324,7.611347717403621,0.6931471805599453,5.376848061706555
2021-02-03,BTCUSDT,35472.71,37662.63,35362.38,37618.87,80784.333663,10.490838844899598,11.299538335400625,0.062991072977576,0.07323546533005137,0.05892452811562625,0.056248964732994594,0.03549993787350486,0.0052147730612161405,0.0020787797119788225,27.246811158989317,2021-02-03,63.57344702851083,0,0,7.611347717403621,0.6931471805599453,5.220355825078324,7.611347717403621,0.6931471805599453,5.376848061706555
2021-02-04,BTCUSDT,37620.26,38708.27,36161.95,36936.66,92080.735898,10.53642363514186,11.430421035305619,0.05270726234381878,0.06810341458349323,-0.018301232416527882,0.05892452811562625,0.038466745556964554,0.0016010987136869325,0.002121897934996527,27.269380103182606,2021-02-04,62.226779778856226,0,0,7.611347717403621,0.6931471805599453,5.220355825078324,7.611347717403621,0.6931471805599453,5.376848061706555
2021-02-05,BTCUSDT,36936.65,38310.12,36570.0,38290.24,66681.334275,10.563808551278768,11.107680346787506,0.0464301295632045,0.06268509332842104,0.03599047963365647,-0.018301232416527882,0.03894648516499403,0.003240143622251915,0.0016759126647951919,27.273751291814737,2021-02-05,61.5103882068708,0,0,7.611347717403621,0.6931471805599453,5.220355825078324,7.611347717403621,0.6931471805599453,5.376848061706555
2021-02-06,BTCUSDT,38289.32,40955.51,38215.94,39186.94,98757.311183,10.553469370031214,11.500420717318946,0.06861937799786809,0.0641686644957828,0.023148494595260992,0.03599047963365647,0.029017276996116514,0.0020128389355704825,0.001748458480200048,27.3166323711884,2021-02-06,61.78579663621219,0,0,7.611347717403621,0.6931471805599453,5.220355825078324,7.611347717403621,0.6931471805599453,5.376848061706555
2021-02-07,BTCUSDT,39181.01,39700.0,37351.0,38795.69,84363.679763,10.620241634564147,11.342892253401947,0.05116449341584798,0.0609176217257991,-0.010034370035014157,0.023148494595260992,0.03271481722123594,0.0008846394562202299,0.0018078322439111516,27.306529769347716,2021-02-07,61.97046587073209,0,0,7.611347717403621,0.6931471805599453,5.220355825078324,7.611347717403621,0.6931471805599453,5.376848061706555
2021-02-08,BTCUSDT,38795.69,46794.45,37988.89,46374.87,138597.536914,10.589106466675283,11.83932959439677,0.20801638160449493,0.09769231169547306,0.1784485597042829,-0.010034370035014157,0.07154906569631424,0.015072522331732171,0.005317167408554552,27.397490952448454,2021-02-08,63.01273657732143,0,0,7.611347717403621,0.6931471805599453,5.220355825078324,7.611347717403621,0.6931471805599453,5.376848061706555
2021-02-09,BTCUSDT,46374.86,48142.19,44961.09,46420.42,115499.861712,10.753519885129828,11.657024611644568,0.059546136141541424,0.08815576780699015,0.0009817309404045217,0.1784485597042829,0.07313723798885342,8.421796925982638e-05,0.005616353885202256,27.48808739301112,2021-02-09,63.75787790513674,0,0,7.611347717403621,0.6931471805599453,5.220355825078324,7.611347717403621,0.6931471805599453,5.376848061706555
2021-02-10,BTCUSDT,46420.42,47310.0,43727.0,44807.58,97154.1822,10.781914202616402,11.484054502772473,0.05435193728802677,0.07970481017724931,-0.03536212709216373,0.0009817309404045217,0.07590507483755304,0.003079237135597591,0.005531551379526612,27.468018768290698,2021-02-10,62.27517305952502,0,0,7.611347717403621,0.6931471805599453,5.220355825078324,7.611347717403621,0.6931471805599453,5.376848061706555
2021-02-11,BTCUSDT,44807.58,48678.9,43994.02,47969.51,89561.081454,10.764476968625194,11.402676145829604,0.09985399378538587,0.08474210607928345,0.06818827920686066,-0.03536212709216373,0.07735140549235273,0.0059800241921103515,0.005563111608806196,27.484989504486606,2021-02-11,61.92957186297014,0,0,7.611347717403621,0.6931471805599453,5.220355825078324,7.611347717403621,0.6931471805599453,5.376848061706555
2021-02-12,BTCUSDT,47968.66,48985.8,46125.0,47287.6,85870.035697,10.793000950297268,11.360590219376238,0.04731025407734575,0.07538414307879902,-0.01431749606359439,0.06818827920686066,0.08020718753790161,0.0012602774844545446,0.005638882178543948,27.51213900400947,2021-02-12,61.58621634211522,0,0,7.611347717403621,0.6931471805599453,5.220355825078324,7.611347717403621,0.6931471805599453,5.376848061706555
2021-02-13,BTCUSDT,47298.15,48150.0,46202.53,47153.69,63768.097399,10.799285739175446,11.063008303502778,0.03485037026086019,0.06525069987431431,-0.0028358377938660748,-0.01431749606359439,0.07951578777681705,0.00025633514104551376,0.005722292904634654,27.503411573092553,2021-02-13,60.62344866311638,0,0,7.611347717403621,0.6931471805599453,5.220355825078324,7.611347717403621,0.6931471805599453,5.376848061706555
2021-02-14,BTCUSDT,47156.78,49707.43,47014.17,48577.79,73735.475533,10.782076417226271,11.208239312881036,0.05507688947060686,0.06270724727338745,0.029754163680420775,-0.0028358377938660748,0.036443015069174044,0.0026546688422530284,0.002209235826067874,27.52290956163136,2021-02-14,61.14385245021377,0,0,7.611347717403621,0.6931471805599453,5.220355825078324,7.611347717403621,0.6931471805599453,5.376848061706555
2021-02-15,BTCUSDT,48580.47,49010.92,45570.79,47911.1,79398.156784,10.81390969789305,11.282230432658466,0.06200696691032001,0.06253217718262058,-0.013819220219635515,0.029754163680420775,0.03747779821048418,0.001224865978595267,0.0020306396647951732,27.516764381861606,2021-02-15,61.87370365032735,0,0,7.611347717403621,0.6931471805599453,5.220355825078324,7.611347717403621,0.6931471805599453,5.376848061706555
2021-02-16,BTCUSDT,47911.1,50689.18,47003.62,49133.45,88813.266298,10.799798409406657,11.394291313069651,0.07143051947594374,0.06475676275595137,0.025192855227892837,-0.013819220219635515,0.03211844719455129,0.0022110067695913435,0.002004107837814446,27.533540752359514,2021-02-16,62.00755834419546,0,0,7.611347717403621,0.6931471805599453,5.220355825078324,7.611347717403621,0.6931471805599453,5.376848061706555
2021-02-17,BTCUSDT,49133.45,52618.74,48947.0,52119.71,85743.637818,10.833467754574848,11.35911716773336,0.07208338270199964,0.06658841774246343,0.05900312258279128,0.025192855227892837,0.029181554220212975,0.005194340520616795,0.0017180366799068023,27.574275327225624,2021-02-17,62.51638361633577,0,0,7.611347717403621,0.6931471805599453,5.220355825078324,7.611347717403621,0.6931471805599453,5.376848061706555
2021-02-18,BTCUSDT,52117.67,52530.0,50901.9,51552.6,60758.046954,10.870827609039631,11.014654812578872,0.023407954285455414,0.05579330187821143,-0.010940542497739106,0.05900312258279128,0.02855596559162732,0.000993271480940544,0.001748371566902857,27.595348471087572,2021-02-18,61.92970930255284,0,0,7.611347717403621,0.6931471805599453,5.220355825078324,7.611347717403621,0.6931471805599453,5.376848061706555
2021-02-19,BTCUSDT,51552.61,56368.0,50710.2,55906.0,79659.77802,10.869139713948007,11.285520070138732,0.10513163581506615,0.06812788536242512,0.0810690632665145,-0.010940542497739106,0.03755752500169827,0.007183458339773075,0.0024445951197346123,27.63058771950416,2021-02-19,61.550074699996635,0,0,7.611347717403621,0.6931471805599453,5.220355825078324,7.611347717403621,0.6931471805599453,5.376848061706555
2021-02-20,BTCUSDT,55906.0,57700.46,53863.93,55841.19,80948.205314,10.939656900581019,11.30156478855736,0.05928936405604688,0.06591825503583056,-0.001159939811759115,0.0810690632665145,0.03940575084115269,0.00010263532824530051,0.0027681610008013107,27.671340058573584,2021-02-20,62.044149423447735,0,0,7.611347717403621,0.6931471805599453,5.220355825078324,7.611347717403621,0.6931471805599453,5.376848061706555
2021-02-21,BTCUSDT,55841.19,58352.8,55477.59,57408.57,58166.708511,10.963020424734777,10.97106845134307,0.04946237368339542,0.06180428469772177,0.027681826201509746,-0.001159939811759115,0.03499903823703544,0.0025231659363241835,0.0026676136975502442,27.68831082304319,2021-02-21,62.28067795892031,0,0,7.611347717403621,0.6931471805599453,5.220355825078324,7.611347717403621,0.6931471805599453,5.376848061706555
2021-02-22,BTCUSDT,57412.35,57508.47,47622.0,54087.67,134019.434944,10.97426262285303,11.805740105311736,0.1553006113000869,0.08517836634831305,-0.05958734671550698,0.027681826201509746,0.05089876074626644,0.005047319878632339,0.0027427179160588355,27.64022550166414,2021-02-22,62.38198248163016,0,0,7.611347717403621,0.6931471805599453,5.220355825078324,7.611347717403621,0.6931471805599453,5.376848061706555
2021-02-23,BTCUSDT,54087.67,54183.59,44892.56,48891.0,169375.025051,10.959687520285048,12.039870618518675,0.12740313730887678,0.09573455908845399,-0.10101291813933688,-0.05958734671550698,0.06408148186123827,0.008389867411363014,0.003373530819748197,27.57088562834353,2021-02-23,62.833664299899155,0,0,7.611347717403621,0.6931471805599453,5.220355825078324,7.611347717403621,0.6931471805599453,5.376848061706555
2021-02-24,BTCUSDT,48891.0,51374.99,46988.69,49676.2,91881.209252,10.90013337405672,11.4282518179267,0.08142550192780909,0.09215729479829277,0.015932614704777116,-0.10101291813933688,0.0649904886766658,0.001394142775169229,0.0033043853107739447,27.546076284072317,2021-02-24,62.261193642869834,0,0,7.611347717403621,0.6931471805599453,5.220355825078324,7.611347717403621,0.6931471805599453,5.376848061706555
2021-02-25,BTCUSDT,49676.21,52041.73,46674.34,47073.73,83310.673121,10.846906757151315,11.330331948650635,0.07479864182197686,0.0878176315542138,-0.053810849213675946,0.015932614704777116,0.05048399098463315,0.004749273848069778,0.0029850978040382096,27.538310946855496,2021-02-25,62.28943883073646,0,0,7.611347717403621,0.6931471805599453,5.220355825078324,7.611347717403621,0.6931471805599453,5.376848061706555
2021-02-26,BTCUSDT,47073.73,48424.11,44106.78,46276.87,109423.200663,10.859801175732608,11.602978218359814,0.07594677043992973,0.08484991627564278,-0.017072827721116277,-0.053810849213675946,0.04915076929597755,0.0014714177170565847,0.0026931174354559505,27.48807693248141,2021-02-26,62.2526561655466,0,0,7.611347717403621,0.6931471805599453,5.220355825078324,7.611347717403621,0.6931471805599453,5.376848061706555
2021-02-27,BTCUSDT,46276.88,48394.0,45000.0,46106.43,66060.834292,10.787753109169802,11.098331328171723,0.06270840580315674,0.07931453865752128,-0.0036898485630648403,-0.017072827721116277,0.042889854595880766,0.00033246876975988473,0.0030470997118011373,27.487247674642475,2021-02-27,61.66351489313457,0,0,7.611347717403621,0.6931471805599453,5.220355825078324,7.611347717403621,0.6931471805599453,5.376848061706555
2021-02-28,BTCUSDT,46103.67,46638.46,43000.0,45135.66,83055.369042,10.787131118078038,11.327262761260076,0.06568818088953443,0.07590794921552457,-0.02127979822740345,-0.0036898485630648403,0.041604876326370895,0.0018786355252728528,0.003013018089482297,27.46120393590694,2021-02-28,61.758647357762385,0,0,7.611347717403621,0.6931471805599453,5.220355825078324,7.611347717403621,0.6931471805599453,5.376848061706555
2021-03-01,BTCUSDT,45134.11,49790.0,44950.53,49587.03,85086.111648,10.750180801611315,11.351419100866806,0.10217016578920253,0.08247350335894406,0.09405668615894246,-0.02127979822740345,0.05043954371079395,0.008285896707994879,0.0029761418262873344,27.508068036921156,2021-03-01,61.76129551270803,0,0,7.611347717403621,1.0986122886681098,5.37989735354046,7.611347717403621,1.0986122886681098,5.381494310904721
2021-03-02,BTCUSDT,49595.76,50200.0,47047.6,48440.65,64221.06214,10.815569439636228,11.070086506591133,0.04821266966956675,0.07390829493659973,-0.023389970343295822,0.09405668615894246,0.05087545011503927,0.0021128986055682065,0.0029114387010332663,27.537893496323377,2021-03-02,61.82879505973774,0,0,7.611347717403621,1.0986122886681098,5.37989735354046,7.611347717403621,1.0986122886681098,5.381494310904721
2021-03-03,BTCUSDT,48436.61,52640.0,48100.71,50349.37,81035.913705,10.82377030567982,11.302647714465193,0.08844607435523626,0.07754273979125886,0.03864676941605752,-0.023389970343295822,0.046671229833852086,0.0034192669180157817,0.002813240595318446,27.55900800218949,2021-03-03,61.89333260361724,0,0,7.611347717403621,1.0986122886681098,5.37989735354046,7.611347717403621,1.0986122886681098,5.381494310904721
2021-03-04,BTCUSDT,50349.37,51773.88,47500.0,48374.09,82649.716829,10.8712315659992,11.3223666770969,0.05887282356592481,0.07287526073492535,-0.04002176686968146,0.03864676941605752,0.05025555224480081,0.0035347527607137346,0.002725983811953705,27.551079903284904,2021-03-04,61.694385360992236,0,0,7.611347717403621,1.0986122886681098,5.37989735354046,7.611347717403621,1.0986122886681098,5.381494310904721
2021-03-05,BTCUSDT,48374.09,49448.93,46300.0,48751.71,78192.496372,10.854641053968002,11.26692896760724,0.06088639414419448,0.06987804408724263,0.007775933948251446,-0.04002176686968146,0.04996728206410495,0.0006901555845969642,0.002652048616766439,27.52454015475504,2021-03-05,61.41617748755612,0,0,7.611347717403621,1.0986122886681098,5.37989735354046,7.611347717403621,1.0986122886681098,5.381494310904721
2021-03-06,BTCUSDT,48746.81,49200.0,47070.0,48882.2,44399.234242,10.808695698798553,10.700977501469787,0.04161627308615141,0.06281260133696982,0.002673048282055846,0.007775933948251446,0.047951877226217104,0.00024979477638269036,0.002900831704595343,27.530300436928673,2021-03-06,61.196701556661296,0,0,7.611347717403621,1.0986122886681098,5.37989735354046,7.611347717403621,1.0986122886681098,5.381494310904721
2021-03-07,BTCUSDT,48882.2,51450.03,48882.2,50971.75,55235.028032,10.803648902480399,10.919352596810546,0.05119772333645952,0.059908881836842245,0.04185823565066163,0.002673048282055846,0.03266710361628675,0.003833399029800364,0.0015465033193231492,27.562559416654032,2021-03-07,61.135513868251934,0,0,7.611347717403621,1.0986122886681098,5.37989735354046,7.611347717403621,1.0986122886681098,5.381494310904721
2021-03-08,BTCUSDT,50959.11,52402.78,49274.67,52375.17,66987.359664,10.848366324352405,11.112259218842897,0.06140541099589124,0.060283014126604494,0.02716106637595351,0.04185823565066163,0.030451054026847002,0.002444243410907557,0.0015441124368509303,27.586360054074493,2021-03-08,60.957778811952224,0,0,7.611347717403621,1.0986122886681098,5.37989735354046,7.611347717403621,1.0986122886681098,5.381494310904721
2021-03-09,BTCUSDT,52375.18,54895.0,51789.41,54884.5,71656.737076,10.866714922336964,11.17964245641451,0.05821810655237295,0.05976678723304661,0.04679835308017754,0.02716106637595351,0.03196741199539167,0.004186033074190686,0.0016752796819590454,27.62947953899029,2021-03-09,60.8328164525977,0,0,7.611347717403621,1.0986122886681098,5.37989735354046,7.611347717403621,1.0986122886681098,5.381494310904721
2021-03-10,BTCUSDT,54874.67,57387.69,53005.0,55851.59,84749.238943,10.913177548668832,11.347452045178777,0.07328533142878554,0.06314642328198135,0.017467017083068827,0.04679835308017754,0.017941020348086045,0.0015392897906530557,0.0016236026464235068,27.66187058110259,2021-03-10,61.413886413033715,0,0,7.611347717403621,1.0986122886681098,5.37989735354046,7.611347717403621,1.0986122886681098,5.381494310904721
2021-03-11,BTCUSDT,55851.59,58150.0,54272.82,57773.16,81914.812859,10.957585099377525,11.31343511867628,0.06763795222605362,0.06426930551799942,0.03382631374464177,0.017467017083068827,0.016321435382894624,0.0029899242263564238,0.0014724378936913497,27.683927077639293,2021-03-11,62.04659992285082,0,0,7.611347717403621,1.0986122886681098,5.37989735354046,7.611347717403621,1.0986122886681098,5.381494310904721
2021-03-12,BTCUSDT,57773.15,58081.51,54962.84,57221.72,73405.406047,10.97078115794681,11.203752863756927,0.04798162799817123,0.060197386138042375,-0.009590761378339105,0.03382631374464177,0.02042441334902401,0.00085603114375758,0.00129377600063621,27.693279666295183,2021-03-12,62.43614964267158,0,0,7.611347717403621,1.0986122886681098,5.37989735354046,7.611347717403621,1.0986122886681098,5.381494310904721
2021-03-13,BTCUSDT,57221.72,61844.0,56078.23,61188.39,83245.091346,10.96960264778331,11.329544443293505,0.09676205707217654,0.06933855387157592,0.06702391904951818,-0.009590761378339105,0.026072810228440445,0.005915852961695456,0.001841050337152626,27.728190855575882,2021-03-13,62.68496191001019,0,0,7.611347717403621,1.0986122886681098,5.37989735354046,7.611347717403621,1.0986122886681098,5.381494310904721
2021-03-14,BTCUSDT,61188.38,61724.79,58966.78,58968.31,52601.05275,11.032370364222485,10.870491412784073,0.019998594687849,0.05700356407564419,-0.03695728467773086,0.06702391904951818,0.0380693764052237,0.003399780495136385,0.0018258134421053657,27.74721946678961,2021-03-14,62.82671939517627,0,0,7.611347717403621,1.0986122886681098,5.37989735354046,7.611347717403621,1.0986122886681098,5.381494310904721
2021-03-15,BTCUSDT,58976.08,60633.43,54600.0,55605.2,102771.427298,11.030440912020472,11.540262648797466,0.06566055732045444,0.05916781238684675,-0.05872345889857389,-0.03695728467773086,0.04651757708272498,0.005088572130955188,0.0019606552874611638,27.700080857046675,2021-03-15,62.381357251461395,0,0,7.611347717403621,1.0986122886681098,5.37989735354046,7.611347717403621,1.0986122886681098,5.381494310904721
2021-03-16,BTCUSDT,55605.2,56938.29,53271.34,56900.75,77986.694355,11.012601670119405,11.264293505928112,0.06635682956986456,0.0609650666826012,0.023031800001562738,-0.05872345889857389,0.046937047129344774,0.0020446732846087228,0.0018791380415240687,27.668939763959738,2021-03-16,61.71365477824339,0,0,7.611347717403621,1.0986122886681098,5.37989735354046,7.611347717403621,1.0986122886681098,5.381494310904721
2021-03-17,BTCUSDT,56900.74,58974.73,54123.69,58912.97,70421.620841,10.949723328768847,11.162255609214965,0.08553113267439542,0.06710658318054975,0.03475274808665303,0.023031800001562738,0.047059697774915143,0.0031134162577286808,0.001874649531375137,27.696563386636157,2021-03-17,61.68104580108513,0,0,7.611347717403621,1.0986122886681098,5.37989735354046,7.611347717403621,1.0986122886681098,5.381494310904721
2021-03-18,BTCUSDT,58912.97,60129.97,57023.0,57648.16,66580.406675,10.98486432605429,11.106165619175847,0.0379516157558079,0.05981784132436429,-0.02170294068462528,0.03475274808665303,0.047971946563879445,0.0019541344356645554,0.0016113735856208248,27.717141621814605,2021-03-18,61.88680810607764,0,0,7.611347717403621,1.0986122886681098,5.37989735354046,7.611347717403621,1.0986122886681098,5.381494310904721
2021-03-19,BTCUSDT,57641.0,59468.0,56270.74,58030.01,52392.652961,11.00426366511448,10.86652164981076,0.049650223471399704,0.057275936861123145,0.006601961060385554,-0.02170294068462528,0.03632902307853915,0.0006075505366982384,0.0015316647714391394,27.70764343012631,2021-03-19,61.65084111033556,0,0,7.611347717403621,1.0986122886681098,5.37989735354046,7.611347717403621,1.0986122886681098,5.381494310904721
2021-03-20,BTCUSDT,58030.01,59880.0,57820.17,58102.28,44476.941776,10.993193631733241,10.702726171524757,0.03340905177390905,0.05130921558931962,0.001244615245755456,0.006601961060385554,0.033664019860655835,0.0001162895533165026,0.0017959878318902199,27.71839722729223,2021-03-20,61.45397801020569,0,0,7.611347717403621,1.0986122886681098,5.37989735354046,7.611347717403621,1.0986122886681098,5.381494310904721
2021-03-21,BTCUSDT,58100.02,58589.1,55450.11,57351.56,48564.470274,11.000097838533565,10.790647478209765,0.04511704982564289,0.049761174148400436,-0.013004861172545526,0.001244615245755456,0.021279666367342135,0.0012051974822462751,0.0010866245450954415,27.699664632547744,2021-03-21,61.37272947962752,0,0,7.611347717403621,1.0986122886681098,5.37989735354046,7.611347717403621,1.0986122886681098,5.381494310904721
2021-03-22,BTCUSDT,57351.56,58430.73,53650.0,54083.25,62581.626169,10.97830395143775,11.04422700232789,0.046129202506250334,0.04885318123786291,-0.05867551851751849,-0.013004861172545526,0.03132415448283613,0.005312777300317254,0.0019141229467260546,27.67355285124522,2021-03-22,61.0965365097217,0,0,7.611347717403621,1.0986122886681098,5.37989735354046,7.611347717403621,1.0986122886681098,5.381494310904721
2021-03-23,BTCUSDT,54083.25,55830.9,53000.0,54340.89,59789.365427,10.975597229052502,10.99858308845519,0.04648008066019409,0.04825990609344571,0.004752456139708097,-0.05867551851751849,0.024750748630004298,0.0004320971257376395,0.0019295706340222152,27.644666693929242,2021-03-23,60.911374844523536,0,0,7.611347717403621,1.0986122886681098,5.37989735354046,7.611347717403621,1.0986122886681098,5.381494310904721
2021-03-24,BTCUSDT,54342.8,57200.0,51700.0,52303.65,83537.465021,10.93008275853987,11.333050493097106,0.07588854893501328,0.0551670668038376,-0.038210823911918046,0.004752456139708097,0.026691208239336506,0.0033716274303367865,0.0020630721641400553,27.636468409000884,2021-03-24,61.30197185930163,0,0,7.611347717403621,1.0986122886681098,5.37989735354046,7.611347717403621,1.0986122886681098,5.381494310904721
2021-03-25,BTCUSDT,52303.66,53287.0,50427.56,51293.78,87400.534538,10.95430917736789,11.378256677620348,0.040613443629604964,0.05152866101027944,-0.019496661048352345,-0.038210823911918046,0.024243418376374427,0.0017135016022885047,0.001978509903859872,27.597466087385644,2021-03-25,61.2239972589162,0,0,7.611347717403621,1.0986122886681098,5.37989735354046,7.611347717403621,1.0986122886681098,5.381494310904721
2021-03-26,BTCUSDT,51293.78,55073.46,51214.6,55025.59,63813.774692,10.883447677965874,11.063724350292233,0.07263403583618186,0.05680500471675504,0.07022885249165932,-0.019496661048352345,0.04452743367594058,0.0063476683138625305,0.0023723413256301743,27.623762354415266,2021-03-26,60.794261822437946,0,0,7.611347717403621,1.0986122886681098,5.37989735354046,7.611347717403621,1.0986122886681098,5.381494310904721
2021-03-27,BTCUSDT,55025.59,56700.36,53950.0,55817.14,50105.475055,10.916423209409427,10.821885563636986,0.04650208377800843,0.05422927448206839,0.014282640925523643,0.07022885249165932,0.04542928763524715,0.0013197922710913954,0.002354781737639609,27.664358894998227,2021-03-27,60.9227364918744,0,0,7.611347717403621,1.0986122886681098,5.37989735354046,7.611347717403621,1.0986122886681098,5.381494310904721
2021-03-28,BTCUSDT,55817.14,56559.75,54691.84,55777.63,39050.387511,10.945535838902037,10.572608078675701,0.029055569909013423,0.047935848338804654,-0.0007080977298643483,0.014282640925523643,0.036988528029273916,6.69747449820388e-05,0.0023350435588006895,27.67028284777661,2021-03-28,60.96411268837387,0,0,7.611347717403621,1.0986122886681098,5.37989735354046,7.611347717403621,1.0986122886681098,5.381494310904721
2021-03-29,BTCUSDT,55777.65,58405.82,54800.01,57635.47,67857.937398,10.94305288047582,11.125171642916072,0.06185559618954036,0.05141578530148858,0.0327652838371849,-0.0007080977298643483,0.038659792032298704,0.002945148613329316,0.002172374769726274,27.687352827303105,2021-03-29,60.79370555603164,0,0,7.611347717403621,1.0986122886681098,5.37989735354046,7.611347717403621,1.0986122886681098,5.381494310904721
2021-03-30,BTCUSDT,57635.46,59368.0,57071.35,58746.57,55122.443122,10.975170821385083,10.917312228399034,0.038118906624180084,0.04809156563216146,0.019094591554397786,0.0327652838371849,0.030678202204261398,0.001749019461468485,0.002162179384112575,27.71395144993792,2021-03-30,60.69886404424817,0,0,7.611347717403621,1.0986122886681098,5.37989735354046,7.611347717403621,1.0986122886681098,5.381494310904721
2021-03-31,BTCUSDT,58746.57,59800.0,56769.0,58740.55,60975.542666,10.99151063964997,11.018228122855916,0.045754695084913,0.04750734799534934,-0.00010247931867370034,0.019094591554397786,0.026502741995093518,9.300889174832021e-06,0.002365954733792276,27.71955413883676,2021-03-31,60.471975122790425,0,0,7.611347717403621,1.0986122886681098,5.37989735354046,7.611347717403621,1.0986122886681098,5.381494310904721
2021-04-01,BTCUSDT,58739.46,59490.0,57935.45,58720.44,47415.61722,10.998760939938723,10.76670693063266,0.022840211667012104,0.04134056391326503,-0.00034241155632151754,-0.00010247931867370034,0.013702922666868896,3.180281199512479e-05,0.0012028170919417096,27.723289798614008,2021-04-01,59.897205386731514,0,0,7.611347717403621,1.3862943611198906,5.19295685089021,7.611347717403621,1.3862943611198906,5.353921643731886
2021-04-02,BTCUSDT,58720.45,60200.0,58428.57,58950.01,47382.418781,10.993563510181952,10.766006527085125,0.02806247198203425,0.038021040930457335,0.003901919152452414,-0.00034241155632151754,0.013834746789844081,0.0003624295733646421,0.0012185451688111193,27.72909239295502,2021-04-02,59.141198180177966,0,0,7.611347717403621,1.3862943611198906,5.19295685089021,7.611347717403621,1.3862943611198906,5.353921643731886
2021-04-03,BTCUSDT,58950.01,59791.72,56880.0,57051.94,47409.852113,11.005427631296913,10.766585336570481,0.028560037781548517,0.03565579014323013,-0.03272771563018565,0.003901919152452414,0.02208881213033151,0.0030397488718192363,0.0014190945286110604,27.714019564921692,2021-04-03,58.64311793169658,0,0,7.611347717403621,1.3862943611198906,5.19295685089021,7.611347717403621,1.3862943611198906,5.353921643731886
2021-04-04,BTCUSDT,57051.95,58492.85,56388.0,58202.01,41314.081973,10.998622468813577,10.62895868870204,0.03584323751271513,0.03570265198560138,0.019957809235045493,-0.03272771563018565,0.019149029640825307,0.0018776824540920904,0.001235030986964438,27.70321892516873,2021-04-04,58.17726659554094,0,0,7.611347717403621,1.3862943611198906,5.19295685089021,7.611347717403621,1.3862943611198906,5.353921643731886
2021-04-05,BTCUSDT,58202.01,59272.0,56777.77,59129.99,54258.01579,10.976659803527982,10.901506016985486,0.042295326107093384,0.03735082051597438,0.015818350490323988,0.019957809235045493,0.018589980765774273,0.0014510243323883538,0.0012132916922115882,27.71696824265626,2021-04-05,57.56584457499051,0,0,7.611347717403621,1.3862943611198906,5.19295685089021,7.611347717403621,1.3862943611198906,5.353921643731886
2021-04-06,BTCUSDT,59129.99,59495.24,57413.02,57991.15,54201.000727,10.989892298096493,10.900454650855073,0.022685296291823982,0.03368443945993678,-0.019447828016770405,0.015818350490323988,0.020424107788141504,0.0017841299872060697,0.001096543621166722,27.71883429026717,2021-04-06,56.84012184757122,0,0,7.611347717403621,1.3862943611198906,5.19295685089021,7.611347717403621,1.3862943611198906,5.353921643731886
2021-04-07,BTCUSDT,57990.03,58655.0,55473.0,55953.45,71228.405659,10.99365158833355,11.17364697372316,0.03191583018553829,0.03324228714133716,-0.035770317641772804,-0.019447828016770405,0.024512445304750496,0.0032013108813884255,0.001054076502622647,27.693875152407788,2021-04-07,56.83722297048251,0,0,7.611347717403621,1.3862943611198906,5.19295685089021,7.611347717403621,1.3862943611198906,5.353921643731886
2021-04-08,BTCUSDT,55953.44,58153.31,55700.0,58077.52,44283.147019,10.97942810193982,10.69835945518695,0.043033918921953566,0.03569019508649126,0.03725857482507307,-0.035770317641772804,0.030752287130310984,0.0034826437624517065,0.0008653785686935956,27.692901791980887,2021-04-08,56.815567073110515,0,0,7.611347717403621,1.3862943611198906,5.19295685089021,7.611347717403621,1.3862943611198906,5.353921643731886
2021-04-09,BTCUSDT,58077.52,58894.9,57654.0,58142.54,40831.884911,10.970838078080913,10.617218548102331,0.01895708882627513,0.03150691852143723,0.001118911946587532,0.03725857482507307,0.026966506993180213,0.00010538654182526185,0.0012322565792447044,27.7141785580932,2021-04-09,56.490418325311495,0,0,7.611347717403621,1.3862943611198906,5.19295685089021,7.611347717403621,1.3862943611198906,5.353921643731886
2021-04-10,BTCUSDT,58142.55,61500.0,57900.01,59769.13,69906.424117,10.983509778454437,11.154912828390941,0.059322175953161214,0.03846073287936823,0.027591725106052453,0.001118911946587532,0.02807509521462733,0.0024735043232097104,0.0012459363574918907,27.732392305435162,2021-04-10,56.29260808762271,0,0,7.611347717403621,1.3862943611198906,5.19295685089021,7.611347717403621,1.3862943611198906,5.353921643731886
2021-04-11,BTCUSDT,59769.13,60699.0,59232.52,60002.43,41156.715391,11.02679245379461,10.625142385767605,0.022226712353064525,0.0344022277477923,0.003895754468994307,0.027591725106052453,0.027524215902371585,0.00036665433060103516,0.0014221293753768436,27.74338790134717,2021-04-11,55.90873262931338,0,0,7.611347717403621,1.3862943611198906,5.19295685089021,7.611347717403621,1.3862943611198906,5.353921643731886
2021-04-12,BTCUSDT,59998.8,61300.0,59350.59,59860.0,56375.037117,11.013682502447304,10.93978173519944,0.02803966434777415,0.032811586897787764,-0.0023765589774449635,0.003895754468994307,0.025625863289224983,0.00021724007251426548,0.0015829367050157676,27.746782275810922,2021-04-12,55.56006286472201,0,0,7.611347717403621,1.3862943611198906,5.19295685089021,7.611347717403621,1.3862943611198906,5.353921643731886
2021-04-13,BTCUSDT,59860.01,63777.77,59805.15,63575.0,82848.688746,11.023535121924303,11.32477119588577,0.0642902159136384,0.04068124415175042,0.060211808883630515,-0.0023765589774449635,0.02481593298235366,0.005316823434411209,0.0021381828863211993,27.773623813063892,2021-04-13,55.3489924229075,0,0,7.611347717403621,1.3862943611198906,5.19295685089021,7.611347717403621,1.3862943611198906,5.353921643731886
2021-04-14,BTCUSDT,63575.01,64854.0,61301.0,62959.53,82616.343993,11.063159976014257,11.321962809100198,0.04576699950266183,0.041952682989478275,-0.009728172284078391,0.060211808883630515,0.02614460597734379,0.0008592301925121346,0.0020387346359508045,27.797224816418527,2021-04-14,54.878909188989006,0,0,7.611347717403621,1.3862943611198906,5.19295685089021,7.611347717403621,1.3862943611198906,5.353921643731886
2021-04-15,BTCUSDT,62959.53,63800.0,62020.0,63159.98,51649.70034,11.079893868644257,10.852239672788457,0.025477232117830442,0.037833820271566315,0.0031787337071748686,-0.009728172284078391,0.02596316196050561,0.00029291038559951934,0.0020133192607860242,27.794245814886246,2021-04-15,53.91992167006098,0,0,7.611347717403621,1.3862943611198906,5.19295685089021,7.611347717403621,1.3862943611198906,5.353921643731886
2021-04-16,BTCUSDT,63158.74,63520.61,60000.0,61334.8,91764.139884,11.06350846933288,11.426976867219713,0.038139956682814696,0.03791035437437841,-0.02932349103283781,0.0031787337071748686,0.02999818551086645,0.0025661635070739824,0.002021809970518648,27.779327634451324,2021-04-16,53.13715686518077,0,0,7.611347717403621,1.3862943611198906,5.19295685089021,7.611347717403621,1.3862943611198906,5.353921643731886
2021-04-17,BTCUSDT,61334.81,62506.05,59580.91,60006.66,58912.256128,11.059119699149466,10.983804431660507,0.033364303858498603,0.03677384174540846,-0.021891825636385424,-0.02932349103283781,0.03185897039572787,0.0019931004573682004,0.001929806398014167,27.760806129829444,2021-04-17,52.65687489807517,0,0,7.611347717403621,1.3862943611198906,5.19295685089021,7.611347717403621,1.3862943611198906,5.353921643731886
2021-04-18,BTCUSDT,60006.67,60499.0,50931.3,56150.01,124882.131824,11.043018631039676,11.735125626023747,0.1319188294645037,0.06056008867518227,-0.06642869678323018,-0.021891825636385424,0.041951923473032934,0.0056606719774621155,0.00224827219512664,27.69541609867303,2021-04-18,52.99594145885837,0,0,7.611347717403621,1.3862943611198906,5.19295685089021,7.611347717403621,1.3862943611198906,5.353921643731886
2021-04-19,BTCUSDT,56150.01,57526.81,54221.58,55633.14,78229.042267,11.010382114956709,11.267396242075744,0.04828625950827871,0.05749163138345638,-0.00924779241999631,-0.06642869678323018,0.02439013451218776,0.0008207568298221692,0.001965758670669029,27.675706261249893,2021-04-19,52.598035523068546,0,0,7.611347717403621,1.3862943611198906,5.19295685089021,7.611347717403621,1.3862943611198906,5.353921643731886
2021-04-20,BTCUSDT,55633.14,57076.24,53329.96,56425.0,72744.482151,10.960006378989185,11.194708335435582,0.06421687023338903,0.05917294109593954,0.014133255844769198,-0.00924779241999631,0.028446358249486936,0.0012624943340445928,0.0019240878370693662,27.670711655313717,2021-04-20,52.654695871366776,0,0,7.611347717403621,1.3862943611198906,5.19295685089021,7.611347717403621,1.3862943611198906,5.353921643731886
2021-04-21,BTCUSDT,56425.0,56757.91,53536.02,53787.63,66984.756909,10.952143196961382,11.11222036366815,0.024294452570325507,0.05045331896453603,-0.0478688076233732,0.014133255844769198,0.028384477812374343,0.004307762630399428,0.0018675079235219727,27.662003596256696,2021-04-21,51.7747977695912,0,0,7.611347717403621,1.3862943611198906,5.19295685089021,7.611347717403621,1.3862943611198906,5.353921643731886
2021-04-22,BTCUSDT,53787.62,55521.48,50500.0,51690.96,104656.631337,10.946550308890616,11.55844009267974,0.06691572197889303,0.05456891971812528,-0.03976060378705051,-0.0478688076233732,0.02888753095155288,0.003439962786347954,0.0018825839626741767,27.618878505102952,2021-04-22,51.438726342663635,0,0,7.611347717403621,1.3862943611198906,5.19295685089021,7.611347717403621,1.3862943611198906,5.353921643731886
2021-04-23,BTCUSDT,51690.95,52131.85,47500.0,51125.14,132230.780719,10.924525251885912,11.792304013783609,0.08371897545090837,0.061856433651321055,-0.011006558547651292,-0.03976060378705051,0.02971627668603908,0.000933367943600005,0.0020301995801575864,27.57595917998469,2021-04-23,51.94635635833366,0,0,7.611347717403621,1.3862943611198906,5.19295685089021,7.611347717403621,1.3862943611198906,5.353921643731886
2021-04-24,BTCUSDT,51110.56,51166.22,48657.14,50047.84,55361.512573,10.861531365335031,10.92163991240746,0.0379606655488007,0.055882491625690964,-0.02129700475873513,-0.011006558547651292,0.022478066535563015,0.0019499823222097628,0.0014414542761141977,27.569467916665577,2021-04-24,51.72270457949803,0,0,7.611347717403621,1.3862943611198906,5.19295685089021,7.611347717403621,1.3862943611198906,5.353921643731886
2021-04-25,BTCUSDT,50047.84,50567.91,46930.0,49066.77,58255.645004,10.842834827661482,10.972596276672396,0.060297292211955636,0.05698619177225713,-0.019797324384079943,-0.02129700475873513,0.02195274558673573,0.0018042515996117355,0.0013146304347349032,27.547412762379214,2021-04-25,51.591910637905336,0,0,7.611347717403621,1.3862943611198906,5.19295685089021,7.611347717403621,1.3862943611198906,5.353921643731886
2021-04-26,BTCUSDT,49066.76,54356.62,48753.44,54001.39,86310.802124,10.831072464368871,11.365710038693864,0.10859743760662341,0.0698890032308487,0.09582776337101846,-0.019797324384079943,0.0523463286412571,0.008431304603476485,0.0027142808649509493,27.594944357094683,2021-04-26,51.20138436489647,0,0,7.611347717403621,1.3862943611198906,5.19295685089021,7.611347717403621,1.3862943611198906,5.353921643731886
2021-04-27,BTCUSDT,54001.38,55460.0,53222.0,55011.97,54064.034675,10.903321688259831,10.897924450323353,0.039733020705746525,0.06235000759957316,0.018541010943021647,0.09582776337101846,0.048969063904475654,0.001701334141885294,0.0027630130320386815,27.649500188169213,2021-04-27,50.72075729132027,0,0,7.611347717403621,1.3862943611198906,5.19295685089021,7.611347717403621,1.3862943611198906,5.353921643731886
2021-04-28,BTCUSDT,55011.97,56428.0,53813.16,54846.22,55130.459015,10.923417319169769,10.917457637596591,0.04030905300916384,0.056839768951970834,-0.003017528793609669,0.018541010943021647,0.04453622071497153,0.0002763948250385846,0.0029665477008696726,27.66025728515439,2021-04-28,50.36049259671261,0,0,7.611347717403621,1.3862943611198906,5.19295685089021,7.611347717403621,1.3862943611198906,5.353921643731886
2021-04-29,BTCUSDT,54846.23,55195.84,52330.94,53555.0,52486.019455,10.940720768194392,10.868302117021376,0.0377375527121965,0.05206421489202725,-0.023824105906546798,-0.003017528793609669,0.046020832177401744,0.0021920724736971295,0.0028753402697082827,27.640933173460553,2021-04-29,49.66997689036078,0,0,7.611347717403621,1.3862943611198906,5.19295685089021,7.611347717403621,1.3862943611198906,5.353921643731886
2021-04-30,BTCUSDT,53555.0,57963.0,53013.01,57694.27,68578.910045,10.918642867106463,11.135740332700179,0.08900236928059611,0.061298753489169466,0.07444869860711945,-0.023824105906546798,0.05033655523771434,0.006685563454501568,0.003245836350934507,27.67013851967261,2021-04-30,49.731501205495405,0,0,7.611347717403621,1.3862943611198906,5.19295685089021,7.611347717403621,1.3862943611198906,5.353921643731886
2021-05-01,BTCUSDT,57697.25,58458.07,56956.14,57800.37,42600.351836,10.967560154929494,10.659617791284388,0.02304766266742435,0.05173598078373319,0.001837315218213768,0.07444869860711945,0.0472799091933051,0.00017236220417921644,0.0034779445838072536,27.708855352713588,2021-05-01,49.762129973612836,0,0,7.611347717403621,1.6094379124341003,4.948759890378168,7.611347717403621,1.6094379124341003,5.279927848083106
2021-05-02,BTCUSDT,57797.35,57911.02,56035.25,56578.21,36812.878863,10.976065024093577,10.51360303203538,0.01905934923569421,0.043566822896723444,-0.02137124828966742,0.001837315218213768,0.036224386606431756,0.002032723532032582,0.002375092319635072,27.6971436434294,2021-05-02,49.18714506642041,0,0,7.611347717403621,1.6094379124341003,4.948759890378168,7.611347717403621,1.6094379124341003,5.279927848083106
2021-05-03,BTCUSDT,56578.21,58981.44,56435.0,57169.39,57649.931286,10.966662973602968,10.962144333779756,0.0432280352926162,0.04348212599569663,0.01039468653491475,-0.02137124828966742,0.03589102641751881,0.0009482347812994589,0.0024246240205053147,27.700550817866347,2021-05-03,48.277295407913044,0,0,7.611347717403621,1.6094379124341003,4.948759890378168,7.611347717403621,1.6094379124341003,5.279927848083106
2021-05-04,BTCUSDT,57169.39,57200.0,53046.69,53200.01,85324.625903,10.984978097127176,11.354218389387915,0.01601140227988689,0.036614445066744196,-0.07196003096966748,0.01039468653491475,0.04837729610094114,0.0063377353246018295,0.0027747016466976725,27.66266015269282,2021-05-04,47.058112710312244,0,0,7.611347717403621,1.6094379124341003,4.948759890378168,7.611347717403621,1.6094379124341003,5.279927848083106
2021-05-05,BTCUSDT,53205.05,58069.82,52900.0,57436.11,77263.923439,10.95430917736789,11.254982417211506,0.09290379376884986,0.05068678224227061,0.07661461528794215,-0.07196003096966748,0.057171639498433076,0.006807173254289625,0.0031054669540407412,27.6667085910244,2021-05-05,46.35657595368074,0,0,7.611347717403621,1.6094379124341003,4.948759890378168,7.611347717403621,1.6094379124341003,5.279927848083106
2021-05-06,BTCUSDT,57436.11,58360.0,55200.0,56393.68,70181.671908,10.969401358654041,11.158842471993935,0.04168796518498702,0.048437077977949716,-0.018316104117848727,0.07661461528794215,0.048713519001417474,0.0016413982152555546,0.002850303015483577,27.693398376243785,2021-05-06,45.68060401207065,0,0,7.611347717403621,1.6094379124341003,4.948759890378168,7.611347717403621,1.6094379124341003,5.279927848083106
2021-05-07,BTCUSDT,56393.68,58650.0,55241.63,57314.75,74542.747829,10.974386002636722,11.21912803617188,0.05575992451039548,0.05026778961106115,0.016200912209963583,-0.018316104117848727,0.04939414948464902,0.0014440437935755617,0.0026382821385749333,27.69429871838564,2021-05-07,45.89912598059631,0,0,7.611347717403621,1.6094379124341003,4.948759890378168,7.611347717403621,1.6094379124341003,5.279927848083106
2021-05-08,BTCUSDT,57315.49,59500.0,56900.0,58862.05,69709.906028,10.979342854081622,11.152097710437648,0.04379452428630872,0.04864947327987305,0.02663856290765698,0.016200912209963583,0.04940173702230784,0.0023886593894102085,0.0026105917200428155,27.716183698867905,2021-05-08,45.906378830863964,0,0,7.611347717403621,1.6094379124341003,4.948759890378168,7.611347717403621,1.6094379124341003,5.279927848083106
2021-05-09,BTCUSDT,58866.53,59300.0,56235.66,58240.84,69806.11991,10.993731591533722,11.153476962700687,0.04462240716449587,0.04764270675102875,-0.010609743743877945,0.02663856290765698,0.049821102306722466,0.0009512498908958088,0.002610057680867649,27.71595977597735,2021-05-09,45.63849766630697,0,0,7.611347717403621,1.6094379124341003,4.948759890378168,7.611347717403621,1.6094379124341003,5.279927848083106
2021-05-10,BTCUSDT,58240.83,59500.0,53400.0,55816.14,89586.34925,10.990364584985818,11.402958235235722,0.07844527064024238,0.05534334772333216,-0.04252375198618774,-0.010609743743877945,0.0417471575775065,0.0037291859804227975,0.002176442927670777,27.691859776930947,2021-05-10,45.502122658788934,0,0,7.611347717403621,1.6094379124341003,4.948759890378168,7.611347717403621,1.6094379124341003,5.279927848083106
2021-05-11,BTCUSDT,55816.14,56862.43,54370.0,56670.02,64329.54055,10.993731591533722,11.071774222299641,0.043818521495604945,0.052462141166400356,0.01518224822672772,-0.04252375198618774,0.026187202048157467,0.0013712570290811369,0.0010036472314821974,27.67799789034894,2021-05-11,44.951355520801926,0,0,7.611347717403621,1.6094379124341003,4.948759890378168,7.611347717403621,1.6094379124341003,5.279927848083106
2021-05-12,BTCUSDT,56670.02,58000.01,48600.0,49631.32,99842.789836,10.948390120837713,11.511352126281764,0.08560182933246967,0.06074706320791769,-0.13262323703978,0.01518224822672772,0.05998828267945794,0.011521082457115148,0.004021258397235967,27.625955430746437,2021-05-12,42.93417469458268,0,0,7.611347717403621,1.6094379124341003,4.948759890378168,7.611347717403621,1.6094379124341003,5.279927848083106
2021-05-13,BTCUSDT,49537.15,51367.19,46000.0,49670.97,147332.002121,10.968198461942334,11.900443836973079,0.09844470995557406,0.07017147489483178,0.0007985717571492955,-0.13262323703978,0.05837087242514041,6.710436754201053e-05,0.00420191681862216,27.545345457388446,2021-05-13,42.39481807476124,0,0,7.611347717403621,1.6094379124341003,4.948759890378168,7.611347717403621,1.6094379124341003,5.279927848083106
2021-05-14,BTCUSDT,49671.92,51483.0,48799.75,49841.45,80082.204306,10.846754920777686,11.290808939908962,0.04786487948265831,0.06459482604178841,0.0034263093346637553,0.0007985717571492955,0.055028366067925966,0.00030346004018835,0.004378662092281698,27.564540166547,2021-05-14,41.4906204553361,0,0,7.611347717403621,1.6094379124341003,4.948759890378168,7.611347717403621,1.6094379124341003,5.279927848083106
2021-05-15,BTCUSDT,49844.16,50700.0,46555.0,46762.99,89437.449359,10.849006935070413,11.401294770082014,0.04190898117342612,0.058923364824697844,-0.06375488905286,0.0034263093346637553,0.05599124731992352,0.005591899020114659,0.004356198988700569,27.533682252718666,2021-05-15,40.85052641896802,0,0,7.611347717403621,1.6094379124341003,4.948759890378168,7.611347717403621,1.6094379124341003,5.279927848083106
2021-05-16,BTCUSDT,46762.99,49795.89,43825.39,46431.5,114269.812775,10.833681189579275,11.646317709695381,0.10850632989588876,0.07131910609249557,-0.007113969892819319,-0.06375488905286,0.05709503702358172,0.0006108342628242957,0.004543190344089823,27.49620427249643,2021-05-16,40.875960224858986,0,0,7.611347717403621,1.6094379124341003,4.948759890378168,7.611347717403621,1.6094379124341003,5.279927848083106
2021-05-17,BTCUSDT,46426.83,46686.0,42001.0,43538.04,166657.172736,10.815687729486465,12.023694123529733,0.06472613823077326,0.069670864127065,-0.06434306949225864,-0.007113969892819319,0.05343200354446568,0.0053513561498826434,0.004505425751465493,27.452294886991037,2021-05-17,41.00361884451319,0,0,7.611347717403621,1.6094379124341003,4.948759890378168,7.611347717403621,1.6094379124341003,5.279927848083106
2021-05-18,BTCUSDT,43538.02,45799.29,42250.02,42849.78,116979.860784,10.751199612844985,11.669757068912533,0.06713880813584103,0.069037850129259,-0.0159345278743997,-0.06434306949225864,0.03138137446853533,0.0013654549773660873,0.002561354798253572,27.42832693796646,2021-05-18,40.498609614464485,0,0,7.611347717403621,1.6094379124341003,4.948759890378168,7.611347717403621,1.6094379124341003,5.279927848083106
2021-05-19,BTCUSDT,42849.78,43584.9,30000.0,36690.09,354347.243161,10.732023867798711,12.778032624219426,0.27950126028742545,0.12165370266880061,-0.15519381949293082,-0.0159345278743997,0.0588443430982898,0.01214536103146091,0.004527401487161118,27.295821387782194,2021-05-19,42.567935219649314,0,0,7.611347717403621,1.6094379124341003,4.948759890378168,7.611347717403621,1.6094379124341003,5.279927848083106
2021-05-20,BTCUSDT,36671.23,42451.67,34850.0,40526.64,203017.596923,10.682466039075717,12.221047938616808,0.19122901383135874,0.13904753045944016,0.0994528443006428,-0.15519381949293082,0.08408506309514538,0.008137832761983176,0.004292809779836134,27.310149619285607,2021-05-20,43.92616649421289,0,0,7.611347717403621,1.6094379124341003,4.948759890378168,7.611347717403621,1.6094379124341003,5.279927848083106
2021-05-21,BTCUSDT,40525.39,42200.0,33488.0,37252.01,202100.888258,10.656121531366152,12.216522298523072,0.17228037212003267,0.14735574087458828,-0.084253632547951,0.0994528443006428,0.08590902244454358,0.006896695351518895,0.0043292370052582674,27.30152065623461,2021-05-21,43.9576871407711,0,0,7.611347717403621,1.6094379124341003,4.948759890378168,7.611347717403621,1.6094379124341003,5.279927848083106
2021-05-22,BTCUSDT,37263.35,38829.0,35200.62,37449.73,126542.243689,10.650175500024103,11.748331473608957,0.08697526877876943,0.13226062285063356,0.005293597223083863,-0.084253632547951,0.08694135120455206,0.00045058289638619876,0.004367616851148288,27.269798654527296,2021-05-22,45.33808126254776,0,0,7.611347717403621,1.6094379124341003,4.948759890378168,7.611347717403621,1.6094379124341003,5.279927848083106
2021-05-23,BTCUSDT,37458.51,38270.64,31111.01,34655.25,217136.046593,10.566922669110548,12.288279378900931,0.15644251225078684,0.13830609520067189,-0.07755027101425602,0.005293597223083863,0.08796875929704986,0.006310913727060146,0.004368786570412099,27.219309571807916,2021-05-23,46.736756134843674,0,0,7.611347717403621,1.6094379124341003,4.948759890378168,7.611347717403621,1.6094379124341003,5.279927848083106
2021-05-24,BTCUSDT,34681.44,39920.0,34031.0,38796.29,161630.893971,10.55243830156186,11.99307058236053,0.15790299366166138,0.14320531981591927,0.11287539419061506,-0.07755027101425602,0.10789963663947523,0.00941171765941516,0.0039156356724900305,27.263296625447875,2021-05-24,45.517774642925595,0,0,7.611347717403621,1.6094379124341003,4.948759890378168,7.611347717403621,1.6094379124341003,5.279927848083106
2021-05-25,BTCUSDT,38810.99,39791.77,36419.62,38324.72,111996.228404,10.5946327304254,11.626220474745931,0.07384147446696823,0.12586435847868152,-0.012229504705664857,0.11287539419061506,0.08438645204152281,0.0010518899699372946,0.0037432332082973684,27.300994013664262,2021-05-25,44.28832980026321,0,0,7.611347717403621,1.6094379124341003,4.948759890378168,7.611347717403621,1.6094379124341003,5.279927848083106
2021-05-26,BTCUSDT,38324.72,40841.0,37800.44,39241.91,104780.773396,10.591415385970189,11.55962557407641,0.0737244356365949,0.11282937776815986,0.02365018953907607,-0.012229504705664857,0.07268772765855143,0.0020459304142267315,0.003669953164204184,27.318951851352864,2021-05-26,43.37974788744281,0,0,7.611347717403621,1.6094379124341003,4.948759890378168,7.611347717403621,1.6094379124341003,5.279927848083106
2021-05-27,BTCUSDT,39241.92,40411.14,37134.27,38529.98,86547.158794,10.617441757777067,11.368444732728728,0.06722874665328604,0.1014292199894414,-0.018308668772305418,0.02365018953907607,0.06266960000733558,0.00161048139853259,0.0035727884970098676,27.312851606783568,2021-05-27,43.06803218259361,0,0,7.611347717403621,1.6094379124341003,4.948759890378168,7.611347717403621,1.6094379124341003,5.279927848083106
2021-05-28,BTCUSDT,38529.99,38877.83,34684.0,35663.49,135377.62972,10.606860768513503,11.81582340956245,0.06288412605064787,0.09179294650474303,-0.07730916315521141,-0.018308668772305418,0.07124272080475554,0.006542850250507784,0.003401139207577756,27.262562186675435,2021-05-28,43.563439270415145,0,0,7.611347717403621,1.6094379124341003,4.948759890378168,7.611347717403621,1.6094379124341003,5.279927848083106
2021-05-29,BTCUSDT,35661.79,37338.58,33632.76,34605.15,112663.092689,10.568179444259584,11.632157163598636,0.08045080237356085,0.08895741047194748,-0.030124961488519942,-0.07730916315521141,0.06429436273656156,0.002589800074468749,0.0033426903939099573,27.217370807164873,2021-05-29,44.059703015931134,0,0,7.611347717403621,1.6094379124341003,4.948759890378168,7.611347717403621,1.6094379124341003,5.279927848083106
2021-05-30,BTCUSDT,34605.15,36488.0,33379.0,35641.27,73535.386967,10.52778238744919,11.20552202467183,0.08416668746142804,0.08775972971931761,0.02950172116854018,-0.030124961488519942,0.03898612098417869,0.0026327841847603867,0.0019546250751198745,27.20989462430928,2021-05-30,44.091785072220716,0,0,7.611347717403621,1.6094379124341003,4.948759890378168,7.611347717403621,1.6094379124341003,5.279927848083106
2021-05-31,BTCUSDT,35641.26,37499.0,34153.84,37253.81,94160.735289,10.504738718391536,11.452758550835275,0.09193064835826646,0.08880245937905483,0.04424998538763259,0.02950172116854018,0.04576746408774015,0.003863696697282188,0.0017981348795529431,27.24143242253595,2021-05-31,43.38853045513859,0,0,7.611347717403621,1.6094379124341003,4.948759890378168,7.611347717403621,1.6094379124341003,5.279927848083106
2021-06-01,BTCUSDT,37253.82,37894.81,35666.0,36693.09,81234.66377,10.532069544936274,11.305097328775782,0.04765179397798415,0.07851479302878717,-0.015165767520091036,0.04424998538763259,0.043648978864287244,0.0013414981825488911,0.0019092396347197731,27.261216188712527,2021-06-01,42.740531388643696,0,0,7.611347717403621,1.791759469228055,5.030437921392435,7.611347717403621,1.791759469228055,5.203736370324734
2021-06-02,BTCUSDT,36694.85,38225.0,35920.0,37568.68,67587.372495,10.54256944237949,11.121176447171004,0.05914943410985316,0.07367345329905367,0.02358227059865497,-0.015165767520091036,0.04559026727715165,0.002120483449811086,0.0018399254197994852,27.26696972172856,2021-06-02,42.409470659288814,0,0,7.611347717403621,1.791759469228055,5.030437921392435,7.611347717403621,1.791759469228055,5.203736370324734
2021-06-03,BTCUSDT,37568.68,39476.0,37170.0,39246.79,75889.106011,10.551245030797263,11.237028422265324,0.0596725969418188,0.07017323920974496,0.04369893289158691,0.02358227059865497,0.03131736233681235,0.0038888335287112718,0.0009956078220655163,27.300331375638528,2021-06-03,42.28773782496155,0,0,7.611347717403621,1.791759469228055,5.030437921392435,7.611347717403621,1.791759469228055,5.203736370324734
2021-06-04,BTCUSDT,39246.78,39289.07,35555.15,36829.0,91317.799245,10.583448171291899,11.422101000977516,0.05987330961800155,0.0675982568118091,-0.06358407913456297,0.04369893289158691,0.04223869933473435,0.00556675861377179,0.0015132754854790095,27.283939108721853,2021-06-04,42.41416113499295,0,0,7.611347717403621,1.791759469228055,5.030437921392435,7.611347717403621,1.791759469228055,5.203736370324734
2021-06-05,BTCUSDT,36829.15,37925.0,34800.0,35513.2,70459.62149,10.578701642127289,11.162795079896695,0.06058967128499917,0.06584611043010662,-0.03638111995464031,-0.06358407913456297,0.04476191061380011,0.003259140716482363,0.0014847019042945762,27.244761099678783,2021-06-05,42.14989040884236,0,0,7.611347717403621,1.791759469228055,5.030437921392435,7.611347717403621,1.791759469228055,5.203736370324734
2021-06-06,BTCUSDT,35516.07,36480.0,35222.0,35796.31,47650.206637,10.543365804216734,10.771642245631183,0.032775531028657386,0.05757846557974431,0.007940357113332096,-0.03638111995464031,0.039648028682231024,0.0007371538092580624,0.0017828889802504108,27.230443069274973,2021-06-06,41.90653175937784,0,0,7.611347717403621,1.791759469228055,5.030437921392435,7.611347717403621,1.791759469228055,5.203736370324734
2021-06-07,BTCUSDT,35796.31,36900.0,33300.0,33552.79,77574.952573,10.504519444188269,11.258999877946751,0.06053060387320919,0.05831650015311053,-0.06472479604498639,0.007940357113332096,0.04636914835445749,0.005748716293332968,0.001952261410861184,27.205309653465296,2021-06-07,41.58010804682784,0,0,7.611347717403621,1.791759469228055,5.030437921392435,7.611347717403621,1.791759469228055,5.203736370324734
2021-06-08,BTCUSDT,33556.96,34068.01,31000.0,33380.81,123251.189037,10.515966830028619,11.721979739217428,0.0853869415728779,0.06508411050805238,-0.005138835456786614,-0.06472479604498639,0.04295752774797019,0.0004383931358961459,0.002290652944900521,27.150411141121175,2021-06-08,41.74915875258644,0,0,7.611347717403621,1.791759469228055,5.030437921392435,7.611347717403621,1.791759469228055,5.203736370324734
2021-06-09,BTCUSDT,33380.8,37534.79,32396.82,37388.05,136607.597517,10.436114099791514,11.82486784329105,0.14680934331399853,0.08551541870953891,0.11336995068009252,-0.005138835456786614,0.06649162605022148,0.009587417989150214,0.00347315059427542,27.214335594377907,2021-06-09,42.67892180205338,0,0,7.611347717403621,1.791759469228055,5.030437921392435,7.611347717403621,1.791759469228055,5.203736370324734
2021-06-10,BTCUSDT,37388.05,38491.0,35782.0,36675.72,109527.284943,10.533023515213245,11.603928974760764,0.05661200669860454,0.07828956570680531,-0.019236178908744933,0.11336995068009252,0.061355063839808335,0.0016577298043261696,0.0035367075548131998,27.266694129503723,2021-06-10,43.89471652539264,0,0,7.611347717403621,1.791759469228055,5.030437921392435,7.611347717403621,1.791759469228055,5.203736370324734
2021-06-11,BTCUSDT,36677.83,37680.4,35936.77,37331.98,78466.0053,10.558179726714524,11.270420756472568,0.045333851856316054,0.070050637244183,0.01773537623175507,-0.019236178908744933,0.058992051908337784,0.001573621483614061,0.003632126214565438,27.26225359279659,2021-06-11,44.9289320863823,0,0,7.611347717403621,1.791759469228055,5.030437921392435,7.611347717403621,1.791759469228055,5.203736370324734
2021-06-12,BTCUSDT,37331.98,37463.63,34600.36,35546.11,87717.54999,10.536895344345206,11.381877272251216,0.048259482209933154,0.06460284848562055,-0.04901960505525715,0.01773537623175507,0.06347873474786313,0.004306811950500112,0.003416174337068652,27.243905952565804,2021-06-12,45.06744581763799,0,0,7.611347717403621,1.791759469228055,5.030437921392435,7.611347717403621,1.791759469228055,5.203736370324734
2021-06-13,BTCUSDT,35546.12,39380.0,34757.0,39020.57,86921.025555,10.53112587466684,11.372755233138772,0.12405014563629066,0.07946467277328807,0.09325821606697823,-0.04901960505525715,0.06459898047679427,0.008200142723131468,0.00380774141014484,27.269702156952146,2021-06-13,44.96087511312139,0,0,7.611347717403621,1.791759469228055,5.030437921392435,7.611347717403621,1.791759469228055,5.203736370324734
2021-06-14,BTCUSDT,39020.56,41064.05,38730.0,40516.29,108522.391949,10.581013352193116,11.594711808079902,0.05765457674368525,0.07401214876588737,0.03761517248338315,0.09325821606697823,0.06292451866532031,0.003244166229053714,0.0033887682110430094,27.33863241241482,2021-06-14,45.642478394235496,0,0,7.611347717403621,1.791759469228055,5.030437921392435,7.611347717403621,1.791759469228055,5.203736370324734
2021-06-15,BTCUSDT,40516.28,41330.0,39506.4,40144.04,80679.622838,10.622888321850931,11.29824131726793,0.036075792382840616,0.06452805967012568,-0.009230129428558456,0.03761517248338315,0.049883084343530545,0.000816952760112441,0.00271555313476067,27.352264528507394,2021-06-15,45.76273087937775,0,0,7.611347717403621,1.791759469228055,5.030437921392435,7.611347717403621,1.791759469228055,5.203736370324734
2021-06-16,BTCUSDT,40143.8,40527.14,38116.01,38349.01,87771.976937,10.629343907505778,11.382497559395391,0.029980544518526143,0.05589118088222579,-0.04574527341953061,-0.009230129428558456,0.05417666550676793,0.0040189135276177896,0.0025985451278076922,27.32437514793299,2021-06-16,45.89914287791949,0,0,7.611347717403621,1.791759469228055,5.030437921392435,7.611347717403621,1.791759469228055,5.203736370324734
2021-06-17,BTCUSDT,38349.0,39559.88,37365.0,38092.97,79541.307119,10.609727152118957,11.284031752106664,0.04770788245074844,0.05384535627435645,-0.006698961944875928,-0.04574527341953061,0.05416595057567386,0.0005936674135665446,0.002782699464748309,27.30032269679828,2021-06-17,45.753599137869465,0,0,7.611347717403621,1.791759469228055,5.030437921392435,7.611347717403621,1.791759469228055,5.203736370324734
2021-06-18,BTCUSDT,38092.97,38202.84,35129.29,35819.84,95228.042935,10.58557075236501,11.46402974604759,0.0426410759782703,0.05104428620033491,-0.06152782082782359,-0.006698961944875928,0.056763654443679624,0.005367032552321866,0.0028740479253173867,27.2597948217966,2021-06-18,45.53606623943913,0,0,7.611347717403621,1.791759469228055,5.030437921392435,7.611347717403621,1.791759469228055,5.203736370324734
2021-06-19,BTCUSDT,35820.48,36457.0,34803.52,35483.72,68712.449461,10.55066513738091,11.137685676654728,0.03708099850244635,0.04755346427586277,-0.00942793009744289,-0.06152782082782359,0.034662721523307904,0.0008464891514405375,0.002013925896272076,27.22768143123575,2021-06-19,45.398354471155415,0,0,7.611347717403621,1.791759469228055,5.030437921392435,7.611347717403621,1.791759469228055,5.203736370324734
2021-06-20,BTCUSDT,35483.72,36137.72,33336.0,35600.16,89878.17085,10.503888762894483,11.406210375068593,0.07467692646621361,0.054334329823450475,0.0032761324830971688,-0.00942793009744289,0.025765290230431257,0.0002872235716656653,0.0021472620872582623,27.21321118183147,2021-06-20,45.40115021207085,0,0,7.611347717403621,1.791759469228055,5.030437921392435,7.611347717403621,1.791759469228055,5.203736370324734
2021-06-21,BTCUSDT,35600.17,35750.0,31251.23,31608.93,168778.873159,10.495092474164943,12.036344694300288,0.045251374224180074,0.05206359092363287,-0.11891045662276035,0.0032761324830971688,0.04612937071104499,0.009879283091574258,0.0037486036537395157,27.167158673341657,2021-06-21,46.08828221219462,0,0,7.611347717403621,1.791759469228055,5.030437921392435,7.611347717403621,1.791759469228055,5.203736370324734
2021-06-22,BTCUSDT,31614.12,33298.78,28805.0,32509.56,204208.179762,10.484305548122153,12.22689524151081,0.13705746863018112,0.07331206035026994,0.028094524319938106,-0.11891045662276035,0.05349946209845223,0.0022977643764016268,0.003766650504499047,27.105674067744538,2021-06-22,47.37764911333494,0,0,7.611347717403621,1.791759469228055,5.030437921392435,7.611347717403621,1.791759469228055,5.203736370324734
2021-06-23,BTCUSDT,32509.56,34881.0,31683.0,33678.07,126966.100563,10.41327603866076,11.751675405109202,0.09134159792646601,0.07781944474431896,0.0353126837670968,0.028094524319938106,0.059215324287112646,0.003004906326100883,0.0035540659556745485,27.15798387279169,2021-06-23,47.57432182504079,0,0,7.611347717403621,1.791759469228055,5.030437921392435,7.611347717403621,1.791759469228055,5.203736370324734
2021-06-24,BTCUSDT,33675.07,35298.0,32286.57,34663.09,86625.80426,10.459697547336718,11.36935302083583,0.08478150202547718,0.07955995906460851,0.028828548379449724,0.0353126837670968,0.05818434883165733,0.0025356366652189996,0.003461482539145785,27.180143108652835,2021-06-24,47.1227639470773,0,0,7.611347717403621,1.791759469228055,5.030437921392435,7.611347717403621,1.791759469228055,5.203736370324734
2021-06-25,BTCUSDT,34663.08,35500.0,31275.0,31584.45,116061.130356,10.471581584092512,11.661872317107822,0.06352781629681915,0.07555192337266117,-0.09301052120369376,0.028828548379449724,0.06842550294142859,0.007975607919085899,0.0037291992653005613,27.157844718981913,2021-06-25,47.05352078714456,0,0,7.611347717403621,1.791759469228055,5.030437921392435,7.611347717403621,1.791759469228055,5.203736370324734
2021-06-26,BTCUSDT,31576.09,32730.0,30151.0,32283.65,107820.375287,10.477287975463508,11.588221929680367,0.07811534151022859,0.07619277790705303,0.021895999249812816,-0.09301052120369376,0.07006236222834235,0.0018895046524550606,0.003426908304064042,27.109796685462783,2021-06-26,47.077347280737705,0,0,7.611347717403621,1.791759469228055,5.030437921392435,7.611347717403621,1.791759469228055,5.203736370324734
2021-06-27,BTCUSDT,32283.65,34749.0,31973.45,34700.34,96613.244211,10.396047367495227,11.478471114436305,0.0831636195952187,0.07793548832909444,0.07218857505595316,0.021895999249812816,0.05613881944961864,0.006289040965147584,0.0025112357722750357,27.163603381974053,2021-06-27,47.45893103016709,0,0,7.611347717403621,1.791759469228055,5.030437921392435,7.611347717403621,1.791759469228055,5.203736370324734
2021-06-28,BTCUSDT,34702.49,35297.71,33862.72,34494.89,82222.267819,10.455906073600456,11.317181442399384,0.034043166131124576,0.06696240777960198,-0.005938288050668354,0.07218857505595316,0.0563370024791509,0.0005247143982706494,0.0028348940949011465,27.197843830226194,2021-06-28,47.185388980985046,0,0,7.611347717403621,1.791759469228055,5.030437921392435,7.611347717403621,1.791759469228055,5.203736370324734
2021-06-29,BTCUSDT,34494.89,36600.0,34225.43,35911.73,90788.79622,10.471573368295829,11.416291167328678,0.06596024325618041,0.06671186664874659,0.04025278594807432,-0.005938288050668354,0.05681709509314879,0.0035259074385970792,0.002817149774258935,27.218778801084138,2021-06-29,46.737018801536344,0,0,7.611347717403621,1.791759469228055,5.030437921392435,7.611347717403621,1.791759469228055,5.203736370324734
2021-06-30,BTCUSDT,35911.72,36100.0,34017.55,35045.0,77152.197634,10.507803519389457,11.253535342596239,0.04385328391584297,0.06099722096552069,-0.024431033120821895,0.04025278594807432,0.05757429361714768,0.002170965156909131,0.002853327761356562,27.217288991497156,2021-06-30,46.32431369655031,0,0,7.611347717403621,1.791759469228055,5.030437921392435,7.611347717403621,1.791759469228055,5.203736370324734
2021-07-01,BTCUSDT,35045.0,35057.57,32711.0,33504.69,71708.266112,10.494048144320972,11.180361307418215,0.040953279730295424,0.05598623565671437,-0.04494752092035272,-0.024431033120821895,0.04331918731662028,0.004020220785756705,0.0020076507444160814,27.183537231506815,2021-07-01,45.89727683307205,0,0,7.611347717403621,1.9459101490553132,5.2832037287379885,7.611347717403621,1.9459101490553132,5.345317719007269
2021-07-02,BTCUSDT,33502.33,33977.04,32699.0,33786.55,56172.181378,10.464746846318487,10.936176920058148,0.03651767574352766,0.05111909567841769,0.008377365268202767,-0.04494752092035272,0.04291621006389577,0.0007660232025725333,0.002184390592008905,27.16592671478684,2021-07-02,46.05011321929632,0,0,7.611347717403621,1.9459101490553132,5.2832037287379885,7.611347717403621,1.9459101490553132,5.345317719007269
2021-07-03,BTCUSDT,33786.54,34945.61,33316.73,34669.13,43044.578641,10.433440281366877,10.669991570241729,0.0465535108229341,0.0499776994645468,0.025786871340954098,0.008377365268202767,0.03164715814829666,0.0024167658588290612,0.0014123405196379908,27.186307911226486,2021-07-03,45.92147890086279,0,0,7.611347717403621,1.9459101490553132,5.2832037287379885,7.611347717403621,1.9459101490553132,5.345317719007269
2021-07-04,BTCUSDT,34669.12,35967.85,34357.15,35286.51,43703.475789,10.461548131761164,10.685182915426463,0.04388817622240797,0.04845531865401209,0.017651072284598005,0.025786871340954098,0.032243891155943345,0.001651920460726481,0.0011975962168406717,27.212058252896313,2021-07-04,45.80404184406167,0,0,7.611347717403621,1.9459101490553132,5.2832037287379885,7.611347717403621,1.9459101490553132,5.345317719007269
2021-07-05,BTCUSDT,35288.13,35293.78,33125.55,33690.14,64123.874245,10.490380762871002,11.068572026685441,0.032847477347014535,0.044553358327262704,-0.04629552498009569,0.017651072284598005,0.03202335678086774,0.004182610445907646,0.0013398589219391244,27.190916429492617,2021-07-05,45.53607875055047,0,0,7.611347717403621,1.9459101490553132,5.2832037287379885,7.611347717403621,1.9459101490553132,5.345317719007269
2021-07-06,BTCUSDT,33690.15,35118.88,33532.0,34220.01,58210.596349,10.47146202342964,10.971822684999424,0.04490004557085893,0.04464003013816176,0.01560534774517823,-0.04629552498009569,0.032738971003427285,0.001422311332693493,0.0014133561297063845,27.184607133093063,2021-07-06,45.22446232298769,0,0,7.611347717403621,1.9459101490553132,5.2832037287379885,7.611347717403621,1.9459101490553132,5.345317719007269
2021-07-07,BTCUSDT,34220.02,35059.09,33777.77,33862.12,53807.521675,10.466494156579943,10.893168544463139,0.030567210654957672,0.04112182526736074,-0.010513575195606917,0.01560534774517823,0.02655286646767238,0.0009651530821994704,0.0012591207760233418,27.18805353263142,2021-07-07,44.8532934610094,0,0,7.611347717403621,1.9459101490553132,5.2832037287379885,7.611347717403621,1.9459101490553132,5.345317719007269
2021-07-08,BTCUSDT,33862.11,33929.64,32077.0,32875.71,70136.48032,10.464790202633527,11.158198341653778,0.03799813547111962,0.04034090281830046,-0.029562898272273284,-0.010513575195606917,0.029063205066474803,0.0026494329431225824,0.00114964890083292,27.157130511230083,2021-07-08,45.14503838733794,0,0,7.611347717403621,1.9459101490553132,5.2832037287379885,7.611347717403621,1.9459101490553132,5.345317719007269
2021-07-09,BTCUSDT,32875.71,34100.0,32261.07,33815.81,47153.939899,10.432044247642413,10.761172845524982,0.05399278060578981,0.0437538722651728,0.028194357383748637,-0.029562898272273284,0.029577943337961963,0.0026200078549498645,0.0011597433050923136,27.15929206965873,2021-07-09,45.73980921459473,0,0,7.611347717403621,1.9459101490553132,5.2832037287379885,7.611347717403621,1.9459101490553132,5.345317719007269
2021-07-10,BTCUSDT,33815.81,34262.0,33004.78,33502.87,34761.175468,10.437052663271608,10.456256395493403,0.02921772121728638,0.040119834503201196,-0.009297337803434783,0.028194357383748637,0.027583528546813667,0.0008891650559986165,0.0012743666605904763,27.170780628972445,2021-07-10,45.899583383926306,0,0,7.611347717403621,1.9459101490553132,5.2832037287379885,7.611347717403621,1.9459101490553132,5.345317719007269
2021-07-11,BTCUSDT,33502.87,34666.0,33306.47,34258.99,31572.647448,10.441792147290403,10.360046437649574,0.03913027405195922,0.0398724443903907,0.022317905214544593,-0.009297337803434783,0.02263074221650474,0.0021542282989619444,0.0007983744192236155,27.1789585762121,2021-07-11,46.06482149592679,0,0,7.611347717403621,1.9459101490553132,5.2832037287379885,7.611347717403621,1.9459101490553132,5.345317719007269
2021-07-12,BTCUSDT,34259.0,34678.43,32658.34,33086.63,48181.403762,10.453514658501255,10.782728411526906,0.036793407367568635,0.039102685134685185,-0.034819738727865,0.022317905214544593,0.026028039012737387,0.0032292141097277527,0.0009594700063688245,27.171519434719126,2021-07-12,46.12802380481624,0,0,7.611347717403621,1.9459101490553132,5.2832037287379885,7.611347717403621,1.9459101490553132,5.345317719007269
2021-07-13,BTCUSDT,33086.94,33340.0,32202.25,32729.77,41126.361008,10.453873158820118,10.624404581939517,0.026550518334628716,0.03596464343467107,-0.01084421199366593,-0.034819738727865,0.026040834984656314,0.0010206889157911084,0.0009466944808839781,27.146368248330077,2021-07-13,46.24397389498812,0,0,7.611347717403621,1.9459101490553132,5.2832037287379885,7.611347717403621,1.9459101490553132,5.345317719007269
2021-07-14,BTCUSDT,32729.12,33114.03,31550.0,32820.02,46777.823484,10.414513156304785,10.753164512420458,0.04487461481542572,0.038192136279859734,0.002753633750060858,-0.01084421199366593,0.023309078704417216,0.0002560765946508369,0.0011484693286806058,27.137987476833565,2021-07-14,46.35866934912869,0,0,7.611347717403621,1.9459101490553132,5.2832037287379885,7.611347717403621,1.9459101490553132,5.345317719007269
2021-07-15,BTCUSDT,32820.03,33185.25,31133.0,31880.0,51639.576353,10.40771233862837,10.852043641073324,0.04424559360046311,0.039705500610010575,-0.029059841124266395,0.002753633750060858,0.02091612621999222,0.0026778219923738,0.0011579864752882332,27.12821462195023,2021-07-15,46.02999802824483,0,0,7.611347717403621,1.9459101490553132,5.2832037287379885,7.611347717403621,1.9459101490553132,5.345317719007269
2021-07-16,BTCUSDT,31874.49,32249.18,31020.0,31383.87,48499.864154,10.409860779075832,10.789316275973198,0.027767716211030437,0.03672105451026554,-0.015684787261425026,-0.029059841124266395,0.0210460509961975,0.0014537331986785472,0.0010999651582711328,27.109311971819878,2021-07-16,46.1429311014149,0,0,7.611347717403621,1.9459101490553132,5.2832037287379885,7.611347717403621,1.9459101490553132,5.345317719007269
2021-07-17,BTCUSDT,31383.86,31955.92,31164.31,31520.07,34012.242132,10.381247895544075,10.434475801497161,0.02308234789194377,0.033311377855685095,0.004330419138805793,-0.015684787261425026,0.01606032569370341,0.0004150107030948747,0.0012110667080122756,27.105262223388856,2021-07-17,46.39188320017129,0,0,7.611347717403621,1.9459101490553132,5.2832037287379885,7.611347717403621,1.9459101490553132,5.345317719007269
2021-07-18,BTCUSDT,31520.07,32435.0,31108.97,31778.56,35923.716186,10.372112732156566,10.489152974358786,0.038392198643805026,0.03458158305271508,0.008167362765899914,0.004330419138805793,0.014352282437037041,0.0007786484557776405,0.0008838125226743831,27.111842821060403,2021-07-18,46.175062151910424,0,0,7.611347717403621,1.9459101490553132,5.2832037287379885,7.611347717403621,1.9459101490553132,5.345317719007269
2021-07-19,BTCUSDT,31778.57,31899.0,30407.44,30839.65,47340.468499,10.386993365647156,10.765120779491333,0.028348271926936022,0.03302325527127031,-0.029990648832101084,0.008167362765899914,0.017281464910107482,0.002785909182666707,0.0011154482212983928,27.09645624464472,2021-07-19,46.3216862376501,0,0,7.611347717403621,1.9459101490553132,5.2832037287379885,7.611347717403621,1.9459101490553132,5.345317719007269
2021-07-20,BTCUSDT,30839.65,31063.07,29278.0,29790.35,61034.049017,10.370329940319197,11.019187168037156,0.03645139809030613,0.033880290976029265,-0.03461668416799106,-0.029990648832101084,0.01849456003839733,0.0031414916218504814,0.0011479808145065224,27.06439466034218,2021-07-20,46.69165172421954,0,0,7.611347717403621,1.9459101490553132,5.2832037287379885,7.611347717403621,1.9459101490553132,5.345317719007269
2021-07-21,BTCUSDT,29790.34,32858.0,29482.61,32144.51,82796.265128,10.343774932771227,11.324138232206234,0.10733798536660817,0.052244714573673995,0.07605715848404894,-0.03461668416799106,0.0405031778012191,0.006716374961561295,0.0023091924688933042,27.09159056201531,2021-07-21,46.40970326888568,0,0,7.611347717403621,1.9459101490553132,5.2832037287379885,7.611347717403621,1.9459101490553132,5.345317719007269
2021-07-22,BTCUSDT,32144.51,32591.35,31708.0,32287.83,46148.092433,10.399950525466283,10.739610905013883,0.025042090450555853,0.04544405854289446,0.0044487049941116285,0.07605715848404894,0.03963156004480976,0.0004142333491835082,0.002442883296903836,27.126841523281943,2021-07-22,46.11764630361016,0,0,7.611347717403621,1.9459101490553132,5.2832037287379885,7.611347717403621,1.9459101490553132,5.345317719007269
2021-07-23,BTCUSDT,32287.58,33650.0,31924.32,33634.09,50112.863626,10.391802194723283,10.822033013118,0.05259410940734186,0.04723157125900631,0.040849756917323884,0.0044487049941116285,0.042273642745946687,0.003774684189912152,0.0022835432638994547,27.148768446187002,2021-07-23,46.06176686300786,0,0,7.611347717403621,1.9459101490553132,5.2832037287379885,7.611347717403621,1.9459101490553132,5.345317719007269
2021-07-24,BTCUSDT,33634.1,34500.0,33401.14,34258.14,47977.550138,10.423768335072873,10.778488475023382,0.03160497091607376,0.043324921173273176,0.01838406474345351,0.040849756917323884,0.04235115329399967,0.0017056254952681228,0.0021349814932201225,27.18089980121971,2021-07-24,46.08808837449036,0,0,7.611347717403621,1.9459101490553132,5.2832037287379885,7.611347717403621,1.9459101490553132,5.345317719007269
2021-07-25,BTCUSDT,34261.51,35398.0,33851.12,35381.02,47852.928313,10.448714603019452,10.775887592772438,0.04461849019532838,0.04364831342878698,0.03225131745929758,0.01838406474345351,0.03716002480113856,0.00299291517117616,0.0021307584665407643,27.20386745966518,2021-07-25,46.4732305606787,0,0,7.611347717403621,1.9459101490553132,5.2832037287379885,7.611347717403621,1.9459101490553132,5.345317719007269
2021-07-26,BTCUSDT,35381.02,40550.0,35205.78,37237.6,152452.512724,10.4744106003507,11.934608434563286,0.13982051625274297,0.06769136413477597,0.05114348533727734,0.03225131745929758,0.02517457352999568,0.004285309033613786,0.0021831368613806604,27.26951220761513,2021-07-26,47.33109889075186,0,0,7.611347717403621,1.9459101490553132,5.2832037287379885,7.611347717403621,1.9459101490553132,5.345317719007269
2021-07-27,BTCUSDT,37241.33,39542.61,36383.0,39457.87,88397.267015,10.61029105954356,11.389596332027912,0.08297630696986122,0.07151259984354728,0.05791451692422995,0.05114348533727734,0.020163098870326884,0.005084861239671196,0.0017291260190201324,27.2971095891653,2021-07-27,48.150545730165376,0,0,7.611347717403621,1.9459101490553132,5.2832037287379885,7.611347717403621,1.9459101490553132,5.345317719007269
2021-07-28,BTCUSDT,39456.61,40900.0,38772.0,40019.56,101344.528441,10.585134103650807,11.526281163654184,0.04973980703368786,0.06606940164108242,0.014134814167452743,0.05791451692422995,0.01752290038395726,0.0012263117623769273,0.001498633689272651,27.33940116731119,2021-07-28,48.63441370679233,0,0,7.611347717403621,1.9459101490553132,5.2832037287379885,7.611347717403621,1.9459101490553132,5.345317719007269
2021-07-29,BTCUSDT,40019.57,40640.0,39200.0,40016.48,53998.439283,10.618885342030893,10.89671042296207,0.0313298000004273,0.05738450123091864,-7.696532715802908e-05,0.014134814167452743,0.022432501986021466,7.063170825925966e-06,0.0019268958789760626,27.34357499509564,2021-07-29,48.32858087855095,0,0,7.611347717403621,1.9459101490553132,5.2832037287379885,7.611347717403621,1.9459101490553132,5.345317719007269
2021-07-30,BTCUSDT,40018.49,42316.71,38313.23,42206.37,73602.784805,10.612508082252363,11.206438141025622,0.09881314068706125,0.06774166109495429,0.05327978825254109,-7.696532715802908e-05,0.02363403255640085,0.004754390965447731,0.002057169330507219,27.36259551683113,2021-07-30,48.55910776082679,0,0,7.611347717403621,1.9459101490553132,5.2832037287379885,7.611347717403621,1.9459101490553132,5.345317719007269
2021-07-31,BTCUSDT,42206.36,42448.0,41000.15,41461.83,44849.791012,10.652937322489397,10.711074207765941,0.022864722712450294,0.05652242649932829,-0.017797912555153794,0.05327978825254109,0.032040103916184205,0.0016616365651028373,0.0021359402895275584,27.387815186214155,2021-07-31,48.25161625742386,0,0,7.611347717403621,1.9459101490553132,5.2832037287379885,7.611347717403621,1.9459101490553132,5.345317719007269
2021-08-01,BTCUSDT,41461.84,42599.0,39422.01,39845.44,53953.186326,10.65603507637752,10.895872029665156,0.05134295296405153,0.0552275581155091,-0.03976527538307319,-0.017797912555153794,0.03879957765617587,0.003649572542225904,0.0020642676748607093,27.36560007552117,2021-08-01,47.53319305604427,0,0,7.611347717403621,2.0794415416798357,5.231108616854587,7.611347717403621,2.0794415416798357,5.457960062323462
2021-08-02,BTCUSDT,39850.27,40480.01,38690.0,39147.82,50837.351954,10.659586057803535,10.836386638069612,0.032507075541012516,0.049547437471884954,-0.017663231962589804,-0.03976527538307319,0.032367252473420004,0.0016299927782695213,0.0017312258561049943,27.333108730079612,2021-08-02,46.7035495373069,0,0,7.611347717403621,2.0794415416798357,5.231108616854587,7.611347717403621,2.0794415416798357,5.457960062323462
2021-08-03,BTCUSDT,39146.86,39780.0,37642.03,38207.05,57117.435853,10.60856355099689,10.952864705477145,0.03834501679185189,0.04674683230187669,-0.024324684058787516,-0.017663231962589804,0.03250365334224047,0.0022208513218120542,0.0016711122094004657,27.311286519669785,2021-08-03,46.30016455498509,0,0,7.611347717403621,2.0794415416798357,5.231108616854587,7.611347717403621,2.0794415416798357,5.457960062323462
2021-08-04,BTCUSDT,38207.04,39969.66,37508.56,39723.18,52329.35243,10.591119552407964,10.86531272455244,0.06264711443431185,0.05072190283498548,0.03891484283709042,-0.024324684058787516,0.03780424327848215,0.003581566755014259,0.0012705323556597538,27.315389446728002,2021-08-04,45.94969304231709,0,0,7.611347717403621,2.0794415416798357,5.231108616854587,7.611347717403621,2.0794415416798357,5.457960062323462
2021-08-05,BTCUSDT,39723.17,41350.0,37332.7,40862.46,84343.755621,10.595875945289405,11.342656055844355,0.09853569295806786,0.06267535036575608,0.028276896761954197,0.03891484283709042,0.03143612351660145,0.002492969602775216,0.0008966285515774147,27.340804081974493,2021-08-05,45.86152761353627,0,0,7.611347717403621,2.0794415416798357,5.231108616854587,7.611347717403621,2.0794415416798357,5.457960062323462
2021-08-06,BTCUSDT,40862.46,43392.43,39853.86,42836.87,75753.941347,10.629827700451838,11.23524575300155,0.08315125093603158,0.06779432550832495,0.04718738719477047,0.028276896761954197,0.0370085015314089,0.0041999425942386825,0.0009932425231939208,27.387718282265254,2021-08-06,46.37392624436416,0,0,7.611347717403621,2.0794415416798357,5.231108616854587,7.611347717403621,2.0794415416798357,5.457960062323462
2021-08-07,BTCUSDT,42836.87,44700.0,42446.41,44572.54,73396.740808,10.678040280911734,11.203634810455995,0.0514778162490774,0.06371519819351307,0.03971879398871793,0.04718738719477047,0.03139135065494574,0.0035451703541469993,0.0009796192467673287,27.43251517901878,2021-08-07,46.36191713419459,0,0,7.611347717403621,2.0794415416798357,5.231108616854587,7.611347717403621,2.0794415416798357,5.457960062323462
2021-08-08,BTCUSDT,44572.54,45310.0,43261.0,43794.37,69329.092698,10.707728780601661,11.146619905135196,0.03354635921718032,0.05617298844942988,-0.01761270403291667,0.03971879398871793,0.031379653934903926,0.0015800937129651813,0.000993135211649059,27.445393197114463,2021-08-08,46.385299264053806,0,0,7.611347717403621,2.0794415416798357,5.231108616854587,7.611347717403621,2.0794415416798357,5.457960062323462
2021-08-09,BTCUSDT,43794.36,46454.15,42779.0,46253.4,74587.884845,10.721283037661184,11.21973337146174,0.08179984064217306,0.06257970149761567,0.05462970446216788,-0.01761270403291667,0.025788782151882596,0.004869073324070496,0.0011818646578125732,27.4585934466135,2021-08-09,46.81278926071558,0,0,7.611347717403621,2.0794415416798357,5.231108616854587,7.611347717403621,2.0794415416798357,5.457960062323462
2021-08-10,BTCUSDT,46248.87,46700.0,44589.46,45584.99,53814.643421,10.746221083631081,10.893300891661395,0.035436580168256154,0.05579392116527579,-0.01455647910352678,0.05462970446216788,0.03147281778557408,0.0013362780711096921,0.001433289930275298,27.47960805323145,2021-08-10,46.51891552510882,0,0,7.611347717403621,2.0794415416798357,5.231108616854587,7.611347717403621,2.0794415416798357,5.457960062323462
2021-08-11,BTCUSDT,45585.0,46743.47,45341.14,45511.0,52734.901977,10.75149944365699,10.873032791924498,0.02800841385008934,0.04884754433647918,-0.0016244406865866849,-0.01455647910352678,0.03279829707008829,0.00014940088176623286,0.0018570637828268402,27.479750327995085,2021-08-11,45.65276317615888,0,0,7.611347717403621,2.0794415416798357,5.231108616854587,7.611347717403621,2.0794415416798357,5.457960062323462
2021-08-12,BTCUSDT,45510.67,46218.12,43770.0,44399.0,55266.108781,10.752429845816408,10.919915138531222,0.03736205334425813,0.04597617158842392,-0.02473710831782772,-0.0016244406865866849,0.03312047776733753,0.0022653205637598916,0.0016866175141588768,27.462806943740972,2021-08-12,45.331258155135494,0,0,7.611347717403621,2.0794415416798357,5.231108616854587,7.611347717403621,2.0794415416798357,5.457960062323462
2021-08-13,BTCUSDT,44400.06,47886.0,44217.39,47800.0,48239.370431,10.741127207968667,10.783930780548907,0.07965853370718286,0.05439676211811365,0.07380869283538957,-0.02473710831782772,0.041843221440190106,0.006844321828226041,0.0025127615112413245,27.487303616484454,2021-08-13,45.193131501534694,0,0,7.611347717403621,2.0794415416798357,5.231108616854587,7.611347717403621,2.0794415416798357,5.457960062323462
2021-08-14,BTCUSDT,47799.99,48144.0,45971.03,47068.51,46114.359022,10.776578465104064,10.73887965601776,0.03537862014544977,0.04964222662494768,-0.015421439567330678,0.07380869283538957,0.04154522120117297,0.0014360380282955258,0.002527858947015156,27.512696574384417,2021-08-14,44.848888151515574,0,0,7.611347717403621,2.0794415416798357,5.231108616854587,7.611347717403621,2.0794415416798357,5.457960062323462
2021-08-15,BTCUSDT,47068.5,47372.27,45500.0,46973.82,42110.711334,10.781951798869827,10.648057413295419,0.03660345047233683,0.04638253258679497,-0.002013774690601655,-0.015421439567330678,0.03598955909537266,0.00018912132161188463,0.0024896716895815656,27.501597311466895,2021-08-15,44.35092722154004,0,0,7.611347717403621,2.0794415416798357,5.231108616854587,7.611347717403621,2.0794415416798357,5.457960062323462
2021-08-16,BTCUSDT,46973.82,48053.83,45660.0,45901.29,52480.574014,10.76579231539451,10.868198361324922,0.03620872586330187,0.043839080905921694,-0.023097203992741226,-0.002013774690601655,0.036958556486101087,0.0021252100141026034,0.002465999162023783,27.49959730225785,2021-08-16,44.12711885001028,0,0,7.611347717403621,2.0794415416798357,5.231108616854587,7.611347717403621,2.0794415416798357,5.457960062323462
2021-08-17,BTCUSDT,45901.3,47160.0,44376.0,44695.95,57039.341629,10.78007711985871,10.951496512752982,0.043461065962903576,0.043744577170167165,-0.02661032775885209,-0.023097203992741226,0.03870061062981125,0.0024298348383587987,0.002259724353566917,27.475274826776616,2021-08-17,44.208226832227986,0,0,7.611347717403621,2.0794415416798357,5.231108616854587,7.611347717403621,2.0794415416798357,5.457960062323462
2021-08-18,BTCUSDT,44695.95,46000.0,44203.28,44705.29,54099.415985,10.761301354651307,10.898578669674642,0.03565075858497942,0.041721122523870224,0.00020894564849409231,-0.02661032775885209,0.03721117010024405,1.9171825503768194e-05,0.002490275229465011,27.46121727470591,2021-08-18,44.303873815085254,0,0,7.611347717403621,2.0794415416798357,5.231108616854587,7.611347717403621,2.0794415416798357,5.457960062323462
2021-08-19,BTCUSDT,44699.37,47033.0,43927.7,46760.62,53411.75392,10.736396675471232,10.885786111588867,0.06755993516773365,0.04818082568483608,0.0449495565754806,0.00020894564849409231,0.02616647318495625,0.0041291971121523215,0.0015355337532707413,27.47719646299212,2021-08-19,43.940138335694925,0,0,7.611347717403621,2.0794415416798357,5.231108616854587,7.611347717403621,2.0794415416798357,5.457960062323462
2021-08-20,BTCUSDT,46760.62,49382.99,46622.99,49322.47,56850.352228,10.758604761975464,10.948177694902672,0.05748083258586372,0.05050582741009299,0.05333836243326847,0.0449495565754806,0.03390125088600096,0.004871894110569845,0.0019832188528714,27.528781632491377,2021-08-20,44.00418477200623,0,0,7.611347717403621,2.0794415416798357,5.231108616854587,7.611347717403621,2.0794415416798357,5.457960062323462
2021-08-21,BTCUSDT,49322.47,49757.04,48222.0,48821.87,46745.136584,10.807361311896338,10.752465499016537,0.023534132016559815,0.0437629035617097,-0.010201389940111036,0.05333836243326847,0.03453396698050547,0.0009487489116839384,0.0018411241295925005,27.550191986978657,2021-08-21,44.23707362706811,0,0,7.611347717403621,2.0794415416798357,5.231108616854587,7.611347717403621,2.0794415416798357,5.457960062323462
2021-08-22,BTCUSDT,48821.88,49500.0,48050.0,49239.22,37007.887795,10.81490724011318,10.518886352554604,0.028279410611501164,0.039892030324157564,0.008512092205915797,-0.010201389940111036,0.03139695978222195,0.0008092199041439934,0.0019580369215616905,27.547521148626586,2021-08-22,44.30788239398124,0,0,7.611347717403621,2.0794415416798357,5.231108616854587,7.611347717403621,2.0794415416798357,5.457960062323462
2021-08-23,BTCUSDT,49239.22,50500.0,49029.0,49488.85,52462.541954,10.809727948556782,10.867854707336546,0.02805954853407488,0.036933909876636896,0.005056931265299252,0.008512092205915797,0.02583868350905669,0.00046531090095320075,0.002073061592989664,27.560783715710674,2021-08-23,43.936634366781774,0,0,7.611347717403621,2.0794415416798357,5.231108616854587,7.611347717403621,2.0794415416798357,5.457960062323462
2021-08-24,BTCUSDT,49488.85,49860.0,47600.0,47674.01,51014.594748,10.829728615263452,10.839867042296612,0.02017530010577549,0.03274425743392154,-0.03736100600577641,0.005056931265299252,0.03398358471892717,0.0034466295444395816,0.0019268268881317099,27.542119406049373,2021-08-24,43.85035380113596,0,0,7.611347717403621,2.0794415416798357,5.231108616854587,7.611347717403621,2.0794415416798357,5.457960062323462
2021-08-25,BTCUSDT,47674.01,49264.3,47126.28,48973.32,44655.830342,10.816974357077548,10.706740156548177,0.04359061203529058,0.0354558460842638,0.026889274355853948,-0.03736100600577641,0.031015117315104833,0.002511434289306875,0.0017490311399798381,27.533767217350466,2021-08-25,44.07264976573345,0,0,7.611347717403621,2.0794415416798357,5.231108616854587,7.611347717403621,2.0794415416798357,5.457960062323462
2021-08-26,BTCUSDT,48973.32,49352.84,46250.0,46843.87,49371.277774,10.804954959785233,10.807124112505996,0.035089102286093535,0.03536416013472124,-0.044455503018913885,0.026889274355853948,0.02776400837950675,0.0041135368259044985,0.0015287383227757525,27.525771186972275,2021-08-26,44.12374377513225,0,0,7.611347717403621,2.0794415416798357,5.231108616854587,7.611347717403621,2.0794415416798357,5.457960062323462
2021-08-27,BTCUSDT,46843.86,49149.93,46348.0,49069.9,42068.104965,10.806750591331431,10.647045130763743,0.058549370927958394,0.04116046283303053,0.04642565518730656,-0.044455503018913885,0.035620947459313865,0.004360426260725009,0.0016659182626972227,27.525627655978212,2021-08-27,43.90838126713841,0,0,7.611347717403621,2.0794415416798357,5.231108616854587,7.611347717403621,2.0794415416798357,5.457960062323462
2021-08-28,BTCUSDT,49069.9,49299.0,48346.88,48895.35,26681.063786,10.802630701362702,10.191709371273673,0.01607144226773467,0.034888207691706564,-0.0035635122599486395,0.04642565518730656,0.03544177339794264,0.00034964814342064606,0.001772835639492044,27.545149704718607,2021-08-28,43.53125450076582,0,0,7.611347717403621,2.0794415416798357,5.231108616854587,7.611347717403621,2.0794415416798357,5.457960062323462
2021-08-29,BTCUSDT,48895.35,49632.27,47762.54,48767.83,32652.283473,10.8056590758494,10.39367007017634,0.03259857374070613,0.03431579920395646,-0.002611425769036323,-0.0035635122599486395,0.035310421095907006,0.0002512515551681368,0.0018243698736300246,27.544850916463833,2021-08-29,43.652158405671805,0,0,7.611347717403621,2.0794415416798357,5.231108616854587,7.611347717403621,2.0794415416798357,5.457960062323462
2021-08-30,BTCUSDT,48767.84,48888.61,46853.0,46982.91,40288.35083,10.812396506000153,10.603817644858184,0.014700375791794878,0.029411943350916063,-0.03728695560163383,-0.002611425769036323,0.03529578680683164,0.0035163708817375185,0.0018317725493474555,27.523893878725147,2021-08-30,43.25585570731833,0,0,7.611347717403621,2.0794415416798357,5.231108616854587,7.611347717403621,2.0794415416798357,5.457960062323462
2021-08-31,BTCUSDT,46982.91,48246.11,46700.0,47100.89,48645.52737,10.797299723996499,10.792315148547186,0.030261818636386106,0.029624412172283572,0.0025079782457921107,-0.03728695560163383,0.03254064971562947,0.0002323855642901351,0.0020557828561672377,27.513242378799482,2021-08-31,42.62703448678908,0,0,7.611347717403621,2.0794415416798357,5.231108616854587,7.611347717403621,2.0794415416798357,5.457960062323462
2021-09-01,BTCUSDT,47100.89,49156.0,46512.0,48810.52,49904.65528,10.784070481755364,10.817869569572533,0.05448015881396143,0.03583834883270304,0.03565396658703159,0.0025079782457921107,0.030201935972320588,0.003295839939438321,0.0019212720397380697,27.5243209965508,2021-09-01,41.68886771734319,0,0,7.611347717403621,2.1972245773362196,5.332718793265369,7.611347717403621,2.1972245773362196,5.3230923986686545
2021-09-02,BTCUSDT,48810.51,50450.13,48584.06,49246.64,54410.770538,10.802754193404487,10.904317401077913,0.03616972298380131,0.035921192370477605,0.008895278543618722,0.03565396658703159,0.02351298403657503,0.0008157574854469484,0.0015620585296429593,27.555013418848798,2021-09-02,41.51376872777599,0,0,7.611347717403621,2.1972245773362196,5.332718793265369,7.611347717403621,2.1972245773362196,5.3230923986686545
2021-09-03,BTCUSDT,49246.63,51000.0,48316.84,49999.14,59025.644157,10.828740602587157,10.985727275185143,0.050429478394612516,0.039548263876511336,0.015164663339698799,0.008895278543618722,0.024085964392619813,0.0013803968512811299,0.0014764254139852133,27.56052694585955,2021-09-03,41.20062222056655,0,0,7.611347717403621,2.1972245773362196,5.332718793265369,7.611347717403621,2.1972245773362196,5.3230923986686545
2021-09-04,BTCUSDT,49998.0,50535.69,49370.0,49915.64,34664.65959,10.839580911706463,10.45347599133703,0.019711985471323298,0.03458919427521433,-0.0016714247769793876,0.015164663339698799,0.02403955302059298,0.00015989176981556424,0.0014932695254284197,27.566633732500872,2021-09-04,40.906372743755874,0,0,7.611347717403621,2.1972245773362196,5.332718793265369,7.611347717403621,2.1972245773362196,5.3230923986686545
2021-09-05,BTCUSDT,49917.54,51900.0,49450.0,51756.88,40544.835873,10.830435098318784,10.610163699349746,0.04808729054275478,0.03796371834209944,0.036222989665486205,-0.0016714247769793876,0.016374594761542748,0.0034139897075957616,0.0014668878765177812,27.582633636176258,2021-09-05,40.898439445279664,0,0,7.611347717403621,2.1972245773362196,5.332718793265369,7.611347717403621,2.1972245773362196,5.3230923986686545
2021-09-06,BTCUSDT,51756.88,52780.0,50969.33,52663.9,49249.667081,10.85707406915398,10.804657886800738,0.03442121876021141,0.037078093446627436,0.017372841164721087,0.036222989665486205,0.014965473826415592,0.0016079029384117953,0.0013199621975800509,27.607739426106868,2021-09-06,41.05480217281692,0,0,7.611347717403621,2.1972245773362196,5.332718793265369,7.611347717403621,2.1972245773362196,5.3230923986686545
2021-09-07,BTCUSDT,52666.2,52920.0,42843.05,46863.73,123048.802719,10.873887610057315,11.720336325735294,0.13975854070886287,0.0627482052621863,-0.11668618261666851,0.017372841164721087,0.05525462134831773,0.009955873225280335,0.0036298697157644048,27.544836723912198,2021-09-07,41.69905014079528,0,0,7.611347717403621,2.1972245773362196,5.332718793265369,7.611347717403621,2.1972245773362196,5.3230923986686545
2021-09-08,BTCUSDT,46868.57,47340.99,44412.02,46048.31,65069.3152,10.876536618228892,11.08320836838263,0.050876383953673235,0.05978024993505804,-0.017552965928858206,-0.11668618261666851,0.05480680779541087,0.0015837441059875794,0.003554908627511263,27.490541070585333,2021-09-08,41.2435487286221,0,0,7.611347717403621,2.1972245773362196,5.332718793265369,7.611347717403621,2.1972245773362196,5.3230923986686545
2021-09-09,BTCUSDT,46048.31,47399.97,45513.08,46395.14,50651.66002,10.765131795396838,10.832727283473425,0.03741156946948665,0.05418807981866519,0.007503649579212201,-0.017552965928858206,0.054155346115242246,0.0006926833273703737,0.003628552982314986,27.491116000474495,2021-09-09,40.42475750395288,0,0,7.611347717403621,2.1972245773362196,5.332718793265369,7.611347717403621,2.1972245773362196,5.3230923986686545
2021-09-10,BTCUSDT,46395.14,47033.0,44132.29,44850.91,49048.26618,10.766376874771575,10.800560116356522,0.04094983353146623,0.05087851824686545,-0.03385083421309653,0.007503649579212201,0.054464755978091216,0.0031341739547222506,0.003373137154263291,27.477744864758783,2021-09-10,40.590786635198675,0,0,7.611347717403621,2.1972245773362196,5.332718793265369,7.611347717403621,2.1972245773362196,5.3230923986686545
2021-09-11,BTCUSDT,44842.2,45987.93,44722.22,45173.69,30440.4081,10.758604761975464,10.323526218587462,0.027037437158115157,0.044918247974677875,0.007170959564001218,-0.03385083421309653,0.04978875119090814,0.0006946230786036982,0.00354869279715476,27.468692484344924,2021-09-11,40.50471690005975,0,0,7.611347717403621,2.1972245773362196,5.332718793265369,7.611347717403621,2.1972245773362196,5.3230923986686545
2021-09-12,BTCUSDT,45173.68,46460.0,44742.06,46025.24,32094.28052,10.736134249736264,10.376433116295669,0.03646022872670133,0.04280374316268374,0.018675103944809108,0.007170959564001218,0.050000628696875396,0.0017997614146889062,0.0035350749546440774,27.478056324566634,2021-09-12,40.31613116020148,0,0,7.611347717403621,2.1972245773362196,5.332718793265369,7.611347717403621,2.1972245773362196,5.3230923986686545
2021-09-13,BTCUSDT,46025.23,46880.0,43370.0,44940.73,65429.15056,10.7463470063244,11.088723165355548,0.05954896163929763,0.04699004778183721,-0.023845431156868973,0.018675103944809108,0.020911633913152806,0.0021504217213546423,0.0009279210711800868,27.471810844580155,2021-09-13,40.56747084933862,0,0,7.611347717403621,2.1972245773362196,5.332718793265369,7.611347717403621,2.1972245773362196,5.3230923986686545
2021-09-14,BTCUSDT,44940.72,47250.0,44594.44,47111.52,44855.85099,10.755346424250893,10.711209315834374,0.05764688484231885,0.049654257046957626,0.047173046597374216,-0.023845431156868973,0.029357879149878877,0.004404082228851446,0.0014431873152680073,27.48693091812952,2021-09-14,40.847498958808,0,0,7.611347717403621,2.1972245773362196,5.332718793265369,7.611347717403621,2.1972245773362196,5.3230923986686545
2021-09-15,BTCUSDT,47103.28,48500.0,46682.32,48121.41,43204.71174,10.763207932921889,10.673704836340269,0.037266060288115806,0.04655720785724717,0.021209635319469546,0.047173046597374216,0.030223744544835153,0.0019870921713384918,0.001268694695420695,27.518135287243016,2021-09-15,40.81280849776081,0,0,7.611347717403621,2.1972245773362196,5.332718793265369,7.611347717403621,2.1972245773362196,5.3230923986686545
2021-09-16,BTCUSDT,48121.4,48557.0,47021.1,47737.82,40725.08895,10.789319076925574,10.614599617629922,0.025289344650388484,0.0412402420555325,-0.00800323656818104,0.021209635319469546,0.024736361189075344,0.000753983838908852,0.0013484593321704565,27.52642337606155,2021-09-16,40.844166974802484,0,0,7.611347717403621,2.1972245773362196,5.332718793265369,7.611347717403621,2.1972245773362196,5.3230923986686545
2021-09-17,BTCUSDT,47737.81,48150.0,46699.56,47299.98,34461.92776,10.790493644582789,10.447610450478923,0.023321140714142752,0.03676046672018506,-0.009214083189828333,-0.00800323656818104,0.026034091628883725,0.0008819321158175414,0.0013149179552651663,27.515616528250817,2021-09-17,41.12962532600548,0,0,7.611347717403621,2.1972245773362196,5.332718793265369,7.611347717403621,2.1972245773362196,5.3230923986686545
2021-09-18,BTCUSDT,47299.98,48843.2,47035.56,48292.74,30906.47038,10.782076417226271,10.338720838376263,0.03685920846967209,0.036785152157556816,0.02077136613693967,-0.009214083189828333,0.026224752334742987,0.0020090847273715436,0.0013114355651573774,27.52670462508183,2021-09-18,41.38181976155094,0,0,7.611347717403621,2.1972245773362196,5.332718793265369,7.611347717403621,2.1972245773362196,5.3230923986686545
2021-09-19,BTCUSDT,48292.75,48372.83,46829.18,47241.75,29847.24349,10.796370446143815,10.303847769163015,0.01799103955115587,0.03208662400595658,-0.0220032032815168,0.02077136613693967,0.025784209118667887,0.0021354355940085986,0.0013111771050588498,27.52320368864214,2021-09-19,41.40778316409712,0,0,7.611347717403621,2.1972245773362196,5.332718793265369,7.611347717403621,2.1972245773362196,5.3230923986686545
2021-09-20,BTCUSDT,47241.75,47347.25,42500.0,43015.62,78003.524443,10.7866935714448,11.264509289817576,0.03894199445876184,0.03380046661915789,-0.09371472997414354,-0.0220032032815168,0.0422328347668634,0.008319468479541839,0.0028274717291424576,27.4654453564091,2021-09-20,41.83679428308984,0,0,7.611347717403621,2.1972245773362196,5.332718793265369,7.611347717403621,2.1972245773362196,5.3230923986686545
2021-09-21,BTCUSDT,43016.64,43639.0,39600.0,40734.38,84534.080485,10.765264018786125,11.34491005138299,0.0610937271788501,0.04062378175908095,-0.054490852225822076,-0.09371472997414354,0.040465487294659,0.004803110115375434,0.0029213774102062164,27.389515318061548,2021-09-21,41.78238669064826,0,0,7.611347717403621,2.1972245773362196,5.332718793265369,7.611347717403621,2.1972245773362196,5.3230923986686545
2021-09-22,BTCUSDT,40734.09,44000.55,40565.39,43543.61,58349.05542,10.683706524927356,10.974198449408865,0.08101997023349322,0.05072282887768402,0.06669051131367976,-0.054490852225822076,0.05619670305903379,0.0060770280053822155,0.0028555564571838333,27.40144341808061,2021-09-22,41.54685154800208,0,0,7.611347717403621,2.1972245773362196,5.332718793265369,7.611347717403621,2.1972245773362196,5.3230923986686545
2021-09-23,BTCUSDT,43546.37,44978.0,43069.09,44865.26,48699.57655,10.691957412822275,10.793425613961011,0.043047843048489166,0.04880408242038531,0.029900811262542855,0.06669051131367976,0.059234323415448,0.0027702800141474033,0.0025228664245424007,27.445909710728337,2021-09-23,41.06282470847257,0,0,7.611347717403621,2.1972245773362196,5.332718793265369,7.611347717403621,2.1972245773362196,5.3230923986686545
2021-09-24,BTCUSDT,44865.26,45200.0,40675.0,42810.57,84113.426292,10.713928760318431,11.339921479972718,0.07616725945132125,0.05564487667811929,-0.04687874118217047,0.029900811262542855,0.05891562531862112,0.0041339564180371425,0.002263994165883425,27.428995331019927,2021-09-24,41.16834839291345,0,0,7.611347717403621,2.1972245773362196,5.332718793265369,7.611347717403621,2.1972245773362196,5.3230923986686545
2021-09-25,BTCUSDT,42810.58,42966.84,41646.28,42670.64,33594.57189,10.718852365820323,10.422119782007687,0.02799530561103858,0.048732483911349114,-0.00327393879868255,-0.04687874118217047,0.059288508928003136,0.00031413367598543063,0.0027480236547468653,27.409461993453338,2021-09-25,41.240312018954,0,0,7.611347717403621,2.1972245773362196,5.332718793265369,7.611347717403621,2.1972245773362196,5.3230923986686545
2021-09-26,BTCUSDT,42670.63,43950.0,40750.0,43160.9,49879.99765,10.66818393438602,10.8173753526809,0.0698603314597559,0.054014445798450814,0.011423896898211428,-0.00327393879868255,0.04614733263722366,0.0010560691966171084,0.0022283853304221305,27.411876207731048,2021-09-26,41.45772959872152,0,0,7.611347717403621,2.1972245773362196,5.332718793265369,7.611347717403621,2.1972245773362196,5.3230923986686545
2021-09-27,BTCUSDT,43160.9,44350.0,42098.0,42147.35,39776.84383,10.690807903113322,10.591040208636901,0.038019877238795505,0.050015803658536986,-0.023763181042317418,0.011423896898211428,0.04012833832255467,0.0022437060547592625,0.002099644360701904,27.41880826204382,2021-09-27,41.522633988145685,0,0,7.611347717403621,2.1972245773362196,5.332718793265369,7.611347717403621,2.1972245773362196,5.3230923986686545
2021-09-28,BTCUSDT,42147.35,42787.38,40888.0,41026.54,43372.2624,10.699867987737726,10.677575400559938,0.02805263831221565,0.04452501232195665,-0.026952637413386934,-0.023763181042317418,0.02804682487543883,0.002524228244922862,0.0013441256903268376,27.389543010613483,2021-09-28,41.801441580853826,0,0,7.611347717403621,2.1972245773362196,5.332718793265369,7.611347717403621,2.1972245773362196,5.3230923986686545
2021-09-29,BTCUSDT,41025.01,42590.0,40753.88,41524.28,33511.53487,10.663998478277103,10.419644983024702,0.04211880678151002,0.043923460936844995,0.012059142038448096,-0.026952637413386934,0.02356824950470164,0.0011573467290003068,0.0013621260334928155,27.383932685455463,2021-09-29,41.697336469383934,0,0,7.611347717403621,2.1972245773362196,5.332718793265369,7.611347717403621,2.1972245773362196,5.3230923986686545
2021-09-30,BTCUSDT,41524.29,44141.37,41410.17,43824.1,46381.22781,10.65937476291726,10.74465008329224,0.06371533793747416,0.04887143018700229,0.053905577976211407,0.012059142038448096,0.029638963107659386,0.005016969148212069,0.001665127907576779,27.413407902291635,2021-09-30,41.814921225374015,0,0,7.611347717403621,2.1972245773362196,5.332718793265369,7.611347717403621,2.1972245773362196,5.3230923986686545
2021-10-01,BTCUSDT,43820.01,48495.0,43283.03,48141.61,66244.87492,10.695152716936683,11.10111338115794,0.11330279976637812,0.06497927258184624,0.09396298154418624,0.053905577976211407,0.046639932315628345,0.008464284465706908,0.002859664677155432,27.48624083050185,2021-10-01,42.05675835992077,0,0,7.611347717403621,2.302585092994046,5.293304824724492,7.611347717403621,2.302585092994046,5.335313618478648
2021-10-02,BTCUSDT,48141.6,48336.59,47430.18,47634.9,30508.98131,10.789215978827643,10.325776388428292,0.011859178851626245,0.05169924914929124,-0.01058119005719298,0.09396298154418624,0.048295000905585576,0.0010247355413439828,0.0028648479960516767,27.52444651107147,2021-10-02,41.70258293584075,0,0,7.611347717403621,2.302585092994046,5.293304824724492,7.611347717403621,2.302585092994046,5.335313618478648
2021-10-03,BTCUSDT,47634.89,49228.08,47088.0,48200.01,30825.05601,10.785944109775063,10.336083145062524,0.041614204015951735,0.04917798786595637,0.01179354266560912,-0.01058119005719298,0.04439983386676683,0.0011410069462572789,0.00298702663012798,27.52768408900244,2021-10-03,41.47042747606052,0,0,7.611347717403621,2.302585092994046,5.293304824724492,7.611347717403621,2.302585092994046,5.335313618478648
2021-10-04,BTCUSDT,48200.01,49536.12,46891.0,49224.94,46796.49372,10.804219471382318,10.753563558586237,0.05327199347373402,0.05020148926790078,0.02104117710619458,0.01179354266560912,0.03752969403531057,0.001956670176501086,0.003022299748670973,27.53602117410975,2021-10-04,41.78415490864864,0,0,7.611347717403621,2.302585092994046,5.293304824724492,7.611347717403621,2.302585092994046,5.335313618478648
2021-10-05,BTCUSDT,49224.93,51886.3,49022.4,51471.99,52125.66793,10.810457379427085,10.8614127730238,0.056485624106170064,0.0517725229774681,0.04463737058465869,0.02104117710619458,0.03669929388687213,0.004109720486410694,0.002874226989088245,27.57970089120259,2021-10-05,42.58826173239077,0,0,7.611347717403621,2.302585092994046,5.293304824724492,7.611347717403621,2.302585092994046,5.335313618478648
2021-10-06,BTCUSDT,51471.99,55750.0,50382.41,55315.0,79877.545181,10.856810065136502,11.288250055723033,0.1004041248832727,0.06393042345391925,0.07200634327060802,0.04463737058465869,0.03914822222495953,0.006378875637513142,0.0030548206677785622,27.630135373173825,2021-10-06,43.58181075190583,0,0,7.611347717403621,2.302585092994046,5.293304824724492,7.611347717403621,2.302585092994046,5.335313618478648
2021-10-07,BTCUSDT,55315.0,55332.31,53357.0,53785.22,54917.37766,10.928632689322365,10.913585110380666,0.017304691335401173,0.05227399042428973,-0.02804541125150523,0.07200634327060802,0.03635852672236792,0.0025697707002650576,0.0020575512460390337,27.656722085267702,2021-10-07,44.148129083097814,0,0,7.611347717403621,2.302585092994046,5.293304824724492,7.611347717403621,2.302585092994046,5.335313618478648
2021-10-08,BTCUSDT,53785.22,56100.0,53617.61,53951.43,46160.25785,10.921112284523652,10.739874487171578,0.04389104235667601,0.0501782534073863,0.00308548914159256,-0.02804541125150523,0.03455763058130813,0.0002872928492114199,0.002206022803182032,27.65115292075669,2021-10-08,43.74054467164183,0,0,7.611347717403621,2.302585092994046,5.293304824724492,7.611347717403621,2.302585092994046,5.335313618478648
2021-10-09,BTCUSDT,53955.67,55489.0,53661.67,54949.72,55177.08013,10.934891091510787,10.918302931003323,0.03267935771280319,0.04580352948374052,0.018334387918285084,0.00308548914159256,0.03432082576985707,0.0016792342211190388,0.0021378609967779047,27.653750820197036,2021-10-09,43.68212136068675,0,0,7.611347717403621,2.302585092994046,5.293304824724492,7.611347717403621,2.302585092994046,5.335313618478648
2021-10-10,BTCUSDT,54949.72,56561.31,54080.0,54659.0,89237.836128,10.92394008189247,11.399060400471223,0.03829718888982336,0.04392694433526123,-0.005304699876692706,0.018334387918285084,0.036084006999492685,0.00046536290626843387,0.0023371419762869723,27.66449704907069,2021-10-10,44.402654910121306,0,0,7.611347717403621,2.302585092994046,5.293304824724492,7.611347717403621,2.302585092994046,5.335313618478648
2021-10-11,BTCUSDT,54659.01,57839.04,54415.06,57471.35,52933.165751,10.943080461546932,10.876785373208953,0.060788838072536204,0.048142417769579976,0.05017267734198954,-0.005304699876692706,0.03697774147713557,0.004612822228300273,0.0024107915394482823,27.68256664822851,2021-10-11,45.086405903949206,0,0,7.611347717403621,2.302585092994046,5.293304824724492,7.611347717403621,2.302585092994046,5.335313618478648
2021-10-12,BTCUSDT,57471.35,57680.0,53879.0,55996.93,53471.2855,10.965419259184532,10.886900069172393,0.05230367015177756,0.04918273086512937,-0.02598969495671528,0.05017267734198954,0.029421404154172097,0.0023872447429097218,0.0015932861713923137,27.689639620944135,2021-10-12,45.53986094057696,0,0,7.611347717403621,2.302585092994046,5.293304824724492,7.611347717403621,2.302585092994046,5.335313618478648
2021-10-13,BTCUSDT,55996.91,57777.0,54167.19,57367.0,55808.44492,10.96266577195883,10.929680479570589,0.06265501322963099,0.05255080145625478,0.024172357303921338,-0.02598969495671528,0.02629879563769353,0.0022116252482498036,0.001574279450216282,27.691007573444512,2021-10-13,45.20738572914211,0,0,7.611347717403621,2.302585092994046,5.293304824724492,7.611347717403621,2.302585092994046,5.335313618478648
2021-10-14,BTCUSDT,57370.83,58532.54,56818.05,57347.94,43053.336781,10.964346051592322,10.67019501628307,0.026188634396291956,0.04596025969126407,-0.00033230196825961595,0.024172357303921338,0.02653384811310753,3.114300795369833e-05,0.0016305485843402896,27.711666384883447,2021-10-14,44.97415298837231,0,0,7.611347717403621,2.302585092994046,5.293304824724492,7.611347717403621,2.302585092994046,5.335313618478648
2021-10-15,BTCUSDT,57347.94,62933.0,56850.0,61672.42,82512.908022,10.977338117892442,11.320710020956774,0.10078280380879823,0.05966589572064761,0.07269990621610015,-0.00033230196825961595,0.037068484652372315,0.006421850403509928,0.00244797753675646,27.748912441701005,2021-10-15,45.51138108231267,0,0,7.611347717403621,2.302585092994046,5.293304824724492,7.611347717403621,2.302585092994046,5.335313618478648
2021-10-16,BTCUSDT,61672.42,62378.42,60150.0,60875.57,35467.88096,11.049825947401231,10.476382804229463,0.026716681492501282,0.05142859216361102,-0.013004884546981205,0.07269990621610015,0.03820396596502324,0.0012413525536438923,0.002324424806953966,27.774799344273564,2021-10-16,46.11426557858846,0,0,7.611347717403621,2.302585092994046,5.293304824724492,7.611347717403621,2.302585092994046,5.335313618478648
2021-10-17,BTCUSDT,60875.57,61718.39,58963.0,61528.33,39099.24124,11.040974661210047,10.573858340158568,0.044580943532551896,0.04971668000584624,0.010665774343540647,-0.013004884546981205,0.0347924685673411,0.0010086927591069564,0.0022315754162746176,27.766533680764972,2021-10-17,46.32328378490556,0,0,7.611347717403621,2.302585092994046,5.293304824724492,7.611347717403621,2.302585092994046,5.335313618478648
2021-10-18,BTCUSDT,61528.32,62695.78,59844.45,62009.84,51798.44844,11.030337220589228,10.855115474903224,0.043141761609727304,0.04807295040681651,0.007795362977312687,0.010665774343540647,0.029931494466437673,0.0007181280563376213,0.002308804978763672,27.778432125580633,2021-10-18,46.779089005601605,0,0,7.611347717403621,2.302585092994046,5.293304824724492,7.611347717403621,2.302585092994046,5.335313618478648
2021-10-19,BTCUSDT,62005.6,64486.0,61322.22,64280.59,53628.107744,11.046049419730755,10.889828607819158,0.04995322558870479,0.04854301920228858,0.035964637291379095,0.007795362977312687,0.030869159796245358,0.0033025898374154047,0.002376553254779029,27.803318355534817,2021-10-19,47.20198872180086,0,0,7.611347717403621,2.302585092994046,5.293304824724492,7.611347717403621,2.302585092994046,5.335313618478648
2021-10-20,BTCUSDT,64280.59,67000.0,63481.4,66001.41,51428.934856,11.074203424960611,10.847956227996455,0.05217534991816252,0.049451101881257065,0.0264183860137485,0.035964637291379095,0.029422573331536334,0.0024353330211240904,0.0021452166681848045,27.83739426054821,2021-10-20,47.16305391611665,0,0,7.611347717403621,2.302585092994046,5.293304824724492,7.611347717403621,2.302585092994046,5.335313618478648
2021-10-21,BTCUSDT,66001.4,66639.74,62000.0,62193.15,68538.64537,11.112447898373103,11.135153031153918,0.02981860443140121,0.0445429775187931,-0.05943124037142096,0.0264183860137485,0.03422084021408573,0.005337263008882259,0.0017623351001644597,27.813756805193893,2021-10-21,46.35256525833205,0,0,7.611347717403621,2.302585092994046,5.293304824724492,7.611347717403621,2.302585092994046,5.335313618478648
2021-10-22,BTCUSDT,62193.15,63732.39,60000.0,60688.22,52119.35886,11.107056375272489,10.861291729935186,0.0434147882458521,0.04426093020055785,-0.024495255024330125,-0.05943124037142096,0.03548638913035371,0.002255280093141951,0.0016826645195975973,27.781518613414963,2021-10-22,45.59150287099615,0,0,7.611347717403621,2.302585092994046,5.293304824724492,7.611347717403621,2.302585092994046,5.335313618478648
2021-10-23,BTCUSDT,60688.23,61747.64,59562.15,61286.75,27626.93678,11.062448189566558,10.226546546045743,0.034032791760193776,0.04170389559046683,0.009814059457965237,-0.024495255024330125,0.035434390343493355,0.0009596650652081566,0.0016915063964333442,27.768222577462396,2021-10-23,45.004367172520006,0,0,7.611347717403621,2.302585092994046,5.293304824724492,7.611347717403621,2.302585092994046,5.335313618478648
2021-10-24,BTCUSDT,61286.75,61500.0,59510.63,60852.22,31226.57676,11.030811035136391,10.349024830436235,0.027745907852331525,0.038214398655933006,-0.007115367573461971,0.009814059457965237,0.035245518016087246,0.0006875399073868143,0.001697989498227088,27.767427722773245,2021-10-24,44.86951187553772,0,0,7.611347717403621,2.302585092994046,5.293304824724492,7.611347717403621,2.302585092994046,5.335313618478648
2021-10-25,BTCUSDT,60852.22,63710.63,60650.0,63078.78,36853.83806,11.02679245379461,10.514715045789531,0.04889368305114257,0.0408842197547354,0.03593611946449075,-0.007115367573461971,0.03523919117925301,0.003417697893665778,0.0017095326319448768,27.788442144346078,2021-10-25,45.05630275794755,0,0,7.611347717403621,2.302585092994046,5.293304824724492,7.611347717403621,2.302585092994046,5.335313618478648
2021-10-26,BTCUSDT,63078.78,63293.48,59817.55,60328.81,40217.50083,11.062106703619168,10.602057523902245,0.0253715619299216,0.037006055298531945,-0.044574653976376374,0.03593611946449075,0.03524583779835883,0.00420433994777742,0.0018404797632751173,27.78127309228732,2021-10-26,44.644149030479156,0,0,7.611347717403621,2.302585092994046,5.293304824724492,7.611347717403621,2.302585092994046,5.335313618478648
2021-10-27,BTCUSDT,60328.81,61496.0,58000.0,58413.44,62124.49016,11.055537601247462,11.036895556685174,0.03743231278343601,0.037112619669757964,-0.03226376706842764,-0.044574653976376374,0.02970193794794153,0.0029232646900318906,0.0013851213030844302,27.74778816328813,2021-10-27,44.62064716928124,0,0,7.611347717403621,2.302585092994046,5.293304824724492,7.611347717403621,2.302585092994046,5.335313618478648
2021-10-28,BTCUSDT,58413.44,62499.0,57820.0,60575.89,61056.35301,11.026727411028968,11.019552536532597,0.07573746179459341,0.046768830200966824,0.03635095878154798,-0.03226376706842764,0.034020639309822076,0.003298769043573719,0.0014269931269658336,27.75018401081499,2021-10-28,44.38881536429628,0,0,7.611347717403621,2.302585092994046,5.293304824724492,7.611347717403621,2.302585092994046,5.335313618478648
2021-10-29,BTCUSDT,60575.9,62980.0,60174.81,62253.71,43973.90414,11.04290583559649,10.691351649227029,0.04470980082742769,0.04625407285758204,0.027321172837900806,0.03635095878154798,0.03576836191615671,0.0025554460964602255,0.0011938380709641905,27.779403167190445,2021-10-29,44.152705097159156,0,0,7.611347717403621,2.302585092994046,5.293304824724492,7.611347717403621,2.302585092994046,5.335313618478648
2021-10-30,BTCUSDT,62253.7,62359.25,60673.0,61859.19,31478.12566,11.050572494655016,10.357048160097987,0.02333261907365648,0.04052370941160065,-0.006357458874696461,0.027321172837900806,0.03572846701564121,0.0006138292278285895,0.001220594054247479,27.784389216761813,2021-10-30,44.274496249209164,0,0,7.611347717403621,2.302585092994046,5.293304824724492,7.611347717403621,2.302585092994046,5.335313618478648
2021-10-31,BTCUSDT,61859.19,62405.3,59945.36,61299.8,39267.63794,11.040667296159043,10.578155996539692,0.03249103268766532,0.03851554023061682,-0.009084092793678443,-0.006357458874696461,0.03188173686827415,0.0008587595793302741,0.001409023246428663,27.778187594551937,2021-10-31,44.20911179684616,0,0,7.611347717403621,2.302585092994046,5.293304824724492,7.611347717403621,2.302585092994046,5.335313618478648
2021-11-01,BTCUSDT,61299.81,62437.74,59405.0,60911.11,44687.66672,11.041405486648106,10.707452830226607,0.04125468779436079,0.03920032712155281,-0.006360992003154558,-0.009084092793678443,0.025521798396870084,0.0005940714476180361,0.0012510479282341475,27.772419875744387,2021-11-01,43.87547584953231,0,0,7.611347717403621,2.3978952727983707,5.5093883366279774,7.611347717403621,2.3978952727983707,5.481935343459496
2021-11-02,BTCUSDT,60911.12,64270.0,60624.68,63219.99,46368.2841,11.041925179227366,10.744370972172032,0.05772218082809427,0.04383079054818818,0.03720496031871912,-0.006360992003154558,0.022686195402153393,0.003462739737401113,0.001361773947338219,27.792372088643443,2021-11-02,43.69520018341808,0,0,7.611347717403621,2.3978952727983707,5.5093883366279774,7.611347717403621,2.3978952727983707,5.481935343459496
2021-11-03,BTCUSDT,63220.57,63500.0,60382.76,62896.48,43336.09049,11.070848238365333,10.676741065437826,0.04577291409334282,0.044316321434476835,-0.005130348313391929,0.03720496031871912,0.020419766464052733,0.00048051631878566557,0.0012642286343321784,27.79570696763113,2021-11-03,43.3265457637299,0,0,7.611347717403621,2.3978952727983707,5.5093883366279774,7.611347717403621,2.3978952727983707,5.481935343459496
2021-11-04,BTCUSDT,62896.49,63086.31,60677.01,61395.01,35930.93314,11.058795184880783,10.489353850825152,0.023236945468607505,0.0390464774430095,-0.024161638804099172,-0.005130348313391929,0.020618250260473474,0.0023034439630615073,0.0012227699613996197,27.788556661525817,2021-11-04,43.10750619125326,0,0,7.611347717403621,2.3978952727983707,5.5093883366279774,7.611347717403621,2.3978952727983707,5.481935343459496
2021-11-05,BTCUSDT,61395.01,62595.72,60721.0,60937.12,31604.48749,11.052259067779907,10.36105439866987,0.025063111077685635,0.03555063585167853,-0.007486048650989339,-0.024161638804099172,0.020667594756955194,0.0007225180336810492,0.0012097866978005554,27.78052235990394,2021-11-05,42.915173022193585,0,0,7.611347717403621,2.3978952727983707,5.5093883366279774,7.611347717403621,2.3978952727983707,5.481935343459496
2021-11-06,BTCUSDT,60940.18,61560.49,60050.0,61470.61,25590.57408,11.044452184143784,10.14997936266539,0.024406156607445856,0.03276451604062036,0.008716661568431403,-0.007486048650989339,0.020811089335895563,0.0008587861370924408,0.001209784305403528,27.77261356069042,2021-11-06,42.793912286348814,0,0,7.611347717403621,2.3978952727983707,5.5093883366279774,7.611347717403621,2.3978952727983707,5.481935343459496
2021-11-07,BTCUSDT,61470.62,63286.35,61322.78,63273.59,25515.6883,11.027775547635237,10.147048769422677,0.031510573595325046,0.032451030429296535,0.02890884809094554,0.008716661568431403,0.023326918594348142,0.0028489907506959117,0.0012572913150378888,27.794102848433994,2021-11-07,42.805987507203554,0,0,7.611347717403621,2.3978952727983707,5.5093883366279774,7.611347717403621,2.3978952727983707,5.481935343459496
2021-11-08,BTCUSDT,63273.58,67789.0,63273.58,67525.83,54442.094554,11.055424945068234,10.904892930566055,0.0689320754390761,0.041571291681741424,0.06504216884637133,0.02890884809094554,0.03188967680299648,0.005964494035889181,0.0020756522562913513,27.842671167861326,2021-11-08,43.494323402244234,0,0,7.611347717403621,2.3978952727983707,5.5093883366279774,7.611347717403621,2.3978952727983707,5.481935343459496
2021-11-09,BTCUSDT,67525.82,68524.25,66222.4,66947.66,44661.378068,11.124155218877943,10.706864381792245,0.026717508647377944,0.03785784592315056,-0.008599071276880508,0.06504216884637133,0.03226936612882061,0.0008031362843732117,0.0020258925730739985,27.87034107168097,2021-11-09,43.86953314523618,0,0,7.611347717403621,2.3978952727983707,5.5093883366279774,7.611347717403621,2.3978952727983707,5.481935343459496
2021-11-10,BTCUSDT,66947.67,69000.0,62822.9,64882.43,65171.504046,11.134942976200474,11.084777597869383,0.06987992337665218,0.04586336528652596,-0.03133425720348249,-0.008599071276880508,0.03389771941202447,0.002826782669009551,0.002039859774205988,27.849328284525892,2021-11-10,43.87621040803022,0,0,7.611347717403621,2.3978952727983707,5.5093883366279774,7.611347717403621,2.3978952727983707,5.481935343459496
2021-11-11,BTCUSDT,64882.42,65600.07,64100.0,64774.26,37237.98058,11.141861783579396,10.525084502745576,0.019529714622419755,0.03927995262049941,-0.0016685606442103456,-0.03133425720348249,0.03340432338955086,0.00015853180502019574,0.002139710579160508,27.83328331802335,2021-11-11,43.46641319120135,0,0,7.611347717403621,2.3978952727983707,5.5093883366279774,7.611347717403621,2.3978952727983707,5.481935343459496
2021-11-12,BTCUSDT,64774.25,65450.7,62278.0,64122.23,44490.10816,11.091332042004781,10.703022154905247,0.040781183118994604,0.03965526024512321,-0.010117196545531833,-0.0016685606442103456,0.03443797521625049,0.0009452654025288617,0.0021287812935958297,27.823241885208482,2021-11-12,43.21919707255606,0,0,7.611347717403621,2.3978952727983707,5.5093883366279774,7.611347717403621,2.3978952727983707,5.481935343459496
2021-11-13,BTCUSDT,64122.22,65000.0,63360.22,64380.0,22504.97383,11.089052466468019,10.021491622873658,0.023200842988184377,0.035541655930888504,0.004011920193832118,-0.010117196545531833,0.032733520953678645,0.0004003316417163957,0.002225319596555327,27.82353031823728,2021-11-13,43.191860214815335,0,0,7.611347717403621,2.3978952727983707,5.5093883366279774,7.611347717403621,2.3978952727983707,5.481935343459496
2021-11-14,BTCUSDT,64380.01,65550.51,63576.27,65519.1,25705.07347,11.082142548877775,10.154443662684315,0.0304820957205837,0.034276765878312306,0.01753867731607232,0.004011920193832118,0.01632747717526229,0.001727192340484756,0.0009850627645933713,27.83163350602674,2021-11-14,43.34997651370374,0,0,7.611347717403621,2.3978952727983707,5.5093883366279774,7.611347717403621,2.3978952727983707,5.481935343459496
2021-11-15,BTCUSDT,65519.11,66401.82,63400.0,63606.74,37829.37124,11.090576269481945,10.540841096817525,0.026946697423224145,0.032444248764540266,-0.029622263612827583,0.01753867731607232,0.0192426191057348,0.002810237185130425,0.0011698152818446744,27.831025144244222,2021-11-15,43.441665218686815,0,0,7.611347717403621,2.3978952727983707,5.5093883366279774,7.611347717403621,2.3978952727983707,5.481935343459496
2021-11-16,BTCUSDT,63606.73,63617.31,58574.07,60058.87,77455.15609,11.103479744727442,11.257454416773085,0.04557574009211005,0.03572712159643271,-0.057394191714532264,-0.029622263612827583,0.02685434368382767,0.0050983277026658514,0.001858475320389424,27.780061778758323,2021-11-16,43.59647807786294,0,0,7.611347717403621,2.3978952727983707,5.5093883366279774,7.611347717403621,2.3978952727983707,5.481935343459496
2021-11-17,BTCUSDT,60058.87,60840.23,58373.0,60344.87,46289.38491,11.06064088210805,10.742667946185898,0.0384839139725048,0.036416319690450734,0.004750691928607092,-0.057394191714532264,0.02750998095777948,0.0004422264517906642,0.0018095982257524065,27.75453841908958,2021-11-17,43.697884521695336,0,0,7.611347717403621,2.3978952727983707,5.5093883366279774,7.611347717403621,2.3978952727983707,5.481935343459496
2021-11-18,BTCUSDT,60344.86,60976.0,56474.26,56891.62,62146.99931,11.01600652677371,11.037257814357343,0.03586207035693153,0.036277757357070936,-0.058927885424531284,0.004750691928607092,0.03348012519758337,0.00533899691532778,0.002192550802162687,27.73353431613871,2021-11-18,43.630242956644025,0,0,7.611347717403621,2.3978952727983707,5.5093883366279774,7.611347717403621,2.3978952727983707,5.481935343459496
2021-11-19,BTCUSDT,56891.62,58320.0,55600.0,58052.24,50715.88726,11.018235623113641,10.833994498678257,0.04664245168559508,0.038868930939201976,0.020195240460608506,-0.058927885424531284,0.03632658378214543,0.0018640622775904416,0.0019634838997598554,27.706720169390053,2021-11-19,43.08891754554169,0,0,7.611347717403621,2.3978952727983707,5.5093883366279774,7.611347717403621,2.3978952727983707,5.481935343459496
2021-11-20,BTCUSDT,58057.1,59845.0,57353.0,59707.51,33811.5901,10.97370036668254,10.428558925060393,0.04220151911670914,0.03970207798357877,0.028114513307780045,0.020195240460608506,0.03854090580379923,0.0026959154673057793,0.0018880956492695782,27.735760967002513,2021-11-20,42.74872807944563,0,0,7.611347717403621,2.3978952727983707,5.5093883366279774,7.611347717403621,2.3978952727983707,5.481935343459496
2021-11-21,BTCUSDT,59707.52,60029.76,58486.65,58622.02,31902.22785,10.999513165307471,10.370431124892331,0.013708816620648701,0.03320376264284625,-0.018347414213866074,0.028114513307780045,0.03798434715938493,0.0017692045772163172,0.00196007245031327,27.743533584593973,2021-11-21,42.81184543497485,0,0,7.611347717403621,2.3978952727983707,5.5093883366279774,7.611347717403621,2.3978952727983707,5.481935343459496
2021-11-22,BTCUSDT,58617.7,59444.0,55610.0,56247.18,51724.32047,11.002595718236897,10.853683365166404,0.03915831041865433,0.034692399586798275,-0.0413544874234942,-0.018347414213866074,0.034709085748335415,0.003810180012825551,0.0017231669910309688,27.71204454808645,2021-11-22,42.73271084461991,0,0,7.611347717403621,2.3978952727983707,5.5093883366279774,7.611347717403621,2.3978952727983707,5.481935343459496
2021-11-23,BTCUSDT,56243.83,58009.99,55317.0,57541.27,49917.85017,10.99278997187846,10.818133936611156,0.04609522316373513,0.037543105481032485,0.022746522987712518,-0.0413544874234942,0.03703454695917949,0.002102629078267633,0.001400070732671947,27.700830638108993,2021-11-23,42.42997995629892,0,0,7.611347717403621,2.3978952727983707,5.5093883366279774,7.611347717403621,2.3978952727983707,5.481935343459496
2021-11-24,BTCUSDT,57541.26,57735.0,55837.0,57138.29,39612.04964,10.968370516076023,10.586888634796017,0.02837252114904983,0.035250459398036824,-0.007027959623695437,0.022746522987712518,0.027599897512565218,0.0006638361719038568,0.0010480370390001026,27.706229536075302,2021-11-24,42.45081119929202,0,0,7.611347717403621,2.3978952727983707,5.5093883366279774,7.611347717403621,2.3978952727983707,5.481935343459496
2021-11-25,BTCUSDT,57138.29,59398.9,57000.0,58960.36,42153.51522,10.963618854385956,10.649073357817361,0.04100606852271937,0.03668936167920746,0.0313908838384089,-0.007027959623695437,0.029493305989594137,0.0029477573102982915,0.0010815476804055869,27.7245976810251,2021-11-25,42.394868299105454,0,0,7.611347717403621,2.3978952727983707,5.5093883366279774,7.611347717403621,2.3978952727983707,5.481935343459496
2021-11-26,BTCUSDT,58960.37,59150.0,53500.0,53726.53,65927.87066,10.992030986660748,11.09631655460414,0.02707402141690806,0.03428552661363261,-0.09295843321180253,0.0313908838384089,0.04557070113368598,0.008377413599761782,0.0027161776927277148,27.693997261039666,2021-11-26,42.412852088730475,0,0,7.611347717403621,2.3978952727983707,5.5093883366279774,7.611347717403621,2.3978952727983707,5.481935343459496
2021-11-27,BTCUSDT,53723.72,55280.0,53610.0,54721.03,29716.99957,10.987831869406532,10.29947453714035,0.030322508368369385,0.033294772052316804,0.0183411757514558,-0.09295843321180253,0.047853340048243855,0.001780787523219435,0.0027148942462400707,27.65754467077716,2021-11-27,42.264469385635095,0,0,7.611347717403621,2.3978952727983707,5.5093883366279774,7.611347717403621,2.3978952727983707,5.481935343459496
2021-11-28,BTCUSDT,54716.47,57445.05,53256.64,57274.88,36163.7137,10.920166458441551,10.495811511113168,0.07517462693016422,0.043764735771778654,0.04561403694585218,0.0183411757514558,0.05011158403300263,0.004345927601458463,0.0027444512053390055,27.682611681024618,2021-11-28,42.6539299558313,0,0,7.611347717403621,2.3978952727983707,5.5093883366279774,7.611347717403621,2.3978952727983707,5.481935343459496
2021-11-29,BTCUSDT,57274.89,58865.97,56666.67,57776.25,40125.28009,10.958584117684858,10.59976184084409,0.03536053979249222,0.041663686776957046,0.008715658399547181,0.04561403694585218,0.04932805248448847,0.0008222503986800073,0.002907608266249074,27.71687167932322,2021-11-29,42.608837620435935,0,0,7.611347717403621,2.3978952727983707,5.5093883366279774,7.611347717403621,2.3978952727983707,5.481935343459496
2021-11-30,BTCUSDT,57776.25,59176.99,55875.55,56950.56,49161.05194,10.98301844375927,10.802856961742325,0.04486222044069527,0.042463320192891604,-0.014394268550105557,0.008715658399547181,0.04964886625302518,0.0013324501658294654,0.0028039413516969007,27.71365215801784,2021-11-30,41.95935433307457,0,0,7.611347717403621,2.3978952727983707,5.5093883366279774,7.611347717403621,2.3978952727983707,5.481935343459496
2021-12-01,BTCUSDT,56950.56,59053.55,56458.01,57184.07,44956.63656,10.988288062883068,10.713453672160654,0.04172340578360608,0.04227834159057022,0.004091840063051094,-0.014394268550105557,0.047333396882813926,0.00038193473255817656,0.0030475827504590674,27.712769146718564,2021-12-01,41.61332930239891,0,0,7.611347717403621,2.4849066497880004,5.697093486505405,7.611347717403621,2.4849066497880004,5.61827353099362
2021-12-02,BTCUSDT,57184.07,57375.47,55777.77,56480.34,37574.05976,10.986199938362068,10.534069191287468,0.02015060237995396,0.03674640678791616,-0.012382750098007033,0.004091840063051094,0.022153303028296226,0.0011754954209194461,0.0014073847463364495,27.700256249595615,2021-12-02,41.639373804526365,0,0,7.611347717403621,2.4849066497880004,5.697093486505405,7.611347717403621,2.4849066497880004,5.61827353099362
2021-12-03,BTCUSDT,56484.26,57600.0,51680.0,53601.05,58927.69027,10.957372139050428,10.984066382595822,0.07325098477171166,0.04587255128386503,-0.05232395555977342,-0.012382750098007033,0.032250261447819666,0.004763623392032697,0.0019057346968338156,27.668473973668487,2021-12-03,41.53945813358572,0,0,7.611347717403621,2.4849066497880004,5.697093486505405,7.611347717403621,2.4849066497880004,5.61827353099362
2021-12-04,BTCUSDT,53601.05,53859.1,42000.3,49152.47,114203.373748,10.961277846683982,11.645736118219515,0.19886300265533108,0.08412016412673154,-0.08664155778315352,-0.05232395555977342,0.036877097962402856,0.00743976652945146,0.0028214931183109127,27.575584399620478,2021-12-04,41.32130968483645,0,0,7.611347717403621,2.4849066497880004,5.697093486505405,7.611347717403621,2.4849066497880004,5.61827353099362
2021-12-05,BTCUSDT,49152.46,49699.05,47727.21,49396.33,45580.82012,10.894126656237116,10.727242295617181,0.0381993047801504,0.07263994929008626,0.004949030282182365,-0.08664155778315352,0.0362042840641945,0.00046135158932733214,0.002871716889903911,27.556341034077086,2021-12-05,40.89531025519438,0,0,7.611347717403621,2.4849066497880004,5.697093486505405,7.611347717403621,2.4849066497880004,5.61827353099362
2021-12-06,BTCUSDT,49396.32,50891.11,47100.0,50441.92,58571.21575,10.813741097213903,10.97799865608199,0.07463972765779266,0.07313989388201286,0.020946445463868552,0.004949030282182365,0.041044199083978,0.0019080386252610698,0.002830526693462353,27.564420385950434,2021-12-06,41.14628726634784,0,0,7.611347717403621,2.4849066497880004,5.697093486505405,7.611347717403621,2.4849066497880004,5.61827353099362
2021-12-07,BTCUSDT,50441.91,51936.33,50039.74,50588.95,38253.46877,10.837443531095841,10.551989521940268,0.03425648971953525,0.06341904284139346,0.0029105975984963822,0.020946445463868552,0.04090682508233665,0.00027583401143874435,0.0028480946787148593,27.590036330763823,2021-12-07,41.003683009778065,0,0,7.611347717403621,2.4849066497880004,5.697093486505405,7.611347717403621,2.4849066497880004,5.61827353099362
2021-12-08,BTCUSDT,50588.95,51200.0,48600.0,50471.19,38425.92466,10.857773824268254,10.556487632138083,0.04627128167431269,0.05913210254962327,-0.002330494560926045,0.0029105975984963822,0.04150351204232463,0.0002207642013268795,0.0029722993719580536,27.579391546388425,2021-12-08,40.687553685295946,0,0,7.611347717403621,2.4849066497880004,5.697093486505405,7.611347717403621,2.4849066497880004,5.61827353099362
2021-12-09,BTCUSDT,50471.19,50797.76,47320.0,47545.59,37692.68665,10.843494811027599,10.537221366554324,0.0276408557628468,0.05125929085292915,-0.05971363822672122,-0.002330494560926045,0.04278887771971006,0.00566692452872399,0.0031279819656771317,27.555700494081186,2021-12-09,40.38928533583672,0,0,7.611347717403621,2.4849066497880004,5.697093486505405,7.611347717403621,2.4849066497880004,5.61827353099362
2021-12-10,BTCUSDT,47535.9,50125.0,46852.0,47140.54,44233.57391,10.835607538106194,10.697239370446743,0.060582192804572346,0.05359001634083995,-0.008555687528783013,-0.05971363822672122,0.02765844570212631,0.0007998033167715968,0.002107861382559892,27.532828926084946,2021-12-10,41.03609617447772,0,0,7.611347717403621,2.4849066497880004,5.697093486505405,7.611347717403621,2.4849066497880004,5.61827353099362
2021-12-11,BTCUSDT,47140.54,49485.71,46751.0,49389.99,28889.19358,10.82227516460887,10.271222879605826,0.05670681527790932,0.05436921607510729,0.0466144194002914,-0.008555687528783013,0.035396259944467316,0.0045383514647362325,0.0023300516908876926,27.540743149435645,2021-12-11,41.433246509699615,0,0,7.611347717403621,2.4849066497880004,5.697093486505405,7.611347717403621,2.4849066497880004,5.61827353099362
2021-12-12,BTCUSDT,49389.99,50777.0,48638.0,50053.9,26017.93421,10.809439220010018,10.166541356524284,0.04040100473794071,0.05087716324081565,0.013352652721007085,0.0466144194002914,0.034623922341974554,0.0013133918658028321,0.0023592020613572608,27.569272615337706,2021-12-12,41.51884187152393,0,0,7.611347717403621,2.4849066497880004,5.697093486505405,7.611347717403621,2.4849066497880004,5.61827353099362
2021-12-13,BTCUSDT,50053.9,50189.97,45672.75,46702.75,50869.52093,10.83519877513616,10.837019220237572,0.047945796223848945,0.050144321486573974,-0.06929737535263912,0.013352652721007085,0.04411999351166199,0.006394505162750829,0.00269317764506494,27.537563005011386,2021-12-13,41.73483405431867,0,0,7.611347717403621,2.4849066497880004,5.697093486505405,7.611347717403621,2.4849066497880004,5.61827353099362
2021-12-14,BTCUSDT,46702.76,48700.41,46290.0,48343.28,39955.98445,10.82357048492017,10.595533738473868,0.05011377345951619,0.050136684479809526,0.034524176232671906,-0.06929737535263912,0.04832165493935208,0.0032583706573751712,0.0022858409969524623,27.52419032059631,2021-12-14,41.855881496624434,0,0,7.611347717403621,2.4849066497880004,5.697093486505405,7.611347717403621,2.4849066497880004,5.61827353099362
2021-12-15,BTCUSDT,48336.95,49500.0,46547.0,48864.98,51629.181,10.793442727926413,10.851842314877453,0.057413310828804,0.051955841067058146,0.010733758816394861,0.034524176232671906,0.041009231199204806,0.0009891185759010978,0.0022628266288441294,27.540858382269338,2021-12-15,41.557665353217466,0,0,7.611347717403621,2.4849066497880004,5.697093486505405,7.611347717403621,2.4849066497880004,5.61827353099362
2021-12-16,BTCUSDT,48864.98,49436.43,47511.0,47632.38,31949.86739,10.809727948556782,10.371923309249336,0.023099348605369677,0.04474171795163603,-0.025548202428183887,0.010733758816394861,0.0426502314317782,0.0024632078030697403,0.0020484022438941414,27.541854088819697,2021-12-16,41.0270557428794,0,0,7.611347717403621,2.4849066497880004,5.697093486505405,7.611347717403621,2.4849066497880004,5.61827353099362
2021-12-17,BTCUSDT,47632.38,47995.96,45456.0,46131.2,43104.4887,10.808442880786531,10.671382416840697,0.03321184749245094,0.04185925033683975,-0.03202327139996514,-0.025548202428183887,0.03791891543365647,0.0030008550110085697,0.0019344087035135496,27.509900792097405,2021-12-17,40.899797056003855,0,0,7.611347717403621,2.4849066497880004,5.697093486505405,7.611347717403621,2.4849066497880004,5.61827353099362
2021-12-18,BTCUSDT,46133.83,47392.37,45500.0,46834.48,25020.05271,10.778872119681148,10.127432890733312,0.038686638034292516,0.041066097261202944,0.015130173120065147,-0.03202327139996514,0.038156955931621064,0.001493979104409508,0.0019059196470498343,27.501686321743836,2021-12-18,40.53369274616797,0,0,7.611347717403621,2.4849066497880004,5.697093486505405,7.611347717403621,2.4849066497880004,5.61827353099362
2021-12-19,BTCUSDT,46834.47,48300.01,46406.91,46681.23,29305.70665,10.766216524261898,10.285537542252287,0.03586129982263506,0.03976489790156097,-0.0032775271061218484,0.015130173120065147,0.0253966997864873,0.0003186539442064151,0.0011719128456593177,27.514440918498693,2021-12-19,40.38436819209294,0,0,7.611347717403621,2.4849066497880004,5.697093486505405,7.611347717403621,2.4849066497880004,5.61827353099362
2021-12-20,BTCUSDT,46681.24,47537.57,45558.85,46914.16,35848.50609,10.78518704667998,10.487057174029793,0.03855242336095288,0.03946177926640895,0.00497739217481098,-0.0032775271061218484,0.019533438581980374,0.0004746223933189781,0.0010841697299550142,27.505446092926384,2021-12-20,40.44136043498504,0,0,7.611347717403621,2.4849066497880004,5.697093486505405,7.611347717403621,2.4849066497880004,5.61827353099362
2021-12-21,BTCUSDT,46914.17,49328.96,46630.0,48889.88,37713.92924,10.769275624757125,10.537784781058773,0.055782420030741124,0.043541939457492,0.041250873237454126,0.00497739217481098,0.02699715022854024,0.003914567823742315,0.0014333872729109026,27.53335023756276,2021-12-21,40.54329556234954,0,0,7.611347717403621,2.4849066497880004,5.697093486505405,7.611347717403621,2.4849066497880004,5.61827353099362
2021-12-22,BTCUSDT,48887.59,49576.13,48421.87,48588.16,27004.2022,10.80626661149997,10.203747769913315,0.01903401908062001,0.037414959363274,-0.0061905422711137255,0.041250873237454126,0.02434790515637807,0.0006066929926832478,0.0014979008399245864,27.55266979737886,2021-12-22,40.563407145040486,0,0,7.611347717403621,2.4849066497880004,5.697093486505405,7.611347717403621,2.4849066497880004,5.61827353099362
2021-12-23,BTCUSDT,48588.17,51375.0,47920.42,50838.81,35192.54046,10.811264746875072,10.468589420378237,0.06855916189023321,0.0452010099950138,0.04528015945422746,-0.0061905422711137255,0.022275563653461783,0.004325335308889348,0.0018054795317731433,27.568743214203046,2021-12-23,40.37162188001417,0,0,7.611347717403621,2.4849066497880004,5.697093486505405,7.611347717403621,2.4849066497880004,5.61827353099362
2021-12-24,BTCUSDT,50838.82,51810.0,50384.43,50820.0,31684.84269,10.846906951798536,10.363593696935446,0.024601823216600878,0.040051213300410574,-0.0003700613889668522,0.04528015945422746,0.023299059791402756,3.57078248905378e-05,0.0019557973302710033,27.59450260177441,2021-12-24,40.4641282621647,0,0,7.611347717403621,2.4849066497880004,5.697093486505405,7.611347717403621,2.4849066497880004,5.61827353099362
2021-12-25,BTCUSDT,50819.99,51156.23,50142.32,50399.66,19135.51613,10.855338459808834,9.859301370582003,0.014168109511159703,0.033580437353097854,-0.008305548869195585,-0.0003700613889668522,0.024104511605949105,0.0008424074442006129,0.0018973086192382214,27.588415732589066,2021-12-25,40.276952387291,0,0,7.611347717403621,2.4849066497880004,5.697093486505405,7.611347717403621,2.4849066497880004,5.61827353099362
2021-12-26,BTCUSDT,50399.67,51280.0,49412.0,50775.49,22569.88914,10.842639562594398,10.024371957969656,0.034369884077732296,0.03377779903425646,0.007429328815574095,-0.008305548869195585,0.02396628977732967,0.0007411266108963136,0.001865744336559365,27.584830012859964,2021-12-26,40.01023024157251,0,0,7.611347717403621,2.4849066497880004,5.697093486505405,7.611347717403621,2.4849066497880004,5.61827353099362
2021-12-27,BTCUSDT,50775.48,52088.0,50449.0,50701.44,28792.21566,10.845056091594552,10.26786034000589,0.029122976463644434,0.032614093391603455,-0.0014594452777345129,0.007429328815574095,0.019972122575704708,0.00014213723496493092,0.0016056181641665721,27.59568047403762,2021-12-27,40.02409356173354,0,0,7.611347717403621,2.4849066497880004,5.697093486505405,7.611347717403621,2.4849066497880004,5.61827353099362
2021-12-28,BTCUSDT,50701.44,50704.05,47313.01,47543.74,45853.33924,10.860689874916698,10.733203304694602,0.018440658785845145,0.029070734740163875,-0.06430418312979821,-0.0014594452777345129,0.03530741506850501,0.005991145541953181,0.0025127792267278896,27.555868639188784,2021-12-28,40.087144057695255,0,0,7.611347717403621,2.4849066497880004,5.697093486505405,7.611347717403621,2.4849066497880004,5.61827353099362
2021-12-29,BTCUSDT,47543.74,48139.08,46096.99,46464.66,39498.87,10.83376106804571,10.584027342885072,0.02801633232208556,0.028807134135644296,-0.02295810578396181,-0.06430418312979821,0.026227870459778736,0.0021691275957818642,0.0022571134601011623,27.51516124393799,2021-12-29,40.08965418793716,0,0,7.611347717403621,2.4849066497880004,5.697093486505405,7.611347717403621,2.4849066497880004,5.61827353099362
2021-12-30,BTCUSDT,46464.66,47900.0,45900.0,47120.87,30352.29569,10.781849600227982,10.320627434154227,0.040231087051142436,0.031663122364518834,0.01402397902343454,-0.02295810578396181,0.028401328622257586,0.0013588300820766717,0.002128394775863092,27.50997446294574,2021-12-30,40.13777947342478,0,0,7.611347717403621,2.4849066497880004,5.697093486505405,7.611347717403621,2.4849066497880004,5.61827353099362
2021-12-31,BTCUSDT,47120.88,48548.26,45678.0,46216.93,34937.99796,10.776870783399007,10.461330282676027,0.04672691550662751,0.035429070650046,-0.019369821492674983,0.01402397902343454,0.02842625008816606,0.001851563899550273,0.002069620663853838,27.51115366391227,2021-12-31,40.16931476593241,0,0,7.611347717403621,2.4849066497880004,5.697093486505405,7.611347717403621,2.4849066497880004,5.61827353099362
2022-01-01,BTCUSDT,46216.93,47954.63,46208.37,47722.65,19604.46325,10.790313633736341,9.8835125361318,0.03708229580406616,0.035842376938551045,0.03205994678177879,-0.019369821492674983,0.03353538539847432,0.0032437806563785053,0.0020061487104209167,27.51450217628778,2022-01-01,40.054131542438164,0,0,7.611842399580417,0.0,5.579729825986222,7.611842399580417,0.0,5.481471129046078
2022-01-02,BTCUSDT,47722.66,47990.0,46654.0,47286.18,18340.4604,10.778010634565609,9.816864849094058,0.02150693444901437,0.03225851631616688,-0.009188052743592882,0.03205994678177879,0.03327371714287495,0.0009359457306209929,0.0018422431157678121,27.52218747741679,2022-01-02,39.97107722197763,0,0,7.611842399580417,0.0,5.579729825986222,7.611842399580417,0.0,5.481471129046078
2022-01-03,BTCUSDT,47286.18,47570.0,45696.0,46446.1,27662.0771,10.77874793485229,10.22781769639789,0.02823951029653022,0.03125376481125772,-0.01792557472959721,-0.009188052743592882,0.02209793437751897,0.0017526294720632703,0.0007903431525109255,27.508258652839874,2022-01-03,39.74083760392314,0,0,7.611842399580417,0.0,5.579729825986222,7.611842399580417,0.0,5.481471129046078
2022-01-04,BTCUSDT,46446.1,47557.54,45500.0,45832.01,35491.4136,10.769957589426328,10.477046075785603,0.03457635194138213,0.03208441159378882,-0.013309745191831738,-0.01792557472959721,0.02074258428053371,0.0012703719250212163,0.0008107016919199786,27.499138919992408,2022-01-04,39.54592654565821,0,0,7.611842399580417,0.0,5.579729825986222,7.611842399580417,0.0,5.481471129046078
2022-01-05,BTCUSDT,45832.01,47070.0,42500.0,43451.13,51784.11857,10.769695625329048,10.854838789926108,0.06627730928511957,0.04063263601662151,-0.0533458970167032,-0.013309745191831738,0.027335225691144424,0.00491448081810401,0.0014928477464005471,27.464625621210587,2022-01-05,39.69106435157972,0,0,7.611842399580417,0.0,5.579729825986222,7.611842399580417,0.0,5.481471129046078
2022-01-06,BTCUSDT,43451.14,43816.0,42430.58,43082.31,38880.37305,10.759391134395187,10.568244853435752,0.025118972136158962,0.03675422004650587,-0.00852438625717462,-0.0533458970167032,0.027228870535681435,0.0008066037809867103,0.0016154817157752101,27.429540587945986,2022-01-06,39.754267459747524,0,0,7.611842399580417,0.0,5.579729825986222,7.611842399580417,0.0,5.481471129046078
2022-01-07,BTCUSDT,43082.3,43145.83,40610.0,41566.48,54836.50818,10.687754326463557,10.912111458782526,0.038275804723165066,0.03713461621567067,-0.03581839879060997,-0.00852438625717462,0.017917292378652083,0.003282444367059852,0.0016207667291410386,27.403424646846346,2022-01-07,39.97961833155522,0,0,7.611842399580417,0.0,5.579729825986222,7.611842399580417,0.0,5.481471129046078
2022-01-08,BTCUSDT,41566.48,42300.0,40501.0,41679.74,32952.73111,10.672341052212463,10.402829422990447,0.03879715887701384,0.03755025188100646,0.0027210861918856148,-0.03581839879060997,0.020262073498059228,0.00026157173988376314,0.001741545569146953,27.390250091949536,2022-01-08,40.32837240273274,0,0,7.611842399580417,0.0,5.579729825986222,7.611842399580417,0.0,5.481471129046078
2022-01-09,BTCUSDT,41679.74,42786.7,41200.02,41864.62,22724.39426,10.65254236503437,10.0311942634649,0.03428949053194912,0.03673506154374213,0.00442591939892638,0.0027210861918856148,0.02283869672655556,0.00044121560032450333,0.0018640186398206687,27.398856603522486,2022-01-09,40.47858391348022,0,0,7.611842399580417,0.0,5.579729825986222,7.611842399580417,0.0,5.481471129046078
2022-01-10,BTCUSDT,41864.62,42248.5,39650.0,41822.49,50729.17019,10.663982585614276,10.834256373044733,0.058979880425945354,0.042296266264292934,-0.0010068457032168852,0.00442591939892638,0.023801508664643513,9.293168525362605e-05,0.0019922193389719507,27.388655244250174,2022-01-10,40.58547698126908,0,0,7.611842399580417,0.0,5.579729825986222,7.611842399580417,0.0,5.481471129046078
2022-01-11,BTCUSDT,41822.49,43100.0,41268.93,42729.29,37296.43729,10.651324129196496,10.526653086056653,0.042066557605560544,0.042238839099609835,0.02145040043967803,-0.0010068457032168852,0.018957724040712703,0.0020377227466620617,0.0012539761431540313,27.40736705507808,2022-01-11,40.59557554232552,0,0,7.611842399580417,0.0,5.579729825986222,7.611842399580417,0.0,5.481471129046078
2022-01-12,BTCUSDT,42729.29,44322.0,42450.0,43902.66,33943.2928,10.671278276091838,10.43244655234978,0.04242582167788183,0.04228558474417783,0.027090276943410884,0.02145040043967803,0.02211636809743827,0.0025967328763653367,0.0013630760976911132,27.433638518760567,2022-01-12,40.12928390473277,0,0,7.611842399580417,0.0,5.579729825986222,7.611842399580417,0.0,5.481471129046078
2022-01-13,BTCUSDT,43902.65,44500.0,42311.22,42560.11,34910.87762,10.699236446756792,10.460553739284665,0.029969722632113525,0.03920661921616175,-0.03105748088409937,0.027090276943410884,0.02046248381367449,0.002969009256886931,0.0012825259314403292,27.432599970217908,2022-01-13,39.92948273492284,0,0,7.611842399580417,0.0,5.579729825986222,7.611842399580417,0.0,5.481471129046078
2022-01-14,BTCUSDT,42558.35,43448.78,41725.95,43059.96,32640.88292,10.703244468154331,10.39332085895729,0.03820224619592025,0.03895552596110138,0.011676133382902501,-0.03105748088409937,0.020681452710354733,0.0011234266257487513,0.0011731388007957615,27.418699442561834,2022-01-14,39.70841817970044,0,0,7.611842399580417,0.0,5.579729825986222,7.611842399580417,0.0,5.481471129046078
2022-01-15,BTCUSDT,43059.96,43800.0,42555.0,43084.29,21936.05616,10.679338052048474,9.995886961973873,0.025242709461687402,0.035527321836247884,0.0005648665034966843,0.011676133382902501,0.02077877330805591,5.6509893083578936e-05,0.0012532135070158843,27.42804259676336,2022-01-15,39.55845215700886,0,0,7.611842399580417,0.0,5.579729825986222,7.611842399580417,0.0,5.481471129046078
2022-01-16,BTCUSDT,43084.29,43475.0,42581.79,43071.66,20602.35271,10.687389096364537,9.933160557479596,0.017933259379106958,0.03112880622196265,-0.0002931892710942959,0.0005648665034966843,0.020740988393468683,2.9516211823791228e-05,0.0012674318454292375,27.427278957672844,2022-01-16,39.440547487412715,0,0,7.611842399580417,0.0,5.579729825986222,7.611842399580417,0.0,5.481471129046078
2022-01-17,BTCUSDT,43071.66,43176.18,41540.42,42201.62,27562.08613,10.679941339222484,10.224196416384855,0.025792264022574063,0.029794670672115504,-0.020406631301085873,-0.0002931892710942959,0.021099211367647235,0.0019959154216152466,0.0012637883778807628,27.414151176292144,2022-01-17,39.67103225948044,0,0,7.611842399580417,0.0,5.579729825986222,7.611842399580417,0.0,5.481471129046078
2022-01-18,BTCUSDT,42201.63,42691.0,41250.0,42352.12,29324.08257,10.673044233272556,10.286164388121808,0.03157943721640453,0.03024086230818776,0.0035598699462948903,-0.020406631301085873,0.016216843237817788,0.00034608332240983186,0.001191516003809333,27.405511512384063,2022-01-18,39.97118118994179,0,0,7.611842399580417,0.0,5.579729825986222,7.611842399580417,0.0,5.481471129046078
2022-01-19,BTCUSDT,42352.12,42559.13,41138.56,41660.01,31685.72159,10.661743404167277,10.363621435366058,0.023059117325631352,0.028445426062548657,-0.016476803005825883,0.0035598699462948903,0.0123383275142671,0.0015898692468250986,0.0008356743890947054,27.400759383353744,2022-01-19,40.2695195383942,0,0,7.611842399580417,0.0,5.579729825986222,7.611842399580417,0.0,5.481471129046078
2022-01-20,BTCUSDT,41660.0,43505.0,40553.31,40680.91,42330.33953,10.658649682077268,10.653259354508078,0.05593919999607948,0.03531886954593136,-0.023782735226194826,-0.016476803005825883,0.012068549691761197,0.0022324374573806675,0.001010729480473541,27.392596493009165,2022-01-20,40.47672799374867,0,0,7.611842399580417,0.0,5.579729825986222,7.611842399580417,0.0,5.481471129046078
2022-01-21,BTCUSDT,40680.92,41100.0,35440.45,36445.31,88860.891999,10.680631153000125,11.394827414690699,0.07330834866284897,0.04481623932516076,-0.109946159879111,-0.023782735226194826,0.0416821859970612,0.009648777983013916,0.0035463607766244728,27.31405326096305,2022-01-21,40.87767573473044,0,0,7.611842399580417,0.0,5.579729825986222,7.611842399580417,0.0,5.481471129046078
2022-01-22,BTCUSDT,36445.31,36835.22,34008.0,35071.42,90471.338961,10.623763400484325,11.412788382965534,0.05459920864490448,0.047261981655096694,-0.038426226985850784,-0.109946159879111,0.03948170386925724,0.003366944667370236,0.0033087127378309627,27.237192997919617,2022-01-22,41.37289838255904,0,0,7.611842399580417,0.0,5.579729825986222,7.611842399580417,0.0,5.481471129046078
2022-01-23,BTCUSDT,35071.42,36499.0,34601.01,36244.55,44279.52354,10.514209731679504,10.698277626602081,0.05251002791556741,0.04857399322021437,0.032902471390134344,-0.038426226985850784,0.04824483002070403,0.0030754923865800457,0.003259341090230766,27.237783316343457,2022-01-23,41.11975591679279,0,0,7.611842399580417,0.0,5.579729825986222,7.611842399580417,0.0,5.481471129046078
2022-01-24,BTCUSDT,36244.55,37550.0,32917.17,36660.35,91904.753211,10.505040141934996,11.428508028562304,0.12259869053893557,0.06708016754989467,0.011406764386201865,0.032902471390134344,0.049280862370458346,0.0009980974207389017,0.0031470274885195336,27.24442599896833,2022-01-24,41.57805566024445,0,0,7.611842399580417,0.0,5.579729825986222,7.611842399580417,0.0,5.481471129046078
2022-01-25,BTCUSDT,36660.35,37545.14,35701.0,36958.32,49232.40183,10.53342865719228,10.80430725949634,0.0460318363218163,0.061818084742875076,0.008095001638556682,0.011406764386201865,0.05102650626118754,0.0007492383772630735,0.0032647958021388237,27.267776377011476,2022-01-25,42.13027861620884,0,0,7.611842399580417,0.0,5.579729825986222,7.611842399580417,0.0,5.481471129046078
2022-01-26,BTCUSDT,36958.32,38919.98,36234.63,36809.34,69830.16036,10.533299221385734,11.153821292271642,0.06331323273631803,0.06219187174123582,-0.004039173875103207,0.008095001638556682,0.05136604536179414,0.0003621336373662276,0.0034748169605567985,27.2814419987426,2022-01-26,42.02671551392532,0,0,7.611842399580417,0.0,5.579729825986222,7.611842399580417,0.0,5.481471129046078
2022-01-27,BTCUSDT,36807.24,37234.47,35507.01,37160.1,53020.87934,10.569263022425195,10.878441064767726,0.0467418573454662,0.05832936814229341,0.009483987687842301,-0.004039173875103207,0.023656616271306857,0.0008718149623991921,0.0012994337885151748,27.267610371237215,2022-01-27,42.3150284356543,0,0,7.611842399580417,0.0,5.579729825986222,7.611842399580417,0.0,5.481471129046078
2022-01-28,BTCUSDT,37160.11,38000.0,36155.01,37716.56,42154.26956,10.524990224123744,10.649091252724741,0.04766363658135137,0.0556629352520579,0.014863650295472364,0.009483987687842301,0.012035077924415587,0.0013957670136096599,0.0009590456548053331,27.282980565395007,2022-01-28,42.53998753353413,0,0,7.611842399580417,0.0,5.579729825986222,7.611842399580417,0.0,5.481471129046078
2022-01-29,BTCUSDT,37716.57,38720.74,37268.44,38166.84,26129.49682,10.545341438708522,10.170820101536286,0.03590545959028671,0.0507235663366151,0.011867820497437117,0.014863650295472364,0.00661171763844688,0.0011668499077714001,0.00035664809865226365,27.30205740230844,2022-01-29,42.381889308754005,0,0,7.611842399580417,0.0,5.579729825986222,7.611842399580417,0.0,5.481471129046078
2022-01-30,BTCUSDT,38166.83,38359.26,37351.63,37881.76,21430.66527,10.564130652778138,9.972578131849515,0.02093199137509284,0.043275672596234535,-0.007497346048860223,0.011867820497437117,0.009063681387882787,0.0007517961704321854,0.00036056462475665956,27.301049866347032,2022-01-30,42.28830115250127,0,0,7.611842399580417,0.0,5.579729825986222,7.611842399580417,0.0,5.481471129046078
2022-01-31,BTCUSDT,37881.75,38744.0,36632.61,38466.9,36855.2458,10.554751237883252,10.514753242981152,0.05384680813014754,0.04591845647971279,0.015328401493649993,-0.007497346048860223,0.009924109619141327,0.0014577994499188143,0.0004192742472357768,27.300223043252267,2022-01-31,42.275526997734204,0,0,7.611842399580417,0.0,5.579729825986222,7.611842399580417,0.0,5.481471129046078
2022-02-01,BTCUSDT,38466.9,39265.2,38000.0,38694.59,34574.44663,10.564731184083065,10.450870151488031,0.029899085586640253,0.04191361375644465,0.005901665736712944,0.015328401493649993,0.008507826897565176,0.0005647056801172335,0.00036174766248345166,27.31906031673199,2022-02-01,42.25220088012034,0,0,7.611842399580417,0.6931471805599453,5.393627546352362,7.611842399580417,0.6931471805599453,5.233483386833545
2022-02-02,BTCUSDT,38694.59,38855.92,36586.95,36896.36,35794.6813,10.578093909390807,10.485554594312509,0.026870095315965334,0.03815273414632482,-0.04758689578779582,0.005901665736712944,0.024264501552034173,0.004538328932415985,0.0014602729374512695,27.29686170840457,2022-02-02,41.61359778761074,0,0,7.611842399580417,0.6931471805599453,5.393627546352362,7.611842399580417,0.6931471805599453,5.233483386833545
2022-02-03,BTCUSDT,36896.37,37387.0,36250.0,37311.61,32081.10999,10.567615725139376,10.376022662067646,0.03030059828256808,0.036189700180385635,0.01119163707773322,-0.04758689578779582,0.023820954293179795,0.001078605689504445,0.0014767843584355597,27.275219635090544,2022-02-03,41.56039395823306,0,0,7.611842399580417,0.6931471805599453,5.393627546352362,7.611842399580417,0.6931471805599453,5.233483386833545
2022-02-04,BTCUSDT,37311.98,41772.33,37026.73,41574.25,64703.95874,10.529078329395084,11.077577664706844,0.12044273809151036,0.05725295965816682,0.108176446956934,0.01119163707773322,0.05137925138626565,0.009765352158313825,0.0036107499666768557,27.33980498894501,2022-02-04,41.91682923677585,0,0,7.611842399580417,0.6931471805599453,5.393627546352362,7.611842399580417,0.6931471805599453,5.233483386833545
2022-02-05,BTCUSDT,41571.7,41913.69,40843.01,41382.59,32532.34372,10.639989437596961,10.389990064827801,0.0210736628738271,0.048208135462081886,-0.004620724246786973,0.108176446956934,0.05114861101198051,0.0004447284567122977,0.003651380052193452,27.390401115007815,2022-02-05,41.99870816878692,0,0,7.611842399580417,0.6931471805599453,5.393627546352362,7.611842399580417,0.6931471805599453,5.233483386833545
2022-02-06,BTCUSDT,41382.6,42656.0,41116.56,42380.87,22405.16704,10.643367782855767,10.017046882671139,0.03618482779992248,0.04520230854654203,0.02383682019847353,-0.004620724246786973,0.051286221799892256,0.002379625500177076,0.0035937160400315873,27.400808210719337,2022-02-06,41.99495000910221,0,0,7.611842399580417,0.6931471805599453,5.393627546352362,7.611842399580417,0.6931471805599453,5.233483386833545
2022-02-07,BTCUSDT,42380.87,44500.5,41645.85,43839.99,51060.62006,10.660923222978436,10.840768834474188,0.06429535000101028,0.04997556891015909,0.033849333356895696,0.02383682019847353,0.051438219007589714,0.0031224107693591913,0.003373732831182672,27.429308063080004,2022-02-07,41.937651905644266,0,0,7.611842399580417,0.6931471805599453,5.393627546352362,7.611842399580417,0.6931471805599453,5.233483386833545
2022-02-08,BTCUSDT,43839.99,45492.0,42666.0,44042.99,64880.29387,10.703255704046265,11.080299218218,0.05687289646930779,0.05169990079994627,0.004619787837026135,0.033849333356895696,0.040888668532178436,0.0004169371012499712,0.0035484810151022667,27.45185121698384,2022-02-08,42.08550680531003,0,0,7.611842399580417,0.6931471805599453,5.393627546352362,7.611842399580417,0.6931471805599453,5.233483386833545
2022-02-09,BTCUSDT,44043.0,44799.0,43117.92,44372.72,34428.16729,10.725291765304336,10.446630324883852,0.0354948662340252,0.047648642158466,0.007458663819307352,0.004619787837026135,0.041249931462918873,0.0007139779610599248,0.003588154574648309,27.452470773298455,2022-02-09,42.03086925819173,0,0,7.611842399580417,0.6931471805599453,5.393627546352362,7.611842399580417,0.6931471805599453,5.233483386833545
2022-02-10,BTCUSDT,44372.71,45821.0,43174.01,43495.44,62357.29091,10.709941096725379,11.040635879476286,0.045981168065943955,0.04723177363533549,-0.019968761180241705,0.007458663819307352,0.019343815958703794,0.0018086604248367737,0.0011316828009820877,27.455330522494737,2022-02-10,42.16382736235931,0,0,7.611842399580417,0.6931471805599453,5.393627546352362,7.611842399580417,0.6931471805599453,5.233483386833545
2022-02-11,BTCUSDT,43495.44,43920.0,41938.51,42373.73,44975.1687,10.732497780300108,10.713865809784462,0.028718729591943704,0.04260351262448754,-0.02612751026362113,-0.019968761180241705,0.02357532049948603,0.002438663198465686,0.0010567813858090996,27.425954071012054,2022-02-11,42.569311124140086,0,0,7.611842399580417,0.6931471805599453,5.393627546352362,7.611842399580417,0.6931471805599453,5.233483386833545
2022-02-12,BTCUSDT,42373.73,43079.49,41688.88,42217.87,26556.85681,10.690125076183412,10.187043253590296,0.027339859408230416,0.03878759932042326,-0.0036850036261710803,-0.02612751026362113,0.021518615402046515,0.000361734365353985,0.0011568858834900245,27.41157509229768,2022-02-12,42.76588092656213,0,0,7.611842399580417,0.6931471805599453,5.393627546352362,7.611842399580417,0.6931471805599453,5.233483386833545
2022-02-13,BTCUSDT,42217.87,42760.0,41870.0,42053.66,17732.08113,10.670802292760138,9.783130771198488,0.017452534339392364,0.033453833075165536,-0.003897169253580327,-0.0036850036261710803,0.01340681122569756,0.0003983560421223831,0.0008844912377250915,27.408901828772603,2022-02-13,42.87961930863814,0,0,7.611842399580417,0.6931471805599453,5.393627546352362,7.611842399580417,0.6931471805599453,5.233483386833545
2022-02-14,BTCUSDT,42053.65,42842.4,41550.56,42535.94,34010.1306,10.663358365138981,10.434413718040913,0.02917220710492993,0.032383426582606636,0.011402943760908854,-0.003897169253580327,0.014790462024424135,0.001092820743842404,0.0008334237642991179,27.40948682367742,2022-02-14,42.99957966746284,0,0,7.611842399580417,0.6931471805599453,5.393627546352362,7.611842399580417,0.6931471805599453,5.233483386833545
2022-02-15,BTCUSDT,42535.94,44751.4,42427.03,44544.86,38095.19576,10.665283545401453,10.547843457626024,0.053225777971930996,0.037594014429937726,0.046147405647282806,0.011402943760908854,0.02595101910056903,0.004375055984919697,0.0015201725328721242,27.440435123763187,2022-02-15,42.77621442188005,0,0,7.611842399580417,0.6931471805599453,5.393627546352362,7.611842399580417,0.6931471805599453,5.233483386833545
2022-02-16,BTCUSDT,44544.85,44549.97,43307.0,43873.56,28471.8727,10.70887800812984,10.256671956120748,0.019223771588331436,0.03300145371953615,-0.015184910543850608,0.046147405647282806,0.025255172291059613,0.001480491002228934,0.0015233623711306825,27.451804251707387,2022-02-16,42.52134415270028,0,0,7.611842399580417,0.6931471805599453,5.393627546352362,7.611842399580417,0.6931471805599453,5.233483386833545
2022-02-17,BTCUSDT,43873.56,44164.71,40073.21,40515.7,47245.99494,10.704366759498056,10.763123166154685,0.04047204878528569,0.03486910248597354,-0.07962230741964704,-0.015184910543850608,0.04128820839389796,0.007397695463527201,0.002811050231057991,27.40763579408082,2022-02-17,42.30977957626237,0,0,7.611842399580417,0.6931471805599453,5.393627546352362,7.611842399580417,0.6931471805599453,5.233483386833545
2022-02-18,BTCUSDT,40515.71,40959.88,39450.0,39974.44,43845.92241,10.695681332872153,10.688437003966845,0.027595951033754503,0.03305081462291878,-0.013449303448535153,-0.07962230741964704,0.04130146341266617,0.0012583040386114131,0.0026949563403002993,27.360488329612814,2022-02-18,42.207716030764836,0,0,7.611842399580417,0.6931471805599453,5.393627546352362,7.611842399580417,0.6931471805599453,5.233483386833545
2022-02-19,BTCUSDT,39974.45,40444.32,39639.03,40079.17,18042.0551,10.620348330021598,9.800460706197066,0.01811269810291048,0.0293162854929167,0.0026164981129269994,-0.013449303448535153,0.04155044458144719,0.0002669770525453487,0.002717516073766327,27.355938863039132,2022-02-19,42.40412257356466,0,0,7.611842399580417,0.6931471805599453,5.393627546352362,7.611842399580417,0.6931471805599453,5.233483386833545
2022-02-20,BTCUSDT,40079.17,40125.44,38000.0,38386.89,33439.29011,10.607681492354848,10.417486838205361,0.02454418664751699,0.028123260781566774,-0.04314075292804988,0.0026164981129269994,0.04241020944164819,0.004141186218717777,0.00265343775170921,27.33337620116125,2022-02-20,42.49417824093217,0,0,7.611842399580417,0.6931471805599453,5.393627546352362,7.611842399580417,0.6931471805599453,5.233483386833545
2022-02-21,BTCUSDT,38386.89,39494.35,36800.0,37008.16,62347.68496,10.599765826104282,11.040481820667452,0.04741111883470166,0.03294522529485049,-0.03657756618202442,-0.04314075292804988,0.02908876151906649,0.003313040750952763,0.0025903079968883857,27.301660206878065,2022-02-21,42.43571780885155,0,0,7.611842399580417,0.6931471805599453,5.393627546352362,7.611842399580417,0.6931471805599453,5.233483386833545
2022-02-22,BTCUSDT,37008.16,38429.0,36350.0,38230.33,53785.94589,10.583912902683624,10.892767483213278,0.054775663039956186,0.03840283473112692,0.032490750766217165,-0.03657756618202442,0.0390453924256537,0.0029827819988160306,0.002487367343051644,27.290907014450294,2022-02-22,42.64746776226006,0,0,7.611842399580417,0.6931471805599453,5.393627546352362,7.611842399580417,0.6931471805599453,5.233483386833545
2022-02-23,BTCUSDT,38230.33,39249.93,37036.79,37250.01,43560.732,10.556567661882832,10.681911381313418,0.04134802203821045,0.039139131557897805,-0.025976966353583753,0.032490750766217165,0.028071974100899427,0.002431864993659,0.001418398672153638,27.30272373647677,2022-02-23,42.52153348174146,0,0,7.611842399580417,0.6931471805599453,5.393627546352362,7.611842399580417,0.6931471805599453,5.233483386833545
2022-02-24,BTCUSDT,37250.02,39843.0,34322.28,38327.21,120476.29458,10.577704939769474,11.699208287082673,0.13809901609089442,0.06387910269114697,0.028507874523143458,-0.025976966353583753,0.03302700776527457,0.0024367353605132037,0.0013059861926512327,27.288152497509582,2022-02-24,42.869646498225435,0,0,7.611842399580417,0.6931471805599453,5.393627546352362,7.611842399580417,0.6931471805599453,5.233483386833545
2022-02-25,BTCUSDT,38328.68,39683.53,38014.37,39219.17,56574.57125,10.59270201006836,10.943314892037316,0.04182906885519566,0.05836659423215914,0.02300557006710982,0.028507874523143458,0.035193841818005965,0.0021022487513220845,0.0007467476179249866,27.32529656571769,2022-02-25,42.871961627490684,0,0,7.611842399580417,0.6931471805599453,5.393627546352362,7.611842399580417,0.6931471805599453,5.233483386833545
2022-02-26,BTCUSDT,39219.16,40348.45,38573.18,39116.72,29361.2568,10.588691519135502,10.287431288351788,0.03885505670581983,0.053488709850574315,-0.0026156608014754846,0.02300557006710982,0.029523031418805103,0.0002542579122192665,0.0010714209228860163,27.337806337347672,2022-02-26,42.38838859931676,0,0,7.611842399580417,0.6931471805599453,5.393627546352362,7.611842399580417,0.6931471805599453,5.233483386833545
2022-02-27,BTCUSDT,39116.73,39855.7,37000.0,37699.07,46229.44719,10.605308259081701,10.741372259091179,0.04932267379316497,0.05244720083622198,-0.03691457135600522,-0.0026156608014754846,0.029613885058658578,0.0034366718204707804,0.001096762360577557,27.31514295182864,2022-02-27,42.46800125668527,0,0,7.611842399580417,0.6931471805599453,5.393627546352362,7.611842399580417,0.6931471805599453,5.233483386833545
2022-02-28,BTCUSDT,37699.08,44225.84,37450.17,43160.0,73945.63858,10.593020710376083,11.211085488441597,0.16581138595892295,0.08078824711689722,0.1352787146752529,-0.03691457135600522,0.06202409569087699,0.012066513524914472,0.004186915961764682,27.37115516357802,2022-02-28,43.182004966990114,0,0,7.611842399580417,0.6931471805599453,5.393627546352362,7.611842399580417,0.6931471805599453,5.233483386833545
2022-03-01,BTCUSDT,43160.0,44949.0,42809.98,44421.2,61743.09873,10.697064512629405,11.030737486786956,0.04776075051185986,0.07253137296563789,0.028802692569624658,0.1352787146752529,0.05774937191608043,0.0026111302715820803,0.004175927994585478,27.44739798677016,2022-03-01,43.830548860571895,0,0,7.611842399580417,1.0986122886681098,5.971261839790462,7.611842399580417,1.0986122886681098,5.845915251048722
2022-03-02,BTCUSDT,44421.2,45400.0,43334.09,43892.98,57782.65081,10.713283792711254,10.964443850607202,0.03650444203998477,0.0635246402342246,-0.01196243454904842,0.028802692569624658,0.06017891034734049,0.0010910206401746451,0.004299264457788368,27.456530887757477,2022-03-02,44.02581285869278,0,0,7.611842399580417,1.0986122886681098,5.971261839790462,7.611842399580417,1.0986122886681098,5.845915251048722
2022-03-03,BTCUSDT,43892.99,44101.12,41832.28,42454.0,50940.61021,10.72326738402944,10.838415727456596,0.030971977816178282,0.05538647462971302,-0.033333261588257904,-0.01196243454904842,0.06435332783074749,0.0030754736140832712,0.0042498178992468804,27.42939905901849,2022-03-03,43.84219855853878,0,0,7.611842399580417,1.0986122886681098,5.971261839790462,7.611842399580417,1.0986122886681098,5.845915251048722
2022-03-04,BTCUSDT,42454.0,42527.3,38550.0,39148.66,61964.68498,10.694240457937841,11.034319904648402,0.040693018116126654,0.05171311050131643,-0.0810549423019875,-0.033333261588257904,0.0752550465180425,0.0073457125588539144,0.004063233890533904,27.372191648931377,2022-03-04,43.5017010163013,0,0,7.611842399580417,1.0986122886681098,5.971261839790462,7.611842399580417,1.0986122886681098,5.845915251048722
2022-03-05,BTCUSDT,39148.65,39613.24,38407.59,39397.96,30363.13341,10.65790150163334,10.320984434681959,0.029175016551381456,0.04607858701383269,0.006347843793420254,-0.0810549423019875,0.07303493687662416,0.0006150424732828174,0.004419389142721715,27.334931999895794,2022-03-05,43.13559585132364,0,0,7.611842399580417,1.0986122886681098,5.971261839790462,7.611842399580417,1.0986122886681098,5.845915251048722
2022-03-06,BTCUSDT,39397.97,39693.87,38088.57,38420.81,39677.26158,10.586918684796604,10.588533546416523,0.024544838521418498,0.04069514989072914,-0.025114798426121913,0.006347843793420254,0.037602908966252624,0.0023718863727471983,0.002393196486702901,27.327486343515204,2022-03-06,43.14048684637032,0,0,7.611842399580417,1.0986122886681098,5.971261839790462,7.611842399580417,1.0986122886681098,5.845915251048722
2022-03-07,BTCUSDT,38420.8,39547.57,37155.0,37988.0,63994.11559,10.588952046692677,11.066546414208458,0.050464188750601206,0.04313740960569716,-0.011328919506856962,-0.025114798426121913,0.030147141141472027,0.001023708669609124,0.0025100070103144623,27.31148607057034,2022-03-07,43.340797138190354,0,0,7.611842399580417,1.0986122886681098,5.971261839790462,7.611842399580417,1.0986122886681098,5.845915251048722
2022-03-08,BTCUSDT,37988.01,39362.08,37867.65,38730.63,55583.06638,10.585259530094557,10.925633872339606,0.038036993854243806,0.04186230566783382,0.019360439473765596,-0.011328919506856962,0.035343764466715756,0.0017720197930831602,0.002443334994702243,27.316947673840218,2022-03-08,43.39149451225001,0,0,7.611842399580417,1.0986122886681098,5.971261839790462,7.611842399580417,1.0986122886681098,5.845915251048722
2022-03-09,BTCUSDT,38730.63,42594.06,38656.45,41941.71,67392.58799,10.58055819529837,11.118290320378424,0.09684852572494645,0.055608860682111974,0.07965003732031377,0.019360439473765596,0.05303524626170898,0.00716387457290311,0.0030608348627362263,27.36753368776101,2022-03-09,43.67376161449978,0,0,7.611842399580417,1.0986122886681098,5.971261839790462,7.611842399580417,1.0986122886681098,5.845915251048722
2022-03-10,BTCUSDT,41941.7,42039.63,38539.73,39422.0,71962.93154,10.659470085915554,11.183906425700496,0.04601503370277895,0.053210403937278716,-0.06195676107004793,0.07965003732031377,0.04764224878988523,0.005539813971232088,0.0026550064543566987,27.367674190270357,2022-03-10,43.666993515172734,0,0,7.611842399580417,1.0986122886681098,5.971261839790462,7.611842399580417,1.0986122886681098,5.845915251048722
2022-03-11,BTCUSDT,39422.01,40236.26,38223.6,38729.57,59018.7642,10.646368023810387,10.985610709612853,0.03814540551446381,0.049444154331574994,-0.017720645144228633,-0.06195676107004793,0.048128823747799185,0.00161307783541996,0.002496117698851461,27.33413327080663,2022-03-11,43.32924086888976,0,0,7.611842399580417,1.0986122886681098,5.971261839790462,7.611842399580417,1.0986122886681098,5.845915251048722
2022-03-12,BTCUSDT,38729.57,39486.71,38660.52,38807.36,24034.36432,10.602523858108288,10.087239931881777,0.02039982629897365,0.04218307232342466,0.002006528401358036,-0.017720645144228633,0.04687704098566567,0.00019891748534861284,0.0027890055620555148,27.327938304349466,2022-03-12,43.30420748217029,0,0,7.611842399580417,1.0986122886681098,5.971261839790462,7.611842399580417,1.0986122886681098,5.845915251048722
2022-03-13,BTCUSDT,38807.35,39310.0,37578.51,37777.34,32791.82359,10.583719438579093,10.397934482503931,0.027377368491827064,0.03848164636552526,-0.026900467390317852,0.002006528401358036,0.04815417737676035,0.002587097219700882,0.0026498679518212787,27.3137983036718,2022-03-13,43.24218767712791,0,0,7.611842399580417,1.0986122886681098,5.971261839790462,7.611842399580417,1.0986122886681098,5.845915251048722
2022-03-14,BTCUSDT,37777.35,39947.12,37555.0,39671.37,46945.45375,10.579234218415905,10.756741648212024,0.061418066753574856,0.04421575146253766,0.04892031687140569,-0.026900467390317852,0.05200318564187454,0.004547875041652337,0.002603970569611306,27.323400365300145,2022-03-14,43.46843978137042,0,0,7.611842399580417,1.0986122886681098,5.971261839790462,7.611842399580417,1.0986122886681098,5.845915251048722
2022-03-15,BTCUSDT,39671.37,39887.61,38098.33,39280.33,46015.54926,10.595311858483162,10.73673464574415,0.038544223601774535,0.042797869497346874,-0.009905884169983963,0.04892031687140569,0.03648386480766866,0.0009226160929580651,0.0020968387797627233,27.336841843027493,2022-03-15,43.64108323054591,0,0,7.611842399580417,1.0986122886681098,5.971261839790462,7.611842399580417,1.0986122886681098,5.845915251048722
2022-03-16,BTCUSDT,39280.33,41718.0,38828.48,41114.0,88120.76167,10.593821028338885,11.386463444433168,0.07059352318654666,0.04974678291964682,0.045624811430510115,-0.009905884169983963,0.03261988530664461,0.004006934343851606,0.0017223014984066604,27.3618514330964,2022-03-16,43.56371192760723,0,0,7.611842399580417,1.0986122886681098,5.971261839790462,7.611842399580417,1.0986122886681098,5.845915251048722
2022-03-17,BTCUSDT,41114.01,41478.82,40500.0,40917.9,37189.38087,10.638687969327073,10.523778539025768,0.01911625329980454,0.04208915051468625,-0.004781075985047464,0.045624811430510115,0.031048208549032976,0.00045431172532922463,0.0018746776300759306,27.380968054003834,2022-03-17,43.40859483720246,0,0,7.611842399580417,1.0986122886681098,5.971261839790462,7.611842399580417,1.0986122886681098,5.845915251048722
2022-03-18,BTCUSDT,40917.89,42325.02,40135.04,41757.51,45408.00969,10.632938214494276,10.723443793358266,0.050615032788459156,0.04422062108312948,0.02031169524144141,-0.004781075985047464,0.031103929314623947,0.0018941391993887056,0.0016404172467828404,27.388014045453513,2022-03-18,43.231105219207045,0,0,7.611842399580417,1.0986122886681098,5.971261839790462,7.611842399580417,1.0986122886681098,5.845915251048722
2022-03-19,BTCUSDT,41757.51,42400.0,41499.29,42201.13,29067.18108,10.653133679535188,10.27736501877878,0.02078186970137634,0.03836093323769119,0.010567682574771557,0.02031169524144141,0.024804218380051767,0.0010282482480151584,0.0017264576935047073,27.404275588269975,2022-03-19,43.05383987415696,0,0,7.611842399580417,1.0986122886681098,5.971261839790462,7.611842399580417,1.0986122886681098,5.845915251048722
2022-03-20,BTCUSDT,42201.13,42296.26,40911.0,41262.11,30653.33468,10.654903641220049,10.330496734141152,0.018447384711313644,0.033382546106096804,-0.022502352481311442,0.010567682574771557,0.0243950629108742,0.0021782449634724387,0.001279232601721006,27.397123047301505,2022-03-20,43.01901175380872,0,0,7.611842399580417,1.0986122886681098,5.971261839790462,7.611842399580417,1.0986122886681098,5.845915251048722
2022-03-21,BTCUSDT,41262.11,41544.22,40467.94,41002.25,39426.24877,10.652453945049787,10.582187085901582,0.020827173934127585,0.030243703063104498,-0.006317702205992036,-0.022502352481311442,0.023950839122715138,0.000597012900519305,0.0013272258981150535,27.38296582055282,2022-03-21,42.77433932366794,0,0,7.611842399580417,1.0986122886681098,5.971261839790462,7.611842399580417,1.0986122886681098,5.845915251048722
2022-03-22,BTCUSDT,41002.26,43361.0,40875.51,42364.13,59454.94294,10.634513681100351,10.992974043153785,0.058416178686207715,0.0372868219688803,0.03267507037255884,-0.006317702205992036,0.02005739504518167,0.002972359458349513,0.0009911637537275324,27.402601763306887,2022-03-22,42.7133510759,0,0,7.611842399580417,1.0986122886681098,5.971261839790462,7.611842399580417,1.0986122886681098,5.845915251048722
2022-03-23,BTCUSDT,42364.13,43025.96,41751.47,42882.76,40828.87039,10.677315698578214,10.617144717754075,0.029250301655149535,0.03527769189044761,0.012167866742905374,0.03267507037255884,0.019593827136075905,0.0011460582921657052,0.000875833467039524,27.4170400509591,2022-03-23,42.70089797045613,0,0,7.611842399580417,1.0986122886681098,5.971261839790462,7.611842399580417,1.0986122886681098,5.845915251048722
2022-03-24,BTCUSDT,42882.76,44220.89,42560.46,43991.46,56195.12374,10.669558933439767,10.936585265925208,0.0377554723953475,0.03589713701667258,0.02552564380828476,0.012167866742905374,0.020359457933031767,0.0023339683445631103,0.0009190967756847564,27.438484165928664,2022-03-24,42.63471271850509,0,0,7.611842399580417,1.0986122886681098,5.971261839790462,7.611842399580417,1.0986122886681098,5.845915251048722
2022-03-25,BTCUSDT,43991.46,45094.14,43579.0,44313.16,54614.43648,10.696952580848428,10.908053531179918,0.031677853385270974,0.03484231610882218,0.007286174227543661,0.02552564380828476,0.020342870651648855,0.0006679628227636246,0.0009821021181321658,27.457501504324892,2022-03-25,42.79230071658033,0,0,7.611842399580417,1.0986122886681098,5.971261839790462,7.611842399580417,1.0986122886681098,5.845915251048722
2022-03-26,BTCUSDT,44313.16,44792.99,44071.97,44511.27,23041.61741,10.71650758356753,10.045057312432723,0.015129552854422726,0.029914125295222315,0.004460717136023095,0.007286174227543661,0.014301224180286542,0.0004440708497005871,0.001048244155568746,27.461595002408494,2022-03-26,42.86909016664775,0,0,7.611842399580417,1.0986122886681098,5.971261839790462,7.611842399580417,1.0986122886681098,5.845915251048722
2022-03-27,BTCUSDT,44511.27,46999.0,44421.46,46827.76,41874.91071,10.70980693294558,10.642442136826586,0.05633824804779351,0.03652015598336512,0.05073377393082759,0.004460717136023095,0.017735223762164225,0.004767117667031604,0.0016504601446582006,27.489412474683554,2022-03-27,42.83668099538538,0,0,7.611842399580417,1.0986122886681098,5.971261839790462,7.611842399580417,1.0986122886681098,5.845915251048722
2022-03-28,BTCUSDT,46827.76,48189.84,46663.56,47122.21,58949.2614,10.757881603870102,10.98443237662494,0.030937930885411965,0.03512459970887683,0.006268250306015814,0.05073377393082759,0.01787443371671226,0.0005706485406887986,0.0016746167279068562,27.522122827166577,2022-03-28,42.98707454982848,0,0,7.611842399580417,1.0986122886681098,5.971261839790462,7.611842399580417,1.0986122886681098,5.845915251048722
2022-03-29,BTCUSDT,47122.21,48096.47,46950.85,47434.8,36772.28457,10.782903489437956,10.51249970372233,0.02303700042407949,0.0321026998876775,0.006611696768465159,0.006268250306015814,0.018358249861120293,0.0006289366901122527,0.001718772303225933,27.526354014339443,2022-03-29,42.88204914336982,0,0,7.611842399580417,1.0986122886681098,5.971261839790462,7.611842399580417,1.0986122886681098,5.845915251048722
2022-03-30,BTCUSDT,47434.79,47700.22,46445.42,47067.99,40947.2085,10.780964064627376,10.62003891845947,0.02072233910154172,0.029257609691143556,-0.007762984396878372,0.006611696768465159,0.020142484228131082,0.0007309751363890917,0.0017005318999493175,27.521639187923416,2022-03-30,42.56456650015267,0,0,7.611842399580417,1.0986122886681098,5.971261839790462,7.611842399580417,1.0986122886681098,5.845915251048722
2022-03-31,BTCUSDT,47067.99,47600.0,45200.0,45510.34,48645.12667,10.772691289025126,10.792306911373657,0.02930156494799522,0.029268598505356472,-0.03365359925692603,-0.007762984396878372,0.027390537707030344,0.003118295238755637,0.001808709475522225,27.503799671080337,2022-03-31,42.263100515470384,0,0,7.611842399580417,1.0986122886681098,5.971261839790462,7.611842399580417,1.0986122886681098,5.845915251048722
2022-04-01,BTCUSDT,45510.35,46720.09,44200.0,46283.49,56271.06474,10.770588040219511,10.937935734231601,0.052918297452903884,0.03518102324224333,0.01684575714059203,-0.03365359925692603,0.027854879578270143,0.0015401221537507468,0.0017078169792377243,27.489421828806268,2022-04-01,42.01443351464165,0,0,7.611842399580417,1.3862943611198906,5.814130531825066,7.611842399580417,1.3862943611198906,5.69759754870645
2022-04-02,BTCUSDT,46283.49,47213.0,45620.0,45811.0,37073.53582,10.751929543870116,10.520658673845977,0.027254458196569926,0.03319938198082498,-0.010261073071446306,0.01684575714059203,0.01780218310656425,0.0009753261073809958,0.000976327751852763,27.501358587243853,2022-04-02,41.67985143729183,0,0,7.611842399580417,1.3862943611198906,5.814130531825066,7.611842399580417,1.3862943611198906,5.69759754870645
2022-04-03,BTCUSDT,45810.99,47444.11,45530.92,46407.35,33394.67794,10.762424557380308,10.416151823154557,0.03948055311524628,0.034769674764430304,0.012933614904539842,-0.010261073071446306,0.018729357299364754,0.0012416884012566999,0.0009181718253337674,27.502773846293117,2022-04-03,41.56477870598826,0,0,7.611842399580417,1.3862943611198906,5.814130531825066,7.611842399580417,1.3862943611198906,5.69759754870645
2022-04-04,BTCUSDT,46407.36,46890.71,45118.0,46580.51,44641.87514,10.76730766566937,10.706427601997346,0.03603027401232589,0.0350848245764042,0.0037243614415168034,0.012933614904539842,0.01848241599777989,0.0003478621982949758,0.0009694388884732675,27.501638448821847,2022-04-04,41.60081019169358,0,0,7.611842399580417,1.3862943611198906,5.814130531825066,7.611842399580417,1.3862943611198906,5.69759754870645
2022-04-05,BTCUSDT,46580.5,47200.0,45353.81,45497.55,42192.74852,10.75557485379028,10.650003649239645,0.024730522095103954,0.03249624895607914,-0.023523734948063195,0.0037243614415168034,0.020318574022370414,0.0022088006467249114,0.0009758277582250673,27.499940651680046,2022-04-05,41.62709169560144,0,0,7.611842399580417,1.3862943611198906,5.814130531825066,7.611842399580417,1.3862943611198906,5.69759754870645
2022-04-06,BTCUSDT,45497.54,45507.14,43121.0,43170.47,60849.32936,10.762149171573647,11.016156077155268,0.008536682292646152,0.02650635729022089,-0.052501781655002897,-0.023523734948063195,0.026136883065232985,0.0047658894161710695,0.0015568313915959218,27.459545970422692,2022-04-06,41.874254884979514,0,0,7.611842399580417,1.3862943611198906,5.814130531825066,7.611842399580417,1.3862943611198906,5.69759754870645
2022-04-07,BTCUSDT,43170.47,43900.99,42727.35,43444.19,37396.54156,10.725624515704826,10.529333507469103,0.025027266349158424,0.026136584554955274,0.006320429156202368,-0.052501781655002897,0.02436473760827536,0.0006002686828866138,0.0016389533301265269,27.43649430388798,2022-04-07,41.91503174775193,0,0,7.611842399580417,1.3862943611198906,5.814130531825066,7.611842399580417,1.3862943611198906,5.69759754870645
2022-04-08,BTCUSDT,43444.2,43970.62,42107.14,42252.01,42375.04203,10.689692150061834,10.654314836540667,0.02507863136400091,0.025872096257216683,-0.027825199218427053,0.006320429156202368,0.025357787307666947,0.002611636660388156,0.001632380664253907,27.42808212959333,2022-04-08,41.690642574353035,0,0,7.611842399580417,1.3862943611198906,5.814130531825066,7.611842399580417,1.3862943611198906,5.69759754870645
2022-04-09,BTCUSDT,42252.02,42800.0,42125.48,42753.97,17891.66047,10.691276962598529,9.792089987735077,0.015783405810658273,0.02334992364557708,0.011810129932037259,-0.027825199218427053,0.025126842282141466,0.0012060887866461446,0.001635586995850847,27.417110905282925,2022-04-09,41.650122262905484,0,0,7.611842399580417,1.3862943611198906,5.814130531825066,7.611842399580417,1.3862943611198906,5.69759754870645
2022-04-10,BTCUSDT,42753.96,43410.3,41868.0,42158.85,22771.09403,10.664293381569887,10.033247204895222,0.02638343914403412,0.02410830252019134,-0.014017429746878484,0.011810129932037259,0.023672892508915938,0.0013970980142938548,0.0014776275331497063,27.418632280577462,2022-04-10,41.620220224219146,0,0,7.611842399580417,1.3862943611198906,5.814130531825066,7.611842399580417,1.3862943611198906,5.69759754870645
2022-04-11,BTCUSDT,42158.85,42414.71,39200.0,39530.45,63560.44721,10.678452019119794,11.059746656654848,0.03298106850360433,0.026326494016044588,-0.06437336581826365,-0.014017429746878484,0.030842816771453962,0.00582050998243518,0.0021139876602422197,27.377253154080364,2022-04-11,41.7601961632669,0,0,7.611842399580417,1.3862943611198906,5.814130531825066,7.611842399580417,1.3862943611198906,5.69759754870645
2022-04-12,BTCUSDT,39530.45,40699.0,39254.63,40074.94,57751.01778,10.655250515014641,10.963896252124846,0.03460462155081854,0.028396025899738074,0.013679940298762482,-0.06437336581826365,0.030194475469746736,0.0012477261718078787,0.0019162098323594746,27.35407449069788,2022-04-12,41.64009995859222,0,0,7.611842399580417,1.3862943611198906,5.814130531825066,7.611842399580417,1.3862943611198906,5.69759754870645
2022-04-13,BTCUSDT,40074.95,41561.31,39588.54,41147.79,41342.27254,10.613958801104268,10.629640803664866,0.04735785168816171,0.03313648234684398,0.02641901842530263,0.013679940298762482,0.033608643936688186,0.0024854102705139324,0.0017600179851856115,27.371422213718777,2022-04-13,41.611451006900744,0,0,7.611842399580417,1.3862943611198906,5.814130531825066,7.611842399580417,1.3862943611198906,5.69759754870645
2022-04-14,BTCUSDT,41147.78,41500.0,39551.94,39942.38,36807.01401,10.634924965409372,10.513443704093339,0.028255160022591617,0.03191615176578089,-0.029732304130666604,0.02641901842530263,0.03382999784121468,0.002828027140059782,0.001765919124181211,27.370231303685088,2022-04-14,41.585536114559744,0,0,7.611842399580417,1.3862943611198906,5.814130531825066,7.611842399580417,1.3862943611198906,5.69759754870645
2022-04-15,BTCUSDT,39942.37,40870.36,39766.4,40551.9,24026.35739,10.63344870621879,10.086906731305957,0.026744669952658676,0.030623281312500333,0.015144719601020222,-0.029732304130666604,0.03427202193600437,0.0015014235785502726,0.0017263981997713378,27.363954875209696,2022-04-15,41.551582109921625,0,0,7.611842399580417,1.3862943611198906,5.814130531825066,7.611842399580417,1.3862943611198906,5.69759754870645
2022-04-16,BTCUSDT,40551.9,40709.35,39991.55,40378.71,15805.44718,10.618160384936461,9.668109917827444,0.014247673171561387,0.026529379277265598,-0.004279969331170057,0.015144719601020222,0.0342067867737383,0.0004426893537151494,0.0018897466641107032,27.367055643859054,2022-04-16,41.46569385225898,0,0,7.611842399580417,1.3862943611198906,5.814130531825066,7.611842399580417,1.3862943611198906,5.69759754870645
2022-04-17,BTCUSDT,40378.7,40595.67,39546.17,39678.12,19988.49259,10.614213074776583,9.902912016447003,0.014483212259991036,0.023517837522946956,-0.017502763604226226,-0.004279969331170057,0.021544491107942227,0.0017674360405461748,0.0008622986985310097,27.35822163873698,2022-04-17,41.463008493335366,0,0,7.611842399580417,1.3862943611198906,5.814130531825066,7.611842399580417,1.3862943611198906,5.69759754870645
2022-04-18,BTCUSDT,39678.11,41116.73,38536.51,40801.13,54243.49575,10.611416689655977,10.901238370205629,0.06304966114433218,0.03340079342829326,0.027909874843025737,-0.017502763604226226,0.023921585313140724,0.002560248101656663,0.0008870557101294805,27.357462020332218,2022-04-18,41.65385642108916,0,0,7.611842399580417,1.3862943611198906,5.814130531825066,7.611842399580417,1.3862943611198906,5.69759754870645
2022-04-19,BTCUSDT,40801.13,41760.0,40571.0,41493.18,35788.85843,10.624170373620593,10.485391906911612,0.028250868075463408,0.0321133120900858,0.01681929927737526,0.027909874843025737,0.02230803520323731,0.0016040696834887548,0.0008490190516094338,27.385507412692668,2022-04-19,41.72611366072236,0,0,7.611842399580417,1.3862943611198906,5.814130531825066,7.611842399580417,1.3862943611198906,5.69759754870645
2022-04-20,BTCUSDT,41493.19,42199.0,40820.0,41358.19,40877.35041,10.639694222556521,10.618331408931677,0.027832596160662096,0.031043133107729874,-0.0032586092287824916,0.01681929927737526,0.01687766633413106,0.0003068852443277003,0.0008528298196515764,27.393427667448318,2022-04-20,41.7415592422368,0,0,7.611842399580417,1.3862943611198906,5.814130531825066,7.611842399580417,1.3862943611198906,5.69759754870645
2022-04-21,BTCUSDT,41358.19,42976.0,39751.0,40480.01,59316.27657,10.650151803060869,10.990639025738348,0.06093876903160136,0.038517042088697745,-0.02146219513885801,-0.0032586092287824916,0.019272957427598967,0.0019527704520726158,0.0008866334460541765,27.385107464349478,2022-04-21,41.89856929203387,0,0,7.611842399580417,1.3862943611198906,5.814130531825066,7.611842399580417,1.3862943611198906,5.69759754870645
2022-04-22,BTCUSDT,40480.01,40795.06,39177.0,39709.18,46664.0196,10.668397099322965,10.750728688457386,0.02748121068244623,0.03575808423713486,-0.019225876795201283,-0.02146219513885801,0.020796541988832653,0.0017883324333022481,0.0007427187466657784,27.357826918938702,2022-04-22,41.71309073622353,0,0,7.611842399580417,1.3862943611198906,5.814130531825066,7.611842399580417,1.3862943611198906,5.69759754870645
2022-04-23,BTCUSDT,39709.19,39980.0,39285.0,39441.6,20291.42375,10.616316274630295,9.917953600392558,0.012724670121360387,0.029999730708191244,-0.006761298356655494,-0.019225876795201283,0.019710332846326763,0.0006817231284877032,0.0008383700171757957,27.346851034183203,2022-04-23,41.57993239139602,0,0,7.611842399580417,1.3862943611198906,5.814130531825066,7.611842399580417,1.3862943611198906,5.69759754870645
2022-04-24,BTCUSDT,39441.61,39940.0,38929.62,39450.13,26703.61186,10.596134608054392,10.192554110894845,0.022255060492816562,0.028063563154347573,0.0002162457340772487,-0.006761298356655494,0.014003980132419751,2.1216049650018842e-05,0.0008261794217407203,27.343107672118478,2022-04-24,41.677642978445924,0,0,7.611842399580417,1.3862943611198906,5.814130531825066,7.611842399580417,1.3862943611198906,5.69759754870645
2022-04-25,BTCUSDT,39450.12,40616.0,38200.0,40426.08,63037.12784,10.595133606969807,11.051479162580126,0.06008344064548877,0.03606853252713287,0.02443777865032932,0.0002162457340772487,0.016557239340217023,0.0022112676765545266,0.0009361444331872918,27.348617456378133,2022-04-25,41.88841028597428,0,0,7.611842399580417,1.3862943611198906,5.814130531825066,7.611842399580417,1.3862943611198906,5.69759754870645
2022-04-26,BTCUSDT,40426.08,40797.31,37702.26,38112.65,66650.258,10.611917356627231,11.107214196567105,0.03842361874521901,0.03665730408165441,-0.05892887322404605,0.02443777865032932,0.027686451087665483,0.00530545933311155,0.0018259743998309357,27.338122597932937,2022-04-26,41.895670477803314,0,0,7.611842399580417,1.3862943611198906,5.814130531825066,7.611842399580417,1.3862943611198906,5.69759754870645
2022-04-27,BTCUSDT,38112.64,39474.72,37881.31,39235.72,57083.12272,10.616371426846136,10.952263777872913,0.04075147725780157,0.0376808473756912,0.02904130834995406,-0.05892887322404605,0.03214391219976138,0.0026516260874420157,0.001845049458600464,27.323201882429753,2022-04-27,41.96825553246108,0,0,7.611842399580417,1.3862943611198906,5.814130531825066,7.611842399580417,1.3862943611198906,5.69759754870645
2022-04-28,BTCUSDT,39235.72,40372.63,38881.43,39742.07,56086.6715,10.58341574600179,10.934653478612846,0.03568791299991712,0.03718261378174768,0.012822767969639432,0.02904130834995406,0.03201026637547689,0.0011726725492233988,0.0018832365960662243,27.34563673777499,2022-04-28,42.12518630772462,0,0,7.611842399580417,1.3862943611198906,5.814130531825066,7.611842399580417,1.3862943611198906,5.69759754870645
2022-04-29,BTCUSDT,39742.06,39925.25,38175.0,38596.11,51453.65715,10.605907359111661,10.848436820368669,0.025446014329083614,0.03424846391858166,-0.02925883015250115,0.012822767969639432,0.0342213443667681,0.0026970549432122543,0.0017762021531331326,27.334047781088437,2022-04-29,42.21069801981945,0,0,7.611842399580417,1.3862943611198906,5.814130531825066,7.611842399580417,1.3862943611198906,5.69759754870645
2022-04-30,BTCUSDT,38596.11,38795.38,37578.2,37630.8,35321.18989,10.594764234804373,10.472238342995286,0.014196547534688714,0.029235484822608425,-0.025328630177714796,-0.02925883015250115,0.03522420260125823,0.0024186453123134573,0.001373355833956971,27.309527119484404,2022-04-30,42.52376507338841,0,0,7.611842399580417,1.3862943611198906,5.814130531825066,7.611842399580417,1.3862943611198906,5.69759754870645
2022-05-01,BTCUSDT,37630.8,38675.0,37386.38,38468.35,38812.24104,10.566056446356763,10.566490966576282,0.033367827755910705,0.030268570555933995,0.02201296126766681,-0.025328630177714796,0.03479064691416449,0.002083280186137269,0.0013842136911016369,27.306685314253144,2022-05-01,42.6584374198971,0,0,7.611842399580417,1.6094379124341003,5.793013608384144,7.611842399580417,1.6094379124341003,5.7035374653105295
2022-05-02,BTCUSDT,38468.35,39167.34,38052.0,38525.16,53200.92628,10.562948675441266,10.881831086456357,0.025587252847524576,0.02909824112883164,0.0014757090645608362,0.02201296126766681,0.0243838986508314,0.000135612201001495,0.0010134301720211734,27.319713847479168,2022-05-02,42.64502765939534,0,0,7.611842399580417,1.6094379124341003,5.793013608384144,7.611842399580417,1.6094379124341003,5.7035374653105295
2022-05-03,BTCUSDT,38525.16,38651.51,37517.8,37728.95,40316.45358,10.57559851523983,10.604514942031582,0.01569008931194344,0.02574620317460959,-0.02088383006942929,0.0014757090645608362,0.021583985870576167,0.001969333834087505,0.0009426183019404824,27.307916510190978,2022-05-03,42.47097158553345,0,0,7.611842399580417,1.6094379124341003,5.793013608384144,7.611842399580417,1.6094379124341003,5.7035374653105295
2022-05-04,BTCUSDT,37728.95,40023.77,37670.0,39690.0,62574.61736,10.562341121816448,11.044115001379161,0.060501384458261274,0.03443499849552251,0.05067156251954114,-0.02088383006942929,0.031584242772240236,0.004588105295282909,0.0014315464138225044,27.32561643728243,2022-05-04,42.30586959775604,0,0,7.611842399580417,1.6094379124341003,5.793013608384144,7.611842399580417,1.6094379124341003,5.7035374653105295
2022-05-05,BTCUSDT,39690.0,39845.51,35571.9,36552.97,88722.43355,10.59722880659946,11.393268051201717,0.058514431014285946,0.04045485662521337,-0.08233682535055205,0.05067156251954114,0.04564724291040854,0.007226796120351744,0.0024820787188879175,27.30275321186265,2022-05-05,41.966200143996474,0,0,7.611842399580417,1.6094379124341003,5.793013608384144,7.611842399580417,1.6094379124341003,5.7035374653105295
2022-05-06,BTCUSDT,36552.97,36675.63,35258.0,36013.77,68437.80187,10.592765005348378,11.133680609869074,0.02995103858827292,0.03782890211597826,-0.014861076122788424,-0.08233682535055205,0.04509806611969007,0.0013347855613547353,0.0025766306915098254,27.25457052499092,2022-05-06,41.73021880320515,0,0,7.611842399580417,1.6094379124341003,5.793013608384144,7.611842399580417,1.6094379124341003,5.7035374653105295
2022-05-07,BTCUSDT,36013.77,36146.3,34785.0,35472.39,34281.70682,10.509867780777753,10.442367162020632,0.0286413636761908,0.035532017506031396,-0.015146717920837932,-0.014861076122788424,0.04275477488851333,0.0014505061626186866,0.0026286612663662706,27.239917278114117,2022-05-07,41.76637525401906,0,0,7.611842399580417,1.6094379124341003,5.793013608384144,7.611842399580417,1.6094379124341003,5.7035374653105295
2022-05-08,BTCUSDT,35472.4,35514.22,33713.95,34038.4,72445.64344,10.495329871034688,11.190591813987758,0.02341474957400405,0.032502700523024564,-0.04126534832558704,-0.015146717920837932,0.04331483281868192,0.0036875036648202223,0.002291185586903816,27.213770775537327,2022-05-08,41.76591698016159,0,0,7.611842399580417,1.6094379124341003,5.793013608384144,7.611842399580417,1.6094379124341003,5.7035374653105295
2022-05-09,BTCUSDT,34038.39,34243.15,30033.33,30076.31,191876.926428,10.477688458639696,12.164609437288833,0.031076772697091415,0.032146218566541276,-0.12375148039084222,-0.04126534832558704,0.060414857781986825,0.010173074690873357,0.0034423671869180583,27.136397588220134,2022-05-09,41.80572247676718,0,0,7.611842399580417,1.6094379124341003,5.793013608384144,7.611842399580417,1.6094379124341003,5.7035374653105295
2022-05-10,BTCUSDT,30074.23,32658.99,29730.4,31017.1,165532.00311,10.441241823687704,12.016919827371108,0.09073864954636036,0.04679432631149605,0.03080084662153245,-0.12375148039084222,0.05488816954309781,0.002563123251548781,0.003557970626070579,27.097394814726197,2022-05-10,41.94388514844104,0,0,7.611842399580417,1.6094379124341003,5.793013608384144,7.611842399580417,1.6094379124341003,5.7035374653105295
2022-05-11,BTCUSDT,31017.11,32162.59,27785.0,29103.94,207063.739278,10.393875441367772,12.240781944067505,0.10202609078900998,0.06060226743087453,-0.0636651051045502,0.03080084662153245,0.05256217888722751,0.005201065209351719,0.0033252650928604945,27.06787733072814,2022-05-11,42.681130407889796,0,0,7.611842399580417,1.6094379124341003,5.793013608384144,7.611842399580417,1.6094379124341003,5.7035374653105295
2022-05-12,BTCUSDT,29103.94,30243.0,26700.0,29029.75,204507.263138,10.378559254876018,12.228358770401533,0.10952492640521695,0.07283293217446013,-0.00255239398280821,-0.0636651051045502,0.05386897010932312,0.0002087274368320156,0.003535531118054573,27.012175613423377,2022-05-12,43.8082153440821,0,0,7.611842399580417,1.6094379124341003,5.793013608384144,7.611842399580417,1.6094379124341003,5.7035374653105295
2022-05-13,BTCUSDT,29029.74,31083.37,28751.67,29287.05,97872.36957,10.317020031722052,11.491419557529655,0.07421237897184553,0.07317779387380648,0.008824272580558484,-0.00255239398280821,0.056541247474845166,0.0007679010009495698,0.003638842487424687,27.050773277334784,2022-05-13,44.643057358713165,0,0,7.611842399580417,1.6094379124341003,5.793013608384144,7.611842399580417,1.6094379124341003,5.7035374653105295
2022-05-14,BTCUSDT,29287.05,30343.27,28630.0,30086.74,51095.87863,10.344428228461922,10.841459119905897,0.05643798074680568,0.06899284059205628,0.02693910433173367,0.008824272580558484,0.06097268602421144,0.0024848227562165545,0.0036770155305250545,27.05531830997114,2022-05-14,44.62919104637805,0,0,7.611842399580417,1.6094379124341003,5.793013608384144,7.611842399580417,1.6094379124341003,5.7035374653105295
2022-05-15,BTCUSDT,30086.74,31460.0,29480.0,31328.89,46275.66912,10.320330025605054,10.742371596980595,0.06434708983097737,0.06783140290178655,0.040456131904645545,0.02693910433173367,0.037871507404230245,0.0037660335559437106,0.0018521821977815695,27.089048335087483,2022-05-15,44.650754075727754,0,0,7.611842399580417,1.6094379124341003,5.793013608384144,7.611842399580417,1.6094379124341003,5.7035374653105295
2022-05-16,BTCUSDT,31328.89,31328.9,29087.04,29874.01,73082.19658,10.356472176612268,11.199340067237825,0.044521443774552416,0.062003913119978014,-0.04755180340819563,0.040456131904645545,0.04129459585376515,0.004245946914970649,0.0019864505436995128,27.083123395417854,2022-05-16,44.73087288219684,0,0,7.611842399580417,1.6094379124341003,5.793013608384144,7.611842399580417,1.6094379124341003,5.7035374653105295
2022-05-17,BTCUSDT,29874.01,30788.37,29450.38,30444.93,56724.13307,10.352296273211765,10.945955026499083,0.04258912742864407,0.057150216697144526,0.018930606202495235,-0.04755180340819563,0.030751094924363533,0.0017294613541409675,0.001609780299662333,27.074374252512445,2022-05-17,44.644638560277066,0,0,7.611842399580417,1.6094379124341003,5.793013608384144,7.611842399580417,1.6094379124341003,5.7035374653105295
2022-05-18,BTCUSDT,30444.93,30709.99,28654.47,28715.32,59749.15799,10.334892300251218,10.997910377476888,0.027002165859857232,0.0496132039878227,-0.05848869957421896,0.018930606202495235,0.04113632170132946,0.0053181647755559626,0.001694624599118143,27.057133948185914,2022-05-18,44.735988819547075,0,0,7.611842399580417,1.6094379124341003,5.793013608384144,7.611842399580417,1.6094379124341003,5.7035374653105295
2022-05-19,BTCUSDT,28715.33,30545.18,28691.38,30319.23,67877.36415,10.332343287807984,11.12545788756888,0.0625606760304412,0.05285007199847733,0.05435138641776955,-0.05848869957421896,0.04723771063387882,0.004885316808263641,0.0013911673309262448,27.055208297157918,2022-05-19,45.13311222452195,0,0,7.611842399580417,1.6094379124341003,5.793013608384144,7.611842399580417,1.6094379124341003,5.7035374653105295
2022-05-20,BTCUSDT,30319.22,30777.33,28730.0,29201.01,60517.25325,10.326962178011339,11.010683781049456,0.04367864779387651,0.05055721594732712,-0.03757886695618367,0.05435138641776955,0.04877416957324942,0.003412945799139273,0.0012702622401055145,27.061653149099616,2022-05-20,45.165799592344264,0,0,7.611842399580417,1.6094379124341003,5.793013608384144,7.611842399580417,1.6094379124341003,5.7035374653105295
2022-05-21,BTCUSDT,29201.01,29656.18,28947.28,29445.06,20987.13124,10.33453365899096,9.951664730772828,0.0228695062687571,0.04363528852768462,0.008322856374715153,-0.03757886695618367,0.04435091300213845,0.0008363280516252696,0.0017868574051062294,27.04677050844182,2022-05-21,44.941255152923745,0,0,7.611842399580417,1.6094379124341003,5.793013608384144,7.611842399580417,1.6094379124341003,5.7035374653105295
2022-05-22,BTCUSDT,29445.07,30487.99,29255.11,30293.94,36158.98748,10.297425814410206,10.49568081300788,0.04077492757234554,0.04292019828884985,0.028421538420796314,0.008322856374715153,0.042403111396866776,0.0027079270918349504,0.0017520173290799246,27.06569130819903,2022-05-22,44.97183635743072,0,0,7.611842399580417,1.6094379124341003,5.793013608384144,7.611842399580417,1.6094379124341003,5.7035374653105295
2022-05-23,BTCUSDT,30293.93,30670.51,28866.35,29109.15,63901.49932,10.325088114555742,11.065098103627138,0.033960167537184165,0.04068019060093343,-0.039895134769211214,0.028421538420796314,0.04454288099082607,0.003605493091483174,0.001609779392962356,27.061165758676253,2022-05-23,44.88966745753881,0,0,7.611842399580417,1.6094379124341003,5.793013608384144,7.611842399580417,1.6094379124341003,5.7035374653105295
2022-05-24,BTCUSDT,29109.14,29845.86,28669.0,29654.58,59442.96036,10.331056885597366,10.992772482323728,0.03899323339183182,0.04025845129865803,0.018564024573910418,-0.039895134769211214,0.0374349801330257,0.0016887481846605294,0.0014459275428068757,27.04712464266853,2022-05-24,44.935650121073586,0,0,7.611842399580417,1.6094379124341003,5.793013608384144,7.611842399580417,1.6094379124341003,5.7035374653105295
2022-05-25,BTCUSDT,29654.58,30223.74,29294.21,29542.15,59537.38659,10.303801415734583,10.994359740257417,0.026399145445253954,0.03679362483530701,-0.003798525195082192,0.018564024573910418,0.028731664737548315,0.0003454976264941877,0.0013567743611651848,27.059057703842438,2022-05-25,45.13583901447642,0,0,7.611842399580417,1.6094379124341003,5.793013608384144,7.611842399580417,1.6094379124341003,5.7035374653105295
2022-05-26,BTCUSDT,29542.14,29886.64,28019.56,29201.35,94581.65463,10.316382987269138,11.457218810546848,0.054165752609135406,0.04113665677876411,-0.011603116040031471,-0.003798525195082192,0.02434074626618804,0.0010127340877308128,0.0012409581871857993,27.040937887824207,2022-05-26,45.847812383189364,0,0,7.611842399580417,1.6094379124341003,5.793013608384144,7.611842399580417,1.6094379124341003,5.7035374653105295
2022-05-27,BTCUSDT,29201.35,29397.66,28282.9,28629.8,90998.5201,10.305166836781275,11.418598522729386,0.0254675987967646,0.037219392283264235,-0.0197668076759755,-0.011603116040031471,0.025109442605379194,0.001731106285646922,0.0011681149197329032,27.031738701498426,2022-05-27,46.52567061849141,0,0,7.611842399580417,1.6094379124341003,5.793013608384144,7.611842399580417,1.6094379124341003,5.7035374653105295
2022-05-28,BTCUSDT,28629.81,29266.0,28450.0,29031.33,34479.35127,10.28867035832244,10.448115909925457,0.02736672762952808,0.034756226119830196,0.013927458255286653,-0.0197668076759755,0.02176208951120946,0.001333011461143526,0.0010986120706111993,27.03153003357846,2022-05-28,46.391771402798504,0,0,7.611842399580417,1.6094379124341003,5.793013608384144,7.611842399580417,1.6094379124341003,5.7035374653105295
2022-05-29,BTCUSDT,29031.33,29587.78,28839.21,29468.1,27567.34764,10.284181711652371,10.224387294819701,0.025094936716851247,0.03234090376908546,0.014932730664861931,0.013927458255286653,0.015977092146064194,0.0014605012735020087,0.0005193708063396514,27.044382465724713,2022-05-29,46.33658682726505,0,0,7.611842399580417,1.6094379124341003,5.793013608384144,7.611842399580417,1.6094379124341003,5.7035374653105295
2022-05-30,BTCUSDT,29468.1,32222.0,29299.62,31734.22,96785.9476,10.295116717233313,11.480257093305081,0.09461381973742478,0.04790913276117029,0.07408727158891816,0.014932730664861931,0.033704618068490934,0.0064534505618453,0.002206113353770353,27.092891165465275,2022-05-30,46.4487261098483,0,0,7.611842399580417,1.6094379124341003,5.793013608384144,7.611842399580417,1.6094379124341003,5.7035374653105295
2022-05-31,BTCUSDT,31734.23,32399.0,31200.01,31801.04,62433.11632,10.380404728050932,11.041851123837047,0.03325226480117266,0.04424491577117088,0.002103399738536469,0.07408727158891816,0.03325914679208586,0.00019049339779592472,0.002230918570623697,27.128332007386195,2022-05-31,46.620229270698935,0,0,7.611842399580417,1.6094379124341003,5.793013608384144,7.611842399580417,1.6094379124341003,5.7035374653105295
2022-06-01,BTCUSDT,31801.05,31982.97,29301.0,29805.83,103395.63382,10.38588283710658,11.546318014052734,0.04356896658878827,0.044075928475575225,-0.06479498169315473,0.002103399738536469,0.045671562212352086,0.005611744074110412,0.0025749528850736187,27.09448841922022,2022-06-01,46.638675997150585,0,0,7.611842399580417,1.791759469228055,5.808142489980444,7.611842399580417,1.791759469228055,5.6339138144210725
2022-06-02,BTCUSDT,29805.84,30689.0,29594.55,30452.62,56961.42928,10.372958852619833,10.95012963846767,0.03554859856742982,0.04194409599853888,0.021468021186670065,-0.06479498169315473,0.04457488289816276,0.0019605266691321327,0.002557609321407172,27.07658801912293,2022-06-02,46.717511613812746,0,0,7.611842399580417,1.791759469228055,5.808142489980444,7.611842399580417,1.791759469228055,5.6339138144210725
2022-06-03,BTCUSDT,30452.63,30699.0,29282.36,29700.21,54067.44727,10.331659563179363,10.897987569683965,0.030592813945312537,0.039106275485232295,-0.025017916656657774,0.021468021186670065,0.04672262711282632,0.0022956455489316803,0.002473354170052823,27.07128083049307,2022-06-03,46.849921073378724,0,0,7.611842399580417,1.791759469228055,5.808142489980444,7.611842399580417,1.791759469228055,5.6339138144210725
2022-06-04,BTCUSDT,29700.21,29988.88,29485.0,29864.04,25617.90113,10.331985359754865,10.151046648987897,0.016024826035518542,0.03333591312280386,0.005500964525962497,-0.025017916656657774,0.046430768085118874,0.0005419110675164681,0.0026119131552136843,27.062200675036205,2022-06-04,46.883782217504866,0,0,7.611842399580417,1.791759469228055,5.808142489980444,7.611842399580417,1.791759469228055,5.6339138144210725
2022-06-05,BTCUSDT,29864.03,30189.0,29531.42,29919.21,23139.9281,10.308581925263756,10.049314893569115,0.019607773268964415,0.029903878159343998,0.001845667997686214,0.005500964525962497,0.030806339192909,0.00018366107712151775,0.0020778178083161064,27.066176414682495,2022-06-05,46.851775538050134,0,0,7.611842399580417,1.791759469228055,5.808142489980444,7.611842399580417,1.791759469228055,5.6339138144210725
2022-06-06,BTCUSDT,29919.2,31765.64,29890.23,31373.1,68836.92456,10.315232898601442,11.139495574138666,0.06075447772567737,0.03761652805092734,0.047450088834951915,0.001845667997686214,0.03883232592577521,0.004259626346556619,0.002112248596827151,27.094735796273767,2022-06-06,47.206772399542864,0,0,7.611842399580417,1.791759469228055,5.808142489980444,7.611842399580417,1.791759469228055,5.6339138144210725
2022-06-07,BTCUSDT,31373.1,31589.6,29218.96,31125.33,110674.51658,10.36614048145926,11.6143488896667,0.07093931589694387,0.045947225012431474,-0.007928880711022794,0.047450088834951915,0.024988303420963878,0.00068267974264809,0.0015255856351594297,27.09745502302543,2022-06-07,47.571131969910404,0,0,7.611842399580417,1.791759469228055,5.808142489980444,7.611842399580417,1.791759469228055,5.6339138144210725
2022-06-08,BTCUSDT,31125.32,31327.22,29843.88,30204.77,68542.61276,10.36058323148108,11.13521091492381,0.02861787339973274,0.04161488710925679,-0.030022098209930834,-0.007928880711022794,0.027799773297768705,0.0026961409567639294,0.0015836007319706893,27.092137609469198,2022-06-08,47.5192281080477,0,0,7.611842399580417,1.791759469228055,5.808142489980444,7.611842399580417,1.791759469228055,5.6339138144210725
2022-06-09,BTCUSDT,30204.77,30700.0,29944.1,30109.93,46291.1865,10.352242647165326,10.742706865582761,0.021290970716114577,0.036533908010971235,-0.00314484124646771,-0.030022098209930834,0.02540856472136346,0.00029274197702844156,0.001661494639047755,27.079114421036678,2022-06-09,47.20980071759964,0,0,7.611842399580417,1.791759469228055,5.808142489980444,7.611842399580417,1.791759469228055,5.6339138144210725
2022-06-10,BTCUSDT,30109.93,30382.8,28850.0,29091.88,76204.2498,10.332017933575289,11.241172511773101,0.028703709863878796,0.03457635847419813,-0.0343959202434377,-0.00314484124646771,0.02931794233677488,0.003059816065220436,0.0017058343370282658,27.058044448120512,2022-06-10,47.33662979212403,0,0,7.611842399580417,1.791759469228055,5.808142489980444,7.611842399580417,1.791759469228055,5.6339138144210725
2022-06-11,BTCUSDT,29091.87,29440.41,28099.99,28424.7,65901.39895,10.321631937801365,11.095914948641608,0.030879224058456493,0.03365207487026272,-0.023200611947273582,-0.0343959202434377,0.03003103045004549,0.0020909147244422472,0.0014951234000943725,27.028940813358616,2022-06-11,47.94185954231018,0,0,7.611842399580417,1.791759469228055,5.808142489980444,7.611842399580417,1.791759469228055,5.6339138144210725
2022-06-12,BTCUSDT,28424.71,28544.96,26560.0,26574.53,92474.598809,10.290123499376273,11.43468927831871,0.018476303435241936,0.029858132011507523,-0.06730524721449922,-0.023200611947273582,0.02294730371729271,0.005886058254518254,0.0020072404445943986,26.985044625932076,2022-06-12,48.19389239255282,0,0,7.611842399580417,1.791759469228055,5.808142489980444,7.611842399580417,1.791759469228055,5.6339138144210725
2022-06-13,BTCUSDT,26574.53,26895.84,21925.77,22487.41,254611.034966,10.259235667101178,12.447492306530684,0.08555149826304473,0.04378147357439183,-0.16699764123151092,-0.06730524721449922,0.059058303735051824,0.013416167459199326,0.004695091304358736,26.867251578827766,2022-06-13,47.192403904322084,0,0,7.611842399580417,1.791759469228055,5.808142489980444,7.611842399580417,1.791759469228055,5.6339138144210725
2022-06-14,BTCUSDT,22485.27,23362.88,20846.0,22136.41,187201.64671,10.199726906790726,12.139941639514717,0.09439746026484919,0.05643547024700617,-0.01573183286725236,-0.16699764123151092,0.06049788968890353,0.001295873846382117,0.004839656361540627,26.769712565995793,2022-06-14,46.04433545482953,0,0,7.611842399580417,1.791759469228055,5.808142489980444,7.611842399580417,1.791759469228055,5.6339138144210725
2022-06-15,BTCUSDT,22136.42,22800.0,20111.62,22583.72,200774.493467,10.058903717014095,12.209937634164675,0.12176456946017594,0.07276774505029861,0.020005528538409763,-0.01573183286725236,0.06480613396495354,0.0016384627946364127,0.0046416988599506815,26.756635918332766,2022-06-15,45.620673478013494,0,0,7.611842399580417,1.791759469228055,5.808142489980444,7.611842399580417,1.791759469228055,5.6339138144210725
2022-06-16,BTCUSDT,22583.72,22995.73,20232.0,20401.31,99673.59429,10.034515814942532,11.509656069215572,0.056844677085319775,0.0687869780590539,-0.10163017824163617,0.020005528538409763,0.06774257227121719,0.008829992627969348,0.0048601949560791325,26.740189551426926,2022-06-16,45.260634185932155,0,0,7.611842399580417,1.791759469228055,5.808142489980444,7.611842399580417,1.791759469228055,5.6339138144210725
2022-06-17,BTCUSDT,20400.6,21365.43,20246.66,20468.81,86694.33663,10.043063825501875,11.370143839181807,0.05067567970249082,0.06425915346991312,0.0033031496542327322,-0.10163017824163617,0.07132445507604365,0.00029051080627933606,0.005160981514145872,26.696003519395777,2022-06-17,44.9680794407789,0,0,7.611842399580417,1.791759469228055,5.808142489980444,7.611842399580417,1.791759469228055,5.6339138144210725
2022-06-18,BTCUSDT,20468.81,20792.06,17622.0,18970.79,196441.655524,9.969529474250505,12.188120747749515,0.1167763415611004,0.07738845049270994,-0.0760018363469714,0.0033031496542327322,0.07171848779656531,0.006235730505131795,0.005171886059604573,26.638029128927958,2022-06-18,44.43196991357931,0,0,7.611842399580417,1.791759469228055,5.808142489980444,7.611842399580417,1.791759469228055,5.6339138144210725
2022-06-19,BTCUSDT,18970.79,20815.95,17960.41,20574.0,128320.87595,9.942326462042441,11.762289249370683,0.14536511814471434,0.09438261740571104,0.08112771492687064,-0.0760018363469714,0.0663736175993237,0.0068972725637750495,0.0035534718910595485,26.644345421742408,2022-06-19,44.16764113292741,0,0,7.611842399580417,1.791759469228055,5.808142489980444,7.611842399580417,1.791759469228055,5.6339138144210725
2022-06-20,BTCUSDT,20574.0,21090.0,19637.03,20573.89,109028.94154,9.94347479875094,11.599368644683022,0.06277367299124764,0.08648038130209519,-5.346568195921985e-06,0.08112771492687064,0.06664044832510256,4.6093613882793285e-07,0.003796131194207801,26.688587905945585,2022-06-20,44.349019337560314,0,0,7.611842399580417,1.791759469228055,5.808142489980444,7.611842399580417,1.791759469228055,5.6339138144210725
2022-06-21,BTCUSDT,20573.9,21723.0,20348.4,20723.52,104371.0749,9.95655427347282,11.55570785569754,0.0612701701983436,0.08017782852615729,0.007246490991842595,-5.346568195921985e-06,0.06560271399576441,0.0006270919170278015,0.003940709793014455,26.70711255078445,2022-06-21,44.1949151088022,0,0,7.611842399580417,1.791759469228055,5.808142489980444,7.611842399580417,1.791759469228055,5.6339138144210725
2022-06-22,BTCUSDT,20723.51,20900.0,19770.51,19987.99,92133.97938,9.98612688605693,11.430999094266895,0.031403553254221256,0.06798425970817329,-0.03613769395083157,0.007246490991842595,0.05226379384377567,0.003161376678697847,0.0030838486537504077,26.682934249553444,2022-06-22,44.187766834639014,0,0,7.611842399580417,1.791759469228055,5.808142489980444,7.611842399580417,1.791759469228055,5.6339138144210725
2022-06-23,BTCUSDT,19988.0,21233.0,19890.07,21110.13,83127.08716,9.947504437952903,11.328125886334666,0.06511746314652804,0.06726756056776198,0.05462142687846785,-0.03613769395083157,0.05751747895330195,0.00482175316787031,0.002873867633883261,26.693693607497814,2022-06-23,44.19129542058479,0,0,7.611842399580417,1.791759469228055,5.808142489980444,7.611842399580417,1.791759469228055,5.6339138144210725
2022-06-24,BTCUSDT,21110.12,21558.41,20736.72,21237.69,77430.36622,9.963311854181793,11.257134311060918,0.03525056834749582,0.05926331251269544,0.0060244133369918825,0.05462142687846785,0.042039048858114575,0.0005351640275867081,0.002778441068610699,26.722886002233945,2022-06-24,43.77906932281762,0,0,7.611842399580417,1.791759469228055,5.808142489980444,7.611842399580417,1.791759469228055,5.6339138144210725
2022-06-25,BTCUSDT,21237.68,21614.5,20906.62,21491.19,51431.67794,9.97852127462255,10.848009563941597,0.03192027796814053,0.05242755387655671,0.011865650317023644,0.0060244133369918825,0.028989612710840676,0.0010938089837664458,0.0018785408016401058,26.730252672913895,2022-06-25,43.38758543670424,0,0,7.611842399580417,1.791759469228055,5.808142489980444,7.611842399580417,1.791759469228055,5.6339138144210725
2022-06-26,BTCUSDT,21491.18,21888.0,20964.73,21038.07,53278.10464,9.981119664749981,10.883280731007943,0.029582247693990458,0.04671622733091515,-0.02130943009010775,0.011865650317023644,0.031273507832276684,0.0019579969144225317,0.0016827461732110704,26.731904316593827,2022-06-26,43.42466837962939,0,0,7.611842399580417,1.791759469228055,5.808142489980444,7.611842399580417,1.791759469228055,5.6339138144210725
2022-06-27,BTCUSDT,21038.08,21539.85,20510.0,20742.56,64475.0013,9.993693820422276,11.074032850912399,0.037965806793782364,0.04452862219663195,-0.014146025460121855,-0.02130943009010775,0.032001817762537334,0.0012774050475167548,0.0015926211289647497,26.713206604843556,2022-06-27,43.425559032009936,0,0,7.611842399580417,1.791759469228055,5.808142489980444,7.611842399580417,1.791759469228055,5.6339138144210725
2022-06-28,BTCUSDT,20742.57,21212.1,20202.01,20281.29,63801.0832,9.977659986897832,11.063525447245182,0.03457622664901085,0.04204052330972667,-0.022488841996465433,-0.014146025460121855,0.029275143599711798,0.0020327012491362017,0.0015126809623083864,26.69605576658205,2022-06-28,43.45732295377666,0,0,7.611842399580417,1.791759469228055,5.808142489980444,7.611842399580417,1.791759469228055,5.6339138144210725
2022-06-29,BTCUSDT,20281.28,20432.31,19854.92,20123.01,77309.04379,9.962327052558562,11.255566223721667,0.02230773644233607,0.03710732659287902,-0.007834849739538354,-0.022488841996465433,0.01425618852881336,0.0006960866813635743,0.0006253625227002613,26.674536778082082,2022-06-29,43.665736875567504,0,0,7.611842399580417,1.791759469228055,5.808142489980444,7.611842399580417,1.791759469228055,5.6339138144210725
2022-06-30,BTCUSDT,20123.0,20179.08,18626.0,19942.21,93846.64806,9.924872750436002,11.44941732544715,0.07417060450612874,0.046373146071191446,-0.009025345538186133,-0.007834849739538354,0.012516940004393056,0.0007882798994606177,0.0005725466147783216,26.652180844220773,2022-06-30,43.81467202963226,0,0,7.611842399580417,1.791759469228055,5.808142489980444,7.611842399580417,1.791759469228055,5.6339138144210725
2022-07-01,BTCUSDT,19942.21,20918.35,18975.0,19279.8,111844.59494,9.912401703175593,11.62486564156645,0.07383642256055416,0.05323896519353212,-0.03378067520510561,-0.009025345538186133,0.00978572932315145,0.0029058981193139767,0.0008485529529954037,26.6553100297567,2022-07-01,43.76500972217592,0,0,7.611842399580417,1.9459101490553132,6.0014148779611505,7.611842399580417,1.9459101490553132,5.754260506590944
2022-07-02,BTCUSDT,19279.8,19467.39,18977.01,19252.81,46180.3021,9.948382043175382,10.740308624680074,0.021804504156542354,0.04538034993428468,-0.001400891578015631,-0.03378067520510561,0.011672236523329908,0.00013043308409187916,0.0010109963206581516,26.627757987372522,2022-07-02,43.315162751565154,0,0,7.611842399580417,1.9459101490553132,6.0014148779611505,7.611842399580417,1.9459101490553132,5.754260506590944
2022-07-03,BTCUSDT,19252.82,19647.63,18781.0,19315.83,51087.46631,9.876496036992132,10.841294468415501,0.040154868417256614,0.04407397955502766,0.003267942871976135,-0.001400891578015631,0.01382730076434468,0.0003014347485438017,0.001091646290400245,26.628400072197245,2022-07-03,43.2646596574167,0,0,7.611842399580417,1.9459101490553132,6.0014148779611505,7.611842399580417,1.9459101490553132,5.754260506590944
2022-07-04,BTCUSDT,19315.83,20354.01,19055.31,20236.71,74814.04601,9.88571199933633,11.2227609272163,0.06533425027296755,0.04938904723451264,0.04657331482099153,0.003267942871976135,0.02632445370563992,0.004149898151001921,0.0016409432456165334,26.65336610790577,2022-07-04,43.333826489349676,0,0,7.611842399580417,1.9459101490553132,6.0014148779611505,7.611842399580417,1.9459101490553132,5.754260506590944
2022-07-05,BTCUSDT,20236.71,20750.0,19304.4,20175.83,96041.13756,9.921033223055677,11.472531894913105,0.06237986316215395,0.052636751216422965,-0.0030129284649952903,0.04657331482099153,0.02612370155296405,0.00026262105807099267,0.001691918854157105,26.67252459837126,2022-07-05,43.49394691479158,0,0,7.611842399580417,1.9459101490553132,6.0014148779611505,7.611842399580417,1.9459101490553132,5.754260506590944
2022-07-06,BTCUSDT,20175.84,20675.22,19761.25,20564.51,82439.5808,9.940301525658844,11.31982095008123,0.04396283672573533,0.05046827259375106,0.019081421173606727,-0.0030129284649952903,0.026603224537941773,0.0016856645752395757,0.0016640122926263822,26.681177024408004,2022-07-06,43.53445957103099,0,0,7.611842399580417,1.9459101490553132,6.0014148779611505,7.611842399580417,1.9459101490553132,5.754260506590944
2022-07-07,BTCUSDT,20564.51,21838.1,20251.68,21624.98,85014.58261,9.936691160705895,11.350578080875346,0.07441507002061717,0.056454971950467586,0.05028235345384914,0.019081421173606727,0.024029309766842307,0.004429937673268832,0.0019921890216478746,26.71938178793945,2022-07-07,43.76657387072681,0,0,7.611842399580417,1.9459101490553132,6.0014148779611505,7.611842399580417,1.9459101490553132,5.754260506590944
2022-07-08,BTCUSDT,21624.99,22527.37,21189.26,21594.75,403081.57349,9.991411429737445,12.906894236053486,0.05375207479331609,0.05577924766117971,-0.0013988983702488548,0.05028235345384914,0.024028969143725147,0.00010838380982012239,0.001995960520261836,26.750017974547625,2022-07-08,44.22870590082277,0,0,7.611842399580417,1.9459101490553132,6.0014148779611505,7.611842399580417,1.9459101490553132,5.754260506590944
2022-07-09,BTCUSDT,21594.75,21980.0,21322.12,21591.83,178417.84468,10.022486293367871,12.09188352035894,0.026401609563532644,0.048434838136767945,-0.00013522719346830976,-0.0013988983702488548,0.024513611044160614,1.1183302687346399e-05,0.0020431722460584815,26.745268575811686,2022-07-09,44.216614384497156,0,0,7.611842399580417,1.9459101490553132,6.0014148779611505,7.611842399580417,1.9459101490553132,5.754260506590944
2022-07-10,BTCUSDT,21592.15,21607.65,20655.0,20862.47,192188.21556,9.997888227957612,12.166230460215067,0.021813602881072553,0.041779529322844094,-0.03436315139820555,-0.00013522719346830976,0.02803471005146688,0.002824469872618055,0.001791099961262521,26.72446645777545,2022-07-10,44.02525176929561,0,0,7.611842399580417,1.9459101490553132,6.0014148779611505,7.611842399580417,1.9459101490553132,5.754260506590944
2022-07-11,BTCUSDT,20861.11,20868.48,19875.23,19963.61,137535.40724,9.980802697636713,11.831636670139474,0.015232387279451401,0.03514274381199592,-0.04404073474684607,-0.03436315139820555,0.034629951338851155,0.0037222859334411005,0.001848303317527885,26.68661202682044,2022-07-11,43.91554847753077,0,0,7.611842399580417,1.9459101490553132,6.0014148779611505,7.611842399580417,1.9459101490553132,5.754260506590944
2022-07-12,BTCUSDT,19963.61,20059.42,19240.0,19328.75,139506.45862,9.945995165602877,11.845866177523076,0.019224874034453006,0.03116327636761019,-0.032317491445751946,-0.04404073474684607,0.03479945728217422,0.002728166177250316,0.0018471432345947831,26.649295006882987,2022-07-12,43.84615775170644,0,0,7.611842399580417,1.9459101490553132,6.0014148779611505,7.611842399580417,1.9459101490553132,5.754260506590944
2022-07-13,BTCUSDT,19331.28,20366.61,18910.94,20234.87,209250.24888,9.90645414783771,12.251286177741695,0.07318797256489934,0.04166945041693248,0.045813728987704215,-0.032317491445751946,0.03325644043530497,0.003739503618072299,0.0017041947451487073,26.652614298781074,2022-07-13,43.84162712474789,0,0,7.611842399580417,1.9459101490553132,6.0014148779611505,7.611842399580417,1.9459101490553132,5.754260506590944
2022-07-14,BTCUSDT,20234.87,20900.0,19616.07,20588.84,174809.21696,9.921652074163648,12.071450469417588,0.05961284432186391,0.04615529889316534,0.017341827629275455,0.045813728987704215,0.035171738979008334,0.0014365984993443914,0.001446687281336754,26.684389095868863,2022-07-14,43.720348358571826,0,0,7.611842399580417,1.9459101490553132,6.0014148779611505,7.611842399580417,1.9459101490553132,5.754260506590944
2022-07-15,BTCUSDT,20588.84,21200.0,20382.29,20830.04,143343.3049,9.947504437952903,11.872997765651588,0.03700970741228908,0.04386890102294627,0.011646994153803221,0.017341827629275455,0.036014149848314594,0.0009809649074050875,0.0011484668538464418,26.704676459754427,2022-07-15,43.45267236845123,0,0,7.611842399580417,1.9459101490553132,6.0014148779611505,7.611842399580417,1.9459101490553132,5.754260506590944
2022-07-16,BTCUSDT,20830.04,21588.94,20478.61,21195.6,121011.67393,9.961756460660103,11.703642298685432,0.04974931905741029,0.045339005531562275,0.01739743738897494,0.011646994153803221,0.034000410928365775,0.0014864977025937508,0.0012174636161120182,26.71798835605162,2022-07-16,43.14828094406194,0,0,7.611842399580417,1.9459101490553132,6.0014148779611505,7.611842399580417,1.9459101490553132,5.754260506590944
2022-07-17,BTCUSDT,21195.6,21684.54,20750.01,20798.16,118229.4525,9.97993642549949,11.680382528042072,0.032464021555253506,0.042120259537485084,-0.018929091711402925,0.01739743738897494,0.02814661821942904,0.0016205883382636032,0.0010314630944462271,26.72181654314334,2022-07-17,42.73580823975675,0,0,7.611842399580417,1.9459101490553132,6.0014148779611505,7.611842399580417,1.9459101490553132,5.754260506590944
2022-07-18,BTCUSDT,20799.58,22777.63,20762.45,22432.58,239942.73132,9.98435484322455,12.388155554349966,0.09248551670092375,0.05471157382834475,0.07564984518217717,-0.018929091711402925,0.03232008175818612,0.006106626999498206,0.001987966634447267,26.749440582599213,2022-07-18,42.45630756273482,0,0,7.611842399580417,1.9459101490553132,6.0014148779611505,7.611842399580417,1.9459101490553132,5.754260506590944
2022-07-19,BTCUSDT,22432.58,23800.0,21579.54,23396.62,263770.76574,10.033534192958403,12.482835693336668,0.09449612807195529,0.06465771238924739,0.04207720104807247,0.07564984518217717,0.031867496729480936,0.003370804685872238,0.0019496102448628256,26.79959564422949,2022-07-19,42.6812130424029,0,0,7.611842399580417,1.9459101490553132,6.0014148779611505,7.611842399580417,1.9459101490553132,5.754260506590944
2022-07-20,BTCUSDT,23398.48,24276.74,22906.19,23223.3,238762.17094,10.077440859659566,12.383223234802816,0.04933179909304155,0.06082623406519593,-0.007435482451242203,0.04207720104807247,0.03443546543156961,0.000600448066731521,0.0020671928205037455,26.82748296114493,2022-07-20,43.47345762691454,0,0,7.611842399580417,1.9459101490553132,6.0014148779611505,7.611842399580417,1.9459101490553132,5.754260506590944
2022-07-21,BTCUSDT,23223.3,23442.77,22341.46,23152.19,184817.68191,10.097273969272504,12.127125114943723,0.04280766387421996,0.05632159151745194,-0.003066708544995841,-0.007435482451242203,0.0356573141041478,0.0002528800944930362,0.002182555172136982,26.80971720049151,2022-07-21,43.19371554331049,0,0,7.611842399580417,1.9459101490553132,6.0014148779611505,7.611842399580417,1.9459101490553132,5.754260506590944
2022-07-22,BTCUSDT,23152.19,23756.49,22500.0,22684.83,171598.43966,10.062317410770378,12.052912373104215,0.040421828079550505,0.052346650657976584,-0.02039295734074819,-0.003066708544995841,0.03889421310581239,0.001691952675791005,0.0021699510495797945,26.808805603348574,2022-07-22,42.87521200171922,0,0,7.611842399580417,1.9459101490553132,6.0014148779611505,7.611842399580417,1.9459101490553132,5.754260506590944
2022-07-23,BTCUSDT,22684.83,23000.77,21934.57,22451.07,122137.77375,10.075611035291105,11.71290497957646,0.037937559328408484,0.04874437782558456,-0.010358144626696868,-0.02039295734074819,0.037700236261346005,0.0008843360929468941,0.002234150425567062,26.787160467428052,2022-07-23,42.67329520876238,0,0,7.611842399580417,1.9459101490553132,6.0014148779611505,7.611842399580417,1.9459101490553132,5.754260506590944
2022-07-24,BTCUSDT,22448.58,23014.64,22257.15,22579.68,115189.67277,10.043282972611772,11.654335377131726,0.030929791962611513,0.044290731359841296,0.005712112265188854,-0.010358144626696868,0.021835082401311098,0.0004901276718359442,0.0011673135783591513,26.790117559326454,2022-07-24,42.39175779997102,0,0,7.611842399580417,1.9459101490553132,6.0014148779611505,7.611842399580417,1.9459101490553132,5.754260506590944
2022-07-25,BTCUSDT,22577.13,22666.0,21250.0,21310.9,180344.76643,10.04388581415638,12.1026256669475,0.02065904538942531,0.0383828098672373,-0.05783170787580325,0.005712112265188854,0.022413865851460005,0.004778443080640158,0.0017048893799050998,26.76184714681538,2022-07-25,42.44917277087787,0,0,7.611842399580417,1.9459101490553132,6.0014148779611505,7.611842399580417,1.9459101490553132,5.754260506590944
2022-07-26,BTCUSDT,21310.9,21347.82,20706.5,21254.67,177817.24326,10.028621283292894,12.088511578574415,0.028364670580643167,0.03587827504558877,-0.002642042980227913,-0.05783170787580325,0.022842783645639037,0.00021855817095883413,0.001749480616005081,26.724845417709027,2022-07-26,42.558181808711026,0,0,7.611842399580417,1.9459101490553132,6.0014148779611505,7.611842399580417,1.9459101490553132,5.754260506590944
2022-07-27,BTCUSDT,21254.67,23112.63,21042.53,22952.45,210971.19796,9.968704905715084,12.259476900581639,0.09346112704084664,0.05027398804440324,0.07684804868982513,-0.002642042980227913,0.044272765208237835,0.00626846066214939,0.002522937764267951,26.768481467117397,2022-07-27,42.51142694818243,0,0,7.611842399580417,1.9459101490553132,6.0014148779611505,7.611842399580417,1.9459101490553132,5.754260506590944
2022-07-28,BTCUSDT,22954.31,24199.72,22582.13,23842.93,236029.0741,10.048134500341542,12.371710271758808,0.06740451636878106,0.054556620125497696,0.03806305270838894,0.07684804868982513,0.04567850454674091,0.0030766201173718366,0.002509758947365646,26.825671726672994,2022-07-28,42.40985754195371,0,0,7.611842399580417,1.9459101490553132,6.0014148779611505,7.611842399580417,1.9459101490553132,5.754260506590944
2022-07-29,BTCUSDT,23845.25,24442.66,23414.03,23773.75,198298.50623,10.094096341829909,12.19752878160004,0.036635257838591895,0.050076279553771245,-0.0029057065160629104,0.03806305270838894,0.04516820890926451,0.00023822091901485535,0.002610918261999916,26.8462395255973,2022-07-29,42.3412890269048,0,0,7.611842399580417,1.9459101490553132,6.0014148779611505,7.611842399580417,1.9459101490553132,5.754260506590944
2022-07-30,BTCUSDT,23777.28,24668.0,23502.25,23643.51,151060.13211,10.10408524533365,11.925433262420214,0.0430126453868468,0.04831037101204014,-0.0054933721401181045,-0.0029057065160629104,0.045587875399736286,0.00046064340131179846,0.002615507856106951,26.847181398571152,2022-07-30,42.20222361662533,0,0,7.611842399580417,1.9459101490553132,6.0014148779611505,7.611842399580417,1.9459101490553132,5.754260506590944
2022-07-31,BTCUSDT,23644.64,24194.82,23227.31,23293.32,127743.32483,10.113262136111384,11.757778254880817,0.03145231522617262,0.04409585706557326,-0.014922034485878831,-0.0054933721401181045,0.03550792450401728,0.0012691202506463742,0.0023884517585065117,26.83420278855388,2022-07-31,42.12852349330365,0,0,7.611842399580417,1.9459101490553132,6.0014148779611505,7.611842399580417,1.9459101490553132,5.754260506590944
2022-08-01,BTCUSDT,23296.36,23509.68,22850.0,23268.01,144210.16219,10.09389383964612,11.87902697423477,0.024700967617266947,0.03924713470349668,-0.001087168364516185,-0.014922034485878831,0.03536031999366014,9.151998449656006e-05,0.0024070623718524917,26.81877291391057,2022-08-01,42.07710428716252,0,0,7.611842399580417,2.0794415416798357,5.793013608384144,7.611842399580417,2.0794415416798357,5.523622302786094
2022-08-02,BTCUSDT,23266.9,23459.89,22654.37,22987.79,158073.28225,10.065167530212218,11.97081401619056,0.02604620890658204,0.03594690325426802,-0.012116250420426194,-0.001087168364516185,0.019275239630732882,0.001012149249335837,0.001102525199722693,26.812789755227453,2022-08-02,42.22433876983784,0,0,7.611842399580417,2.0794415416798357,5.793013608384144,7.611842399580417,2.0794415416798357,5.523622302786094
2022-08-03,BTCUSDT,22985.93,23647.68,22681.22,22818.37,145948.80995,10.063047433364419,11.891011222429217,0.035564017983122635,0.03585118193648167,-0.007397292091435454,-0.012116250420426194,0.0053380083632379605,0.0006220910865412723,0.0004528727275406766,26.810315001307544,2022-08-03,42.149801121853315,0,0,7.611842399580417,2.0794415416798357,5.793013608384144,7.611842399580417,2.0794415416798357,5.523622302786094
2022-08-04,BTCUSDT,22816.91,23223.32,22400.0,22622.98,154854.67016,10.071020291856643,11.950242344197456,0.02863455324313756,0.034047024763145646,-0.008599709479179367,-0.007397292091435454,0.004882955297890241,0.0007196263666866163,0.00041357625647892526,26.79845113031863,2022-08-04,41.74331522319618,0,0,7.611842399580417,2.0794415416798357,5.793013608384144,7.611842399580417,2.0794415416798357,5.523622302786094
2022-08-05,BTCUSDT,22622.41,23472.86,22586.95,23312.42,175251.69749,10.05291222522068,12.07397849095549,0.03833247109589507,0.035118386346333005,0.030020061930577643,-0.008599709479179367,0.01653714229601802,0.002486343830500063,0.0008150862838434461,26.809261392041705,2022-08-05,41.400345196556415,0,0,7.611842399580417,2.0794415416798357,5.793013608384144,7.611842399580417,2.0794415416798357,5.523622302786094
2022-08-06,BTCUSDT,23313.56,23354.36,22909.52,22954.21,83911.80307,10.063600139111692,11.337521562775304,0.008227792571008006,0.028395737902501755,-0.01548490381388308,0.030020061930577643,0.016624089575477296,0.001365810307671207,0.0008216067352662209,26.815023602747114,2022-08-06,41.246258524700536,0,0,7.611842399580417,2.0794415416798357,5.793013608384144,7.611842399580417,2.0794415416798357,5.523622302786094
2022-08-07,BTCUSDT,22954.21,23402.0,22844.62,23174.39,88890.00877,10.058538969435068,11.395155027896983,0.023115313098611145,0.0270756317015291,0.009546427689530375,-0.01548490381388308,0.01734871781062928,0.0008377619844714129,0.0006941682838766916,26.813402133512426,2022-08-07,41.25510344422208,0,0,7.611842399580417,2.0794415416798357,5.793013608384144,7.611842399580417,2.0794415416798357,5.523622302786094
2022-08-08,BTCUSDT,23174.39,24245.0,23154.25,23810.0,170958.44152,10.060576767778903,12.04917577390094,0.04586076412452927,0.031771914807279145,0.02705787086036656,0.009546427689530375,0.01942725883881818,0.0022456200629901286,0.00080969576720901,26.835083474644055,2022-08-08,41.20478247104377,0,0,7.611842399580417,2.0794415416798357,5.793013608384144,7.611842399580417,2.0794415416798357,5.523622302786094
2022-08-09,BTCUSDT,23810.98,23933.25,22865.0,23149.95,143182.50858,10.095965689539453,11.871875379260446,0.027128659574136748,0.030611100998993546,-0.028113039796074532,0.02705787086036656,0.023638353229070045,0.0023680369695580333,0.0007966644384597323,26.82823187306837,2022-08-09,41.329117277097595,0,0,7.611842399580417,2.0794415416798357,5.793013608384144,7.611842399580417,2.0794415416798357,5.523622302786094
2022-08-10,BTCUSDT,23151.32,24226.0,22664.69,23954.05,208916.54953,10.083023984467994,12.249690166666193,0.06479327980353569,0.039156645700129084,0.03414479115449657,-0.028113039796074532,0.025983459943928346,0.0027874003905348755,0.0007488557309712974,26.83077158828114,2022-08-10,41.12628834921186,0,0,7.611842399580417,2.0794415416798357,5.793013608384144,7.611842399580417,2.0794415416798357,5.523622302786094
2022-08-11,BTCUSDT,23954.05,24918.54,23852.13,23934.39,249759.79557,10.095181715576748,12.428254917243159,0.04172825092340027,0.03979954700594688,-0.0008210750278983731,0.03414479115449657,0.02410138334876006,6.606519043628566e-05,0.001039673062310613,26.858915876528453,2022-08-11,40.93466311493062,0,0,7.611842399580417,2.0794415416798357,5.793013608384144,7.611842399580417,2.0794415416798357,5.523622302786094
2022-08-12,BTCUSDT,23933.09,24456.5,23583.0,24403.68,174207.5704,10.12336738370514,12.068002800550408,0.03592924208826821,0.03883197077652721,0.01941760376984897,-0.0008210750278983731,0.022504600177260033,0.0016090155173781825,0.0010328840784820438,26.856144696704863,2022-08-12,40.86749581368669,0,0,7.611842399580417,2.0794415416798357,5.793013608384144,7.611842399580417,2.0794415416798357,5.523622302786094
2022-08-13,BTCUSDT,24401.7,24888.0,24291.22,24441.38,152852.25435,10.104651308242278,11.937227075983525,0.022514428384584242,0.03475258517854147,0.0015436569219570487,0.01941760376984897,0.02278685197319594,0.0001293145310993311,0.0011752986146034822,26.873139483062307,2022-08-13,40.83117743518261,0,0,7.611842399580417,2.0794415416798357,5.793013608384144,7.611842399580417,2.0794415416798357,5.523622302786094
2022-08-14,BTCUSDT,24443.06,25047.56,24144.0,24305.24,151206.14473,10.122141038577473,11.926399381650475,0.03129717184631563,0.03388873184548501,-0.005585632561017508,0.0015436569219570487,0.021433043565927037,0.00046834190121214283,0.0011840832646115194,26.872024720227067,2022-08-14,40.8004172789847,0,0,7.611842399580417,2.0794415416798357,5.793013608384144,7.611842399580417,2.0794415416798357,5.523622302786094
2022-08-15,BTCUSDT,24305.25,25211.32,23773.22,24094.82,242539.54758,10.128531696579197,12.398920058867244,0.04946799989273211,0.03778354885729678,-0.008695085325241067,-0.005585632561017508,0.016649609511994345,0.0007012776341777175,0.0010543657558944783,26.866264462760864,2022-08-15,40.96073617209781,0,0,7.611842399580417,2.0794415416798357,5.793013608384144,7.611842399580417,2.0794415416798357,5.523622302786094
2022-08-16,BTCUSDT,24093.04,24247.49,23671.22,23854.74,179324.94821,10.135048378985754,12.09695479218935,0.017032712937173188,0.032595839877265886,-0.01001393990872997,-0.008695085325241067,0.010810241098371849,0.0008278066737254963,0.0005652330052432013,26.850500770781732,2022-08-16,40.9099438781298,0,0,7.611842399580417,2.0794415416798357,5.793013608384144,7.611842399580417,2.0794415416798357,5.523622302786094
2022-08-17,BTCUSDT,23856.15,24446.71,23180.4,23342.66,210668.68766,10.096068385853963,12.258041977737655,0.038743929951818315,0.03413286239590399,-0.021700351923622782,-0.01001393990872997,0.013805550916140628,0.0017702951224211586,0.0006454811202070544,26.839427043237755,2022-08-17,40.82574676338991,0,0,7.611842399580417,2.0794415416798357,5.793013608384144,7.611842399580417,2.0794415416798357,5.523622302786094
2022-08-18,BTCUSDT,23342.66,23600.0,23111.04,23191.2,144185.97011,10.104250925521766,11.87885920443936,0.016250426746754625,0.02966225348361665,-0.0065096914314182845,-0.021700351923622782,0.007614578392098998,0.0005480064473687412,0.0005575499303530162,26.822525216857397,2022-08-18,40.97122748683979,0,0,7.611842399580417,2.0794415416798357,5.793013608384144,7.611842399580417,2.0794415416798357,5.523622302786094
2022-08-19,BTCUSDT,23191.45,23208.67,20783.57,20834.39,283995.87747,10.069001991013701,12.556715001087282,0.01869849784114046,0.026921314572997602,-0.10716790958304105,-0.0065096914314182845,0.03989010208870553,0.008534709083845689,0.0031670056978521034,26.76490085555347,2022-08-19,40.84289395810043,0,0,7.611842399580417,2.0794415416798357,5.793013608384144,7.611842399580417,2.0794415416798357,5.523622302786094
2022-08-20,BTCUSDT,20834.39,21382.85,20761.9,21140.07,183041.68363,10.052281194739923,12.117469185284676,0.028786439113132133,0.027387595708031235,0.014565304906857087,-0.10716790958304105,0.042759539108271176,0.0012020088257822877,0.0031029904449881517,26.719449694215267,2022-08-20,40.85792663155634,0,0,7.611842399580417,2.0794415416798357,5.793013608384144,7.611842399580417,2.0794415416798357,5.523622302786094
2022-08-21,BTCUSDT,21140.07,21800.0,21069.11,21515.61,159200.6841,9.970344477846638,11.97792084949374,0.03344837775170872,0.028902791218950605,0.017608426506096567,0.014565304906857087,0.045791558110658465,0.0014700737070608382,0.0030408035706715,26.73584646174487,2022-08-21,41.05060161588755,0,0,7.611842399580417,2.0794415416798357,5.793013608384144,7.611842399580417,2.0794415416798357,5.523622302786094
2022-08-22,BTCUSDT,21516.7,21548.71,20890.18,21399.83,222222.04526,9.98966524877718,12.311432364857684,0.027539242224945425,0.02856190397044931,-0.005395740129964921,0.017608426506096567,0.046008482677058794,0.0004382707040138375,0.0030847241791695035,26.734127006389016,2022-08-22,40.89445142024928,0,0,7.611842399580417,2.0794415416798357,5.793013608384144,7.611842399580417,2.0794415416798357,5.523622302786094
2022-08-23,BTCUSDT,21400.75,21684.87,20890.14,21529.12,200967.77164,9.978071232951303,12.210899834085863,0.034928744418862026,0.030153614082552488,0.00602345926973469,-0.005395740129964921,0.04695695725275982,0.0004932854541088471,0.003173609721053053,26.735817806926566,2022-08-23,40.789815484435906,0,0,7.611842399580417,2.0794415416798357,5.793013608384144,7.611842399580417,2.0794415416798357,5.523622302786094
2022-08-24,BTCUSDT,21529.11,21900.0,21145.0,21368.08,174383.22046,9.984370061324128,12.069010572869537,0.028074463539849968,0.029633826446876857,-0.007508217623966096,0.00602345926973469,0.04692907683072779,0.0006221071378331668,0.003166431067028923,26.74106127621153,2022-08-24,40.600451842309575,0,0,7.611842399580417,2.0794415416798357,5.793013608384144,7.611842399580417,2.0794415416798357,5.523622302786094
2022-08-25,BTCUSDT,21368.05,21819.88,21310.15,21559.04,169915.78301,9.994241915804592,12.043058199225397,0.022937384726084472,0.02795971601667876,0.008896998430986994,-0.007508217623966096,0.010279125680124592,0.0007387657091584298,0.00041627313138547297,26.742412099682177,2022-08-25,40.501277132070214,0,0,7.611842399580417,2.0794415416798357,5.793013608384144,7.611842399580417,2.0794415416798357,5.523622302786094
2022-08-26,BTCUSDT,21559.04,21886.77,20107.9,20241.05,273811.61955,9.990576759830235,12.520195629029514,0.04169927777774013,0.031394606456944106,-0.06308249760374372,0.008896998430986994,0.028898526233422782,0.0050384594197138335,0.0017891844380614722,26.71564713900738,2022-08-26,40.562094946145926,0,0,7.611842399580417,2.0794415416798357,5.793013608384144,7.611842399580417,2.0794415416798357,5.523622302786094
2022-08-27,BTCUSDT,20239.14,20402.93,19800.0,20037.6,162582.46032,9.99363762366783,11.998940600166748,0.022437634978364297,0.029155363587299154,-0.010102211978267828,-0.06308249760374372,0.02622300453073172,0.000841925326151497,0.00180724290697667,26.675193886870982,2022-08-27,40.63401105198333,0,0,7.611842399580417,2.0794415416798357,5.793013608384144,7.611842399580417,2.0794415416798357,5.523622302786094
2022-08-28,BTCUSDT,20037.6,20171.18,19520.0,19555.61,139307.95976,9.923433796969853,11.844442299269648,0.016301400133710345,0.02594187272390195,-0.024348306776797283,-0.010102211978267828,0.02642908431485262,0.002055673552337593,0.0017619366859051404,26.660103491143825,2022-08-28,40.49692106614445,0,0,7.611842399580417,2.0794415416798357,5.793013608384144,7.611842399580417,2.0794415416798357,5.523622302786094
2022-08-29,BTCUSDT,19555.61,20433.62,19550.79,20285.73,210509.49545,9.912010131963862,12.25728604011332,0.04414561273953742,0.030492807727810815,0.03665548140456874,-0.024348306776797283,0.03335755332349703,0.0029905055070600164,0.0017339610147807467,26.66701186488741,2022-08-29,40.45655560516492,0,0,7.611842399580417,2.0794415416798357,5.793013608384144,7.611842399580417,2.0794415416798357,5.523622302786094
2022-08-30,BTCUSDT,20287.2,20576.25,19540.0,19811.66,256634.35529,9.924936862521568,12.455407608756618,0.03534369564149189,0.031705529706231084,-0.023647029931174457,0.03665548140456874,0.03377278299169813,0.0018985352124927417,0.0015969325716230585,26.672052656322233,2022-08-30,40.14210035135467,0,0,7.611842399580417,2.0794415416798357,5.793013608384144,7.611842399580417,2.0794415416798357,5.523622302786094
2022-08-31,BTCUSDT,19813.03,20490.0,19797.94,20050.02,276946.60765,9.931892777041295,12.531580014424325,0.03411754792057147,0.03230853425981618,0.011959497995954903,-0.023647029931174457,0.034183380012652705,0.000954348771837954,0.0015577879073105391,26.671402989699306,2022-08-31,40.07843757675225,0,0,7.611842399580417,2.0794415416798357,5.793013608384144,7.611842399580417,2.0794415416798357,5.523622302786094
2022-09-01,BTCUSDT,20048.44,20208.37,19565.66,20131.46,245289.97263,9.927692241232945,12.410196351424913,0.030849534589522373,0.03194378434224273,0.004053614327647557,0.011959497995954903,0.023461671697020774,0.00032663579308977894,0.0009793905256757275,26.668596848376975,2022-09-01,39.99878331450172,0,0,7.611842399580417,2.1972245773362196,5.983936280687191,7.611842399580417,2.1972245773362196,5.593921167838494
2022-09-02,BTCUSDT,20132.64,20441.26,19755.29,19951.86,245986.6033,9.913852154003019,12.413032355301521,0.026582361780876487,0.03060342870190117,-0.008961393513317224,0.004053614327647557,0.02337669631848257,0.0007219342749469169,0.0009968608857606402,26.672891123415457,2022-09-02,39.92946983040578,0,0,7.611842399580417,2.1972245773362196,5.983936280687191,7.611842399580417,2.1972245773362196,5.593921167838494
2022-09-03,BTCUSDT,19950.98,20055.93,19652.72,19831.9,146639.03204,9.925310686253354,11.895729281564359,0.015596837364651886,0.02685178086758885,-0.006030619708257377,-0.008961393513317224,0.020717808551456003,0.0005069567039999345,0.0010216880357530815,26.66308343324831,2022-09-03,39.85159841943188,0,0,7.611842399580417,2.1972245773362196,5.983936280687191,7.611842399580417,2.1972245773362196,5.593921167838494
2022-09-04,BTCUSDT,19832.45,20029.23,19583.1,20000.3,145588.77893,9.906280149604676,11.888541343986386,0.02211608788348719,0.025667857621563435,0.008455521077103931,-0.006030619708257377,0.013216258459638575,0.0007112328445054373,0.0005545261753173855,26.662496477944778,2022-09-04,39.7535157785936,0,0,7.611842399580417,2.1972245773362196,5.983936280687191,7.611842399580417,2.1972245773362196,5.593921167838494
2022-09-05,BTCUSDT,20000.3,20057.27,19633.83,19796.84,222543.01057,9.904947985584442,12.312875667839831,0.014615013478287421,0.022904646585744433,-0.010224944437388826,0.008455521077103931,0.009508820359005804,0.0008304270028564894,0.00022596668418665435,26.66291486827575,2022-09-05,39.51600922830202,0,0,7.611842399580417,2.1972245773362196,5.983936280687191,7.611842399580417,2.1972245773362196,5.593921167838494
2022-09-06,BTCUSDT,19795.34,20180.0,18649.51,18790.61,356315.05718,9.906346960529781,12.783570610538222,0.04435494328425672,0.028267220760372504,-0.052165052029039496,-0.010224944437388826,0.02158207471899089,0.004080632369334815,0.0014244338711036143,26.636636953032905,2022-09-06,39.44300784637542,0,0,7.611842399580417,2.1972245773362196,5.983936280687191,7.611842399580417,2.1972245773362196,5.593921167838494
2022-09-07,BTCUSDT,18790.61,19464.06,18510.77,19292.84,287394.7788,9.9124472939076,12.568612085447425,0.04887912124410585,0.03342019588130584,0.02637676564806005,-0.052165052029039496,0.026107087945901837,0.0020986219853662605,0.0013913730392220351,26.619008078149523,2022-09-07,39.259466424525,0,0,7.611842399580417,2.1972245773362196,5.983936280687191,7.611842399580417,2.1972245773362196,5.593921167838494
2022-09-08,BTCUSDT,19292.85,19458.25,19012.0,19319.77,262813.28273,9.876324967072664,12.479199107427965,0.020821659348802257,0.030270561748179943,0.0013948813284810479,0.02637676564806005,0.02630037818109841,0.00011177651037323187,0.0014784529202440835,26.632191751493504,2022-09-08,39.03188813532952,0,0,7.611842399580417,2.1972245773362196,5.983936280687191,7.611842399580417,2.1972245773362196,5.593921167838494
2022-09-09,BTCUSDT,19320.54,21597.22,19291.75,21360.11,428919.74652,9.876026423638672,12.969025109361231,0.11281412039650346,0.050906451410260824,0.10039623993986292,0.0013948813284810479,0.05050918570221284,0.007741232597922526,0.0028901867591750873,26.689085311419742,2022-09-09,39.719906655730604,0,0,7.611842399580417,2.1972245773362196,5.983936280687191,7.611842399580417,2.1972245773362196,5.593921167838494
2022-09-10,BTCUSDT,21361.62,21810.8,21111.13,21648.34,307997.33504,9.98031988168552,12.637846409450747,0.031223212316503445,0.04598564163682148,0.013403613252505489,0.10039623993986292,0.05047282771835612,0.001060593143661098,0.002847838627210122,26.741208007328268,2022-09-10,40.430217328815594,0,0,7.611842399580417,2.1972245773362196,5.983936280687191,7.611842399580417,2.1972245773362196,5.593921167838494
2022-09-11,BTCUSDT,21647.21,21860.0,21350.0,21826.87,280702.55149,9.990160538944789,12.545050852048599,0.023158370910850323,0.04027882395532869,0.008213002469083833,0.013403613252505489,0.04930948761068695,0.0006546806837170098,0.0028711528598545917,26.749987355966322,2022-09-11,40.5469385688315,0,0,7.611842399580417,2.1972245773362196,5.983936280687191,7.611842399580417,2.1972245773362196,5.593921167838494
2022-09-12,BTCUSDT,21826.87,22488.0,21538.51,22395.74,395395.61828,9.99241376173053,12.887642107917241,0.04250091962113509,0.040834347871780294,0.02572898259027063,0.008213002469083833,0.03619947883819366,0.0019964072849652298,0.002784533962774294,26.767795150249963,2022-09-12,41.13128660762432,0,0,7.611842399580417,2.1972245773362196,5.983936280687191,7.611842399580417,2.1972245773362196,5.593921167838494
2022-09-13,BTCUSDT,22395.44,22799.0,19860.0,20173.57,431915.03333,10.020737112586367,12.975984165775303,0.06593156823598792,0.047108652962832204,-0.10449743036114226,0.02572898259027063,0.06569329253327379,0.008053141020066792,0.003638355287099669,26.732621848860067,2022-09-13,40.997506047470154,0,0,7.611842399580417,2.1972245773362196,5.983936280687191,7.611842399580417,2.1972245773362196,5.593921167838494
2022-09-14,BTCUSDT,20173.62,20541.48,19617.62,20226.71,340826.40151,10.034471954331547,12.739128540156196,0.04106205090896062,0.04559700244936431,0.002630676354029713,-0.10449743036114226,0.06567248330119095,0.000206503635294778,0.0036220809842973036,26.67625766052491,2022-09-14,40.32535045970587,0,0,7.611842399580417,2.1972245773362196,5.983936280687191,7.611842399580417,2.1972245773362196,5.593921167838494
2022-09-15,BTCUSDT,20227.17,20330.24,19497.0,19701.88,333069.76076,9.930201535414497,12.716107238794015,0.024434351173218637,0.04030633963032789,-0.026289945533484776,0.002630676354029713,0.04782986466408878,0.0020674523295368253,0.0028934860667686577,26.66662591094923,2022-09-15,40.41179770969437,0,0,7.611842399580417,2.1972245773362196,5.983936280687191,7.611842399580417,2.1972245773362196,5.593921167838494
2022-09-16,BTCUSDT,19701.88,19890.0,19320.01,19803.3,283791.07064,9.919864711766682,12.555993579647199,0.027566203507000592,0.037121305599496064,0.00513452781707948,-0.026289945533484776,0.0470128607246004,0.0004089304270911989,0.002962512888706843,26.653104629089015,2022-09-16,40.76921481418299,0,0,7.611842399580417,2.1972245773362196,5.983936280687191,7.611842399580417,2.1972245773362196,5.593921167838494
2022-09-17,BTCUSDT,19803.3,20189.0,19748.08,20113.62,179350.24338,9.897972371848018,12.097095839970939,0.021843835579619754,0.03330193809452699,0.0155486070502051,0.00513452781707948,0.0478209193384995,0.0012853173402850755,0.002906042943684384,26.667523149739065,2022-09-17,40.89554495218801,0,0,7.611842399580417,2.1972245773362196,5.983936280687191,7.611842399580417,2.1972245773362196,5.593921167838494
2022-09-18,BTCUSDT,20112.61,20117.26,19335.62,19416.18,254217.46904,9.912893180610224,12.445945357012773,0.013151732370084036,0.028264386663416248,-0.03529045844411419,0.0155486070502051,0.04412347661847304,0.0028354984239288405,0.002906605157907398,26.656722530328103,2022-09-18,41.15732157491807,0,0,7.611842399580417,2.1972245773362196,5.983936280687191,7.611842399580417,2.1972245773362196,5.593921167838494
2022-09-19,BTCUSDT,19417.45,19686.2,18232.56,19537.02,380512.40306,9.909333432037357,12.849274052493746,0.07352078925113895,0.039578487310346924,0.006204388221696427,-0.03529045844411419,0.02039011679779037,0.00048285904684959997,0.0010545592560703317,26.62963888373066,2022-09-19,41.216147692467786,0,0,7.611842399580417,2.1972245773362196,5.983936280687191,7.611842399580417,2.1972245773362196,5.593921167838494
2022-09-20,BTCUSDT,19537.02,19634.62,18711.87,18875.0,324098.3286,9.887673161641766,12.688802232066047,0.024788113421928812,0.035880893838242396,-0.03447283217250921,0.006204388221696427,0.022953234475541505,0.0027167916673326692,0.001072511930652662,26.628135342081674,2022-09-20,40.983035997825255,0,0,7.611842399580417,2.1972245773362196,5.983936280687191,7.611842399580417,2.1972245773362196,5.593921167838494
2022-09-21,BTCUSDT,18874.31,19956.0,18125.98,18461.36,385034.10021,9.885049613629011,12.86108718132168,0.07811417959674334,0.04643921527786763,-0.022158395968022992,-0.03447283217250921,0.022478865839332625,0.001722902244236701,0.0010536436622410267,26.6099991622552,2022-09-21,40.87631241079163,0,0,7.611842399580417,2.1972245773362196,5.983936280687191,7.611842399580417,2.1972245773362196,5.593921167838494
2022-09-22,BTCUSDT,18461.36,19550.17,18356.39,19401.63,379321.72111,9.901285128980929,12.846139992343693,0.06266016611761843,0.05049445298780533,0.049677183991239306,-0.022158395968022992,0.03347500472109777,0.003867090349384869,0.0012205727730820654,26.614699064107644,2022-09-22,40.943099555562206,0,0,7.611842399580417,2.1972245773362196,5.983936280687191,7.611842399580417,2.1972245773362196,5.593921167838494
2022-09-23,BTCUSDT,19401.63,19500.0,18531.42,19289.91,385886.91829,9.880739261027879,12.863299647728521,0.04580925567416951,0.04932315365939638,-0.005774921881411174,0.049677183991239306,0.03216531573863958,0.000448945608013644,0.00137704241227838,26.627462624142378,2022-09-23,40.778739433386725,0,0,7.611842399580417,2.1972245773362196,5.983936280687191,7.611842399580417,2.1972245773362196,5.593921167838494
2022-09-24,BTCUSDT,19288.57,19316.14,18805.34,18920.5,239496.56746,9.878169744551839,12.386294363621841,0.01389882140244706,0.04046707059515905,-0.019336170941039267,-0.005774921881411174,0.029938142519045353,0.0015610940910486509,0.001321862157330301,26.62237649658553,2022-09-24,40.54962679089631,0,0,7.611842399580417,2.1972245773362196,5.983936280687191,7.611842399580417,2.1972245773362196,5.593921167838494
2022-09-25,BTCUSDT,18921.99,19180.21,18629.2,18807.38,191191.4492,9.868696294844574,12.161030556842068,0.023313865185878184,0.03617876924283883,-0.0059966443373075,-0.019336170941039267,0.029492169760141986,0.0004931033031516934,0.0013198257530698332,26.611972163919894,2022-09-25,40.52158081712234,0,0,7.611842399580417,2.1972245773362196,5.983936280687191,7.611842399580417,2.1972245773362196,5.593921167838494
2022-09-26,BTCUSDT,18809.13,19318.96,18680.72,19227.82,439239.21943,9.861634297282599,12.992799462617821,0.03310938158770301,0.03541142232905488,0.02210884264131569,-0.0059966443373075,0.027689892045948013,0.0017016227107118874,0.001241810707808448,26.621097974943982,2022-09-26,40.70599005957066,0,0,7.611842399580417,2.1972245773362196,5.983936280687191,7.611842399580417,2.1972245773362196,5.593921167838494
2022-09-27,BTCUSDT,19226.68,20385.86,18816.32,19079.13,593260.74161,9.868842276089866,13.293389280514202,0.07063641172703784,0.04421766967855062,-0.00776312114359553,0.02210884264131569,0.025610616953952774,0.000583983586110347,0.0013103741628409772,26.64043212230714,2022-09-27,40.94164203185606,0,0,7.611842399580417,2.1972245773362196,5.983936280687191,7.611842399580417,2.1972245773362196,5.593921167838494
2022-09-28,BTCUSDT,19078.1,19790.0,18471.28,19412.82,521385.45547,9.922596802246717,13.164244884944782,0.0642916967584153,0.049236176448516786,0.01733860506675769,-0.00776312114359553,0.016080023395329338,0.0013170983385903806,0.0005726185357279191,26.630438852100603,2022-09-28,41.04306769893874,0,0,7.611842399580417,2.1972245773362196,5.983936280687191,7.611842399580417,2.1972245773362196,5.593921167838494
2022-09-29,BTCUSDT,19412.82,19645.52,18843.01,19591.51,406424.93256,9.892932038596612,12.915154523167736,0.04071218533532447,0.047105178670218704,0.009162636565833372,0.01733860506675769,0.01614546722788995,0.0007094484660943899,0.0005290969087677104,26.640167137808763,2022-09-29,41.1328295431922,0,0,7.611842399580417,2.1972245773362196,5.983936280687191,7.611842399580417,2.1972245773362196,5.593921167838494
2022-09-30,BTCUSDT,19590.54,20185.0,19155.36,19422.61,444322.9534,9.885604601481894,13.004306949529699,0.04331696133944756,0.04615812433752592,-0.008658457767896248,0.009162636565833372,0.013639949737644716,0.0006658146259927663,0.0004842132005724732,26.65131135329823,2022-09-30,41.22460824535563,0,0,7.611842399580417,2.1972245773362196,5.983936280687191,7.611842399580417,2.1972245773362196,5.593921167838494
2022-10-01,BTCUSDT,19422.61,19484.0,19159.42,19310.95,165625.13959,9.912695033287042,12.017482318529815,0.01266860409601386,0.037785744277147905,-0.00576555882359139,-0.008658457767896248,0.013605121458443534,0.00047976428596041673,0.0004865452913131045,26.639016232309466,2022-10-01,41.1505044654919,0,0,7.611842399580417,2.302585092994046,6.037870919922137,7.611842399580417,2.302585092994046,5.7109490469877375
2022-10-02,BTCUSDT,19312.24,19395.91,18920.35,19056.8,206812.47032,9.877348894926433,12.239567721152323,0.015957348457246393,0.03232864532217253,-0.013248299277497894,-0.00576555882359139,0.011960534016118579,0.0010824156195158993,0.00032320928539230335,26.630032966730056,2022-10-02,41.22271183133366,0,0,7.611842399580417,2.302585092994046,6.037870919922137,7.611842399580417,2.302585092994046,5.7109490469877375
2022-10-03,BTCUSDT,19057.74,19719.1,18959.68,19629.08,293585.75212,9.872817498082492,12.589925046343332,0.038971420614974224,0.03398933914537295,0.029588146889959064,-0.013248299277497894,0.0167879672844984,0.0023501448007867817,0.0006835260115924191,26.638938476593268,2022-10-03,41.43021301505341,0,0,7.611842399580417,2.302585092994046,6.037870919922137,7.611842399580417,2.302585092994046,5.7109490469877375
2022-10-04,BTCUSDT,19629.08,20475.0,19490.6,20337.82,327012.00127,9.889342988169904,12.697752150337418,0.04878697548139286,0.03768874822937793,0.0354700667521785,0.029588146889959064,0.020688829348153026,0.0027934130649444086,0.0009788767266266203,26.671657690592184,2022-10-04,41.69945393468038,0,0,7.611842399580417,2.302585092994046,6.037870919922137,7.611842399580417,2.302585092994046,5.7109490469877375
2022-10-05,BTCUSDT,20337.82,20365.6,19730.0,20158.26,312239.75224,9.92695990872127,12.651526608361996,0.026359736001016053,0.034856495172287456,-0.008868076947532767,0.0354700667521785,0.021727450393326884,0.0007009491598959633,0.0009799890906446592,26.68007939976065,2022-10-05,41.80338948950862,0,0,7.611842399580417,2.302585092994046,6.037870919922137,7.611842399580417,2.302585092994046,5.7109490469877375
2022-10-06,BTCUSDT,20158.26,20456.6,19853.0,19960.67,320122.1702,9.9216024819613,12.676457983790753,0.02285927677911668,0.03185719057399476,-0.009850292500254246,-0.008868076947532767,0.021879500173328282,0.0007770540093178794,0.0009655058612999313,26.677813242808575,2022-10-06,41.69142051413389,0,0,7.611842399580417,2.302585092994046,6.037870919922137,7.611842399580417,2.302585092994046,5.7109490469877375
2022-10-07,BTCUSDT,19960.67,20068.82,19320.0,19530.09,220874.83913,9.926060847788426,12.305351481291229,0.023628636494068444,0.029800052054013183,-0.02180748428132239,-0.009850292500254246,0.024245070660083978,0.0017721951554555743,0.0008680407449851368,26.65840453086367,2022-10-07,41.44258319381486,0,0,7.611842399580417,2.302585092994046,6.037870919922137,7.611842399580417,2.302585092994046,5.7109490469877375
2022-10-08,BTCUSDT,19530.09,19627.38,19237.14,19417.96,102480.09842,9.906922645841707,11.537423896952669,0.015530344220119442,0.02623262509553975,-0.005757942171450429,-0.02180748428132239,0.023491398133562772,0.0004990665353789462,0.0009623762463770679,26.644827283692837,2022-10-08,41.26471852596598,0,0,7.611842399580417,2.302585092994046,6.037870919922137,7.611842399580417,2.302585092994046,5.7109490469877375
2022-10-09,BTCUSDT,19416.52,19558.0,19316.04,19439.02,113900.82681,9.884680809182877,11.643083408495844,0.011104373603498401,0.022450562222529412,0.001083975237505919,-0.005757942171450429,0.019636262062875897,9.310035833935131e-05,0.0009957694905058777,26.644240036404334,2022-10-09,41.24932455893739,0,0,7.611842399580417,2.302585092994046,6.037870919922137,7.611842399580417,2.302585092994046,5.7109490469877375
2022-10-10,BTCUSDT,19439.96,19525.0,19020.25,19131.87,212509.09849,9.88113968887222,12.266740082853541,0.015557601465395556,0.020727322033245947,-0.015926855342589977,0.001083975237505919,0.007955953200641986,0.0012983771755996157,0.0005957848561119231,26.636095651707407,2022-10-10,41.20245413682627,0,0,7.611842399580417,2.302585092994046,6.037870919922137,7.611842399580417,2.302585092994046,5.7109490469877375
2022-10-11,BTCUSDT,19131.87,19268.09,18860.0,19060.0,243473.84286,9.879450974707886,12.40276479421517,0.017402704560683872,0.01989616766510543,-0.003763632670309744,-0.015926855342589977,0.008386554048730226,0.00030345110406876033,0.0006372380622611347,26.625434443508084,2022-10-11,41.417831609093014,0,0,7.611842399580417,2.302585092994046,6.037870919922137,7.611842399580417,2.302585092994046,5.7109490469877375
2022-10-12,BTCUSDT,19060.0,19238.31,18965.88,19155.53,213826.26731,9.86620563869623,12.272919129287493,0.013492919639425293,0.018295355658685394,0.00499954855969873,-0.003763632670309744,0.010199929247475951,0.00040736425515654646,0.0006563879394076476,26.626829711686092,2022-10-12,41.45569612872803,0,0,7.611842399580417,2.302585092994046,6.037870919922137,7.611842399580417,2.302585092994046,5.7109490469877375
2022-10-13,BTCUSDT,19155.1,19513.79,18190.0,19375.13,399756.68337,9.86465888252389,12.898611349430738,0.06757456263378227,0.03061515740245961,0.011398838108565434,0.00499954855969873,0.009449985972501665,0.0008837259918734202,0.0004377704451637277,26.62411805469413,2022-10-13,41.69764349004249,0,0,7.611842399580417,2.302585092994046,6.037870919922137,7.611842399580417,2.302585092994046,5.7109490469877375
2022-10-14,BTCUSDT,19375.58,19951.87,19070.37,19176.93,351634.32601,9.87887667410543,12.770347068042645,0.037588255070440356,0.032358431819454796,-0.010282290815579725,0.011398838108565434,0.010036507383096594,0.0008051692534896569,0.00044412394988468744,26.642153183807256,2022-10-14,41.807031207360964,0,0,7.611842399580417,2.302585092994046,6.037870919922137,7.611842399580417,2.302585092994046,5.7109490469877375
2022-10-15,BTCUSDT,19176.93,19227.68,18975.18,19069.39,113847.64232,9.90107815226106,11.642616362625724,0.0093443447937403,0.02660491006302617,-0.0056235623928088925,-0.010282290815579725,0.009986808264628277,0.0004830153478956192,0.0003722312684946474,26.627769678955694,2022-10-15,41.69019577349157,0,0,7.611842399580417,2.302585092994046,6.037870919922137,7.611842399580417,2.302585092994046,5.7109490469877375
2022-10-16,BTCUSDT,19068.4,19425.84,19063.74,19262.98,131894.61885,9.86410618647886,11.789758540678333,0.01876127750003671,0.024644001922278804,0.010100687533673864,-0.0056235623928088925,0.008952026524914591,0.0008567340458096195,0.0002545587958916495,26.63245621577637,2022-10-16,41.777161015359205,0,0,7.611842399580417,2.302585092994046,6.037870919922137,7.611842399580417,2.302585092994046,5.7109490469877375
2022-10-17,BTCUSDT,19262.98,19676.96,19152.03,19549.86,222813.87634,9.87435941754413,12.314092066693693,0.026338417971507204,0.025067605934585905,0.014783006060808625,0.010100687533673864,0.01005499505740822,0.001200495008543316,0.0002901167703580191,26.643106214631626,2022-10-17,41.74367693762764,0,0,7.611842399580417,2.302585092994046,6.037870919922137,7.611842399580417,2.302585092994046,5.7109490469877375
2022-10-18,BTCUSDT,19548.48,19706.66,19091.0,19327.44,260313.07848,9.88720368712957,12.469640333592931,0.023393860818735648,0.02464916965562334,-0.011442277457683746,0.014783006060808625,0.011878269390595773,0.0009176108653958933,0.00023018428805419446,26.64361131692086,2022-10-18,41.75179813820368,0,0,7.611842399580417,2.302585092994046,6.037870919922137,7.611842399580417,2.302585092994046,5.7109490469877375
2022-10-19,BTCUSDT,19327.44,19360.16,19065.97,19123.97,186137.29538,9.888711928658923,12.13423982760298,0.008202020508309147,0.02053738236879479,-0.010583325769578811,-0.011442277457683746,0.011597151321072427,0.0008721869618485578,0.00022997238011208067,26.633337249840718,2022-10-19,41.877738191987795,0,0,7.611842399580417,2.302585092994046,6.037870919922137,7.611842399580417,2.302585092994046,5.7109490469877375
2022-10-20,BTCUSDT,19123.35,19347.82,18900.0,19041.92,223530.13068,9.870972625259228,12.317301496835226,0.01900435038477673,0.020154124372790273,-0.004299657437842867,-0.010583325769578811,0.011002598059458107,0.00034907462798954865,0.0003111384842937157,26.627394425472268,2022-10-20,41.97030545077759,0,0,7.611842399580417,2.302585092994046,6.037870919922137,7.611842399580417,2.302585092994046,5.7109490469877375
2022-10-21,BTCUSDT,19041.92,19250.0,18650.0,19164.37,269310.75769,9.870335030612436,12.503621224864071,0.03016538021965285,0.022656938334505917,0.006409961253210738,-0.004299657437842867,0.01112613279777585,0.0005126483870500021,0.00030567144255503204,26.623446936528104,2022-10-21,41.98277973392358,0,0,7.611842399580417,2.302585092994046,6.037870919922137,7.611842399580417,2.302585092994046,5.7109490469877375
2022-10-22,BTCUSDT,19164.37,19257.0,19112.72,19204.35,110403.90837,9.86526633971593,11.611900814100673,0.007012132035770849,0.01874573675982215,0.0020839900038091583,0.006409961253210738,0.010235611808073536,0.00017947018642103002,0.0003878055689710269,26.631682777536845,2022-10-22,41.89693314728525,0,0,7.611842399580417,2.302585092994046,6.037870919922137,7.611842399580417,2.302585092994046,5.7109490469877375
2022-10-23,BTCUSDT,19204.29,19695.0,19070.11,19570.4,167057.20184,9.865629909979887,12.026091558738282,0.03154499595416389,0.021945551558407585,0.018881404774908718,0.0020839900038091583,0.01151671682680597,0.0015700366725704242,0.000501284714407368,26.642101253938208,2022-10-23,41.85687461737927,0,0,7.611842399580417,2.302585092994046,6.037870919922137,7.611842399580417,2.302585092994046,5.7109490469877375
2022-10-24,BTCUSDT,19570.4,19601.15,19157.0,19329.72,256168.14467,9.888120075405006,12.453589322970243,0.015086907496589336,0.020230890542953024,-0.012374412787988572,0.018881404774908718,0.01170944640073103,0.000993642271884168,0.0005077883123583828,26.643671951229514,2022-10-24,41.75697767425866,0,0,7.611842399580417,2.302585092994046,6.037870919922137,7.611842399580417,2.302585092994046,5.7109490469877375
2022-10-25,BTCUSDT,19330.6,20415.87,19237.0,20080.07,326370.67061,9.883343516966775,12.695789040834933,0.058796409625274805,0.02987227031353347,0.03808397301398036,-0.012374412787988572,0.018040361954871586,0.002999732658717507,0.0010580617231241466,26.661619654458512,2022-10-25,41.57061633316548,0,0,7.611842399580417,2.302585092994046,6.037870919922137,7.611842399580417,2.302585092994046,5.7109490469877375
2022-10-26,BTCUSDT,20079.02,21020.0,20050.41,20771.59,380492.69576,9.924067818569384,12.849222259673867,0.04704494714247887,0.03416543952076982,0.033858406805051616,0.03808397301398036,0.01945244438843472,0.0026350549566967326,0.0011415356336073846,26.6974146170677,2022-10-26,41.5739992914792,0,0,7.611842399580417,2.302585092994046,6.037870919922137,7.611842399580417,2.302585092994046,5.7109490469877375
2022-10-27,BTCUSDT,20771.61,20872.21,20200.0,20295.11,328643.57791,9.953229644430943,12.702729092682299,0.017007072494020406,0.029875847764082468,-0.023206217347907374,0.033858406805051616,0.024906032224891732,0.0018268686341800246,0.0010399583817088393,26.699772186764363,2022-10-27,41.429498462223506,0,0,7.611842399580417,2.302585092994046,6.037870919922137,7.611842399580417,2.302585092994046,5.7109490469877375
2022-10-28,BTCUSDT,20295.11,20750.0,20000.09,20591.84,287039.94569,9.946173888092128,12.56737666864547,0.035254742323987384,0.0312205714040587,0.014514910485440964,-0.023206217347907374,0.024676280632419313,0.0011549674103151872,0.0008040466533970286,26.69389405168049,2022-10-28,41.2938379731841,0,0,7.611842399580417,2.302585092994046,6.037870919922137,7.611842399580417,2.302585092994046,5.7109490469877375
2022-10-29,BTCUSDT,20591.84,21085.0,20554.01,20809.67,254881.77755,9.940301525658844,12.448555099185784,0.025027539424293498,0.0296723134091174,0.01052290170330112,0.014514910485440964,0.02441938457182375,0.00084531109188643,0.000905023391692417,26.711083637466434,2022-10-29,40.895163873764936,0,0,7.611842399580417,2.302585092994046,6.037870919922137,7.611842399580417,2.302585092994046,5.7109490469877375
2022-10-30,BTCUSDT,20809.68,20931.21,20515.0,20627.48,192795.60886,9.95631716618066,12.169385885276807,0.013962047273962826,0.025744746875328756,-0.008793615102669194,0.01052290170330112,0.02379205666059772,0.000722601385605513,0.0009552539197757469,26.709228130090803,2022-10-30,40.66755173500863,0,0,7.611842399580417,2.302585092994046,6.037870919922137,7.611842399580417,2.302585092994046,5.7109490469877375
2022-10-31,BTCUSDT,20627.48,20845.92,20237.95,20490.74,303567.61628,9.948996625522474,12.623359653070017,0.023419092989390145,0.025163333403844104,-0.006651090639639452,-0.008793615102669194,0.020295748293008512,0.0005268875182544529,0.0008021883909630872,26.700769331055085,2022-10-31,40.52423918559044,0,0,7.611842399580417,2.302585092994046,6.037870919922137,7.611842399580417,2.302585092994046,5.7109490469877375
2022-11-01,BTCUSDT,20490.74,20700.0,20330.74,20483.62,279932.43771,9.944913524625205,12.542303559142475,0.015543946750688823,0.022758486740555285,-0.00034753441282134187,-0.006651090639639452,0.013777843039432306,2.770897795469264e-05,0.0006073040254885077,26.6982529908134,2022-11-01,40.41433439591252,0,0,7.611842399580417,2.3978952727983707,5.877735781779639,7.611842399580417,2.3978952727983707,5.817509640975765
2022-11-02,BTCUSDT,20482.81,20800.0,20048.04,20151.84,373716.27299,9.93788897925346,12.831252160123567,0.02601217049116073,0.023571907678206647,-0.016329943003790245,-0.00034753441282134187,0.011844001519162588,0.0012726694791752099,0.0004512385787933406,26.692429559779054,2022-11-02,40.59777175967507,0,0,7.611842399580417,2.3978952727983707,5.877735781779639,7.611842399580417,2.3978952727983707,5.817509640975765
2022-11-03,BTCUSDT,20151.84,20393.32,20031.24,20207.82,319185.1544,9.94270826568941,12.673526634704295,0.016311773262948824,0.02175687407439219,0.002774058844848819,-0.016329943003790245,0.009462711242418391,0.0002188861020935192,0.00044850198287817037,26.683580984853897,2022-11-03,40.55339477309204,0,0,7.611842399580417,2.3978952727983707,5.877735781779639,7.611842399580417,2.3978952727983707,5.817509640975765
2022-11-04,BTCUSDT,20207.12,21302.05,20180.96,21148.52,453694.39165,9.922962675228137,13.02517910421352,0.05397699669378117,0.029811904729239433,0.04550026847944526,0.002774058844848819,0.02201290696810497,0.003493254727278672,0.0012755783443367781,26.70879361469629,2022-11-04,40.36468089515793,0,0,7.611842399580417,2.3978952727983707,5.877735781779639,7.611842399580417,2.3978952727983707,5.817509640975765
2022-11-05,BTCUSDT,21148.52,21480.65,21080.65,21299.37,245621.98525,9.966558591197803,12.41154898773899,0.01805780334441428,0.026873379383033143,0.007107568128679593,0.04550026847944526,0.021299184106682297,0.000572657622001972,0.0012845637694419967,26.734663484334927,2022-11-05,40.317453972689634,0,0,7.611842399580417,2.3978952727983707,5.877735781779639,7.611842399580417,2.3978952727983707,5.817509640975765
2022-11-06,BTCUSDT,21299.37,21365.27,20886.13,20905.58,230036.97217,9.97490780887259,12.345995323551884,0.009397031592996338,0.022504292435523942,-0.018661385830795497,0.007107568128679593,0.023136847849331336,0.0015115335249800423,0.001272004897193053,26.728314851869555,2022-11-06,40.67410441359486,0,0,7.611842399580417,2.3978952727983707,5.877735781779639,7.611842399580417,2.3978952727983707,5.817509640975765
2022-11-07,BTCUSDT,20905.58,21069.77,20384.89,20591.13,386977.60337,9.969521985489497,12.866122097908304,0.022636665112880584,0.022537385604863104,-0.015155708438383623,-0.018661385830795497,0.024366082683742345,0.0011779546566597207,0.001143266721999784,26.710104098338547,2022-11-07,40.66078940864867,0,0,7.611842399580417,2.3978952727983707,5.877735781779639,7.611842399580417,2.3978952727983707,5.817509640975765
2022-11-08,BTCUSDT,20590.67,20700.88,17166.83,18547.23,760705.362783,9.95559459074435,13.542001390760728,0.1227376138343296,0.04758744266222973,-0.10453994878635704,-0.015155708438383623,0.04997509756652458,0.007719682325367452,0.0028234386298959507,26.636073225643226,2022-11-08,40.45408027030345,0,0,7.611842399580417,2.3978952727983707,5.877735781779639,7.611842399580417,2.3978952727983707,5.817509640975765
2022-11-09,BTCUSDT,18545.38,18587.76,15588.0,15922.81,731926.929729,9.937931490427143,13.503435965186233,0.06398046790532784,0.051685698973004256,-0.15256777937932994,-0.10453994878635704,0.0740789201017457,0.011298441357641955,0.0043067139064713765,26.51989260358865,2022-11-09,40.54103007367868,0,0,7.611842399580417,2.3978952727983707,5.877735781779639,7.611842399580417,2.3978952727983707,5.817509640975765
2022-11-10,BTCUSDT,15922.68,18199.0,15754.26,17601.15,608448.36432,9.83025857856567,13.318667330487852,0.143019428253019,0.07451913129300794,0.10021156844027021,-0.15256777937932994,0.08860907291013687,0.0075241438166170896,0.004467902221105212,26.50178369368421,2022-11-10,40.30357598223987,0,0,7.611842399580417,2.3978952727983707,5.877735781779639,7.611842399580417,2.3978952727983707,5.817509640975765
2022-11-11,BTCUSDT,17602.45,17695.0,16361.6,17070.31,393552.86492,9.809121926500406,12.882970683229019,0.059250187110533675,0.07070189524738937,-0.030623543661599414,0.10021156844027021,0.08671635896329921,0.0023770560699532583,0.004163273281904893,26.519649042033773,2022-11-11,39.97207326067265,0,0,7.611842399580417,2.3978952727983707,5.877735781779639,7.611842399580417,2.3978952727983707,5.817509640975765
2022-11-12,BTCUSDT,17069.98,17119.1,16631.39,16812.08,167819.96035,9.781037392779563,12.030647019158987,0.019087173299687565,0.05779821476046392,-0.015243021519595541,-0.030623543661599414,0.08687116055098329,0.001267015938155346,0.004208352564565073,26.502831083020514,2022-11-12,39.994224339938434,0,0,7.611842399580417,2.3978952727983707,5.877735781779639,7.611842399580417,2.3978952727983707,5.817509640975765
2022-11-13,BTCUSDT,16813.16,16954.28,16229.0,16329.85,184960.78846,9.74795007822042,12.12789912732471,0.024176446835250005,0.049392772779160446,-0.02910295424526251,-0.015243021519595541,0.0863767764259997,0.002399669880143728,0.003997511350817084,26.486786895188963,2022-11-13,40.12983010946534,0,0,7.611842399580417,2.3978952727983707,5.877735781779639,7.611842399580417,2.3978952727983707,5.817509640975765
2022-11-14,BTCUSDT,16331.78,17190.0,15815.21,16619.46,380210.7775,9.738275588308605,12.848481055557372,0.07657222731069928,0.056187636412045154,0.017579576532614275,-0.02910295424526251,0.08202205877541521,0.001368222162339614,0.0041096251446196405,26.479392677788955,2022-11-14,40.17907193918142,0,0,7.611842399580417,2.3978952727983707,5.877735781779639,7.611842399580417,2.3978952727983707,5.817509640975765
2022-11-15,BTCUSDT,16617.72,17134.69,16527.72,16900.57,282461.84391,9.752083098376895,12.551298754641115,0.0350149971878468,0.05089447660599557,0.01677305124617919,0.017579576532614275,0.049107936972900924,0.0013363598121650152,0.002414645703110703,26.498143608798852,2022-11-15,40.24696955369097,0,0,7.611842399580417,2.3978952727983707,5.877735781779639,7.611842399580417,2.3978952727983707,5.817509640975765
2022-11-16,BTCUSDT,16900.57,17015.92,16378.61,16662.76,261493.40809,9.748860342519725,12.474164354100552,0.028270845573698827,0.04523856884792138,-0.014171059886846265,0.01677305124617919,0.02148507467603612,0.0011360328022444167,0.0005795140484254561,26.49493497019541,2022-11-16,40.36129595173959,0,0,7.611842399580417,2.3978952727983707,5.877735781779639,7.611842399580417,2.3978952727983707,5.817509640975765
2022-11-17,BTCUSDT,16661.61,16751.0,16410.74,16692.56,228038.97873,9.741904655411568,12.3372718526668,0.019186702351728934,0.038725602223873265,0.0017868218880000477,-0.014171059886846265,0.018922265659159762,0.00014483120006906645,0.0007174948255715498,26.48930627928902,2022-11-17,40.57439146203251,0,0,7.611842399580417,2.3978952727983707,5.877735781779639,7.611842399580417,2.3978952727983707,5.817509640975765
2022-11-18,BTCUSDT,16692.56,17011.0,16546.04,16700.45,214224.18184,9.726213236963687,12.274778324367931,0.024608857639957116,0.03519641607789423,0.00047255399539148176,0.0017868218880000477,0.018078698067684928,3.8497965739500645e-05,0.0008777468777740065,26.495152764576346,2022-11-18,40.61763590903044,0,0,7.611842399580417,2.3978952727983707,5.877735781779639,7.611842399580417,2.3978952727983707,5.817509640975765
2022-11-19,BTCUSDT,16699.43,16822.41,16553.53,16700.68,104963.15558,9.741615472609583,11.561364668322021,0.013995874157135648,0.02989628059770458,1.377198915139681e-05,0.00047255399539148176,0.011921209811798752,1.1912079193498557e-06,0.0006738893163000065,26.492869941542956,2022-11-19,40.523021295458896,0,0,7.611842399580417,2.3978952727983707,5.877735781779639,7.611842399580417,2.3978952727983707,5.817509640975765
2022-11-20,BTCUSDT,16700.68,16753.33,16180.0,16280.23,154842.13478,9.730467205070454,11.950161391602487,0.01747013268939055,0.026789743620626073,-0.025497948917879515,1.377198915139681e-05,0.014593371337406645,0.002133690758000742,0.0008748192048904463,26.479652160625033,2022-11-20,40.65149536578193,0,0,7.611842399580417,2.3978952727983707,5.877735781779639,7.611842399580417,2.3978952727983707,5.817509640975765
2022-11-21,BTCUSDT,16279.5,16319.0,15476.0,15781.29,324096.997753,9.726352323464074,12.688798125751344,0.03342613155547675,0.028448840604338742,-0.031126427112839597,-0.025497948917879515,0.014426949585627546,0.0024530634662450744,0.0011015570752399278,26.44776499027489,2022-11-21,40.74724306240998,0,0,7.611842399580417,2.3978952727983707,5.877735781779639,7.611842399580417,2.3978952727983707,5.817509640975765
2022-11-22,BTCUSDT,15781.29,16315.0,15616.63,16226.94,239548.06623,9.700085352130934,12.386509369767728,0.04309490022663654,0.03211035550991319,0.02784776288354211,-0.031126427112839597,0.02135809781913864,0.002248233303848404,0.0012194195887362412,26.448974805061695,2022-11-22,40.72761307008259,0,0,7.611842399580417,2.3978952727983707,5.877735781779639,7.611842399580417,2.3978952727983707,5.817509640975765
2022-11-23,BTCUSDT,16227.96,16706.0,16160.2,16603.11,264927.70408,9.699840209027421,12.487212252955182,0.03282508825351586,0.03228903869581386,0.02291720320295262,0.02784776288354211,0.0241458393482871,0.0018352537571009184,0.0011269902135942807,26.476556870360085,2022-11-23,40.57743713643324,0,0,7.611842399580417,2.3978952727983707,5.877735781779639,7.611842399580417,2.3978952727983707,5.817509640975765
2022-11-24,BTCUSDT,16603.11,16812.63,16458.05,16598.95,206565.92346,9.723523215315852,12.238374882373407,0.018496304690963795,0.02884085519460134,-0.00025058686248794284,0.02291720320295262,0.024139448853272502,2.0475501436784405e-05,0.001131524858692974,26.488791856918446,2022-11-24,40.33716424588634,0,0,7.611842399580417,2.3978952727983707,5.877735781779639,7.611842399580417,2.3978952727983707,5.817509640975765
2022-11-25,BTCUSDT,16599.55,16666.0,16342.81,16522.14,182089.49533,9.729885668656308,12.112253577780503,0.015759000815383676,0.025570391599796925,-0.004638140695062483,-0.00025058686248794284,0.024174438416158378,0.00038292962290444336,0.0010409685018991591,26.482993300404203,2022-11-25,40.21120280255181,0,0,7.611842399580417,2.3978952727983707,5.877735781779639,7.611842399580417,2.3978952727983707,5.817509640975765
2022-11-26,BTCUSDT,16521.35,16701.99,16385.0,16458.57,181804.81666,9.721125994942152,12.110688954653977,0.015668361572822743,0.02309488409305338,-0.003854985458206651,-0.004638140695062483,0.0213831884840937,0.00031831264700471327,0.0010870324017383912,26.48315419210901,2022-11-26,39.99538659984221,0,0,7.611842399580417,2.3978952727983707,5.877735781779639,7.611842399580417,2.3978952727983707,5.817509640975765
2022-11-27,BTCUSDT,16457.61,16600.0,16401.0,16428.78,162025.47607,9.723283152982305,11.99550886154187,0.010475117837709477,0.019939942529217405,-0.0018116393171025897,-0.003854985458206651,0.014635199713989567,0.00015102646648953636,0.0009591514483184195,26.480473133832223,2022-11-27,39.902485855051616,0,0,7.611842399580417,2.3978952727983707,5.877735781779639,7.611842399580417,2.3978952727983707,5.817509640975765
2022-11-28,BTCUSDT,16428.77,16487.04,15995.27,16212.91,252695.40367,9.717157974344635,12.439940104330772,0.021647458817251605,0.020366821601225955,-0.013226836427965193,-0.0018116393171025897,0.012163394241051027,0.0010632556360428518,0.0006927427881612382,26.468947087107686,2022-11-28,40.06931177662842,0,0,7.611842399580417,2.3978952727983707,5.877735781779639,7.611842399580417,2.3978952727983707,5.817509640975765
2022-11-29,BTCUSDT,16212.18,16548.71,16100.0,16442.53,248106.25009,9.710329896712175,12.421612361180399,0.026663530152421375,0.02194099873902481,0.014063432280211978,-0.013226836427965193,0.00890735708185654,0.0011321744610355527,0.0004721374538500667,26.47166918438771,2022-11-29,40.01343781682297,0,0,7.611842399580417,2.3978952727983707,5.877735781779639,7.611842399580417,2.3978952727983707,5.817509640975765
2022-11-30,BTCUSDT,16442.91,17249.0,16428.3,17163.64,303019.80719,9.714063432147956,12.62155345261899,0.04870346108566781,0.02863161432568556,0.042921922045645745,0.014063432280211978,0.020337897770303596,0.003400684567614725,0.0012097503353352393,26.50179733797062,2022-11-30,40.0899108621724,0,0,7.611842399580417,2.3978952727983707,5.877735781779639,7.611842399580417,2.3978952727983707,5.817509640975765
2022-12-01,BTCUSDT,17165.53,17324.0,16855.01,16977.37,232818.18218,9.755509449764629,12.358013093937371,0.019602359621417136,0.026374300649618456,-0.010911911994265286,0.042921922045645745,0.021114489175592284,0.000882982718283288,0.0011691007265620579,26.517161492304187,2022-12-01,40.25473728928595,0,0,7.611842399580417,2.4849066497880004,5.634789603169249,7.611842399580417,2.4849066497880004,5.594042613648549
2022-12-02,BTCUSDT,16978.0,17105.73,16787.85,17092.74,202372.2062,9.759848102334518,12.21786388581979,0.01852861150244309,0.024412878362824617,0.006772531170246441,-0.010911911994265286,0.02071234066549652,0.0005543138500754398,0.001138773687952465,26.512166524996296,2022-12-02,40.22968484859887,0,0,7.611842399580417,2.4849066497880004,5.634789603169249,7.611842399580417,2.4849066497880004,5.594042613648549
2022-12-03,BTCUSDT,17092.13,17188.98,16858.74,16885.2,154542.57306,9.747168774080698,11.948224891148373,0.011453162580712842,0.021172949417296673,-0.012216313353321956,0.006772531170246441,0.02192735085356774,0.0010224375139082117,0.0010288995456874989,26.512831525541163,2022-12-03,40.337069326979815,0,0,7.611842399580417,2.4849066497880004,5.634789603169249,7.611842399580417,2.4849066497880004,5.594042613648549
2022-12-04,BTCUSDT,16885.2,17202.84,16878.25,17105.7,178619.13387,9.752023759792662,12.093011074217051,0.018987384268701318,0.020626558130147833,0.012974242698661298,-0.012216313353321956,0.02021722734150535,0.0010728711500416204,0.00102838470889482,26.5141247333238,2022-12-04,40.442950516061025,0,0,7.611842399580417,2.4849066497880004,5.634789603169249,7.611842399580417,2.4849066497880004,5.594042613648549
2022-12-05,BTCUSDT,17106.65,17424.25,16867.0,16966.35,233703.29225,9.752829765450421,12.36180760793307,0.026091871946641233,0.021992886584271183,-0.008179770631694087,0.012974242698661298,0.021108248357679993,0.000661696969498603,0.0010650709869472895,26.51831934185363,2022-12-05,40.4006572233076,0,0,7.611842399580417,2.4849066497880004,5.634789603169249,7.611842399580417,2.4849066497880004,5.594042613648549
2022-12-06,BTCUSDT,16966.35,17107.01,16906.37,17088.96,218730.76883,9.765618193095522,12.295596886435206,0.01163832064050121,0.01940424509832869,0.007200670308000258,-0.008179770631694087,0.010937051880414243,0.000585629992143302,0.00022636255739737362,26.513833999392183,2022-12-06,40.44453683969872,0,0,7.611842399580417,2.4849066497880004,5.634789603169249,7.611842399580417,2.4849066497880004,5.594042613648549
2022-12-07,BTCUSDT,17088.96,17142.21,16678.83,16836.64,220657.41334,9.74724360000815,12.30436661186727,0.01772074311251458,0.01898336960187516,-0.014875177009226765,0.007200670308000258,0.01176365590391333,0.0012089348016402575,0.00028320116467706497,26.509337348671128,2022-12-07,40.57231630211699,0,0,7.611842399580417,2.4849066497880004,5.634789603169249,7.611842399580417,2.4849066497880004,5.594042613648549
2022-12-08,BTCUSDT,16836.64,17299.0,16733.49,17224.1,236417.97804,9.749299121996321,12.373356610861062,0.03283299816688591,0.022445776743127848,0.022752101931693153,-0.014875177009226765,0.015267535435115444,0.001838797882194865,0.0004502894238314873,26.514382959524077,2022-12-08,40.652250748114305,0,0,7.611842399580417,2.4849066497880004,5.634789603169249,7.611842399580417,2.4849066497880004,5.594042613648549
2022-12-09,BTCUSDT,17224.1,17360.0,17058.21,17128.56,238422.06465,9.758403975346978,12.381797762952642,0.013328820581822654,0.02016653770280155,-0.005562320142259912,0.022752101931693153,0.014302654081432546,0.0004492336451256563,0.0005170047177560947,26.524330614726093,2022-12-09,40.657099474624765,0,0,7.611842399580417,2.4849066497880004,5.634789603169249,7.611842399580417,2.4849066497880004,5.594042613648549
2022-12-10,BTCUSDT,17128.56,17227.72,17092.0,17127.49,140573.97937,9.761923988214342,11.853489172739238,0.0070772673852042564,0.016894220123402227,-6.247071687181942e-05,-0.005562320142259912,0.013329370122473316,5.270238658123563e-06,0.0006427471348676506,26.521635914524765,2022-12-10,40.6238716550623,0,0,7.611842399580417,2.4849066497880004,5.634789603169249,7.611842399580417,2.4849066497880004,5.594042613648549
2022-12-11,BTCUSDT,17127.49,17270.99,17071.0,17085.05,155286.47871,9.754274993429899,11.953026939731409,0.00999473703233404,0.015169349350635181,-0.0024809629316508166,-6.247071687181942e-05,0.012804499800962283,0.00020755938593296311,0.0006863627359839632,26.521346144511995,2022-12-11,40.73978292264792,0,0,7.611842399580417,2.4849066497880004,5.634789603169249,7.611842399580417,2.4849066497880004,5.594042613648549
2022-12-12,BTCUSDT,17085.05,17241.89,16871.85,17209.83,226227.49694,9.756783494338483,12.329296395576922,0.021149859546080854,0.0166644768994966,0.007276920090016073,-0.0024809629316508166,0.012811727591608875,0.0005902137361728634,0.0006861912630276054,26.519163439805205,2022-12-12,40.92617676544526,0,0,7.611842399580417,2.4849066497880004,5.634789603169249,7.611842399580417,2.4849066497880004,5.594042613648549
2022-12-13,BTCUSDT,17208.93,18000.0,17080.14,17774.7,284462.9139,9.75509716697919,12.558358168691242,0.051545580915574644,0.025384752903516113,0.032295365713004065,0.007276920090016073,0.01523651838233424,0.0025716232392159664,0.0010240446460581239,26.5437971392554,2022-12-13,41.13972113454203,0,0,7.611842399580417,2.4849066497880004,5.634789603169249,7.611842399580417,2.4849066497880004,5.594042613648549
2022-12-14,BTCUSDT,17775.82,18387.95,17660.94,17803.15,266681.22209,9.798127036878302,12.493809299329866,0.03765332644844318,0.02845189628974788,0.0015993100237424041,0.032295365713004065,0.013808515526183103,0.0001280081987347275,0.0009612464742946824,26.565020317001014,2022-12-14,41.44152771697566,0,0,7.611842399580417,2.4849066497880004,5.634789603169249,7.611842399580417,2.4849066497880004,5.594042613648549
2022-12-15,BTCUSDT,17804.01,17854.82,17275.51,17356.34,223701.96882,9.81945083775775,12.318069948601762,0.015318613022642404,0.02516857547297151,-0.025417550422032496,0.0015993100237424041,0.018556003037857934,0.0020634361168664797,0.0011059171095689545,26.54767317508663,2022-12-15,41.527322972372566,0,0,7.611842399580417,2.4849066497880004,5.634789603169249,7.611842399580417,2.4849066497880004,5.594042613648549
2022-12-16,BTCUSDT,17356.96,17531.73,16527.32,16632.12,253379.04116,9.790028778767988,12.442641832951237,0.030011337089156306,0.02637926587701771,-0.042622091974556034,-0.025417550422032496,0.026167885086283132,0.0034254857245574685,0.0013823006929284723,26.51403165364364,2022-12-16,41.82181190287335,0,0,7.611842399580417,2.4849066497880004,5.634789603169249,7.611842399580417,2.4849066497880004,5.594042613648549
2022-12-17,BTCUSDT,16631.5,16796.82,16579.85,16776.52,144825.66684,9.771767661009434,11.883286000407875,0.012856014915988609,0.022998453136760435,0.008644524244231441,-0.042622091974556034,0.026760324875630823,0.0007274523430585389,0.0012990400038300027,26.495587086158046,2022-12-17,42.0649897832098,0,0,7.611842399580417,2.4849066497880004,5.634789603169249,7.611842399580417,2.4849066497880004,5.594042613648549
2022-12-18,BTCUSDT,16777.54,16863.26,16663.07,16738.21,112619.31646,9.728944861760263,11.631768529353145,0.009574107502556363,0.019642366728209418,-0.0022861599473239873,0.008644524244231441,0.02630404841236699,0.0001965444843193697,0.0013674361639222918,26.49951512516198,2022-12-18,41.94767413898231,0,0,7.611842399580417,2.4849066497880004,5.634789603169249,7.611842399580417,2.4849066497880004,5.594042613648549
2022-12-19,BTCUSDT,16739.0,16815.99,16256.3,16438.88,179094.28305,9.732892569922905,12.095667667103823,0.021957658149238262,0.02022118958346663,-0.018044869047170384,-0.0022861599473239873,0.01925369349222512,0.0014918456379424511,0.0012686440153855236,26.487675542534074,2022-12-19,41.953051166672076,0,0,7.611842399580417,2.4849066497880004,5.634789603169249,7.611842399580417,2.4849066497880004,5.594042613648549
2022-12-20,BTCUSDT,16438.88,17061.27,16397.2,16895.56,248808.92324,9.730085498444815,12.424440504316564,0.03938709861103056,0.025012666840357613,0.027401604731458414,-0.018044869047170384,0.02515076355931653,0.00220545985325765,0.0011500512029880168,26.49538358401201,2022-12-20,42.01360510444492,0,0,7.611842399580417,2.4849066497880004,5.634789603169249,7.611842399580417,2.4849066497880004,5.594042613648549
2022-12-21,BTCUSDT,16896.15,16925.0,16723.0,16824.67,156810.96362,9.74456626141677,11.962796305500001,0.009106013159121493,0.021036003420048584,-0.004204603849787203,0.027401604731458414,0.02378831261777843,0.00035147332968079535,0.001245779018963666,26.50432241073483,2022-12-21,42.05638516563569,0,0,7.611842399580417,2.4849066497880004,5.634789603169249,7.611842399580417,2.4849066497880004,5.594042613648549
2022-12-22,BTCUSDT,16824.68,16868.52,16559.85,16821.43,176044.27235,9.736547097780475,12.078490789830717,0.017225476215898792,0.020083371619011137,-0.00019259290140687945,-0.004204603849787203,0.01518411141604639,1.594511307398022e-05,0.0008524519724338493,26.499805410755087,2022-12-22,41.99837543593487,0,0,7.611842399580417,2.4849066497880004,5.634789603169249,7.611842399580417,2.4849066497880004,5.594042613648549
2022-12-23,BTCUSDT,16821.9,16955.14,16731.13,16778.5,161612.00947,9.73320444199385,11.99295373833506,0.01096476772500444,0.017803720645509464,-0.002555363857047274,-0.00019259290140687945,0.01487235769360637,0.00021307210156903568,0.0008900396912592573,26.502866396203903,2022-12-23,41.95895566184831,0,0,7.611842399580417,2.4849066497880004,5.634789603169249,7.611842399580417,2.4849066497880004,5.594042613648549
2022-12-24,BTCUSDT,16778.52,16869.99,16776.62,16836.12,100224.29096,9.738326311676932,11.515165863003268,0.005529511512116235,0.014735168362161157,0.003428273556819251,-0.002555363857047274,0.014878134252616696,0.0002977181221361169,0.0008784370764158664,26.502605332985425,2022-12-24,41.96102426665305,0,0,7.611842399580417,2.4849066497880004,5.634789603169249,7.611842399580417,2.4849066497880004,5.594042613648549
2022-12-25,BTCUSDT,16835.73,16857.96,16721.0,16832.11,125441.07202,9.73329158277161,11.739591381625523,0.007486783640678289,0.01292307218179044,-0.00023820676162420736,0.003428273556819251,0.011779378758943014,2.0290890362422825e-05,0.000838633145479147,26.50233727522404,2022-12-25,42.01074459248341,0,0,7.611842399580417,2.4849066497880004,5.634789603169249,7.611842399580417,2.4849066497880004,5.594042613648549
2022-12-26,BTCUSDT,16832.11,16944.52,16791.0,16919.39,124564.00656,9.732578227793905,11.73257497169385,0.008899834626902884,0.01191726279306855,0.005171929813683699,-0.00023820676162420736,0.003534777081155033,0.0004408179641861704,0.00017526770548117264,26.50586441224816,2022-12-26,42.04559079628534,0,0,7.611842399580417,2.4849066497880004,5.634789603169249,7.611842399580417,2.4849066497880004,5.594042613648549
2022-12-27,BTCUSDT,16919.39,16972.83,16592.37,16706.36,173749.58616,9.737699756699836,12.065370381611253,0.01432199262880633,0.012518445252002994,-0.01267081627317635,0.005171929813683699,0.006282921920392964,0.0010501804646202866,0.00038461508993306256,26.501427221853042,2022-12-27,41.93903488929922,0,0,7.611842399580417,2.4849066497880004,5.634789603169249,7.611842399580417,2.4849066497880004,5.594042613648549
2022-12-28,BTCUSDT,16706.06,16785.19,16465.33,16547.31,193037.56577,9.739369109203754,12.1706400902422,0.012767342702538728,0.012580669614636927,-0.00956593439752758,-0.01267081627317635,0.007101461369835705,0.0007859844943732302,0.00038346178234961855,26.49087277421966,2022-12-28,42.012836513670685,0,0,7.611842399580417,2.4849066497880004,5.634789603169249,7.611842399580417,2.4849066497880004,5.594042613648549
2022-12-29,BTCUSDT,16547.32,16664.41,16488.91,16633.47,160998.47158,9.728252228980692,11.989150150629612,0.010272240306246419,0.0120035622875393,0.005193379640446887,-0.00956593439752758,0.007810576091619575,0.000433173292118137,0.0003642418349280829,26.48856113576426,2022-12-29,42.15900397855863,0,0,7.611842399580417,2.4849066497880004,5.634789603169249,7.611842399580417,2.4849066497880004,5.594042613648549
2022-12-30,BTCUSDT,16633.47,16677.35,16333.0,16607.48,164916.31174,9.721030586574766,12.013193422636732,0.01894123240688335,0.013737979817375312,-0.0015637342071172207,0.005193379640446887,0.007444709706649852,0.00013016807039589,0.0003888733627853511,26.487298671517287,2022-12-30,42.17370800266278,0,0,7.611842399580417,2.4849066497880004,5.634789603169249,7.611842399580417,2.4849066497880004,5.594042613648549
2022-12-31,BTCUSDT,16607.48,16644.09,16470.0,16542.4,114490.42864,9.721806790389422,11.648246505818614,0.007721046514425669,0.0122337464916379,-0.003926414431065476,-0.0015637342071172207,0.007394609711424235,0.0003370820173752441,0.0003318211635030913,26.487387212348985,2022-12-31,42.092496919542,0,0,7.611842399580417,2.4849066497880004,5.634789603169249,7.611842399580417,2.4849066497880004,5.594042613648549
2023-01-01,BTCUSDT,16541.77,16628.0,16499.01,16616.75,96925.41374,9.719810477442214,11.481697031191356,0.007674347024540971,0.011093896624863668,0.004484440922006132,-0.003926414431065476,0.007248519978888225,0.00039057300587392533,0.0003351264461516482,26.48798013265363,2023-01-01,42.09824456937708,0,0,7.612336837167746,0.0,5.641907070938114,7.612336837167746,0.0,5.569127315985931
2023-01-02,BTCUSDT,16617.17,16799.23,16548.7,16672.87,121888.57191,9.718843300372528,11.710862561361704,0.013949599747952285,0.011807822405635823,0.00337162473850112,0.004484440922006132,0.005781820691381875,0.00028790575594536547,0.00021876971287541024,26.493397201917716,2023-01-02,42.03772176345477,0,0,7.612336837167746,0.0,5.641907070938114,7.612336837167746,0.0,5.569127315985931
2023-01-03,BTCUSDT,16672.78,16778.4,16605.28,16675.18,159541.53733,9.729088331007638,11.98005958943474,0.009084973073290389,0.011127110072549464,0.00013853883532594145,0.00337162473850112,0.00364566405257932,1.156411905063639e-05,0.00016259193438156858,26.494818078084837,2023-01-03,41.92319436501803,0,0,7.612336837167746,0.0,5.641907070938114,7.612336837167746,0.0,5.569127315985931
2023-01-04,BTCUSDT,16675.65,16991.87,16652.66,16850.36,220362.18862,9.727847623865886,12.303027783557662,0.019876892306564378,0.013314555631053193,0.010450635209181243,0.00013853883532594145,0.005110824406581766,0.0008494360407076344,0.000288624360309472,26.50156458599814,2023-01-04,41.73601853670398,0,0,7.612336837167746,0.0,5.641907070938114,7.612336837167746,0.0,5.569127315985931
2023-01-05,BTCUSDT,16850.36,16879.82,16753.0,16831.85,163473.56641,9.740490273353265,12.00440658291557,0.006354748993973586,0.011574603971783292,-0.0010990966366733739,0.010450635209181243,0.00504624462274199,9.155776498253452e-05,0.0002944613903254028,26.50379140655424,2023-01-05,41.61738969230532,0,0,7.612336837167746,0.0,5.641907070938114,7.612336837167746,0.0,5.569127315985931
2023-01-06,BTCUSDT,16831.85,17041.0,16679.0,16950.65,207401.28415,9.733874104585983,12.242410766417027,0.02031111106786856,0.01375873074580461,0.007033256255153627,-0.0010990966366733739,0.004297174764490954,0.0005744992868926618,0.0003113882078462767,26.50654575846618,2023-01-06,41.668402976160685,0,0,7.612336837167746,0.0,5.641907070938114,7.612336837167746,0.0,5.569127315985931
2023-01-07,BTCUSDT,16950.31,16981.91,16908.0,16943.57,104526.5688,9.743377484107393,11.557196564961691,0.0036573480687418203,0.011233385076538913,-0.0004177703515806188,0.007033256255153627,0.004652424156080558,3.6148070099212995e-05,0.0003385858727255271,26.510922582017066,2023-01-07,41.586651871467694,0,0,7.612336837167746,0.0,5.641907070938114,7.612336837167746,0.0,5.569127315985931
2023-01-08,BTCUSDT,16943.83,17176.99,16911.0,17127.83,135155.89695,9.73990393881614,11.814184183383128,0.015427283841188275,0.012281859767701252,0.010816215147354305,-0.0004177703515806188,0.005590665300930403,0.0009155278925283317,0.00041847004301606537,26.516496860012104,2023-01-08,41.46587447588841,0,0,7.612336837167746,0.0,5.641907070938114,7.612336837167746,0.0,5.569127315985931
2023-01-09,BTCUSDT,17127.83,17398.8,17104.66,17178.26,266211.52723,9.751325976463018,12.492046486898166,0.016536148615303965,0.01334543197960193,0.0029400048985379155,0.010816215147354305,0.0052622037856384415,0.00023535014071725027,0.0003840815543257309,26.52619859383931,2023-01-09,41.11002661821122,0,0,7.612336837167746,0.0,5.641907070938114,7.612336837167746,0.0,5.569127315985931
2023-01-10,BTCUSDT,17179.04,17499.0,17146.34,17440.66,221382.42581,9.764156517307148,12.307646918554166,0.02020213001614822,0.015059606488738502,0.015159630933365425,0.0029400048985379155,0.0064606696235874304,0.001231724555772867,0.00048258862281102416,26.532838632561656,2023-01-10,41.07850935010838,0,0,7.612336837167746,0.0,5.641907070938114,7.612336837167746,0.0,5.569127315985931
2023-01-11,BTCUSDT,17440.64,18000.0,17315.6,17943.26,262221.60653,9.769899015421748,12.476945251684004,0.03846979591854467,0.020912153846190044,0.02841029515457346,0.015159630933365425,0.010303519729419404,0.0022770233083084937,0.0008121109476362906,26.553210993830174,2023-01-11,41.216355048127895,0,0,7.612336837167746,0.0,5.641907070938114,7.612336837167746,0.0,5.569127315985931
2023-01-12,BTCUSDT,17943.26,19117.04,17892.05,18846.62,454568.32178,9.798127036878302,13.027103504250602,0.06591546192021411,0.03216298086469606,0.04911903051513352,0.02841029515457346,0.01844891304573074,0.0037705258501328797,0.001404803282169076,26.5965728073025,2023-01-12,41.63650970585978,0,0,7.612336837167746,0.0,5.641907070938114,7.612336837167746,0.0,5.569127315985931
2023-01-13,BTCUSDT,18846.62,20000.0,18714.12,19930.01,368615.87823,9.85833536290534,12.817510400419748,0.06626760024992867,0.040689135711004215,0.055893048509553726,0.04911903051513352,0.021480326932140113,0.004360679005785971,0.0016468387630203913,26.64534205295927,2023-01-13,42.413807278049276,0,0,7.612336837167746,0.0,5.641907070938114,7.612336837167746,0.0,5.569127315985931
2023-01-14,BTCUSDT,19930.01,21258.0,19888.05,20954.92,393913.74951,9.903487552536127,12.88388725444271,0.066386694523274,0.04711352541407166,0.050146827684418194,0.055893048509553726,0.021534310223192382,0.0038922125515438847,0.0016554949891222433,26.70378566143328,2023-01-14,42.838797292447914,0,0,7.612336837167746,0.0,5.641907070938114,7.612336837167746,0.0,5.569127315985931
2023-01-15,BTCUSDT,20952.76,21050.74,20551.01,20871.5,178542.22549,9.964488574093528,12.092580409593495,0.020289861453556164,0.04040760942394279,-0.003988871656173911,0.050146827684418194,0.02359524524539921,0.00032986108184233286,0.0016284049852346378,26.719448160017176,2023-01-15,42.889207641821784,0,0,7.612336837167746,0.0,5.641907070938114,7.612336837167746,0.0,5.569127315985931
2023-01-16,BTCUSDT,20872.99,21474.05,20611.48,21185.65,293078.08262,9.954690992886926,12.588194346079714,0.03886237814522984,0.04002130160426455,0.014939473685250641,-0.003988871656173911,0.023627672397795424,0.0011867844803256614,0.0016362825521951765,26.727933801200553,2023-01-16,42.98360293436704,0,0,7.612336837167746,0.0,5.641907070938114,7.612336837167746,0.0,5.569127315985931
2023-01-17,BTCUSDT,21185.65,21647.45,20841.31,21134.81,275407.74409,9.974600508388502,12.526007984307636,0.03236530596624793,0.0381073026947604,-0.0024026215431750143,0.014939473685250641,0.02767536967328057,0.00019181063481557545,0.0019239734959377174,26.735582262717067,2023-01-17,43.15485080541292,0,0,7.612336837167746,0.0,5.641907070938114,7.612336837167746,0.0,5.569127315985931
2023-01-18,BTCUSDT,21132.29,21650.0,20407.15,20677.47,350916.01949,9.982642943583754,12.768302213108342,0.043478539528950075,0.039450111903307813,-0.021876742420547574,-0.0024026215431750143,0.031399497345013544,0.0017133634570529056,0.0017853868498495826,26.724293869046555,2023-01-18,43.30028171100544,0,0,7.612336837167746,0.0,5.641907070938114,7.612336837167746,0.0,5.569127315985931
2023-01-19,BTCUSDT,20677.47,21192.0,20659.19,21071.59,251385.84925,9.982760733430636,12.434744285765682,0.025364344373546583,0.035928670020867505,0.018880985981668756,-0.021876742420547574,0.024809656660731486,0.0015184056501493341,0.0013373520536663428,26.721418745180983,2023-01-19,43.42914522704442,0,0,7.612336837167746,0.0,5.641907070938114,7.612336837167746,0.0,5.569127315985931
2023-01-20,BTCUSDT,21071.59,22755.93,20861.28,22667.21,338079.13659,9.961379030951905,12.731035278983631,0.08670529179809265,0.04862282546517379,0.0729936990967774,0.018880985981668756,0.03280180326145307,0.005733524218354438,0.002033734115407199,26.765748501367018,2023-01-20,43.66407214269081,0,0,7.612336837167746,0.0,5.641907070938114,7.612336837167746,0.0,5.569127315985931
2023-01-21,BTCUSDT,22666.0,23371.8,22422.0,22783.55,346445.48432,10.032581049754013,12.75548075282424,0.03801727988296909,0.045971439069622616,0.0051193975233281225,0.0729936990967774,0.03205554363404667,0.00040134884937164105,0.002023731482588755,26.80941739328906,2023-01-21,44.154293069242094,0,0,7.612336837167746,0.0,5.641907070938114,7.612336837167746,0.0,5.569127315985931
2023-01-22,BTCUSDT,22783.35,23078.71,22292.37,22707.88,253577.75286,10.059285446389724,12.44342577238166,0.029134911078646512,0.04176230707187859,-0.0033267835189935463,0.0051193975233281225,0.03287480591046973,0.0002673527033349115,0.0021115276005703363,26.80518703518965,2023-01-22,44.20780202596837,0,0,7.612336837167746,0.0,5.641907070938114,7.612336837167746,0.0,5.569127315985931
2023-01-23,BTCUSDT,22706.02,23180.0,22500.0,22916.45,293588.37938,10.04666582651233,12.589933995170805,0.02796956354869453,0.03831412119108257,0.009142992475145141,-0.0033267835189935463,0.03222522945373228,0.000726214488388277,0.0020486789001712465,26.80993363018754,2023-01-23,44.142507559619396,0,0,7.612336837167746,0.0,5.641907070938114,7.612336837167746,0.0,5.569127315985931
2023-01-24,BTCUSDT,22917.81,23162.2,22462.93,22632.89,293158.78254,10.051045116893743,12.588469661145368,0.021823979485860595,0.03419158576477708,-0.012450835212587299,0.009142992475145141,0.030330380290315203,0.000989066625867727,0.0020708413389775426,26.80850425763135,2023-01-24,44.39242335802218,0,0,7.612336837167746,0.0,5.641907070938114,7.612336837167746,0.0,5.569127315985931
2023-01-25,BTCUSDT,22631.94,23816.73,22300.0,23060.94,346042.83223,10.050276918539959,12.754317838950447,0.06207551580227113,0.04116256827415059,0.018736119160646474,-0.012450835212587299,0.030326787620853352,0.0014690020585364579,0.002071357366355031,26.815692643641807,2023-01-25,44.546100973141186,0,0,7.612336837167746,0.0,5.641907070938114,7.612336837167746,0.0,5.569127315985931
2023-01-26,BTCUSDT,23060.42,23282.47,22850.01,23009.65,288924.43581,10.078143553888607,12.573920465120441,0.015604139614809182,0.034772961109315235,-0.0022265840828143047,0.018736119160646474,0.010903408909409277,0.00017707954245382425,0.0004940890308686624,26.819935393052436,2023-01-26,44.340346796476396,0,0,7.612336837167746,0.0,5.641907070938114,7.612336837167746,0.0,5.569127315985931
2023-01-27,BTCUSDT,23009.65,23500.0,22534.88,23074.16,280833.86315,10.055455995873562,12.545518539126302,0.03711283388959851,0.035357929304386054,0.0027996835390564157,-0.0022265840828143047,0.010832810789651039,0.00022316204231215395,0.0005183467157625933,26.81894895806322,2023-01-27,44.293664397557414,0,0,7.612336837167746,0.0,5.641907070938114,7.612336837167746,0.0,5.569127315985931
2023-01-28,BTCUSDT,23074.16,23189.0,22878.46,23022.6,148115.71085,10.06475570013225,11.905749077343899,0.010973989633594491,0.029261944386688162,-0.002237034511835935,0.0027996835390564157,0.010732043755812656,0.00018789531824527618,0.0005306998327207621,26.819678452393703,2023-01-28,44.31455037637046,0,0,7.612336837167746,0.0,5.641907070938114,7.612336837167746,0.0,5.569127315985931
2023-01-29,BTCUSDT,23021.4,23960.54,22967.76,23742.3,295688.79204,10.051433307284436,12.597062801977147,0.042063861912447556,0.03246242376812801,0.03078192520585222,-0.002237034511835935,0.01589021063377547,0.0024435795621357784,0.0009166032070211743,26.836149264060275,2023-01-29,44.402088098534534,0,0,7.612336837167746,0.0,5.641907070938114,7.612336837167746,0.0,5.569127315985931
2023-01-30,BTCUSDT,23743.37,23800.51,22500.0,22826.15,302405.90121,10.084163589538022,12.61952543768044,0.0301522291914446,0.03188487512395716,-0.0393514588233174,0.03078192520585222,0.023886638284009,0.0031182994176483453,0.0012879749037118392,26.827277120371857,2023-01-30,44.38780124374222,0,0,7.612336837167746,0.0,5.641907070938114,7.612336837167746,0.0,5.569127315985931
2023-01-31,BTCUSDT,22827.38,23320.0,22714.77,23125.13,264649.34909,10.077462288001406,12.486161017770545,0.025494716017606278,0.030287335347369437,0.013013096440887308,-0.0393514588233174,0.02315995430103887,0.0010422015559759976,0.0012865603431019934,26.81779798403695,2023-01-31,44.3803574977382,0,0,7.612336837167746,0.0,5.641907070938114,7.612336837167746,0.0,5.569127315985931
2023-02-01,BTCUSDT,23125.13,23812.66,22760.23,23732.66,310790.42271,10.057066640464429,12.64687408203945,0.04460667968517381,0.03386717143182053,0.025932253556535844,0.013013096440887308,0.025263403553109846,0.002050487210382186,0.001214336614756327,26.833323034020204,2023-02-01,44.40915306760467,0,0,7.612336837167746,0.6931471805599453,5.605802066295998,7.612336837167746,0.6931471805599453,5.589060826293141
2023-02-02,BTCUSDT,23731.41,24255.0,23363.27,23488.94,364177.20751,10.077972651006588,12.805395861972423,0.030022000073933512,0.03290587859234878,-0.010322486493569127,0.025932253556535844,0.026063542884293817,0.0008061044425985553,0.0011094912423866593,26.84843610788282,2023-02-02,44.21498672965116,0,0,7.612336837167746,0.6931471805599453,5.605802066295998,7.612336837167746,0.6931471805599453,5.589060826293141
2023-02-03,BTCUSDT,23489.33,23715.7,23204.62,23431.9,332571.02904,10.096378060679317,12.714608737437224,0.018105556995380825,0.029205798193106793,-0.002431330219096245,-0.010322486493569127,0.02607142484177189,0.00019122336119847501,0.0011086397382589772,26.838019162264136,2023-02-03,43.8460313461709,0,0,7.612336837167746,0.6931471805599453,5.605802066295998,7.612336837167746,0.6931471805599453,5.589060826293141
2023-02-04,BTCUSDT,23431.9,23587.78,23253.96,23326.84,166126.47295,10.073892555059276,12.020504662492417,0.01087931133282478,0.02462417647803629,-0.004493712909870792,-0.002431330219096245,0.02223095359945749,0.0003738372918645026,0.0011188467409758882,26.835282250587166,2023-02-04,43.515483290987156,0,0,7.612336837167746,0.6931471805599453,5.605802066295998,7.612336837167746,0.6931471805599453,5.589060826293141
2023-02-05,BTCUSDT,23327.66,23433.33,22743.0,22932.91,209251.33917,10.068484060300573,12.251291388187873,0.01860682589875072,0.023119838833214897,-0.017031632139821246,-0.004493712909870792,0.015880356489488788,0.0013901907643991192,0.0006837832351931526,26.82292521415009,2023-02-05,43.494901667990526,0,0,7.612336837167746,0.6931471805599453,5.605802066295998,7.612336837167746,0.6931471805599453,5.589060826293141
2023-02-06,BTCUSDT,22932.91,23158.25,22628.13,22762.52,265371.6069,10.061914646883126,12.48888641286635,0.01748309659546753,0.021710653273778056,-0.007457673107036351,-0.017031632139821246,0.01489431372965007,0.0005971447621905887,0.0006990913435515273,26.812415382360175,2023-02-06,43.52457725057407,0,0,7.612336837167746,0.6931471805599453,5.605802066295998,7.612336837167746,0.6931471805599453,5.589060826293141
2023-02-07,BTCUSDT,22762.52,23350.25,22745.78,23240.46,308006.72482,10.050106367519424,12.637876895548526,0.026161874798353652,0.022823458654921955,0.020779401555923737,-0.007457673107036351,0.012937798306660262,0.0016442161707749283,0.0005740362752472437,26.81921338226188,2023-02-07,43.416401326927,0,0,7.612336837167746,0.6931471805599453,5.605802066295998,7.612336837167746,0.6931471805599453,5.589060826293141
2023-02-08,BTCUSDT,23242.42,23452.0,22665.85,22963.0,280056.30717,10.058362969677843,12.542745958969803,0.02516452832018697,0.023408726071238208,-0.01201050031064175,0.020779401555923737,0.013132893598230142,0.0009575654605403673,0.0005759027463093569,26.82177822584168,2023-02-08,43.21221243551356,0,0,7.612336837167746,0.6931471805599453,5.605802066295998,7.612336837167746,0.6931471805599453,5.589060826293141
2023-02-09,BTCUSDT,22961.85,23011.39,21688.0,21796.35,402894.6955,10.062711058084105,12.906430505294804,0.02029973946412499,0.022631479419459904,-0.052141700352517424,-0.01201050031064175,0.023614058034557642,0.00403997839147908,0.0013313129176085459,26.790475838137816,2023-02-09,43.314990490479175,0,0,7.612336837167746,0.6931471805599453,5.605802066295998,7.612336837167746,0.6931471805599453,5.589060826293141
2023-02-10,BTCUSDT,21797.83,21938.16,21451.0,21625.19,338591.94247,10.043744589722927,12.732550951794366,0.016547621199061367,0.021110514864360268,-0.007883685677702989,-0.052141700352517424,0.023436727555320634,0.0006191756630349051,0.0012930048588301684,26.760386347011558,2023-02-10,43.36172899656788,0,0,7.612336837167746,0.6931471805599453,5.605802066295998,7.612336837167746,0.6931471805599453,5.589060826293141
2023-02-11,BTCUSDT,21625.19,21906.32,21599.78,21862.55,177021.58433,9.995982865225749,12.084026949488466,0.014008368883390045,0.01933497836911771,0.010916288456747329,-0.007883685677702989,0.02510360366030607,0.0009033651201191198,0.00131939465913617,26.762521024276868,2023-02-11,43.330361506421525,0,0,7.612336837167746,0.6931471805599453,5.605802066295998,7.612336837167746,0.6931471805599453,5.589060826293141
2023-02-12,BTCUSDT,21862.02,22090.0,21630.0,21783.54,204435.65163,9.994530458646988,12.228008542992542,0.01714005812533329,0.018786248308171605,-0.0036204886304742638,0.010916288456747329,0.025167948069608873,0.00029608162422727806,0.0013637622024203113,26.766771492790394,2023-02-12,43.35485074167515,0,0,7.612336837167746,0.6931471805599453,5.605802066295998,7.612336837167746,0.6931471805599453,5.589060826293141
2023-02-13,BTCUSDT,21782.37,21894.99,21351.07,21773.97,295730.76791,10.002880296414164,12.597204751526716,0.02284680288489097,0.019801386952351445,-0.00043941906477148134,-0.0036204886304742638,0.02167748412220536,3.488226741081001e-05,0.0014631386927727104,26.76069349059582,2023-02-13,43.6118225195098,0,0,7.612336837167746,0.6931471805599453,5.605802066295998,7.612336837167746,0.6931471805599453,5.589060826293141
2023-02-14,BTCUSDT,21774.63,22319.08,21532.77,22199.84,361958.40109,9.994013122510115,12.799284570088753,0.035021897871349246,0.023606514682100895,0.01936986197704005,-0.00043941906477148134,0.02489244999871671,0.0015133550528524374,0.0014667280076315875,26.772454365467443,2023-02-14,43.64510614304068,0,0,7.612336837167746,0.6931471805599453,5.605802066295998,7.612336837167746,0.6931471805599453,5.589060826293141
2023-02-15,BTCUSDT,22199.84,24380.0,22047.28,24324.05,375669.16111,10.013197197007743,12.836464144376125,0.10049508916977319,0.04282865830401897,0.09138049119365944,0.01936986197704005,0.037185158467685865,0.0071188210527347445,0.002680718856385753,26.82890690616426,2023-02-15,43.845153265542905,0,0,7.612336837167746,0.6931471805599453,5.605802066295998,7.612336837167746,0.6931471805599453,5.589060826293141
2023-02-16,BTCUSDT,24322.87,25250.0,23505.25,23517.72,450080.68366,10.101518403035262,13.017182142696935,0.05192990229211385,0.045103969301042685,-0.033711393282664585,0.09138049119365944,0.042003425521706536,0.0025897612027790348,0.0026351435502579845,26.86760525955287,2023-02-16,44.279177837601196,0,0,7.612336837167746,0.6931471805599453,5.605802066295998,7.612336837167746,0.6931471805599453,5.589060826293141
2023-02-17,BTCUSDT,23517.72,25021.11,23339.37,24569.97,496813.21376,10.136581434703507,13.115969406993264,0.06857566019919269,0.05097189202558018,0.043770785975072134,-0.033711393282664585,0.043633639257051174,0.003337213180120268,0.0026056864093399,26.865985075213672,2023-02-17,44.29435944553159,0,0,7.612336837167746,0.6931471805599453,5.605802066295998,7.612336837167746,0.6931471805599453,5.589060826293141
2023-02-18,BTCUSDT,24568.24,24877.0,24430.0,24631.95,216917.25213,10.12747514754522,12.287271233209262,0.016519793897017562,0.04235886749343953,0.002519415209186526,0.043770785975072134,0.04305225791849486,0.00020504269510851272,0.00262117779528506,26.887067222904548,2023-02-18,44.381346200050054,0,0,7.612336837167746,0.6931471805599453,5.605802066295998,7.612336837167746,0.6931471805599453,5.589060826293141
2023-02-19,BTCUSDT,24632.05,25192.0,24192.57,24271.76,300395.99542,10.121698960804775,12.612856867957694,0.031124987723547513,0.03955039755096652,-0.014730846119734737,0.002519415209186526,0.04480105298847755,0.0011679230386858416,0.0024459113000368776,26.88505228788002,2023-02-19,44.20221536448497,0,0,7.612336837167746,0.6931471805599453,5.605802066295998,7.612336837167746,0.6931471805599453,5.589060826293141
2023-02-20,BTCUSDT,24272.51,25121.23,23840.83,24842.2,346938.56997,10.13428176278086,12.756903011470277,0.05036153170509012,0.042253181089497424,0.023230285350592204,-0.014730846119734737,0.04485063517858946,0.0018209972537774146,0.002420273821968966,26.882896970518125,2023-02-20,44.149427579693906,0,0,7.612336837167746,0.6931471805599453,5.605802066295998,7.612336837167746,0.6931471805599453,5.589060826293141
2023-02-21,BTCUSDT,24843.89,25250.0,24148.34,24452.16,376000.82868,10.131468584351543,12.837346626305774,0.032838453259190166,0.03989949913192061,-0.015825264394064464,0.023230285350592204,0.028499723513292906,0.0012327519739660196,0.0011152730202805073,26.889168182049474,2023-02-21,44.29307802432937,0,0,7.612336837167746,0.6931471805599453,5.605802066295998,7.612336837167746,0.6931471805599453,5.589060826293141
2023-02-22,BTCUSDT,24450.67,24476.05,23574.69,24182.21,379425.75365,10.136581434703507,12.846414214121326,0.031099978115744057,0.03769961887787647,-0.011101316717520895,-0.015825264394064464,0.02417916330145116,0.0008641568403825757,0.0010694153172166254,26.868559891299473,2023-02-22,44.265816004859886,0,0,7.612336837167746,0.6931471805599453,5.605802066295998,7.612336837167746,0.6931471805599453,5.589060826293141
2023-02-23,BTCUSDT,24182.21,24599.59,23608.0,23940.2,398400.45437,10.105450367397799,12.895212945178878,0.03224723524079417,0.03633652296860589,-0.01005818454576867,-0.011101316717520895,0.015003101786009864,0.000779993675833722,0.000539330028148744,26.8650698559792,2023-02-23,44.09436488735655,0,0,7.612336837167746,0.6931471805599453,5.605802066295998,7.612336837167746,0.6931471805599453,5.589060826293141
2023-02-24,BTCUSDT,23940.2,24132.35,22841.19,23185.29,343582.57453,10.110485055114896,12.747182753399931,0.033797294304837064,0.03570171580266369,-0.032041028461487375,-0.01005818454576867,0.018152374607381838,0.002513577241445086,0.0006588762532904939,26.840686801007077,2023-02-24,43.91155803917262,0,0,7.612336837167746,0.6931471805599453,5.605802066295998,7.612336837167746,0.6931471805599453,5.589060826293141
2023-02-25,BTCUSDT,23184.04,23219.13,22722.0,23157.07,191311.8101,10.09130854301921,12.161659889539482,0.0203602048149709,0.03186633805574049,-0.0012178923770018468,-0.032041028461487375,0.018298773612836675,0.0001001419533241004,0.0008495884472729346,26.822433961782277,2023-02-25,43.909565436384526,0,0,7.612336837167746,0.6931471805599453,5.605802066295998,7.612336837167746,0.6931471805599453,5.589060826293141
2023-02-26,BTCUSDT,23157.07,23689.99,23059.18,23554.85,202323.73623,10.052731786849693,12.217624348106906,0.026535866397343226,0.030533720141141175,0.01703161058168721,-0.0012178923770018468,0.016254913047428286,0.0013940198271299954,0.0008057927841261376,26.8348197017805,2023-02-26,43.96115382020811,0,0,7.612336837167746,0.6931471805599453,5.605802066295998,7.612336837167746,0.6931471805599453,5.589060826293141
2023-02-27,BTCUSDT,23554.85,23897.99,23106.77,23492.09,283706.0859,10.072807875033705,12.55569407245265,0.028364945546781543,0.029991526492551268,-0.0026679753126395687,0.01703161058168721,0.01601445140596752,0.00021249126469982573,0.000887679325122148,26.84118139576328,2023-02-27,43.92986186445231,0,0,7.612336837167746,0.6931471805599453,5.605802066295998,7.612336837167746,0.6931471805599453,5.589060826293141
2023-02-28,BTCUSDT,23492.09,23600.0,23020.97,23141.57,264140.99894,10.081549633964553,12.48423832644875,0.014822128439299658,0.026199176979238365,-0.015033201397948169,-0.0026679753126395687,0.016309491879355875,0.0012041744962605575,0.0008898549419176636,26.832675557785688,2023-02-28,43.97303488744539,0,0,7.612336837167746,0.6931471805599453,5.605802066295998,7.612336837167746,0.6931471805599453,5.589060826293141
2023-03-01,BTCUSDT,23141.57,24000.0,23020.03,23628.97,315287.41737,10.069001991013701,12.661239937886235,0.04069323289593526,0.029822690958412588,0.020842934243896633,-0.015033201397948169,0.019784797472505982,0.00164620008357383,0.0009104187511171256,26.838542741968485,2023-03-01,43.91543701502884,0,0,7.612336837167746,1.0986122886681098,5.783825182329737,7.612336837167746,1.0986122886681098,5.830433915721401
2023-03-02,BTCUSDT,23629.76,23796.93,23195.9,23465.32,239315.45219,10.085809109330082,12.385537844273099,0.01985796396297813,0.027331509209553975,-0.006949915104728103,0.020842934243896633,0.014024130900417263,0.0005611314738295073,0.0006492189559067182,26.841755550095606,2023-03-02,43.8908394407578,0,0,7.612336837167746,1.0986122886681098,5.783825182329737,7.612336837167746,1.0986122886681098,5.830433915721401
2023-03-03,BTCUSDT,23465.32,23476.95,21971.13,22354.34,319954.19785,10.077311859742796,12.675933132812837,0.03421266413004156,0.02905179793967587,-0.048503100831987105,-0.006949915104728103,0.02510389912072849,0.0038263929230134782,0.0012702236945382353,26.81169744942167,2023-03-03,43.77402850133676,0,0,7.612336837167746,1.0986122886681098,5.783825182329737,7.612336837167746,1.0986122886681098,5.830433915721401
2023-03-04,BTCUSDT,22354.34,22410.0,22157.08,22346.57,121257.38132,10.063774367719235,11.705670683812787,0.010183530211624686,0.024334731007663073,-0.00034764393289772876,-0.048503100831987105,0.022831364881713747,2.969876244498053e-05,0.0014026338249659243,26.792538718451578,2023-03-04,43.73603010683995,0,0,7.612336837167746,1.0986122886681098,5.783825182329737,7.612336837167746,1.0986122886681098,5.830433915721401
2023-03-05,BTCUSDT,22346.57,22662.09,22189.22,22430.24,154841.75786,10.017262566794972,11.95015895737837,0.01928709192260351,0.023072821236398183,0.003737206709584325,-0.00034764393289772876,0.0233186490128664,0.0003127328032132047,0.0013883763345959614,26.793319109382715,2023-03-05,43.72708009140753,0,0,7.612336837167746,1.0986122886681098,5.783825182329737,7.612336837167746,1.0986122886681098,5.830433915721401
2023-03-06,BTCUSDT,22430.24,22602.19,22258.0,22410.0,203751.82957,10.028448763338503,12.224658010547456,0.013025022338802901,0.02056087151199936,-0.000902760617454153,0.003737206709584325,0.023143890700877422,7.384751513500415e-05,0.0014721756463786345,26.794200262935725,2023-03-06,43.84710979272083,0,0,7.612336837167746,1.0986122886681098,5.783825182329737,7.612336837167746,1.0986122886681098,5.830433915721401
2023-03-07,BTCUSDT,22409.41,22557.91,21927.0,22197.96,292519.80912,10.025802083220485,12.586287666848095,0.021322163704818688,0.020751194560204193,-0.009506895048812334,-0.000902760617454153,0.01926475619556607,0.0007553374990667988,0.0014477671508050154,26.787358271467888,2023-03-07,43.73009206442142,0,0,7.612336837167746,1.0986122886681098,5.783825182329737,7.612336837167746,1.0986122886681098,5.830433915721401
2023-03-08,BTCUSDT,22198.56,22287.0,21580.0,21705.44,301460.57272,10.023841059476503,12.616394516183588,0.01708722601139045,0.019835202423000756,-0.022437472391169118,-0.009506895048812334,0.019739792204215262,0.001778437759090968,0.0014714226289026726,26.772483811376933,2023-03-08,43.7047993571685,0,0,7.612336837167746,1.0986122886681098,5.783825182329737,7.612336837167746,1.0986122886681098,5.830433915721401
2023-03-09,BTCUSDT,21704.37,21834.99,20042.72,20362.22,443658.28584,10.011758827819916,13.002809918613368,0.042113428280098855,0.02540475888727528,-0.06388169730657518,-0.022437472391169118,0.02544625196439869,0.004912914801217643,0.001879886385190709,26.72552447583993,2023-03-09,43.43065053394034,0,0,7.612336837167746,1.0986122886681098,5.783825182329737,7.612336837167746,1.0986122886681098,5.830433915721401
2023-03-10,BTCUSDT,20362.21,20367.78,19549.09,20150.69,618456.4671,9.99126900793925,13.334982083697305,0.035304466055287136,0.027879685679278246,-0.010442692083692516,-0.06388169730657518,0.024557746397318326,0.0007831050704191976,0.0018007199641772926,26.685804146586484,2023-03-10,43.07205146969197,0,0,7.612336837167746,1.0986122886681098,5.783825182329737,7.612336837167746,1.0986122886681098,5.830433915721401
2023-03-11,BTCUSDT,20150.69,20686.51,19765.03,20455.73,427831.82133,9.92170951948198,12.966485456524705,0.04312319254928916,0.031690562396780975,0.015024507857790617,-0.010442692083692516,0.026814602513822092,0.0011587185986647076,0.001726773283215432,26.706162506485605,2023-03-11,43.27902985518445,0,0,7.612336837167746,1.0986122886681098,5.783825182329737,7.612336837167746,1.0986122886681098,5.830433915721401
2023-03-12,BTCUSDT,20455.73,22150.0,20270.6,21997.11,430944.94288,9.937237075989438,12.973735618188268,0.08831011755832222,0.045845451187166285,0.07264804225261712,0.015024507857790617,0.04523180227438001,0.005599624070554487,0.002179039562338549,26.7515679791957,2023-03-12,43.47714217866663,0,0,7.612336837167746,1.0986122886681098,5.783825182329737,7.612336837167746,1.0986122886681098,5.830433915721401
2023-03-13,BTCUSDT,21998.05,24500.0,21813.88,24113.48,687889.31259,10.005592775473282,13.441383221109072,0.11554957848140278,0.06327148301072541,0.0918599391330703,0.07264804225261712,0.05914939403125467,0.006834113544862594,0.0025825262657855046,26.83119412957235,2023-03-13,44.271755384514464,0,0,7.612336837167746,1.0986122886681098,5.783825182329737,7.612336837167746,1.0986122886681098,5.830433915721401
2023-03-14,BTCUSDT,24112.27,26386.87,23976.42,24670.41,699360.93423,10.106428396532818,13.45792224593187,0.09379117562003661,0.07090140616305321,0.022833529552860565,0.0918599391330703,0.05642795458655176,0.0016966608318578153,0.0025936913694048803,26.898919953779973,2023-03-14,45.176850930247255,0,0,7.612336837167746,1.0986122886681098,5.783825182329737,7.612336837167746,1.0986122886681098,5.830433915721401
2023-03-15,BTCUSDT,24670.41,25196.97,23896.95,24285.66,581450.72984,10.18062181693078,13.273281517927213,0.04040683247063302,0.06327776273994816,-0.015718497080592527,0.022833529552860565,0.04391929645694141,0.0011842208770576248,0.0026331355054761496,26.886624797715076,2023-03-15,45.335669646326636,0,0,7.612336837167746,1.0986122886681098,5.783825182329737,7.612336837167746,1.0986122886681098,5.830433915721401
2023-03-16,BTCUSDT,24285.66,25167.4,24123.0,24998.78,439421.32998,10.134479028175097,12.993213981177302,0.04184741665884956,0.057920176219673505,0.028940970979109415,-0.015718497080592527,0.039500237020789065,0.0022273912383060056,0.002464127569679138,26.891834692855124,2023-03-16,45.66063610580588,0,0,7.612336837167746,1.0986122886681098,5.783825182329737,7.612336837167746,1.0986122886681098,5.830433915721401
2023-03-17,BTCUSDT,24998.78,27756.84,24890.0,27395.13,624460.68091,10.13330478521732,13.344643645652917,0.10875350710692509,0.0706285089414864,0.0915382366931726,0.028940970979109415,0.04354454797241331,0.006859548978888741,0.002650179892715422,26.954724186198572,2023-03-17,46.29603896634518,0,0,7.612336837167746,1.0986122886681098,5.783825182329737,7.612336837167746,1.0986122886681098,5.830433915721401
2023-03-18,BTCUSDT,27395.13,27724.85,26578.0,26907.49,371238.97174,10.231237575288263,12.824601262906981,0.029639692174363186,0.06038130474970559,-0.017960573857961144,0.0915382366931726,0.04894790753530948,0.001400478150530037,0.00271805991930816,26.988381084719755,2023-03-18,46.688682535670246,0,0,7.612336837167746,1.0986122886681098,5.783825182329737,7.612336837167746,1.0986122886681098,5.830433915721401
2023-03-19,BTCUSDT,26907.49,28390.1,26827.22,27972.87,372066.99054,10.230084401924401,12.826829199139224,0.05623150186380026,0.05934385402822926,0.03883042537639571,-0.017960573857961144,0.040353577775515424,0.0030272817056768418,0.0021269216048147117,27.00238852863178,2023-03-19,47.13449206700154,0,0,7.612336837167746,1.0986122886681098,5.783825182329737,7.612336837167746,1.0986122886681098,5.830433915721401
2023-03-20,BTCUSDT,27972.87,28472.0,27124.47,27717.01,477378.23373,10.253795771827845,13.076064398487592,0.039026518760939294,0.05426452021140677,-0.009188807742989342,0.03883042537639571,0.04270582560850988,0.0007027196764228342,0.002258387146936786,27.01383749378375,2023-03-20,47.627365454325144,0,0,7.612336837167746,1.0986122886681098,5.783825182329737,7.612336837167746,1.0986122886681098,5.830433915721401
2023-03-21,BTCUSDT,27717.01,28438.55,27303.1,28105.47,420929.7422,10.256676427190028,12.950221215602587,0.03850872114337319,0.05032557044439838,0.013917915171174959,-0.009188807742989342,0.03941797428328294,0.0010747241255158239,0.0022721954289543806,27.01604626124706,2023-03-21,47.44956298052294,0,0,7.612336837167746,1.0986122886681098,5.783825182329737,7.612336837167746,1.0986122886681098,5.830433915721401
2023-03-22,BTCUSDT,28107.81,28868.05,26601.8,27250.97,224113.41296,10.25550089808859,12.319907510563743,0.05924216113567603,0.05255471811721779,-0.030875102511240874,0.013917915171174959,0.04516825429175649,0.0025061147971092252,0.0022671564536522896,27.008746288584653,2023-03-22,47.19454103538693,0,0,7.612336837167746,1.0986122886681098,5.783825182329737,7.612336837167746,1.0986122886681098,5.830433915721401
2023-03-23,BTCUSDT,27250.97,28750.0,27105.0,28295.41,128649.60818,10.27049072621228,11.76484777207758,0.058188586012280746,0.05396318509098353,0.037610483876124916,-0.030875102511240874,0.029332901517742822,0.0031968525734254525,0.0010621684119157511,27.013949449924183,2023-03-23,47.24489192784717,0,0,7.612336837167746,1.0986122886681098,5.783825182329737,7.612336837167746,1.0986122886681098,5.830433915721401
2023-03-24,BTCUSDT,28295.42,28374.3,27000.0,27454.47,86242.06544,10.266393046225497,11.364913335763266,0.030338992929574444,0.048057137050631256,-0.030170604453767236,0.037610483876124916,0.031611808987636894,0.002654714872204609,0.0010475152112722395,27.012777262403652,2023-03-24,47.361314912777516,0,0,7.612336837167746,1.0986122886681098,5.783825182329737,7.612336837167746,1.0986122886681098,5.830433915721401
2023-03-25,BTCUSDT,27454.46,27787.33,27156.09,27462.95,50844.08102,10.25323908487588,10.836518993914982,0.01999286373013335,0.04104106872050678,0.00030882732901125104,-0.030170604453767236,0.026457186978300896,2.849875769005402e-05,0.0012634162433745079,26.998926532703862,2023-03-25,47.52415003965513,0,0,7.612336837167746,1.0986122886681098,5.783825182329737,7.612336837167746,1.0986122886681098,5.830433915721401
2023-03-26,BTCUSDT,27462.96,28194.4,27417.76,27968.05,49671.70353,10.232335440394989,10.813190704473204,0.027693706602310905,0.03770422819095781,0.01822496367160109,0.00030882732901125104,0.02753357720643377,0.001685438107002199,0.001169419226093807,27.009618195808912,2023-03-26,47.624028953046434,0,0,7.612336837167746,1.0986122886681098,5.783825182329737,7.612336837167746,1.0986122886681098,5.830433915721401
2023-03-27,BTCUSDT,27968.05,28023.86,26508.14,27124.91,88039.46898,10.246878655645993,11.385540504045652,0.036659695130727005,0.03744309492590011,-0.030610293346195108,0.01822496367160109,0.02945213105673876,0.0026885235123724057,0.0011384891737642275,26.996459512024693,2023-03-27,47.56411248613263,0,0,7.612336837167746,1.0986122886681098,5.783825182329737,7.612336837167746,1.0986122886681098,5.830433915721401
2023-03-28,BTCUSDT,27124.9,27520.0,26631.78,27261.07,78602.44341,10.240811569146889,11.27215806457534,0.030048473049597745,0.03559443945682452,0.005007183266062188,-0.030610293346195108,0.02690389415242489,0.0004442080422734762,0.0013006917834980426,26.98599566002259,2023-03-28,47.42042605007953,0,0,7.612336837167746,1.0986122886681098,5.783825182329737,7.612336837167746,1.0986122886681098,5.830433915721401
2023-03-29,BTCUSDT,27261.06,28650.0,27240.1,28348.6,89486.16008,10.22266829204728,11.401839256327918,0.05038262856596487,0.03929148673410961,0.039117969089514086,0.005007183266062188,0.027328372269221385,0.003430847270347542,0.001353977335252808,27.012947342254773,2023-03-29,47.43542755937749,0,0,7.612336837167746,1.0986122886681098,5.783825182329737,7.612336837167746,1.0986122886681098,5.830433915721401
2023-03-30,BTCUSDT,28348.6,29184.68,27686.0,28028.53,98865.43256,10.262908722142885,11.50151493740455,0.0426977614288243,0.04014305540778828,-0.011354726247076305,0.039117969089514086,0.02400866032025559,0.0009872374473165384,0.0013195758592336009,27.02840383178371,2023-03-30,47.613098752842085,0,0,7.612336837167746,1.0986122886681098,5.783825182329737,7.612336837167746,1.0986122886681098,5.830433915721401
2023-03-31,BTCUSDT,28028.53,28656.69,27511.71,28465.36,78198.12139,10.281399193041203,11.267000903099062,0.0392165734270764,0.03991143491261031,0.01546498944228887,-0.011354726247076305,0.024406219206972026,0.001372591479781911,0.0011079353895544926,27.023267088959013,2023-03-31,47.62872640570691,0,0,7.612336837167746,1.0986122886681098,5.783825182329737,7.612336837167746,1.0986122886681098,5.830433915721401
2023-04-01,BTCUSDT,28465.36,28819.71,28220.27,28452.73,30238.44753,10.263142202737573,10.316869490681963,0.018192828135160693,0.03448178321824791,-0.00044379564413691034,0.01546498944228887,0.023712319355679554,4.301650268404962e-05,0.0013158440157051224,27.035024598607833,2023-04-01,47.77286250964091,0,0,7.612336837167746,1.3862943611198906,5.497168225293202,7.612336837167746,1.3862943611198906,5.494182125018732
2023-04-02,BTCUSDT,28452.74,28530.0,27856.43,28171.87,37365.65692,10.268814807046258,10.528507297368682,0.017415107595691398,0.03021511431260878,-0.009920151427765776,-0.00044379564413691034,0.018883580705699468,0.0009422182221638438,0.001185575939838639,27.026929083181447,2023-04-02,47.739581972049265,0,0,7.612336837167746,1.3862943611198906,5.497168225293202,7.612336837167746,1.3862943611198906,5.494182125018732
2023-04-03,BTCUSDT,28171.87,28500.99,27200.24,27800.0,79180.01405,10.258711444207545,11.279479198103905,0.0361671697680577,0.03170312817647101,-0.01328794166506373,-0.009920151427765776,0.02054076318179092,0.001178063404496322,0.0011280543004978955,27.01516766301029,2023-04-03,47.5736193048469,0,0,7.612336837167746,1.3862943611198906,5.497168225293202,7.612336837167746,1.3862943611198906,5.494182125018732
2023-04-04,BTCUSDT,27800.0,28444.44,27662.79,28165.47,49722.55691,10.257694102495536,10.814213970489012,0.026975284983061034,0.030521167378118514,0.01306073888880465,-0.01328794166506373,0.0127031810522722,0.0012077381605770142,0.0004734834539214708,27.018036052909267,2023-04-04,47.28825653960236,0,0,7.612336837167746,1.3862943611198906,5.497168225293202,7.612336837167746,1.3862943611198906,5.494182125018732
2023-04-05,BTCUSDT,28165.47,28775.0,27805.1,28170.01,60737.64732,10.255707989875468,11.01431900423087,0.030033355724927192,0.030399214464820683,0.00016117729039769833,0.01306073888880465,0.011668121502656314,1.4633432201826202e-05,0.0006077505536522266,27.026092829645407,2023-04-05,47.104391933660466,0,0,7.612336837167746,1.3862943611198906,5.497168225293202,7.612336837167746,1.3862943611198906,5.494182125018732
2023-04-06,BTCUSDT,28170.01,28182.05,27711.0,28033.82,40118.94963,10.267262233590083,10.599604061025275,0.014052780831388334,0.026312606056462594,-0.0048462984303144436,0.00016117729039769833,0.009277684664293753,0.0004572150433556546,0.0005448038717969448,27.018778738156566,2023-04-06,47.13961009872121,0,0,7.612336837167746,1.3862943611198906,5.497168225293202,7.612336837167746,1.3862943611198906,5.494182125018732
2023-04-07,BTCUSDT,28033.83,28100.0,27766.94,27906.33,24762.09387,10.246440529435578,10.117069289862718,0.008718439146530994,0.021914064328979695,-0.004558093631494347,-0.0048462984303144436,0.009243211653046618,0.0004505349821080644,0.0004765487537778514,27.0166796961368,2023-04-07,47.27469415346632,0,0,7.612336837167746,1.3862943611198906,5.497168225293202,7.612336837167746,1.3862943611198906,5.494182125018732
2023-04-08,BTCUSDT,27906.34,28154.99,27859.02,27938.38,19479.96735,10.243524855321837,9.877141901117092,0.009928315970070373,0.018917627239252364,0.0011478259451552448,-0.004558093631494347,0.008731716296358528,0.00011621033256851632,0.0005133804182719983,27.01723747876875,2023-04-08,47.35961775977483,0,0,7.612336837167746,1.3862943611198906,5.497168225293202,7.612336837167746,1.3862943611198906,5.494182125018732
2023-04-09,BTCUSDT,27938.38,28530.0,27800.0,28323.76,32531.16101,10.245479882511955,10.389953709270102,0.025215661763607178,0.020492135870341068,0.013699657615021985,0.0011478259451552448,0.008316322212431428,0.001318548474648054,0.0005486138559279087,27.023648178128656,2023-04-09,47.51387190558371,0,0,7.612336837167746,1.3862943611198906,5.497168225293202,7.612336837167746,1.3862943611198906,5.494182125018732
2023-04-10,BTCUSDT,28323.76,29770.0,28170.0,29637.34,67754.0622,10.258711444207545,11.123639695616085,0.05502311773850835,0.029124881337382887,0.04533402443678367,0.013699657615021985,0.019266598451708476,0.004075466814576004,0.0015412550894142011,27.052598814848107,2023-04-10,47.99106247321299,0,0,7.612336837167746,1.3862943611198906,5.497168225293202,7.612336837167746,1.3862943611198906,5.494182125018732
2023-04-11,BTCUSDT,29637.35,30550.0,29590.0,30200.42,67990.07621,10.301256454009822,11.12711703542001,0.03163873260511754,0.02975334415431655,0.018820778757940998,0.04533402443678367,0.01915904630335324,0.0016914335220911585,0.0014610995784736921,27.08765276610255,2023-04-11,48.571263930570865,0,0,7.612336837167746,1.3862943611198906,5.497168225293202,7.612336837167746,1.3862943611198906,5.494182125018732
2023-04-12,BTCUSDT,30200.43,30486.0,29637.4,29888.07,62049.48451,10.327119964599742,11.035687482943128,0.020595845369131224,0.027463969458020217,-0.010396427448109471,0.018820778757940998,0.020216673717984048,0.0009420733836635276,0.001414404260703408,27.090199949487005,2023-04-12,48.67569725827059,0,0,7.612336837167746,1.3862943611198906,5.497168225293202,7.612336837167746,1.3862943611198906,5.494182125018732
2023-04-13,BTCUSDT,29888.07,30595.0,29854.59,30373.84,51934.11731,10.325022840821786,10.85773121946472,0.024331475058065617,0.026680845858031568,0.01612230751029388,-0.010396427448109471,0.01881452135436415,0.001484868909021373,0.0013313999427339068,27.093769835373667,2023-04-13,48.37077629263342,0,0,7.612336837167746,1.3862943611198906,5.497168225293202,7.612336837167746,1.3862943611198906,5.494182125018732
2023-04-14,BTCUSDT,30373.84,31000.0,29966.0,30466.93,75984.19452,10.328591875896642,11.238280630798261,0.030271175908338107,0.027578428370608202,0.003060121449609667,0.01612230751029388,0.01856534404746683,0.00027229445056065526,0.0012975939915407474,27.103058668242053,2023-04-14,47.91443971180684,0,0,7.612336837167746,1.3862943611198906,5.497168225293202,7.612336837167746,1.3862943611198906,5.494182125018732
2023-04-15,BTCUSDT,30466.93,30595.6,30202.0,30295.09,25429.81247,10.341742483467284,10.143677484027984,0.00902474081622078,0.022940006482011346,-0.005656179900882534,0.003060121449609667,0.020318611729063712,0.000557606441035673,0.001369412994130188,27.100942577614187,2023-04-15,47.59262928979768,0,0,7.612336837167746,1.3862943611198906,5.497168225293202,7.612336837167746,1.3862943611198906,5.494182125018732
2023-04-16,BTCUSDT,30295.1,30549.99,30120.0,30304.65,26431.99322,10.328611486751903,10.182330419813407,0.012417343433606369,0.020309340719910102,0.00031551290745832457,-0.005656179900882534,0.011671011200483533,3.098631594633583e-05,0.0006644001733794545,27.098389779070846,2023-04-16,47.35977224172172,0,0,7.612336837167746,1.3862943611198906,5.497168225293202,7.612336837167746,1.3862943611198906,5.494182125018732
2023-04-17,BTCUSDT,30304.66,30316.06,29240.65,29430.27,56441.81127,10.327119637267446,10.940965497407873,0.01564012603377202,0.019142037048375582,-0.029277429572032238,0.00031551290745832457,0.015201463476220662,0.00267594569957913,0.0009706990863608683,27.08180869112213,2023-04-17,47.07941036317857,0,0,7.612336837167746,1.3862943611198906,5.497168225293202,7.612336837167746,1.3862943611198906,5.494182125018732
2023-04-18,BTCUSDT,29430.27,30485.0,29096.78,30380.01,62004.89434,10.319432884082884,11.034968601879296,0.04618353617666009,0.025902411830446708,0.031761089816271876,-0.029277429572032238,0.020605338478875013,0.00287822203779201,0.0012356574263046667,27.082579452769362,2023-04-18,47.142332391612015,0,0,7.612336837167746,1.3862943611198906,5.497168225293202,7.612336837167746,1.3862943611198906,5.494182125018732
2023-04-19,BTCUSDT,30380.01,30413.53,28520.0,28797.1,86575.48656,10.324990038341916,11.36877198935301,0.026110777079923417,0.025954503142815884,-0.053510138704066394,0.031761089816271876,0.029315932349228004,0.004706765053796423,0.0018637972407398562,27.07243870969541,2023-04-19,47.48028606333248,0,0,7.612336837167746,1.3862943611198906,5.497168225293202,7.612336837167746,1.3862943611198906,5.494182125018732
2023-04-20,BTCUSDT,28797.1,29088.3,28010.0,28243.65,76879.09372,10.322642854171384,11.249989255333277,0.02470376775640175,0.02564181929621235,-0.01940603406257386,-0.053510138704066394,0.028917214969536326,0.0017249824530609261,0.0017048690509074373,27.03741417097128,2023-04-20,47.38342787832455,0,0,7.612336837167746,1.3862943611198906,5.497168225293202,7.612336837167746,1.3862943611198906,5.494182125018732
2023-04-21,BTCUSDT,28243.65,28374.02,27125.0,27262.84,77684.7679,10.278091310455375,11.260414479814873,0.02030185974997358,0.024306829409652658,-0.03534405077145466,-0.01940603406257386,0.03000497656298071,0.003138787727113552,0.0015584935978769701,27.00954571938713,2023-04-21,47.25762582661427,0,0,7.612336837167746,1.3862943611198906,5.497168225293202,7.612336837167746,1.3862943611198906,5.494182125018732
2023-04-22,BTCUSDT,27262.84,27882.72,27140.35,27816.85,36023.69686,10.253229216742339,10.49193224700041,0.026787526665379247,0.024927003723584307,0.02011734939753183,-0.03534405077145466,0.03327718936946764,0.001917411295072295,0.0010674168738623022,27.001459428614638,2023-04-22,47.299586825950975,0,0,7.612336837167746,1.3862943611198906,5.497168225293202,7.612336837167746,1.3862943611198906,5.494182125018732
2023-04-23,BTCUSDT,27816.85,27816.85,27311.25,27590.6,34812.09581,10.235762421091307,10.457720186117498,0.013662677806248108,0.022110922244250257,-0.008166817188415205,0.02011734939753183,0.032480400788729165,0.0007809366710018269,0.0013647378898981332,27.005683674123034,2023-04-23,47.34407282292787,0,0,7.612336837167746,1.3862943611198906,5.497168225293202,7.612336837167746,1.3862943611198906,5.494182125018732
2023-04-24,BTCUSDT,27590.59,28000.0,26942.82,27510.93,53111.56874,10.23339723117307,10.880150050543767,0.03259845068435102,0.024732804354275446,-0.002891754748673293,-0.008166817188415205,0.0258021062644754,0.0002657826165300697,0.0016218415972705231,27.001263642740856,2023-04-24,47.355323684817364,0,0,7.612336837167746,1.3862943611198906,5.497168225293202,7.612336837167746,1.3862943611198906,5.494182125018732
2023-04-25,BTCUSDT,27510.93,28399.99,27192.0,28300.79,52325.14637,10.239959789157341,10.865232344634702,0.04299407272662559,0.029298121447362983,0.028306339200071688,-0.002891754748673293,0.023901627409507808,0.0026052217110708615,0.0010798173446028797,27.013378035585724,2023-04-25,47.596075631666125,0,0,7.612336837167746,1.3862943611198906,5.497168225293202,7.612336837167746,1.3862943611198906,5.494182125018732
2023-04-26,BTCUSDT,28300.8,30036.0,27235.0,28415.29,129228.40403,10.25414407203656,11.769336691601609,0.08633584576666753,0.04355755252718912,0.004037661120266265,0.028306339200071688,0.022540640353085627,0.0003430661579379804,0.001221456176697956,27.036436182467867,2023-04-26,47.98975888166028,0,0,7.612336837167746,1.3862943611198906,5.497168225293202,7.612336837167746,1.3862943611198906,5.494182125018732
2023-04-27,BTCUSDT,28415.29,29890.0,28378.86,29472.77,95430.82431,10.310151941219775,11.466156911223726,0.05170537886839613,0.04559450911249087,0.0365394056503652,0.004037661120266265,0.01799971822265951,0.0031867177410243148,0.001234339215612221,27.055410286372386,2023-04-27,48.371598263327904,0,0,7.612336837167746,1.3862943611198906,5.497168225293202,7.612336837167746,1.3862943611198906,5.494182125018732
2023-04-28,BTCUSDT,29472.77,29599.54,28891.0,29311.7,54298.16578,10.305279255277984,10.902245725977641,0.019804221575462373,0.039146937228233744,-0.005480032501360423,0.0365394056503652,0.018979497227288186,0.0005026517140686636,0.00127683972559594,27.06519981543669,2023-04-28,48.61345543349701,0,0,7.612336837167746,1.3862943611198906,5.497168225293202,7.612336837167746,1.3862943611198906,5.494182125018732
2023-04-29,BTCUSDT,29311.69,29448.88,29031.0,29230.45,20466.83058,10.295514099650855,9.926560834229843,0.01151586335464228,0.03223916875983588,-0.0027757795765594477,-0.005480032501360423,0.01812846644682302,0.00027963154841984184,0.001331324012038773,27.063275899814396,2023-04-29,48.539858549837625,0,0,7.612336837167746,1.3862943611198906,5.497168225293202,7.612336837167746,1.3862943611198906,5.494182125018732
2023-04-30,BTCUSDT,29230.45,29969.39,29079.59,29233.21,39752.5372,10.290411157796282,10.590428946976315,0.02792354400637651,0.031160262571471038,9.441762633578723e-05,-0.0027757795765594477,0.01775329389636778,8.915373192956882e-06,0.0013708094205271654,27.067255633527864,2023-04-30,48.6145188319554,0,0,7.612336837167746,1.3862943611198906,5.497168225293202,7.612336837167746,1.3862943611198906,5.494182125018732
2023-05-01,BTCUSDT,29233.2,29337.34,27666.95,28068.26,64433.65958,10.30793180641655,11.073391439836756,0.031645993371145605,0.03128169527138968,-0.040665991207925405,9.441762633578723e-05,0.024623377955624127,0.003672406184579428,0.001639592613864238,27.039509218211816,2023-05-01,48.386272491668535,0,0,7.612336837167746,1.6094379124341003,5.583496308781699,7.612336837167746,1.6094379124341003,5.459000065781429
2023-05-02,BTCUSDT,28068.26,28879.88,27872.0,28669.86,50824.5224,10.286616386373636,10.836134241502076,0.03479422637473922,0.032159828047227064,0.021206996165195773,-0.040665991207925405,0.02631757653806853,0.0019570628872401376,0.0015760153423381301,27.032898351526384,2023-05-02,48.26131393931711,0,0,7.612336837167746,1.6094379124341003,5.583496308781699,7.612336837167746,1.6094379124341003,5.459000065781429
2023-05-03,BTCUSDT,28669.85,29266.66,28113.69,29026.16,64615.79213,10.270900437873475,11.076214120111882,0.03812849637133598,0.03365199512825429,0.012351095602062214,0.021206996165195773,0.02123626688950836,0.0011151008339244216,0.001373055690522823,27.046683126567977,2023-05-03,48.34444122164398,0,0,7.612336837167746,1.6094379124341003,5.583496308781699,7.612336837167746,1.6094379124341003,5.459000065781429
2023-05-04,BTCUSDT,29026.16,29379.83,28663.64,28838.16,42575.47501,10.28420426316464,10.65903366248568,0.01936939827872524,0.03008134591587203,-0.006497982228264741,0.012351095602062214,0.021268447737018293,0.0006096220758861376,0.0013619678095023286,27.053945509412376,2023-05-04,48.44463518955919,0,0,7.612336837167746,1.6094379124341003,5.583496308781699,7.612336837167746,1.6094379124341003,5.459000065781429
2023-05-05,BTCUSDT,28838.16,29677.0,28800.0,29505.61,58415.83048,10.28806366346198,10.975342201946535,0.029868841081999345,0.03002821970740386,0.02288090465334252,-0.006497982228264741,0.023694499386008004,0.002084755466602624,0.0012962266364365583,27.062313905111473,2023-05-05,48.40389313023626,0,0,7.612336837167746,1.6094379124341003,5.583496308781699,7.612336837167746,1.6094379124341003,5.459000065781429
2023-05-06,BTCUSDT,29505.6,29820.0,28300.0,28848.2,49249.28459,10.298127614005459,10.804650120403359,0.03680928732731469,0.03172348661238157,-0.02253281543081646,0.02288090465334252,0.025691249827336678,0.002085473863541938,0.0010480245006875997,27.060926679111354,2023-05-06,48.441906020386256,0,0,7.612336837167746,1.6094379124341003,5.583496308781699,7.612336837167746,1.6094379124341003,5.459000065781429
2023-05-07,BTCUSDT,28848.19,29138.29,28395.23,28430.1,30003.41028,10.30293458831873,10.309066330183665,0.0166701465398352,0.02796015159424498,-0.01459915625864984,-0.02253281543081646,0.019295407188135823,0.0014161472815346356,0.0006049117949117768,27.048484871087545,2023-05-07,48.49266868300204,0,0,7.612336837167746,1.6094379124341003,5.583496308781699,7.612336837167746,1.6094379124341003,5.459000065781429
2023-05-08,BTCUSDT,28430.09,28631.01,27262.0,27668.79,68244.36179,10.27980839580358,11.130850098499188,0.03108770787930225,0.028742040665509297,-0.027143379896367045,-0.01459915625864984,0.019826266794731512,0.0024385720458158793,0.0006956895385419001,27.02440150102115,2023-05-08,48.39805063345094,0,0,7.612336837167746,1.6094379124341003,5.583496308781699,7.612336837167746,1.6094379124341003,5.459000065781429
2023-05-09,BTCUSDT,27668.8,27818.0,27353.0,27628.27,40113.31069,10.262245675150673,10.599463495622112,0.014338762200702139,0.025141221049307508,-0.0014655392981985705,-0.027143379896367045,0.01799721501454332,0.00013826542247198463,0.0009177320636107346,27.009682701043037,2023-05-09,48.23486687712546,0,0,7.612336837167746,1.6094379124341003,5.583496308781699,7.612336837167746,1.6094379124341003,5.459000065781429
2023-05-10,BTCUSDT,27628.28,28331.42,26777.0,27598.75,71155.11355,10.233438572167076,11.172617470928447,0.048622353484345175,0.031011504158066923,-0.0010690420309266652,-0.0014655392981985705,0.018236370656581326,9.56841164309394e-05,0.0010302963532358405,27.005746154447678,2023-05-10,48.11128565328304,0,0,7.612336837167746,1.6094379124341003,5.583496308781699,7.612336837167746,1.6094379124341003,5.459000065781429
2023-05-11,BTCUSDT,27598.74,27630.14,26702.05,26968.62,47635.31365,10.251726715112365,10.771329648563414,0.019156099565891063,0.028047653010022957,-0.0230965139643067,-0.0010690420309266652,0.011376914831609276,0.0021442583894354314,0.0010387292174188322,26.992227654204793,2023-05-11,48.04325723979201,0,0,7.612336837167746,1.6094379124341003,5.583496308781699,7.612336837167746,1.6094379124341003,5.459000065781429
2023-05-12,BTCUSDT,26968.61,27091.12,25811.46,26795.01,67207.93494,10.226662484860832,11.115546599004695,0.04312031507423885,0.03181581852607693,-0.00645829172740886,-0.0230965139643067,0.011133931033798719,0.0005810143180891479,0.0010175953261979016,26.971036331710042,2023-05-12,47.73179598277244,0,0,7.612336837167746,1.6094379124341003,5.583496308781699,7.612336837167746,1.6094379124341003,5.459000065781429
2023-05-13,BTCUSDT,26795.01,27045.45,26692.03,26775.28,22814.90421,10.206961277893765,10.035169294799106,0.011591464744415048,0.02675973008066146,-0.0007366023552270455,-0.00645829172740886,0.011969688876860552,7.340208556409726e-05,0.001088734829397934,26.97716756744737,2023-05-13,47.62562626247752,0,0,7.612336837167746,1.6094379124341003,5.583496308781699,7.612336837167746,1.6094379124341003,5.459000065781429
2023-05-14,BTCUSDT,26775.27,27200.0,26560.53,26917.62,21594.8036,10.20527406310221,9.980207990655598,0.021953655820369768,0.025558211515588534,0.005302016968638717,-0.0007366023552270455,0.009806544784882652,0.0005312531536019048,0.0007917628154525776,26.978593104626043,2023-05-14,47.76618478428401,0,0,7.612336837167746,1.6094379124341003,5.583496308781699,7.612336837167746,1.6094379124341003,5.459000065781429
2023-05-15,BTCUSDT,26917.61,27663.59,26726.0,27162.14,40430.08333,10.210972252284089,10.60732942372594,0.032530048418514784,0.027301170741320095,0.0090430011641092,0.005302016968638717,0.011300239140626223,0.0008525238354417721,0.000762703612626733,26.987793700197486,2023-05-15,47.87061939728733,0,0,7.612336837167746,1.6094379124341003,5.583496308781699,7.612336837167746,1.6094379124341003,5.459000065781429
2023-05-16,BTCUSDT,27162.15,27296.89,26852.11,27033.84,33270.45451,10.227872387107634,10.412425030175596,0.012598647264922502,0.023625539872220696,-0.004734677357132959,0.0090430011641092,0.011284689380943935,0.0004547141845834844,0.0007173167552824889,26.98663830477488,2023-05-16,47.989324725684945,0,0,7.612336837167746,1.6094379124341003,5.583496308781699,7.612336837167746,1.6094379124341003,5.459000065781429
2023-05-17,BTCUSDT,27033.85,27500.0,26544.71,27405.61,42958.97785,10.214528055269822,10.668000935836373,0.03445624285615846,0.026333215618205136,0.013658322391184448,-0.004734677357132959,0.007975528829008783,0.0012803075733995174,0.0004062230956365648,26.987987231129907,2023-05-17,48.02885152697819,0,0,7.612336837167746,1.6094379124341003,5.583496308781699,7.612336837167746,1.6094379124341003,5.459000065781429
2023-05-18,BTCUSDT,27405.62,27485.33,26361.2,26821.28,49198.65143,10.221941283654663,10.80362149214539,0.028170246024185563,0.02679247321970024,-0.021552134669642054,0.013658322391184448,0.012519834212281332,0.0019948990887279053,0.0006863898673671757,26.984144699239355,2023-05-18,47.974246670608174,0,0,7.612336837167746,1.6094379124341003,5.583496308781699,7.612336837167746,1.6094379124341003,5.459000065781429
2023-05-19,BTCUSDT,26821.28,27183.6,26630.0,26880.26,28754.13544,10.221407686771709,10.26653687727262,0.018521162333392512,0.02472464549812331,0.002196585934586688,-0.021552134669642054,0.012534924135135142,0.00021395588023935753,0.0006557026381949145,26.97917438549488,2023-05-19,47.799040392763864,0,0,7.612336837167746,1.6094379124341003,5.583496308781699,7.612336837167746,1.6094379124341003,5.459000065781429
2023-05-20,BTCUSDT,26880.26,27150.0,26825.11,27102.43,14434.54718,10.210369129265489,9.577379722017191,0.011888129096930425,0.021515516397825087,0.008231203535191795,0.002196585934586688,0.012806343532307932,0.0008594421202982371,0.0006333030140425313,26.98344235655781,2023-05-20,47.82417539606853,0,0,7.612336837167746,1.6094379124341003,5.583496308781699,7.612336837167746,1.6094379124341003,5.459000065781429
2023-05-21,BTCUSDT,27102.42,27277.55,26666.03,26747.78,21347.87279,10.20913232536208,9.968707378564057,0.013990290739713085,0.019634209983297086,-0.013171912518513606,0.008231203535191795,0.013267646561317683,0.0013213260273681497,0.0006486934644000104,26.981808828582004,2023-05-21,47.89625541837743,0,0,7.612336837167746,1.6094379124341003,5.583496308781699,7.612336837167746,1.6094379124341003,5.459000065781429
2023-05-22,BTCUSDT,26747.78,27099.89,26538.21,26849.27,26458.83828,10.21381929854013,10.1833455319432,0.019119949276354558,0.019505644806561452,0.0037871532594394926,-0.013171912518513606,0.013443523254576033,0.00037189676492464286,0.0006638510237481656,26.976404609716205,2023-05-22,47.880170582060444,0,0,7.612336837167746,1.6094379124341003,5.583496308781699,7.612336837167746,1.6094379124341003,5.459000065781429
2023-05-23,BTCUSDT,26849.28,27495.83,26798.11,27219.61,38700.83858,10.207284947818964,10.56361654751696,0.025325541281192705,0.020960618925219266,0.01369903691712277,0.0037871532594394926,0.013452495148232461,0.001296813156318402,0.0006652429763872331,26.987190459875173,2023-05-23,47.882355045004346,0,0,7.612336837167746,1.6094379124341003,5.583496308781699,7.612336837167746,1.6094379124341003,5.459000065781429
2023-05-24,BTCUSDT,27219.61,27219.61,26080.5,26329.01,54393.0657,10.22178963579307,10.903991955969202,0.02013494068861806,0.020754199366068964,-0.03326629631528951,0.01369903691712277,0.01730629027708378,0.003050836468847398,0.0010220059826811189,26.97284077884736,2023-05-24,47.80095187080839,0,0,7.612336837167746,1.6094379124341003,5.583496308781699,7.612336837167746,1.6094379124341003,5.459000065781429
2023-05-25,BTCUSDT,26329.0,26631.98,25871.89,26473.79,37435.44895,10.211692948402595,10.53037336738037,0.02709413320542738,0.02233918282590857,0.005483813844004058,-0.03326629631528951,0.017557234691838598,0.0005207615772666815,0.0009700146518565737,26.958269206955183,2023-05-25,47.73724733227198,0,0,7.612336837167746,1.6094379124341003,5.583496308781699,7.612336837167746,1.6094379124341003,5.459000065781429
2023-05-26,BTCUSDT,26473.8,26932.16,26327.24,26705.92,35061.18713,10.18986802827831,10.464850017856355,0.02166170934099655,0.022169814454680567,0.008730076726596555,0.005483813844004058,0.017619513479156197,0.0008342285567113025,0.0009720291444509737,26.969480316656625,2023-05-26,47.819480558503464,0,0,7.612336837167746,1.6094379124341003,5.583496308781699,7.612336837167746,1.6094379124341003,5.459000065781429
2023-05-27,BTCUSDT,26705.93,26895.0,26551.0,26854.27,15095.6867,10.201076390535688,9.622164332990945,0.01252580814378515,0.019758812876956713,0.005539576292267746,0.008730076726596555,0.016988200059584437,0.0005757100066639403,0.001005509173455946,26.975017909905223,2023-05-27,47.842294996393406,0,0,7.612336837167746,1.6094379124341003,5.583496308781699,7.612336837167746,1.6094379124341003,5.459000065781429
2023-05-28,BTCUSDT,26854.28,28261.32,26764.36,28065.0,43916.00855,10.199695674707343,10.690034192044466,0.0542077032151544,0.028371035461506135,0.04409840842612671,0.005539576292267746,0.024694527871724842,0.004125188716322796,0.0015010760069203934,27.002122638031764,2023-05-28,48.07131808696488,0,0,7.612336837167746,1.6094379124341003,5.583496308781699,7.612336837167746,1.6094379124341003,5.459000065781429
2023-05-29,BTCUSDT,28065.01,28447.14,27524.6,27736.4,42385.41945,10.249249364277192,10.65455970118323,0.024390497233232573,0.027375900904437745,-0.011777618425209708,0.04409840842612671,0.025565778643012342,0.0011054063945882024,0.0015141999828259401,27.018655707466735,2023-05-29,48.25810341570961,0,0,7.612336837167746,1.6094379124341003,5.583496308781699,7.612336837167746,1.6094379124341003,5.459000065781429
2023-05-30,BTCUSDT,27736.39,28038.59,27554.0,27694.4,32686.75371,10.255802907260502,10.394725189495022,0.014914973637488284,0.02426066908770038,-0.0015154032789555,-0.011777618425209708,0.018955837000999644,0.00014578579532693915,0.0014601386979742354,27.0119361970169,2023-05-30,48.09126739723477,0,0,7.612336837167746,1.6094379124341003,5.583496308781699,7.612336837167746,1.6094379124341003,5.459000065781429
2023-05-31,BTCUSDT,27694.39,27835.51,26839.01,27210.35,46588.80573,10.241337054577473,10.749115570869932,0.024827339994641283,0.024402336814435606,-0.017632811059524262,-0.0015154032789555,0.021808176847672365,0.0016403964533890697,0.0014243394974742158,26.998672457301183,2023-05-31,47.94129009253363,0,0,7.612336837167746,1.6094379124341003,5.583496308781699,7.612336837167746,1.6094379124341003,5.459000065781429
2023-06-01,BTCUSDT,27210.36,27350.0,26605.05,26817.93,39217.8088,10.23406782270591,10.576886228735221,0.017906637152437996,0.0227784118989362,-0.014526721963616974,-0.017632811059524262,0.02295816766897493,0.001373440315936354,0.0013979315465554012,26.984061210730637,2023-06-01,47.73103584659431,0,0,7.612336837167746,1.791759469228055,5.5093883366279774,7.612336837167746,1.791759469228055,5.442056740618091
2023-06-02,BTCUSDT,26817.93,27300.0,26505.0,27242.59,36380.90269,10.216471807850127,10.501799264573517,0.029132272245291562,0.024366876985525043,0.015710863858149307,-0.014526721963616974,0.02374909990766762,0.0014960163932239599,0.0013255986273862967,26.982897122383996,2023-06-02,47.56146664197359,0,0,7.612336837167746,1.791759469228055,5.5093883366279774,7.612336837167746,1.791759469228055,5.442056740618091
2023-06-03,BTCUSDT,27242.59,27333.29,26914.93,27069.22,16595.34117,10.21464198117305,9.716877282544738,0.010974281802598162,0.021018728189793324,-0.0063842684993772065,0.015710863858149307,0.01210806665378213,0.0006570288286799523,0.0005700680987001603,26.989456438570528,2023-06-03,47.505302067243235,0,0,7.612336837167746,1.791759469228055,5.5093883366279774,7.612336837167746,1.791759469228055,5.442056740618091
2023-06-04,BTCUSDT,27069.22,27455.02,26951.0,27115.21,19258.41049,10.21586065221117,9.8657031528706,0.016994098120751387,0.02001257067253284,0.0016975360281114345,-0.0063842684993772065,0.012076423748422993,0.00017206437309210003,0.0006758899208699399,26.98983236960147,2023-06-04,47.48543890868755,0,0,7.612336837167746,1.791759469228055,5.5093883366279774,7.612336837167746,1.791759469228055,5.442056740618091
2023-06-05,BTCUSDT,27115.2,27129.33,25388.0,25728.2,65805.60305,10.220304308177468,11.094460266423683,0.030177226166512944,0.022553734546027864,-0.05250715845555731,0.0016975360281114345,0.023089149020589412,0.00473273662662664,0.0015980567263638344,26.9594972220425,2023-06-05,47.40625571874398,0,0,7.612336837167746,1.791759469228055,5.5093883366279774,7.612336837167746,1.791759469228055,5.442056740618091
2023-06-06,BTCUSDT,25728.2,27355.33,25351.02,27230.08,68392.60438,10.208370709439441,11.133019974665503,0.07564576282357237,0.03582674161541399,0.05673457801927024,-0.05250715845555731,0.03599228771910653,0.005096063615117591,0.0021192525270917082,26.962409270750587,2023-06-06,47.696853576445186,0,0,7.612336837167746,1.791759469228055,5.5093883366279774,7.612336837167746,1.791759469228055,5.442056740618091
2023-06-07,BTCUSDT,27230.07,27391.77,26125.01,26339.34,59619.44364,10.216666670033277,10.995737035420659,0.024876480078499626,0.0330891762311854,-0.03325860556385626,0.05673457801927024,0.03825801431383473,0.003024681788653188,0.0020889444412367625,26.975994712145333,2023-06-07,48.08196721683278,0,0,7.612336837167746,1.791759469228055,5.5093883366279774,7.612336837167746,1.791759469228055,5.442056740618091
2023-06-08,BTCUSDT,26339.34,26810.0,26210.0,26498.61,31075.51083,10.217997882294068,10.34417535486005,0.021325703447158197,0.030148308035178602,0.00602863973269374,-0.03325860556385626,0.037507735717247276,0.0005828052527997098,0.002209138679743154,26.96467677748351,2023-06-08,48.07114487843515,0,0,7.612336837167746,1.791759469228055,5.5093883366279774,7.612336837167746,1.791759469228055,5.442056740618091
2023-06-09,BTCUSDT,26498.62,26783.33,26269.91,26477.81,27934.7097,10.196530231230005,10.237625269857867,0.01658869995901374,0.026758406016137385,-0.0007852550651334101,0.00602863973269374,0.037524556378619324,7.670285290138501e-05,0.002309937613350203,26.96623621361024,2023-06-09,48.16250682499303,0,0,7.612336837167746,1.791759469228055,5.5093883366279774,7.612336837167746,1.791759469228055,5.442056740618091
2023-06-10,BTCUSDT,26477.8,26533.87,25358.0,25841.21,64944.60108,10.195534958042034,11.081289894394311,0.0301922683687482,0.027616871604290088,-0.024336519277700846,-0.0007852550651334101,0.0382758003536216,0.0021961810862841835,0.0020763641382961664,26.94927102261436,2023-06-10,48.79224481738859,0,0,7.612336837167746,1.791759469228055,5.5093883366279774,7.612336837167746,1.791759469228055,5.442056740618091
2023-06-11,BTCUSDT,25841.22,26206.88,25634.7,25925.55,30014.29595,10.186177309090473,10.309429078805803,0.020017635945672945,0.025717062689635802,0.003258464490493794,-0.024336519277700846,0.03148034462151295,0.0003160664344830276,0.0019562100611830884,26.94343684765695,2023-06-11,49.09795504299301,0,0,7.612336837167746,1.791759469228055,5.5093883366279774,7.612336837167746,1.791759469228055,5.442056740618091
2023-06-12,BTCUSDT,25925.54,26106.48,25602.11,25905.19,29900.50893,10.173777250696894,10.305630780304154,0.01683518724580439,0.02349659382867795,-0.0007856342026842933,0.003258464490493794,0.016321433804544073,7.623349016013424e-05,0.0012542274699375979,26.94265959555472,2023-06-12,49.18410934257112,0,0,7.612336837167746,1.791759469228055,5.5093883366279774,7.612336837167746,1.791759469228055,5.442056740618091
2023-06-13,BTCUSDT,25905.2,26433.21,25712.57,25934.25,41065.60853,10.169938838357503,10.622926274766554,0.02493594894831878,0.023856432608588156,0.0011211542039807445,-0.0007856342026842933,0.010969793216386275,0.00010554099454158008,0.0008259835822286068,26.946666526398094,2023-06-13,49.15080511672203,0,0,7.612336837167746,1.791759469228055,5.5093883366279774,7.612336837167746,1.791759469228055,5.442056740618091
2023-06-14,BTCUSDT,25934.24,26098.0,24820.56,25128.6,45077.31608,10.182376453117968,10.7161344295579,0.02927927553669203,0.025212143340614127,-0.03155784923802867,0.0011211542039807445,0.015043879799024952,0.002944891130796556,0.0012785629338122795,26.927096078942235,2023-06-14,49.085556423298065,0,0,7.612336837167746,1.791759469228055,5.5093883366279774,7.612336837167746,1.791759469228055,5.442056740618091
2023-06-15,BTCUSDT,25128.6,25759.01,24800.0,25598.49,48664.86063,10.169613962022192,10.792712500991293,0.036840498119321406,0.028119232035290945,0.018526725673652867,-0.03155784923802867,0.018728509723035938,0.0017165958670678216,0.0012281606432413376,26.91978521094347,2023-06-15,49.30465154740588,0,0,7.612336837167746,1.791759469228055,5.5093883366279774,7.612336837167746,1.791759469228055,5.442056740618091
2023-06-16,BTCUSDT,25598.49,26518.0,25175.56,26345.0,51596.91662,10.156539747802755,10.85121719425787,0.05088975898256981,0.033811863772110665,0.028745138290379006,0.018526725673652867,0.020570751312334806,0.0026490243237956793,0.001310842171723625,26.94295472616264,2023-06-16,49.571232527506545,0,0,7.612336837167746,1.791759469228055,5.5093883366279774,7.612336837167746,1.791759469228055,5.442056740618091
2023-06-17,BTCUSDT,26345.01,26839.99,26181.0,26516.99,27842.2195,10.185579026674665,10.234308834690154,0.023288622714676084,0.03118105350775202,0.006507155969033793,0.028745138290379006,0.020614737247140386,0.0006358178235717467,0.0012685912128003651,26.96436871103885,2023-06-17,49.65675553468872,0,0,7.612336837167746,1.791759469228055,5.5093883366279774,7.612336837167746,1.791759469228055,5.442056740618091
2023-06-18,BTCUSDT,26516.99,26700.0,26255.85,26339.97,21538.31022,10.197648218507307,9.97758849916517,0.012125695114860934,0.02641721390952925,-0.006698102267960423,0.006507155969033793,0.02101291667727793,0.0006713147438903555,0.0011679174585880546,26.96424752675871,2023-06-18,49.67881172642339,0,0,7.612336837167746,1.791759469228055,5.5093883366279774,7.612336837167746,1.791759469228055,5.442056740618091
2023-06-19,BTCUSDT,26339.98,27068.09,26256.61,26844.35,35872.65974,10.19241884438834,10.487730717205887,0.030002421165343154,0.027313515723482725,0.0189678131440085,-0.006698102267960423,0.021973328488821647,0.0018085717163666701,0.0009638062543021836,26.970762820191727,2023-06-19,49.81484137290115,0,0,7.612336837167746,1.791759469228055,5.5093883366279774,7.612336837167746,1.791759469228055,5.442056740618091
2023-06-20,BTCUSDT,26844.35,28402.74,26652.0,28307.99,69666.95525,10.20611082230595,11.151481384614756,0.06343229622094868,0.036343210847849215,0.05308872645011515,0.0189678131440085,0.020343543038743157,0.0047606882546887,0.001534681121897896,27.005197419046393,2023-06-20,50.36808238698252,0,0,7.612336837167746,1.791759469228055,5.5093883366279774,7.612336837167746,1.791759469228055,5.442056740618091
2023-06-21,BTCUSDT,28308.0,30800.0,28257.99,29993.89,108926.40412,10.25424089836875,11.598427741607171,0.08586580512808142,0.048723859417907266,0.057849597296170514,0.05308872645011515,0.025508082544436126,0.004987710281510484,0.0019274375143515303,27.0681614370611,2023-06-21,51.14849526737323,0,0,7.612336837167746,1.791759469228055,5.5093883366279774,7.612336837167746,1.791759469228055,5.442056740618091
2023-06-22,BTCUSDT,29993.89,30500.0,29525.61,29884.92,59054.5646,10.335269968961667,10.98621711923069,0.02708571919354485,0.04331432436181666,-0.0036396889082070654,0.057849597296170514,0.028199466967513635,0.000331295920033841,0.002133413459962858,27.089981911925243,2023-06-22,51.32180659390051,0,0,7.612336837167746,1.791759469228055,5.5093883366279774,7.612336837167746,1.791759469228055,5.442056740618091
2023-06-23,BTCUSDT,29884.92,31431.94,29800.0,30688.5,73931.89635,10.325481962595504,11.210899628837621,0.05267353049220355,0.04565412589441338,0.026533986237444202,-0.0036396889082070654,0.027310373439160214,0.0023668025864036144,0.001992068893033079,27.105638598637753,2023-06-23,51.601931351705005,0,0,7.612336837167746,1.791759469228055,5.5093883366279774,7.612336837167746,1.791759469228055,5.442056740618091
2023-06-24,BTCUSDT,30688.51,30800.0,30250.0,30527.43,30513.30135,10.355579852353806,10.325917977363313,0.014026186826059361,0.03774714112732488,-0.005262367873937984,0.026533986237444202,0.026988314108254047,0.0005096271232711952,0.0020224174654239757,27.1096182019488,2023-06-24,51.72604171239706,0,0,7.612336837167746,1.791759469228055,5.5093883366279774,7.612336837167746,1.791759469228055,5.442056740618091
2023-06-25,BTCUSDT,30527.44,31046.01,30277.49,30462.66,30223.44801,10.335269968961667,10.316373326273826,0.021733466712690854,0.03374372252366637,-0.002123952410926466,-0.005262367873937984,0.029153779869167194,0.000205881693474311,0.002221799211585062,27.10978702267339,2023-06-25,51.64606086190969,0,0,7.612336837167746,1.791759469228055,5.5093883366279774,7.612336837167746,1.791759469228055,5.442056740618091
2023-06-26,BTCUSDT,30462.67,30666.0,29930.0,30267.99,45180.41489,10.343225576689022,10.718418973025425,0.01896591840107753,0.030049271493019163,-0.00641095284669021,-0.002123952410926466,0.02603921908445041,0.0005981248599093181,0.001884160200239336,27.101488133389115,2023-06-26,51.607612718912215,0,0,7.612336837167746,1.791759469228055,5.5093883366279774,7.612336837167746,1.791759469228055,5.442056740618091
2023-06-27,BTCUSDT,30267.99,30994.97,30226.17,30692.44,42699.64157,10.330909827996335,10.661945805036286,0.02484539379945774,0.028748302069628806,0.013925651745678577,-0.00641095284669021,0.01338795684308022,0.0013061079094118678,0.0008202502736296597,27.108797448646467,2023-06-27,51.7453250767606,0,0,7.612336837167746,1.791759469228055,5.5093883366279774,7.612336837167746,1.791759469228055,5.442056740618091
2023-06-28,BTCUSDT,30692.44,30709.74,29858.8,30077.41,40463.51937,10.341580212237503,10.608156090873603,0.014721049925511577,0.025241489033599497,-0.020241978544881276,0.013925651745678577,0.01657798345256819,0.0019081524038184008,0.0008585769111237604,27.101666650551223,2023-06-28,51.94096913676056,0,0,7.612336837167746,1.791759469228055,5.5093883366279774,7.612336837167746,1.791759469228055,5.442056740618091
2023-06-29,BTCUSDT,30077.4,30843.98,30049.98,30447.31,36330.62903,10.332335147101405,10.500416439406122,0.025852267508719624,0.02539418365237953,0.012223257058951633,-0.020241978544881276,0.012774953927096542,0.0011640735517002934,0.00062644106556105,27.10224334687369,2023-06-29,52.03106827755202,0,0,7.612336837167746,1.791759469228055,5.5093883366279774,7.612336837167746,1.791759469228055,5.442056740618091
2023-06-30,BTCUSDT,30447.31,31282.0,29500.0,30472.0,89419.07618,10.336696872528313,11.401089318488797,0.051097146143076935,0.03181992427505388,0.0008105804662547625,0.012223257058951633,0.012639521580139037,7.109675607402435e-05,0.0007081608638240067,27.10432519458621,2023-06-30,51.58596964582634,0,0,7.612336837167746,1.791759469228055,5.5093883366279774,7.612336837167746,1.791759469228055,5.442056740618091
2023-07-01,BTCUSDT,30471.99,30661.6,30320.57,30585.9,17501.75075,10.350798131234187,9.770056197764795,0.01061995236589921,0.026519931297765215,0.0037308892745919983,0.0008105804662547625,0.012696688915119138,0.0003818697865264639,0.0006778721918623138,27.107637840886447,2023-07-01,51.17712114482606,0,0,7.612336837167746,1.9459101490553132,5.575949103146316,7.612336837167746,1.9459101490553132,5.472321545906873
2023-07-02,BTCUSDT,30585.9,30791.0,30155.0,30617.03,23286.41019,10.330766336321867,10.055625215747147,0.018847693157376378,0.024601871762668006,0.001017271646457164,0.0037308892745919983,0.012221052582358337,0.00010116443529181187,0.0007494365869015889,27.108803615878788,2023-07-02,51.1315647539698,0,0,7.612336837167746,1.9459101490553132,5.575949103146316,7.612336837167746,1.9459101490553132,5.472321545906873
2023-07-03,BTCUSDT,30617.02,31380.0,30570.27,31156.2,43761.64311,10.334977718468442,10.686512984608497,0.025932751242488877,0.024934591632623224,0.01745687224902878,0.001017271646457164,0.012977018547971862,0.0016335424168923438,0.0008018225473780055,27.12160511435029,2023-07-03,51.22407508124843,0,0,7.612336837167746,1.9459101490553132,5.575949103146316,7.612336837167746,1.9459101490553132,5.472321545906873
2023-07-04,BTCUSDT,31156.2,31350.69,30620.0,30766.51,33206.11943,10.353926026287024,10.410489458100425,0.015153274689538105,0.022489262396851943,-0.012586501609656327,0.01745687224902878,0.010417871223626826,0.0012090211185856149,0.0006602433028915706,27.122795026328955,2023-07-04,51.298678572784354,0,0,7.612336837167746,1.9459101490553132,5.575949103146316,7.612336837167746,1.9459101490553132,5.472321545906873
2023-07-05,BTCUSDT,30766.52,30878.07,30200.0,30504.81,33215.67122,10.352991555388238,10.410777068234761,0.016340165084833935,0.02095198806884744,-0.008542384639438915,-0.012586501609656327,0.010499074948320287,0.0008205328558521666,0.0006325207989368793,27.110250048103595,2023-07-05,51.29629087918386,0,0,7.612336837167746,1.9459101490553132,5.575949103146316,7.612336837167746,1.9459101490553132,5.472321545906873
2023-07-06,BTCUSDT,30504.8,31500.0,29850.45,29895.43,71319.6261,10.337801502185506,11.17492682939463,0.041945453925661964,0.02620035453305107,-0.02017875019166179,-0.008542384639438915,0.013397409007293795,0.00180571653843705,0.0006805964005018038,27.106045916403946,2023-07-06,51.50180594521594,0,0,7.612336837167746,1.9459101490553132,5.575949103146316,7.612336837167746,1.9459101490553132,5.472321545906873
2023-07-07,BTCUSDT,29895.42,30449.0,29701.02,30344.7,34070.53895,10.357742824813725,10.436188329432154,0.024417602659936522,0.025754666564772433,0.014916247025860701,-0.02017875019166179,0.015207885083849576,0.0014292811278418462,0.0006248554213557552,27.09449401985519,2023-07-07,51.53735825398322,0,0,7.612336837167746,1.9459101490553132,5.575949103146316,7.612336837167746,1.9459101490553132,5.472321545906873
2023-07-08,BTCUSDT,30344.7,30386.81,30044.47,30284.63,13094.59042,10.323808431876278,9.479954478865793,0.009740497051116967,0.021751124186358568,-0.0019815498424806542,0.014916247025860701,0.015164943684305158,0.00020902524868639794,0.0005885730601542659,27.100139887618433,2023-07-08,51.55129082729885,0,0,7.612336837167746,1.9459101490553132,5.575949103146316,7.612336837167746,1.9459101490553132,5.472321545906873
2023-07-09,BTCUSDT,30284.63,30445.52,30061.12,30160.71,15388.50196,10.321763911661519,9.64137588356371,0.009582524583934552,0.018708974285752564,-0.004100239112277894,-0.0019815498424806542,0.011883232088817981,0.0004252753094366793,0.0006105086554265233,27.099366302570736,2023-07-09,51.5086279560311,0,0,7.612336837167746,1.9459101490553132,5.575949103146316,7.612336837167746,1.9459101490553132,5.472321545906873
2023-07-10,BTCUSDT,30160.71,31045.78,29950.0,30411.57,41262.87652,10.323694135877105,10.627718501112243,0.03386031122172036,0.02249680851974451,0.008283044133908972,-0.004100239112277894,0.012406089840254495,0.0007793812127261472,0.0006038768297696078,27.10435306187654,2023-07-10,51.53296611243177,0,0,7.612336837167746,1.9459101490553132,5.575949103146316,7.612336837167746,1.9459101490553132,5.472321545906873
2023-07-11,BTCUSDT,30411.57,30813.63,30300.0,30622.1,28476.83311,10.343218168302181,10.256846162362732,0.016113334564363865,0.02090094003089935,0.006898842392956891,0.008283044133908972,0.012362549978646968,0.0006726085468915424,0.0006113090490007006,27.109147688928495,2023-07-11,51.535313822240866,0,0,7.612336837167746,1.9459101490553132,5.575949103146316,7.612336837167746,1.9459101490553132,5.472321545906873
2023-07-12,BTCUSDT,30622.1,30983.25,30210.0,30380.0,38108.99669,10.335712403540585,10.548205666835443,0.01929660008945971,0.020499855045539438,-0.007937473335964864,0.006898842392956891,0.008710349076383283,0.0007524951244476614,0.00041410531410744476,27.109643246645355,2023-07-12,51.54377863838168,0,0,7.612336837167746,1.9459101490553132,5.575949103146316,7.612336837167746,1.9459101490553132,5.472321545906873
2023-07-13,BTCUSDT,30380.0,31804.2,30251.0,31454.23,70772.51836,10.341202014859789,11.167226045571638,0.04959669695037345,0.02777406552174794,0.034748976139702924,-0.007937473335964864,0.015443417146696132,0.0031116927335309583,0.0010613108375131378,27.123702363139145,2023-07-13,50.76915424435262,0,0,7.612336837167746,1.9459101490553132,5.575949103146316,7.612336837167746,1.9459101490553132,5.472321545906873
2023-07-14,BTCUSDT,31454.23,31630.0,29900.0,30312.01,60749.48424,10.36735363551877,11.014513871290212,0.03173258425675872,0.028763695205500636,-0.03698946968873567,0.034748976139702924,0.023543977550189547,0.0033582480462574257,0.0013391525161424035,27.119160022535123,2023-07-14,50.06958178461843,0,0,7.612336837167746,1.9459101490553132,5.575949103146316,7.612336837167746,1.9459101490553132,5.472321545906873
2023-07-15,BTCUSDT,30312.0,30390.9,30200.0,30289.52,14118.55329,10.361861316299695,9.555245047582734,0.005228494951055777,0.02287989514188942,-0.0007422255191403193,-0.03698946968873567,0.023462491055497643,7.76772877560148e-05,0.001401858095597201,27.10207589292105,2023-07-15,50.00652702802342,0,0,7.612336837167746,1.9459101490553132,5.575949103146316,7.612336837167746,1.9459101490553132,5.472321545906873
2023-07-16,BTCUSDT,30289.52,30441.46,30064.29,30231.99,15760.1281,10.321898500477259,9.665238491551426,0.010193159084626036,0.019708211127573573,-0.0019011428276580337,-0.0007422255191403193,0.023171659309603503,0.0001966990084434916,0.0014765227945581366,27.10033783872334,2023-07-16,50.03432191454558,0,0,7.612336837167746,1.9459101490553132,5.575949103146316,7.612336837167746,1.9459101490553132,5.472321545906873
2023-07-17,BTCUSDT,30232.0,30336.96,29659.2,30138.0,30882.76839,10.323560774031732,10.337953650055631,0.01961229806030487,0.019684232860756396,-0.0031138012758330853,-0.0019011428276580337,0.02284843655691019,0.00030120093214156836,0.001518375578060696,27.09489820734972,2023-07-17,50.055771304918906,0,0,7.612336837167746,1.9459101490553132,5.575949103146316,7.612336837167746,1.9459101490553132,5.472321545906873
2023-07-18,BTCUSDT,30138.01,30239.78,29512.0,29859.13,30003.8601,10.320122050123658,10.309081322367017,0.018099109208268602,0.019287951947634448,-0.00929617827722886,-0.0031138012758330853,0.02291787941173807,0.0009017465268277087,0.0015088109493545114,27.08964673615003,2023-07-18,50.02413094982014,0,0,7.612336837167746,1.9459101490553132,5.575949103146316,7.612336837167746,1.9459101490553132,5.472321545906873
2023-07-19,BTCUSDT,29859.14,30189.09,29761.96,29909.21,25657.36137,10.31691355513473,10.152585802406763,0.013140997161968055,0.01775121325121785,0.0016758040032582482,-0.00929617827722886,0.014481043533163243,0.0001650617917320121,0.001271687514622594,27.08944463706433,2023-07-19,49.93417537061905,0,1,7.612336837167746,1.9459101490553132,5.575949103146316,7.612336837167746,1.9459101490553132,5.472321545906873
2023-07-20,BTCUSDT,29909.21,30417.46,29570.96,29800.0,37540.68193,10.315235879815324,10.533180475399059,0.02373474119991915,0.019247095238393176,-0.00365806621063334,0.0016758040032582482,0.0036905563417358256,0.00034728980664263715,0.000295515593698555,27.089195687805056,2023-07-20,49.833899305490945,0,0,7.612336837167746,1.9459101490553132,5.575949103146316,7.612336837167746,1.9459101490553132,5.472321545906873
2023-07-21,BTCUSDT,29800.0,30061.7,29726.34,29901.72,23881.40865,10.322772064628275,10.080855554460241,0.010613532921823465,0.017088704659250747,0.0034076103143899864,-0.00365806621063334,0.004468931536879545,0.0003380278882066017,0.0002686664447138548,27.087663681204546,2023-07-21,49.81607581759829,0,0,7.612336837167746,1.9459101490553132,5.575949103146316,7.612336837167746,1.9459101490553132,5.472321545906873
2023-07-22,BTCUSDT,29901.72,29999.0,29625.1,29794.0,14660.40467,10.311007215267422,9.59290557874316,0.009673379860379853,0.015234873459533024,-0.0036089728683473903,0.0034076103143899864,0.004504340169462996,0.00037621269580141427,0.0002544586826683101,27.08622330496552,2023-07-22,49.98405051947374,0,0,7.612336837167746,1.9459101490553132,5.575949103146316,7.612336837167746,1.9459101490553132,5.472321545906873
2023-07-23,BTCUSDT,29793.99,30350.0,29730.0,30083.75,18292.78637,10.308919326755392,9.81426207368553,0.020175721350332715,0.016470085432232946,0.009678127907075769,-0.0036089728683473903,0.006638830401194833,0.0009861289452444142,0.0003384080625797627,27.091528748227297,2023-07-23,50.149024064997036,0,0,7.612336837167746,1.9459101490553132,5.575949103146316,7.612336837167746,1.9459101490553132,5.472321545906873
2023-07-24,BTCUSDT,30083.75,30099.58,28861.9,29176.5,39628.99691,10.320551796487644,10.587316374483875,0.021716238448331142,0.017781623686257495,-0.030621568131757492,0.009678127907075769,0.014021621395784951,0.0028922880027990355,0.0010390298296715263,27.0770564683777,2023-07-24,50.04425020824979,0,0,7.612336837167746,1.9459101490553132,5.575949103146316,7.612336837167746,1.9459101490553132,5.472321545906873
2023-07-25,BTCUSDT,29176.5,29376.0,29047.65,29228.91,21565.7478,10.312266497151244,9.978861585039965,0.010204406672677057,0.015887319432862385,0.0017946972401168204,-0.030621568131757492,0.014031080831958729,0.00017984989818952706,0.001037093496718658,27.065294962424517,2023-07-25,49.92442265257252,0,0,7.612336837167746,1.9459101490553132,5.575949103146316,7.612336837167746,1.9459101490553132,5.472321545906873
2023-07-26,BTCUSDT,29228.91,29690.0,29096.94,29351.96,33931.63366,10.287933293420217,10.432103004570866,0.018849500405205038,0.016627864675948047,0.004201036310069169,0.0017946972401168204,0.014412520129158325,0.0004027027252538121,0.0010319200045242926,27.06983587723127,2023-07-26,49.88885407590937,0,0,7.612336837167746,1.9459101490553132,5.575949103146316,7.612336837167746,1.9459101490553132,5.472321545906873
2023-07-27,BTCUSDT,29351.95,29567.49,29083.85,29222.78,22476.47626,10.298565567757805,10.020224541721062,0.012821627304845642,0.015676305333172446,-0.004410782171051959,0.004201036310069169,0.01411933808994535,0.0004401879571347778,0.001022333051512393,27.068585286499896,2023-07-27,49.77726259890372,0,0,7.612336837167746,1.9459101490553132,5.575949103146316,7.612336837167746,1.9459101490553132,5.472321545906873
2023-07-28,BTCUSDT,29222.78,29542.22,29123.12,29314.14,23993.61627,10.294430725916033,10.0855430851988,0.013329364097146966,0.015089570024166075,0.0031214513568593983,-0.004410782171051959,0.014404683028524951,0.0003094975977486363,0.0010292419914558072,27.068405516201764,2023-07-28,49.72555672255752,0,0,7.612336837167746,1.9459101490553132,5.575949103146316,7.612336837167746,1.9459101490553132,5.472321545906873
2023-07-29,BTCUSDT,29314.14,29406.92,29256.18,29352.9,10851.36844,10.29357570559739,9.29204647451801,0.004772024830965764,0.012510183725865997,0.0013213554199944793,0.0031214513568593983,0.01333180609671777,0.00014220284235750335,0.001066917755359933,27.069827241624196,2023-07-29,49.68525749724557,0,0,7.612336837167746,1.9459101490553132,5.575949103146316,7.612336837167746,1.9459101490553132,5.472321545906873
2023-07-30,BTCUSDT,29352.9,29449.0,29033.24,29281.09,15706.97441,10.288985299780283,9.661860122631799,0.011813360333441462,0.012335977877759863,-0.002449433712539638,0.0013213554199944793,0.0033370567935515566,0.0002535157497055997,0.00011909866085796062,27.068063923514718,2023-07-30,49.65963214315519,0,0,7.612336837167746,1.9459101490553132,5.575949103146316,7.612336837167746,1.9459101490553132,5.472321545906873
2023-07-31,BTCUSDT,29281.09,29530.0,29101.8,29232.25,22605.48964,10.290415232645834,10.025948060188652,0.01229276111405773,0.012325173686834329,-0.0016693633056041337,-0.002449433712539638,0.003387549777545236,0.0001665042842414967,0.00012162018169121041,27.068191551433596,2023-07-31,49.770701923701125,0,0,7.612336837167746,1.9459101490553132,5.575949103146316,7.612336837167746,1.9459101490553132,5.472321545906873
2023-08-01,BTCUSDT,29232.26,29739.25,28585.7,29705.99,44719.65162,10.293161974737968,10.70816831754819,0.03924353158409025,0.01905476316114831,0.016076157104390566,-0.0016693633056041337,0.007405622284912893,0.0015012985066778877,0.0005170386358140791,27.06911014411407,2023-08-01,49.98679169996828,0,0,7.612336837167746,2.0794415416798357,5.662960480135946,7.612336837167746,2.0794415416798357,5.441985745809898
2023-08-02,BTCUSDT,29705.99,30047.5,28927.5,29186.01,48181.65141,10.300223001135292,10.782733551422057,0.025893637177005536,0.020764481665112616,-0.017659224099430867,0.016076157104390566,0.010865567237185916,0.0016377316582307574,0.0007018612967352579,27.073934729667435,2023-08-02,50.04279981209038,0,0,7.612336837167746,2.0794415416798357,5.662960480135946,7.612336837167746,2.0794415416798357,5.441985745809898
2023-08-03,BTCUSDT,29186.0,29433.33,28968.0,29193.64,26476.91994,10.310534741826944,10.184028686820403,0.013879814912000748,0.01904331497683465,0.0002613924558795061,-0.017659224099430867,0.010752339053437716,2.5666900979745426e-05,0.0007394522069033405,27.064412088421765,2023-08-03,50.246223948541925,0,0,7.612336837167746,2.0794415416798357,5.662960480135946,7.612336837167746,2.0794415416798357,5.441985745809898
2023-08-04,BTCUSDT,29193.65,29333.08,28807.54,29113.99,23551.95217,10.289882984673651,10.066963990701133,0.015067315619349807,0.01804931513746344,-0.002732062666357572,0.0002613924558795061,0.010728264496677168,0.00027138893800367035,0.0007244457033498109,27.061528113230448,2023-08-04,50.33222813302667,0,0,7.612336837167746,2.0794415416798357,5.662960480135946,7.612336837167746,2.0794415416798357,5.441985745809898
2023-08-05,BTCUSDT,29114.0,29152.23,28978.64,29072.13,11645.52018,10.286471168391303,9.362676851136147,0.004779910017073,0.01473196385736583,-0.0014388313646510047,-0.002732062666357572,0.01071570480162378,0.00015367734970756836,0.0007362230974329545,27.060220749698107,2023-08-05,50.33501521765734,0,0,7.612336837167746,2.0794415416798357,5.662960480135946,7.612336837167746,2.0794415416798357,5.441985745809898
2023-08-06,BTCUSDT,29072.13,29205.09,28991.88,29088.42,13178.1972,10.28028668971023,9.486319015696298,0.0065286656094355605,0.012681139295383262,0.0005601735343276643,-0.0014388313646510047,0.010734549753831773,5.905067428164574e-05,0.0007507999304212508,27.060497237885343,2023-08-06,50.299242488930446,0,0,7.612336837167746,2.0794415416798357,5.662960480135946,7.612336837167746,2.0794415416798357,5.441985745809898
2023-08-07,BTCUSDT,29088.43,29276.78,28701.03,29211.06,30966.87746,10.28209828813376,10.340673443215065,0.019088121653954116,0.014282884885025975,0.004207247848642796,0.0005601735343276643,0.007647461650126982,0.0004068640085915624,0.0006101871785348042,27.059848582162658,2023-08-07,50.373135652569644,0,0,7.612336837167746,2.0794415416798357,5.662960480135946,7.612336837167746,2.0794415416798357,5.441985745809898
2023-08-08,BTCUSDT,29211.06,30244.0,29146.45,29770.42,45700.53392,10.284549989350214,10.729865259965033,0.03648892658984882,0.019834395311231687,0.01896787840738051,0.004207247848642796,0.008023558924883357,0.0017677648272204232,0.0006619566962222841,27.07824581507851,2023-08-08,50.57968682011069,0,0,7.612336837167746,2.0794415416798357,5.662960480135946,7.612336837167746,2.0794415416798357,5.441985745809898
2023-08-09,BTCUSDT,29770.41,30160.0,29376.67,29581.99,38003.88725,10.31705309667816,10.54544372952927,0.02085372955031326,0.02008922887100208,-0.006349552885029144,0.01896787840738051,0.008927944608467587,0.0006021133911367974,0.0006295437340746221,27.082750664016295,2023-08-09,50.5467693649973,0,0,7.612336837167746,2.0794415416798357,5.662960480135946,7.612336837167746,2.0794415416798357,5.441985745809898
2023-08-10,BTCUSDT,29581.99,29738.0,29320.2,29455.75,23463.45373,10.314271822121892,10.06319932918955,0.010743520397892859,0.017752801752724773,-0.004276592986209428,-0.006349552885029144,0.009118903886727623,0.00042497349464246857,0.0006193071140292605,27.07598555200985,2023-08-10,50.45157433373679,0,0,7.612336837167746,2.0794415416798357,5.662960480135946,7.612336837167746,2.0794415416798357,5.441985745809898
2023-08-11,BTCUSDT,29455.76,29564.52,29252.45,29426.03,20637.0443,10.300180968257168,9.934843006821659,0.008949122884695177,0.015551882035717375,-0.0010094804377126705,-0.004276592986209428,0.009088673286714795,0.00010161010466089106,0.0006266135629542232,27.0723440138857,2023-08-11,50.444213248098464,0,0,7.612336837167746,2.0794415416798357,5.662960480135946,7.612336837167746,2.0794415416798357,5.441985745809898
2023-08-12,BTCUSDT,29426.02,29481.35,29381.56,29430.17,8971.48068,10.294330272709638,9.101806011664364,0.0029780704482577905,0.012408429138852478,0.0001406818655240356,-0.0010094804377126705,0.009103718830882315,1.5456478125741817e-05,0.0006338009148340209,27.07292785031788,2023-08-12,50.45787279922167,0,0,7.612336837167746,2.0794415416798357,5.662960480135946,7.612336837167746,2.0794415416798357,5.441985745809898
2023-08-13,BTCUSDT,29430.18,29474.65,29272.32,29303.84,11101.70947,10.29151313901325,9.314854381748978,0.004023511498372605,0.01031219972873251,-0.004301773191170979,0.0001406818655240356,0.009340819364223388,0.0004618186194729615,0.0006316579215216127,27.070690260631263,2023-08-13,50.193644749786415,0,0,7.612336837167746,2.0794415416798357,5.662960480135946,7.612336837167746,2.0794415416798357,5.441985745809898
2023-08-14,BTCUSDT,29303.85,29695.32,29102.45,29430.93,31443.11532,10.29128585086518,10.355935329420532,0.018575087497069667,0.012377921670816798,0.0043275966976988696,-0.004301773191170979,0.0038718161493787933,0.0004178856433570468,0.0002275718282564858,27.071069994105752,2023-08-14,50.234117132664,0,0,7.612336837167746,2.0794415416798357,5.662960480135946,7.612336837167746,2.0794415416798357,5.441985745809898
2023-08-15,BTCUSDT,29430.92,29499.26,29059.6,29200.0,27503.87691,10.29874473661685,10.222082252263576,0.009799233055733691,0.011733249517046022,-0.0078774528796102,0.0043275966976988696,0.004253514793649208,0.0007706309424252402,0.0002727115649122991,27.068243878482157,2023-08-15,50.399636383712746,0,0,7.612336837167746,2.0794415416798357,5.662960480135946,7.612336837167746,2.0794415416798357,5.441985745809898
2023-08-16,BTCUSDT,29200.01,29259.85,28723.08,28730.51,32996.69854,10.29212045726752,10.404162791201435,0.006493395141378367,0.010423285923129109,-0.016209084961303622,-0.0078774528796102,0.00720389873287708,0.0015579422666292073,0.0005615227522046083,27.05706039508902,2023-08-16,50.36653974266932,0,0,7.612336837167746,2.0794415416798357,5.662960480135946,7.612336837167746,2.0794415416798357,5.441985745809898
2023-08-17,BTCUSDT,28730.51,28783.48,25166.0,26623.41,100271.54033,10.28397154810848,11.515637188223057,0.08777710881520297,0.029761741646147574,-0.07616872037641167,-0.016209084961303622,0.029980291500916897,0.006614373059122492,0.00249109370697124,27.003968342451245,2023-08-17,50.073912632676326,0,0,7.612336837167746,2.0794415416798357,5.662960480135946,7.612336837167746,2.0794415416798357,5.441985745809898
2023-08-18,BTCUSDT,26623.41,26832.6,25619.0,26054.0,69790.65711,10.267556890435134,11.153255427499182,0.031776404830874155,0.03026540744232922,-0.021619596661148415,-0.07616872037641167,0.028832522935428317,0.0019384113276778086,0.0023606171976978782,26.96062967476565,2023-08-18,49.47453117810161,0,0,7.612336837167746,2.0794415416798357,5.662960480135946,7.612336837167746,2.0794415416798357,5.441985745809898
2023-08-19,BTCUSDT,26054.0,26281.0,25801.09,26100.01,26160.75343,10.197372845172548,10.172015605997377,0.016499614271710948,0.026823959149674653,0.0017643901949644589,-0.021619596661148415,0.02960213517803105,0.0001734553173438096,0.0023998335522501233,26.951801455772113,2023-08-19,49.12975900659228,0,0,7.612336837167746,2.0794415416798357,5.662960480135946,7.612336837167746,2.0794415416798357,5.441985745809898
2023-08-20,BTCUSDT,26100.01,26299.0,25971.05,26189.99,19056.91209,10.176601523624978,9.85518515411464,0.011699994025717713,0.023042967868685416,0.003441579224086804,0.0017643901949644589,0.02946259444555353,0.0003492150751373666,0.0024085329332236174,26.95521273370689,2023-08-20,49.02120744976387,0,0,7.612336837167746,2.0794415416798357,5.662960480135946,7.612336837167746,2.0794415416798357,5.441985745809898
2023-08-21,BTCUSDT,26190.0,26258.42,25812.0,26126.92,30267.24233,10.177286194629282,10.31782129545406,0.01486733456498889,0.020999059542761284,-0.0024110762869472635,0.003441579224086804,0.029971941962399298,0.00023368075661569777,0.00246815591744664,26.953517629525297,2023-08-21,49.032020009668955,0,0,7.612336837167746,2.0794415416798357,5.662960480135946,7.612336837167746,2.0794415416798357,5.441985745809898
2023-08-22,BTCUSDT,26126.92,26139.42,25300.0,26056.0,34247.06688,10.17574197849143,10.441356201483035,0.03102537731546354,0.02350563898593685,-0.0027181324335439115,-0.0024110762869472635,0.030678924219435667,0.00026032369560937324,0.0025502689066683243,26.94687104172683,2023-08-22,49.23578436088448,0,0,7.612336837167746,2.0794415416798357,5.662960480135946,7.612336837167746,2.0794415416798357,5.441985745809898
2023-08-23,BTCUSDT,26055.99,26819.27,25812.82,26432.72,44023.69978,10.17119979871476,10.69248339925423,0.03642648635078995,0.026735850827150125,0.01435456870308414,-0.0027181324335439115,0.011772916471122998,0.0013424915585172035,0.0007424202816143931,26.96023458000624,2023-08-23,49.284453185941,0,0,7.612336837167746,2.0794415416798357,5.662960480135946,7.612336837167746,2.0794415416798357,5.441985745809898
2023-08-24,BTCUSDT,26432.71,26577.87,25864.0,26180.05,30205.22116,10.196875937971578,10.315770074512598,0.020329346498472862,0.02513422474498081,-0.009604966342235453,0.01435456870308414,0.008032257434375507,0.0009310954269877202,0.0004773534327132069,26.9598651407424,2023-08-24,49.20618937088036,0,0,7.612336837167746,2.0794415416798357,5.662960480135946,7.612336837167746,2.0794415416798357,5.441985745809898
2023-08-25,BTCUSDT,26180.05,26314.05,25777.15,26060.01,27753.33772,10.18783419361604,10.231111390139937,0.016568185471813855,0.02299271492668907,-0.004595714908301547,-0.009604966342235453,0.008295583839281282,0.0004491901938171244,0.0004463029572533357,26.952642672488917,2023-08-25,49.17144169357141,0,0,7.612336837167746,2.0794415416798357,5.662960480135946,7.612336837167746,2.0794415416798357,5.441985745809898
2023-08-26,BTCUSDT,26060.0,26125.77,25985.92,26017.37,10022.22322,10.177858296053188,9.212560228271032,0.004119729924742818,0.018274468676202506,-0.0016375635459644805,-0.004595714908301547,0.008099683814816178,0.00017775336121431365,0.0004699973445639048,26.95152595313159,2023-08-26,49.178485334855736,0,0,7.612336837167746,2.0794415416798357,5.662960480135946,7.612336837167746,2.0794415416798357,5.441985745809898
2023-08-27,BTCUSDT,26017.38,26182.23,25966.11,26101.77,12099.64216,10.170677462516982,9.400931157593806,0.007914011949725472,0.015684354494583247,0.00323873624067934,-0.0016375635459644805,0.008244201630609906,0.0003445122814310985,0.0004563146066663888,26.95240626998766,2023-08-27,49.15690682495118,0,0,7.612336837167746,2.0794415416798357,5.662960480135946,7.612336837167746,2.0794415416798357,5.441985745809898
2023-08-28,BTCUSDT,26101.78,26253.99,25864.5,26120.0,22692.62655,10.172836215362677,10.029795329117633,0.013291908872284723,0.015086243089008616,0.000698176287035663,0.00323873624067934,0.008149662962805152,6.961022275387595e-05,0.0004888702337389093,26.95285556344366,2023-08-28,49.20261219343914,0,0,7.612336837167746,2.0794415416798357,5.662960480135946,7.612336837167746,2.0794415416798357,5.441985745809898
2023-08-29,BTCUSDT,26120.0,28142.85,25922.0,27716.34,74251.99488,10.17557325646894,11.21521992337474,0.08149141353549046,0.03168753570062908,0.059320826564098275,0.000698176287035663,0.025578220586778222,0.0052893146072385015,0.0020205206052917777,26.98695215187793,2023-08-29,49.53052947179147,0,0,7.612336837167746,2.0794415416798357,5.662960480135946,7.612336837167746,2.0794415416798357,5.441985745809898
2023-08-30,BTCUSDT,27716.34,27768.57,27017.24,27299.99,35448.25848,10.245048604857674,10.475829404660459,0.017821737285705384,0.028221086096898156,-0.0151357950818478,0.059320826564098275,0.026421159875314394,0.0014448302370325186,0.002017207725812297,27.00474073434271,2023-08-30,49.80588774384667,0,0,7.612336837167746,2.0794415416798357,5.662960480135946,7.612336837167746,2.0794415416798357,5.441985745809898
2023-08-31,BTCUSDT,27299.99,27587.51,25655.01,25940.78,51032.80401,10.231660084556525,10.840223920814143,0.03806967780168304,0.030683234023094377,-0.05107008806335594,-0.0151357950818478,0.03568293806019971,0.004711165418391134,0.0023776298534447984,26.973593339468184,2023-08-31,49.49564907319242,0,0,7.612336837167746,2.0794415416798357,5.662960480135946,7.612336837167746,2.0794415416798357,5.441985745809898
2023-09-01,BTCUSDT,25940.77,26156.0,25333.75,25805.05,41032.15056,10.225118413047936,10.622111198393625,0.026464650862735365,0.029628588233004623,-0.005246038619321044,-0.05107008806335594,0.035730977215727204,0.0004938790906382527,0.002332074680233204,26.942606629269445,2023-09-01,49.17777606979716,0,0,7.612336837167746,2.1972245773362196,5.768320995793772,7.612336837167746,2.1972245773362196,5.554163511074393
2023-09-02,BTCUSDT,25805.04,25987.5,25752.47,25869.51,16250.77698,10.171833888681167,9.69589600076867,0.008559162601673335,0.024361231825171803,0.0024948459526167835,-0.005246038619321044,0.035713091217129206,0.00025730947943531957,0.0023451309035927427,26.944609986124124,2023-09-02,49.23510388694834,0,0,7.612336837167746,2.1972245773362196,5.768320995793772,7.612336837167746,2.1972245773362196,5.554163511074393
2023-09-03,BTCUSDT,25869.52,26135.0,25800.0,25971.21,17474.47667,10.165370932166269,9.768496619300219,0.012227685485960925,0.021327845240369084,0.003923561650647033,0.0024948459526167835,0.03577682778584996,0.0004016546049568171,0.0022925387310615427,26.948195487836244,2023-09-03,49.28597463915996,0,0,7.612336837167746,2.1972245773362196,5.768320995793772,7.612336837167746,2.1972245773362196,5.554163511074393
2023-09-04,BTCUSDT,25971.21,26108.02,25631.21,25826.02,21777.59609,10.171030691147022,9.988637018035512,0.014022091060010343,0.0195014066952794,-0.005606105973525642,0.003923561650647033,0.020426232169262377,0.0005612483428322845,0.001717324634957417,26.94575702662044,2023-09-04,49.26189077943266,0,0,7.612336837167746,2.1972245773362196,5.768320995793772,7.612336837167746,2.1972245773362196,5.554163511074393
2023-09-05,BTCUSDT,25826.03,25915.49,25562.62,25792.1,21323.39337,10.169997825803536,9.967560029310643,0.011791054700155434,0.01757381869649841,-0.0013142673496244822,-0.005606105973525642,0.020748011280552977,0.0001318544704782056,0.0017794923086377704,26.941232582908604,2023-09-05,49.15117507271543,0,0,7.612336837167746,2.1972245773362196,5.768320995793772,7.612336837167746,2.1972245773362196,5.554163511074393
2023-09-06,BTCUSDT,25792.11,26040.0,25372.51,25759.95,27262.52386,10.162596138413411,10.213268285704366,0.02229250344106231,0.018753489882639383,-0.0012472832474370724,-0.0013142673496244822,0.003890893911803867,0.00012212381115875607,0.00018611871788963506,26.940333948205303,2023-09-06,49.11393373940111,0,0,7.612336837167746,2.1972245773362196,5.768320995793772,7.612336837167746,2.1972245773362196,5.554163511074393
2023-09-07,BTCUSDT,25759.95,26443.14,25615.38,26255.0,27687.49567,10.167389096322506,10.228736170399218,0.031165636085305624,0.021856526433305944,0.019035486849342184,-0.0012472832474370724,0.008589266017671716,0.0018609813111055387,0.0006609372373653777,26.95101195896007,2023-09-07,49.281239931093864,0,0,7.612336837167746,2.1972245773362196,5.768320995793772,7.612336837167746,2.1972245773362196,5.554163511074393
2023-09-08,BTCUSDT,26255.0,26445.5,25647.26,25910.5,28999.76471,10.182752046369647,10.275042995487421,0.021464675715801285,0.02175856375392978,-0.01320815513349337,0.019035486849342184,0.010830448955376644,0.0012854598408292897,0.0007001696022211629,26.9530898730078,2023-09-08,49.3571053699692,0,0,7.612336837167746,2.1972245773362196,5.768320995793772,7.612336837167746,2.1972245773362196,5.554163511074393
2023-09-09,BTCUSDT,25910.5,25945.09,25796.64,25901.61,10980.62277,10.182841290487158,9.303887432034319,0.005053657594815695,0.01758233721415126,-0.0003431630206622342,-0.01320815513349337,0.010681143537123421,3.688383196476408e-05,0.0007482756926738615,26.94627371316069,2023-09-09,49.24844471034548,0,0,7.612336837167746,2.1972245773362196,5.768320995793772,7.612336837167746,2.1972245773362196,5.554163511074393
2023-09-10,BTCUSDT,25901.6,26033.66,25570.57,25841.61,18738.26914,10.163737660672293,9.838323189733844,0.015063190973420864,0.01695255065396866,-0.0023191454606873935,-0.0003431630206622342,0.010445320825870387,0.00023572568373311727,0.0007689423481607519,26.944361579845445,2023-09-10,49.39471880529064,0,0,7.612336837167746,2.1972245773362196,5.768320995793772,7.612336837167746,2.1972245773362196,5.554163511074393
2023-09-11,BTCUSDT,25841.6,25900.69,24901.0,25162.52,41682.32,10.167145595096306,10.637832337066266,0.02184663856941023,0.018176072632829054,-0.02663039767580389,-0.0023191454606873935,0.015173985670740462,0.002503366929652898,0.0010358505871374795,26.929431462235527,2023-09-11,49.550516851122175,0,0,7.612336837167746,2.1972245773362196,5.768320995793772,7.612336837167746,2.1972245773362196,5.554163511074393
2023-09-12,BTCUSDT,25162.53,26567.0,25131.48,25840.1,56434.38537,10.162024888259406,10.940833921393944,0.05523941082992826,0.027441907182103854,0.02657196307677719,-0.02663039767580389,0.01977847384463861,0.0024286963194659044,0.0010690631393209266,26.937870593148517,2023-09-12,49.74706191043388,0,0,7.612336837167746,2.1972245773362196,5.768320995793772,7.612336837167746,2.1972245773362196,5.554163511074393
2023-09-13,BTCUSDT,25840.1,26405.22,25764.17,26222.0,31610.82753,10.187425123082926,10.361254984240606,0.02415649037396896,0.02662055298007013,0.014671204201257093,0.02657196307677719,0.019027240793270863,0.0014159678748927507,0.0010451768624255703,26.954315602964463,2023-09-13,49.92561620754667,0,0,7.612336837167746,2.1972245773362196,5.768320995793772,7.612336837167746,2.1972245773362196,5.554163511074393
2023-09-14,BTCUSDT,26222.0,26860.49,26126.77,26522.73,38333.1725,10.181316996861675,10.554070923016301,0.026851942611560486,0.02667840038794272,0.011403348118842957,0.014671204201257093,0.018303682755219704,0.0010804691575432332,0.0010497811279758958,26.967666793712997,2023-09-14,50.04953227738298,0,0,7.612336837167746,2.1972245773362196,5.768320995793772,7.612336837167746,2.1972245773362196,5.554163511074393
2023-09-15,BTCUSDT,26522.73,26888.0,26224.0,26600.0,26227.29369,10.198411712650966,10.174555891403699,0.02243375917956193,0.025617240085847523,0.0029091145916004006,0.011403348118842957,0.018201036363928707,0.00028592054755512814,0.0009940794047429689,26.972452902576862,2023-09-15,49.96756188461379,0,0,7.612336837167746,2.1972245773362196,5.768320995793772,7.612336837167746,2.1972245773362196,5.554163511074393
2023-09-16,BTCUSDT,26599.99,26777.0,26445.0,26559.67,13960.93351,10.199435369404942,9.544018244424482,0.010393878430380673,0.02181139967198081,-0.0015173159554027868,0.0029091145916004006,0.01814438810615566,0.00015898083140077686,0.001011244144550833,26.97400188335518,2023-09-16,49.821599451627165,0,0,7.612336837167746,2.1972245773362196,5.768320995793772,7.612336837167746,2.1972245773362196,5.554163511074393
2023-09-17,BTCUSDT,26559.67,26623.25,26399.0,26527.51,12998.10277,10.195298589071585,9.472558685024053,0.007049185581801324,0.01812084614943594,-0.0012115920994153866,-0.0015173159554027868,0.010940498421702862,0.00012790547303031147,0.0009117498153214623,26.971488171745946,2023-09-17,49.89875243168757,0,0,7.612336837167746,2.1972245773362196,5.768320995793772,7.612336837167746,2.1972245773362196,5.554163511074393
2023-09-18,BTCUSDT,26527.5,27409.0,26377.35,26762.51,43000.43256,10.189540173152036,10.668965454159986,0.03655737175931464,0.022729977551905613,0.008819719840065637,-0.0012115920994153866,0.0067862313637586415,0.000826670578132456,0.0005384155567813121,26.980730881855962,2023-09-18,50.02076080566867,0,0,7.612336837167746,2.1972245773362196,5.768320995793772,7.612336837167746,2.1972245773362196,5.554163511074393
2023-09-19,BTCUSDT,26762.5,27483.57,26667.79,27210.26,36190.52187,10.218626705595922,10.496552536735663,0.029538110714563838,0.02443201084257017,0.01659208048714994,0.008819719840065637,0.00731087833823124,0.0015807171382300283,0.0005873133419361683,26.990447893642703,2023-09-19,50.09042480755503,0,0,7.612336837167746,2.1972245773362196,5.768320995793772,7.612336837167746,2.1972245773362196,5.554163511074393
2023-09-20,BTCUSDT,27210.25,27388.63,26800.0,27125.0,34207.21867,10.221343650562122,10.440191973000312,0.01803009925096651,0.022831532944669254,-0.003138296199427117,0.01659208048714994,0.007630707171871719,0.000300597556782783,0.0005660145321864172,26.99426009045317,2023-09-20,50.22505395955879,0,0,7.612336837167746,2.1972245773362196,5.768320995793772,7.612336837167746,2.1972245773362196,5.554163511074393
2023-09-21,BTCUSDT,27125.01,27159.6,26377.7,26568.08,34476.82662,10.217883242751332,10.448042685159283,0.015431745350851352,0.02098158604621478,-0.020745316649489014,-0.003138296199427117,0.01262403718054576,0.001985569668370162,0.000790240334202408,26.981932756557256,2023-09-21,50.23387714538557,0,0,7.612336837167746,2.1972245773362196,5.768320995793772,7.612336837167746,2.1972245773362196,5.554163511074393
2023-09-22,BTCUSDT,26568.08,26743.38,26468.77,26580.14,18198.2292,10.209485854023681,9.809079571627958,0.009143450885907215,0.01802205225613789,0.0004538251782273123,-0.020745316649489014,0.012608541921577537,4.6265826973202284e-05,0.0008104653714156857,26.973861935041196,2023-09-22,50.152991364329964,0,0,7.612336837167746,2.1972245773362196,5.768320995793772,7.612336837167746,2.1972245773362196,5.554163511074393
2023-09-23,BTCUSDT,26580.14,26632.81,26509.0,26575.96,9440.7026,10.194042245061244,9.152785684336024,0.003998146367809438,0.014516075784055777,-0.0001572726369548166,0.0004538251782273123,0.012593469774639753,1.7183035021127093e-05,0.0008301588162043324,26.97348678707371,2023-09-23,50.099272718983855,0,0,7.612336837167746,2.1972245773362196,5.768320995793772,7.612336837167746,2.1972245773362196,5.554163511074393
2023-09-24,BTCUSDT,26575.97,26738.54,26122.08,26248.38,15706.65771,10.189899193331248,9.661839959411017,0.015011263136973922,0.014639872622285314,-0.01240277490489352,-0.0001572726369548166,0.012703240295820806,0.0012836866432270721,0.0008544938993259293,26.96775768099625,2023-09-24,50.06223002606346,0,0,7.612336837167746,2.1972245773362196,5.768320995793772,7.612336837167746,2.1972245773362196,5.554163511074393
2023-09-25,BTCUSDT,26248.39,26446.15,25990.46,26304.81,26266.2039,10.193861249314896,10.176038369002358,0.015785503978441914,0.014926280461324463,0.002147539347757194,-0.01240277490489352,0.009033327296805931,0.0002110388414315438,0.0008080235169439669,26.96079111353346,2023-09-25,49.973092173872054,0,0,7.612336837167746,2.1972245773362196,5.768320995793772,7.612336837167746,2.1972245773362196,5.554163511074393
2023-09-26,BTCUSDT,26304.8,26397.46,26088.34,26221.67,18495.35066,10.182865869035947,9.825274663805665,0.009140154456449326,0.013479748960105679,-0.0031656440496646743,0.002147539347757194,0.009031819087420288,0.0003221939495825262,0.0008062515362795411,26.960922626862292,2023-09-26,49.90777267090207,0,0,7.612336837167746,2.1972245773362196,5.768320995793772,7.612336837167746,2.1972245773362196,5.554163511074393
2023-09-27,BTCUSDT,26221.68,26850.0,26112.06,26372.99,34771.57978,10.181023072384512,10.456555659115002,0.026487000638141023,0.016731561879614516,0.005754212215801185,-0.0031656440496646743,0.006208874362131936,0.0005502970962321829,0.00047260371721110495,26.965745563923015,2023-09-27,49.91642657678392,0,0,7.612336837167746,2.1972245773362196,5.768320995793772,7.612336837167746,2.1972245773362196,5.554163511074393
2023-09-28,BTCUSDT,26373.0,27308.48,26342.4,27021.39,44517.83491,10.19802109993701,10.70364517235606,0.03584673638967365,0.0215103555071293,0.024288394222757907,0.005754212215801185,0.012217562203748337,0.0022691703463308664,0.0008531316962633947,26.98018614906449,2023-09-28,50.03749065987378,0,0,7.612336837167746,2.1972245773362196,5.768320995793772,7.612336837167746,2.1972245773362196,5.554163511074393
2023-09-29,BTCUSDT,27021.39,27244.89,26665.16,26906.96,28478.76219,10.214952555650427,10.256913902151618,0.017232688608755216,0.020440938782535778,-0.0042437853832940535,0.024288394222757907,0.012521767023451235,0.0004137487575481963,0.0007960781033719551,26.988184672145607,2023-09-29,49.92888042263401,0,0,7.612336837167746,2.1972245773362196,5.768320995793772,7.612336837167746,2.1972245773362196,5.554163511074393
2023-09-30,BTCUSDT,26906.96,27094.99,26886.31,26962.56,12804.62307,10.212621259570986,9.457561562042622,0.007484385275127898,0.01720180040568381,0.002064247824862265,-0.0042437853832940535,0.010390692272262015,0.00021826427576712842,0.0007965941643964665,26.988231324000434,2023-09-30,49.814376216909764,0,0,7.612336837167746,2.1972245773362196,5.768320995793772,7.612336837167746,2.1972245773362196,5.554163511074393
2023-10-01,BTCUSDT,26962.57,28065.51,26954.09,27992.57,24602.81468,10.207104118928362,10.110616133261406,0.040396241364319935,0.02300041064534284,0.03748988079317705,0.002064247824862265,0.01683019223273662,0.003707971927630077,0.00142789922718825,27.007500951792945,2023-10-01,49.967132560525236,0,0,7.612336837167746,2.302585092994046,5.749392985908253,7.612336837167746,2.302585092994046,5.4669771228149395
2023-10-02,BTCUSDT,27992.58,28580.0,27281.44,27494.51,57071.14241,10.24229669931167,10.952053881027966,0.0341453388257559,0.025786642690446105,-0.017952769440012815,0.03748988079317705,0.019993189492264595,0.0016392148573257162,0.0013567690926114052,27.020493572971557,2023-10-02,50.24773907154991,0,0,7.612336837167746,2.302585092994046,5.749392985908253,7.612336837167746,2.302585092994046,5.4669771228149395
2023-10-03,BTCUSDT,27494.51,27676.52,27160.5,27426.46,28928.96555,10.260462451483859,10.27259864033123,0.0155975547092065,0.023239370695136204,-0.0024781075361443865,-0.017952769440012815,0.020447220614782543,0.0002412347277362802,0.0014035672321777708,27.006002079272935,2023-10-03,50.27536235822572,0,0,7.612336837167746,2.302585092994046,5.749392985908253,7.612336837167746,2.302585092994046,5.4669771228149395
2023-10-04,BTCUSDT,27426.45,27839.72,27202.0,27778.57,29816.142,10.228339679284511,10.302805203691355,0.022780067496631664,0.02312454489551007,0.012756619276586195,-0.0024781075361443865,0.01892957513676451,0.0012381695105732633,0.001339729127721255,27.010573582354418,2023-10-04,50.47284293722391,0,0,7.612336837167746,2.302585092994046,5.749392985908253,7.612336837167746,2.302585092994046,5.4669771228149395
2023-10-05,BTCUSDT,27778.57,28120.39,27352.0,27410.39,30681.49619,10.234219056926515,10.331415021893134,0.01928311148671187,0.02216418654331052,-0.013342721522066095,0.012756619276586195,0.02010812669969616,0.0012914708676199484,0.0012775356275684386,27.014444205341402,2023-10-05,50.70705092073354,0,0,7.612336837167746,2.302585092994046,5.749392985908253,7.612336837167746,2.302585092994046,5.4669771228149395
2023-10-06,BTCUSDT,27410.39,28295.0,27175.94,27931.09,37983.24277,10.244250214960715,10.544900361711523,0.03895093275022315,0.026360873095038678,0.018818266735082634,-0.013342721522066095,0.021077206006656243,0.001784584594408465,0.0011433497892662727,27.015512404128447,2023-10-06,50.714970778404805,0,0,7.612336837167746,2.302585092994046,5.749392985908253,7.612336837167746,2.302585092994046,5.4669771228149395
2023-10-07,BTCUSDT,27931.1,28029.67,27842.08,27956.67,13348.83825,10.250440389576625,9.49918463756981,0.006063600270791375,0.021286554888976853,0.0009154062279922295,0.018818266735082634,0.014310088419197637,9.63668212502941e-05,0.0007133034064319043,27.024582476139972,2023-10-07,50.82443468329273,0,0,7.612336837167746,2.302585092994046,5.749392985908253,7.612336837167746,2.302585092994046,5.4669771228149395
2023-10-08,BTCUSDT,27956.67,28095.14,27687.5,27917.05,19693.56921,10.241018870989281,9.888047425393628,0.012332591831438604,0.01904806412459229,-0.0014181982742726472,0.0009154062279922295,0.011533517597731286,0.00014342551297140353,0.000726821509974363,27.02390820077532,2023-10-08,50.91831641569938,0,0,7.612336837167746,2.302585092994046,5.749392985908253,7.612336837167746,2.302585092994046,5.4669771228149395
2023-10-09,BTCUSDT,27917.06,27987.93,27260.0,27590.12,31534.74639,10.24335188662696,10.358845276890053,0.018801960613902133,0.018986538246919753,-0.011779875664382407,-0.0014181982742726472,0.01288877048300484,0.001137180385410581,0.0006797721759109493,27.01552564938067,2023-10-09,51.11510590571263,0,0,7.612336837167746,2.302585092994046,5.749392985908253,7.612336837167746,2.302585092994046,5.4669771228149395
2023-10-10,BTCUSDT,27590.12,27735.0,27298.0,27390.12,22776.84383,10.239528624790772,10.03349967735833,0.010910498786351813,0.016967528381777768,-0.007275373195296091,-0.011779875664382407,0.011778356255531539,0.0007251082303529398,0.0006682227686887783,27.008494800271585,2023-10-10,51.217172765697406,0,0,7.612336837167746,2.302585092994046,5.749392985908253,7.612336837167746,2.302585092994046,5.4669771228149395
2023-10-11,BTCUSDT,27390.12,27477.39,26538.66,26875.52,37349.44706,10.230450432489334,10.528073386167577,0.02255891162674746,0.01836537419302019,-0.01896652932854734,-0.007275373195296091,0.012989835350160473,0.0018015194834666256,0.0007597971337241529,26.992589231225697,2023-10-11,50.975191361452886,0,0,7.612336837167746,2.302585092994046,5.749392985908253,7.612336837167746,2.302585092994046,5.4669771228149395
2023-10-12,BTCUSDT,26875.52,26947.04,26555.0,26759.63,23428.64112,10.221118763659636,10.061714532380744,0.011447609658815942,0.01663593305946913,-0.004321426540286491,-0.01896652932854734,0.007307345658756606,0.00042949206384053313,0.0006556634401723099,26.98178214815823,2023-10-12,50.88769716880222,0,0,7.612336837167746,2.302585092994046,5.749392985908253,7.612336837167746,2.302585092994046,5.4669771228149395
2023-10-13,BTCUSDT,26759.63,27130.0,26685.0,26862.0,24115.76499,10.201628737280936,10.090621054579229,0.01567791733220323,0.016396429127652656,0.0038182399293200187,-0.004321426540286491,0.00800976093314119,0.0003783949380982117,0.0006103705350039224,26.984648811233733,2023-10-13,50.93127306817851,0,0,7.612336837167746,2.302585092994046,5.749392985908253,7.612336837167746,2.302585092994046,5.4669771228149395
2023-10-14,BTCUSDT,26862.0,26989.58,26789.0,26852.48,10417.25576,10.208395405652977,9.25121891785738,0.006464178662716696,0.013913366511418666,-0.0003544668067039467,0.0038182399293200187,0.008159289884807224,3.8315686813953666e-05,0.0006330110572988903,26.98557866561152,2023-10-14,50.871222746024884,0,0,7.612336837167746,2.302585092994046,5.749392985908253,7.612336837167746,2.302585092994046,5.4669771228149395
2023-10-15,BTCUSDT,26852.48,27293.33,26808.25,27154.15,15274.6917,10.203206144571965,9.633952600530055,0.01769612604542641,0.014859056394920602,0.011171707530674917,-0.0003544668067039467,0.010281672465483081,0.0011596182785931764,0.0006358041668813896,26.991552895339478,2023-10-15,50.92863649335196,0,0,7.612336837167746,2.302585092994046,5.749392985908253,7.612336837167746,2.302585092994046,5.4669771228149395
2023-10-16,BTCUSDT,27154.14,30000.0,27112.66,28500.78,78399.22445,10.214397628977162,11.269569314070184,0.10080863181966063,0.03634645025110561,0.04840156611029453,0.011171707530674917,0.022791645449925915,0.004294890493274187,0.0015763477551579289,27.033795889427257,2023-10-16,51.59033182418793,0,0,7.612336837167746,2.302585092994046,5.749392985908253,7.612336837167746,2.302585092994046,5.4669771228149395
2023-10-17,BTCUSDT,28500.77,28613.65,28069.32,28395.91,38428.44532,10.308952660644293,10.55655322788759,0.01588636695546045,0.03123142942719432,-0.0036863346095197267,0.04840156611029453,0.020048856983002267,0.0003491986948714867,0.001604470963963823,27.041301957500462,2023-10-17,51.92427569291835,0,0,7.612336837167746,2.302585092994046,5.749392985908253,7.612336837167746,2.302585092994046,5.4669771228149395
2023-10-18,BTCUSDT,28395.91,28982.36,28142.87,28320.0,32162.47591,10.261639155676814,10.37855570758078,0.02563253760568062,0.029831706471815895,-0.0026768518861103275,-0.0036863346095197267,0.019837624756423502,0.0002579214258256649,0.001620438156512895,27.043358018924252,2023-10-18,52.098406224168805,0,0,7.612336837167746,2.302585092994046,5.749392985908253,7.612336837167746,2.302585092994046,5.4669771228149395
2023-10-19,BTCUSDT,28320.0,28916.89,28100.66,28713.71,35895.50179,10.274442648031725,10.488367268297187,0.027658860433669212,0.029288494962279223,0.01380644022600064,-0.0026768518861103275,0.019689480957765387,0.0013163574341768973,0.0015840836142906995,27.045575587291975,2023-10-19,52.145590133799814,0,0,7.612336837167746,2.302585092994046,5.749392985908253,7.612336837167746,2.302585092994046,5.4669771228149395
2023-10-20,BTCUSDT,28713.71,30207.55,28578.29,29669.04,59422.0992,10.27218113245411,10.992421476564905,0.05467232897543379,0.035634453465567865,0.03272936881268124,0.01380644022600064,0.02045431653035006,0.00297744849780897,0.0015940359767393003,27.072680582500958,2023-10-20,52.44479043384946,0,0,7.612336837167746,2.302585092994046,5.749392985908253,7.612336837167746,2.302585092994046,5.4669771228149395
2023-10-21,BTCUSDT,29669.05,30379.99,29464.77,29909.8,27517.51897,10.315847172118168,10.222578134276795,0.028773425764777174,0.03391919654037019,0.008082108028452294,0.03272936881268124,0.02065692505773147,0.000790613475611656,0.0016270310115731603,27.09119341392163,2023-10-21,52.496371642571475,0,0,7.612336837167746,2.302585092994046,5.749392985908253,7.612336837167746,2.302585092994046,5.4669771228149395
2023-10-22,BTCUSDT,29909.8,30248.0,29640.0,29992.46,22852.54563,10.321539446985787,10.036817796244064,0.018314655002802663,0.03001806115597831,0.002759830846653565,0.008082108028452294,0.013577728311481916,0.0002749707031332518,0.0010539384049486102,27.094545667680993,2023-10-22,52.25165123221379,0,0,7.612336837167746,2.302585092994046,5.749392985908253,7.612336837167746,2.302585092994046,5.4669771228149395
2023-10-23,BTCUSDT,29992.46,34741.91,29883.6,33069.99,93513.64246,10.317185345570769,11.445862613296246,0.15004045639259175,0.06002365996513167,0.09768020786547688,0.002759830846653565,0.03745224938092937,0.008534106267535074,0.003188073523101549,27.15705205326795,2023-10-23,52.98248592164262,0,0,7.612336837167746,2.302585092994046,5.749392985908253,7.612336837167746,2.302585092994046,5.4669771228149395
2023-10-24,BTCUSDT,33069.99,35280.0,32832.34,33922.73,115265.02418,10.455702018134076,11.654989314011143,0.0699069949556679,0.06249449371276573,0.02545906657086265,0.09768020786547688,0.03490927583709728,0.0021843920989491447,0.003027148184466355,27.213214996900525,2023-10-24,53.72368926372502,0,0,7.612336837167746,2.302585092994046,5.749392985908253,7.612336837167746,2.302585092994046,5.4669771228149395
2023-10-25,BTCUSDT,33922.73,35132.85,33679.05,34496.05,54887.02529,10.471071510120728,10.913032266050973,0.04067048061496736,0.05703849043831613,0.016759533553249224,0.02545906657086265,0.03465372670428253,0.0015357357281335967,0.003008656962774163,27.23043226566276,2023-10-25,54.18440326360569,0,0,7.612336837167746,2.302585092994046,5.749392985908253,7.612336837167746,2.302585092994046,5.4669771228149395
2023-10-26,BTCUSDT,34496.05,34824.13,33751.0,34151.66,39744.66255,10.46689186921091,10.59023083559502,0.023536288694008856,0.048662940002239315,-0.01003363081588025,0.016759533553249224,0.03832579073399771,0.0009474421258275153,0.003086537265016383,27.23039503631921,2023-10-26,54.0835149470385,0,0,7.612336837167746,2.302585092994046,5.749392985908253,7.612336837167746,2.302585092994046,5.4669771228149395
2023-10-27,BTCUSDT,34151.66,34245.0,33390.95,33892.02,32330.40106,10.458065816282827,10.383763275838946,0.020111044367388014,0.04152496609352649,-0.00763160546721126,-0.01003363081588025,0.04008268723421939,0.0007349556480133328,0.0030923398967763137,27.219255410250923,2023-10-27,53.952581222027185,0,0,7.612336837167746,2.302585092994046,5.749392985908253,7.612336837167746,2.302585092994046,5.4669771228149395
2023-10-28,BTCUSDT,33892.01,34493.33,33860.0,34081.0,16880.13144,10.441295847632006,9.73389255484949,0.018222418194169067,0.03569932911868713,0.005560455807826632,-0.00763160546721126,0.03984574578124235,0.000571246885713401,0.0030543540916975723,27.224081539397886,2023-10-28,54.043721354180676,0,0,7.612336837167746,2.302585092994046,5.749392985908253,7.612336837167746,2.302585092994046,5.4669771228149395
2023-10-29,BTCUSDT,34081.01,34750.11,33930.0,34525.89,20685.52176,10.448521250994819,9.937189302652808,0.023273570443901145,0.032592889449990635,0.012969433130901344,0.005560455807826632,0.013983740113330223,0.001305140994691432,0.0005944989874911337,27.231204784552297,2023-10-29,54.08367272030527,0,0,7.612336837167746,2.302585092994046,5.749392985908253,7.612336837167746,2.302585092994046,5.4669771228149395
2023-10-30,BTCUSDT,34525.88,34856.0,34062.84,34474.73,33657.95976,10.455938016455555,10.424004852717012,0.019527756045132353,0.029326606098776065,-0.0014828854979810758,0.012969433130901344,0.01093341053926255,0.00014225679275221774,0.0005050945824221666,27.236057572026798,2023-10-30,53.9307782971385,0,0,7.612336837167746,2.302585092994046,5.749392985908253,7.612336837167746,2.302585092994046,5.4669771228149395
2023-10-31,BTCUSDT,34474.74,34720.49,34025.0,34639.77,32737.89822,10.458980567797278,10.396288652774059,0.019464562219649994,0.026861095128994546,0.004775852062776867,-0.0014828854979810758,0.008719710545038624,0.00045938047915806165,0.00040346912457703786,27.235730490426032,2023-10-31,53.793138036641466,0,0,7.612336837167746,2.302585092994046,5.749392985908253,7.612336837167746,2.302585092994046,5.4669771228149395
2023-11-01,BTCUSDT,34639.78,35582.0,34097.39,35421.43,53473.28165,10.455085281577926,10.886937399726968,0.04177324169651903,0.030589131770875667,0.022314560261213128,0.004775852062776867,0.010565994645705743,0.0020496636879507317,0.0006908487499818663,27.249287289438218,2023-11-01,53.88237222511071,0,0,7.612336837167746,2.3978952727983707,5.755742213586912,7.612336837167746,2.3978952727983707,5.547752499225308
2023-11-02,BTCUSDT,35421.43,35984.99,34300.0,34941.59,48015.57732,10.47959517099472,10.779280764742369,0.0367859921727256,0.03213834687133815,-0.013639193957310053,0.022314560261213128,0.012272540074551431,0.0012653157715236522,0.0007028482439584629,27.255366474314275,2023-11-02,53.89323162665808,0,0,7.612336837167746,2.3978952727983707,5.755742213586912,7.612336837167746,2.3978952727983707,5.547752499225308
2023-11-03,BTCUSDT,34941.58,34946.5,34120.0,34716.78,39071.20644,10.490857186048299,10.573141066507617,0.02039462300093561,0.029202415903737518,-0.0064546666973641625,-0.013639193957310053,0.013129404772421374,0.0006104776865042041,0.0006986167798637801,27.241695428030496,2023-11-03,53.702554053725635,0,0,7.612336837167746,2.3978952727983707,5.755742213586912,7.612336837167746,2.3978952727983707,5.547752499225308
2023-11-04,BTCUSDT,34716.78,35255.0,34585.18,35062.07,18377.55545,10.461573599585789,9.818885386520252,0.018630947167102726,0.02655954871957882,0.00989677583723088,-0.0064546666973641625,0.01272009065045299,0.0010079327181899444,0.0006805786448331,27.248619766019857,2023-11-04,53.48347269351228,0,0,7.612336837167746,2.3978952727983707,5.755742213586912,7.612336837167746,2.3978952727983707,5.547752499225308
2023-11-05,BTCUSDT,35062.06,35380.0,34448.0,35011.88,24528.73376,10.470362642153141,10.107600515863101,0.022975238264669406,0.025663471105851467,-0.0014324869251003767,0.00989677583723088,0.012716896545448865,0.00014172373778051464,0.000680700892561066,27.25096256550739,2023-11-05,53.17015081166751,0,0,7.612336837167746,2.3978952727983707,5.755742213586912,7.612336837167746,2.3978952727983707,5.547752499225308
2023-11-06,BTCUSDT,35011.89,35276.33,34725.9,35046.09,22346.47086,10.473901967713775,10.014423684217963,0.013914458281392336,0.022726217899736684,0.0009766198683485855,-0.0014324869251003767,0.012680034640321436,9.752132515500324e-05,0.000743100794062439,27.251788976052296,2023-11-06,52.67149318568965,0,0,7.612336837167746,2.3978952727983707,5.755742213586912,7.612336837167746,2.3978952727983707,5.547752499225308
2023-11-07,BTCUSDT,35046.09,35888.0,34523.06,35399.12,38688.73692,10.470967479766447,10.563303800999861,0.036017990722908726,0.026049161105529694,0.010022908737337355,0.0009766198683485855,0.009263205186191423,0.0009488422302488965,0.00048088574279751817,27.257501404791842,2023-11-07,52.69107033215475,0,0,7.612336837167746,2.3978952727983707,5.755742213586912,7.612336837167746,2.3978952727983707,5.547752499225308
2023-11-08,BTCUSDT,35399.13,36106.0,35100.0,35624.72,33401.34137,10.48815825675999,10.416351338936812,0.02616549018880721,0.02607824337634907,0.0063528178351219345,0.010022908737337355,0.006647566797022005,0.0006098889744026589,0.0003860545436606391,27.267173374718112,2023-11-08,52.878779565887626,0,0,7.612336837167746,2.3978952727983707,5.755742213586912,7.612336837167746,2.3978952727983707,5.547752499225308
2023-11-09,BTCUSDT,35624.72,37972.24,35534.05,36701.09,82537.88885,10.494214335496604,11.321012725683612,0.06570698084588497,0.03598542774373305,0.029766675983155067,0.0063528178351219345,0.011071644446110786,0.0026293297873982934,0.0009281733574540532,27.292062769284723,2023-11-09,52.796747918385805,0,0,7.612336837167746,2.3978952727983707,5.755742213586912,7.612336837167746,2.3978952727983707,5.547752499225308
2023-11-10,BTCUSDT,36701.1,37526.0,36324.71,37301.63,43414.04898,10.54461064542836,10.678538376922562,0.031571477634882064,0.0348819402165203,0.01623057053490802,0.029766675983155067,0.011439882413757783,0.0015199243531290743,0.0009623390685871501,27.30587579722758,2023-11-10,52.429816369994356,0,0,7.612336837167746,2.3978952727983707,5.755742213586912,7.612336837167746,2.3978952727983707,5.547752499225308
2023-11-11,BTCUSDT,37301.63,37408.26,36666.93,37130.0,22984.97235,10.53278930504732,10.042595905281154,0.016508088787197322,0.030288477359189558,-0.004611757237879132,0.01623057053490802,0.012144984808296235,0.0004592196361753362,0.0009137911989435107,27.31076039735003,2023-11-11,52.43947154643062,0,0,7.612336837167746,2.3978952727983707,5.755742213586912,7.612336837167746,2.3978952727983707,5.547752499225308
2023-11-12,BTCUSDT,37129.99,37222.22,36731.1,37064.13,17687.18874,10.529646814632585,9.780595856492235,0.011421093853942601,0.02557163148287782,-0.0017756126342137468,-0.004611757237879132,0.01258830057424267,0.0001815444232914621,0.0008968703950049081,27.30803658147739,2023-11-12,52.38723374192856,0,0,7.612336837167746,2.3978952727983707,5.755742213586912,7.612336837167746,2.3978952727983707,5.547752499225308
2023-11-13,BTCUSDT,37064.13,37417.99,36333.0,36462.93,32798.18252,10.52466117376949,10.398128381861381,0.018727433719642722,0.023860582042069044,-0.016353527492521336,-0.0017756126342137468,0.01634372388181333,0.0015727376016099804,0.000917593790072483,27.30234079281563,2023-11-13,52.18455166755111,0,0,7.612336837167746,2.3978952727983707,5.755742213586912,7.612336837167746,2.3978952727983707,5.547752499225308
2023-11-14,BTCUSDT,36462.93,36744.0,34800.0,35551.19,45503.68416,10.529906883794272,10.725548572210554,0.037606972768934765,0.027297179723785474,-0.0253224983929354,-0.016353527492521336,0.02040520921179178,0.002360951351108038,0.0009829686315898135,27.27768772382987,2023-11-14,52.15946813995934,0,0,7.612336837167746,2.3978952727983707,5.755742213586912,7.612336837167746,2.3978952727983707,5.547752499225308
2023-11-15,BTCUSDT,35551.2,37980.0,35360.0,37858.2,53569.13385,10.51173022600563,10.888728320179798,0.07135719657989249,0.03831218393781223,0.06287397140001015,-0.0253224983929354,0.03158817330854684,0.005774225377952304,0.0020231656451909995,27.298574703000533,2023-11-15,52.27972644368544,0,0,7.612336837167746,2.3978952727983707,5.755742213586912,7.612336837167746,2.3978952727983707,5.547752499225308
2023-11-16,BTCUSDT,37858.2,37929.54,35500.0,36163.51,47490.39566,10.544814984366276,10.768282772946659,0.036271234007142085,0.037801946455144696,-0.04579700167213188,0.06287397140001015,0.03694201699990947,0.004252953106616821,0.0021993688948876797,27.30381217003198,2023-11-16,52.35792101185536,0,0,7.612336837167746,2.3978952727983707,5.755742213586912,7.612336837167746,2.3978952727983707,5.547752499225308
2023-11-17,BTCUSDT,36163.51,36800.0,35861.1,36613.92,38283.61112,10.543485507005924,10.55277717549595,0.02500757909973263,0.03460335461629168,0.012377896572665345,-0.04579700167213188,0.0376374333514924,0.0011729515715926807,0.002087690811014308,27.289103849132175,2023-11-17,52.46188748318123,0,0,7.612336837167746,2.3978952727983707,5.755742213586912,7.612336837167746,2.3978952727983707,5.547752499225308
2023-11-18,BTCUSDT,36613.91,36845.49,36178.58,36568.1,17102.24186,10.513253124157023,9.74696483682149,0.01559672659436264,0.02985169761080942,-0.001252220312786142,0.012377896572665345,0.03763958947625812,0.0001284728460346528,0.0020998227975549755,27.29508335078056,2023-11-18,52.64992659946755,0,0,7.612336837167746,2.3978952727983707,5.755742213586912,7.612336837167746,2.3978952727983707,5.547752499225308
2023-11-19,BTCUSDT,36568.11,37500.0,36384.02,37359.86,21246.34648,10.514488502067751,9.963940229217904,0.029896901388368376,0.02986299855519916,0.021420590373204398,-0.001252220312786142,0.03796559405621623,0.002149811207256284,0.0020592784811295107,27.306184579951626,2023-11-19,52.61878986474427,0,0,7.612336837167746,2.3978952727983707,5.755742213586912,7.612336837167746,2.3978952727983707,5.547752499225308
2023-11-20,BTCUSDT,37359.85,37750.0,36677.0,37448.78,36022.70291,10.532096211958502,10.491904655059571,0.026147845074387516,0.02893421018499625,0.0023772666332884944,0.021420590373204398,0.03526783158729347,0.00022658103666068786,0.0022886744943071097,27.31633197458871,2023-11-20,52.63540325339035,0,0,7.612336837167746,2.3978952727983707,5.755742213586912,7.612336837167746,2.3978952727983707,5.547752499225308
2023-11-21,BTCUSDT,37448.79,37649.44,35735.0,35741.65,47646.54804,10.538740754677171,10.771565462386796,0.01695846900291348,0.025940274889475555,-0.046657457238005864,0.0023772666332884944,0.029468364658935396,0.004331539125016594,0.001889681769037765,27.29810551858983,2023-11-21,52.83079701452566,0,0,7.612336837167746,2.3978952727983707,5.755742213586912,7.612336837167746,2.3978952727983707,5.547752499225308
2023-11-22,BTCUSDT,35741.65,37861.1,35632.01,37408.34,45051.30697,10.536073359279442,10.715557274158387,0.06037448118543071,0.03454882646346434,0.045576998787717926,-0.046657457238005864,0.03060249112986909,0.004253348437381909,0.001889774210243085,27.29842956394437,2023-11-22,52.797621001671644,0,0,7.612336837167746,2.3978952727983707,5.755742213586912,7.612336837167746,2.3978952727983707,5.547752499225308
2023-11-23,BTCUSDT,37408.35,37653.44,36870.0,37294.28,23827.92882,10.541679478752231,10.078613651502216,0.017411631623634106,0.030264527753506784,-0.003053710529443689,0.045576998787717926,0.030571458593945666,0.0003029891446417865,0.002000105567187131,27.315770727063363,2023-11-23,52.61771355536192,0,0,7.612336837167746,2.3978952727983707,5.755742213586912,7.612336837167746,2.3978952727983707,5.547752499225308
2023-11-24,BTCUSDT,37294.27,38414.0,37251.51,37713.57,44680.80646,10.536179596916137,10.707299302706904,0.030384055922546272,0.030294409795766655,0.011180012954367782,-0.003053710529443689,0.03064126763788662,0.0010441487286660018,0.001868622808791653,27.32524675788523,2023-11-24,52.648494764184136,0,0,7.612336837167746,2.3978952727983707,5.755742213586912,7.612336837167746,2.3978952727983707,5.547752499225308
2023-11-25,BTCUSDT,37713.57,37888.0,37591.1,37780.67,11396.14464,10.556177255464798,9.341030387709946,0.007257016310468905,0.024535061424442218,0.0017776195288349984,0.011180012954367782,0.029585134467516396,0.0001903022958980868,0.0020135948744319384,27.327779647998536,2023-11-25,52.59714379700469,0,0,7.612336837167746,2.3978952727983707,5.755742213586912,7.612336837167746,2.3978952727983707,5.547752499225308
2023-11-26,BTCUSDT,37780.67,37814.63,37150.0,37447.43,21264.53723,10.542389718243678,9.96479604540062,0.012254390050002733,0.021464893580832346,-0.008859513391713852,0.0017776195288349984,0.029900333323217957,0.0008890812567913093,0.0019314974624569557,27.322665923025536,2023-11-26,52.5374661334814,0,0,7.612336837167746,2.3978952727983707,5.755742213586912,7.612336837167746,2.3978952727983707,5.547752499225308
2023-11-27,BTCUSDT,37447.42,37569.23,36707.0,37242.7,30001.07376,10.540451343765202,10.308988452003774,0.019098197468032728,0.02087321955263244,-0.005482130309367848,-0.008859513391713852,0.02020500910686046,0.0005317815937898618,0.0015306539716303047,27.314336810317144,2023-11-27,52.67519599681506,0,0,7.612336837167746,2.3978952727983707,5.755742213586912,7.612336837167746,2.3978952727983707,5.547752499225308
2023-11-28,BTCUSDT,37242.7,38377.0,36868.41,37818.87,37544.46667,10.53394064328213,10.533281287345863,0.03821374604812078,0.025208351176504527,0.01535223194675372,-0.005482130309367848,0.00961102598801686,0.0014574975762962955,0.00048289497795857717,27.32288905800111,2023-11-28,53.02639433206741,0,0,7.612336837167746,2.3978952727983707,5.755742213586912,7.612336837167746,2.3978952727983707,5.547752499225308
2023-11-29,BTCUSDT,37818.88,38450.0,37570.0,37854.64,32994.19107,10.555213600795284,10.40408679677202,0.02080912153675879,0.024108543766568093,0.0009453771250752638,0.01535223194675372,0.009340373453775969,9.086593985053809e-05,0.0005267112830246152,27.33221179563505,2023-11-29,53.20897712959424,0,0,7.612336837167746,2.3978952727983707,5.755742213586912,7.612336837167746,2.3978952727983707,5.547752499225308
2023-11-30,BTCUSDT,37854.65,38145.85,37500.0,37723.96,24740.29147,10.55711397493379,10.116188427202868,0.013671329641030652,0.021499240235183733,-0.0034581251896556686,0.0009453771250752638,0.008488055237769217,0.00034184072534242446,0.0005129558256675122,27.329267192428887,2023-11-30,53.1506264673142,0,0,7.612336837167746,2.3978952727983707,5.755742213586912,7.612336837167746,2.3978952727983707,5.547752499225308
2023-12-01,BTCUSDT,37723.97,38999.0,37615.86,38682.52,43415.66324,10.549172249668377,10.678575559125726,0.03578497340046589,0.025070673526504272,0.025092382063089787,-0.0034581251896556686,0.013371357426191749,0.0023497873779285356,0.0008370531480332681,27.34094002312658,2023-12-01,53.166324411763696,0,0,7.612336837167746,2.4849066497880004,5.641907070938114,7.612336837167746,2.4849066497880004,5.608556991531677
2023-12-02,BTCUSDT,38682.51,39717.14,38641.61,39450.35,26696.92161,10.571291283757406,10.192303542235685,0.027322990327383962,0.025633752726724194,0.019655100831166433,0.025092382063089787,0.0129773811581433,0.001928425772419164,0.0009263280364572404,27.36369379379589,2023-12-02,53.24554054594638,0,0,7.612336837167746,2.4849066497880004,5.641907070938114,7.612336837167746,2.4849066497880004,5.608556991531677
2023-12-03,BTCUSDT,39450.35,40250.0,39274.86,39972.26,26710.65335,10.589538111538497,10.192817766680921,0.023887735666929942,0.02519724846177563,0.013142794289187723,0.019655100831166433,0.010985844328901926,0.0012894171749199632,0.000881186867820734,27.379072073787714,2023-12-03,53.26934389680904,0,0,7.612336837167746,2.4849066497880004,5.641907070938114,7.612336837167746,2.4849066497880004,5.608556991531677
2023-12-04,BTCUSDT,39972.26,42420.0,39972.26,41991.1,79272.33059,10.60286528284671,11.280644426054996,0.05943423560496062,0.03375649524757188,0.049271977534901416,0.013142794289187723,0.018994791911474324,0.004367833580597357,0.0015613783476195995,27.412797816194793,2023-12-04,53.772479036655646,0,0,7.612336837167746,2.4849066497880004,5.641907070938114,7.612336837167746,2.4849066497880004,5.608556991531677
2023-12-05,BTCUSDT,41991.1,44488.0,41414.0,44073.32,67490.74644,10.655375228118674,11.11974577768518,0.07068970292111089,0.042989797165956634,0.04839691964470645,0.049271977534901416,0.020566203859050045,0.004352340477228188,0.0016352082577702608,27.45781926332045,2023-12-05,54.599839672393884,0,0,7.612336837167746,2.4849066497880004,5.641907070938114,7.612336837167746,2.4849066497880004,5.608556991531677
2023-12-06,BTCUSDT,44073.82,44297.21,43335.28,43762.69,51431.10492,10.7029747688674,10.847998422496964,0.01663885592425736,0.03640206185553181,-0.007072982823143485,0.04839691964470645,0.021605595767390594,0.0006520080984225885,0.0015587950183582728,27.478422371113766,2023-12-06,54.99023441199857,0,0,7.612336837167746,2.4849066497880004,5.641907070938114,7.612336837167746,2.4849066497880004,5.608556991531677
2023-12-07,BTCUSDT,43762.69,44047.33,42821.1,43273.14,47103.26845,10.69867697436595,10.760097671439755,0.020284216736310482,0.03237260057572648,-0.011249508685349425,-0.007072982823143485,0.026113470840612482,0.0010454838821034775,0.0016692849159580744,27.469356867412493,2023-12-07,54.58580705562898,0,0,7.612336837167746,2.4849066497880004,5.641907070938114,7.612336837167746,2.4849066497880004,5.608556991531677
2023-12-08,BTCUSDT,43273.15,44700.0,43081.1,44170.99,42900.37556,10.693020016587447,10.666635859190144,0.03616424582666596,0.03332051188846135,0.020536119557329653,-0.011249508685349425,0.026122453582431007,0.0019252667690569164,0.0016694156683436912,27.477029909732277,2023-12-08,54.012599603968454,0,0,7.612336837167746,2.4849066497880004,5.641907070938114,7.612336837167746,2.4849066497880004,5.608556991531677
2023-12-09,BTCUSDT,44171.0,44358.02,43584.51,43713.6,24925.97008,10.707728780601661,10.123665514032556,0.010670395746583086,0.027657982852991786,-0.010408972260493799,0.020536119557329653,0.02878330857580079,0.0010281821585339595,0.001703233025948756,27.480551111968385,2023-12-09,53.731553847582674,0,0,7.612336837167746,2.4849066497880004,5.641907070938114,7.612336837167746,2.4849066497880004,5.608556991531677
2023-12-10,BTCUSDT,43713.59,44049.0,43563.0,43789.51,18956.61758,10.700048805662009,9.84990836221493,0.010134031512854275,0.023276995017957408,0.0017350244818206502,-0.010408972260493799,0.023489642457828083,0.0001761462561901945,0.0014974784330266683,27.476517205240157,2023-12-10,53.627610410440326,0,0,7.612336837167746,2.4849066497880004,5.641907070938114,7.612336837167746,2.4849066497880004,5.608556991531677
2023-12-11,BTCUSDT,43789.5,43804.5,40222.0,41253.4,76663.89804,10.693057929631047,11.247186186063411,0.04669973746225879,0.029132680629032754,-0.059660757354924286,0.0017350244818206502,0.02660980112907708,0.005304505177379476,0.0018623947259037293,27.4412837771758,2023-12-11,53.2887011082869,0,0,7.612336837167746,2.4849066497880004,5.641907070938114,7.612336837167746,2.4849066497880004,5.608556991531677
2023-12-12,BTCUSDT,41253.41,42104.12,40680.0,41492.39,42722.69773,10.687491830813201,10.662485620750742,0.03129096015678494,0.0296722505109708,0.005776503301278852,-0.059660757354924286,0.02749340850792751,0.0005417595396365122,0.0018751674471500365,27.419686326885483,2023-12-12,53.07083484877134,0,0,7.612336837167746,2.4849066497880004,5.641907070938114,7.612336837167746,2.4849066497880004,5.608556991531677
2023-12-13,BTCUSDT,41492.38,43475.2,40555.0,42869.03,45865.99773,10.647900877115056,10.733479331331917,0.0671847746900572,0.0390503815557424,0.032639616880829996,0.005776503301278852,0.03217618993131415,0.0030409167310316834,0.0019186525423269592,27.43702331910952,2023-12-13,53.24715241359531,0,0,7.612336837167746,2.4849066497880004,5.641907070938114,7.612336837167746,2.4849066497880004,5.608556991531677
2023-12-14,BTCUSDT,42869.03,43420.0,41400.0,43022.26,42047.05709,10.679945939556928,10.646544676982877,0.0441431894124491,0.040323583519919076,0.0035680023564587876,0.032639616880829996,0.030549895807084587,0.000335132426971595,0.002037636279252413,27.451610303872354,2023-12-14,53.17375117058947,0,0,7.612336837167746,2.4849066497880004,5.641907070938114,7.612336837167746,2.4849066497880004,5.608556991531677
2023-12-15,BTCUSDT,43022.26,43080.81,41666.0,41940.3,33421.7932,10.678675443432283,10.416963457203044,0.01598749628678223,0.034239561711634864,-0.025470477640977214,0.0035680023564587876,0.03173886542487844,0.0024450961881185324,0.0020209891328512534,27.445310564914045,2023-12-15,53.059894196267436,0,0,7.612336837167746,2.4849066497880004,5.641907070938114,7.612336837167746,2.4849066497880004,5.608556991531677
2023-12-16,BTCUSDT,41940.29,42724.43,41605.0,42278.03,24118.85747,10.670832933321977,10.090749281145397,0.024912348260037503,0.03190775834873552,0.008020387258140575,-0.025470477640977214,0.03218158861416286,0.0007948257393657277,0.001924393757865144,27.43829689955359,2023-12-16,53.07980771631688,0,0,7.612336837167746,2.4849066497880004,5.641907070938114,7.612336837167746,2.4849066497880004,5.608556991531677
2023-12-17,BTCUSDT,42278.02,42424.07,41252.0,41374.65,27722.11452,10.662526166759632,10.229985731779845,0.01302121460311091,0.02718612241232937,-0.021599191335207872,0.008020387258140575,0.02139908681349502,0.00211136084658546,0.0011315243587226766,27.430565228254526,2023-12-17,53.01001313830981,0,0,7.612336837167746,2.4849066497880004,5.641907070938114,7.612336837167746,2.4849066497880004,5.608556991531677
2023-12-18,BTCUSDT,41374.64,42757.81,40542.93,42657.8,46734.0925,10.655471168825033,10.752229209433073,0.05274155674246662,0.03357498099486368,0.030541766708551847,-0.021599191335207872,0.02474909705403104,0.0028405055466783715,0.0011129753543113875,27.430271349317355,2023-12-18,53.27132543771452,0,0,7.612336837167746,2.4849066497880004,5.641907070938114,7.612336837167746,2.4849066497880004,5.608556991531677
2023-12-19,BTCUSDT,42657.8,43497.0,41811.1,42275.99,40927.86444,10.663307147737589,10.619566392215148,0.0314928888009074,0.03305445794637461,-0.008990828549252048,0.030541766708551847,0.020850034344625772,0.0008466285926554333,0.001031673290185972,27.447849938333736,2023-12-19,53.57848588960877,0,0,7.612336837167746,2.4849066497880004,5.641907070938114,7.612336837167746,2.4849066497880004,5.608556991531677
2023-12-20,BTCUSDT,42275.99,44283.0,42206.0,43668.93,48710.2947,10.680447249181304,10.79364567687467,0.047797038612805515,0.03674010311298234,0.03241755264462973,-0.008990828549252048,0.02532600247659562,0.003003392330552796,0.0009701728571892475,27.46099833245166,2023-12-20,53.82423280788073,0,0,7.612336837167746,2.4849066497880004,5.641907070938114,7.612336837167746,2.4849066497880004,5.608556991531677
2023-12-21,BTCUSDT,43668.92,44242.35,43286.72,43861.8,34624.29384,10.698356135205106,10.452310848769033,0.020022384280234028,0.032560673404795265,0.004406916568444891,0.03241755264462973,0.02135579021450414,0.0004216212694213829,0.0011265111799123942,27.476420763646075,2023-12-21,53.4373383300781,0,0,7.612336837167746,2.4849066497880004,5.641907070938114,7.612336837167746,2.4849066497880004,5.608556991531677
2023-12-22,BTCUSDT,43861.79,44398.26,43412.54,43969.04,32783.19638,10.69743775413444,10.397671357611138,0.02010165281526187,0.029445918257411916,0.0024419680670525194,0.004406916568444891,0.02144806327741644,0.000234857208221434,0.0012317686745108153,27.479847933056046,2023-12-22,52.942166160063955,0,0,7.612336837167746,2.4849066497880004,5.641907070938114,7.612336837167746,2.4849066497880004,5.608556991531677
2023-12-23,BTCUSDT,43969.04,43988.68,43291.1,43702.16,16557.1293,10.70095555846321,9.714572061462876,0.012409121341734808,0.02518671902849264,-0.006088221088727501,0.0024419680670525194,0.018043111702432186,0.0006267101680041171,0.0012517680674136123,27.47653290662771,2023-12-23,52.63087085702222,0,0,7.612336837167746,2.4849066497880004,5.641907070938114,7.612336837167746,2.4849066497880004,5.608556991531677
2023-12-24,BTCUSDT,43702.15,43946.0,42500.0,42991.5,25144.33496,10.69168760707282,10.132387900055868,0.022514304993762016,0.024518615519809984,-0.016395107062850675,-0.006088221088727501,0.017046189435419253,0.001618089163637357,0.0010377257455745133,27.466771805716096,2023-12-24,52.27501452501979,0,0,7.612336837167746,2.4849066497880004,5.641907070938114,7.612336837167746,2.4849066497880004,5.608556991531677
2023-12-25,BTCUSDT,42991.5,43802.32,42720.43,43576.13,27021.23992,10.690716886457212,10.204378499432456,0.024346031999389145,0.024475469639704775,0.013507101635684676,-0.016395107062850675,0.016802817993914757,0.001323657451204491,0.0010303606318202748,27.46590448034672,2023-12-25,52.11307881446344,0,0,7.612336837167746,2.4849066497880004,5.641907070938114,7.612336837167746,2.4849066497880004,5.608556991531677
2023-12-26,BTCUSDT,43576.12,43592.68,41637.6,42508.93,41010.04282,10.68744206299831,10.621572262521136,0.03098197775187408,0.026102096667747102,-0.02479535186467053,0.013507101635684676,0.01419645112167443,0.0023344332883901225,0.0008092789933405091,27.455680846248868,2023-12-26,51.93869023817534,0,0,7.612336837167746,2.4849066497880004,5.641907070938114,7.612336837167746,2.4849066497880004,5.608556991531677
2023-12-27,BTCUSDT,42508.93,43677.0,42098.69,43428.85,36191.21136,10.68264452533378,10.496571588227503,0.03604658450911124,0.028588218628088136,0.02140979529821103,-0.02479535186467053,0.017612832413211287,0.002039694115193129,0.0008103140996200708,27.45757329365902,2023-12-27,51.633078035799265,0,0,7.612336837167746,2.4849066497880004,5.641907070938114,7.612336837167746,2.4849066497880004,5.608556991531677
2023-12-28,BTCUSDT,43428.86,43787.57,42241.79,42563.76,35150.52485,10.684576926741435,10.467394828848528,0.02249607078193907,0.02706518166655087,-0.02012077980823538,0.02140979529821103,0.01892347504977057,0.001922233768500044,0.0006080880198182335,27.460078791462816,2023-12-28,51.3035439207465,0,0,7.612336837167746,2.4849066497880004,5.641907070938114,7.612336837167746,2.4849066497880004,5.608556991531677
2023-12-29,BTCUSDT,42563.76,43111.0,41300.0,42066.95,42597.18912,10.68710526613421,10.65954354698189,0.0332089343273907,0.028601119831760828,-0.011740790238734814,-0.02012077980823538,0.019103615845693114,0.001101434614623725,0.0004627448130280519,27.442574169607084,2023-12-29,51.29403544772309,0,0,7.612336837167746,2.4849066497880004,5.641907070938114,7.612336837167746,2.4849066497880004,5.608556991531677
2023-12-30,BTCUSDT,42066.94,42612.32,41520.3,42140.28,22906.57818,10.671533463946282,10.039179405060564,0.02298415632675994,0.027196878955510605,0.0017416561151908701,-0.011740790238734814,0.01862632605795076,0.00017348590406830798,0.0007891237017099351,27.437865691204234,2023-12-30,51.306564770515344,0,0,7.612336837167746,2.4849066497880004,5.641907070938114,7.612336837167746,2.4849066497880004,5.608556991531677
2023-12-31,BTCUSDT,42140.29,42899.0,41965.84,42283.58,23585.91603,10.659898692324594,10.068405034480769,0.02058471805948265,0.025543838731503617,0.0033947781497301243,0.0017416561151908701,0.017200753840558,0.00033717139289730555,0.000920642740358423,27.44346183966308,2023-12-31,51.514493342733154,0,0,7.612336837167746,2.4849066497880004,5.641907070938114,7.612336837167746,2.4849066497880004,5.608556991531677
2024-01-01,BTCUSDT,42283.58,44184.1,42180.77,44179.55,27174.29903,10.666603794621116,10.210026916992508,0.04639786428907174,0.03075734512089565,0.04386318131378095,0.0033947781497301243,0.023203240396402123,0.004296088704798576,0.0015120943127975657,27.463980136012584,2024-01-01,51.76101463191927,0,0,7.6128310304073565,0.0,5.777652323222656,7.6128310304073565,0.0,5.509681891107495
2024-01-02,BTCUSDT,44179.55,45879.63,44148.34,44946.91,65146.40661,10.696120274841181,11.084392425391034,0.03827676506059785,0.0326372001058212,0.01722000317113513,0.04386318131378095,0.022720084004975633,0.0015535360451231631,0.0014996902503958377,27.50029923015699,2024-01-02,52.2121330157416,0,0,7.6128310304073565,0.0,5.777652323222656,7.6128310304073565,0.0,5.509681891107495
2024-01-03,BTCUSDT,44946.91,45500.0,40750.0,42845.23,81194.55173,10.73377650669466,11.304603426977488,0.07914135816111223,0.04426323961964396,-0.04788769521256018,0.01722000317113513,0.030525078446189853,0.004236123409537765,0.0018635963622296884,27.472160269268038,2024-01-03,52.685695642693005,0,0,7.6128310304073565,0.0,5.777652323222656,7.6128310304073565,0.0,5.509681891107495
2024-01-04,BTCUSDT,42845.23,44729.58,42613.77,44151.1,48038.06334,10.725467604939041,10.77974896189255,0.047724472026657805,0.04512854772139742,0.03002352150755492,-0.04788769521256018,0.03174901600930048,0.0027851781719306226,0.001836906633439984,27.473373545220664,2024-01-04,52.695151986214654,0,0,7.6128310304073565,0.0,5.777652323222656,7.6128310304073565,0.0,5.509681891107495
2024-01-05,BTCUSDT,44151.1,44357.46,42450.0,44145.11,48075.25327,10.708390306711449,10.780522838669832,0.041754116269423464,0.04428493985840393,-0.0001356796630157846,0.03002352150755492,0.03183286834333982,1.258562919871571e-05,0.0018737436475651152,27.478480786498807,2024-01-05,52.929854053810686,0,0,7.6128310304073565,0.0,5.777652323222656,7.6128310304073565,0.0,5.509681891107495
2024-01-06,BTCUSDT,44145.12,44214.42,43397.05,43968.32,17835.06144,10.700036181033251,9.788921542698748,0.015899140439092338,0.03718849000357603,-0.004012787545087865,-0.0001356796630157846,0.032177176251764146,0.0004099315259177737,0.0018594303980380394,27.48186165998681,2024-01-06,53.34338017949551,0,0,7.6128310304073565,0.0,5.777652323222656,7.6128310304073565,0.0,5.509681891107495
2024-01-07,BTCUSDT,43968.32,44480.59,43572.09,43929.02,23023.8508,10.696806259203568,10.044285948911574,0.017688784343648706,0.032313563588594205,-0.000894225072540774,-0.004012787545087865,0.026467724303087,8.902823725739058e-05,0.0017047679482481498,27.483090991869812,2024-01-07,53.73175885024739,0,0,7.6128310304073565,0.0,5.777652323222656,7.6128310304073565,0.0,5.509681891107495
2024-01-08,BTCUSDT,43929.01,47248.99,43175.0,46951.04,72814.57589,10.702808193224982,11.195671432413006,0.08956028106214356,0.04662524295698155,0.06653020711240704,-0.000894225072540774,0.03826399400061435,0.005942493714114631,0.002487053854294494,27.5128274622228,2024-01-08,54.234038959246185,0,0,7.6128310304073565,0.0,5.777652323222656,7.6128310304073565,0.0,5.509681891107495
2024-01-09,BTCUSDT,46951.04,47972.0,44748.67,46110.0,69927.66617,10.76318655703205,11.155216646338621,0.054185533031588476,0.04851531547563328,-0.018075510415030107,0.06653020711240704,0.030895076670139035,0.0016203639057931585,0.002289850324533769,27.538531398924437,2024-01-09,54.38425984187473,0,0,7.6128310304073565,0.0,5.777652323222656,7.6128310304073565,0.0,5.509681891107495
2024-01-10,BTCUSDT,46110.0,47695.93,44300.36,46653.99,89911.41203,10.778372786351612,11.406580153782647,0.06760164264959524,0.05328689726912377,0.01172860796383382,-0.018075510415030107,0.029667239290736218,0.0010282317579598458,0.0022522228841093885,27.531761072406628,2024-01-10,53.57094520622144,0,0,7.6128310304073565,0.0,5.777652323222656,7.6128310304073565,0.0,5.509681891107495
2024-01-11,BTCUSDT,46654.0,48969.48,45606.06,46339.16,87470.3296,10.772601348288463,11.37905492455588,0.06171715255876529,0.05539446109153415,-0.006771062230729273,0.01172860796383382,0.030203231436988658,0.0005950460979072517,0.002185983046041995,27.546705454460177,2024-01-11,52.74672312759958,0,0,7.6128310304073565,0.0,5.777652323222656,7.6128310304073565,0.0,5.509681891107495
2024-01-12,BTCUSDT,46339.16,46515.53,41500.0,42782.73,86327.93707,10.798952525893812,11.365908545079352,0.06157019678316942,0.056938395014442963,-0.0798528754667809,-0.006771062230729273,0.04730570581055508,0.007025648248890023,0.002980997552633549,27.48953477581729,2024-01-12,51.93603774335898,0,0,7.6128310304073565,0.0,5.777652323222656,7.6128310304073565,0.0,5.509681891107495
2024-01-13,BTCUSDT,42782.74,43257.0,42436.12,42847.99,36118.47464,10.747541514311669,10.494559776295896,0.017023231015259137,0.04695960401464701,0.0015242196406752171,-0.0798528754667809,0.0473534238538842,0.00014523902604452054,0.002971159592375132,27.455719147437293,2024-01-13,51.27706883634606,0,0,7.6128310304073565,0.0,5.777652323222656,7.6128310304073565,0.0,5.509681891107495
2024-01-14,BTCUSDT,42847.99,43079.0,41720.0,41732.35,28228.40894,10.674914348974756,10.248084159049935,0.013425825762398504,0.03857615945158488,-0.02638212870563945,0.0015242196406752171,0.032468500414780874,0.002574347389833033,0.00252691616926367,27.444478884981073,2024-01-14,51.00764094501852,0,0,7.6128310304073565,0.0,5.777652323222656,7.6128310304073565,0.0,5.509681891107495
2024-01-15,BTCUSDT,41732.35,43400.43,41718.05,42511.1,40269.89303,10.670790918373239,10.60335939752213,0.03944561965066981,0.03879352450135611,0.01848861088034885,-0.02638212870563945,0.036053852267233524,0.0017436559666806541,0.002522099983700856,27.44377958370685,2024-01-15,51.09429731489681,0,0,7.6128310304073565,0.0,5.777652323222656,7.6128310304073565,0.0,5.509681891107495
2024-01-16,BTCUSDT,42511.1,43578.01,42050.0,43137.95,45045.74589,10.678224627873515,10.715433827723004,0.03410749075378767,0.037622016064464,0.014637901828299413,0.01848861088034885,0.03647877776928683,0.001366057787639749,0.0024947236303354534,27.45535268934384,2024-01-16,51.108772303758684,0,0,7.6128310304073565,0.0,5.777652323222656,7.6128310304073565,0.0,5.509681891107495
2024-01-17,BTCUSDT,43137.94,43198.0,42200.69,42776.1,33266.21388,10.682307944307784,10.412297562717175,0.018165536611142563,0.03275789620113364,-0.008423584725432613,0.014637901828299413,0.03642800894311586,0.0008090034571807233,0.0024678640683352894,27.45569203697867,2024-01-17,51.07891490638852,0,0,7.6128310304073565,0.0,5.777652323222656,7.6128310304073565,0.0,5.509681891107495
2024-01-18,BTCUSDT,42776.09,42930.0,40683.28,41327.5,43907.51641,10.6735494768642,10.68984080103607,0.03132338648551723,0.03239926877222954,-0.03445139745815894,-0.008423584725432613,0.021506706814135506,0.0032228167003965,0.0011303887761131414,27.433997512574624,2024-01-18,51.09653581671745,0,0,7.6128310304073565,0.0,5.777652323222656,7.6128310304073565,0.0,5.509681891107495
2024-01-19,BTCUSDT,41327.51,42196.86,40280.0,41659.03,48342.74559,10.667326161218606,10.786071450120769,0.042802577971675436,0.035000096072091015,0.007990013891329613,-0.03445139745815894,0.02209899285035859,0.0007407714595882962,0.0009899386948504071,27.420466881059003,2024-01-19,51.09008321563275,0,0,7.6128310304073565,0.0,5.777652323222656,7.6128310304073565,0.0,5.509681891107495
2024-01-20,BTCUSDT,41659.03,41872.56,41456.3,41696.04,15923.99493,10.650101089672784,9.675582365732817,0.008899923544915849,0.028475052940297223,0.0008880084302503328,0.007990013891329613,0.019382750423583138,9.177829268399557e-05,0.0010869205414578155,27.427858330850434,2024-01-20,51.16751364866206,0,0,7.6128310304073565,0.0,5.777652323222656,7.6128310304073565,0.0,5.509681891107495
2024-01-21,BTCUSDT,41696.05,41881.39,41500.98,41580.33,11730.16301,10.642385998772967,9.369918838396655,0.007030392363113958,0.023113887796001407,-0.002778941360300473,0.0008880084302503328,0.017104346209232985,0.0002965811559554549,0.0011359547984710957,27.427933009386066,2024-01-21,51.16512979800409,0,0,7.6128310304073565,0.0,5.777652323222656,7.6128310304073565,0.0,5.509681891107495
2024-01-22,BTCUSDT,41580.32,41689.65,39431.58,39568.02,55426.19911,10.642596854500553,10.922807669072315,0.01815230495463056,0.021873492085658697,-0.049606002668420156,-0.002778941360300473,0.022571325067857664,0.004541506558691722,0.001823284283956559,27.401443730317165,2024-01-22,51.223430844975084,0,0,7.6128310304073565,0.0,5.777652323222656,7.6128310304073565,0.0,5.509681891107495
2024-01-23,BTCUSDT,39568.02,40176.74,38555.0,39897.6,57956.63351,10.63800817554097,10.96745031175947,0.0389463350505378,0.02614170282687847,0.008294955472882228,-0.049606002668420156,0.02441303448190195,0.0007563248737938889,0.0018280742156937927,27.375667541886656,2024-01-23,51.49776852444739,0,0,7.6128310304073565,0.0,5.777652323222656,7.6128310304073565,0.0,5.509681891107495
2024-01-24,BTCUSDT,39897.59,40555.0,39484.19,40084.88,39293.82861,10.60104350018433,10.57882275270198,0.0243841291195663,0.02570230940005043,0.004683034141144241,0.008294955472882228,0.022219397123770416,0.00044268008365563443,0.001683631171790619,27.38737743742204,2024-01-24,51.78597437920621,0,0,7.6128310304073565,0.0,5.777652323222656,7.6128310304073565,0.0,5.509681891107495
2024-01-25,BTCUSDT,40084.89,40300.24,39550.0,39961.09,31022.11853,10.610414356504446,10.342455730014223,0.015478947083388976,0.023146468820885065,-0.003092975166303934,0.004683034141144241,0.02135873670544745,0.00029905616683743646,0.0017142181008800766,27.386961911520995,2024-01-25,51.848332416299485,0,0,7.6128310304073565,0.0,5.777652323222656,7.6128310304073565,0.0,5.509681891107495
2024-01-26,BTCUSDT,39961.09,42246.82,39822.52,41823.51,47384.96726,10.60411270325203,10.766060310968106,0.0587997911862377,0.03205979941222323,0.04555239092628425,-0.003092975166303934,0.030470474250736214,0.00423111050937333,0.00204263575902702,27.411377467094784,2024-01-26,52.09595430696568,0,0,7.6128310304073565,0.0,5.777652323222656,7.6128310304073565,0.0,5.509681891107495
2024-01-27,BTCUSDT,41823.51,42200.0,41394.34,42120.63,16224.41667,10.651284363680482,9.69427258838361,0.018765630631389817,0.028736257217014876,0.00707902280697713,0.04555239092628425,0.030523473348773533,0.0007302273319052051,0.0019873726587934844,27.43394587604211,2024-01-27,52.326986859231134,0,0,7.6128310304073565,0.0,5.777652323222656,7.6128310304073565,0.0,5.509681891107495
2024-01-28,BTCUSDT,42120.63,42842.68,41620.81,42031.06,27294.99838,10.650175500024103,10.214458754864326,0.024675761954404487,0.02772113340136228,-0.002128775638974226,0.00707902280697713,0.018012162904983836,0.00020840807036990198,0.0015444382672425152,27.440608569184384,2024-01-28,52.37140159894701,0,0,7.6128310304073565,0.0,5.777652323222656,7.6128310304073565,0.0,5.509681891107495
2024-01-29,BTCUSDT,42031.05,43333.0,41804.88,43302.7,31542.74207,10.665290080961668,10.359098796179994,0.03584878997434579,0.029753047544608155,0.029806119942710457,-0.002128775638974226,0.019655350183871986,0.0028772888963759778,0.0016834134495132395,27.45150871726152,2024-01-29,52.44260452932147,0,0,7.6128310304073565,0.0,5.777652323222656,7.6128310304073565,0.0,5.509681891107495
2024-01-30,BTCUSDT,43302.71,43882.36,42683.99,42941.1,37619.24546,10.676669748432332,10.535271045769244,0.021321505409162576,0.02764516201074676,-0.008385579459892248,0.029806119942710457,0.021486527450592215,0.0007959528922855507,0.0016462827623860501,27.465159649487784,2024-01-30,52.419953743756494,0,0,7.6128310304073565,0.0,5.777652323222656,7.6128310304073565,0.0,5.509681891107495
2024-01-31,BTCUSDT,42941.1,43745.11,42276.84,42580.0,39871.13688,10.689267695987578,10.59340795464155,0.027289439593211243,0.02755623140636288,-0.008444749797383772,-0.008385579459892248,0.022307469347244764,0.0007971702622557518,0.0015835403747523039,27.45810682719308,2024-01-31,52.56519230902577,0,0,7.6128310304073565,0.0,5.777652323222656,7.6128310304073565,0.0,5.509681891107495
2024-02-01,BTCUSDT,42580.0,43285.13,41884.28,43082.94,35231.04664,10.686135114110298,10.46968297966492,0.0317046354544821,0.028593332418392688,0.011742435619609937,-0.008444749797383772,0.01466875944941858,0.0011215655376019562,0.0009245795754007827,27.453454031884533,2024-02-01,52.73878830924852,0,0,7.6128310304073565,0.6931471805599453,5.6240175061873385,7.6128310304073565,0.6931471805599453,5.356351522119788
2024-02-02,BTCUSDT,43082.95,43488.0,42546.79,43200.0,29672.14418,10.675564436995254,10.29796397828407,0.019888508385176064,0.02641712641008853,0.0027134001651212595,0.011742435619609937,0.014649981832649556,0.0002634889936343891,0.000978790391801596,27.462207055432405,2024-02-02,52.68376579783307,0,0,7.6128310304073565,0.6931471805599453,5.6240175061873385,7.6128310304073565,0.6931471805599453,5.356351522119788
2024-02-03,BTCUSDT,43199.99,43380.01,42880.0,43011.09,12033.40998,10.68024031695087,9.395442225161663,0.00842047747713893,0.021917964176851133,-0.004382505832045197,0.0027134001651212595,0.014872434634567715,0.0004664501922334783,0.000941447718144242,27.463153580773426,2024-02-03,52.612690174788206,0,0,7.6128310304073565,0.6931471805599453,5.6240175061873385,7.6128310304073565,0.6931471805599453,5.356351522119788
2024-02-04,BTCUSDT,43011.1,43119.04,42222.0,42582.88,17066.89404,10.677754014901817,9.744895844926994,0.01450130773913479,0.020063800067422047,-0.010005694851545816,-0.004382505832045197,0.008477830434219276,0.0010267626263809262,0.00032739952279666563,27.45464268220077,2024-02-04,52.596111273436435,0,0,7.6128310304073565,0.6931471805599453,5.6240175061873385,7.6128310304073565,0.6931471805599453,5.356351522119788
2024-02-05,BTCUSDT,42582.88,43569.76,42258.1,42708.7,29467.75905,10.67171994188421,10.29105203110306,0.02795594333017412,0.022036835883110065,0.002950351987088814,-0.010005694851545816,0.008242301927312174,0.00028669099895441656,0.0003742765319415972,27.455359937378805,2024-02-05,52.57978775267453,0,0,7.6128310304073565,0.6931471805599453,5.6240175061873385,7.6128310304073565,0.6931471805599453,5.356351522119788
2024-02-06,BTCUSDT,42708.7,43399.98,42574.0,43098.95,24675.85433,10.682118610718993,10.113580487005247,0.018634334743247223,0.021186210598144354,0.009095988310426472,0.002950351987088814,0.008143109173997895,0.0008993835884446403,0.00038395042611422386,27.45857694317295,2024-02-06,52.54139668265641,0,0,7.6128310304073565,0.6931471805599453,5.6240175061873385,7.6128310304073565,0.6931471805599453,5.356351522119788
2024-02-07,BTCUSDT,43098.96,44396.5,42788.0,44349.6,34392.59915,10.678214259258898,10.445596679226975,0.036799103626545815,0.02508943385524472,0.028605054685199374,0.009095988310426472,0.013389795043712386,0.002738479721516137,0.0009329686264845771,27.475673515523308,2024-02-07,52.608212035142884,0,0,7.6128310304073565,0.6931471805599453,5.6240175061873385,7.6128310304073565,0.6931471805599453,5.356351522119788
2024-02-08,BTCUSDT,44349.6,45614.3,44331.1,45288.65,45439.62231,10.700915916484332,10.7241397415207,0.02848237246763412,0.02593766850834207,0.02095275967005496,0.028605054685199374,0.014808588319974387,0.001953793980223147,0.0009405136627291226,27.50400354926932,2024-02-08,52.89907269340757,0,0,7.6128310304073565,0.6931471805599453,5.6240175061873385,7.6128310304073565,0.6931471805599453,5.356351522119788
2024-02-09,BTCUSDT,45288.66,48200.0,45242.12,47132.77,73503.481,10.727976542832604,11.20508804462367,0.06314849535809287,0.035240375220779774,0.039912063594217916,0.02095275967005496,0.018144418642208993,0.0035619589453710883,0.0012401235780628893,27.538472305423756,2024-02-09,53.3520152943143,0,0,7.6128310304073565,0.6931471805599453,5.6240175061873385,7.6128310304073565,0.6931471805599453,5.356351522119788
2024-02-10,BTCUSDT,47132.78,48170.0,46800.0,47751.09,24802.35936,10.783114300038692,10.118694063111851,0.027760034055587954,0.03337028992948182,0.013033381077871586,0.039912063594217916,0.01359864402515531,0.0012880497222843563,0.001214195024467701,27.560562711982158,2024-02-10,53.577132652736026,0,0,7.6128310304073565,0.6931471805599453,5.6240175061873385,7.6128310304073565,0.6931471805599453,5.356351522119788
2024-02-11,BTCUSDT,47751.08,48592.66,47557.16,48299.99,29958.80837,10.782491699624266,10.307578662808105,0.020961727785250333,0.03026814939342395,0.01142945972783506,0.013033381077871586,0.01192309993230633,0.0011088404077938244,0.0010455547863784363,27.572636621312867,2024-02-11,53.800195771858334,0,0,7.6128310304073565,0.6931471805599453,5.6240175061873385,7.6128310304073565,0.6931471805599453,5.356351522119788
2024-02-12,BTCUSDT,48300.0,50334.82,47710.01,49917.27,59009.96705,10.791227769676002,10.985461641671122,0.052591354239905054,0.03584895060504423,0.03293568144658824,0.01142945972783506,0.011317652581001227,0.002998115374747057,0.0009829694685090835,27.593505432615814,2024-02-12,53.921353287957544,0,0,7.6128310304073565,0.6931471805599453,5.6240175061873385,7.6128310304073565,0.6931471805599453,5.356351522119788
2024-02-13,BTCUSDT,49917.28,50368.61,48300.95,49699.59,55551.56706,10.826452363116601,10.925067004570874,0.036289029597513296,0.03595897035316149,-0.004370351494182536,0.03293568144658824,0.015965061436991543,0.00040002971994167636,0.0012016538377950105,27.603988755075864,2024-02-13,53.83235211784603,0,0,7.6128310304073565,0.6931471805599453,5.6240175061873385,7.6128310304073565,0.6931471805599453,5.356351522119788
2024-02-14,BTCUSDT,49699.6,52043.71,49225.01,51795.17,57046.37401,10.82712344256778,10.951619795163396,0.05526812800358793,0.0407862597657681,0.041300218103198914,-0.004370351494182536,0.01843705496910105,0.0037711515625696284,0.0014298078626637902,27.626277960838497,2024-02-14,53.95776128284089,0,0,7.6128310304073565,0.6931471805599453,5.6240175061873385,7.6128310304073565,0.6931471805599453,5.356351522119788
2024-02-15,BTCUSDT,51795.17,52816.62,51314.0,51880.0,53816.03055,10.85983922139971,10.893326667380322,0.025807669049867893,0.037041612086793047,0.0016364577734705157,0.041300218103198914,0.017764410306387306,0.00015022571372717852,0.0014523561504416686,27.65131578309345,2024-02-15,53.861844309772906,0,0,7.6128310304073565,0.6931471805599453,5.6240175061873385,7.6128310304073565,0.6931471805599453,5.356351522119788
2024-02-16,BTCUSDT,51880.01,52572.08,51566.0,52124.11,37772.25318,10.874581192891084,10.539330069209166,0.01792794667179418,0.03226319573304333,0.004694246184426713,0.0016364577734705157,0.018358663882924245,0.0004454027109503889,0.001529498594125449,27.653239111383876,2024-02-16,53.8322600539723,0,0,7.6128310304073565,0.6931471805599453,5.6240175061873385,7.6128310304073565,0.6931471805599453,5.356351522119788
2024-02-17,BTCUSDT,52124.1,52162.82,50625.0,51642.64,25674.00622,10.869940459323331,10.153234327913285,0.02455613137280646,0.030336429642984112,-0.009279917800631372,0.004694246184426713,0.020852331371632084,0.0009139863713298736,0.0015409548193481037,27.64539947230492,2024-02-17,53.81604871274305,0,0,7.6128310304073565,0.6931471805599453,5.6240175061873385,7.6128310304073565,0.6931471805599453,5.356351522119788
2024-02-18,BTCUSDT,51642.64,52377.0,51163.28,52137.67,21992.10363,10.862125259556285,9.99843874200204,0.02251622910817696,0.028381379509282323,0.009540032294676114,-0.009279917800631372,0.017949796738197323,0.000954152197242533,0.0013424788234333962,27.648783929501395,2024-02-18,53.58714776269324,0,0,7.6128310304073565,0.6931471805599453,5.6240175061873385,7.6128310304073565,0.6931471805599453,5.356351522119788
2024-02-19,BTCUSDT,52137.68,52488.77,51677.0,51774.73,29534.99432,10.866222842652885,10.293331087427113,0.011016995083487266,0.024040283402833557,-0.00698552773070659,0.009540032294676114,0.018316505504807984,0.0006786459768343728,0.0013177742007654581,27.652330874634593,2024-02-19,53.169667105950616,0,0,7.6128310304073565,0.6931471805599453,5.6240175061873385,7.6128310304073565,0.6931471805599453,5.356351522119788
2024-02-20,BTCUSDT,51774.74,52985.0,50760.37,52258.82,49614.47318,10.868354520936924,10.812037868132139,0.03958214627967464,0.02792574912204383,0.009306488030900633,-0.00698552773070659,0.008050027522672807,0.0008607524450437759,0.0003153712370656274,27.65087750999986,2024-02-20,53.037395761188435,0,0,7.6128310304073565,0.6931471805599453,5.6240175061873385,7.6128310304073565,0.6931471805599453,5.356351522119788
2024-02-21,BTCUSDT,52258.82,52366.8,50625.0,51849.39,43079.40049,10.877764133608936,10.670800214971079,0.028790418951853802,0.028141916579496322,-0.007865510526459354,0.009306488030900633,0.008903724578480892,0.0007371059684375014,0.00018842587106273232,27.6477683721065,2024-02-21,53.131618180821576,0,0,7.6128310304073565,0.6931471805599453,5.6240175061873385,7.6128310304073565,0.6931471805599453,5.356351522119788
2024-02-22,BTCUSDT,51849.38,52065.78,50940.78,51288.42,35309.44574,10.86602808172131,10.471905791829537,0.0145333947359066,0.02473978611859889,-0.01087817419895304,-0.007865510526459354,0.009478396603109241,0.0010387960334250223,0.00013538715788054818,27.642874674485164,2024-02-22,52.98692927473791,0,0,7.6128310304073565,0.6931471805599453,5.6240175061873385,7.6128310304073565,0.6931471805599453,5.356351522119788
2024-02-23,BTCUSDT,51288.42,51548.54,50521.0,50744.15,30545.79544,10.860263198125187,10.32698232632279,0.012973165811743247,0.02179813104188498,-0.010668655359765033,-0.01087817419895304,0.00968607285888791,0.0010330854670460062,0.00015191961241281654,27.632523411920374,2024-02-23,52.885304200441325,0,0,7.6128310304073565,0.6931471805599453,5.6240175061873385,7.6128310304073565,0.6931471805599453,5.356351522119788
2024-02-24,BTCUSDT,50744.15,51698.0,50585.0,51568.22,16560.4211,10.85027916702657,9.714770856359907,0.02158185407946892,0.021744061801280964,0.016109250933854777,-0.010668655359765033,0.011565779069092718,0.0016582224297455907,0.0003542938979545346,27.635103928970313,2024-02-24,52.803211773476136,0,0,7.6128310304073565,0.6931471805599453,5.6240175061873385,7.6128310304073565,0.6931471805599453,5.356351522119788
2024-02-25,BTCUSDT,51568.21,51958.55,51279.8,51728.85,18721.63159,10.853174375028711,9.837434903819052,0.012167862276633202,0.019350011920119023,0.0031100616788884284,0.016109250933854777,0.011398958844259129,0.00031614559174171025,0.00044066011668310735,27.644848378274414,2024-02-25,52.54970541331389,0,0,7.6128310304073565,0.6931471805599453,5.6240175061873385,7.6128310304073565,0.6931471805599453,5.356351522119788
2024-02-26,BTCUSDT,51728.85,54910.0,50901.44,54476.47,51256.72199,10.858201564313553,10.844602049180319,0.07495648547872728,0.03325163030977109,0.051753212367562834,0.0031100616788884284,0.02430523296947529,0.004772255554686265,0.0016183619490147349,27.671112320103212,2024-02-26,52.59926761191464,0,0,7.6128310304073565,0.6931471805599453,5.6240175061873385,7.6128310304073565,0.6931471805599453,5.356351522119788
2024-02-27,BTCUSDT,54476.48,57588.15,54450.13,57037.34,67194.98562,10.913450760272918,11.115353904977123,0.055990072788323825,0.03893624092940927,0.045937275755513214,0.051753212367562834,0.02747464617654125,0.004132776711224991,0.0018381691366998905,27.724480138257636,2024-02-27,53.345351052614596,0,0,7.6128310304073565,0.6931471805599453,5.6240175061873385,7.6128310304073565,0.6931471805599453,5.356351522119788
2024-02-28,BTCUSDT,57037.35,64000.0,56691.85,62432.1,118763.46984,10.961072096352169,11.684889145695744,0.12062958075330045,0.059359575885382064,0.09037342510456357,0.045937275755513214,0.03713786036270581,0.007734213305554003,0.002802038774348831,27.796263083225238,2024-02-28,54.445904557444216,0,0,7.6128310304073565,0.6931471805599453,5.6240175061873385,7.6128310304073565,0.6931471805599453,5.356351522119788
2024-02-29,BTCUSDT,62432.11,63676.35,60364.7,61130.98,78425.07603,11.06663836234181,11.269899002519677,0.038454252838820466,0.054133245123741666,-0.021060790861507746,0.09037342510456357,0.039721335338653074,0.0018687648271558655,0.0026867433532079535,27.82746500611011,2024-02-29,54.79335613848391,0,0,7.6128310304073565,0.6931471805599453,5.6240175061873385,7.6128310304073565,0.6931471805599453,5.356351522119788
2024-03-01,BTCUSDT,61130.99,63114.23,60777.0,62387.9,47737.93473,11.061568501036339,10.773481638169446,0.03683335520845996,0.04980827264492124,0.02035257099534111,-0.021060790861507746,0.039439168754662024,0.0018891359060040384,0.0026580685783082754,27.826389681636233,2024-03-01,54.44502748435666,0,0,7.6128310304073565,1.0986122886681098,5.442417710521793,7.6128310304073565,1.0986122886681098,5.231844393163622
2024-03-02,BTCUSDT,62387.9,62433.19,61561.12,61987.28,25534.73659,11.052701538160074,10.147795023383345,0.010111491422748841,0.03988407733937814,-0.006442143609634661,0.02035257099534111,0.04098857755720463,0.000634831861974958,0.002585050569075016,27.830357127466424,2024-03-02,53.85923514733999,0,0,7.6128310304073565,1.0986122886681098,5.442417710521793,7.6128310304073565,1.0986122886681098,5.231844393163622
2024-03-03,BTCUSDT,61987.28,63231.88,61320.0,63113.97,28994.90903,11.041852303979267,10.27487554286813,0.03037178909520164,0.03750600527833402,0.018012936948412033,-0.006442143609634661,0.03972743382675177,0.0017531051226128914,0.002582959948696107,27.83553024711384,2024-03-03,53.78203801206723,0,0,7.6128310304073565,1.0986122886681098,5.442417710521793,7.6128310304073565,1.0986122886681098,5.231844393163622
2024-03-04,BTCUSDT,63113.97,68499.0,62300.0,68245.71,84835.16005,11.05456388333246,11.348465359078666,0.09460390697960287,0.05178048070365123,0.07817243529189463,0.018012936948412033,0.04502770795187668,0.006888370613860791,0.003030423110206252,27.884567972566707,2024-03-04,54.36905676743879,0,0,7.6128310304073565,1.0986122886681098,5.442417710521793,7.6128310304073565,1.0986122886681098,5.231844393163622
2024-03-05,BTCUSDT,68245.71,69000.0,59005.0,63724.01,132696.7813,11.134574425603612,11.795821964562679,0.11364038358555724,0.06724545642412773,-0.06855316030923639,0.07817243529189463,0.04891686603095595,0.005811647591425643,0.0025521764062596455,27.87795898802778,2024-03-05,54.49707898581738,0,0,7.6128310304073565,1.0986122886681098,5.442417710521793,7.6128310304073565,1.0986122886681098,5.231844393163622
2024-03-06,BTCUSDT,63724.01,67641.1,62779.14,66074.04,78738.85491,11.141861783579396,11.273892021719897,0.07220767301897496,0.06848601057283954,0.03621451680304252,-0.06855316030923639,0.048773876255775644,0.0032122461997394387,0.0024760354016501594,27.877641841807108,2024-03-06,53.893197479523856,0,0,7.6128310304073565,1.0986122886681098,5.442417710521793,7.6128310304073565,1.0986122886681098,5.231844393163622
2024-03-07,BTCUSDT,66074.04,67980.0,65551.0,66823.17,53059.8869,11.121971065446811,10.87917649614027,0.03445963271120384,0.059979416107430614,0.011273945248864211,0.03621451680304252,0.048639289028567304,0.0010362866392381812,0.0025991180787393662,27.900734744232025,2024-03-07,53.48004347433904,0,0,7.6128310304073565,1.0986122886681098,5.442417710521793,7.6128310304073565,1.0986122886681098,5.231844393163622
2024-03-08,BTCUSDT,66823.18,69990.0,66082.66,68124.19,74261.932842,11.126968823250108,11.215353755428975,0.05476258413253239,0.05867520811370606,0.019282486315176334,0.011273945248864211,0.047874863049880825,0.001719293634036495,0.002414296148485515,27.918548491947266,2024-03-08,53.410321892098054,0,0,7.6128310304073565,1.0986122886681098,5.442417710521793,7.6128310304073565,1.0986122886681098,5.231844393163622
2024-03-09,BTCUSDT,68124.2,68541.1,67861.1,68313.27,19872.89743,11.156107653683586,9.897112144240875,0.009302099055071317,0.046331930849047374,0.0027716745979517753,0.019282486315176334,0.04813339923045811,0.00028004882207630755,0.0026763631920851813,27.92589851201768,2024-03-09,53.3729828608626,0,0,7.6128310304073565,1.0986122886681098,5.442417710521793,7.6128310304073565,1.0986122886681098,5.231844393163622
2024-03-10,BTCUSDT,68313.28,69887.61,68094.75,68955.88,38404.66835,11.135188844322284,10.555934302801171,0.02514729443085787,0.0410357717445,0.009362842188647231,0.0027716745979517753,0.03629718013002893,0.0008869742762762993,0.002051998369972824,27.93479799084652,2024-03-10,53.565038949844364,0,0,7.6128310304073565,1.0986122886681098,5.442417710521793,7.6128310304073565,1.0986122886681098,5.231844393163622
2024-03-11,BTCUSDT,68955.88,72800.0,67024.96,72078.1,75292.825726,11.154643659291809,11.229140133365815,0.08092046814297188,0.05100694584411797,0.044283373561153284,0.009362842188647231,0.016355556758965512,0.00394361215865242,0.0014359824578723337,27.954661227676056,2024-03-11,53.70060672514067,0,0,7.6128310304073565,1.0986122886681098,5.442417710521793,7.6128310304073565,1.0986122886681098,5.231844393163622
2024-03-12,BTCUSDT,72078.1,73000.0,68620.82,71452.01,68783.546691,11.195471234184778,11.138719848388108,0.05266444348702988,0.05142132025484594,-0.008724217811494954,0.044283373561153284,0.017949245846684763,0.0007832334352818329,0.0013108558180768093,27.968733009829926,2024-03-12,53.66884743360082,0,0,7.6128310304073565,1.0986122886681098,5.442417710521793,7.6128310304073565,1.0986122886681098,5.231844393163622
2024-03-13,BTCUSDT,71452.0,73650.25,71333.31,73072.41,52659.711647,11.198214720130528,10.871605957285214,0.03175863958836907,0.04650565008822673,0.022424831790492365,-0.008724217811494954,0.018303398495030498,0.0020626972572957516,0.0013143563425883356,27.98346028296168,2024-03-13,53.66060651334868,0,0,7.6128310304073565,1.0986122886681098,5.442417710521793,7.6128310304073565,1.0986122886681098,5.231844393163622
2024-03-14,BTCUSDT,73072.4,73777.0,68555.0,71388.94,71757.628746,11.207082816318145,11.181049451955936,0.05735307850099971,0.04921750719141997,-0.02330791194500903,0.022424831790492365,0.02372087993527561,0.002084590721574146,0.0013286672082061667,27.974731070858983,2024-03-14,53.5110582638263,0,0,7.6128310304073565,1.0986122886681098,5.442417710521793,7.6128310304073565,1.0986122886681098,5.231844393163622
2024-03-15,BTCUSDT,71388.94,72419.71,65600.0,69499.85,103334.03546,11.208802308898107,11.545722082544328,0.07938193508778402,0.05675861416551098,-0.02681836109117046,-0.02330791194500903,0.02771542422711915,0.0023227963482436867,0.0011498770419119662,27.946156012756873,2024-03-15,53.41726092064235,0,0,7.6128310304073565,1.0986122886681098,5.442417710521793,7.6128310304073565,1.0986122886681098,5.231844393163622
2024-03-16,BTCUSDT,69499.84,70043.0,64780.0,65300.63,55926.95336,11.190233778892946,10.931801713955775,0.03422064168502175,0.051124121045388674,-0.062322910279710986,-0.02681836109117046,0.03792682701197571,0.005701064829976582,0.0017362558506056067,27.912431034330297,2024-03-16,53.34060121230416,0,0,7.6128310304073565,1.0986122886681098,5.442417710521793,7.6128310304073565,1.0986122886681098,5.231844393163622
2024-03-17,BTCUSDT,65300.64,68904.4,64533.0,68393.48,49742.21589,11.156864618149543,10.814609265822275,0.06486846200831049,0.05456020628611913,0.046275814432356635,-0.062322910279710986,0.03849198909038761,0.004279009374717166,0.0017845356585907586,27.90261445008275,2024-03-17,53.48406391533801,0,0,7.6128310304073565,1.0986122886681098,5.442417710521793,7.6128310304073565,1.0986122886681098,5.231844393163622
2024-03-18,BTCUSDT,68393.47,68956.0,66565.2,67609.99,55691.08088,11.140475315630379,10.927575285265897,0.026665007592562653,0.04758640661273001,-0.01152174525222046,0.046275814432356635,0.038508620006517204,0.0010543734498682162,0.0017234430349656815,27.9186921051421,2024-03-18,53.6653650317126,0,0,7.6128310304073565,1.0986122886681098,5.442417710521793,7.6128310304073565,1.0986122886681098,5.231844393163622
2024-03-19,BTCUSDT,67610.0,68124.11,61555.0,61937.4,101005.32487,11.14122389901487,11.522928515918816,0.03673149451456324,0.04487267858818832,-0.08763155563733493,-0.01152174525222046,0.04592305506387097,0.007604972600174754,0.0024889510409704238,27.87290565728481,2024-03-19,53.87847508223942,0,0,7.6128310304073565,1.0986122886681098,5.442417710521793,7.6128310304073565,1.0986122886681098,5.231844393163622
2024-03-20,BTCUSDT,61937.41,68100.0,60775.0,67840.51,90420.58592,11.129086467660024,11.412227240809907,0.11348045167804627,0.0620246218606528,0.09103531158594273,-0.08763155563733493,0.06694933923432832,0.007976997799378039,0.002800270038459138,27.87061458535122,2024-03-20,53.90283398331866,0,0,7.6128310304073565,1.0986122886681098,5.442417710521793,7.6128310304073565,1.0986122886681098,5.231844393163622
2024-03-21,BTCUSDT,67840.51,68240.47,64529.01,65501.27,53357.48002,11.128732492137603,10.884769453462328,0.03281965711350523,0.05472338067386591,-0.03508997737785613,0.09103531158594273,0.0674850754358319,0.0032237685444678286,0.0026600160848731535,27.899382769637683,2024-03-21,53.58276010086534,0,0,7.6128310304073565,1.0986122886681098,5.442417710521793,7.6128310304073565,1.0986122886681098,5.231844393163622
2024-03-22,BTCUSDT,65501.28,66649.62,62260.0,63796.64,51482.37821,11.13079306959788,10.848994857418472,0.04920819109124098,0.05334458327820968,-0.026369007379098856,-0.03508997737785613,0.06336727783833687,0.0024305484264349063,0.002811834999096942,27.8693517753334,2024-03-22,53.247292031718175,0,0,7.6128310304073565,1.0986122886681098,5.442417710521793,7.6128310304073565,1.0986122886681098,5.231844393163622
2024-03-23,BTCUSDT,63796.64,65999.0,63000.0,63990.01,26410.11409,11.107204624165245,10.18150232523641,0.0421219743840892,0.05053893105467956,0.003026453038660462,-0.026369007379098856,0.05881682857557728,0.00029725014462344477,0.00328428963853995,27.86403237160166,2024-03-23,53.25045164200157,0,0,7.6128310304073565,1.0986122886681098,5.442417710521793,7.6128310304073565,1.0986122886681098,5.231844393163622
2024-03-24,BTCUSDT,63990.02,67628.69,63772.29,67209.99,31395.78015,11.097394869378626,10.354428772737794,0.05853299448296595,0.05253744691175116,0.04909491976870599,0.003026453038660462,0.06372903684416387,0.004741441642630074,0.0030091711914802524,27.88643048530607,2024-03-24,53.37660508691623,0,0,7.6128310304073565,1.0986122886681098,5.442417710521793,7.6128310304073565,1.0986122886681098,5.231844393163622
2024-03-25,BTCUSDT,67210.0,71150.0,66385.06,69880.01,53431.14486,11.121787580279356,10.886149092010296,0.06769485527856396,0.05632679900345436,0.038957731173826136,0.04909491976870599,0.04842508765242476,0.0035786512608410354,0.002561587479095686,27.931082194131598,2024-03-25,53.6501124382782,0,0,7.6128310304073565,1.0986122886681098,5.442417710521793,7.6128310304073565,1.0986122886681098,5.231844393163622
2024-03-26,BTCUSDT,69880.0,71561.1,69280.0,69988.0,38934.38417,11.172545603517998,10.56963305101172,0.02928795373522955,0.049567087686398156,0.0015441704140665396,0.038957731173826136,0.0337766845126382,0.0001460949880297625,0.001846764078000268,27.953309799360603,2024-03-26,53.77593488691251,0,0,7.6128310304073565,1.0986122886681098,5.442417710521793,7.6128310304073565,1.0986122886681098,5.231844393163622
2024-03-27,BTCUSDT,69987.99,71769.54,68359.18,69469.99,49119.35685,11.178306909220554,10.802008469290678,0.0400414694423626,0.04718568312538927,-0.007428938024621631,0.0015441704140665396,0.028682178999312104,0.0006877367339362452,0.0019104469742245384,27.949228269343116,2024-03-27,53.893255151275326,0,0,7.6128310304073565,1.0986122886681098,5.442417710521793,7.6128310304073565,1.0986122886681098,5.231844393163622
2024-03-28,BTCUSDT,69469.99,71552.06,68903.62,70780.6,35439.03239,11.181215431040334,10.475569101581053,0.036521223802812204,0.044519568294745,0.01869009109453202,-0.007428938024621631,0.022562828247238625,0.0017841599738682616,0.0018981639857536502,27.952769004451202,2024-03-28,53.985948156910524,0,0,7.6128310304073565,1.0986122886681098,5.442417710521793,7.6128310304073565,1.0986122886681098,5.231844393163622
2024-03-29,BTCUSDT,70780.6,70916.16,69009.0,69850.54,25445.08353,11.17818057562535,10.144277821784296,0.018957899471025982,0.03812915108881525,-0.01322713532737063,0.01869009109453202,0.02541655170016763,0.0013039011312334192,0.001771328416331492,27.952714554093358,2024-03-29,53.815665007486984,0,0,7.6128310304073565,1.0986122886681098,5.442417710521793,7.6128310304073565,1.0986122886681098,5.231844393163622
2024-03-30,BTCUSDT,69850.53,70321.1,69540.0,69582.18,13644.61142,11.169253613206148,9.52109995490623,0.008814649438480657,0.0308005256762316,-0.0038493164497219014,-0.01322713532737063,0.019564485760207074,0.00040429325056485154,0.0012596427684864544,27.948687565939895,2024-03-30,53.72095795807247,0,0,7.6128310304073565,1.0986122886681098,5.442417710521793,7.6128310304073565,1.0986122886681098,5.231844393163622
2024-03-31,BTCUSDT,69582.17,71366.0,69562.99,71280.01,19396.34433,11.160827175012594,9.872839890697074,0.025582397069343572,0.029495993524509594,0.024107423379159526,-0.0038493164497219014,0.014914794859605602,0.002441792194146219,0.0008796883202306897,27.957694299339302,2024-03-31,53.67304209733653,0,0,7.6128310304073565,1.0986122886681098,5.442417710521793,7.6128310304073565,1.0986122886681098,5.231844393163622
2024-04-01,BTCUSDT,71280.0,71288.23,68062.86,69649.8,41445.32039,11.175576844436794,10.632130256481933,0.032707840570033946,0.03029895528589068,-0.02313609473301786,0.024107423379159526,0.018476033332650972,0.002176054485310018,0.0008144647196493688,27.951884783627236,2024-04-01,53.78433041910359,0,0,7.6128310304073565,1.3862943611198906,5.5909869805108565,7.6128310304073565,1.3862943611198906,5.271552291264663
2024-04-02,BTCUSDT,69649.81,69674.23,64550.0,65463.99,71799.82793,11.174486515636806,11.181637358515339,0.03310448369016968,0.031000337386960432,-0.06197960825197718,-0.02313609473301786,0.031333874797951265,0.005542981431496418,0.0017550391155783038,27.912172645008877,2024-04-02,53.92700211342913,0,0,7.6128310304073565,1.3862943611198906,5.5909869805108565,7.6128310304073565,1.3862943611198906,5.271552291264663
2024-04-03,BTCUSDT,65463.99,66903.63,64493.07,65963.28,39887.21778,11.151585800979431,10.593811195161907,0.03369043912301067,0.031672862820972994,0.007598003093028574,-0.06197960825197718,0.02958837418134754,0.0007172114882034626,0.0018653683067829385,27.887500129488256,2024-04-03,53.928211052639675,0,0,7.6128310304073565,1.3862943611198906,5.5909869805108565,7.6128310304073565,1.3862943611198906,5.271552291264663
2024-04-04,BTCUSDT,65963.27,69309.91,65064.52,68487.79,41510.48453,11.11100850473398,10.63370131358797,0.06190006500281028,0.03922966336643231,0.03755725764251874,0.007598003093028574,0.03571082767861997,0.003531908273041982,0.0018972332549740355,27.910041895353565,2024-04-04,54.31622816525159,0,0,7.6128310304073565,1.3862943611198906,5.5909869805108565,7.6128310304073565,1.3862943611198906,5.271552291264663
2024-04-05,BTCUSDT,68487.8,68756.67,65952.56,67820.62,37915.23073,11.146343176397265,10.543108176570826,0.03488097878551166,0.038142492221202154,-0.009789202703133824,0.03755725764251874,0.03581183343030719,0.0009284930533946004,0.001792304555921821,27.91879332549217,2024-04-05,54.521765116544515,0,0,7.6128310304073565,1.3862943611198906,5.5909869805108565,7.6128310304073565,1.3862943611198906,5.271552291264663
2024-04-06,BTCUSDT,67820.63,69692.0,67447.83,68896.0,20134.28919,11.138329029004677,9.910179570452335,0.031749136064137685,0.03654415318193604,0.015731842680183246,-0.009789202703133824,0.03462796227413641,0.0015874427469597496,0.0018366208540078048,27.92916317103963,2024-04-06,54.56219078515021,0,0,7.6128310304073565,1.3862943611198906,5.5909869805108565,7.6128310304073565,1.3862943611198906,5.271552291264663
2024-04-07,BTCUSDT,68896.0,70326.29,68824.0,69360.39,21534.74433,11.151840812542796,9.97742292511683,0.02125570243020474,0.032722040494003214,0.006717834111896003,0.015731842680183246,0.03374998699320883,0.000673303533619363,0.001972965078907559,27.941965465995935,2024-04-07,54.46333663024238,0,0,7.6128310304073565,1.3862943611198906,5.5909869805108565,7.6128310304073565,1.3862943611198906,5.271552291264663
2024-04-08,BTCUSDT,69360.38,72797.99,69043.24,71620.0,45723.87624,11.160900976595435,10.730375896467175,0.052244683049882765,0.0376027011329731,0.03205840927643814,0.006717834111896003,0.017539900534591084,0.0029876315224886874,0.0012355761324607686,27.961195723241826,2024-04-08,54.27299386126787,0,0,7.6128310304073565,1.3862943611198906,5.5909869805108565,7.6128310304073565,1.3862943611198906,5.271552291264663
2024-04-09,BTCUSDT,71620.0,71758.19,68210.0,69146.0,39293.90242,11.195443623913507,10.578824631112237,0.02761555934768547,0.035105915686651196,-0.03515415339654028,0.03205840927643814,0.027175253745816183,0.0033230679798918494,0.0012628278258480497,27.953932983637934,2024-04-09,54.121681938655826,0,0,7.6128310304073565,1.3862943611198906,5.5909869805108565,7.6128310304073565,1.3862943611198906,5.271552291264663
2024-04-10,BTCUSDT,69146.0,71172.08,67518.0,70631.08,42006.02377,11.181057273449133,10.645568310076635,0.050952547378647045,0.03906757360965016,0.02125006308303191,-0.03515415339654028,0.024270605133602928,0.0019961417243377715,0.001073505608797642,27.945441137304083,2024-04-10,54.39959025921142,0,0,7.6128310304073565,1.3862943611198906,5.5909869805108565,7.6128310304073565,1.3862943611198906,5.271552291264663
2024-04-11,BTCUSDT,70631.08,71305.89,69567.21,70006.23,31917.25595,11.172855885663639,10.370902081389719,0.018171503829006164,0.03384355616448916,-0.00888603616768445,0.02125006308303191,0.024162084355622858,0.0008568238421255739,0.0010870051949905413,27.95652284406393,2024-04-11,54.498641597191245,0,0,7.6128310304073565,1.3862943611198906,5.5909869805108565,7.6128310304073565,1.3862943611198906,5.271552291264663
2024-04-12,BTCUSDT,70006.22,71227.46,65086.86,67116.52,56072.86229,11.174734211686129,10.934407236325578,0.061616362502569834,0.040786757749009334,-0.04215402471169341,-0.00888603616768445,0.03000682407133575,0.0038551723747449287,0.001323431604376826,27.928493156373523,2024-04-12,55.24756677121995,0,0,7.6128310304073565,1.3862943611198906,5.5909869805108565,7.6128310304073565,1.3862943611198906,5.271552291264663
2024-04-13,BTCUSDT,67116.52,67929.0,60660.57,63924.51,71395.22019,11.17363369720421,11.17598620196917,0.08162226214377849,0.05099563384770162,-0.04872735746222276,-0.04215402471169341,0.0341622123379499,0.004360005155843622,0.0012823485570284756,27.87662045781196,2024-04-13,56.09270151457314,0,0,7.6128310304073565,1.3862943611198906,5.5909869805108565,7.6128310304073565,1.3862943611198906,5.271552291264663
2024-04-14,BTCUSDT,63924.52,65840.0,62134.0,65661.84,61599.17818,11.126218321040632,11.02840380819885,0.05726599000193287,0.052563222886259434,0.026815078915186055,-0.04872735746222276,0.03280050927911241,0.002431456027684706,0.0012944856640955502,27.868875989285723,2024-04-14,55.99195262854041,0,0,7.6128310304073565,1.3862943611198906,5.5909869805108565,7.6128310304073565,1.3862943611198906,5.271552291264663
2024-04-15,BTCUSDT,65661.85,66867.07,62274.4,63419.99,52389.53069,11.094982835350951,10.866462054354889,0.047536906263834645,0.05130664373065324,-0.03473882339914055,0.026815078915186055,0.03274853993301007,0.0031968844344529295,0.0012853546208072746,27.871542250989997,2024-04-15,55.517078248382724,0,0,7.6128310304073565,1.3862943611198906,5.5909869805108565,7.6128310304073565,1.3862943611198906,5.271552291264663
2024-04-16,BTCUSDT,63419.99,64365.0,61600.0,63793.39,53435.29331,11.110461897727959,10.886226730042837,0.04084343559533265,0.04869084169682309,0.005870468536476564,-0.03473882339914055,0.029875295976405584,0.0005392565010864387,0.0015698046118376773,27.851301905158635,2024-04-16,55.625243458251845,0,0,7.6128310304073565,1.3862943611198906,5.5909869805108565,7.6128310304073565,1.3862943611198906,5.271552291264663
2024-04-17,BTCUSDT,63793.4,64499.0,59678.16,61277.37,50610.54509,11.072325286093735,10.83191523455123,0.0511657292824216,0.04930956359322272,-0.040238973210926274,0.005870468536476564,0.030902813761525438,0.0037148530374917937,0.0013789579002719294,27.83568880653396,2024-04-17,55.55245237591248,0,0,7.6128310304073565,1.3862943611198906,5.5909869805108565,7.6128310304073565,1.3862943611198906,5.271552291264663
2024-04-18,BTCUSDT,61277.38,64117.09,60803.35,63470.08,43601.60918,11.074404998787708,10.682849336454215,0.052318660589156546,0.05006183784220618,0.035158006998813135,-0.040238973210926274,0.03652348863481412,0.0032910701903133424,0.001328634532712721,27.837016862285374,2024-04-18,55.47352080848435,0,0,7.6128310304073565,1.3862943611198906,5.5909869805108565,7.6128310304073565,1.3862943611198906,5.271552291264663
2024-04-19,BTCUSDT,63470.09,65450.0,59600.01,63818.01,69774.30271,11.068466222037975,11.153021064947207,0.08472365177614961,0.05872729132569204,0.005466825160537417,0.035158006998813135,0.03112870035143819,0.0004901654115689859,0.0014267679269194288,27.847991636215337,2024-04-19,55.602205286853966,0,0,7.6128310304073565,1.3862943611198906,5.5909869805108565,7.6128310304073565,1.3862943611198906,5.271552291264663
2024-04-20,BTCUSDT,63818.01,65419.0,63090.07,64940.59,23137.42975,11.089041771338046,10.049206920680493,0.035068671514976626,0.052812636373013186,0.01743741302682119,0.005466825160537417,0.029698908782192328,0.0017352029035183202,0.0014399734360214737,27.867513121109152,2024-04-20,55.350529745356404,0,0,7.6128310304073565,1.3862943611198906,5.5909869805108565,7.6128310304073565,1.3862943611198906,5.271552291264663
2024-04-21,BTCUSDT,64940.58,65695.56,64237.5,64941.15,19316.42152,11.088568015130239,9.868710869078791,0.019442610219456757,0.044470129834624075,8.623229100669178e-06,0.01743741302682119,0.02502014697125599,8.737948872013235e-07,0.0015658747212624656,27.87729777696901,2024-04-21,55.092981186132405,0,0,7.6128310304073565,1.3862943611198906,5.5909869805108565,7.6128310304073565,1.3862943611198906,5.271552291264663
2024-04-22,BTCUSDT,64941.15,67232.35,64500.0,66819.32,31397.99371,11.092786622280402,10.354499275269012,0.04097998276904196,0.043597593068228545,0.028510785110948657,8.623229100669178e-06,0.02699679330514628,0.0027534682608018187,0.0015179912231845795,27.89125517289464,2024-04-22,55.229555143858505,0,0,7.6128310304073565,1.3862943611198906,5.5909869805108565,7.6128310304073565,1.3862943611198906,5.271552291264663
2024-04-23,BTCUSDT,66819.32,67183.01,65765.81,66414.0,22599.90004,11.115909809485531,10.025700762241746,0.01648017215349552,0.03681823783954529,-0.006084382651452649,0.028510785110948657,0.016370407596657872,0.0006068785410359866,0.001333922949752601,27.9016951478128,2024-04-23,55.033469008060706,0,0,7.6128310304073565,1.3862943611198906,5.5909869805108565,7.6128310304073565,1.3862943611198906,5.271552291264663
2024-04-24,BTCUSDT,66414.0,67070.43,63606.06,64289.59,33595.69637,11.115175667164058,10.42215325352162,0.031358715763500945,0.0354533573205342,-0.03251015685090299,-0.006084382651452649,0.021039550875828584,0.0031193320670004437,0.0012883428813843488,27.88316148985012,2024-04-24,54.89106460132967,0,0,7.6128310304073565,1.3862943611198906,5.5909869805108565,7.6128310304073565,1.3862943611198906,5.271552291264663
2024-04-25,BTCUSDT,64289.58,65297.94,62794.0,64498.34,31341.46338,11.113498540285397,10.352697208502091,0.03519762754424352,0.03538942487646153,0.0032417662557915235,-0.03251015685090299,0.02098869410654831,0.00031313252870268844,0.0013164686150907092,27.865282038304855,2024-04-25,54.880714242614346,0,0,7.6128310304073565,1.3862943611198906,5.5909869805108565,7.6128310304073565,1.3862943611198906,5.271552291264663
2024-04-26,BTCUSDT,64498.33,64820.01,63297.48,63770.01,27085.19346,11.086715768059412,10.206742490765402,0.01606329361850814,0.030557892061973183,-0.011356469895713836,0.0032417662557915235,0.019955592672981765,0.001112643912197124,0.0013113207697066807,27.863575125968815,2024-04-26,54.94338522737996,0,0,7.6128310304073565,1.3862943611198906,5.5909869805108565,7.6128310304073565,1.3862943611198906,5.271552291264663
2024-04-27,BTCUSDT,63770.0,63923.41,62391.24,63461.98,20933.06052,11.079369630968898,9.94908503121918,0.02074201426085699,0.028103922611694136,-0.004842030716018614,-0.011356469895713836,0.0199059852463887,0.00048668100642670475,0.0012259703452703725,27.852515667454426,2024-04-27,54.723734124701714,0,0,7.6128310304073565,1.3862943611198906,5.5909869805108565,7.6128310304073565,1.3862943611198906,5.271552291264663
2024-04-28,BTCUSDT,63461.98,64370.0,62781.0,63118.62,16949.20005,11.065440926952125,9.737975917004626,0.020321460127155775,0.026158306990559547,-0.005425173243951366,-0.004842030716018614,0.012208469571995137,0.0005571150812231763,0.0010567727665059155,27.852908665084776,2024-04-28,54.373394809671126,0,0,7.6128310304073565,1.3862943611198906,5.5909869805108565,7.6128310304073565,1.3862943611198906,5.271552291264663
2024-04-29,BTCUSDT,63118.62,64228.35,61765.53,63866.0,28150.22947,11.072402965046662,10.245310785222001,0.03749867517399794,0.028993399036419145,0.01177132522006203,-0.005425173243951366,0.015051634990114495,0.001148947598255504,0.0010360632382677107,27.85012401888927,2024-04-29,54.632201638834644,0,0,7.6128310304073565,1.3862943611198906,5.5909869805108565,7.6128310304073565,1.3862943611198906,5.271552291264663
2024-04-30,BTCUSDT,63866.0,64734.0,59191.6,60672.0,54947.65535,11.070199980991466,10.91413629013162,0.05555069890461517,0.035632724003468154,-0.051304831768252054,0.01177132522006203,0.021927487547272945,0.00470076883817559,0.001659245461727371,27.83212519048984,2024-04-30,54.898805229859725,0,0,7.6128310304073565,1.3862943611198906,5.5909869805108565,7.6128310304073565,1.3862943611198906,5.271552291264663
2024-05-01,BTCUSDT,60672.01,60841.63,56552.82,58364.97,81166.46823,11.078041844779396,11.304257488028755,0.049210059756514185,0.03902705794172966,-0.03876642553474422,-0.051304831768252054,0.02362757547016062,0.0034293650490355506,0.0017417159954458386,27.782218075411855,2024-05-01,54.39801745270985,0,0,7.6128310304073565,1.6094379124341003,5.673323267171493,7.6128310304073565,1.6094379124341003,5.371082171806837
2024-05-02,BTCUSDT,58364.97,59625.0,56911.84,59060.61,47583.81961,11.016029537598826,10.770248058272534,0.043921741872180564,0.04025072892434239,0.011848323644138173,-0.03876642553474422,0.026404103667136768,0.0011000975632160651,0.0017428660110961084,27.771340998818555,2024-05-02,54.088058006592405,0,0,7.6128310304073565,1.6094379124341003,5.673323267171493,7.6128310304073565,1.6094379124341003,5.371082171806837
2024-05-03,BTCUSDT,59060.6,63333.0,58811.32,62882.01,43628.40143,10.995830228190643,10.683463626207367,0.07386784743930883,0.048655008553083995,0.06269590851696512,0.011848323644138173,0.04089041393677119,0.005868500208412484,0.0021941233933383867,27.814379266277257,2024-05-03,54.444284421279875,0,0,7.6128310304073565,1.6094379124341003,5.673323267171493,7.6128310304073565,1.6094379124341003,5.371082171806837
2024-05-04,BTCUSDT,62882.01,64540.0,62541.03,63892.04,24368.69282,11.056161799302767,10.101054506280347,0.030578030737777127,0.04413576409925728,0.01593467072506892,0.06269590851696512,0.04140999356766097,0.0015775254667878004,0.0020179012989449035,27.854329398823566,2024-05-04,54.88411611032582,0,0,7.6128310304073565,1.6094379124341003,5.673323267171493,7.6128310304073565,1.6094379124341003,5.371082171806837
2024-05-05,BTCUSDT,63892.03,64646.0,62822.17,64012.0,18526.75029,11.075040465605953,9.826970928292182,0.025545498423004333,0.03948819768019404,0.0018757817997593531,0.01593467072506892,0.04114059919632014,0.00019088097578053413,0.0022188095536807054,27.860389392533005,2024-05-05,54.93664841506807,0,0,7.6128310304073565,1.6094379124341003,5.673323267171493,7.6128310304073565,1.6094379124341003,5.371082171806837
2024-05-06,BTCUSDT,64012.0,65500.0,62700.0,63165.19,34674.91949,11.07668151066948,10.453771923334626,0.03401510951378084,0.03811992563859074,-0.013317207511333138,0.0018757817997593531,0.033877670633318646,0.0012739141057408023,0.002071282876479139,27.8601730334086,2024-05-06,54.81877250015424,0,0,7.6128310304073565,1.6094379124341003,5.673323267171493,7.6128310304073565,1.6094379124341003,5.371082171806837
2024-05-07,BTCUSDT,63165.18,64422.41,62261.0,62312.08,25598.79472,11.089805421623343,10.150300548109296,0.026160994729579307,0.035130192911337885,-0.013598050793730939,-0.013317207511333138,0.028203287941420078,0.0013396697693117922,0.002005964210431192,27.847366212050595,2024-05-07,54.89298388271275,0,0,7.6128310304073565,1.6094379124341003,5.673323267171493,7.6128310304073565,1.6094379124341003,5.371082171806837
2024-05-08,BTCUSDT,62312.07,63020.22,60888.0,61193.03,26121.19004,11.07321683292743,10.170502142842565,0.02246079080030565,0.031962842383579826,-0.018122013335120257,-0.013598050793730939,0.030558781230130554,0.001781820905261155,0.001971159815413807,27.82842392932729,2024-05-08,54.85968106842743,0,0,7.6128310304073565,1.6094379124341003,5.673323267171493,7.6128310304073565,1.6094379124341003,5.371082171806837
2024-05-09,BTCUSDT,61193.03,63429.03,60630.0,63074.01,30660.8061,11.051210906260424,10.330740443665315,0.04455333058867094,0.035110464434852606,0.030275504659909153,-0.018122013335120257,0.01930363571405337,0.002930622913720935,0.0008855780117988887,27.83184322492875,2024-05-09,54.806077572548745,0,0,7.6128310304073565,1.6094379124341003,5.673323267171493,7.6128310304073565,1.6094379124341003,5.371082171806837
2024-05-10,BTCUSDT,63074.0,63469.13,60187.12,60799.99,36529.34025,11.057676922062644,10.505871059128015,0.02839422365852431,0.03343140424077053,-0.03671917430504504,0.030275504659909153,0.022578631027703636,0.0034951099340917212,0.0012018717638168038,27.828805352239115,2024-05-10,54.778798003251296,0,0,7.6128310304073565,1.6094379124341003,5.673323267171493,7.6128310304073565,1.6094379124341003,5.371082171806837
2024-05-11,BTCUSDT,60799.99,61515.0,60487.09,60825.99,13374.56936,11.058308924943296,9.501110373862684,0.01502802157913713,0.02883055857536218,0.0004275402409262431,-0.03671917430504504,0.022455915970130944,4.499897634095438e-05,0.0012425784655491093,27.812800853332384,2024-05-11,54.7098302527699,0,0,7.6128310304073565,1.6094379124341003,5.673323267171493,7.6128310304073565,1.6094379124341003,5.371082171806837
2024-05-12,BTCUSDT,60825.99,61888.0,60610.0,61483.99,12753.13236,11.027036326494269,9.453532195707457,0.020300456522831745,0.02669803306222957,0.01075965097938284,0.0004275402409262431,0.023549446710815474,0.0011381619860847832,0.0012554832290534626,27.817607814661397,2024-05-12,54.82164556031673,0,0,7.6128310304073565,1.6094379124341003,5.673323267171493,7.6128310304073565,1.6094379124341003,5.371082171806837
2024-05-13,BTCUSDT,61484.0,63450.0,60749.21,62940.08,32733.41839,11.033081578812967,10.396151804143576,0.04236830119830796,0.030615600096249168,0.023406346968515828,0.01075965097938284,0.02545726467223221,0.002251443361878075,0.001245446952863213,27.833028176057407,2024-05-13,55.17473999194672,0,0,7.6128310304073565,1.6094379124341003,5.673323267171493,7.6128310304073565,1.6094379124341003,5.371082171806837
2024-05-14,BTCUSDT,62940.09,63118.36,61142.77,61577.49,29088.72041,11.058007473142533,10.278105763240927,0.01718138531925636,0.027257046402000967,-0.021886781008613777,0.023406346968515828,0.026081439279034505,0.002129456683243194,0.0012446824433139181,27.83375777472086,2024-05-14,55.39220942010944,0,0,7.6128310304073565,1.6094379124341003,5.673323267171493,7.6128310304073565,1.6094379124341003,5.371082171806837
2024-05-15,BTCUSDT,61577.49,66444.16,61319.47,66206.5,43559.74719,11.052766972926191,10.681888773311046,0.08017070269456815,0.04048546047514276,0.07248226375544757,-0.021886781008613777,0.03834908896756576,0.006785528785559557,0.0023374257935682677,27.86054984063546,2024-05-15,55.74965615669949,0,0,7.6128310304073565,1.6094379124341003,5.673323267171493,7.6128310304073565,1.6094379124341003,5.371082171806837
2024-05-16,BTCUSDT,66206.51,66752.01,64602.77,65235.21,31106.3671,11.10411717465093,10.345167807116555,0.022526344219481596,0.03599568141122747,-0.014779291590717515,0.07248226375544757,0.03402555557954961,0.00142861786935449,0.002338612242761635,27.888937696683865,2024-05-16,56.020241054393004,0,0,7.6128310304073565,1.6094379124341003,5.673323267171493,7.6128310304073565,1.6094379124341003,5.371082171806837
2024-05-17,BTCUSDT,65235.21,67451.2,65106.38,67024.0,26292.23409,11.10873968816868,10.177028892812567,0.035203888330721474,0.03579773314110097,0.027051410361314365,-0.014779291590717515,0.0339920282847867,0.0026580852472983716,0.0020625070495412347,27.896657867057193,2024-05-17,55.940102838221094,0,0,7.6128310304073565,1.6094379124341003,5.673323267171493,7.6128310304073565,1.6094379124341003,5.371082171806837
2024-05-18,BTCUSDT,67024.0,67400.01,66600.0,66915.2,14441.25774,11.11915965243391,9.57784450976177,0.009836890256994902,0.029307522420074453,-0.0016246180943355483,0.027051410361314365,0.03475388019842191,0.00016962251712060396,0.0022422561255245445,27.90849136244293,2024-05-18,55.802842217044095,0,0,7.6128310304073565,1.6094379124341003,5.673323267171493,7.6128310304073565,1.6094379124341003,5.371082171806837
2024-05-19,BTCUSDT,66915.2,67700.0,65857.25,66274.01,18025.30409,11.11840044526834,9.799531832468542,0.020550204060706952,0.027118192830232576,-0.00962833180615985,-0.0016246180943355483,0.03559283107094844,0.0009825297749693042,0.0023362343271403994,27.904170844934637,2024-05-19,55.8661237050289,0,0,7.6128310304073565,1.6094379124341003,5.673323267171493,7.6128310304073565,1.6094379124341003,5.371082171806837
2024-05-20,BTCUSDT,66274.0,71515.56,66060.31,71446.62,50816.7011,11.122841458900366,10.835980341347275,0.0793273059480659,0.04017047110969091,0.07515278314448008,-0.00962833180615985,0.040655029575416925,0.006935485371611156,0.0029776529460513053,27.935277107200577,2024-05-20,55.57260792884682,0,0,7.6128310304073565,1.6094379124341003,5.673323267171493,7.6128310304073565,1.6094379124341003,5.371082171806837
2024-05-21,BTCUSDT,71446.62,71979.0,69162.94,70148.34,49607.4336,11.177670327383407,10.811895972451229,0.027492711049129093,0.037001031094550454,-0.018338454758227797,0.07515278314448008,0.03597871015729269,0.0016961368112451583,0.0024088717445314616,27.962030437563037,2024-05-21,54.82801080594329,0,0,7.6128310304073565,1.6094379124341003,5.673323267171493,7.6128310304073565,1.6094379124341003,5.371082171806837
2024-05-22,BTCUSDT,70148.34,70666.0,68842.19,69166.62,27673.18026,11.18412968878853,10.228219001485414,0.01675163319363423,0.031938681619321396,-0.014093766386815483,-0.018338454758227797,0.03588662968243516,0.0013779296654450484,0.00241267423705634,27.94854724494616,2024-05-22,54.475263753290236,0,0,7.6128310304073565,1.6094379124341003,5.673323267171493,7.6128310304073565,1.6094379124341003,5.371082171806837
2024-05-23,BTCUSDT,69166.62,70096.12,66312.16,67969.65,40513.17374,11.165719830979276,10.609382477734227,0.04220512735060111,0.034505293052141325,-0.017457094288918538,-0.014093766386815483,0.03619461981666238,0.0016454392445135722,0.002418304399202948,27.929170733967393,2024-05-23,54.23026397397372,0,0,7.6128310304073565,1.6094379124341003,5.673323267171493,7.6128310304073565,1.6094379124341003,5.371082171806837
2024-05-24,BTCUSDT,67969.66,69250.0,66600.12,68549.99,28095.83664,11.157622721990128,10.243376682067142,0.03626986412326115,0.03494643581992128,0.008501978114690344,-0.017457094288918538,0.03620914936577019,0.0008299976051427039,0.0023241880176123387,27.924461643018557,2024-05-24,54.235434430041515,0,0,7.6128310304073565,1.6094379124341003,5.673323267171493,7.6128310304073565,1.6094379124341003,5.371082171806837
2024-05-25,BTCUSDT,68549.99,69610.0,68500.0,69290.57,12130.39418,11.145478424049585,9.403469497700293,0.01596978038681816,0.030202271961645502,0.01074556177134258,0.008501978114690344,0.035623503176115505,0.0011427230953394924,0.0023076519900638408,27.937606272789978,2024-05-25,54.466277539485326,0,0,7.6128310304073565,1.6094379124341003,5.673323267171493,7.6128310304073565,1.6094379124341003,5.371082171806837
2024-05-26,BTCUSDT,69290.56,69562.23,68128.01,68507.67,11872.11797,11.150663514162712,9.381947902183937,0.01324962778036705,0.02596411091632589,-0.011363112097898122,0.01074556177134258,0.013133818409500439,0.0012111676824865985,0.00032682515530853463,27.936402485368166,2024-05-26,54.31817461385943,0,0,7.6128310304073565,1.6094379124341003,5.673323267171493,7.6128310304073565,1.6094379124341003,5.371082171806837
2024-05-27,BTCUSDT,68507.67,70687.56,68250.0,69436.43,23136.92737,11.14997702660875,10.04918520757495,0.034119886248510777,0.028003054749372112,0.013465947937329524,-0.011363112097898122,0.014030292535460126,0.0013400039564579883,0.0002719871068538418,27.94093702090792,2024-05-27,54.118580778354165,0,0,7.6128310304073565,1.6094379124341003,5.673323267171493,7.6128310304073565,1.6094379124341003,5.371082171806837
2024-05-28,BTCUSDT,69436.43,69591.81,67277.91,68398.39,32622.97042,11.166024881664482,10.392771933341253,0.02443760990838813,0.027111693539126118,-0.0150623714003808,0.013465947937329524,0.01420588993919935,0.0014493122236290891,0.00027973934537846323,27.93282784128137,2024-05-28,53.96474857265255,0,0,7.6128310304073565,1.6094379124341003,5.673323267171493,7.6128310304073565,1.6094379124341003,5.371082171806837
2024-05-29,BTCUSDT,68398.4,68935.68,67124.65,67652.42,23159.83149,11.150402166984776,10.050174655753727,0.018855500652958122,0.02504764531758412,-0.010966160005080427,-0.0150623714003808,0.012974490156280142,0.0010911412369139573,0.00021487114547253053,27.923132658286434,2024-05-29,53.879516590235156,0,0,7.6128310304073565,1.6094379124341003,5.673323267171493,7.6128310304073565,1.6094379124341003,5.371082171806837
2024-05-30,BTCUSDT,67652.41,69500.0,67128.0,68352.17,28478.2184,11.140929174922059,10.256894807389417,0.032806527620627274,0.026987365893344908,0.010290184685345129,-0.010966160005080427,0.013247994556597406,0.0010032456097660014,0.00016461471681876653,27.924815729269064,2024-05-30,54.319226030050885,0,0,7.6128310304073565,1.6094379124341003,5.673323267171493,7.6128310304073565,1.6094379124341003,5.371082171806837
2024-05-31,BTCUSDT,68352.17,69044.1,66670.0,67540.01,26690.32184,11.149082031552883,10.192056300774725,0.025990269395119153,0.02673809176878847,-0.011953148002230988,0.010290184685345129,0.012627109766776154,0.0011727906174657215,0.00016274045071344866,27.921688464945923,2024-05-31,54.376627064889114,0,0,7.6128310304073565,1.6094379124341003,5.673323267171493,7.6128310304073565,1.6094379124341003,5.371082171806837
2024-06-01,BTCUSDT,67540.01,67900.0,67428.44,67766.85,8837.66133,11.142500709857307,9.086777565200864,0.0067322954736268046,0.021736642694998053,0.003352974306247208,-0.011953148002230988,0.012399753201684084,0.00036899486998426273,0.0003804345101923243,27.91780130732522,2024-06-01,54.14532902611029,0,0,7.6128310304073565,1.791759469228055,5.793013608384144,7.6128310304073565,1.791759469228055,5.4007158579901935
2024-06-02,BTCUSDT,67766.84,68460.0,67257.47,67765.63,15426.32529,11.125791313546788,9.643830763397247,0.015399240515539758,0.020152292150133477,-1.800306465331948e-05,0.003352974306247208,0.010082328437543064,1.8667959958037994e-06,0.0005469317031027786,27.920308436600223,2024-06-02,54.21325289254459,0,0,7.6128310304073565,1.791759469228055,5.793013608384144,7.6128310304073565,1.791759469228055,5.4007158579901935
2024-06-03,BTCUSDT,67765.62,70288.0,67612.48,68809.9,29633.374,11.134004912084176,10.296656505161403,0.03818397819881105,0.024660213662302873,0.015292495676779325,-1.800306465331948e-05,0.011028407051444353,0.0014851904275056333,0.000554959441115371,27.932133099605096,2024-06-03,54.408187280630116,0,0,7.6128310304073565,1.791759469228055,5.793013608384144,7.6128310304073565,1.791759469228055,5.4007158579901935
2024-06-04,BTCUSDT,68809.89,71063.45,68567.32,70537.84,29619.78489,11.160356366215561,10.296197825472664,0.03538860777151207,0.027342312189605172,0.02480167347858517,0.015292495676779325,0.012792624819630727,0.0024088186628685535,0.000849951109919706,27.948826325263372,2024-06-04,54.579703353663014,0,0,7.6128310304073565,1.791759469228055,5.793013608384144,7.6128310304073565,1.791759469228055,5.4007158579901935
2024-06-05,BTCUSDT,70537.83,71758.0,70383.66,71108.0,28703.18082,11.171328418917167,10.264763225571683,0.01881638957450515,0.025210831535830168,0.008050544645661345,0.02480167347858517,0.012708454036786387,0.0007842893663251527,0.0008582300929960841,27.966188878943907,2024-06-05,54.535081991767974,0,0,7.6128310304073565,1.791759469228055,5.793013608384144,7.6128310304073565,1.791759469228055,5.4007158579901935
2024-06-06,BTCUSDT,71108.0,71700.0,70117.64,70799.06,21842.00449,11.181054625664238,9.991590206324908,0.017907181598489474,0.023384919051494993,-0.004354124285061161,0.008050544645661345,0.01071316430161722,0.0004357789095778668,0.0008871616567202507,27.96591725351849,2024-06-06,54.54374341616666,0,0,7.6128310304073565,1.791759469228055,5.793013608384144,7.6128310304073565,1.791759469228055,5.4007158579901935
2024-06-07,BTCUSDT,70799.06,71997.02,68420.0,69355.6,35598.45045,11.180246026587712,10.480057389207415,0.03632190706752082,0.02661916605550145,-0.020598830454873523,-0.004354124285061161,0.015922069030957116,0.001965526493784913,0.0009293694420014551,27.954793310662673,2024-06-07,54.96673495516696,0,0,7.6128310304073565,1.791759469228055,5.793013608384144,7.6128310304073565,1.791759469228055,5.4007158579901935
2024-06-08,BTCUSDT,69355.6,69582.2,69168.02,69310.46,9773.82967,11.18438000825276,9.187463650831514,0.00500455518095743,0.021215513336865444,-0.00065106056369522,-0.020598830454873523,0.015954988435713365,7.08640151883807e-05,0.0009121398275800133,27.94319794241244,2024-06-08,55.13772676326615,0,0,7.6128310304073565,1.791759469228055,5.793013608384144,7.6128310304073565,1.791759469228055,5.4007158579901935
2024-06-09,BTCUSDT,69310.46,69857.14,69130.24,69648.14,9890.56709,11.150264066487201,9.199336762710006,0.010080243040965012,0.018431695762890336,0.004860162159083764,-0.00065106056369522,0.014985420446677439,0.0005283165824284949,0.0009339615018477026,27.94529492461984,2024-06-09,55.23892681609903,0,0,7.6128310304073565,1.791759469228055,5.793013608384144,7.6128310304073565,1.791759469228055,5.4007158579901935
2024-06-10,BTCUSDT,69648.15,70195.94,69172.29,69540.0,17122.66941,11.1542075785019,9.748158561022239,0.012305903233448285,0.016900247630529823,-0.0015538683361776106,0.004860162159083764,0.010007104527001437,0.00015940121679911047,0.0006906665639320935,27.9476105928524,2024-06-10,55.41133939329446,0,0,7.6128310304073565,1.791759469228055,5.793013608384144,7.6128310304073565,1.791759469228055,5.4007158579901935
2024-06-11,BTCUSDT,69540.0,69590.01,66051.0,67314.24,41436.01588,11.159045753583573,10.631905730419545,0.03182288653858628,0.020630907357543936,-0.032530322415029955,-0.0015538683361776106,0.014331312483240941,0.0030596887557002707,0.0012064206776313806,27.92563416791262,2024-06-11,55.656687118321656,0,0,7.6128310304073565,1.791759469228055,5.793013608384144,7.6128310304073565,1.791759469228055,5.4007158579901935
2024-06-12,BTCUSDT,67314.23,69999.0,66905.0,68263.99,37175.32356,11.150376301537692,10.5234004749892,0.043481558415837805,0.026343570122117403,0.014010590579490376,-0.032530322415029955,0.017226109116439084,0.00133137483580418,0.0011721335794509702,27.925492305503656,2024-06-12,55.646539462861725,0,0,7.6128310304073565,1.791759469228055,5.793013608384144,7.6128310304073565,1.791759469228055,5.4007158579901935
2024-06-13,BTCUSDT,68263.98,68449.3,66251.78,66773.01,29079.55571,11.156236235215168,10.27779065333267,0.017970427943918264,0.02425028457756762,-0.02208343776467173,0.014010590579490376,0.01748512891442906,0.0021486561177922973,0.0011985818309174175,27.915317685039845,2024-06-13,55.567121916022835,0,0,7.6128310304073565,1.791759469228055,5.793013608384144,7.6128310304073565,1.791759469228055,5.4007158579901935
2024-06-14,BTCUSDT,66773.01,67370.24,65078.0,66043.99,28408.18797,11.133848604221646,10.254432691399117,0.026212627486377017,0.024740870304769968,-0.010977921824138023,-0.02208343776467173,0.017322458553394524,0.0010705537941017188,0.0010700915839190587,27.898481175399162,2024-06-14,55.618787060108914,0,0,7.6128310304073565,1.791759469228055,5.793013608384144,7.6128310304073565,1.791759469228055,5.4007158579901935
2024-06-15,BTCUSDT,66043.99,66478.48,65857.1,66228.25,11451.80242,11.117958656364866,9.34590241318758,0.008803690053980393,0.020756575242072573,0.0027860739213107213,-0.010977921824138023,0.0170316558975011,0.00029810646400281455,0.0011102393237078822,27.89591102754859,2024-06-15,55.36169018421034,0,0,7.6128310304073565,1.791759469228055,5.793013608384144,7.6128310304073565,1.791759469228055,5.4007158579901935
2024-06-16,BTCUSDT,66228.25,66998.7,66034.5,66676.87,9392.52223,11.10463356524869,9.14766914422733,0.014000838260000861,0.019067640996554645,0.006751007092293841,0.0027860739213107213,0.01800796130593567,0.0007380029804154088,0.001007034155994269,27.90087015268705,2024-06-16,55.186282371430394,0,0,7.6128310304073565,1.791759469228055,5.793013608384144,7.6128310304073565,1.791759469228055,5.4007158579901935
2024-06-17,BTCUSDT,66676.86,67298.81,65130.0,66504.33,27386.16851,11.112428495199788,10.21779336601719,0.028183144530189365,0.021346516879963324,-0.002591057844952401,0.006751007092293841,0.012962412683620373,0.0002535829167939392,0.0007139161761064042,27.899627571940353,2024-06-17,55.46756046672279,0,0,7.6128310304073565,1.791759469228055,5.793013608384144,7.6128310304073565,1.791759469228055,5.4007158579901935
2024-06-18,BTCUSDT,66504.33,66588.23,64060.0,65175.32,42350.10244,11.116897833455688,10.653726118967477,0.026365937629649016,0.022601372067384745,-0.020186188658431685,-0.002591057844952401,0.011986841827165536,0.0018947538572906418,0.0008020289567822401,27.887455581022703,2024-06-18,55.83893224884129,0,0,7.6128310304073565,1.791759469228055,5.793013608384144,7.6128310304073565,1.791759469228055,5.4007158579901935
2024-06-19,BTCUSDT,65175.32,65727.54,64666.0,64974.37,20060.79576,11.106283114183746,9.906522729722154,0.013217417245488774,0.020255383361910753,-0.0030879852219766885,-0.020186188658431685,0.009729483563379852,0.0003117123239128021,0.0006411477328328864,27.880682018823457,2024-06-19,55.50893441208255,0,0,7.6128310304073565,1.791759469228055,5.793013608384144,7.6128310304073565,1.791759469228055,5.4007158579901935
2024-06-20,BTCUSDT,64974.37,66482.94,64559.15,64869.99,24265.29031,11.093273294724305,10.096802225913637,0.026547308034613158,0.021828364530086353,-0.001607771373120505,-0.0030879852219766885,0.009230801293985163,0.0001592357002887636,0.000660825000724875,27.882031639777068,2024-06-20,55.39994190074197,0,0,7.6128310304073565,1.791759469228055,5.793013608384144,7.6128310304073565,1.791759469228055,5.4007158579901935
2024-06-21,BTCUSDT,64869.99,65066.66,63379.35,64143.56,25993.56442,11.1047006523782,10.165604264057224,0.01892526828523365,0.021102590468873177,-0.011261416759841722,-0.001607771373120505,0.009254428096874745,0.0011077961001943572,0.0006672253963458041,27.86878575566075,2024-06-21,55.31010005761263,0,0,7.6128310304073565,1.791759469228055,5.793013608384144,7.6128310304073565,1.791759469228055,5.4007158579901935
2024-06-22,BTCUSDT,64143.56,64546.81,63943.82,64262.01,7308.95542,11.083167561833998,8.896855645132197,0.008619853645887191,0.01798190626312668,0.001844936066219504,-0.011261416759841722,0.008120763538999867,0.00020736945048995345,0.0007024454551136269,27.866472275123122,2024-06-22,55.25908658246791,0,0,7.6128310304073565,1.791759469228055,5.793013608384144,7.6128310304073565,1.791759469228055,5.4007158579901935
2024-06-23,BTCUSDT,64262.01,64521.0,63178.32,63210.01,8224.45447,11.07514597599863,9.014867247598051,0.00964946022374755,0.015898794753281896,-0.016505957689856198,0.001844936066219504,0.00885541450643381,0.0018309706883652774,0.0008089360254789091,27.859884454391537,2024-06-23,55.31200739100498,0,0,7.6128310304073565,1.791759469228055,5.793013608384144,7.6128310304073565,1.791759469228055,5.4007158579901935
2024-06-24,BTCUSDT,63210.01,63369.8,58402.0,60293.3,52161.35414,11.074746031189092,10.862097157536553,0.05222543621028723,0.024980455117533232,-0.04724168823827901,-0.016505957689856198,0.01808981696508698,0.004349223501973636,0.0016176479035801522,27.82072896677231,2024-06-24,54.84770307635735,0,0,7.6128310304073565,1.791759469228055,5.793013608384144,7.6128310304073565,1.791759469228055,5.4007158579901935
2024-06-25,BTCUSDT,60293.3,62420.0,60257.06,61806.01,31189.24361,11.056742686245043,10.347828558265787,0.03518162726423051,0.02753074815420755,0.024779622477455705,-0.04724168823827901,0.02380976155726003,0.0023946688271774545,0.0015790454351170317,27.81797824268004,2024-06-25,54.61732506387874,0,0,7.6128310304073565,1.791759469228055,5.793013608384144,7.6128310304073565,1.791759469228055,5.4007158579901935
2024-06-26,BTCUSDT,61806.01,62487.81,60712.0,60864.99,22485.66463,11.041641015824771,10.020633257584944,0.019006302196221236,0.02539963666471097,-0.015342476362678105,0.024779622477455705,0.023693938635712203,0.0015310885019232576,0.0014054724917055633,27.822894708792205,2024-06-26,54.63275977203098,0,0,7.6128310304073565,1.791759469228055,5.793013608384144,7.6128310304073565,1.791759469228055,5.4007158579901935
2024-06-27,BTCUSDT,60864.98,62389.22,60606.63,61706.47,18344.28631,11.042726776701718,9.817073432244111,0.02816931205481271,0.026092055512236405,0.013730655086801458,-0.015342476362678105,0.02567299815489833,0.0013986505430124638,0.001377271372544535,27.821555902925553,2024-06-27,54.422453741584306,0,0,7.6128310304073565,1.791759469228055,5.793013608384144,7.6128310304073565,1.791759469228055,5.4007158579901935
2024-06-28,BTCUSDT,61706.46,62225.31,60063.0,60427.84,24821.19255,11.041147783023154,10.119453105549539,0.021438728014557415,0.024928723637816657,-0.020938861751513153,0.013730655086801458,0.025883791443163443,0.002069169305209806,0.0010841288013129088,27.816145704699192,2024-06-28,54.290186692631906,0,0,7.6128310304073565,1.791759469228055,5.793013608384144,7.6128310304073565,1.791759469228055,5.4007158579901935
2024-06-29,BTCUSDT,60427.84,61224.0,60383.77,60986.68,11509.55904,11.038517109143832,9.350933189948158,0.013716004303899082,0.022125543804337264,0.009205553774616642,-0.020938861751513153,0.026755242042396574,0.000984452951124943,0.0012003403074617174,27.809910164418586,2024-06-29,54.45599688967776,0,0,7.6128310304073565,1.791759469228055,5.793013608384144,7.6128310304073565,1.791759469228055,5.4007158579901935
2024-06-30,BTCUSDT,60986.68,63058.76,60712.21,62772.01,17326.30136,11.022294548489757,9.75998093581146,0.03765012469677715,0.026006689027447235,0.028853793809744524,0.009205553774616642,0.020606539659911424,0.002956337107573005,0.00072306555914321,27.828310053218857,2024-06-30,54.6942524665326,0,0,7.6128310304073565,1.791759469228055,5.793013608384144,7.6128310304073565,1.791759469228055,5.4007158579901935
2024-07-01,BTCUSDT,62772.01,63861.76,62497.2,62899.99,24547.10538,11.051822269093474,10.108349219142765,0.019998424439596117,0.024504622880484456,0.0020367312407112426,0.028853793809744524,0.018614421797149738,0.00020148999570119392,0.0009385844987222066,27.84663823797353,2024-07-01,54.82881344245683,0,0,7.6128310304073565,1.9459101490553132,5.8916442118257715,7.6128310304073565,1.9459101490553132,5.480105677858553
2024-07-02,BTCUSDT,62900.0,63288.83,61806.28,62135.47,18573.11875,11.064476026177125,9.829470585856667,0.015467992791848545,0.02224546535832548,-0.012229003319739846,0.0020367312407112426,0.01803782568633545,0.0012441161721706351,0.0009454093871675195,27.83943025146595,2024-07-02,54.62993225767595,0,0,7.6128310304073565,1.9459101490553132,5.8916442118257715,7.6128310304073565,1.9459101490553132,5.480105677858553
2024-07-03,BTCUSDT,62135.46,62285.94,59400.0,60208.58,32160.11127,11.055464131265722,10.378482183174977,0.026897764855530363,0.0234085402326267,-0.0315021343281225,-0.012229003319739846,0.02191417153562715,0.003035331541946666,0.001135697634882418,27.814702156800532,2024-07-03,54.52686723247555,0,0,7.6128310304073565,1.9459101490553132,5.8916442118257715,7.6128310304073565,1.9459101490553132,5.480105677858553
2024-07-04,BTCUSDT,60208.57,60498.19,56771.0,57050.01,54568.77276,11.039490997122503,10.907217070647565,0.024359027763500813,0.023646162115345228,-0.05388661548310068,-0.0315021343281225,0.029717587587640953,0.004940455033953167,0.0017413124520944316,27.774959859822555,2024-07-04,54.81200858088788,0,0,7.6128310304073565,1.9459101490553132,5.8916442118257715,7.6128310304073565,1.9459101490553132,5.480105677858553
2024-07-05,BTCUSDT,57050.02,57546.0,53485.93,56628.79,81348.24756,11.010368726216027,11.30649457043605,0.06570218504106254,0.03416016784677456,-0.007410738462197537,-0.05388661548310068,0.02835925259845277,0.0006554408544603168,0.0017926906488928628,27.733142484261098,2024-07-05,55.1061015712149,0,0,7.6128310304073565,1.9459101490553132,5.8916442118257715,7.6128310304073565,1.9459101490553132,5.480105677858553
2024-07-06,BTCUSDT,56628.79,58475.0,56018.0,58230.13,21651.31558,10.960339906956007,9.982821497404329,0.042392864099835253,0.03621834191003973,0.027885405242016163,-0.007410738462197537,0.02807918338863359,0.0027933390624350794,0.001779618604783847,27.753780912203805,2024-07-06,54.981195991825906,0,0,7.6128310304073565,1.9459101490553132,5.8916442118257715,7.6128310304073565,1.9459101490553132,5.480105677858553
2024-07-07,BTCUSDT,58230.13,58449.46,55724.37,55857.81,19118.93918,10.97635459145238,9.858434702848625,0.01687310401949585,0.03138203243740376,-0.04159356377998373,0.027885405242016163,0.02918392612919207,0.004219083965527016,0.0016534447036714434,27.7491081734185,2024-07-07,54.967923209096924,0,0,7.6128310304073565,1.9459101490553132,5.8916442118257715,7.6128310304073565,1.9459101490553132,5.480105677858553
2024-07-08,BTCUSDT,55857.81,58236.73,54260.16,56714.62,48090.2049,10.975917728192012,10.780833795023705,0.06506626249737262,0.039803089952395974,0.015222671228313616,-0.04159356377998373,0.032562544346416526,0.001412012421093089,0.0016226843122583952,27.73491559793825,2024-07-08,54.92157540997694,0,0,7.6128310304073565,1.9459101490553132,5.8916442118257715,7.6128310304073565,1.9459101490553132,5.480105677858553
2024-07-09,BTCUSDT,56714.61,58296.0,56289.45,58050.0,27732.20788,10.972271534316246,10.23034975606775,0.03456913345072685,0.03849460082697869,0.023272682322844962,0.015222671228313616,0.034691465589759,0.002274866732590608,0.001634278372048394,27.753578863361213,2024-07-09,54.8364426669641,0,0,7.6128310304073565,1.9459101490553132,5.8916442118257715,7.6128310304073565,1.9459101490553132,5.480105677858553
2024-07-10,BTCUSDT,58050.0,59470.0,57157.79,57725.85,24951.73799,10.973288759350119,10.12469875767143,0.03334008961337666,0.037205973023578184,-0.0055996280225802065,0.023272682322844962,0.02586165926143007,0.0005530661362479944,0.0014053499211812432,27.76690721879443,2024-07-10,54.774391823284354,0,0,7.6128310304073565,1.9459101490553132,5.8916442118257715,7.6128310304073565,1.9459101490553132,5.480105677858553
2024-07-11,BTCUSDT,57725.85,59650.0,57050.0,57339.89,29761.05735,10.993227262700639,10.300956017549751,0.03899963246614326,0.03765438788421945,-0.006708538049520128,-0.0055996280225802065,0.025812298585974485,0.0006512539261492607,0.0014061427447811835,27.76346146136574,2024-07-11,54.61710709517654,0,0,7.6128310304073565,1.9459101490553132,5.8916442118257715,7.6128310304073565,1.9459101490553132,5.480105677858553
2024-07-12,BTCUSDT,57339.89,58526.68,56542.47,57889.1,23652.4569,10.996249427526061,10.071222274359414,0.03219017332274905,0.036288334243851854,0.009532569171711086,-0.006708538049520128,0.023086151403585626,0.0009465156176703895,0.0013956245338120393,27.757946101863116,2024-07-12,54.49056521239721,0,0,7.6128310304073565,1.9459101490553132,5.8916442118257715,7.6128310304073565,1.9459101490553132,5.480105677858553
2024-07-13,BTCUSDT,57889.09,59850.0,57756.63,59204.02,15357.74519,10.977237997628444,9.63937519839981,0.03525243541499515,0.036029359536637676,0.022460333746386348,0.009532569171711086,0.013273209301603549,0.0023300611589550835,0.0007880517237952687,27.777033050309196,2024-07-13,54.525497858966595,0,0,7.6128310304073565,1.9459101490553132,5.8916442118257715,7.6128310304073565,1.9459101490553132,5.480105677858553
2024-07-14,BTCUSDT,59204.01,61420.69,59194.01,60797.91,21178.33907,10.999596710986118,9.96073419634481,0.03690307697297838,0.03624778889572285,0.02656596839138983,0.022460333746386348,0.014923013323028096,0.0026670693010901222,0.0009534224033870218,27.801940618028024,2024-07-14,54.71915466886463,0,0,7.6128310304073565,1.9459101490553132,5.8916442118257715,7.6128310304073565,1.9459101490553132,5.480105677858553
2024-07-15,BTCUSDT,60797.91,64900.0,60632.3,64724.14,38690.9782,11.025502028057403,10.563361730393817,0.06796544294192096,0.04417720240727238,0.06257882518464983,0.02656596839138983,0.025766563759449187,0.00592413918805721,0.0020388126350493288,27.84494195268191,2024-07-15,54.875798833795926,0,0,7.6128310304073565,1.9459101490553132,5.8916442118257715,7.6128310304073565,1.9459101490553132,5.480105677858553
2024-07-16,BTCUSDT,64724.06,65388.97,62373.24,65043.99,42530.52915,11.080602902692181,10.657977429976064,0.045097280792861454,0.04440722200366965,0.004929571655444641,0.06257882518464983,0.024133312755168848,0.0004625241222204119,0.002053533044391338,27.870454996428546,2024-07-16,55.02580342299383,0,0,7.6128310304073565,1.9459101490553132,5.8916442118257715,7.6128310304073565,1.9459101490553132,5.480105677858553
2024-07-17,BTCUSDT,65044.0,66128.63,63854.0,64087.99,29567.52954,11.08810886878728,10.294432063194698,0.025424506120775257,0.039661543032946056,-0.014806827344029673,0.004929571655444641,0.026067572587681765,0.0014383335819921504,0.0019606412783997177,27.876611722119343,2024-07-17,55.08795472455982,0,0,7.6128310304073565,1.9459101490553132,5.8916442118257715,7.6128310304073565,1.9459101490553132,5.480105677858553
2024-07-18,BTCUSDT,64087.99,65133.3,63238.48,63987.92,22568.7225,11.099357063684115,10.024320266525995,0.025196447776412834,0.03604526921881275,-0.0015626673332034774,-0.014806827344029673,0.027203431204637817,0.00015588761049680944,0.0020915746726058,27.865886316937093,2024-07-18,55.00263625004297,0,0,7.6128310304073565,1.9459101490553132,5.8916442118257715,7.6128310304073565,1.9459101490553132,5.480105677858553
2024-07-19,BTCUSDT,63987.92,67386.0,63300.67,66660.0,35634.72739,11.084191218151853,10.48107592984357,0.061599124356697454,0.04243373300328393,0.040910757335444886,-0.0015626673332034774,0.02897098657545111,0.003903297486754824,0.0022118602591396338,27.884650228043323,2024-07-19,55.205238306595895,0,0,7.6128310304073565,1.9459101490553132,5.8916442118257715,7.6128310304073565,1.9459101490553132,5.480105677858553
2024-07-20,BTCUSDT,66660.01,67598.0,66222.46,67139.96,14386.92434,11.11819256019109,9.574075041108907,0.01943928272424843,0.03668512043352506,0.00717432290208512,0.040910757335444886,0.029142255567079393,0.0007493489314926198,0.0023064559809009588,27.908879892290177,2024-07-20,55.358180977012694,0,0,7.6128310304073565,1.9459101490553132,5.8916442118257715,7.6128310304073565,1.9459101490553132,5.480105677858553
2024-07-21,BTCUSDT,67139.97,68366.66,65777.0,68165.34,21819.11191,11.12133367579457,9.990541557825493,0.037823784617032175,0.036969786479401835,0.015156828740989328,0.00717432290208512,0.018727702560998812,0.00151711783122679,0.0013510508014595388,27.915760427285523,2024-07-21,55.39903793844365,0,0,7.6128310304073565,1.9459101490553132,5.8916442118257715,7.6128310304073565,1.9459101490553132,5.480105677858553
2024-07-22,BTCUSDT,68165.35,68474.55,66559.97,67532.01,21451.04303,11.132640557878949,9.973528549281179,0.0217689063714323,0.033169566452409455,-0.009334516829783621,0.015156828740989328,0.02014377692598358,0.0009359292234097417,0.0013002474399660341,27.920403191426402,2024-07-22,55.590712819823196,0,0,7.6128310304073565,1.9459101490553132,5.8916442118257715,7.6128310304073565,1.9459101490553132,5.480105677858553
2024-07-23,BTCUSDT,67532.0,67750.98,65441.08,65936.01,31406.15316,11.134217422368174,10.354759113208146,0.01868880235672227,0.029549375428487658,-0.023916981434216472,-0.009334516829783621,0.022279129851135913,0.0023097573949073195,0.001346530745464253,27.905348012787666,2024-07-23,55.56861826034326,0,0,7.6128310304073565,1.9459101490553132,5.8916442118257715,7.6128310304073565,1.9459101490553132,5.480105677858553
2024-07-24,BTCUSDT,65936.0,67102.01,65111.0,65376.0,23082.56277,11.12359420358198,10.046832753019237,0.024065248954430133,0.028178343809973277,-0.008529507623456263,-0.023916981434216472,0.022847478684097897,0.0008489747797277711,0.0012223635741732935,27.893501965168234,2024-07-24,55.53219603744351,0,0,7.6128310304073565,1.9459101490553132,5.8916442118257715,7.6128310304073565,1.9459101490553132,5.480105677858553
2024-07-25,BTCUSDT,65376.01,66175.49,63456.7,65799.95,35126.42934,11.113969277801733,10.466709098761848,0.03988008264344828,0.031103778518342028,0.006463859817351855,-0.008529507623456263,0.014330272484856082,0.000617563720970949,0.000641752724792017,27.882779927880154,2024-07-25,56.070659557767584,0,0,7.6128310304073565,1.9459101490553132,5.8916442118257715,7.6128310304073565,1.9459101490553132,5.480105677858553
2024-07-26,BTCUSDT,65799.95,68200.0,65722.63,67907.99,24244.36023,11.10006543167688,10.095939301482485,0.036933017125130016,0.032561088170039026,0.03153462223775808,0.006463859817351855,0.01988108939608953,0.0031234956249318524,0.0009789476381519965,27.90860038264368,2024-07-26,56.523464509454264,0,0,7.6128310304073565,1.9459101490553132,5.8916442118257715,7.6128310304073565,1.9459101490553132,5.480105677858553
2024-07-27,BTCUSDT,67908.0,69399.99,66650.0,67896.5,31710.21921,11.130199843831553,10.364394280469709,0.03500249874278636,0.03317144081322586,-0.00016921384598440523,0.03153462223775808,0.018791208142628392,1.632645781367713e-05,0.0011656588800370224,27.924479013362806,2024-07-27,56.58253862082673,0,0,7.6128310304073565,1.9459101490553132,5.8916442118257715,7.6128310304073565,1.9459101490553132,5.480105677858553
2024-07-28,BTCUSDT,67896.49,68318.43,67066.66,68249.88,10868.69394,11.147642002402666,9.293641820182447,0.018155662790250587,0.02941749630748204,0.005191188977428364,-0.00016921384598440523,0.018381135224099013,0.0005585742465515477,0.0011994816964840142,27.923277222761875,2024-07-28,56.67388994063262,0,0,7.6128310304073565,1.9459101490553132,5.8916442118257715,7.6128310304073565,1.9459101490553132,5.480105677858553
2024-07-29,BTCUSDT,68249.88,70079.99,66428.0,66784.69,36467.29633,11.131934848104729,10.504171146971851,0.03951058831312011,0.03194076930889156,-0.02170181316434392,0.005191188977428364,0.017774430059438087,0.0020660186187655685,0.0011597089942944007,27.923272868122805,2024-07-29,56.46736340308726,0,0,7.6128310304073565,1.9459101490553132,5.8916442118257715,7.6128310304073565,1.9459101490553132,5.480105677858553
2024-07-30,BTCUSDT,66784.68,67000.0,65302.67,66188.0,23132.25441,11.157392582916199,10.048983217401963,0.019616052820576078,0.028859590186812688,-0.008974685027823451,-0.02170181316434392,0.017828679545988775,0.0008930938418010158,0.001157135931017713,27.90001841608206,2024-07-30,56.09366770106403,0,0,7.6128310304073565,1.9459101490553132,5.8916442118257715,7.6128310304073565,1.9459101490553132,5.480105677858553
2024-07-31,BTCUSDT,66188.0,66849.24,64530.0,64628.0,22625.43905,11.112447898373103,10.026830173904704,0.019735832870545894,0.026578650857745988,-0.02385142421501373,-0.008974685027823451,0.020435192643018383,0.002378760166606609,0.0011986675957696947,27.888131143348197,2024-07-31,56.03256219413737,0,0,7.6128310304073565,1.9459101490553132,5.8916442118257715,7.6128310304073565,1.9459101490553132,5.480105677858553
2024-08-01,BTCUSDT,64628.01,65659.78,62302.0,65354.02,35542.26854,11.110195213729488,10.47847793028495,0.05083729212708769,0.032643311175081416,0.011171199683345215,-0.02385142421501373,0.014333536918114892,0.0010661090053029703,0.0009006601114360224,27.871665468980964,2024-08-01,56.21036420243415,0,0,7.6128310304073565,2.0794415416798357,5.572154032177765,7.6128310304073565,2.0794415416798357,5.473059050215961
2024-08-02,BTCUSDT,65354.02,65596.14,61230.01,61498.33,38820.42937,11.092241840456001,10.56670191719764,0.02323190382573607,0.03029045933774508,-0.06080893312569105,0.011171199683345215,0.025834926285424626,0.005754769425900298,0.001914964946610302,27.85465493546865,2024-08-02,56.47070975649283,0,0,7.6128310304073565,2.0794415416798357,5.572154032177765,7.6128310304073565,2.0794415416798357,5.473059050215961
2024-08-03,BTCUSDT,61498.34,62198.22,59850.0,60697.99,28034.71567,11.091272131737538,10.241198866540943,0.028596234798088465,0.029866903202830926,-0.013099436128860992,-0.06080893312569105,0.023759928790917775,0.0012790920574404826,0.001817616438484016,27.816486346019335,2024-08-03,56.63747363398311,0,0,7.6128310304073565,2.0794415416798357,5.572154032177765,7.6128310304073565,2.0794415416798357,5.473059050215961
2024-08-04,BTCUSDT,60697.99,61117.63,57122.77,58161.0,31616.52003,11.038081660954441,10.36143504872963,0.039486884773231735,0.03227189859543113,-0.04269555681819708,-0.013099436128860992,0.025614627276340927,0.004120621961861528,0.0019658600353991205,27.78767262575507,2024-08-04,56.919861096845956,0,0,7.6128310304073565,2.0794415416798357,5.572154032177765,7.6128310304073565,2.0794415416798357,5.473059050215961
2024-08-05,BTCUSDT,58161.0,58305.59,49000.0,54018.81,162065.59186,11.020555646910577,11.995756420294175,0.13093805843263975,0.05693843855473328,-0.07388270778154322,-0.04269555681819708,0.03151225392649854,0.006159070357293182,0.0022200685394547772,27.71068265378702,2024-08-05,57.09514744300573,0,0,7.6128310304073565,2.0794415416798357,5.572154032177765,7.6128310304073565,2.0794415416798357,5.473059050215961
2024-08-06,BTCUSDT,54018.82,57040.99,53950.0,56022.01,55884.77676,10.973453251103988,10.9310472921799,0.055505827727739966,0.056580285847984954,0.03641232998749407,-0.07388270778154322,0.04289053649124307,0.003331092530680345,0.002160574165352417,27.717760065247482,2024-08-06,56.95539316681133,0,0,7.6128310304073565,2.0794415416798357,5.572154032177765,7.6128310304073565,2.0794415416798357,5.473059050215961
2024-08-07,BTCUSDT,56022.0,57736.05,54558.62,55134.16,44269.37684,10.951525411178794,10.698048449277442,0.04453885586952362,0.05356992835336962,-0.015975161468007117,0.03641232998749407,0.03978059854970998,0.001493278100557312,0.002064552956451279,27.728837099458637,2024-08-07,57.05256046823234,0,0,7.6128310304073565,2.0794415416798357,5.572154032177765,7.6128310304073565,2.0794415416798357,5.473059050215961
2024-08-08,BTCUSDT,55133.76,62745.14,54730.0,61685.99,48349.52949,10.963637040762542,10.786211769500069,0.13621055719345815,0.07423008556339175,0.11228735091416127,-0.015975161468007117,0.0657892481464458,0.010410267600314849,0.0034234941831602405,27.776077465368704,2024-08-08,57.349050927523635,0,0,7.6128310304073565,2.0794415416798357,5.572154032177765,7.6128310304073565,2.0794415416798357,5.473059050215961
2024-08-09,BTCUSDT,61686.0,61744.37,59535.0,60837.99,30972.48017,11.046836403795405,10.34085435274431,0.028335148049199864,0.06275635118484378,-0.013842409307287744,0.11228735091416127,0.06582067379414765,0.001338613700096663,0.003412482545332914,27.816063078225685,2024-08-09,57.568885831782765,0,0,7.6128310304073565,2.0794415416798357,5.572154032177765,7.6128310304073565,2.0794415416798357,5.473059050215961
2024-08-10,BTCUSDT,60837.99,61470.58,60242.0,60923.51,9995.20621,11.030758076244545,9.209860878037336,0.01787694494193658,0.05153649962411698,0.001404713543484379,-0.013842409307287744,0.06242253187833261,0.00015252277554313393,0.0038513115603398982,27.81486333635061,2024-08-10,57.63386353214728,0,0,7.6128310304073565,2.0794415416798357,5.572154032177765,7.6128310304073565,2.0794415416798357,5.473059050215961
2024-08-11,BTCUSDT,60923.51,61858.0,58286.73,58712.59,19189.84512,11.026313965353532,9.86213651809893,0.03503303240719217,0.04741063281988578,-0.036964958668207114,0.001404713543484379,0.05402299057756904,0.0037481694357373026,0.0036796717499408497,27.799312742640282,2024-08-11,57.5269645253703,0,0,7.6128310304073565,2.0794415416798357,5.572154032177765,7.6128310304073565,2.0794415416798357,5.473059050215961
2024-08-12,BTCUSDT,58712.59,60711.09,57642.21,59346.64,37009.91743,11.032596714646242,10.51894119435907,0.047669715123407425,0.04747540339576619,0.010741321896940523,-0.036964958668207114,0.05288683722154485,0.0010211409778296612,0.0038084581143669905,27.7852206404181,2024-08-12,57.180255915998146,0,0,7.6128310304073565,2.0794415416798357,5.572154032177765,7.6128310304073565,2.0794415416798357,5.473059050215961
2024-08-13,BTCUSDT,59346.64,61578.1,58392.88,60587.15,27858.95851,11.013881662171837,10.234909863648674,0.050577403690334755,0.04825090346940833,0.020687318243458014,0.010741321896940523,0.05143789086192937,0.0020212506528204176,0.003771847957752642,27.800097644392174,2024-08-13,57.07021897638157,0,0,7.6128310304073565,2.0794415416798357,5.572154032177765,7.6128310304073565,2.0794415416798357,5.473059050215961
2024-08-14,BTCUSDT,60587.16,61800.0,58433.18,58683.39,28422.76326,11.02806156682906,10.254945626340522,0.035566843208826054,0.04507988840426276,-0.031926101818424826,0.020687318243458014,0.02327061321266126,0.0031132395023548906,0.0013448867766758708,27.798144842792254,2024-08-14,57.01465476609296,0,0,7.6128310304073565,2.0794415416798357,5.572154032177765,7.6128310304073565,2.0794415416798357,5.473059050215961
2024-08-15,BTCUSDT,58683.39,59849.38,56078.54,57541.06,37686.17622,11.031658643445782,10.537048627678509,0.0494904448725295,0.046182527521329446,-0.019657942646201854,-0.031926101818424826,0.023664576660049348,0.0018656023466158032,0.0013178948389263388,27.767502585750425,2024-08-15,56.78228929571104,0,0,7.6128310304073565,2.0794415416798357,5.572154032177765,7.6128310304073565,2.0794415416798357,5.473059050215961
2024-08-16,BTCUSDT,57541.05,59817.76,57098.62,58874.6,27610.84344,10.99958635170105,10.225963852809656,0.04518502297179358,0.04593315138394548,0.022910978337253942,-0.019657942646201854,0.02700120707141196,0.0022404712814390586,0.0009650532206172443,27.772302426567865,2024-08-16,57.055589235369624,0,0,7.6128310304073565,2.0794415416798357,5.572154032177765,7.6128310304073565,2.0794415416798357,5.473059050215961
2024-08-17,BTCUSDT,58874.59,59700.0,58785.05,59491.99,7721.72931,10.999057885812489,8.951793621819707,0.01527149842902567,0.03826773814521553,0.010431923382209742,0.022910978337253942,0.022600021052346392,0.0011653444910506277,0.0007636420178241412,27.787355314914105,2024-08-17,57.29347919162395,0,0,7.6128310304073565,2.0794415416798357,5.572154032177765,7.6128310304073565,2.0794415416798357,5.473059050215961
2024-08-18,BTCUSDT,59491.99,60284.99,58408.92,58427.35,13634.85717,10.997087299380693,9.520384819977298,0.0206014385257332,0.03385116324034495,-0.018057579517003593,0.010431923382209742,0.023464316021442926,0.0018967279010730842,0.000633670752922083,27.786238203320153,2024-08-18,57.09141254690272,0,0,7.6128310304073565,2.0794415416798357,5.572154032177765,7.6128310304073565,2.0794415416798357,5.473059050215961
2024-08-19,BTCUSDT,58427.35,59617.63,57787.3,59438.5,22809.31251,11.006838429672655,10.034924174973277,0.030646207748362565,0.033049924367349354,0.017158062435947308,-0.018057579517003593,0.022798522386458245,0.0017098347866682311,0.0006491054313341025,27.78070020443171,2024-08-19,56.91439389299887,0,0,7.6128310304073565,2.0794415416798357,5.572154032177765,7.6128310304073565,2.0794415416798357,5.473059050215961
2024-08-20,BTCUSDT,59438.5,61400.0,58548.23,59013.8,31477.44548,10.995706614680786,10.35702655184354,0.040787978501825264,0.034984437900968335,-0.007170849698593443,0.017158062435947308,0.018367444524312587,0.0006923656768377251,0.000564524245251443,27.79405593975132,2024-08-20,56.91968920932345,0,0,7.6128310304073565,2.0794415416798357,5.572154032177765,7.6128310304073565,2.0794415416798357,5.473059050215961
2024-08-21,BTCUSDT,59013.8,61820.93,58783.47,61156.03,27983.6422,11.025165114135234,10.239375411299,0.04995984940105486,0.038728290775989965,0.03565715238614722,-0.007170849698593443,0.01979054845360992,0.0034823561939920753,0.0009640010716050937,27.803806141997526,2024-08-21,57.06934235821751,0,0,7.6128310304073565,2.0794415416798357,5.572154032177765,7.6128310304073565,2.0794415416798357,5.473059050215961
2024-08-22,BTCUSDT,61156.03,61400.0,59724.87,60375.84,21241.20588,11.031997259248138,9.963698247755591,0.019152874176153693,0.033834436626030896,-0.012839442327577983,0.03565715238614722,0.020549157060056507,0.0012886221569857535,0.0009680702718925269,27.811782350806894,2024-08-22,57.06735554262192,0,0,7.6128310304073565,2.0794415416798357,5.572154032177765,7.6128310304073565,2.0794415416798357,5.473059050215961
2024-08-23,BTCUSDT,60375.83,64955.0,60342.14,64037.24,38118.07089,11.025165114135234,10.548443750244157,0.07361009301645605,0.043778350723637185,0.05887576421662603,-0.012839442327577983,0.030565150475933844,0.005581464489988229,0.0017979692157210007,27.840141982341336,2024-08-23,57.082758760562186,0,0,7.6128310304073565,2.0794415416798357,5.572154032177765,7.6128310304073565,2.0794415416798357,5.473059050215961
2024-08-24,BTCUSDT,64037.24,64494.5,63531.0,64157.01,15857.15616,11.081450001429832,9.671376170157725,0.013598555046963627,0.036233401804468796,0.0018685710918962383,0.05887576421662603,0.027544051537720597,0.0001932063295875053,0.0020218405707619794,27.866403456473876,2024-08-24,57.18006798232544,0,0,7.6128310304073565,2.0794415416798357,5.572154032177765,7.6128310304073565,2.0794415416798357,5.473059050215961
2024-08-25,BTCUSDT,64157.02,65000.0,63773.27,64220.0,12305.47977,11.074335227830229,9.4177999519066,0.01704681438084489,0.03143675494856282,0.0009813284334161388,0.0018685710918962383,0.02814520850458641,0.00010419932876334588,0.002192107825437345,27.869929541230004,2024-08-25,57.37547934933445,0,0,7.6128310304073565,2.0794415416798357,5.572154032177765,7.6128310304073565,2.0794415416798357,5.473059050215961
2024-08-26,BTCUSDT,64219.99,64481.0,62800.0,62834.0,19470.05276,11.082142548877775,9.876632808172538,0.010919959569137324,0.02630755610370645,-0.021818360418123024,0.0009813284334161388,0.030748648550623092,0.0022090889518611204,0.002112327895911642,27.85899174545239,2024-08-26,57.54004808220298,0,0,7.6128310304073565,2.0794415416798357,5.572154032177765,7.6128310304073565,2.0794415416798357,5.473059050215961
2024-08-27,BTCUSDT,62834.0,63212.0,58034.01,59415.0,35135.94178,11.074125885745115,10.466979867877848,0.048800327156357896,0.03193074886686931,-0.05594960850125526,-0.021818360418123024,0.03769094084193074,0.0053453440445566545,0.002457305107468131,27.81544247153195,2024-08-27,57.51027391686393,0,0,7.6128310304073565,2.0794415416798357,5.572154032177765,7.6128310304073565,2.0794415416798357,5.473059050215961
2024-08-28,BTCUSDT,59415.0,60234.98,57860.0,59034.9,36868.54275,11.054249435528995,10.515113966443842,0.032931722495073604,0.03218099227392038,-0.006417925294743356,-0.05594960850125526,0.03750819241508533,0.0006103524236850345,0.0025359624912215,27.78615513919092,2024-08-28,57.325018644169816,0,0,7.6128310304073565,2.0794415416798357,5.572154032177765,7.6128310304073565,2.0794415416798357,5.473059050215961
2024-08-29,BTCUSDT,59034.9,61166.99,58713.09,59359.01,27020.90743,11.006008525668026,10.20436619459202,0.03889070376042349,0.03385842014554616,0.005475126375226921,-0.006417925294743356,0.023336133598193913,0.000536547422036712,0.002032986010198296,27.793640383914337,2024-08-29,57.28512927289825,0,0,7.6128310304073565,2.0794415416798357,5.572154032177765,7.6128310304073565,2.0794415416798357,5.473059050215961
2024-08-30,BTCUSDT,59359.0,59944.07,57701.1,59123.99,28519.32195,11.021362943898223,10.258337099701434,0.03262079565569638,0.03354901402308372,-0.003967156608714223,0.005475126375226921,0.02272390233664593,0.00038672511637677473,0.0020095109676534517,27.784549297827454,2024-08-30,57.36397226592605,0,0,7.6128310304073565,2.0794415416798357,5.572154032177765,7.6128310304073565,2.0794415416798357,5.473059050215961
2024-08-31,BTCUSDT,59123.99,59462.38,58744.0,58973.99,8798.409,11.001167239800038,9.082326188666284,0.009724349279100361,0.02759284783708788,-0.00254026496747557,-0.003967156608714223,0.022313229079739663,0.0002796932101652034,0.0019857079904573426,27.784973965413105,2024-08-31,57.36565122418132,0,0,7.6128310304073565,2.0794415416798357,5.572154032177765,7.6128310304073565,2.0794415416798357,5.473059050215961
2024-09-01,BTCUSDT,58974.0,59076.59,57201.0,57301.86,20705.15741,10.99309912265988,9.93813809846224,0.010481051098956392,0.023314898652555007,-0.028763415319443375,-0.00254026496747557,0.022958107660279926,0.002894245887355302,0.0020491006064754847,27.769021020645,2024-09-01,57.47526697808239,0,0,7.6128310304073565,2.1972245773362196,5.84354441703136,7.6128310304073565,2.1972245773362196,5.458889122783803
2024-09-02,BTCUSDT,57301.77,59425.69,57128.0,59132.13,22895.01461,10.986590016631546,10.038674463221588,0.03924108302425236,0.027296444745479344,0.03144134758080365,-0.028763415319443375,0.019521550455571548,0.00313202183176618,0.0013290021327577197,27.77097555403326,2024-09-02,57.47765427400394,0,0,7.6128310304073565,2.1972245773362196,5.84354441703136,7.6128310304073565,2.1972245773362196,5.458889122783803
2024-09-03,BTCUSDT,59132.12,59809.65,57415.0,57487.73,22828.18447,10.992481903435701,10.035751212489552,0.022423868294241905,0.026078300632669985,-0.028202897779850595,0.03144134758080365,0.022565088575277975,0.00281024281916753,0.0014000598871663915,27.774751472307326,2024-09-03,57.543741976071054,0,0,7.6128310304073565,2.1972245773362196,5.84354441703136,7.6128310304073565,2.1972245773362196,5.458889122783803
2024-09-04,BTCUSDT,57487.74,58519.0,55606.0,57970.9,35560.82146,10.998922298157243,10.47899979003594,0.04789552118458283,0.031532605770648196,0.008369626775024829,-0.028202897779850595,0.02284826791717541,0.0007987047373531938,0.0013610380425586553,27.75632135799316,2024-09-04,57.57783111986836,0,0,7.6128310304073565,2.1972245773362196,5.84354441703136,7.6128310304073565,2.1972245773362196,5.458889122783803
2024-09-05,BTCUSDT,57970.9,58327.07,55643.65,56180.0,27806.91413,10.977106766813073,10.233039978467826,0.02610621156419258,0.030176007219034292,-0.03138033882672037,0.008369626775024829,0.025446937421633568,0.00306657052965202,0.0012741452694487088,27.749997889084725,2024-09-05,57.507972386854966,0,0,7.6128310304073565,2.1972245773362196,5.84354441703136,7.6128310304073565,2.1972245773362196,5.458889122783803
2024-09-06,BTCUSDT,56180.0,57008.0,52550.0,53962.97,54447.76826,10.973821587044245,10.904997140560603,0.054439169085895044,0.03624179768574948,-0.040262751080288636,-0.03138033882672037,0.02818853595005302,0.0036921377017636535,0.0009963829519004722,27.712231270568143,2024-09-06,57.273049575907194,0,0,7.6128310304073565,2.1972245773362196,5.84354441703136,7.6128310304073565,2.1972245773362196,5.458889122783803
2024-09-07,BTCUSDT,53962.97,54850.0,53745.54,54160.86,16694.04774,10.950946887845618,9.722807512116669,0.019045451747611495,0.03194271120121498,0.0036604367595428834,-0.040262751080288636,0.02808395938134596,0.00037647940216662805,0.0013734000238766033,27.698392505639337,2024-09-07,57.06812667903442,0,0,7.6128310304073565,2.1972245773362196,5.84354441703136,7.6128310304073565,2.1972245773362196,5.458889122783803
2024-09-08,BTCUSDT,54160.86,55318.0,53629.01,54869.95,16274.14779,10.912357465703376,9.697333102572133,0.029685921535080498,0.03137851378468136,0.01300733247035669,0.0036604367595428834,0.02332868398342672,0.0013413308930170305,0.0013541752579370177,27.704369525214524,2024-09-08,56.91082261121272,0,0,7.6128310304073565,2.1972245773362196,5.84354441703136,7.6128310304073565,2.1972245773362196,5.458889122783803
2024-09-09,BTCUSDT,54869.95,58088.0,54591.96,57042.0,32384.51737,10.920853631835199,10.385435728618829,0.06132452428314319,0.038865016409296814,0.03882199877924005,0.01300733247035669,0.029514419779623245,0.0037381194004464783,0.0015075537991208537,27.73408231644888,2024-09-09,57.11696026291223,0,0,7.6128310304073565,2.1972245773362196,5.84354441703136,7.6128310304073565,2.1972245773362196,5.458889122783803
2024-09-10,BTCUSDT,57042.01,58044.36,56386.4,57635.99,23626.78126,10.969714381060083,10.070136146768391,0.027535370675955465,0.036032604975961474,0.010359360363052208,0.03882199877924005,0.02965560055931151,0.0010287209837154616,0.0014681520290071623,27.754577443484962,2024-09-10,57.24757732942031,0,0,7.6128310304073565,2.1972245773362196,5.84354441703136,7.6128310304073565,2.1972245773362196,5.458889122783803
2024-09-11,BTCUSDT,57635.99,57981.71,55545.19,57338.0,33026.56757,10.96896282478319,10.405067594426042,0.037822349818680316,0.036480041186641186,-0.005183618786241656,0.010359360363052208,0.025983201114487747,0.0004981821347338967,0.0015401477731014559,27.751885111438128,2024-09-11,57.31893318229062,0,0,7.6128310304073565,2.1972245773362196,5.84354441703136,7.6128310304073565,2.1972245773362196,5.458889122783803
2024-09-12,BTCUSDT,57338.0,58588.0,57324.0,58132.32,31074.40631,10.967882894969335,10.344139811128025,0.02176675861338714,0.032801720543327674,0.013758211280425158,-0.005183618786241656,0.014765252058152042,0.0013300488519716585,0.0012225048554656323,27.764190153251036,2024-09-12,57.36938859240277,0,0,7.6128310304073565,2.1972245773362196,5.84354441703136,7.6128310304073565,2.1972245773362196,5.458889122783803
2024-09-13,BTCUSDT,58132.31,60625.0,57632.62,60498.0,29825.23333,10.978285176438197,10.303110070238114,0.05043948246133314,0.03721116102282904,0.039888515176949337,0.013758211280425158,0.017608349030679853,0.003871502381807271,0.0014559498255277993,27.78787875452596,2024-09-13,57.565029051456804,0,0,7.6128310304073565,2.1972245773362196,5.84354441703136,7.6128310304073565,2.1972245773362196,5.458889122783803
2024-09-14,BTCUSDT,60497.99,60610.45,59400.0,59993.03,12137.90901,11.012462628239785,9.404088810075068,0.014812775684459064,0.031611564688236546,-0.008381917831569096,0.039888515176949337,0.02080387126861417,0.0008913056863722013,0.0015054393287392029,27.803625361967857,2024-09-14,57.7359293020274,0,0,7.6128310304073565,2.1972245773362196,5.84354441703136,7.6128310304073565,2.1972245773362196,5.458889122783803
2024-09-15,BTCUSDT,59993.02,60395.8,58691.05,59132.0,13757.92361,11.012222599435175,9.529370199664672,0.01886310313487549,0.028424449299896282,-0.014456155768720775,-0.008381917831569096,0.019889658035573368,0.0015170106172629823,0.00120385466834506,27.793715766007306,2024-09-15,57.850435193107316,0,0,7.6128310304073565,2.1972245773362196,5.84354441703136,7.6128310304073565,2.1972245773362196,5.458889122783803
2024-09-16,BTCUSDT,59132.0,59210.7,57493.3,58213.99,26477.5642,11.008674845081297,10.184053019415101,0.019729299998176655,0.026250661974466377,-0.01564652918074257,-0.014456155768720775,0.021516076280870666,0.001536375463768078,0.0011797841597856792,27.775948706667467,2024-09-16,57.93948510690622,0,0,7.6128310304073565,2.1972245773362196,5.84354441703136,7.6128310304073565,2.1972245773362196,5.458889122783803
2024-09-17,BTCUSDT,58213.99,61320.0,57610.01,60313.99,33116.25878,10.988857547783248,10.407779642577724,0.061011887873346694,0.034940968449186455,0.035438379599161005,-0.01564652918074257,0.025034282396475052,0.003404989422929777,0.0012289945203840479,27.790258132569797,2024-09-17,58.14605987319271,0,0,7.6128310304073565,2.1972245773362196,5.84354441703136,7.6128310304073565,2.1972245773362196,5.458889122783803
2024-09-18,BTCUSDT,60313.99,61786.24,59174.8,61759.99,36087.02469,11.023861332985751,10.493688652841847,0.043090991578580505,0.03697847423153497,0.023691660342147144,0.035438379599161005,0.02577437277099592,0.0022577056672756428,0.001170968769269866,27.813615617882082,2024-09-18,58.49385414872091,0,0,7.6128310304073565,2.1972245773362196,5.84354441703136,7.6128310304073565,2.1972245773362196,5.458889122783803
2024-09-19,BTCUSDT,61759.98,63850.0,61555.0,62947.99,34332.52608,11.03143596493308,10.443848466034236,0.03595361427725031,0.0367222592429638,0.01905308607791393,0.023691660342147144,0.022097883810329077,0.0018243357455710782,0.0008596361736596788,27.84242022351549,2024-09-19,58.50596431325701,0,0,7.6128310304073565,2.1972245773362196,5.84354441703136,7.6128310304073565,2.1972245773362196,5.458889122783803
2024-09-20,BTCUSDT,62948.0,64133.32,62350.0,63201.05,25466.37794,11.064291861460685,10.145114348987677,0.02560249130950529,0.033942317259599175,0.004012085061529829,0.01905308607791393,0.02096574763388518,0.0003954696737282387,0.000990483371972051,27.852450520814255,2024-09-20,58.22715310820688,0,0,7.6128310304073565,2.1972245773362196,5.84354441703136,7.6128310304073565,2.1972245773362196,5.458889122783803
2024-09-21,BTCUSDT,63201.05,63559.9,62758.0,63348.96,8375.34608,11.068719320645403,9.033047678824571,0.011739701355165638,0.02839166328349079,0.0023375749611005414,0.004012085061529829,0.018197156382589466,0.00025878031913640015,0.001182683104297864,27.853348840187948,2024-09-21,57.83322391983209,0,0,7.6128310304073565,2.1972245773362196,5.84354441703136,7.6128310304073565,2.1972245773362196,5.458889122783803
2024-09-22,BTCUSDT,63348.97,64000.0,62357.93,63578.76,14242.19892,11.059738047332864,9.563964591583977,0.023905470265436515,0.02727011502897722,0.0036209624041565595,0.0023375749611005414,0.01356234123298282,0.00037860474800825863,0.0012874796149562019,27.855174199383864,2024-09-22,57.81331753601756,0,0,7.6128310304073565,2.1972245773362196,5.84354441703136,7.6128310304073565,2.1972245773362196,5.458889122783803
2024-09-23,BTCUSDT,63578.76,64745.88,62538.75,63339.99,24078.05287,11.06663836234181,10.089056035272941,0.028997992047932346,0.027702084283716004,-0.0037625690717466927,0.0036209624041565595,0.01071212524088113,0.00037293568978030787,0.0008845155550768844,27.858810706550646,2024-09-23,57.73855862085292,0,0,7.6128310304073565,2.1972245773362196,5.84354441703136,7.6128310304073565,2.1972245773362196,5.458889122783803
2024-09-24,BTCUSDT,63339.99,64688.0,62700.0,64262.7,23185.04759,11.078225348193723,10.051262849443683,0.030122111750219387,0.02830709115034185,0.01446248637939056,-0.0037625690717466927,0.008461897794368196,0.0014388725671611532,0.0006739559431413961,27.861794931510524,2024-09-24,57.52310990650287,0,0,7.6128310304073565,2.1972245773362196,5.84354441703136,7.6128310304073565,2.1972245773362196,5.458889122783803
2024-09-25,BTCUSDT,64262.7,64817.99,62947.08,63152.01,17813.11168,11.077330991880553,9.787690076351229,0.017866957654423327,0.02569705777636222,-0.017434692343162504,0.01446248637939056,0.010585048599887814,0.0017812877407395408,0.0006606899940092744,27.86246187595106,2024-09-25,57.54813283267348,0,0,7.6128310304073565,2.1972245773362196,5.84354441703136,7.6128310304073565,2.1972245773362196,5.458889122783803
2024-09-26,BTCUSDT,63152.01,65839.0,62670.0,65173.99,28373.30593,11.079338467266895,10.253204050093926,0.048534708567762805,0.03140647047421237,0.03151578569135097,-0.017434692343162504,0.016623012200833297,0.003073749974873685,0.001108936774135823,27.868621750088273,2024-09-26,57.60960757863013,0,0,7.6128310304073565,2.1972245773362196,5.84354441703136,7.6128310304073565,2.1972245773362196,5.458889122783803
2024-09-27,BTCUSDT,65173.99,66498.0,64819.9,65769.95,22048.80487,11.09496764690025,10.00101367849904,0.024357742332072,0.029644288438677276,0.009102584128001627,0.03151578569135097,0.016625703722646535,0.0009101661512143586,0.001025033094704537,27.889772833843313,2024-09-27,57.52641453932155,0,0,7.6128310304073565,2.1972245773362196,5.84354441703136,7.6128310304073565,2.1972245773362196,5.458889122783803
2024-09-28,BTCUSDT,65769.95,66260.0,65422.23,65858.0,9127.23316,11.104927151003707,9.119017878372238,0.011386338670029198,0.02507980099651526,0.0013378619530761801,0.009102584128001627,0.016723768074841813,0.00014671118873987678,0.0010712270077754002,27.894071962665635,2024-09-28,57.5260069446935,0,0,7.6128310304073565,2.1972245773362196,5.84354441703136,7.6128310304073565,2.1972245773362196,5.458889122783803
2024-09-29,BTCUSDT,65858.0,66076.12,65432.0,65602.01,8337.74111,11.101341675853886,9.02854760854637,0.007016405525980153,0.020563952128881482,-0.003894573316477157,0.0013378619530761801,0.016739054681481222,0.0004313621066571745,0.0010614741305267318,27.89279420734037,2024-09-29,57.56888586640833,0,0,7.6128310304073565,2.1972245773362196,5.84354441703136,7.6128310304073565,2.1972245773362196,5.458889122783803
2024-09-30,BTCUSDT,65602.01,65618.8,62856.3,63327.59,30011.08752,11.098562689763945,10.30932217636495,0.018176487099725247,0.019967085871592422,-0.03528524055475455,-0.003894573316477157,0.022830966797948323,0.0034226537837423634,0.001376656517503306,27.871500802986585,2024-09-30,57.45233814434427,0,0,7.6128310304073565,2.1972245773362196,5.84354441703136,7.6128310304073565,2.1972245773362196,5.458889122783803
2024-10-01,BTCUSDT,63327.6,64130.63,60164.0,60805.78,43671.48108,11.091617519240293,10.68445056117814,0.03671926478720054,0.024155130600494453,-0.04063624492665931,-0.03528524055475455,0.027388017625061826,0.0038033069359982583,0.0016434321761638906,27.835829404967505,2024-10-01,57.41414412944563,0,0,7.6128310304073565,2.302585092994046,5.971261839790462,7.6128310304073565,2.302585092994046,5.466927068226776
2024-10-02,BTCUSDT,60804.92,62390.31,60000.0,60649.28,31534.70118,11.06867737589007,10.35884384323234,0.03389612235762927,0.026590378539778158,-0.002577086316775542,-0.04063624492665931,0.02068788747387091,0.0002487812690080476,0.0016666386443135264,27.816963861346032,2024-10-02,57.75965242710649,0,0,7.6128310304073565,2.302585092994046,5.971261839790462,7.6128310304073565,2.302585092994046,5.466927068226776
2024-10-03,BTCUSDT,60649.27,61477.19,59828.11,60752.71,26221.43472,11.041165253837478,10.174332474356156,0.0240359688845751,0.02595177612597739,0.001703926352847916,-0.002577086316775542,0.019356731540584433,0.00016747303640239478,0.0017444225026244777,27.812575911766647,2024-10-03,58.12625083664901,0,0,7.6128310304073565,2.302585092994046,5.971261839790462,7.6128310304073565,2.302585092994046,5.466927068226776
2024-10-04,BTCUSDT,60752.72,62484.85,60459.9,62086.0,21294.65994,11.02642149068736,9.966211613222999,0.032470821985273735,0.027581537590801477,0.02170883041003728,0.001703926352847916,0.023717324156466102,0.0021782429726090076,0.00165431688115669,27.825040080956693,2024-10-04,58.14255869903024,0,0,7.6128310304073565,2.302585092994046,5.971261839790462,7.6128310304073565,2.302585092994046,5.466927068226776
2024-10-05,BTCUSDT,62086.0,62370.56,61689.26,62058.0,7807.46141,11.042679406340865,8.962835146461702,0.009403771764719165,0.0230370961342809,-0.00045108906551724495,0.02170883041003728,0.023930383147424045,5.032883659534042e-05,0.0017191962402127471,27.83496973530635,2024-10-05,58.12302638764659,0,0,7.6128310304073565,2.302585092994046,5.971261839790462,7.6128310304073565,2.302585092994046,5.466927068226776
2024-10-06,BTCUSDT,62058.01,62975.0,61798.97,62819.91,8906.86177,11.040848648155505,9.094577244056925,0.018575545192460366,0.021921708398825766,0.012202629820996201,-0.00045108906551724495,0.021309304495079305,0.0013417478892677843,0.0014824937312126769,27.840844119559847,2024-10-06,58.08929043174045,0,0,7.6128310304073565,2.302585092994046,5.971261839790462,7.6128310304073565,2.302585092994046,5.466927068226776
2024-10-07,BTCUSDT,62819.91,64478.19,62128.0,62224.0,25966.1852,11.05049310122081,10.164550401298676,0.03137718580493338,0.024285577750352668,-0.009531284031326389,0.012202629820996201,0.011244333016272872,0.0009376985360915345,0.0008337110665207794,27.84872445151162,2024-10-07,58.08847678252281,0,0,7.6128310304073565,2.302585092994046,5.971261839790462,7.6128310304073565,2.302585092994046,5.466927068226776
2024-10-08,BTCUSDT,62224.01,63200.0,61860.31,62160.49,19702.22371,11.074082306066916,9.888486787035964,0.019021850301713532,0.022969645888192884,-0.0010211885021863328,-0.009531284031326389,0.011083461117746747,0.00010327045221167051,0.0008555068032683981,27.83992546806395,2024-10-08,58.11198104177422,0,0,7.6128310304073565,2.302585092994046,5.971261839790462,7.6128310304073565,2.302585092994046,5.466927068226776
2024-10-09,BTCUSDT,62160.5,62543.75,60301.0,60636.02,20011.15684,11.054059580134949,9.90404523900012,0.019817321836239007,0.022181564875204417,-0.024830482976427176,-0.0010211885021863328,0.01629850302731504,0.0025071051653368643,0.0010274071545902505,27.824343046681868,2024-10-09,57.8702262538347,0,0,7.6128310304073565,2.302585092994046,5.971261839790462,7.6128310304073565,2.302585092994046,5.466927068226776
2024-10-10,BTCUSDT,60636.01,61321.68,58946.0,60326.39,23967.92481,11.043621590838766,10.08447174921256,0.03314535594284685,0.024922512642115025,-0.005119452832531935,-0.024830482976427176,0.012214653561324238,0.0005076570156420622,0.0009262419265926015,27.805864394462024,2024-10-10,57.76496505186073,0,0,7.6128310304073565,2.302585092994046,5.971261839790462,7.6128310304073565,2.302585092994046,5.466927068226776
2024-10-11,BTCUSDT,60326.4,63417.56,60087.64,62540.0,23641.35209,11.023888729870727,10.070752664892922,0.053421915172565025,0.03204736327472753,0.03603669892744918,-0.005119452832531935,0.020843325412696716,0.0035783520980586354,0.0013122907907310685,27.826801960064444,2024-10-11,57.86124672390783,0,0,7.6128310304073565,2.302585092994046,5.971261839790462,7.6128310304073565,2.302585092994046,5.466927068226776
2024-10-12,BTCUSDT,62539.99,63480.0,62487.23,63206.22,10911.30116,11.057496073684595,9.297554334777255,0.015646541327607212,0.02794715778794745,0.010596362001929363,0.03603669892744918,0.020684836428956105,0.0011396934742606399,0.0013196121036768418,27.848688862217827,2024-10-12,57.97171273108158,0,0,7.6128310304073565,2.302585092994046,5.971261839790462,7.6128310304073565,2.302585092994046,5.466927068226776
2024-10-13,BTCUSDT,63206.23,63285.72,62050.0,62870.02,11909.21995,11.058480174640346,9.385068164822398,0.016345473670489222,0.025046736758582894,-0.0053332935199566596,0.010596362001929363,0.02032434471479546,0.0005682743509468785,0.0013570708984610028,27.84776320133831,2024-10-13,57.92626264441068,0,0,7.6128310304073565,2.302585092994046,5.971261839790462,7.6128310304073565,2.302585092994046,5.466927068226776
2024-10-14,BTCUSDT,62870.02,66500.0,62457.81,66083.99,37669.95222,11.055414990265408,10.536618032301954,0.06238065462234136,0.03438021622452251,0.04985708823410627,-0.0053332935199566596,0.028083733134176905,0.004731792315262842,0.0017349517892718991,27.873206005605567,2024-10-14,58.017047730848674,0,0,7.6128310304073565,2.302585092994046,5.971261839790462,7.6128310304073565,2.302585092994046,5.466927068226776
2024-10-15,BTCUSDT,66084.0,67950.0,64800.01,67074.14,43683.95423,11.104957226643945,10.684736133565034,0.0447046355359571,0.03696132105238116,0.014872066015212413,0.04985708823410627,0.022250244130276358,0.0013918982957841419,0.0017515476439502458,27.903809298623273,2024-10-15,58.38746354755117,0,0,7.6128310304073565,2.302585092994046,5.971261839790462,7.6128310304073565,2.302585092994046,5.466927068226776
2024-10-16,BTCUSDT,67074.14,68424.0,66750.49,67620.01,29938.25544,11.12652741957929,10.306892387738868,0.02357934766111062,0.033615827704563526,0.008105370403983361,0.014872066015212413,0.020203312090119302,0.0007864029330145671,0.0017076314629842525,27.91871153538043,2024-10-16,58.76309441387622,0,0,7.6128310304073565,2.302585092994046,5.971261839790462,7.6128310304073565,2.302585092994046,5.466927068226776
2024-10-17,BTCUSDT,67620.0,67939.4,66666.0,67421.78,25328.22861,11.133478919260618,10.139674808059214,0.015790430425036334,0.029159478384681727,-0.0029358340463448997,0.008105370403983361,0.019901770347886177,0.0002895392704321682,0.0016387259707820708,27.918012501432504,2024-10-17,58.88515671125482,0,0,7.6128310304073565,2.302585092994046,5.971261839790462,7.6128310304073565,2.302585092994046,5.466927068226776
2024-10-18,BTCUSDT,67421.78,69000.0,67192.36,68428.0,28725.635,11.126371410353824,10.265545208651904,0.02600704754349685,0.028371370674385506,0.014813986471420449,-0.0029358340463448997,0.019894425709751324,0.0014430783918748975,0.0016306156569196413,27.9267389193441,2024-10-18,58.96703022194468,0,0,7.6128310304073565,2.302585092994046,5.971261839790462,7.6128310304073565,2.302585092994046,5.466927068226776
2024-10-19,BTCUSDT,68427.99,68693.26,68010.0,68378.0,8193.66737,11.141861783579396,9.011116862945524,0.008470057289312697,0.023396042328117303,-0.0007309621248523259,0.014813986471420449,0.019108763288390236,8.111781657810966e-05,0.0016990796617242033,27.932297350197175,2024-10-19,58.880762098071294,0,0,7.6128310304073565,2.302585092994046,5.971261839790462,7.6128310304073565,2.302585092994046,5.466927068226776
2024-10-20,BTCUSDT,68377.99,69400.0,68100.0,69031.99,12442.47378,11.137406365682862,9.42887120343694,0.018327994521706886,0.0221290303765147,0.00951888488044817,-0.0007309621248523259,0.0075977999166907135,0.0010095466016100017,0.0005618856077113956,27.937393084824958,2024-10-20,58.69315118439175,0,0,7.6128310304073565,2.302585092994046,5.971261839790462,7.6128310304073565,2.302585092994046,5.466927068226776
2024-10-21,BTCUSDT,69032.0,69519.52,66840.67,67377.5,31374.42184,11.147642146494896,10.35374824885394,0.02312118961673954,0.02237707018657091,-0.02425888605349007,0.00951888488044817,0.013928485259160678,0.0023430052064647502,0.0008239444362275112,27.92950813158074,2024-10-21,58.409489410444884,0,0,7.6128310304073565,2.302585092994046,5.971261839790462,7.6128310304073565,2.302585092994046,5.466927068226776
2024-10-22,BTCUSDT,67377.5,67836.01,66571.42,67426.0,24598.96268,11.14936285542752,10.110459553551706,0.016767340183257606,0.020974637685742585,0.0007195659176902162,-0.02425888605349007,0.013467384279231335,7.11704461977141e-05,0.0009071917166770523,27.916334310240224,2024-10-22,58.444653845366624,0,0,7.6128310304073565,2.302585092994046,5.971261839790462,7.6128310304073565,2.302585092994046,5.466927068226776
2024-10-23,BTCUSDT,67426.01,67472.83,65260.0,66668.65,25530.2407,11.124848453877632,10.14761893831486,0.026840984215214757,0.022441224318110627,-0.01129587277243706,0.0007195659176902162,0.014185729654485476,0.0011131550012965783,0.0008624759455834007,27.907158977991656,2024-10-23,58.64366522062802,0,0,7.6128310304073565,2.302585092994046,5.971261839790462,7.6128310304073565,2.302585092994046,5.466927068226776
2024-10-24,BTCUSDT,66668.65,68850.0,66510.0,68198.28,22589.83877,11.119480277309778,10.025255472207716,0.03424868233996512,0.02539308882357425,0.02268451715263484,-0.01129587277243706,0.016250871842319433,0.002262737065955224,0.0009988844142102616,27.919544774231966,2024-10-24,58.89520336489012,0,0,7.6128310304073565,2.302585092994046,5.971261839790462,7.6128310304073565,2.302585092994046,5.466927068226776
2024-10-25,BTCUSDT,68198.27,68771.49,65596.29,66698.33,34479.71125,11.139685504156802,10.44812635032261,0.03230726727301115,0.027121633435933476,-0.022239429463163648,0.02268451715263484,0.018511080536623658,0.0021285567112688058,0.0009075678191665434,27.916282913616634,2024-10-25,59.34991834851647,0,0,7.6128310304073565,2.302585092994046,5.971261839790462,7.6128310304073565,2.302585092994046,5.466927068226776
2024-10-26,BTCUSDT,66698.32,67454.55,66439.9,67092.76,11842.9077,11.13854454850348,9.379484461057755,0.014451132723785237,0.023954008257896415,0.005896224370562871,-0.022239429463163648,0.01802906652149185,0.0006286298991211223,0.0009595660312694026,27.909446053151687,2024-10-26,59.44239165790863,0,0,7.6128310304073565,2.302585092994046,5.971261839790462,7.6128310304073565,2.302585092994046,5.466927068226776
2024-10-27,BTCUSDT,67092.76,68332.05,66913.73,68021.7,8653.19592,11.119209316736589,9.06568400220873,0.020682752377572684,0.023136194287815482,0.013750632418520554,0.005896224370562871,0.016407609120581427,0.0015167782613171163,0.0008549845833785356,27.91960713586985,2024-10-27,59.34800975748039,0,0,7.6128310304073565,2.302585092994046,5.971261839790462,7.6128310304073565,2.302585092994046,5.466927068226776
2024-10-28,BTCUSDT,68021.69,70270.0,67618.0,69962.21,29046.75459,11.132134188788275,10.27666203796684,0.03812963184312549,0.026884553676642983,0.02812846721520796,0.013750632418520554,0.019619354604617265,0.0027371209748153756,0.0007868822196010238,27.94001930976574,2024-10-28,59.511940752758434,0,0,7.6128310304073565,2.302585092994046,5.971261839790462,7.6128310304073565,2.302585092994046,5.466927068226776
2024-10-29,BTCUSDT,69962.21,73620.12,69760.0,72736.42,50128.60594,11.160100244186243,10.822347100974007,0.053532091850038606,0.03354643821999189,0.03888698282937757,0.02812846721520796,0.02131579992891134,0.0035932115710720232,0.0010154896131349673,27.976822372469215,2024-10-29,59.86826565438496,0,0,7.6128310304073565,2.302585092994046,5.971261839790462,7.6128310304073565,2.302585092994046,5.466927068226776
2024-10-30,BTCUSDT,72736.41,72961.0,71436.0,72344.74,26885.99056,11.206673636923533,10.199360632902033,0.017122024937269005,0.02944033489931117,-0.005399473668343945,0.03888698282937757,0.0222277887481599,0.0005293933475521817,0.0012041560073235828,27.989082622156694,2024-10-30,60.001304997678325,0,0,7.6128310304073565,2.302585092994046,5.971261839790462,7.6128310304073565,2.302585092994046,5.466927068226776
2024-10-31,BTCUSDT,72344.75,72700.0,69685.76,70292.01,29352.10297,11.197680330794636,10.287119474137441,0.02306077186798617,0.02784544414147992,-0.02878461169591104,-0.005399473668343945,0.024190773806559845,0.0027981216479771257,0.001264045912832925,27.973678748505293,2024-10-31,60.13377514634383,0,0,7.6128310304073565,2.302585092994046,5.971261839790462,7.6128310304073565,2.302585092994046,5.466927068226776
2024-11-01,BTCUSDT,70292.01,71632.95,68820.14,69496.01,38301.86755,11.194096663521611,10.55325393507656,0.031045164079799972,0.02864537412605993,-0.011388795745506882,-0.02878461169591104,0.025587004297839187,0.00107917385628836,0.0011791557028169404,27.95601728515578,2024-11-01,60.19375745657811,0,0,7.6128310304073565,2.3978952727983707,6.173786103901937,7.6128310304073565,2.3978952727983707,5.9638050047874405
2024-11-02,BTCUSDT,69496.0,69914.37,69000.14,69374.74,10521.67243,11.179310442621976,9.261192449892059,0.01085230027129163,0.024197105662367855,-0.0017465165389545408,-0.011388795745506882,0.025413443409814215,0.0001885844126881195,0.0014012931601935239,27.94764607746834,2024-11-02,60.2088905798781,0,0,7.6128310304073565,2.3978952727983707,6.173786103901937,7.6128310304073565,2.3978952727983707,5.9638050047874405
2024-11-03,BTCUSDT,69374.74,69391.0,67478.73,68775.99,24995.70243,11.155026486492494,10.126459186273358,0.023113143845797577,0.023926115208225286,-0.008668122839253566,-0.0017465165389545408,0.022490259657726604,0.0008559875352090887,0.0013652882242745005,27.93789113962946,2024-11-03,60.37000662450333,0,0,7.6128310304073565,2.3978952727983707,6.173786103901937,7.6128310304073565,2.3978952727983707,5.9638050047874405
2024-11-04,BTCUSDT,68775.99,69500.0,66835.0,67850.01,29800.39187,11.147512455088211,10.302276822407036,0.028999176991778685,0.025194380654113634,-0.013555167807772158,-0.008668122839253566,0.009416062732233142,0.0013157448631442533,0.0009101385203631766,27.930426451684045,2024-11-04,60.50315523891287,0,0,7.6128310304073565,2.3978952727983707,6.173786103901937,7.6128310304073565,2.3978952727983707,5.9638050047874405
2024-11-05,BTCUSDT,67850.01,70577.91,67476.63,69372.01,33355.06888,11.149082031552883,10.414965030199197,0.043864960251932865,0.02986202555356844,0.02218393837390412,-0.013555167807772158,0.016845680542594513,0.0021300060355056065,0.0009339147522289462,27.938652401682806,2024-11-05,60.555858830406265,0,0,7.6128310304073565,2.3978952727983707,6.173786103901937,7.6128310304073565,2.3978952727983707,5.9638050047874405
2024-11-06,BTCUSDT,69372.01,76400.0,69298.0,75571.99,104126.994787,11.164472485002781,11.553366536903887,0.09750702306535719,0.04677327493151563,0.08560223984821512,0.02218393837390412,0.03830721140499659,0.0074092897143688405,0.00264664932081942,27.993406435782614,2024-11-06,60.53980838796751,0,0,7.6128310304073565,2.3978952727983707,6.173786103901937,7.6128310304073565,2.3978952727983707,5.9638050047874405
2024-11-07,BTCUSDT,75571.99,76849.99,74416.0,75857.89,44869.422345,11.243737975154612,10.711511824917915,0.028905713316107313,0.042306384527663554,0.0037760095920657505,0.08560223984821512,0.036925114924946816,0.0003525188277607757,0.0027217315076424153,28.034829423106387,2024-11-07,60.16713099433041,0,0,7.6128310304073565,2.3978952727983707,6.173786103901937,7.6128310304073565,2.3978952727983707,5.9638050047874405
2024-11-08,BTCUSDT,75857.89,77199.99,75555.0,76509.78,36521.099583,11.249610618843116,10.505645443319162,0.02068754626356364,0.03690167496163858,0.00855685431952021,0.0037760095920657505,0.03624628117317158,0.0008145005812052943,0.0026474665208289384,28.04304887149361,2024-11-08,59.76785243576676,0,0,7.6128310304073565,2.3978952727983707,6.173786103901937,7.6128310304073565,2.3978952727983707,5.9638050047874405
2024-11-09,BTCUSDT,76509.78,76900.0,75714.66,76677.46,16942.07915,11.254154606479181,9.737555696802092,0.014526936334288322,0.03130799030480101,0.0021892171563324633,0.00855685431952021,0.03499908004883234,0.0002248220420501855,0.0027205228645931145,28.045204577985537,2024-11-09,59.150581416127096,0,0,7.6128310304073565,2.3978952727983707,6.173786103901937,7.6128310304073565,2.3978952727983707,5.9638050047874405
2024-11-10,BTCUSDT,76677.46,81500.0,76492.0,80370.01,61830.100435,11.250261155493735,11.032145586924576,0.063149722775407,0.03926842342245251,0.04703330369431591,0.0021892171563324633,0.032695092686585624,0.004263296139788104,0.0028273645681276952,28.074617742693707,2024-11-10,58.860221796724325,0,0,7.6128310304073565,2.3978952727983707,6.173786103901937,7.6128310304073565,2.3978952727983707,5.9638050047874405
2024-11-11,BTCUSDT,80370.01,89530.54,80216.01,88647.99,82323.665776,11.308358299228955,11.318413900323073,0.10977016347026723,0.05689385843440619,0.09803226217915882,0.04703330369431591,0.0429483180814385,0.008661307409544423,0.0037486481548739494,28.147517593124952,2024-11-11,59.465634874485474,0,0,7.6128310304073565,2.3978952727983707,6.173786103901937,7.6128310304073565,2.3978952727983707,5.9638050047874405
2024-11-12,BTCUSDT,88648.0,89940.0,85072.0,87952.01,97299.887911,11.402335075107834,11.485553116179599,0.0466477627760444,0.05433233451981574,-0.007882034011635572,0.09803226217915882,0.040351177731269686,0.0006862563719750005,0.0033760807282908305,28.185360036282745,2024-11-12,59.97544473887238,0,0,7.6128310304073565,2.3978952727983707,6.173786103901937,7.6128310304073565,2.3978952727983707,5.9638050047874405
2024-11-13,BTCUSDT,87952.0,93265.64,86127.99,90375.2,86763.854127,11.406898060324698,11.3709453868103,0.07536019787003788,0.059589300357371276,0.027178568661184198,-0.007882034011635572,0.038963549418573634,0.002390176694781237,0.0032154672476921134,28.202396812887493,2024-11-13,60.66158735683352,0,0,7.6128310304073565,2.3978952727983707,6.173786103901937,7.6128310304073565,2.3978952727983707,5.9638050047874405
2024-11-14,BTCUSDT,90375.21,91790.0,86668.21,87325.59,56729.51086,11.443207044622062,10.946049828037715,0.03476132692155783,0.053382306998417915,-0.03432634643790914,0.027178568661184198,0.04667427707112868,0.0031359574437514488,0.0030588435517655012,28.19815904291641,2024-11-14,60.84910036974011,0,0,7.6128310304073565,2.3978952727983707,6.173786103901937,7.6128310304073565,2.3978952727983707,5.9638050047874405
2024-11-15,BTCUSDT,87325.59,91850.0,87073.38,91032.07,47927.95068,11.427258638213136,10.777454134719665,0.05316282855406017,0.05332743738732848,0.041568314974823425,-0.03432634643790914,0.04609010144408431,0.003856969786668887,0.0026820843357501316,28.200590141060015,2024-11-15,60.91508915608894,0,0,7.6128310304073565,2.3978952727983707,6.173786103901937,7.6128310304073565,2.3978952727983707,5.9638050047874405
2024-11-16,BTCUSDT,91032.08,91779.66,90056.17,90586.92,22717.87689,11.427912090643272,10.030907421725711,0.01477774095196918,0.043690013278488656,-0.004902030249246929,0.041568314974823425,0.04680728695133233,0.0004886926020899898,0.00298621618507316,28.217529053065302,2024-11-16,60.41858593020242,0,0,7.6128310304073565,2.3978952727983707,6.173786103901937,7.6128310304073565,2.3978952727983707,5.9638050047874405
2024-11-17,BTCUSDT,90587.98,91449.99,88722.0,89855.99,23867.55609,11.427145983431176,10.080275329927037,0.023476727608192777,0.03863669186091469,-0.008101554091419313,-0.004902030249246929,0.02744506026769296,0.0008037036515626557,0.0014327720565487847,28.209824119337895,2024-11-17,60.123549693440076,0,0,7.6128310304073565,2.3978952727983707,6.173786103901937,7.6128310304073565,2.3978952727983707,5.9638050047874405
2024-11-18,BTCUSDT,89855.98,92594.0,89376.9,90464.08,46545.03448,11.423547544469635,10.7481756063388,0.03355696517295669,0.03736676018892519,0.006744588166355547,-0.008101554091419313,0.027010639684197132,0.0006275100457400311,0.001442838303026477,28.214404650158794,2024-11-18,59.88863047761711,0,0,7.6128310304073565,2.3978952727983707,6.173786103901937,7.6128310304073565,2.3978952727983707,5.9638050047874405
2024-11-19,BTCUSDT,90464.07,93905.51,90357.0,92310.79,43660.04682,11.43597962371858,10.684188702480823,0.0382563779851682,0.037589164637985936,0.02020817024435305,0.006744588166355547,0.02598039058806736,0.0018914089602012363,0.001422049632858473,28.227539594431008,2024-11-19,59.9488090753574,0,0,7.6128310304073565,2.3978952727983707,6.173786103901937,7.6128310304073565,2.3978952727983707,5.9638050047874405
2024-11-20,BTCUSDT,92310.8,94831.97,91500.0,94286.56,42203.198712,11.450044342921002,10.650251296014074,0.03504906112262717,0.03695413875914624,0.021177619537080205,0.02020817024435305,0.01865253044025557,0.0019884619572315696,0.0012762465676211339,28.24427970863999,2024-11-20,60.768318238194425,0,0,7.6128310304073565,2.3978952727983707,6.173786103901937,7.6128310304073565,2.3978952727983707,5.9638050047874405
2024-11-21,BTCUSDT,94286.56,98988.0,94040.0,98317.12,69228.360477,11.459861867678658,11.145165891129617,0.05110448598272083,0.04049172556503989,0.04185951709945262,0.021177619537080205,0.018742572369382662,0.003755845135761362,0.0012408054329944424,28.277608068868528,2024-11-21,60.98085698203834,0,0,7.6128310304073565,2.3978952727983707,6.173786103901937,7.6128310304073565,2.3978952727983707,5.9638050047874405
2024-11-22,BTCUSDT,98317.12,99588.01,97122.11,98892.0,46189.309243,11.502753909648732,10.740503648625667,0.02329964293779556,0.036193704908228805,0.005830172847894076,0.04185951709945262,0.017156768374953085,0.0005428211784686738,0.0012313347167430292,28.299009359556607,2024-11-22,60.388488555094554,0,0,7.6128310304073565,2.3978952727983707,6.173786103901937,7.6128310304073565,2.3978952727983707,5.9638050047874405
2024-11-23,BTCUSDT,98892.0,98908.85,97136.0,97672.4,24757.84367,11.508797054800148,10.116897633749177,0.010086913388553784,0.02966700702831005,-0.012409323871574746,0.005830172847894076,0.018346628499575548,0.001226593795925958,0.001187862761913481,28.295768836702393,2024-11-23,59.42322701684763,0,0,7.6128310304073565,2.3978952727983707,6.173786103901937,7.6128310304073565,2.3978952727983707,5.9638050047874405
2024-11-24,BTCUSDT,97672.4,98564.0,95734.77,97900.04,31200.97838,11.501953997934924,10.348204731639244,0.026698359265922154,0.028924845087713077,0.002327936418892903,-0.012409323871574746,0.018774830521829305,0.00022496041383635615,0.0012673699006471224,28.288674883697002,2024-11-24,59.17552128637855,0,0,7.6128310304073565,2.3978952727983707,6.173786103901937,7.6128310304073565,2.3978952727983707,5.9638050047874405
2024-11-25,BTCUSDT,97900.05,98871.8,92600.19,93010.01,50847.45096,11.498461362359405,10.836585271606657,0.029883783769393272,0.029164579758133125,-0.051239836346874276,0.002327936418892903,0.03165483383015509,0.004728411677904634,0.0018090486744484812,28.269467905987636,2024-11-25,58.849824979912846,0,0,7.6128310304073565,2.3978952727983707,6.173786103901937,7.6128310304073565,2.3978952727983707,5.9638050047874405
2024-11-26,BTCUSDT,93010.01,94973.37,90791.1,91965.16,57858.73138,11.501579340450146,10.965759652607073,0.035369473977952745,0.03071580331308803,-0.011297312096130885,-0.051239836346874276,0.03031566005732003,0.001030235246259933,0.0018600944624106227,28.237778512301205,2024-11-26,58.69094600541763,0,0,7.6128310304073565,2.3978952727983707,6.173786103901937,7.6128310304073565,2.3978952727983707,5.9638050047874405
2024-11-27,BTCUSDT,91965.16,97208.21,91792.14,95863.11,41153.42734,11.46135181549739,10.625062491579776,0.05709918906177182,0.037311649750258975,0.04151142667791282,-0.011297312096130885,0.030210140365787216,0.003906934826106678,0.001890719211041081,28.25345102994791,2024-11-27,58.46175893958659,0,0,7.6128310304073565,2.3978952727983707,6.173786103901937,7.6128310304073565,2.3978952727983707,5.9638050047874405
2024-11-28,BTCUSDT,95863.11,96564.0,94640.0,95643.98,28814.54357,11.484610451902137,10.268635523731431,0.016796335181068173,0.03218282110796127,-0.002288480239917697,0.04151142667791282,0.02985002116295748,0.00022286118098445331,0.001941938147046061,28.269885850336024,2024-11-28,58.209981751160015,0,0,7.6128310304073565,2.3978952727983707,6.173786103901937,7.6128310304073565,2.3978952727983707,5.9638050047874405
2024-11-29,BTCUSDT,95643.99,98619.99,95364.99,97460.0,27701.78231,11.477961279934133,10.229252033426787,0.03304350157472811,0.03239799122465298,0.01880928130380514,-0.002288480239917697,0.031112712033737253,0.001838773865610197,0.00191602061595319,28.281009151400617,2024-11-29,58.12407334676683,0,0,7.6128310304073565,2.3978952727983707,6.173786103901937,7.6128310304073565,2.3978952727983707,5.9638050047874405
2024-11-30,BTCUSDT,97460.0,97463.95,96092.01,96407.99,14503.83306,11.499029258378801,9.58216824244015,0.006854294954342342,0.026012067157075318,-0.010852955416106586,0.01880928130380514,0.031349165073581604,0.0011326200022285168,0.0017795740397573137,28.28195082276307,2024-11-30,57.55096617019711,0,0,7.6128310304073565,2.3978952727983707,6.173786103901937,7.6128310304073565,2.3978952727983707,5.9638050047874405
2024-12-01,BTCUSDT,96407.99,97836.0,95693.88,97185.18,16938.60452,11.48723784502418,9.737350587008793,0.02098762421539854,0.024755956421656122,0.008029148706736931,-0.010852955416106586,0.020350644376154903,0.0008245722114030812,0.0012923400118095413,28.28139678091945,2024-12-01,57.028197434903085,0,0,7.6128310304073565,2.4849066497880004,6.182084906716632,7.6128310304073565,2.4849066497880004,6.015816069094543
2024-12-02,BTCUSDT,97185.17,98130.0,94395.0,95840.62,37958.66981,11.491047886450911,10.544253210223687,0.028603693544236072,0.02571789070230111,-0.013931627244584067,0.008029148706736931,0.020854767193506655,0.0013212531003216036,0.0012768820109645552,28.277427898695713,2024-12-02,56.42916095392695,0,0,7.6128310304073565,2.4849066497880004,6.182084906716632,7.6128310304073565,2.4849066497880004,6.015816069094543
2024-12-03,BTCUSDT,95840.61,96305.52,93578.17,95849.69,35827.32283,11.49404840920054,10.486466088835916,0.026683073213772123,0.025959186330168863,9.463180488125695e-05,-0.013931627244584067,0.012127456463218762,9.024184513599266e-06,0.0006885455862113578,28.266843962698825,2024-12-03,55.70726289145495,0,0,7.6128310304073565,2.4849066497880004,6.182084906716632,7.6128310304073565,2.4849066497880004,6.015816069094543
2024-12-04,BTCUSDT,95849.69,99000.0,94587.83,98587.32,43850.53728,11.475280917015713,10.688542250404856,0.04497981772997132,0.030714344180119476,0.028161417666881416,9.463180488125695e-05,0.016553504746916105,0.002634729508209104,0.0008936044070877361,28.28386732482241,2024-12-04,55.43854756398953,0,0,7.6128310304073565,2.4849066497880004,6.182084906716632,7.6128310304073565,2.4849066497880004,6.015816069094543
2024-12-05,BTCUSDT,98587.32,104088.0,90500.0,96945.63,109921.729662,11.502875129116727,11.607523842976477,0.11611996383763612,0.05206574909449864,-0.01679234704122157,0.028161417666881416,0.017010199039526403,0.001446677798674723,0.000859436706781224,28.292933367874493,2024-12-05,55.682385805760546,0,0,7.6128310304073565,2.4849066497880004,6.182084906716632,7.6128310304073565,2.4849066497880004,6.015816069094543
2024-12-06,BTCUSDT,96945.63,101898.99,95981.72,99740.84,45049.5331,11.552991974183312,10.71551789894282,0.05800892114446218,0.05355154210698952,0.028424916087496886,-0.01679234704122157,0.01974376368425849,0.0026526870988010064,0.0010323030872434402,28.302040172780746,2024-12-06,55.524513210026775,0,0,7.6128310304073565,2.4849066497880004,6.182084906716632,7.6128310304073565,2.4849066497880004,6.015816069094543
2024-12-07,BTCUSDT,99740.84,100439.18,98844.0,99831.99,14931.9459,11.53173730748358,9.611258216936564,0.014196308490160596,0.04371273370278229,0.0009134510578209996,0.028424916087496886,0.019786970591402588,9.503969586535026e-05,0.0011601939307584576,28.312232040703517,2024-12-07,55.1610788109363,0,0,7.6128310304073565,2.4849066497880004,6.182084906716632,7.6128310304073565,2.4849066497880004,6.015816069094543
2024-12-08,BTCUSDT,99831.99,101351.0,98657.7,101109.59,14612.99688,11.517307649160138,9.58966660896611,0.026404424831089998,0.03938565648485921,0.012716305068205409,0.0009134510578209996,0.01770989879843156,0.001326042456608029,0.0011601636689766521,28.31699059396489,2024-12-08,55.23588944565461,0,0,7.6128310304073565,2.4849066497880004,6.182084906716632,7.6128310304073565,2.4849066497880004,6.015816069094543
2024-12-09,BTCUSDT,101109.6,101215.93,94150.05,97276.47,53949.11595,11.526345018629694,10.895796584083069,0.04904838327886145,0.04180133818335977,-0.03864784755258232,0.012716305068205409,0.02646821225429816,0.00354704194909809,0.0012326150907184415,28.29878524910847,2024-12-09,56.3747912511501,0,0,7.6128310304073565,2.4849066497880004,6.182084906716632,7.6128310304073565,2.4849066497880004,6.015816069094543
2024-12-10,BTCUSDT,97276.48,98270.0,94256.54,96593.0,51708.68933,11.525011434514873,10.853381118520982,0.034582364723690605,0.03999659481844248,-0.007050855728157901,-0.03864784755258232,0.02335063457983634,0.0006496460090326892,0.001277769491680338,28.279760699394703,2024-12-10,57.06890090054058,0,0,7.6128310304073565,2.4849066497880004,6.182084906716632,7.6128310304073565,2.4849066497880004,6.015816069094543
2024-12-11,BTCUSDT,96593.0,101888.0,95658.24,101125.0,37753.78291,11.495474071356472,10.538840959192955,0.0625103644635257,0.04562503722971328,0.04585110055392514,-0.007050855728157901,0.029391504391057553,0.004350677719823597,0.0016844745163905092,28.302424283837535,2024-12-11,56.98411624071065,0,0,7.6128310304073565,2.4849066497880004,6.182084906716632,7.6128310304073565,2.4849066497880004,6.015816069094543
2024-12-12,BTCUSDT,101125.0,102540.0,99311.64,100004.29,29232.08745,11.531629449764,10.283022270197877,0.02388064737050293,0.0401889397649107,-0.011144290310743151,0.04585110055392514,0.028040215415103542,0.001083756313845725,0.001703840131077488,28.32177457210188,2024-12-12,56.5378806661581,0,0,7.6128310304073565,2.4849066497880004,6.182084906716632,7.6128310304073565,2.4849066497880004,6.015816069094543
2024-12-13,BTCUSDT,100004.29,101895.26,99205.0,101424.25,21904.03923,11.538008245337691,9.994426338523704,0.02605297380436637,0.03665494827477461,0.014099129370686553,-0.011144290310743151,0.028595973266653012,0.0014106992130544997,0.0015073767392593791,28.32043038772334,2024-12-13,56.42395363785984,0,0,7.6128310304073565,2.4849066497880004,6.182084906716632,7.6128310304073565,2.4849066497880004,6.015816069094543
2024-12-14,BTCUSDT,101424.24,102650.0,100609.41,101420.0,14191.70326,11.53170070193656,9.56041279536797,0.017491202530602438,0.03186401183873157,-4.190407172619906e-05,0.014099129370686553,0.028167749206496374,4.383081842083391e-06,0.0017181457555067413,28.32914769190541,2024-12-14,56.74028673174867,0,0,7.6128310304073565,2.4849066497880004,6.182084906716632,7.6128310304073565,2.4849066497880004,6.015816069094543
2024-12-15,BTCUSDT,101420.0,105250.0,101237.14,104463.99,22228.921775,11.53908042244708,10.00914950263303,0.03869839794642513,0.033572608365654955,0.02957210835064263,-4.190407172619906e-05,0.022372295102863402,0.002954507607550804,0.0016143709881640718,28.343993283283105,2024-12-15,57.08321111390229,0,0,7.6128310304073565,2.4849066497880004,6.182084906716632,7.6128310304073565,2.4849066497880004,6.015816069094543
2024-12-16,BTCUSDT,104463.99,107793.07,103333.0,106058.66,41302.40274,11.564093751544627,10.628675954980837,0.04011287751823126,0.03520767565379903,0.015149918553743596,0.02957210835064263,0.020360393640726802,0.001425381544974471,0.0015386521607816883,28.366380038704026,2024-12-16,57.43491730277432,0,0,7.6128310304073565,2.4849066497880004,6.182084906716632,7.6128310304073565,2.4849066497880004,6.015816069094543
2024-12-17,BTCUSDT,106058.65,108353.0,105321.49,106133.74,29064.936466,11.587968649676332,10.27728779420497,0.025708203810104708,0.03283280769287545,0.0007076596818099129,0.015149918553743596,0.014408409406251162,6.8856657123968e-05,0.001084930106338545,28.376787031150624,2024-12-17,57.85085090570681,0,0,7.6128310304073565,2.4849066497880004,6.182084906716632,7.6128310304073565,2.4849066497880004,6.015816069094543
2024-12-18,BTCUSDT,106133.74,106524.98,100000.0,100204.01,50307.99755,11.59314969462919,10.825919340467037,0.01881230171097401,0.02932768119740009,-0.057491789143001994,0.0007076596818099129,0.030357733813354586,0.005310568768797216,0.0020073171252431693,28.345755180247437,2024-12-18,58.11715741632808,0,0,7.6128310304073565,2.4849066497880004,6.182084906716632,7.6128310304073565,2.4849066497880004,6.015816069094543
2024-12-19,BTCUSDT,100204.01,102800.11,95700.0,97461.86,55147.398,11.57613479061874,10.917764843151573,0.051667888444771534,0.034912733009242955,-0.02774708582409932,-0.057491789143001994,0.03135300248773332,0.0025414621236785786,0.002009507353815304,28.30405102715255,2024-12-19,58.60340391161466,0,0,7.6128310304073565,2.4849066497880004,6.182084906716632,7.6128310304073565,2.4849066497880004,6.015816069094543
2024-12-20,BTCUSDT,97461.86,98233.0,92232.54,97805.44,62884.1357,11.54054170204154,11.049049196250683,0.061091119267927055,0.04145732957391398,0.003519077229743537,-0.02774708582409932,0.0315360921505106,0.0003184959327484648,0.0019487006980161029,28.277099389125844,2024-12-20,58.88334546158965,0,0,7.6128310304073565,2.4849066497880004,6.182084906716632,7.6128310304073565,2.4849066497880004,6.015816069094543
2024-12-21,BTCUSDT,97805.44,99540.61,96398.39,97291.99,23483.54143,11.495097486770616,10.064055090081483,0.026415604387190032,0.03769689827723299,-0.005263536125710258,0.003519077229743537,0.02646571594787661,0.0005230035088835789,0.001988675867696725,28.29085494642608,2024-12-21,58.742668889995386,0,0,7.6128310304073565,2.4849066497880004,6.182084906716632,7.6128310304073565,2.4849066497880004,6.015816069094543
2024-12-22,BTCUSDT,97292.0,97448.08,94250.35,95186.27,19353.83036,11.50832098058344,9.870645630289319,0.01916587824587038,0.03306414326939234,-0.02188095438284901,-0.005263536125710258,0.022999693639522634,0.0022167703311832556,0.0019932204456985106,28.273159194596534,2024-12-22,58.96320107497922,0,0,7.6128310304073565,2.4849066497880004,6.182084906716632,7.6128310304073565,2.4849066497880004,6.015816069094543
2024-12-23,BTCUSDT,95186.28,96538.92,92520.0,94881.47,32810.76703,11.48707500233012,10.398512003615444,0.036277457469480884,0.03386747181941448,-0.0032072803231183965,-0.02188095438284901,0.02240990274801297,0.00030843646879507967,0.0019528783532472287,28.259657731306152,2024-12-23,58.32457949090775,0,0,7.6128310304073565,2.4849066497880004,6.182084906716632,7.6128310304073565,2.4849066497880004,6.015816069094543
2024-12-24,BTCUSDT,94881.47,99487.99,93569.02,98663.58,23674.22488,11.477701522079192,10.072142177497193,0.060385387543353326,0.04049695075039919,0.039087452998785556,-0.0032072803231183965,0.02360880874946944,0.0038807487334832596,0.001478711165174844,28.278852240348634,2024-12-24,57.84196260096159,0,0,7.6128310304073565,2.4849066497880004,6.182084906716632,7.6128310304073565,2.4849066497880004,6.015816069094543
2024-12-25,BTCUSDT,98663.58,99569.15,97632.02,99429.6,14474.1651,11.50779221234384,9.580120622021235,0.019268063148647405,0.035189728849961244,0.007733974670366026,0.039087452998785556,0.02024946070098392,0.0008072940806808229,0.0014340813663012585,28.301522775789966,2024-12-25,58.172768205420425,0,0,7.6128310304073565,2.4849066497880004,6.182084906716632,7.6128310304073565,2.4849066497880004,6.015816069094543
2024-12-26,BTCUSDT,99429.61,99963.7,95199.14,95791.6,21192.36727,11.508607656637848,9.961396361398185,0.023051496998903225,0.032155170887196736,-0.03727485759295436,0.007733974670366026,0.02615982893401742,0.0037419309743962894,0.0016148436423812141,28.289054779051163,2024-12-26,58.39873850669845,0,0,7.6128310304073565,2.4849066497880004,6.182084906716632,7.6128310304073565,2.4849066497880004,6.015816069094543
2024-12-27,BTCUSDT,95791.6,97544.58,93500.01,94299.03,26501.26429,11.51256239906978,10.184947719892877,0.03120897872798941,0.031918622847394905,-0.01570409519397809,-0.03727485759295436,0.026645913462238664,0.0015418925679221121,0.0014880285895641544,28.264664457498885,2024-12-27,58.252749400561456,0,0,7.6128310304073565,2.4849066497880004,6.182084906716632,7.6128310304073565,2.4849066497880004,6.015816069094543
2024-12-28,BTCUSDT,94299.03,95733.99,94135.66,95300.0,8385.8929,11.488064783257034,9.034306156363678,0.01660085574070692,0.028089181070722908,0.010558907393903796,-0.01570409519397809,0.02586587128405229,0.001168756870882243,0.0015300792308965791,28.260089097366947,2024-12-28,57.947595779943,0,0,7.6128310304073565,2.4849066497880004,6.182084906716632,7.6128310304073565,2.4849066497880004,6.015816069094543
2024-12-29,BTCUSDT,95300.0,95340.0,93009.52,93738.2,13576.00578,11.469328686796048,9.516059232665297,0.014150579439711337,0.024604530662970015,-0.016524020398176582,0.010558907393903796,0.026772066326191866,0.0017364352190511183,0.0013293739449646126,28.254373480387223,2024-12-29,57.875718713005696,0,0,7.6128310304073565,2.4849066497880004,6.182084906716632,7.6128310304073565,2.4849066497880004,6.015816069094543
2024-12-30,BTCUSDT,93738.19,95024.5,91530.45,92792.05,27619.4225,11.465204728758817,10.226274517982926,0.028928466067450462,0.025685514514090128,-0.010144822242994745,-0.016524020398176582,0.017640266098553577,0.000992035000151331,0.0010741227885442345,28.24279693061982,2024-12-30,57.89106213000798,0,0,7.6128310304073565,2.4849066497880004,6.182084906716632,7.6128310304073565,2.4849066497880004,6.015816069094543
2024-12-31,BTCUSDT,92792.05,96250.0,92033.73,93576.0,19612.03389,11.46189003207039,9.88389863079329,0.04213416663750619,0.029797677544944143,0.008412972329420844,-0.010144822242994745,0.017780148783953686,0.0008511795439919048,0.0010672437716187449,28.247026706857728,2024-12-31,57.91969669787251,0,0,7.6128310304073565,2.4849066497880004,6.182084906716632,7.6128310304073565,2.4849066497880004,6.015816069094543
2025-01-01,BTCUSDT,93576.0,95151.15,92888.0,94591.79,10373.32613,11.474704252150032,9.246992995215237,0.02315085590618357,0.028135972135254,0.010796745473918477,0.008412972329420844,0.013378635952451153,0.0011675952906534204,0.00033481926289006836,28.25112811685835,2025-01-01,57.83426002105474,0,0,7.613324979540639,0.0,6.175867270105761,7.613324979540639,0.0,6.145475283929389
2025-01-02,BTCUSDT,94591.78,97839.5,94392.0,96984.79,21970.48948,11.463221958830975,9.99745544460248,0.03561254749331388,0.03000511597476897,0.02498347626229524,0.010796745473918477,0.015280891282234484,0.002498983506426483,0.000615798773066096,28.27092340940136,2025-01-02,57.63418956632009,0,0,7.613324979540639,0.0,6.175867270105761,7.613324979540639,0.0,6.145475283929389
2025-01-03,BTCUSDT,96984.79,98976.91,96100.01,98174.18,15253.82936,11.491083659963696,9.6325858560876,0.028203748641131295,0.02955477414135955,0.012189085912690157,0.02498347626229524,0.015420170728689502,0.001265401221935323,0.0006096957683937147,28.28837152690871,2025-01-03,57.293269429352684,0,0,7.613324979540639,0.0,6.175867270105761,7.613324979540639,0.0,6.145475283929389
2025-01-04,BTCUSDT,98174.17,98778.43,97514.79,98220.5,8990.05651,11.502641869590606,9.103874413319103,0.011295953023048779,0.02499006886178186,0.00047170321374159335,0.012189085912690157,0.011828874451521337,5.1813457911005954e-05,0.0007940725222195542,28.295404805474945,2025-01-04,56.88518342862333,0,0,7.613324979540639,0.0,6.175867270105761,7.613324979540639,0.0,6.145475283929389
2025-01-05,BTCUSDT,98220.51,98836.85,97276.79,98363.61,8095.63723,11.500634540062658,8.999080581975884,0.014380288131072384,0.02233762367910449,0.001455967374787927,0.00047170321374159335,0.008896774773440511,0.00016179068089511956,0.0008909855112567024,28.295705108269555,2025-01-05,56.950451613426196,0,0,7.613324979540639,0.0,6.175867270105761,7.613324979540639,0.0,6.145475283929389
2025-01-06,BTCUSDT,98363.61,102480.0,97920.0,102235.6,25263.43375,11.501225789906313,10.137113322928851,0.045398127237737285,0.028102749568762686,0.03860903512357024,0.001455967374787927,0.014674911599592364,0.0038086814158663444,0.0014409168775247469,28.316710753954116,2025-01-06,57.34724747997948,0,0,7.613324979540639,0.0,6.175867270105761,7.613324979540639,0.0,6.145475283929389
2025-01-07,BTCUSDT,102235.6,102724.38,96181.81,96954.61,32059.87537,11.537422936570616,10.375360538757361,0.02832595503968788,0.028158550936493984,-0.05303702286757633,0.03860903512357024,0.03155065880526873,0.0051118245645012045,0.0020387886580286747,28.309805027997964,2025-01-07,57.84392242987613,0,0,7.613324979540639,0.0,6.175867270105761,7.613324979540639,0.0,6.145475283929389
2025-01-08,BTCUSDT,96954.6,97268.65,92500.9,95060.61,33704.67894,11.539804758201637,10.425391947652495,0.03802795394482027,0.030625901688575555,-0.019728242676769096,-0.05303702286757633,0.03090881111081085,0.0018923262334718592,0.002033040040482705,28.268034337242682,2025-01-08,58.00504145414157,0,0,7.613324979540639,0.0,6.175867270105761,7.613324979540639,0.0,6.145475283929389
2025-01-09,BTCUSDT,95060.61,95382.32,91203.67,92552.49,34544.83685,11.485232016873372,10.450013378086442,0.02755766505647384,0.029858842530550128,-0.026738745131460816,-0.019728242676769096,0.031082361366597724,0.002558728315844232,0.0020017095037911862,28.24766312391372,2025-01-09,57.92746242094132,0,0,7.613324979540639,0.0,6.175867270105761,7.613324979540639,0.0,6.145475283929389
2025-01-10,BTCUSDT,92552.49,95836.0,92206.02,94726.11,31482.86424,11.465648515314,10.357198684415234,0.038043043106719,0.031904892674592344,0.02321373193383758,-0.026738745131460816,0.03385271881632511,0.002241313760714848,0.001693582875422775,28.250763006677293,2025-01-10,58.08418899679768,0,0,7.613324979540639,0.0,6.175867270105761,7.613324979540639,0.0,6.145475283929389
2025-01-11,BTCUSDT,94726.1,95050.94,93831.73,94599.99,7047.9043,11.47039367625125,8.860485589203739,0.011025030572128102,0.026684927148976283,-0.0013323046178590012,0.02321373193383758,0.03374825526267899,0.0001503647406731724,0.0016969152293548626,28.25833480911903,2025-01-11,57.89442267926404,0,0,7.613324979540639,0.0,6.175867270105761,7.613324979540639,0.0,6.145475283929389
2025-01-12,BTCUSDT,94599.99,95450.1,93711.19,94545.06,8606.86622,11.4621682373995,9.060315561366137,0.015751557995065814,0.023951584860498667,-0.0005808240981644022,-0.0013323046178590012,0.026225118103928434,6.410638726989595e-05,0.0018565684494315493,28.258445625278547,2025-01-12,57.864452946277474,0,0,7.613324979540639,0.0,6.175867270105761,7.613324979540639,0.0,6.145475283929389
2025-01-13,BTCUSDT,94545.07,95940.0,89256.69,94536.1,42619.56423,11.466358876822282,10.660068681057869,0.06607031924550563,0.03448126845675041,-9.477411717486941e-05,-0.0005808240981644022,0.017543137794785835,8.89057284811643e-06,0.0012005877314720088,28.247804734258654,2025-01-13,58.24572353742268,0,0,7.613324979540639,0.0,6.175867270105761,7.613324979540639,0.0,6.145475283929389
2025-01-14,BTCUSDT,94536.11,97371.0,94346.22,96560.86,27846.61753,11.471478275056056,10.234466784837569,0.0312899176875527,0.03368343076445098,0.021191710994825055,-9.477411717486941e-05,0.018243801801140415,0.0020706218936799637,0.0012245258552651998,28.270259061092542,2025-01-14,58.43936534794611,0,0,7.613324979540639,0.0,6.175867270105761,7.613324979540639,0.0,6.145475283929389
2025-01-15,BTCUSDT,96560.85,100681.94,96500.0,100497.35,30509.99179,11.486283704023792,10.325809508618578,0.04240979475705477,0.03586502176260193,0.03995787586321273,0.021191710994825055,0.017066439347976643,0.0038697087942462373,0.0015835646740125376,28.29977268460999,2025-01-15,58.01810835249047,0,0,7.613324979540639,0.0,6.175867270105761,7.613324979540639,0.0,6.145475283929389
2025-01-16,BTCUSDT,100497.35,100866.66,97335.13,99987.3,27832.85317,11.519721718034605,10.233972370644786,0.03146779423632777,0.03476571488103339,-0.005088181069371945,0.03995787586321273,0.017814420501667393,0.0004971853435882754,0.0015583044617161809,28.31140607483043,2025-01-16,57.55206907602212,0,0,7.613324979540639,0.0,6.175867270105761,7.613324979540639,0.0,6.145475283929389
2025-01-17,BTCUSDT,99987.3,105865.22,99950.77,104077.48,39171.85292,11.521554725574427,10.575713730110875,0.057434858417908026,0.040433000765252046,0.040092443843718385,-0.005088181069371945,0.020784662717982513,0.0037909917823861195,0.0017999049072198463,28.33895396627927,2025-01-17,57.68828351839892,0,0,7.613324979540639,0.0,6.175867270105761,7.613324979540639,0.0,6.145475283929389
2025-01-18,BTCUSDT,104077.47,104988.88,102277.55,104556.23,24307.82998,11.569922054606236,10.09855379882565,0.02474931159245141,0.03651207847205189,0.004589391046213007,0.040092443843718385,0.02005858064333214,0.0004544602264481378,0.001734064945600039,28.35391017207546,2025-01-18,57.937840363082394,0,0,7.613324979540639,0.0,6.175867270105761,7.613324979540639,0.0,6.145475283929389
2025-01-19,BTCUSDT,104556.23,106422.43,99651.6,101331.57,43397.28298,11.56160971876945,10.678152113981309,0.044341556243584636,0.038469447914935076,-0.0313270015419219,0.004589391046213007,0.02785087164936565,0.0029337474506384185,0.0015356986171329273,28.34343916393784,2025-01-19,58.33873055714013,0,0,7.613324979540639,0.0,6.175867270105761,7.613324979540639,0.0,6.145475283929389
2025-01-20,BTCUSDT,101331.57,109588.0,99550.0,102260.01,89529.231732,11.575171641943417,11.402320462467738,0.08945054659884419,0.05121472258591235,0.009120676170877553,-0.0313270015419219,0.027449870710472533,0.0007998964948318614,0.001651834666286332,28.34482195772766,2025-01-20,58.66750161366573,0,0,7.613324979540639,0.0,6.175867270105761,7.613324979540639,0.0,6.145475283929389
2025-01-21,BTCUSDT,102260.0,107240.81,100119.04,106143.82,45941.02002,11.604483158450593,10.735113679305263,0.06711536900523765,0.05518988419074368,0.03727627951194209,0.009120676170877553,0.026871645221602042,0.0034723693316636097,0.0015706279866094187,28.352390133621178,2025-01-21,58.65294404562383,0,0,7.613324979540639,0.0,6.175867270105761,7.613324979540639,0.0,6.145475283929389
2025-01-22,BTCUSDT,106143.82,106394.46,103339.12,103706.66,22248.69254,11.58283214547318,10.010038523620628,0.012798285922311891,0.044591984623635735,-0.023228630058235156,0.03727627951194209,0.029664123341292113,0.002320533532755413,0.001389659001799587,28.36232755514004,2025-01-22,58.6098259589714,0,0,7.613324979540639,0.0,6.175867270105761,7.613324979540639,0.0,6.145475283929389
2025-01-23,BTCUSDT,103706.66,106850.0,101262.28,103910.34,53953.12031,11.57490878686494,10.895870806085144,0.04711216547538278,0.045222029836572496,0.001962075026061362,-0.023228630058235156,0.024568841063665817,0.0001800751000980646,0.0013942713222725612,28.353047023074694,2025-01-23,58.63705477190578,0,0,7.613324979540639,0.0,6.175867270105761,7.613324979540639,0.0,6.145475283929389
2025-01-24,BTCUSDT,103910.35,107120.0,102750.0,104870.5,23609.24017,11.579181260747294,10.069393447011922,0.038684120394795206,0.04358755247612817,0.009197843721146091,0.001962075026061362,0.024821792249938877,0.0009134456578291255,0.0013234881170106625,28.360386305623198,2025-01-24,58.76355649623408,0,0,7.613324979540639,0.0,6.175867270105761,7.613324979540639,0.0,6.145475283929389
2025-01-25,BTCUSDT,104870.51,105286.52,104106.09,104746.85,9068.32377,11.581704980365053,9.112542715665805,0.009461934834823448,0.03505614806580199,-0.0011797688916675218,0.009197843721146091,0.019590722396942734,0.00012946648684996834,0.0013254843590662152,28.36126554842145,2025-01-25,58.873849107963096,0,0,7.613324979540639,0.0,6.175867270105761,7.613324979540639,0.0,6.145475283929389
2025-01-26,BTCUSDT,104746.86,105500.0,102520.44,102620.0,9812.51238,11.56444067473274,9.19141362374592,0.015036761706186154,0.030051301475898032,-0.02051364123722352,-0.0011797688916675218,0.022080233014090896,0.002231826580432279,0.0013456202132353353,28.35245247618477,2025-01-26,58.85437445098755,0,0,7.613324979540639,0.0,6.175867270105761,7.613324979540639,0.0,6.145475283929389
2025-01-27,BTCUSDT,102620.01,103260.0,97777.77,102082.83,50758.1341,11.566466231898259,10.834827161893427,0.0492119545740084,0.03484146475042563,-0.005248302947392055,-0.02051364123722352,0.012838456309365498,0.00048439193989642694,0.0009953301177368379,28.328898717376585,2025-01-27,59.138713386345195,0,0,7.613324979540639,0.0,6.175867270105761,7.613324979540639,0.0,6.145475283929389
2025-01-28,BTCUSDT,102082.83,103800.0,100272.68,101335.52,22022.05765,11.54500535843364,9.999799850506818,0.027665183750027963,0.03304739450032621,-0.00734755111376838,-0.005248302947392055,0.010030169357843762,0.000734769817757501,0.0007743559577024204,28.333186737797025,2025-01-28,59.29404753324883,0,0,7.613324979540639,0.0,6.175867270105761,7.613324979540639,0.0,6.145475283929389
2025-01-29,BTCUSDT,101335.52,104782.68,101328.01,103733.24,23155.35802,11.550221249713925,10.0499814806826,0.03351448472725076,0.033164167057057346,0.023385612440133215,-0.00734755111376838,0.015064758593870149,0.002326930898836328,0.0009238362713443331,28.342061053426995,2025-01-29,59.688882360288055,0,0,7.613324979540639,0.0,6.175867270105761,7.613324979540639,0.0,6.145475283929389
2025-01-30,BTCUSDT,103733.25,106457.44,103278.54,104722.94,19374.07472,11.559643770035382,9.871691096694079,0.02910110355965905,0.03214840118270777,0.009495592181071395,0.023385612440133215,0.015102683364811614,0.0009619012677829197,0.0009217025392602552,28.359344853417305,2025-01-30,59.57427479103361,0,0,7.613324979540639,0.0,6.175867270105761,7.613324979540639,0.0,6.145475283929389
2025-01-31,BTCUSDT,104722.94,106012.0,101560.0,102429.56,21983.18193,11.575500559847356,9.998032982266372,0.028041760389405913,0.031121740984382307,-0.022142853251164527,0.009495592181071395,0.017585723820198247,0.0022147209646577047,0.000852813427283185,28.351266771645662,2025-01-31,59.030633621573244,0,0,7.613324979540639,0.0,6.175867270105761,7.613324979540639,0.0,6.145475283929389
2025-02-01,BTCUSDT,102429.56,102783.71,100279.51,100635.65,12290.95747,11.571307574233883,9.416619105953522,0.012662587484279487,0.0265069526093566,-0.017668774175154188,-0.022142853251164527,0.01707354648285995,0.0018763394777201257,0.0008020057955260568,28.33005192570854,2025-02-01,59.198763445146184,0,0,7.613324979540639,0.6931471805599453,5.937536205082426,7.613324979540639,0.0,6.145475283929389
2025-02-02,BTCUSDT,100635.66,101456.6,96150.0,97700.59,34619.49939,11.540382156411589,10.452172368487004,0.034145697862588476,0.02841663892266457,-0.029598970722466058,-0.017668774175154188,0.02024236086879906,0.0028318486989083813,0.0008189916171836614,28.30471575035177,2025-02-02,60.28368095399983,0,0,7.613324979540639,0.6931471805599453,5.937536205082426,,,
2025-02-03,BTCUSDT,97700.59,102500.01,91231.0,101328.52,75164.7385,11.527386399816034,11.227437497043045,0.11303660726958367,0.049571631009394344,0.03646031368487303,-0.029598970722466058,0.02699999043524232,0.0032474296734651634,0.000792353397230794,28.296627576189945,2025-02-03,61.72694846640934,0,0,7.613324979540639,0.6931471805599453,5.937536205082426,,,
2025-02-04,BTCUSDT,101328.51,101732.31,96150.0,97763.13,40267.98697,11.53761817512157,10.60331206426726,0.03312485038030769,0.045459935852122685,-0.03582039951426249,0.03646031368487303,0.02755221568980893,0.0033782274158445087,0.0009204566268720888,28.30812109586278,2025-02-04,61.2287416677703,0,0,7.613324979540639,0.6931471805599453,5.937536205082426,,,
2025-02-05,BTCUSDT,97763.14,99149.0,96155.0,96612.43,26233.30444,11.530100230696018,10.174785044339066,0.02259035155061444,0.039742539776745626,-0.011840104206887518,-0.03582039951426249,0.025877471411013788,0.0011636711886581805,0.0008581804145534702,28.289333828082327,2025-02-05,61.3717373613576,0,0,7.613324979540639,0.6931471805599453,5.937536205082426,,,
2025-02-06,BTCUSDT,96612.44,99120.0,95676.64,96554.35,23515.20405,11.504379048168387,10.065402471781432,0.03154145708072405,0.03769226910274023,-0.0006013456532248081,-0.011840104206887518,0.025922036352959154,5.9743825933507704e-05,0.0013095907132367494,28.284721872700274,2025-02-06,61.627772774989175,0,0,7.613324979540639,0.6931471805599453,5.937536205082426,,,
2025-02-07,BTCUSDT,96554.35,100137.99,95620.34,96506.8,31794.22065,11.504086516303024,10.367039811685412,0.04209563524238342,0.03879311063765103,-0.0004925900520273397,-0.0006013456532248081,0.02583347300364599,4.7515014987413005e-05,0.001559122967015403,28.286937609971726,2025-02-07,61.929391906232624,0,0,7.613324979540639,0.6931471805599453,5.937536205082426,,,
2025-02-08,BTCUSDT,96506.8,96880.0,95688.0,96444.74,10147.24294,11.514304413783151,9.224957316044314,0.010719239539742147,0.03177464286317381,-0.0006432703479849328,-0.0004925900520273397,0.023348514235481854,6.973152568046448e-05,0.0015966215136031916,28.27852755160029,2025-02-08,61.735345049711285,0,0,7.613324979540639,0.6931471805599453,5.937536205082426,,,
2025-02-09,BTCUSDT,96444.75,97323.09,94713.0,96462.75,14120.91613,11.481228378226973,9.55541239067055,0.02404452399420008,0.029842113145930375,0.00018672162550374357,-0.0006432703479849328,0.014287909479601936,1.95409279965823e-05,0.0013442844038338262,28.277044126398675,2025-02-09,61.58231666473871,0,0,7.613324979540639,0.6931471805599453,5.937536205082426,,,
2025-02-10,BTCUSDT,96462.75,98345.0,95256.0,97430.82,20572.87537,11.485791547318193,9.931728757515863,0.030015244337018,0.02988539594370228,0.009985664239646478,0.00018672162550374357,0.006914075925353199,0.0010054306237561913,0.0005372875164367686,28.283637226313484,2025-02-10,61.646779271131884,0,0,7.613324979540639,0.6931471805599453,5.937536205082426,,,
2025-02-11,BTCUSDT,97430.82,98478.42,94876.88,95778.2,18647.76379,11.496236983683993,9.833481513861452,0.025487492974668305,0.02878592020144379,-0.017107486030289196,0.009985664239646478,0.008728088862815613,0.0017397181258920532,0.0007219881325734178,28.28127795102591,2025-02-11,61.35648086515858,0,0,7.613324979540639,0.6931471805599453,5.937536205082426,,,
2025-02-12,BTCUSDT,95778.21,98119.99,94088.23,97869.99,29151.16625,11.497592716862856,10.280250199554645,0.04141341346920656,0.03194279351838448,0.021604863590941464,-0.017107486030289196,0.012878767416541554,0.00210158927764982,0.000929777930911224,28.279184243787782,2025-02-12,61.12687919854299,0,0,7.613324979540639,0.6931471805599453,5.937536205082426,,,
2025-02-13,BTCUSDT,97870.0,98083.91,95217.36,96608.14,19921.77616,11.4939463964564,9.899568691822292,0.021522219578812642,0.02933765003349152,-0.012976962582638805,0.021604863590941464,0.014337477694726585,0.0013108614108974916,0.0008571916886226558,28.28432286456648,2025-02-13,60.946320797110786,0,0,7.613324979540639,0.6931471805599453,5.937536205082426,,,
2025-02-14,BTCUSDT,96608.13,98826.0,96252.82,97500.48,18173.02646,11.49357861579142,9.807693711086364,0.025422016329404516,0.02835874160746977,0.009194298389878524,-0.012976962582638805,0.01478084181274624,0.0009374577409045234,0.0007232569188775175,28.288086848310417,2025-02-14,60.75586149582604,0,0,7.613324979540639,0.6931471805599453,5.937536205082426,,,
2025-02-15,BTCUSDT,97500.47,97972.26,97223.58,97569.66,7349.37683,11.501116007010731,8.902370803578414,0.006865502720317658,0.02298543188568174,0.0007092833675137415,0.009194298389878524,0.014770868192185262,7.967353676490723e-05,0.0007040255357351482,28.29080703129661,2025-02-15,60.72373889894019,0,0,7.613324979540639,0.6931471805599453,5.937536205082426,,,
2025-02-16,BTCUSDT,97569.67,97704.47,96046.18,96118.12,8191.4249,11.49243965635883,9.010843142178249,0.005951221353788367,0.018726879252708398,-0.014988732643856638,0.0007092833675137415,0.015536222635719498,0.0016634106717158229,0.0007195189950238825,28.283669389757907,2025-02-16,60.763970085700265,0,0,7.613324979540639,0.6931471805599453,5.937536205082426,,,
2025-02-17,BTCUSDT,96118.12,97046.59,95205.0,95780.0,16492.0451,11.489702589287237,9.71063342848228,0.015545281156694898,0.017931479728705024,-0.0035239568777999416,-0.014988732643856638,0.01383683644416791,0.0003628967053234463,0.0007710280451111195,28.27505874507703,2025-02-17,60.65309434009848,0,0,7.613324979540639,0.6931471805599453,5.937536205082426,,,
2025-02-18,BTCUSDT,95780.01,96753.91,93388.09,95671.74,23368.19471,11.48294645145229,10.05913117636768,0.031131843504929643,0.02123157067276118,-0.001130937870179614,-0.0035239568777999416,0.009008759649046653,0.00011242898122618895,0.0006617437300624182,28.26823857645062,2025-02-18,60.986518929130156,0,0,7.613324979540639,0.6931471805599453,5.937536205082426,,,
2025-02-19,BTCUSDT,95671.74,96899.99,95029.99,96644.37,16438.50954,11.47992602351212,9.70738200391631,0.01902526437809434,0.02067999409909447,0.010114995490717066,-0.001130937870179614,0.009226996338291106,0.00104199005320243,0.0006237284644840865,28.274774974574584,2025-02-19,61.171428034978355,0,0,7.613324979540639,0.6931471805599453,5.937536205082426,,,
2025-02-20,BTCUSDT,96644.37,98711.36,96415.09,98305.0,17057.39177,11.481434694679677,9.744338923659923,0.02332824186984868,0.02134205604178302,0.017036938024453396,0.010114995490717066,0.011137127785566922,0.0017483934167238932,0.0007588023297630583,28.290168247730712,2025-02-20,61.156170675679235,0,0,7.613324979540639,0.6931471805599453,5.937536205082426,,,
2025-02-21,BTCUSDT,98305.01,98505.0,98084.06,98470.17,3797.05939,11.499955315049775,8.241982201405238,0.004188502971162964,0.017053667774128006,0.0016787691129025034,0.017036938024453396,0.011132663625624742,0.00020368511747286683,0.0007354497979677896,28.287358179873717,2025-02-21,61.231365696965256,0,0,7.613324979540639,0.6931471805599453,5.937536205082426,,,
