time,open,high,low,close,Volume
1396310400,99.38055076465609,99.42670354478234,99.29683246708136,99.38465167068325,14938879.0403
1396396800,99.33808901047382,99.43399201851054,99.3326641383049,99.33838747136222,14938879.0403
1396483200,99.33929527569623,99.49469304023363,99.3206381689266,99.39942608945992,14938879.0403
1396569600,99.40983388728102,99.4475630852115,99.38419720037143,99.41050109222985,14938879.0403
1396656000,99.44181048224043,99.46234256049294,99.3408750352744,99.46084351305666,14938879.0403
1396742400,99.4451270087391,99.44572373924403,99.4002940790559,99.42981933029183,11585153.9653
1396828800,99.41923976527276,99.44352798240276,99.40865012500092,99.41642536759701,11585153.9653
1396915200,99.41642536759701,99.45089261940431,99.40399089644593,99.42637268498092,11585153.9653
1397001600,99.4276359902688,99.5767707793322,99.40990126959352,99.42609524302377,11585153.9653
1397088000,99.42671085799363,99.91255198011166,99.42609555129175,99.46526427792539,11585153.9653
1397174400,99.43881614841573,99.4709502212078,99.39715695177232,99.39962172138905,11585153.9653
1397260800,99.39992982618608,99.43856947153344,99.37783711094266,99.42624937725326,11585153.9653
1397347200,99.4097976593064,99.47664477835745,99.38034996943941,99.43745051576937,13812151.5278
1397433600,99.43745020228434,99.48754711665954,99.39828775293836,99.39938409859211,13812151.5278
1397520000,99.42122248434012,99.42702040289481,99.27321850627746,99.37730481919426,13812151.5278
1397606400,99.31325212568034,99.38021678962579,99.13264038293119,99.29687579324147,13812151.5278
1397692800,99.2261133749119,99.30294757010711,99.03498099664671,99.26964847498002,13812151.5278
1397779200,99.25381841051785,99.31926429564595,99.16794671791119,99.29044551814631,13812151.5278
1397865600,99.28746197165906,99.29558899065746,99.180827653124,99.21322197475672,13812151.5278
1397952000,99.21400409510272,99.25657954390792,99.20760842222765,99.21571869469199,17828133.6597
1398038400,99.2438378485803,99.27337918613787,99.2136575573802,99.26523592141811,17828133.6597
1398124800,99.26714038766681,99.27629490618169,99.1571661792373,99.27280046701057,17828133.6597
1398211200,99.27968466151111,99.32332845674264,99.24044039625986,99.27978719523625,17828133.6597
1398297600,99.27544798854547,99.31956500252025,99.2586140125557,99.29938925572486,17828133.6597
1398384000,99.29413496504574,99.35465043454288,99.17833488421121,99.2841227385863,17828133.6597
1398470400,99.26404436953426,99.34219162344745,99.1994173393094,99.30583303449974,17828133.6597
1398556800,99.26499494164189,99.30808272797749,99.21945923579513,99.23993499045154,8929749.34173
1398643200,99.27023595088743,99.28522569585037,99.17747029574102,99.2572676205187,8929749.34173
1398729600,99.20092201989921,99.27983753028036,99.17811396248698,99.21239142728959,8929749.34173
1398816000,99.24203525195267,99.26889751190423,99.18654676853775,99.24301995670183,8929749.34173
1398902400,99.19461579096627,99.2351013875498,99.15839046562532,99.20236597330992,8929749.34173
1398988800,99.20236597330992,99.27274348395984,99.19401846375506,99.22290812255461,8929749.34173
1399075200,99.27123374871344,99.34272540806859,99.26194005806194,99.28314117997027,8929749.34173
1399161600,99.28068685716357,99.29537606340742,99.201127492819,99.24090444369367,9459854.21528
1399248000,99.2484005716779,99.3351015453959,99.21385074175703,99.26798961694632,9459854.21528
1399334400,99.23867433368648,99.3039491226146,99.21852280751546,99.25478515996716,9459854.21528
1399420800,99.23300774837236,99.26607267678814,99.21782503198557,99.23083713083288,9459854.21528
1399507200,99.23326341000575,99.26858350615348,99.21195608644933,99.23769131234981,9459854.21528
1399593600,99.2376913123498,99.27586655459912,99.17612050577978,99.18516240180575,9459854.21528
1399680000,99.19598962386665,99.22484645389108,99.12471553790618,99.1924154428845,9459854.21528
1399766400,99.16479569056487,99.2229717508103,99.13430441977306,99.17087475641061,6512059.79167
1399852800,99.1708747564106,99.22938300868766,99.14787976627223,99.16686945645526,6512059.79167
1399939200,99.19463587448229,99.20652267698995,99.15190863116494,99.16972454390702,6512059.79167
1400025600,99.17467958323188,99.21914737171342,99.03506245426995,99.08756612608143,6512059.79167
1400112000,99.07344474642194,99.14913361301923,98.81011181046631,98.9221283841116,6512059.79167
1400198400,98.96945167873022,99.10165078324235,98.88988358532798,99.01455341721066,6512059.79167
1400284800,98.9666739561947,99.09796698783909,98.9346265644033,99.05534637530072,6512059.79167
1400371200,99.04753510762973,99.11265873332049,98.90133176481352,98.91942350541146,2658027.7691
1400457600,98.9194231764552,98.95637431057678,98.84542838540126,98.90161394136456,2658027.7691
1400544000,98.88594110873754,99.02465839924784,98.82853601435797,98.95364316824391,2658027.7691
1400630400,98.95068093093046,99.04370542645879,98.8242541951107,98.91091213603067,2658027.7691
1400716800,98.91941474359689,99.23760353016118,98.70128060001647,98.77282781209871,2658027.7691
1400803200,98.80266977364509,98.85683818260422,98.51643709355145,98.68257541086864,2658027.7691
1400889600,98.68407401664861,98.867755252237,98.60205621800723,98.75643110700899,2658027.7691
1400976000,98.74758979664516,98.88324966693935,98.60673838129912,98.71033509989111,20873673.5069
1401062400,98.69160323331153,99.03139278520736,98.6494326566459,98.93663335451006,20873673.5069
1401148800,98.97641966698379,99.12303504328095,98.81400497160281,98.95103534883219,20873673.5069
1401235200,98.96315379774359,99.18495404473099,98.92284953270777,99.18435455135783,20873673.5069
1401321600,99.17163022923839,99.25183264342307,98.97185421940542,99.02090483553113,20873673.5069
1401408000,98.993414002214,99.20810957867808,98.83927461246539,99.05070975360695,20873673.5069
1401494400,99.06882517171682,99.12581683242176,98.94378083770084,99.08510650424648,20873673.5069
1401580800,99.0593528676421,99.10802482993948,98.82034583478394,98.91428242114272,20381581.8472
1401667200,98.92008183290399,98.96727545955726,98.73299941508378,98.8927716233126,20381581.8472
1401753600,98.86755795141953,99.00342327824369,98.84280111050919,98.96148948740225,20381581.8472
1401840000,98.9614894874022,99.05503324347086,98.92918052404565,99.02493826743381,20381581.8472
1401926400,99.01282530399403,99.16532139607214,98.98670185811555,99.14685748986128,20381581.8472
1402012800,99.14685815523833,99.17139518022205,99.01819436886873,99.05234851273622,20381581.8472
1402099200,99.04766676440072,99.1324096017773,99.03354135987324,99.11836749673351,20381581.8472
1402185600,99.11322469628469,99.21935988505938,99.08029583730563,99.16854742590324,11454319.9444
1402272000,99.15851119889571,99.21993294981975,99.12708438070177,99.15902880372266,11454319.9444
1402358400,99.1597838761252,99.19816961480473,99.01501988032014,99.02907715709567,11454319.9444
1402444800,99.02954956449342,99.09529649160655,98.95509623706708,99.06102103560443,11454319.9444
1402531200,99.06421811171117,99.09675961692504,98.97038849867228,99.0086811250275,11454319.9444
1402617600,99.0307830944315,99.0348851453987,98.9266636518204,99.00734044413078,11454319.9444
1402704000,99.00734077662118,99.06126480610168,98.97632807932393,99.0052442592471,11454319.9444
1402790400,98.9930386071625,99.06463071222522,98.95540746251396,99.02764613670526,37864362.3056
1402876800,99.00969872162382,99.0740534565931,99.00532619394072,99.03343333137803,37864362.3056
1402963200,99.03342666448195,99.07698352715556,99.01597480762364,99.05943064049069,37864362.3056
1403049600,99.06571370027156,99.12551985970805,99.01165222420296,99.05113836331655,37864362.3056
1403136000,99.05766401728576,99.07226095770598,98.99482416705696,99.0076828784221,37864362.3056
1403222400,99.01699889682895,99.12373325553618,98.91162291285897,99.04624101930412,37864362.3056
1403308800,99.06532591664241,99.13303052497014,99.04647927547899,99.10639959899422,37864362.3056
1403395200,98.97093825030466,99.01515744685932,98.8757776696866,98.94930993785277,11489686.5278
1403481600,98.94150584086441,98.96686256226648,98.8673998341659,98.94445749411493,11489686.5278
1403568000,98.95185670040085,99.0204210717929,98.913628053664,98.98716633479653,11489686.5278
1403654400,98.9890165078627,99.08157874666692,98.95541924887122,99.06353470698213,11489686.5278
1403740800,99.03152023130872,99.06791682929624,98.88534992545334,98.98241128181486,11489686.5278
1403827200,98.96243617325369,99.02482380588398,98.9232474819302,99.00578201365377,11489686.5278
1403913600,98.99943737859967,99.08107282613892,98.97185933457621,99.0586671351598,11489686.5278
1404000000,99.04367676999446,99.10291999375816,99.01086012647367,99.07205274201958,11930314.8898
1404086400,99.0758845049385,99.22589829498112,99.05118647681842,99.16354972515317,11930314.8898
1404172800,99.16354972515316,99.27205783950303,99.1335619315969,99.22650364098283,11930314.8898
1404259200,99.24535098254029,99.41138962727916,99.2138965959484,99.3234697229545,11930314.8898
1404345600,99.26641443620076,99.33243320782327,99.1610489567117,99.22763423637714,11930314.8898
1404432000,99.23406570867337,99.25361365791477,99.14759570395367,99.18865460190362,11930314.8898
1404518400,99.20249377825354,99.28306174014232,99.18359992172665,99.26614910909538,11930314.8898
1404604800,99.24428651196517,99.31382353571306,99.1870336389612,99.27011060285743,10667358.7753
1404691200,99.27018282346049,99.31190093985538,99.20590658784292,99.27005939604359,10667358.7753
1404777600,99.26833967111118,99.29382250124513,99.16172210562472,99.19430564175612,10667358.7753
1404864000,99.20858615932812,99.23367835589228,99.10341931335259,99.2000467401289,10667358.7753
1404950400,99.21156920700305,99.28476872829347,99.13324623592767,99.20662464816162,10667358.7753
1405036800,99.19249128646375,99.24121379362228,99.15937125516335,99.22512050370315,10667358.7753
1405123200,99.22340548199226,99.26581014608249,99.18446452386435,99.24036785678484,10667358.7753
1405209600,99.23487325640899,99.27567164728617,99.19468478770082,99.25773038137561,12333769.3472
1405296000,99.25673601902992,99.29475481605158,99.19998295782652,99.25449210770704,12333769.3472
1405382400,99.24537235862849,99.29619987429713,99.21350893503264,99.24451735210951,12333769.3472
1405468800,99.24160493827706,99.31704802215357,99.19029883213628,99.26037045388992,12333769.3472
1405555200,99.25015861281672,99.26810605906435,99.10799988053192,99.16665286453397,12333769.3472
1405641600,99.17323158899413,99.22141394626036,99.10940023347938,99.20666475767538,12333769.3472
1405728000,99.2000196012038,99.23405696776716,99.17003390304941,99.22505153991172,12333769.3472
1405814400,99.18750132230011,99.23753938261748,99.1635513736622,99.2134452761064,6359359.60069
1405900800,99.20129315909337,99.2632824252257,99.17819869995385,99.22805981238768,6359359.60069
1405987200,99.2305750150433,99.28883069137049,99.2071546774789,99.26569871338565,6359359.60069
1406073600,99.26254620007246,99.28775957364849,99.22270555133157,99.26606740698999,6359359.60069
1406160000,99.26530972605498,99.29400937757771,99.23696976774455,99.28827851416156,6359359.60069
1406246400,99.2736326482216,99.31438293284633,99.23973346344955,99.28743255257302,6359359.60069
1406332800,99.29823292179915,99.31769994069171,99.26769486904678,99.29093558731769,6359359.60069
1406419200,99.29787827037757,99.32417350869306,99.26634226199526,99.29643162062838,9807645.01389
1406505600,99.29517753036137,99.33397951437603,99.26727133497282,99.32734575639198,9807645.01389
1406592000,99.32049683766456,99.36832140059043,99.30038457603997,99.35316448597487,9807645.01389
1406678400,99.34799098600438,99.38687738939564,99.32033464359027,99.36462109803735,9807645.01389
1406764800,99.36159979794166,99.38900503346522,99.28928848608494,99.32614801566805,9807645.01389
1406851200,99.17085370293563,99.26340789160908,99.14698492329835,99.21307497873386,9807645.01389
1406937600,99.22905054059457,99.29999706172931,99.18115166944932,99.256008212422,9807645.01389
1407024000,99.26477290777038,99.29411425872917,99.1937791213659,99.24903575685111,8215886.37153
1407110400,99.25408279999385,99.32707572445229,99.20658168874424,99.29156762219895,8215886.37153
1407196800,99.29434249071515,99.33632060979579,99.25707083224387,99.30404561398139,8215886.37153
1407283200,99.29852064348648,99.34879860828502,99.25845438756518,99.30619990813831,8215886.37153
1407369600,99.31251590055088,99.35690807375912,99.27328426857937,99.31908207184199,8215886.37153
1407456000,99.31768760411747,99.34306415057397,99.27805512348158,99.32810862667898,8215886.37153
1407542400,99.32141254733534,99.37347774902679,99.2949099177195,99.34025809477532,8215886.37153
1407628800,99.35661768536069,99.37681493196673,99.31047918451351,99.33911891635483,7053188.54514
1407715200,99.33951268938475,99.41148795330668,99.32113045837998,99.39981118451175,7053188.54514
1407801600,99.39518597878151,99.43235790223562,99.36477719649297,99.3898109521034,7053188.54514
1407888000,99.40038098750816,99.44981632094884,99.3464541080159,99.39091408973017,7053188.54514
1407974400,99.38010236446031,99.4321440391559,99.32486415588764,99.38277604370201,7053188.54514
1408060800,99.38557278071374,99.47939982889982,99.3427070881317,99.43275850598438,7053188.54514
1408147200,99.14707590271851,99.27844742488018,97.99301943750248,99.1462762001898,7053188.54514
1408233600,99.14813602233832,99.23513954777854,99.07117767983186,99.18202900648842,23462482.5694
1408320000,99.16987628529267,99.31424859159831,99.02698275895635,99.27835421219909,23462482.5694
1408406400,99.28811484473108,99.3175328415305,99.0689576304862,99.12778843939208,23462482.5694
1408492800,99.12789666159955,99.17549494129247,98.93801582198041,98.97902797582789,23462482.5694
1408579200,98.9678362807603,99.07584170683496,98.67528399503298,98.9262342651881,23462482.5694
1408665600,98.7974843613052,98.98444252666133,98.442722758245,98.64211974060402,23462482.5694
1408752000,98.60515616406848,98.87891187445047,98.53798004673622,98.67851121717185,23462482.5694
1408838400,98.69865452246228,98.76912423064425,98.56925118493723,98.59288225261297,23227203.8611
1408924800,98.59550295571886,98.6372895902545,97.75316299180543,98.0684492972075,23227203.8611
1409011200,98.05352722226168,98.64025379581108,97.49861094982293,98.39190664521531,23227203.8611
1409097600,98.39231931736681,98.6172900952055,98.30844453443194,98.3918476522709,23227203.8611
1409184000,98.40756098498655,98.62399536458022,98.23925212391853,98.46354688721894,23227203.8611
1409270400,98.53377882767774,98.87868084272822,98.45260535785935,98.74051455753212,23227203.8611
1409356800,98.70199526763207,98.88484999902852,98.48241195446992,98.56675724163266,23227203.8611
1409443200,98.5336783874715,98.61574367755567,98.34266349952615,98.51095835636615,15728349.5764
1409529600,98.51805723901563,98.65735866395491,98.45453218801414,98.57565105643769,15728349.5764
1409616000,98.58580433227831,98.65057485796497,98.53155606450095,98.60205261771368,15728349.5764
1409702400,98.6006382537245,98.62973747543224,98.3470416421817,98.39297013750601,15728349.5764
1409788800,98.43165519020036,98.51156833150517,98.11558425370279,98.40509002898835,15728349.5764
1409875200,98.42312504868964,98.51391629844754,98.34957070675608,98.39863351900352,15728349.5764
1409961600,98.41196972449161,98.44064192149385,98.09371646102608,98.32748378525551,15728349.5764
1410048000,98.32605165022483,98.38932296149115,98.28011498091139,98.34779676265867,9780065.70139
1410134400,98.32661605143159,98.40069133959952,98.14068494671129,98.18355649022497,9780065.70139
1410220800,98.19195428092391,98.24647215081642,98.03662003200554,98.19002671382123,9780065.70139
1410307200,98.2146807246584,98.23171887789573,98.06357873981464,98.13017311117682,9780065.70139
1410393600,98.12617117140174,98.17956912899403,98.01446599731362,98.12890377881722,9780065.70139
1410480000,98.13282043524111,98.19401838301752,98.08297261058686,98.13919724900418,9780065.70139
1410566400,98.13339174102009,98.22186361396565,98.01880881295023,98.08264291456432,9780065.70139
1410652800,98.07059021951821,98.19801262229029,97.7210923833882,98.05794706903632,14521951.5903
1410739200,98.04013333363098,98.20688854176385,97.90226661585038,98.10650888915927,14521951.5903
1410825600,98.11524037823195,98.19348540080975,97.91853300438876,98.08163349256596,14521951.5903
1410912000,98.08394638992209,98.2262576352417,97.99417696302142,98.12470647168784,14521951.5903
1410998400,98.13010711733284,98.16147248739706,97.93379574504641,97.97496756240324,14521951.5903
1411084800,97.95873786032904,98.0436524467927,97.84720889789972,97.92451196256587,14521951.5903
1411171200,97.94835991716775,98.03554096230611,97.84662390878029,97.98823244513967,14521951.5903
1411257600,98.001725315106,98.03831091614389,97.900758242785,98.00288003013857,33488413.3889
1411344000,98.00112618146944,98.04443639411078,97.8889842120964,97.92296724327808,33488413.3889
1411430400,97.94163153801868,98.02906360918901,97.87848148521138,97.99489202109936,33488413.3889
1411516800,97.99593155156741,98.04779814046523,97.85252277574556,97.95293337049844,33488413.3889
1411603200,97.94825360312693,98.0584943088217,97.81418319049494,97.87986614871035,33488413.3889
1411689600,97.85923585658043,97.91011811196815,97.53767818773366,97.60428829153508,33488413.3889
1411776000,97.6298219063351,97.81723504177343,97.4896734402542,97.67372441044103,33488413.3889
1411862400,97.68345802872201,97.792021371008,97.52829709173564,97.64979167983529,14712683.9653
1411948800,97.64062758353931,97.76367985643563,97.60672656215903,97.66705139813483,14712683.9653
1412035200,97.66029285752505,97.73205179229774,97.5668921312066,97.6642375072137,14712683.9653
1412121600,97.64658174860412,97.7748602521206,97.42302677429798,97.71141115033267,14712683.9653
1412208000,97.70950524024859,97.84492369810424,97.32806694866528,97.75920138485557,14712683.9653
1412294400,97.78127353677158,97.88652201651922,97.34167059198556,97.74102066968145,14712683.9653
1412380800,97.72016978774867,97.76602544934346,97.61768250149305,97.66361606185632,14712683.9653
1412467200,97.627095796219,97.72393146028435,97.59824418358566,97.67671237939811,51196944.3333
1412553600,97.68700705835282,97.79137001408891,97.5068692420956,97.73369319715658,51196944.3333
1412640000,97.75556699100949,97.85417899317628,97.68625304235165,97.78408036789088,51196944.3333
1412726400,97.78868821334575,97.88464495678298,97.74433204819536,97.81060953222888,51196944.3333
1412812800,97.88613514291403,98.02176440398117,97.79873837490143,97.95237832748445,51196944.3333
1412899200,97.95092765695736,98.05536056804411,97.87041195330094,98.01749762878804,51196944.3333
1412985600,97.98869209328969,98.13837234663431,97.92099573343978,98.00513845294232,51196944.3333
1413072000,97.9654769544782,98.0545277996683,97.91905214756956,98.03600321797846,11114638.6806
1413158400,98.03475062320472,98.14584961952833,97.9999343833419,98.08292180997994,11114638.6806
1413244800,98.10292464618459,98.2083881942754,98.07711960966002,98.18911859083785,11114638.6806
1413331200,98.18987672837719,98.2706541086683,98.14858660318194,98.24182420092343,11114638.6806
1413417600,98.23293867390834,98.35945935413757,98.14568631825182,98.2367723330118,11114638.6806
1413504000,98.20022646562195,98.28676344130673,98.13812742161726,98.24550072104185,11114638.6806
1413590400,98.2420705973136,98.3453336705305,98.20688254325465,98.33228725212406,11114638.6806
1413676800,98.30605437987862,98.45392660850098,98.2880071962661,98.39097452266498,10856294.0069
1413763200,98.38658238266537,98.50367870853523,98.23810138015658,98.40679280226318,10856294.0069
1413849600,98.39588686045663,98.44125885982365,98.20414262308266,98.3072211686195,10856294.0069
1413936000,98.30249409890163,98.33771083319125,98.09760229167658,98.20686573934876,10856294.0069
1414022400,98.22457865364079,98.35145247609745,98.12891446238795,98.2777495610607,10856294.0069
1414108800,98.26548956229453,98.32022015232636,98.16833219266485,98.23654727298465,10856294.0069
1414195200,98.22521772118846,98.26971279935874,98.18849983677946,98.23197537474981,10856294.0069
1414281600,98.25057245062948,98.31376503137874,98.22198851416195,98.28183685587267,17995267.4097
1414368000,98.25132769541233,98.32009469872713,98.18803962400362,98.27820524215899,17995267.4097
1414454400,98.28516995782232,98.34724014935186,98.21053066129952,98.27462583640501,17995267.4097
1414540800,98.32133738175145,98.3699642577711,98.27200300303875,98.32369687334948,17995267.4097
1414627200,98.33163320311775,98.50641317424834,98.29895328753953,98.4533724736085,17995267.4097
1414713600,98.45524860661364,98.50968183530402,98.41479375911416,98.48511296081139,17995267.4097
1414800000,98.49145406832143,98.62555999985761,98.4488164011173,98.55943346234368,17995267.4097
1414886400,98.56053972667162,98.59100207642891,98.43433842824817,98.47922841562735,16249768.4924
1414972800,98.47241178452813,98.55399963647189,98.43222218395456,98.52269264215178,16249768.4924
1415059200,98.51901882012325,98.58611945243102,98.42475276135637,98.5112742260953,16249768.4924
1415145600,98.52166467345666,98.53818119703047,98.34897067976746,98.44663544524629,16249768.4924
1415232000,98.434413737301,98.5535196058091,98.36881626884691,98.49518320956783,16249768.4924
1415318400,98.50196692162324,98.53582111052128,98.37632760185305,98.44642127050125,16249768.4924
1415404800,98.44605751864935,98.46615145395798,98.2685832777201,98.27626193430757,16249768.4924
1415491200,98.28190338983896,98.46546763621686,98.2384672962465,98.34850335027065,8384917.94444
1415577600,98.35187851476557,98.5283238674984,98.29332471890903,98.44138637344935,8384917.94444
1415664000,98.47282161558024,98.49894100659643,98.36868012626574,98.4763557754047,8384917.94444
1415750400,98.46759290317344,98.65482839981345,98.3574620617991,98.60407513657509,8384917.94444
1415836800,98.59527493978095,98.66460501715389,98.5275880719776,98.56958539155752,8384917.94444
1415923200,98.57110489144951,98.6080838607594,98.48982421193848,98.5490549557758,8384917.94444
1416009600,98.58608864563358,98.62023752269579,98.51745606934105,98.55544102031828,8384917.94444
1416096000,98.55261498838243,98.60120880206225,98.53062632104891,98.5771359710063,15180463.4931
1416182400,98.58170223769413,98.68471810562548,98.57320655448953,98.64773282360083,15180463.4931
1416268800,98.66177032093906,98.74225533542688,98.61329737269607,98.69795966960325,15180463.4931
1416355200,98.69700025112371,98.73990787746251,98.65599951464705,98.70264352588003,15180463.4931
1416441600,98.69452619140182,98.74147483246308,98.65787600871631,98.70507991834657,15180463.4931
1416528000,98.69349706300069,98.7643117447526,98.56193896268624,98.61130396120393,15180463.4931
1416614400,98.62053436770229,98.62435222743923,98.5579236296024,98.58913710241308,15180463.4931
1416700800,98.42882083639148,98.50148521756219,98.30229574208298,98.38873936990478,14255899.25
1416787200,98.38816058263906,98.49829096621501,98.36679572466251,98.45063983681945,14255899.25
1416873600,98.44633382361675,98.50005587450121,98.40394537869295,98.42644287983401,14255899.25
1416960000,98.40617883443046,98.4873561777644,98.37870381425616,98.46637529469612,14255899.25
1417046400,98.42103089115312,98.50288412277048,98.3580760272,98.40857923904036,14255899.25
1417132800,98.4049743016186,98.53546877313913,98.36407532004404,98.41340359532873,14255899.25
1417219200,98.42433042056533,98.44645358952623,98.16450705749523,98.30649665084096,14255899.25
1417305600,98.32301299027709,98.37646038744138,98.28652286602265,98.35582863284749,15510130.8819
1417392000,98.34158892135342,98.37670337729831,98.26716638551144,98.34376762939543,15510130.8819
1417478400,98.3212158255683,98.35032648105386,98.29758007979329,98.32720275401246,15510130.8819
1417564800,98.34133877767086,98.37157428489381,98.27738626622278,98.32589058908758,15510130.8819
1417651200,98.32852799109321,98.37332065385242,98.30029021422607,98.3600404737948,15510130.8819
1417737600,98.3659967019352,98.43300123816539,98.33755289221722,98.36480987505067,15510130.8819
1417824000,98.37968820960248,98.51984667235743,98.35367820550114,98.42637126249524,15510130.8819
1417910400,98.45975115666351,98.53578226616074,98.38317557785142,98.41222032998472,5850358.92708
1417996800,98.39964254196506,98.45879121155279,98.37596500147976,98.44749634122935,5850358.92708
1418083200,98.45836232632286,98.52553993115173,98.40604456337594,98.45814319422186,5850358.92708
1418169600,98.45248054459367,98.5153854176433,98.42978678347775,98.49939831749788,5850358.92708
1418256000,98.49365515350574,98.51485623069881,98.42306775459897,98.46982511205526,5850358.92708
1418342400,98.45688802487248,98.48408396367971,98.3203889173698,98.37942309057107,5850358.92708
1418428800,98.3877004984413,98.42867612013318,98.36504226414091,98.4048814578866,5850358.92708
1418515200,98.42659813336012,98.45887035275823,98.34931386045976,98.39804719350587,9740409.19444
1418601600,98.42922907053502,98.46280700348122,98.38797119232923,98.44620095810035,9740409.19444
1418688000,98.45250572469689,98.551328601779,98.41583546449839,98.52436204172777,9740409.19444
1418774400,98.50569163268746,98.57168093392275,98.38663978762551,98.44832376616925,9740409.19444
1418860800,98.41311067838139,98.46212706864277,98.32325967831024,98.45146734611154,9740409.19444
1418947200,98.43724021797598,98.45492401317387,98.33260600102324,98.41310652619836,9740409.19444
1419033600,98.38604417065785,98.4435892207793,98.28794045947744,98.40004533920903,9740409.19444
1419120000,98.41019677388286,98.46017572651155,98.32592504610237,98.36823386893808,19179877.0139
1419206400,98.39551562784808,98.44962921486038,98.22623596945519,98.36418628098697,19179877.0139
1419292800,98.37002437802055,98.411207811769,98.23371582633867,98.37076886665602,19179877.0139
1419379200,98.3719335349976,98.46545501151945,98.26422603939169,98.34888980138507,19179877.0139
1419465600,98.32652387710587,98.41370247476165,98.30180574254003,98.36155371958426,19179877.0139
1419552000,98.3596122254679,98.38473234858198,98.29336514358877,98.34914235539878,19179877.0139
1419638400,98.34235678962287,98.37512697980529,98.29229531006624,98.32128837673169,19179877.0139
1419724800,98.32185159315226,98.35797068031219,98.27365668568657,98.33842153442372,14123618.6597
1419811200,98.33906751478072,98.39793468383112,98.29599088610983,98.35729170107335,14123618.6597
1419897600,98.35207866934046,98.39702652126479,98.32909776169497,98.38889914227197,14123618.6597
1419984000,98.38634604843097,98.40951401880066,98.2986557432172,98.35018073934224,14123618.6597
1420070400,98.35426664061987,98.37153741796708,98.30730506084542,98.34238320624664,14123618.6597
1420156800,98.36028382879796,98.38372623847465,98.2932947939694,98.35308272552014,14123618.6597
1420243200,98.37805036738156,98.38280766701793,98.27475505249836,98.32516462312874,14123618.6597
1420329600,98.32597034963344,98.36689688555455,98.2672168535986,98.32035255577682,44712097.0139
1420416000,98.32092168712991,98.37116683043722,98.27205232983052,98.33334902545823,44712097.0139
1420761600,98.36155772399502,98.3766240424153,98.3148414521959,98.34607377858573,44712097.0139
1420848000,98.33649018505947,98.3718522608293,98.30548638402385,98.34078869873171,44712097.0139
1420934400,98.35473811586006,98.39345998568827,98.30053203293274,98.35548234477139,14594272.7361
1421020800,98.33401128495292,98.41077863952341,98.3119791839543,98.4021858639344,14594272.7361
1421107200,98.40238357667536,98.44295476119763,98.33860735541457,98.37616403697838,14594272.7361
1421193600,98.37186995110943,98.46222761480897,98.24313624420354,98.28154069345861,14594272.7361
1421280000,98.29242819097735,98.33104742543826,98.1182139065574,98.2352980347934,14594272.7361
1421366400,98.26290081651427,98.31878790487566,98.18611605653238,98.24833909843458,14594272.7361
1421452800,98.26593355200562,98.32207180840567,98.2064456694152,98.24512936953353,14594272.7361
1421539200,98.25425951655748,98.33208259220719,98.21637972693269,98.30653385638215,22415292.375
1421625600,98.29575573815038,98.32692004897082,98.23311818369032,98.28685641702573,22415292.375
1421712000,98.30142355480143,98.312240921198,98.18992087684504,98.2433234660808,22415292.375
1421798400,98.24057862997007,98.27492399258547,98.05342224214537,98.23742472404771,22415292.375
1421884800,98.23622293396525,98.27254025403214,98.16705060894908,98.22865014846614,22415292.375
1421971200,98.2301710895818,98.27834662617035,98.1740486290318,98.2510375516907,22415292.375
1422057600,98.26119583106824,98.29894157907741,98.2142876592865,98.26008160324406,22415292.375
1422144000,98.24946328661157,98.3185522620776,98.21077560418587,98.27524064806096,30573987.3889
1422230400,98.27248321736674,98.48761657248075,98.2474818886115,98.39040182584137,30573987.3889
1422316800,98.39700694433398,98.47357457416905,98.32161479685568,98.44009916075484,30573987.3889
1422403200,98.4336777818848,98.46085177511313,98.36506966378437,98.41041823908706,30573987.3889
1422489600,98.40424607839431,98.46286470352398,98.34055088205162,98.37391539599399,30573987.3889
1422576000,98.40939188639149,98.47442918196411,98.33373492484458,98.36419975428846,30573987.3889
1422662400,98.37231426428889,98.43544363706472,98.3145740530775,98.32989380170865,30573987.3889
1422748800,98.34035498731318,98.3763135807368,98.21646532374835,98.31189031168996,24039192.2083
1422835200,98.28026753395946,98.37889035320731,98.24028381845945,98.36142731424728,24039192.2083
1422921600,98.38316386050853,98.41954429103191,98.31802752921871,98.36020947445567,24039192.2083
1423008000,98.35948613078808,98.37542353292548,98.26742593264643,98.31943100554413,24039192.2083
1423094400,98.28657397331082,98.32628584084922,98.27365956875114,98.31122389265533,24039192.2083
1423180800,98.30366479251485,98.33781912831832,98.18323759027257,98.31737236955182,24039192.2083
1423267200,98.31737230584149,98.36898730241116,98.2649656765,98.33017519205718,24039192.2083
1423353600,98.34507068925316,98.41190045948697,98.31442835782785,98.35984854183909,20067695.6806
1423440000,98.34882516992701,98.37072005653941,98.23339251508723,98.28597201397486,20067695.6806
1423526400,98.29802317835978,98.36069283246066,98.16675646692961,98.24014400470217,20067695.6806
1423612800,98.25369102859742,98.3385546140235,98.07345846435726,98.16237381203463,20067695.6806
1423699200,98.14961325158905,98.30778672801183,98.08750161092516,98.23054000286305,20067695.6806
1423785600,98.24478701510229,98.39986962817977,98.15596593871516,98.3259824743561,20067695.6806
1423872000,98.28790933769625,98.4554586868018,98.26262321744068,98.41453258630051,20067695.6806
1423958400,98.40493421809258,98.46619446865142,98.3222326888943,98.354159469188,50432466.8889
1424044800,98.38394983389882,98.46235792481637,98.22476032331232,98.41604338776213,50432466.8889
1424131200,98.41020686462792,98.4818684246502,98.35546215930967,98.42812791534747,50432466.8889
1424217600,98.4192516272678,98.49523308000585,98.31679570642147,98.4029370855405,50432466.8889
1424304000,98.40025466496117,98.42893468268731,98.27616345591625,98.37957304317922,50432466.8889
1424390400,98.3892441854429,98.48817909468134,98.29656126867043,98.4084695689664,50432466.8889
1424476800,98.4026808440815,98.4678671488145,98.36937078620639,98.44078919292251,50432466.8889
1424563200,98.43912299045947,98.4884317982196,98.31048785363421,98.38010227821033,11950804.8611
1424649600,98.37733755454245,98.42845690347426,98.14733682034529,98.36945277295919,11950804.8611
1424736000,98.34599680544821,98.4016448729798,98.07197846212827,98.24679670040827,11950804.8611
1424822400,98.25053067309277,98.34343894602175,98.1834226271263,98.26878350138001,11950804.8611
1424908800,98.26760404185728,98.32944954336178,98.13062329262763,98.24438426292923,11950804.8611
1424995200,98.23898008976266,98.33781319292093,98.16671390618335,98.27643239438308,11950804.8611
1425081600,98.27973565489498,98.31112454288747,98.16007663514824,98.24758446641061,11950804.8611
1425168000,98.21770291796064,98.27664690974137,98.15373756073681,98.25252852176803,11442933.4583
1425254400,98.23986435769808,98.35028695220174,98.17815436679551,98.27217880687755,11442933.4583
1425340800,98.27148834811119,98.43285447342195,98.18582840252084,98.38392604346022,11442933.4583
1425427200,98.38683713817274,98.43522996778454,98.23333914836043,98.30950203896288,11442933.4583
1425513600,98.31243622616577,98.38328583395175,98.2133307957849,98.34011571995556,11442933.4583
1425600000,98.31230342206645,98.40858193255904,98.25296347698223,98.34397286024743,11442933.4583
1425686400,98.33523945183835,98.40880120925239,98.28237806066784,98.34085246291178,11442933.4583
1425772800,98.35896564399576,98.40420327507141,98.29147919768715,98.3571482891023,18775159.7222
1425859200,98.38374736216191,98.43355394597442,98.29424583355019,98.36636891404603,18775159.7222
1425945600,98.35496630219471,98.66475886836653,98.31496651744736,98.49923745306694,18775159.7222
1426032000,98.46936181967817,98.57364033520672,98.40233207800392,98.52794226477408,18775159.7222
1426118400,98.51673456183502,98.54987255160236,98.45528926884796,98.50968492497684,18775159.7222
1426204800,98.48071859848358,98.56801214590833,98.4399751407979,98.53739387854448,18775159.7222
1426291200,98.52961706924522,98.55698731706273,98.43123367320553,98.4999612991817,18775159.7222
1426377600,98.49932576206598,98.52783942852824,98.4211724533832,98.49248716769141,16241632.9792
1426464000,98.48683990952654,98.56421181850644,98.39369251515978,98.50230498837537,16241632.9792
1426550400,98.47319286152396,98.53344275290374,98.42596869278246,98.4718469043157,16241632.9792
1426636800,98.46286131326917,98.50679887262945,98.30417736995041,98.40986674993975,16241632.9792
1426723200,98.39379016638497,98.4407978459485,98.30176780830173,98.37654686663343,16241632.9792
1426809600,98.38479828374173,98.40862582267516,98.28135033134859,98.34092426307143,16241632.9792
1426896000,98.34019383197678,98.40991631123505,98.12045095221438,98.22690279533154,16241632.9792
1426982400,98.22516755619088,98.36677148928979,98.11290911792429,98.25486205379059,15580179.9792
1427068800,98.25163072320771,98.36212795464584,98.12829487200426,98.20758407277964,15580179.9792
1427155200,98.22122297862475,98.32648189192659,98.06738118839479,98.15823778407399,15580179.9792
1427241600,98.14401347621965,98.25188937618438,97.94028300612166,98.10300485775555,15580179.9792
1427328000,98.11375368100636,98.24481402182403,98.00117645123935,98.179458041518,15580179.9792
1427414400,98.14327509220291,98.24614304475328,98.06369282373662,98.1124699685206,15580179.9792
1427500800,98.13532265566617,98.24364160996242,98.0633851214183,98.16237518901843,15580179.9792
1427587200,98.16839355802762,98.23402360818841,98.07878836150886,98.17813309050203,16007181.2128
1427673600,98.19612765042038,98.33770632207856,98.05884236260857,98.24855633302218,16007181.2128
1427760000,98.23505856675858,98.34563422658428,98.14559874860956,98.28781143771037,16007181.2128
1427846400,98.2988467900279,98.35439250352239,98.1973896096277,98.28202938638896,16007181.2128
1427932800,98.2935129381396,98.41337262307525,98.15581125413135,98.23996441362752,16007181.2128
1428019200,98.25972758491251,98.34270210100001,98.20201076852968,98.27673147445476,16007181.2128
1428105600,98.28318173921848,98.40333397712094,98.23330135993884,98.32290197504922,16007181.2128
1428192000,98.31217678994753,98.48962572603853,98.29697432362389,98.36798772854398,11003193.9375
1428278400,98.36319056775137,98.4324753319362,98.2999944079982,98.40507555190989,11003193.9375
1428364800,98.36565271417858,98.4732075197123,98.30353894626171,98.36589861126097,11003193.9375
1428451200,98.38599699186446,98.49811551448934,98.26007135370288,98.36341935660793,11003193.9375
1428537600,98.35380116626781,98.50122846342609,98.30136602812956,98.44641017343908,11003193.9375
1428624000,98.44158557770015,98.55411724313312,98.34493964417793,98.45634173202714,11003193.9375
1428710400,98.45343267300358,98.56523200834322,98.39528711418649,98.4869383355009,11003193.9375
1428796800,98.47434726712737,98.55011765100693,98.4085826358188,98.50683393273137,15338803.8403
1428883200,98.50416598770578,98.56772167282661,98.42229419224053,98.4700975568659,15338803.8403
1428969600,98.47502220295819,98.551989171935,98.44285830083852,98.48647934285276,15338803.8403
1429056000,98.49570099515604,98.56472156241487,98.45221815489008,98.51736283150778,15338803.8403
1429142400,98.5147689665218,98.5666675106331,98.4394606294706,98.50635418364122,15338803.8403
1429228800,98.49045789575725,98.57245597816875,98.46074262593373,98.52602547529716,15338803.8403
1429315200,98.52719362543483,98.55136555135914,98.41415852215246,98.49570737048172,15338803.8403
1429401600,98.4921341081508,98.55112968700827,98.42780249959647,98.52543723620984,12901359.0625
1429488000,98.51193568510706,98.56529740103251,98.43569691742411,98.53074826807429,12901359.0625
1429574400,98.534505697267,98.59641973400632,98.46519935169866,98.5275287803872,12901359.0625
1429660800,98.53251090952459,98.56764843208985,98.42097465699877,98.50294152613813,12901359.0625
1429747200,98.50955679520206,98.55953913077607,98.3863234375527,98.4430390304861,12901359.0625
1429833600,98.45062418892445,98.55639675433113,98.42339712686217,98.52479104754129,12901359.0625
1429920000,98.54978040240188,98.60479020966707,98.46217380252887,98.50913603438626,12901359.0625
1430006400,98.51519442978163,98.55902936978393,98.44377894322224,98.49965791604737,19059889.125
1430092800,98.51025356642054,98.58919524546982,98.43943698320494,98.55901398457443,19059889.125
1430179200,98.56071054769609,98.6335931219002,98.49122975361573,98.60188392047628,19059889.125
1430265600,98.60578783061145,98.71391534545498,98.55465854193135,98.62449877350265,19059889.125
1430352000,98.62295258893039,98.72025804391414,98.61330053994534,98.66902273461012,19059889.125
1430438400,98.68923196843402,98.76725164109061,98.62458259767696,98.71534747612326,19059889.125
1430524800,98.71332395060291,98.79488495164482,98.65314609928937,98.70605850222618,19059889.125
1430611200,98.70078149111254,98.78635800509525,98.66988159498372,98.75777399291282,13222562.2431
1430697600,98.77536895763754,98.82831751778325,98.69475144955905,98.7731877119592,13222562.2431
1430784000,98.76539098436719,98.80840165425096,98.72932068866722,98.78894181274299,13222562.2431
1430870400,98.79110198736683,98.80456273016188,98.70929764379764,98.74702825180222,13222562.2431
1430956800,98.7476480468893,98.79117999932741,98.70962914120277,98.77071520864737,13222562.2431
1431043200,98.76609572977787,98.81038666505759,98.71735160797309,98.76806647156383,13222562.2431
1431129600,98.77296547813881,98.8131165860463,98.71234835267614,98.77363382439694,13222562.2431
1431216000,98.77067628869949,98.82665888111528,98.71848292327907,98.7759068791453,17313345.2431
1431302400,98.78252576218244,98.82517110460614,98.72546361058524,98.77450328241537,17313345.2431
1431388800,98.7657020520483,98.81925433296476,98.61076899811123,98.69218315316041,17313345.2431
1431475200,98.68728362467827,98.73175935096924,98.62733163242895,98.6826044644026,17313345.2431
1431561600,98.67466233366811,98.70333053783938,98.57041705054174,98.61575307797246,17313345.2431
1431648000,98.62546842195582,98.6544679443398,98.55494117216857,98.60031842930827,17313345.2431
1431734400,98.6165758961389,98.64983380957777,98.52457490846223,98.59751134922838,17313345.2431
1431820800,98.57665644591405,98.64417421549894,98.54394696838067,98.61353163006777,10184086.6806
1431907200,98.6166956345378,98.65300037820917,98.56458148979563,98.60822187951057,10184086.6806
1431993600,98.62624347431738,98.71169001582076,98.53259264652752,98.59221367349733,10184086.6806
1432080000,98.59574641403273,98.70136716807573,98.50775594438944,98.56762456038336,10184086.6806
1432166400,98.55939479649842,98.61466679448966,98.46722567243798,98.54641540232281,10184086.6806
1432252800,98.55071538216154,98.5996322047637,98.45002362211679,98.49401649882678,10184086.6806
1432339200,98.48752839955829,98.53529961435221,98.3205212957313,98.4273043923068,10184086.6806
1432425600,98.42853186557988,98.50191308566598,98.26819533014708,98.4323999272694,12900688.4444
1432512000,98.42964182187849,98.45015898560911,97.94955782399431,98.39713148152042,12900688.4444
1432598400,98.40597380671869,98.46262199420912,97.94280727041922,98.34872170854008,12900688.4444
1432684800,98.34668385568227,98.3867929885962,98.17083712859302,98.2623225829085,12900688.4444
1432771200,98.25001172386325,98.30689017134365,98.01327941165118,98.15968969286637,12900688.4444
1432857600,98.13975327186296,98.28878434483748,97.98921471541688,98.18848033636012,12900688.4444
1432944000,98.18391178508033,98.32318341249065,98.06282073754502,98.26169579959499,12900688.4444
1433030400,98.24669464904446,98.3214027793656,97.95758775925398,98.20511861432809,13467922.2639
1433116800,98.21468667702689,98.33839786217578,97.90491048224509,98.26859609092523,13467922.2639
1433203200,98.28806470930361,98.37806667001954,98.11656338748034,98.20709403752143,13467922.2639
1433289600,98.20237919516731,98.28322167524229,98.12587086649921,98.26007153244385,13467922.2639
1433376000,98.25266743280615,98.30325918691078,98.17655495396367,98.23772479598412,13467922.2639
1433462400,98.24306810694189,98.27501635215117,98.16126660805757,98.19900384749192,13467922.2639
1433548800,98.18856023560681,98.23249995106754,98.07565231363436,98.16388738775962,13467922.2639
1433635200,98.18101611525778,98.21023166171587,98.09321453035035,98.15580908571019,11292956.9792
1433721600,98.1480392919128,98.21196491535659,98.07141470412243,98.14623447333759,11292956.9792
1433808000,98.15159352729881,98.22478063706299,98.06931784413868,98.18792362519095,11292956.9792
1433894400,98.19364866194388,98.26072439194854,98.11432602696664,98.20339839138802,11292956.9792
1433980800,98.21018111377325,98.26284558506885,98.1386993126259,98.21304784259911,11292956.9792
1434067200,98.20956810966898,98.26274028293952,98.13399151945407,98.23030176126886,11292956.9792
1434153600,98.20911397770502,98.25308715218456,98.12896685000031,98.19141135367376,11292956.9792
1434240000,98.200087157489,98.25367025324417,98.13374896113515,98.21313295396855,12942320.875
1434326400,98.21172150450086,98.50999253021138,98.15073646256123,98.20082049356233,12942320.875
1434412800,98.205665654923,98.29826320228821,98.03413595857396,98.1884145995762,12942320.875
1434499200,98.19880277462991,98.23057084938938,98.01648995438356,98.13238091849871,12942320.875
1434585600,98.14410889361139,98.19488772288878,98.05603598785748,98.10848807251476,12942320.875
1434672000,98.11338129496237,98.16670243968554,98.0081694152815,98.10899933335573,12942320.875
1434758400,98.10507909595371,98.17248237333615,98.02003579110209,98.09005853839352,12942320.875
1434844800,98.09698410766985,98.13794380330778,98.02814630295069,98.11575903043315,16847389.0699
1434931200,98.11838200922789,98.13912157111433,98.0440226695623,98.10172309798801,16847389.0699
1435017600,98.11984975378208,98.21112404365734,98.0605725012539,98.1867674322679,16847389.0699
1435104000,98.17747903136265,98.27069742635052,98.05820604249742,98.22081572169816,16847389.0699
1435190400,98.22657162528668,98.27494558625833,98.14295334723532,98.21191092768893,16847389.0699
1435276800,98.22254861489947,98.27104722739475,98.13500961558329,98.23050776643727,16847389.0699
1435363200,98.24195778781115,98.36691731839045,98.14901027765117,98.23945720442414,16847389.0699
1435449600,98.23375542496422,98.36602624212327,98.20585689858288,98.27259763093741,21507553.6111
1435536000,98.27459155210266,98.31777023732215,98.20924402042837,98.24606083302628,21507553.6111
1435622400,98.25414764210586,98.30960239730021,98.20739786130889,98.27904571217796,21507553.6111
1435708800,98.28822572365482,98.38909709621726,98.22892187913347,98.27247782426684,21507553.6111
1435795200,98.2781715486342,98.30935529286911,98.22382415959994,98.26002890576532,21507553.6111
1435881600,98.23913950164899,98.28876652156724,98.19568536933336,98.25108227649257,21507553.6111
1435968000,98.24653107208657,98.28125445413244,98.15155002102463,98.22161477503539,21507553.6111
1436054400,98.21178750983869,98.3660818117096,98.19559578749825,98.3116641383447,18118046.4514
1436140800,98.32218788873831,98.37452651222348,98.25508189007826,98.3313487001507,18118046.4514
1436227200,98.32121740086089,98.38646652720384,98.28482321451341,98.32180991874073,18118046.4514
1436313600,98.32666131150349,98.39600655747279,98.29373911286363,98.35644156037262,18118046.4514
1436400000,98.37173549776055,98.41760114955194,98.20361457006479,98.30300728978257,18118046.4514
1436486400,98.28501736766756,98.38986466830555,98.01307392237855,98.25689802236019,18118046.4514
1436572800,98.2465654652821,98.38485396444952,98.16690023085644,98.3592853901434,18118046.4514
1436659200,98.35230735488425,98.4348895018442,98.28016810536016,98.34130267843607,45977968.1389
1436745600,98.34522725822943,98.40032372264204,98.19005768261225,98.26597652829756,45977968.1389
1436832000,98.29140767071807,98.35511289487445,98.21636304568881,98.28075814306796,45977968.1389
1436918400,98.29247977732564,98.34829703101263,98.2094978964713,98.2841340860799,45977968.1389
1437004800,98.2853915374101,98.43009727051017,98.17605184825383,98.36456990303026,45977968.1389
1437091200,98.37175788438053,98.41001074404299,98.24630338767344,98.3077463289879,45977968.1389
1437177600,98.33696130239062,98.38604717010031,98.20571272540208,98.31147427365441,45977968.1389
1437264000,98.31383761861662,98.39228104046609,98.25527938500309,98.33924201682971,23867550.5556
1437350400,98.33943421548204,98.38565463041314,98.2949017112566,98.34569474641421,23867550.5556
1437436800,98.34939070924187,98.40571049528496,98.27580711018483,98.34330941675688,23867550.5556
1437523200,98.3420889116278,98.38424490100657,98.26588742268069,98.3185864713017,23867550.5556
1437609600,98.31287667641327,98.35437789062028,98.27244329729174,98.31203967465069,23867550.5556
1437696000,98.32288412777328,98.37947311427097,98.29027021808334,98.33973684142647,23867550.5556
1437782400,98.34349958541947,98.37674178535974,98.2787390536355,98.3460486785227,23867550.5556
1437868800,98.3400928213644,98.38807572841895,98.25400357566446,98.30946855739322,17853372.8194
1437955200,98.29949943099638,98.40758009042513,98.25853783966228,98.33382279337887,17853372.8194
1438041600,98.33568361206909,98.39498467682115,98.26539947626006,98.31184419712994,17853372.8194
1438128000,98.34208115891252,98.39903712805922,98.25355546553729,98.33160469621781,17853372.8194
1438214400,98.30118283411863,98.40924936870131,98.25148874460811,98.28180682516805,17853372.8194
1438300800,98.28317584498653,98.34603777826968,98.16307258347919,98.22959605810624,17853372.8194
1438387200,98.23178321590412,98.33005395422299,98.18511599398748,98.29029117869142,17853372.8194
1438473600,98.26729929218199,98.34630216731837,98.1926391395047,98.2749331407611,19409229.8194
1438560000,98.27014696335469,98.36332225123621,98.25370677749895,98.2847312921897,19409229.8194
1438646400,98.28365655180552,98.35684338321812,98.25637918433728,98.3157756408082,19409229.8194
1438732800,98.3088185743142,98.36415961450035,98.19587342617318,98.29447523116838,19409229.8194
1438819200,98.24822099298487,98.32604792771377,98.17088571553629,98.25061426678411,19409229.8194
1438905600,98.2593350007371,98.39717646882879,98.21036486223753,98.3083791996819,19409229.8194
1438992000,98.30807255888489,98.35462542404265,98.26414914771529,98.31533493464919,19409229.8194
1439078400,98.31611672639596,98.34560927379663,98.21123950360959,98.31359201243698,60918765.2222
1439164800,98.31817973361468,98.34347263139567,98.23802456830636,98.3057093529006,60918765.2222
1439251200,98.31859790080809,98.36094299157848,98.2628599587491,98.31501383323177,60918765.2222
1439337600,98.31739338577583,98.35022374609298,98.23502574714999,98.29700530002833,60918765.2222
1439424000,98.30227880490878,98.35634783515094,98.22718511213355,98.27675051524012,60918765.2222
1439510400,98.27988377518673,98.35607906757463,98.229250483822,98.30257728070369,60918765.2222
1439596800,98.317227823362,98.35849452795419,98.25838342994186,98.30921067186283,60918765.2222
1439683200,98.31645336302087,98.35986272686633,98.25289281981775,98.32142385126498,22353476.3611
1439769600,98.32236176906393,98.36128837654255,98.25610381520539,98.33403881951256,22353476.3611
1439856000,98.32923091116747,98.3966456752956,98.26747197153233,98.3033851947195,22353476.3611
1439942400,98.31471788516798,98.35941534576108,98.25274565921907,98.31686371987153,22353476.3611
1440028800,98.31850541101062,98.36633137938378,98.24900761542,98.30084711008547,22353476.3611
1440115200,98.30066907084425,98.34693827811523,98.2425264330783,98.31460891998827,22353476.3611
1440201600,98.30761901684006,98.34911358158307,98.2562838880742,98.326060295591,22353476.3611
1440288000,98.33696196503193,98.36842550133456,98.30938590104971,98.35106262731212,23702851.9167
1440374400,98.33622553836234,98.4335913310788,98.30118141373146,98.39025602992506,23702851.9167
1440460800,98.38348918271201,98.43692265612209,98.32559725154402,98.36893533439564,23702851.9167
1440547200,98.36671382487408,98.43464271703726,98.33184012287848,98.37196313071978,23702851.9167
1440633600,98.37137577918476,98.42399982842116,98.35313023951552,98.41549261620148,23702851.9167
1440720000,98.41001793753195,98.46990948158695,98.38898299015023,98.43781310123842,23702851.9167
1440806400,98.43082341380325,98.4905094821342,98.40770578745995,98.4258112947943,23702851.9167
1440892800,98.4345419924631,98.46905550357586,98.38471245064999,98.42290984681286,17794559.375
1440979200,98.42964422092219,98.48771875669688,98.41341271569942,98.4472963862056,17794559.375
1441065600,98.44235988819173,98.49663373177813,98.42270557399424,98.44822741305165,17794559.375
1441152000,98.4514238112536,98.48794513631337,98.42231590658461,98.4623645553568,17794559.375
1441238400,98.47091381813232,98.5786974653537,98.43607332093137,98.48737399086048,17794559.375
1441324800,98.48488755845429,98.51602164471122,98.4647538819836,98.48444000025471,17794559.375
1441411200,98.489965989349,98.533657950604,98.26609652934351,98.35520847546796,17794559.375
1441497600,98.35378470809175,98.43180628317482,98.30002967879061,98.40882014587511,24130594.0417
1441584000,98.40951291106167,98.46436740114355,98.3443298518131,98.43376819181118,24130594.0417
1441670400,98.42437325279276,98.51187589474179,98.3856911263693,98.4830077646641,24130594.0417
1441756800,98.47508822056626,98.50179913695544,98.36096080857229,98.42450817747641,24130594.0417
1441843200,98.41600573280624,98.47471296569519,98.38273185413414,98.44437694848489,24130594.0417
1441929600,98.43137605646007,98.49357809017306,98.39455082983079,98.450370983318,24130594.0417
1442016000,98.45661425380855,98.48451837760952,98.39599015856199,98.43634717543524,24130594.0417
1442102400,98.4386823696488,98.53041037901744,98.40613505141386,98.48153281736238,16562815.0903
1442188800,98.47794840803014,98.51581359600684,98.43484104460043,98.49228404024389,16562815.0903
1442275200,98.49322565198993,98.54228585603278,98.4001328697278,98.46625698464638,16562815.0903
1442361600,98.47249950760092,98.51033397287927,98.3643634315742,98.41675286222234,16562815.0903
1442448000,98.421265600191,98.47106282067918,98.37510751136683,98.423338849115,16562815.0903
1442534400,98.42403876724997,98.46493941319888,98.3174197296794,98.40560409715675,16562815.0903
1442620800,98.39898308573464,98.50149490982069,98.34252556454977,98.42593063500036,16562815.0903
1442707200,98.43303598367044,98.48872717718102,98.28292140930573,98.36079803223116,12462453.6042
1442793600,98.33865830589164,98.43073839190937,98.27096745138489,98.36473009220724,12462453.6042
1442880000,98.36225226977066,98.44382208367021,98.31657527083362,98.41380103350993,12462453.6042
1442966400,98.41369425497751,98.48871141363232,98.34862638345795,98.41751763142828,12462453.6042
1443052800,98.42377824040996,98.51396918800567,98.38157832681568,98.4464167830844,12462453.6042
1443139200,98.44800071818425,98.53917899785368,98.41482801142998,98.4806569346103,12462453.6042
1443225600,98.485297343949,98.5217235378284,98.41852708672516,98.47408385372029,12462453.6042
1443312000,98.47082276584027,98.50484720371907,98.4261960333476,98.46241242144477,13082767.9514
1443398400,98.47311482499188,98.55089685184967,98.44268885883876,98.48107985592883,13082767.9514
1443484800,98.48961834270501,98.55542233655109,98.44435060051673,98.50115813858665,13082767.9514
1443571200,98.50274701333394,98.55659988455227,98.4652208425269,98.49455035453387,13082767.9514
1443657600,98.52341069937745,98.590983227912,98.4688176014155,98.55024496531881,13082767.9514
1443744000,98.53837241935392,98.69094348566816,98.51195833518562,98.59909988852003,13082767.9514
1443830400,98.61371632170673,98.65949424706356,98.57293524951348,98.63027310208255,13082767.9514
1443916800,98.64699876001862,98.66902131229432,98.57612829795069,98.63369773510125,13022820.4861
1444003200,98.63931081165124,98.7042279947324,98.56328512395272,98.64004842663176,13022820.4861
1444089600,98.64200136460576,98.68756322154817,98.58764078532255,98.6638354460932,13022820.4861
1444176000,98.65719667565044,98.67082734766642,98.60679540827063,98.6435206294773,13022820.4861
1444262400,98.64597860476238,98.68309730614763,98.60768016981606,98.65530635875602,13022820.4861
1444348800,98.66269779186368,98.68488920010518,98.58461194714116,98.61463699366084,13022820.4861
1444435200,98.61965513848054,98.66985016420546,98.5876729525582,98.60997574499503,13022820.4861
1444521600,98.63542354866279,98.66086294019925,98.56976057346183,98.62110934620819,12022191.2153
1444608000,98.6201273531847,98.67554530547027,98.55804798230373,98.60294157681258,12022191.2153
1444694400,98.60567802962085,98.70424183917767,98.5779194689297,98.64307989184967,12022191.2153
1444780800,98.63726473559298,98.77071683565552,98.60482990691267,98.72289602256288,12022191.2153
1444867200,98.71686408199896,98.8067668144777,98.69144412089459,98.7394218239539,12022191.2153
1444953600,98.75091139088524,98.82870495471714,98.71400856944672,98.79521074612123,12022191.2153
1445040000,98.776437460708,98.87123945067856,98.76399819759304,98.83170073240602,12022191.2153
1445126400,98.83416453793308,98.84757935075508,98.76731949250345,98.7902564811622,35379994.5139
1445212800,98.79123004880287,98.84165966414137,98.75849181476973,98.80992730200303,35379994.5139
1445299200,98.80434392059551,98.84352297339927,98.77122376823465,98.81873821619865,35379994.5139
1445385600,98.81973008958754,98.88128094209246,98.78471233362995,98.86322060911928,35379994.5139
1445472000,98.84762003180427,98.91058604545493,98.79711398409336,98.86199401208016,35379994.5139
1445558400,98.8631996886804,98.92566418600975,98.8302671419183,98.90384600006401,35379994.5139
1445644800,98.90707743914908,98.94906939927246,98.8753193954741,98.91301602449077,35379994.5139
1445731200,98.91841727115492,98.97688348797206,98.8812991380181,98.92709548375747,30043798.7917
1445817600,98.93192783203884,98.98210695106742,98.89651650388278,98.96312586730639,30043798.7917
1445904000,98.95113356736515,99.00870613641234,98.90002249762222,98.95640073084222,30043798.7917
1445990400,98.95632210749343,98.98968081982053,98.891654418687,98.95909561650262,30043798.7917
1446076800,98.96498178803412,98.9979697839511,98.8851613856167,98.93007500542751,30043798.7917
1446163200,98.92581738746966,98.99235073700127,98.83596464156739,98.92145758287472,30043798.7917
1446249600,98.91125806620505,98.98834376690753,98.87703791986382,98.95940421215866,30043798.7917
1446336000,98.94785472747813,98.98469040186217,98.89480530313537,98.92593380437819,44707492.3939
1446422400,98.92362101297599,99.06017012863954,98.90696129368003,99.01814019677627,44707492.3939
1446508800,99.01555596482686,99.17234295604372,98.99196933230805,99.12961128311751,44707492.3939
1446595200,99.1157777619153,99.3236049288973,99.09943401803764,99.19895661437224,44707492.3939
1446681600,99.18924853250859,99.26718939826324,99.10661016304144,99.18131621056533,44707492.3939
1446768000,99.17442950697594,99.20235751475182,99.0565692493243,99.11189359130793,44707492.3939
1446854400,99.10843903735514,99.16589918271825,99.05733529182653,99.12559637624663,44707492.3939
1446940800,99.12627955173997,99.17329572847667,99.05378124410646,99.1132503865961,47686770.6944
1447027200,99.11315082910559,99.18130900009743,99.08369494630321,99.15265054525383,47686770.6944
1447113600,99.13901837426813,99.18375535284758,99.05979905216805,99.09806028626669,47686770.6944
1447200000,99.09645765983186,99.11565308719946,98.98487785936814,99.04210334930869,47686770.6944
1447286400,99.04287052382116,99.1015908266108,98.98232578173665,99.07071537186214,47686770.6944
1447372800,99.07510020241875,99.10230120614392,99.00282614223299,99.0594957800917,47686770.6944
1447459200,99.0533610558014,99.09788401321987,99.00041466577049,99.0499385057667,47686770.6944
1447545600,99.06217295338445,99.08306523150794,99.00051019793847,99.04918445988429,32832127.1111
1447632000,99.04683273288346,99.09434948545231,99.00453340775776,99.0606767898057,32832127.1111
1447718400,99.05971330370912,99.11128210701193,99.03307765228534,99.08359448561896,32832127.1111
1447804800,98.90320531785248,98.91886341367103,98.84349036580537,98.8684030024977,32832127.1111
1447891200,98.88015826744629,98.9497450226637,98.85120806179621,98.89156964525607,32832127.1111
1447977600,98.8967040784433,98.92940480149915,98.84456100559497,98.89258315310173,32832127.1111
1448064000,98.88636237330293,98.92583704497652,98.86362340179227,98.89385325977061,32832127.1111
1448150400,98.89322010278204,98.93513205759619,98.87309632058258,98.92540343239546,21974582.8194
1448236800,98.92007904673261,98.9542726384758,98.88584847242353,98.92073733988089,21974582.8194
1448323200,98.91395162283541,98.9770981517461,98.88767879201308,98.92988330301297,21974582.8194
1448409600,98.91774674263485,98.97348722285392,98.897073911721,98.94594089310849,21974582.8194
1448496000,98.95662014014917,99.0332977744743,98.92811310937638,99.01439790884804,21974582.8194
1448582400,98.96786750173482,99.06218543475444,98.9453910938632,99.02326466845827,21974582.8194
1448668800,99.02107039091538,99.06933770257315,98.98832222601736,99.04689821888586,21974582.8194
1448755200,99.03774725694659,99.07256902825536,98.99206480714588,99.04511286303072,26893344.0139
1448841600,99.05397732139255,99.10054197900102,99.02809547188278,99.07885681185846,26893344.0139
1448928000,99.08926688998724,99.11785660582059,99.03394201782596,99.0775112493994,26893344.0139
1449014400,99.07414783872977,99.09995671174686,99.00510410972771,99.05544046213946,26893344.0139
1449100800,99.0608850041363,99.07462634421677,98.99825870974264,99.0468616202281,26893344.0139
1449187200,99.03504311008206,99.04496000958912,98.98499218293905,99.01860603056987,26893344.0139
1449273600,99.02449546728079,99.08433838307144,98.98389412473753,99.07469776765427,26893344.0139
1449360000,99.05595626474955,99.09382215358265,99.02022904077366,99.07254517051992,77588915.3611
1449446400,99.07189243751692,99.10231680457622,99.03517291122577,99.07996011446602,77588915.3611
1449532800,99.08501984744777,99.10672579285807,99.00623188888576,99.06350594370906,77588915.3611
1449619200,99.05161492151284,99.10688691724295,98.96266619281177,99.04077806580992,77588915.3611
1449705600,99.02442583882302,99.08905172936659,99.00324625236848,99.07018007997219,77588915.3611
1449792000,99.04843183988875,99.10364507434699,99.01670754110121,99.07987130562108,77588915.3611
1449878400,99.08359935391091,99.11172824718099,99.03174563942972,99.07177174456584,77588915.3611
1449964800,99.09581774748963,99.13848558776516,99.04088527447374,99.0675141744756,89932111.9444
1450051200,99.06697099590923,99.108123758524,99.01950864340678,99.0864507841058,89932111.9444
1450137600,99.08153651949455,99.1473917929629,99.0728019495437,99.1320190765026,89932111.9444
1450224000,99.13295079699704,99.14825392663784,99.0774633749013,99.10957337897067,89932111.9444
1450310400,99.12864462594685,99.14638609067961,99.09221536661816,99.12300789161834,89932111.9444
1450396800,99.12056078665161,99.15082286085216,99.08040194283781,99.12309493100777,89932111.9444
1450483200,99.13707258034498,99.16876238547509,99.10926882354039,99.15678316498904,89932111.9444
1450569600,99.15316793626734,99.15786397569325,99.09920663998057,99.12939623566754,42435832.75
1450656000,99.14683850170819,99.1635828606052,99.10652160414284,99.13031421454424,42435832.75
1450742400,99.14138545483144,99.15463985087911,99.09476781572464,99.13133452371501,42435832.75
1450828800,99.13588474340304,99.16150680205685,99.10660857360587,99.13926146047032,42435832.75
1450915200,99.14644306637754,99.171071265554,99.0958072208492,99.12604600576991,42435832.75
1451001600,99.12589820805434,99.1432894053525,99.06458359956943,99.10496398140863,42435832.75
1451088000,99.10136032767556,99.11808646194378,99.00961095422258,99.0572843206283,42435832.75
1451174400,99.06068568097301,99.08378186471204,99.0063682092466,99.05464585212023,109269873.667
1451260800,99.05624167701238,99.0942008198961,98.95416662740631,99.00351522566115,109269873.667
1451347200,99.04012121850856,99.09135893575403,99.00056886690541,99.03964526774473,109269873.667
1451433600,99.05164617814538,99.0683306590414,98.91642450609065,99.01395774874709,109269873.667
1451520000,99.01372988731109,99.11332030005083,98.97796342269456,99.04556903769733,109269873.667
1451606400,99.05176937465559,99.06901295963125,98.99468046188314,99.03982107842755,109269873.667
1451692800,99.04049177761357,99.05806815473704,98.98050628681794,99.0293500228326,109269873.667
1451779200,99.04252225174768,99.07150289398187,98.99239851989248,99.03880326060242,28221886.2222
1451865600,99.03190901382386,99.05963871540263,99.00003334209686,99.02955523392414,28221886.2222
1451952000,99.03191193308425,99.04723435982139,98.9890413891789,99.02462306120012,28221886.2222
1452038400,99.03082151561485,99.07551410388727,99.00200530737109,99.05752030298778,28221886.2222
1452124800,99.03642075879905,99.16529329523844,99.0038015698663,99.08334809003517,28221886.2222
1452211200,99.0830252051245,99.14002752416839,99.01551840527549,99.05665317473361,28221886.2222
1452297600,99.0574300815799,99.07249549752761,98.93978515991063,99.02370672726796,28221886.2222
1452384000,99.01331646941817,99.08564210334802,98.97305623715877,99.0274770925464,30301020.7917
1452470400,99.02870480049411,99.07265269358935,98.99148655812996,99.02618525356623,30301020.7917
1452556800,99.03766200598844,99.07828389382057,98.96974818045562,98.99954634238736,30301020.7917
1452643200,99.01129417713122,99.02338940736087,98.95961208337482,98.97711131800723,30301020.7917
1452729600,98.96284193018961,98.9969126612755,98.85205734443016,98.95339115470095,30301020.7917
1452816000,98.92318504596417,98.98318172159094,98.83406211657338,98.88574335381462,30301020.7917
1452902400,98.88857252300345,98.9442240530166,98.77113149009821,98.87323932538318,30301020.7917
1452988800,98.85866119902172,98.91522664088733,98.57037745974827,98.64846988476812,83371212.1127
1453075200,98.7315071313226,98.83370653215164,98.62028250488021,98.75895521360852,83371212.1127
1453161600,98.78354403199326,98.88458956511879,98.72722160332677,98.81058538596011,83371212.1127
1453248000,98.81811914329978,98.89220192904351,98.73707766113206,98.81969448635502,83371212.1127
1453334400,98.82091463389057,98.84858269441189,98.71535790007984,98.72457512243446,83371212.1127
1453420800,98.74344350018748,98.77200665806562,98.50053864708757,98.68339206479193,83371212.1127
1453507200,98.68873949688765,98.81459255929987,98.63714362146439,98.75351827631336,83371212.1127
1453593600,98.7210475843971,98.83419766173603,98.59993624672413,98.73939718681329,42463548.2254
1453680000,98.7519952480989,98.85165200645672,98.67120147851911,98.7333752386313,42463548.2254
1453766400,98.73753490135033,98.78218711696982,98.31145824119513,98.42232205861343,42463548.2254
1453852800,98.42576590996362,98.53585621322888,98.11752857515144,98.28241801332544,42463548.2254
1453939200,98.28124254304389,98.52371086291272,98.02924016480732,98.4034140862404,42463548.2254
1454025600,98.38750127571517,98.52271820495143,98.33511754314294,98.43591221762729,42463548.2254
1454112000,98.42431010206451,98.63154362984902,98.38654817493877,98.57115658000282,42463548.2254
1454198400,98.55369776131796,98.72616613598579,98.44110272745318,98.56028077801167,27612192.7083
1454284800,98.54900822698514,98.60573152146972,98.47591715436195,98.56511238826833,27612192.7083
1454371200,98.5515230279027,98.60672856795593,98.50889889364022,98.57403421158925,27612192.7083
1454457600,98.57725886532481,98.60473214220795,98.51830686509868,98.55412633887443,27612192.7083
1454544000,98.55425497079973,98.60144650249353,98.48691619412322,98.55030882137657,27612192.7083
1454630400,98.55781648870125,98.57453170817209,98.47509222810494,98.49273183840059,27612192.7083
1454716800,98.52081984694563,98.53089742757813,98.41323376125837,98.50803644676922,27612192.7083
1454803200,98.49407159572266,98.56290343139388,98.44763649125659,98.51821897992217,31548811.5833
1454889600,98.51433663619406,98.54872783935697,98.47396424540598,98.5215956753045,31548811.5833
1454976000,98.53077961658562,98.57492144142536,98.4652174371588,98.5258166815767,31548811.5833
1455062400,98.54565619734137,98.59850625872294,98.4747910027856,98.5713091810587,31548811.5833
1455148800,98.55675768786377,98.68021630893173,98.46215748605287,98.6032264468417,31548811.5833
1455235200,98.59434459357085,98.63457005978911,98.29952228720195,98.43913603341514,31548811.5833
1455321600,98.42785867816197,98.56016641363962,98.35509725674147,98.45338010810298,31548811.5833
1455408000,98.44418068471526,98.56052256857927,98.40458980391998,98.51459334601171,59975206
1455494400,98.49972981924657,98.59021888476103,98.39672838896206,98.47259863956027,59975206
1455580800,98.47141017128612,98.55283372358826,98.33596837263694,98.46207651740885,59975206
1455667200,98.46839574800433,98.68468014531729,98.38859629588349,98.59219833545224,59975206
1455753600,98.59122773643786,98.74076012931489,98.5338125881005,98.6365458205114,59975206
1455840000,98.65764186856649,98.71086924010993,98.53176317211548,98.60684722128988,59975206
1455926400,98.60243352071099,98.69158541293551,98.52906096203306,98.67047486211908,59975206
1456012800,98.66041987395622,98.71873472916415,98.55859795052383,98.62808707511714,86054633.3333
1456099200,98.63412208760838,98.6922185190168,98.57702758448384,98.63080678167995,86054633.3333
1456185600,98.61751388701576,98.71937931017415,98.51803265949862,98.64944814833059,86054633.3333
1456272000,98.63401377943627,98.68817740331957,98.5831144737887,98.63566004284394,86054633.3333
1456358400,98.6368781176843,98.70915399253738,98.53018166980998,98.6099746045153,86054633.3333
1456444800,98.64285533445494,98.70986057009989,98.61138484060132,98.67259248141272,86054633.3333
1456531200,98.68473452604178,98.71721604119904,98.5761308336703,98.67716073811172,86054633.3333
1456617600,98.66313656664506,98.72671471458293,98.6349265905956,98.69662341674113,43215463.5556
1456704000,98.69230855915151,98.75072767735159,98.6136342177669,98.68842692771912,43215463.5556
1456790400,98.69835235174934,98.7584365645991,98.61702235309315,98.72022927299855,43215463.5556
1456876800,98.71450399901799,98.76041632456135,98.66466852434806,98.7073891765417,43215463.5556
1456963200,98.71241610441807,98.73870488877128,98.5154233405527,98.57319985009102,43215463.5556
1457049600,98.57374178507482,98.6423234368424,98.45909107278914,98.55026008276143,43215463.5556
1457136000,98.52050522313051,98.61103511722551,98.35756298824515,98.4972539268344,43215463.5556
1457222400,98.50070987473158,98.61218274121303,98.37153130642182,98.50788742783614,133140615.944
1457308800,98.51308458931635,98.63808283001099,98.35575880150633,98.53220782741307,133140615.944
1457395200,98.53619060409258,98.62966045394984,98.44530066944318,98.49217017003292,133140615.944
1457481600,98.50432722236334,98.5598084485931,98.40723828557546,98.48417413895113,133140615.944
1457568000,98.4678906154688,98.53277848016133,98.15107566080951,98.32049760743679,133140615.944
1457654400,98.31326497758442,98.41630738266363,98.14853696841965,98.30955793802521,133140615.944
1457740800,98.3152153989978,98.38887282811677,98.16831067311465,98.26421331038152,133140615.944
1457827200,98.2393433314892,98.31404126141614,98.11132924379895,98.2124091088855,82956149.3889
1457913600,98.23420411860039,98.40002083370547,98.157342785289,98.31703146355686,82956149.3889
1458000000,98.33205882420195,98.40536681455052,98.22299065478194,98.30823876723179,82956149.3889
1458086400,98.28805114970085,98.36448198823838,98.1635448793559,98.24190906481887,82956149.3889
1458172800,98.24694606676489,98.41435318461345,98.15537109507976,98.30512746774845,82956149.3889
1458259200,98.32367763094678,98.43816200398835,98.24290883644528,98.32779244762213,82956149.3889
1458345600,98.32639594912487,98.42313826279471,98.22271599576737,98.2918830529923,82956149.3889
1458432000,98.31090534733403,98.36652560550347,98.1940912866294,98.26444011169731,54174805.4167
1458518400,98.26408538408458,98.3364908093914,98.14404596209637,98.24283483080171,54174805.4167
1458604800,98.24274289382899,98.3342272718529,98.19857032747866,98.2818188022101,54174805.4167
1458691200,98.27320636240658,98.33729425642294,98.17436040564267,98.20833008359133,54174805.4167
1458777600,98.19756640152785,98.2880006078592,98.05488486791161,98.10983574380525,54174805.4167
1458864000,98.09025000775466,98.19482988484445,97.96019354017346,98.04425407277076,54174805.4167
1458950400,98.05774124968947,98.1467429584209,97.99844996187566,98.06141403705585,54174805.4167
1459036800,98.05416747122709,98.24083932130235,97.99618682669505,98.16279797197465,35554036.3611
1459123200,98.16375794661165,98.28735680906624,98.05144515472638,98.17466230104242,35554036.3611
1459209600,98.15622271720014,98.20905196499143,98.00775052790236,98.06863459842897,35554036.3611
1459296000,98.06675454550073,98.22148367994427,98.02226804271656,98.13302638762136,35554036.3611
1459382400,98.13784322832994,98.21214429722401,98.06827182206641,98.15668620214944,35554036.3611
1459468800,98.1415521119755,98.20513067132701,98.06376877909105,98.11728451524182,35554036.3611
1459555200,98.11400054264078,98.15769462121958,97.92755862373834,98.05712710181874,35554036.3611
1459641600,98.08353712052765,98.19043828231149,98.00002146267995,98.0849565174476,32785981.9577
1459728000,98.05688721113033,98.13818759244852,97.95678408045998,98.04605907929975,32785981.9577
1459814400,98.0834473420169,98.1644791289975,98.00757791457615,98.13947499875663,32785981.9577
1459900800,98.13226658793141,98.17364196796031,98.06687588692735,98.13903727839026,32785981.9577
1459987200,98.13684719266395,98.20072714622633,98.08030230256266,98.1762900339298,32785981.9577
1460073600,98.16583411455956,98.26047301707,98.10529135393902,98.18480016571633,32785981.9577
1460160000,98.30517642540825,98.33798066505344,98.1599261235025,98.3066409772024,32785981.9577
1460246400,98.23239632780879,98.36723672171294,98.23095645278241,98.33335122711347,43141412.75
1460332800,98.4246676735944,98.48633505559408,98.32089325106756,98.37778423678137,43141412.75
1460419200,98.38010588472117,98.50554571746312,98.38010588472117,98.45963383337624,43141412.75
1460505600,98.47160786824134,98.55456401304254,98.38052302927407,98.38052302927407,43141412.75
1460592000,98.32261807538902,98.40676758926168,98.30652038099032,98.36387308198307,43141412.75
1460678400,98.34610499371219,98.47003894910469,98.3138188848292,98.43403479345855,43141412.75
1460764800,98.44267350056224,98.4746762535391,98.35257315847953,98.42097094572435,43141412.75
1460851200,98.40070091911413,98.44237652065836,98.34774900334001,98.38963028780992,38434996.8028
1460937600,98.38930769239413,98.47319073642521,98.35298157792678,98.40881859129759,38434996.8028
1461024000,98.40898961123428,98.4451807531998,98.35644124289932,98.41390699210288,38434996.8028
1461110400,98.42610341324593,98.47935261566593,98.36727341599925,98.4511702118603,38434996.8028
1461196800,98.44400983607339,98.53603140657678,98.40769197394513,98.51566397346889,38434996.8028
1461283200,98.5195396619641,98.53500686484819,98.42457341608556,98.45436206524792,38434996.8028
1461369600,98.46488470674683,98.51800077178005,98.41369440273498,98.47593581109443,38434996.8028
1461456000,98.40305515842016,98.48495508934184,98.35886298882141,98.44447115024222,50339824.1111
1461542400,98.4495455837679,98.58424952600824,98.3783423229808,98.53778775942531,50339824.1111
1461628800,98.54298509514689,98.6311422106436,98.4565194899392,98.55829321955031,50339824.1111
1461715200,98.55542151725028,98.60045293447664,98.39570206948835,98.46580303251761,50339824.1111
1461801600,98.46477888356543,98.50507251351848,98.3860776194531,98.44381891457135,50339824.1111
1461888000,98.4483046968947,98.5115310067131,98.39489050458127,98.46321280040856,50339824.1111
1461974400,98.45372667083556,98.48898380374578,98.3743223850192,98.408382989233,50339824.1111
1462060800,98.38479413581351,98.42771948990446,98.31753441417908,98.38560886045764,63778957.75
1462147200,98.38378046815257,98.4400177417962,98.27527676086112,98.35903823317179,63778957.75
1462233600,98.356309005909,98.40879182790154,98.30858758363212,98.38906880691516,63778957.75
1462320000,98.3715084487158,98.41469263433808,98.34412508652356,98.37995033032477,63778957.75
1462406400,98.38025715209957,98.43826651778667,98.34715402708999,98.40880988232327,63778957.75
1462492800,98.39271989626859,98.48170215364202,98.37384477889772,98.47054910745541,63778957.75
1462579200,98.46245889567822,98.52754699041755,98.42730517430893,98.49504421409907,63778957.75
1462665600,98.4656334534764,98.49367677538034,98.42461775905203,98.46368485948446,35231674.8611
1462752000,98.46525315141798,98.53801588266916,98.42814065471191,98.51041748557033,35231674.8611
1462838400,98.50980164756758,98.54707544994508,98.44938631489313,98.49048751991656,35231674.8611
1462924800,98.48384511133901,98.53823591042192,98.42941348324794,98.45992082675006,35231674.8611
1463011200,98.45820574811472,98.50825716826613,98.4091624218172,98.46217934897473,35231674.8611
1463097600,98.4510060186388,98.48275001550219,98.30868537402199,98.40754410045814,35231674.8611
1463184000,98.4093910321746,98.46584530551559,98.37693853104393,98.41686624891405,35231674.8611
1463270400,98.37420127693669,98.43130164648511,98.33317196101115,98.38834036858118,31593026.9861
1463356800,98.37795495598114,98.43589040260716,98.27959715303864,98.37368019495419,31593026.9861
1463443200,98.36194056369534,98.41158582130632,98.32386403499804,98.37589328943956,31593026.9861
1463529600,98.367269255089,98.42222305811296,98.3186344207909,98.36519312985976,31593026.9861
1463616000,98.3630307381273,98.40741032674482,98.24134783013739,98.28912073941095,31593026.9861
1463702400,98.2671111543161,98.30805064482267,98.09167182792717,98.21319509626939,31593026.9861
1463788800,98.21281926073895,98.28449798702066,98.09972245886516,98.17288198282849,31593026.9861
1463875200,98.13831956578377,98.2125122331458,98.03849311782612,98.15745002864064,34777855.2222
1463961600,98.16117037225573,98.21305841497407,98.08471726101439,98.17326762095423,34777855.2222
1464048000,98.18540563811518,98.27275644073053,98.08136088472357,98.18464016473844,34777855.2222
1464134400,98.19765902179378,98.30630295728918,98.1197243688882,98.218621835181,34777855.2222
1464220800,98.20067898590362,98.31787146153506,98.08139928256229,98.18484337447299,34777855.2222
1464307200,98.19882503271859,98.53669259194865,98.16747640690994,98.36059653925822,34777855.2222
1464393600,98.35286349574965,98.5834060895414,98.31276153361176,98.51631137525791,34777855.2222
1464480000,98.0578484119189,98.17163888815801,97.87503733047994,98.0013383188198,159365912.111
1464566400,98.01328902244344,98.11676821210492,97.91898449510374,98.06435152369379,159365912.111
1464652800,98.0486566409136,98.18182966939854,97.93968259696142,98.08679319751288,159365912.111
1464739200,98.1025930847381,98.1583210424024,98.00421963969579,98.07275572870434,159365912.111
1464825600,98.06910781537198,98.16228528805924,98.04081457588192,98.09645295689927,159365912.111
1464912000,98.09132745666858,98.20839882330658,97.98573725949437,98.1302862397268,159365912.111
1464998400,98.13596004400821,98.21777454206911,98.00196796268384,98.07657617225438,159365912.111
1465084800,98.05635851327015,98.15534327267368,97.96409019956826,98.05365692480447,90712737.2222
1465171200,98.07556356674681,98.17408334272552,98.01314534001662,98.10987705573817,90712737.2222
1465257600,98.11493521965433,98.23496759538817,98.03724182319128,98.11708165494043,90712737.2222
1465344000,98.1333425499191,98.21383507370238,97.91677897526107,98.07269176076258,90712737.2222
1465430400,98.07384110297032,98.12139579161241,97.92901405401255,97.9962586149226,90712737.2222
1465516800,98.00691529012204,98.08516282538933,97.91760410977935,98.00971498902946,90712737.2222
1465603200,98.02168474238961,98.12465980334044,97.9616146407015,98.11014409968683,90712737.2222
1465689600,98.08901536633931,98.36644291163734,98.0532882258659,98.31367361956205,118871102.361
1465776000,98.30091407835494,98.38325612946714,98.16409194084846,98.29434967128363,118871102.361
1465862400,98.27900443673883,98.33482617479305,98.08128261463112,98.18584571644405,118871102.361
1465948800,98.18458690854037,98.26287612857773,98.08691421115628,98.2312341414734,118871102.361
1466035200,98.21991559808735,98.3827595679467,98.17271655617378,98.3356147092697,118871102.361
1466121600,98.30058463223509,98.50600004072938,98.20510109853967,98.35586535181065,118871102.361
1466208000,98.34819341877613,98.51041929111824,98.22817577166337,98.41517416015661,118871102.361
1466294400,98.39145656641226,98.49261551679676,98.2590973449315,98.40863914245533,247562298.889
1466380800,98.40181514911272,98.54006298354282,98.30526823708813,98.40361803265975,247562298.889
1466467200,98.40490679958083,98.48775448637008,98.23360060793962,98.36814458837827,247562298.889
1466553600,98.36199482608905,98.42969407467695,98.13443120187252,98.25630279993753,247562298.889
1466640000,98.26232640958787,98.35519947003614,98.11339014561071,98.24346912615984,247562298.889
1466726400,98.24366982270493,98.45773413170768,98.18500014620678,98.34520915841142,247562298.889
1466812800,98.33664207945255,98.49544608864676,98.28585649317525,98.41290601660309,247562298.889
1466899200,98.23750587324507,98.23750587324507,98.06419849264822,98.0901900432302,99761251.1667
1466985600,98.17675108702792,98.29088927811195,98.01390980215542,98.16491891191362,99761251.1667
1467072000,98.16932303355563,98.31586901748116,98.01195708621532,98.17574762622938,99761251.1667
1467158400,98.19889214472899,98.27042526691064,98.03637081538567,98.14516580304232,99761251.1667
1467244800,98.12728699130822,98.2530184169644,98.02506937835001,98.20616226892167,99761251.1667
1467331200,98.20449397830599,98.29776813430584,98.13195426875856,98.22000018829175,99761251.1667
1467417600,98.22997418308842,98.32626538744603,98.11301059363471,98.23599554840007,99761251.1667
1467504000,98.23473978518159,98.29541036757247,98.04624220090815,98.15370890616727,114316704
1467590400,98.14236838006858,98.26895294068146,97.99093979665255,98.15568944310702,114316704
1467676800,98.17191128779727,98.24586382904988,98.06610404718059,98.12734954871493,114316704
1467763200,98.15297003311325,98.24023718019892,98.05666461530129,98.14056721199725,114316704
1467849600,98.1341819551163,98.21251785800678,97.88981326896791,98.0592152677335,114316704
1467936000,98.02982746797142,98.20616486566819,97.91030157550207,98.06793147699538,114316704
1468022400,98.06488585721112,98.12584173824713,97.79961996207376,97.90392979817231,114316704
1468108800,97.85559232253009,97.92467416685508,97.57458342581373,97.80301994151026,165039506.889
1468195200,97.80039746888373,97.8752804630882,97.33274804519189,97.42373335601597,165039506.889
1468281600,97.43942638923106,97.57788146166682,95.82538553249435,96.24454850837418,165039506.889
1468368000,96.23575658887874,96.79245016221172,94.60157515883975,95.3000895256336,165039506.889
1468454400,95.30608804568435,95.82733441403597,94.80162259816699,95.53428422523642,165039506.889
1468540800,95.48103251769338,96.20643344867256,95.09071051507588,95.89664515923505,165039506.889
1468627200,95.8916226573627,96.3537565096039,95.41426498668113,95.85224529848911,165039506.889
1468713600,95.71192951322755,96.06095884013531,95.36675031586752,95.74552482234155,40844378.014
1468800000,95.7454263112881,96.40410345725931,95.6316819371117,96.27932157331057,40844378.014
1468886400,96.27033961070464,96.42772571358971,94.62798228551371,94.94592418834311,40844378.014
1468972800,94.92162244278019,95.41132631978738,94.63107162756855,95.17342955105144,40844378.014
1469059200,95.15637797357441,95.65764692574491,95.07341403725779,95.55684845360507,40844378.014
1469145600,95.55974152969459,95.75993021898584,95.30775353296444,95.52559882692523,40844378.014
1469232000,95.46651000077998,95.66986933837819,94.98677598899269,95.19171263672928,40844378.014
1469318400,94.90339491482861,95.29561375218222,94.8007324247549,95.19430086831461,59386073.5
1469404800,95.21291206408755,95.85365117000515,95.10285084207032,95.36687518756825,59386073.5
1469491200,95.32531778399625,95.95088966862703,95.21769413730632,95.8089767534976,59386073.5
1469577600,95.81301685356003,96.05480457509036,95.63377746606918,95.85442975389871,59386073.5
1469664000,95.84423146124857,95.99442565355373,95.71553318597732,95.96166138237308,59386073.5
1469750400,95.93662142788493,96.41606290596557,95.85604616575345,96.30378857216132,59386073.5
1469836800,96.32870995140156,96.38777300199195,95.96120287516506,96.09517682077035,59386073.5
1469923200,95.93546528205533,96.17010626965029,95.66241437236333,95.91300928356526,55089829.0833
1470009600,95.90380999967395,96.20332415565986,95.69961183444936,96.05069609535984,55089829.0833
1470096000,96.0243922627193,96.26487791472728,95.33648592438738,95.81035046387282,55089829.0833
1470182400,95.79772027412004,96.0462025681545,95.61087956049121,95.95857632504618,55089829.0833
1470268800,95.92270152692412,96.17881149831908,95.83116856648877,96.03984040799787,55089829.0833
1470355200,95.95786816441272,96.09708176320146,95.83164022842215,95.95569591646705,55089829.0833
1470441600,95.94474104698082,96.10646161141703,95.76102288660763,95.89824989003793,55089829.0833
1470528000,95.73425321929568,96.02083930661684,95.42335243587745,95.7424159739121,77182212
1470614400,95.7529548578306,96.025095163624,95.6245749917136,95.86421484450277,77182212
1470700800,95.86305351673562,96.13741528018976,95.71244916759672,96.0334328505921,77182212
1470787200,96.05303853434674,96.42860847181811,95.77690885948546,96.24445181431996,77182212
1470873600,96.24515330256146,96.49385133077021,95.96145390032412,96.29761140027846,77182212
1470960000,96.30549435230034,96.5474234528275,95.96378324448666,96.3012130404184,77182212
1471046400,96.28647194340634,96.3748248274955,95.81325948238691,95.94343442845057,77182212
1471132800,95.8579090608839,96.11995286114264,95.53682399426891,95.84468695942925,40209341.9444
1471219200,95.82322942628856,96.12008285494977,95.6209645510091,95.87850700429104,40209341.9444
1471305600,95.86643139782286,96.22783898925344,95.7449042180861,96.01955637852423,40209341.9444
1471392000,96.01659316265467,96.18784267558951,95.49913475830742,95.8175699982945,40209341.9444
1471478400,95.77816660703782,96.00733615053639,95.54615741406339,95.78983925825656,40209341.9444
1471564800,95.7759334234162,96.10836888175625,95.5556606210515,95.79296911864799,40209341.9444
1471651200,95.8210338008555,96.06715854143269,95.69509207324298,95.91221475817684,40209341.9444
1471737600,95.87007109078084,95.95531444712033,95.48228013148706,95.78892779623533,38316117.0972
1471824000,95.7824491444233,96.03071645034363,95.34104614901247,95.74001468885916,38316117.0972
1471910400,95.72386216921626,96.23020905841155,95.48958874480611,95.98984578450231,38316117.0972
1471996800,95.94916659484618,96.18595989193935,95.7382666651813,96.01072493093972,38316117.0972
1472083200,95.98924111929496,96.35155240697938,95.89986281641978,96.26990129577784,38316117.0972
1472169600,96.24361156660234,96.4388373848121,95.98849492671512,96.23487988285174,38316117.0972
1472256000,96.27770058765593,96.47749694058768,96.01649869737831,96.21186977234314,38316117.0972
1472342400,96.13917889238002,96.46316666763877,95.523400825994,95.77868272575904,52506929.5833
1472428800,95.85185862796969,96.20963961645094,94.91171302434607,95.54911808663788,52506929.5833
1472515200,95.42037250002961,95.99305539092933,95.11217116579995,95.68074646597167,52506929.5833
1472601600,95.66964004127996,96.00603681687689,95.50787217152353,95.73305581954243,52506929.5833
1472688000,95.74764309648111,96.18115293183543,95.61140357970473,96.01447248991082,52506929.5833
1472774400,96.01828049954419,96.14265909232988,95.46845010212996,95.6447770705453,52506929.5833
1472860800,95.69890741329927,95.95952206231267,94.92057881313724,95.81560478328544,52506929.5833
1472947200,95.60548187080812,95.60548187080812,95.27329842925924,95.57596843936,153455351.278
1473033600,95.57062854121794,95.7058971485913,95.17846151773115,95.34700423559474,153455351.278
1473120000,95.48494066130246,95.81635999354826,95.31649239593999,95.65993935474802,153455351.278
1473206400,95.62053165408247,96.03255671374238,95.47086685038616,95.71112515154093,153455351.278
1473292800,95.75259950636533,96.13335827266705,95.55722337742266,95.89609346817515,153455351.278
1473379200,95.93158613177802,96.09514606205735,95.60006662094274,95.77145774730512,153455351.278
1473465600,95.77337768190819,96.00064326536749,95.56796524923445,95.7571476636318,153455351.278
1473552000,95.70623259694038,96.0970642022412,95.54640919402341,95.89601552555874,41850824.3333
1473638400,95.89276866111507,96.15957734551476,95.5682525053715,95.84799205741913,41850824.3333
1473724800,95.970904125432,96.18048337190172,95.6328987857308,95.82156721102997,41850824.3333
1473811200,95.8240847964463,96.02360301073153,95.75697688812087,95.94542811617632,41850824.3333
1473897600,95.92504960995986,96.21471386917612,95.81266801523344,96.11023594546624,41850824.3333
1473984000,96.14662583576619,96.34485011975575,95.97314299159547,96.21237386367062,41850824.3333
1474070400,96.21966685384574,96.31197986176493,95.93587978081327,96.08742268344595,41850824.3333
1474156800,96.03819716788668,96.23167761129223,95.9622304356728,96.11251010395974,34080585.2917
1474243200,96.10783914970281,96.34025724373551,95.91521243567114,96.03986688848678,34080585.2917
1474329600,96.0319509516448,96.2167808977959,95.82022588668471,95.97911061626746,34080585.2917
1474416000,96.01232732641093,96.26029624517966,95.87146624519698,96.16337454415904,34080585.2917
1474502400,96.12606160128436,96.2341340300511,95.79891615451125,96.01497600123973,34080585.2917
1474588800,96.02265388574901,96.25358724381611,95.84311533068708,96.03571403169238,34080585.2917
1474675200,96.00282090638518,96.13392348429996,95.63805514609155,95.86818085885696,34080585.2917
1474761600,95.8230124088325,95.91926717669466,95.57272578011752,95.8246158158988,31582101.75
1474848000,95.8135144471975,96.16088030456768,95.76208871558589,96.02952889284383,31582101.75
1474934400,96.03568788997941,96.18230074463656,95.90393418376378,96.05549219510452,31582101.75
1475020800,96.07716068639094,96.23451093693109,95.9586533523112,96.07842532457566,31582101.75
1475107200,96.07471527873093,96.36206443187982,95.9733342402383,96.15666026419764,31582101.75
1475193600,96.18286572859988,96.3685293471859,96.00601572154702,96.20855153491941,31582101.75
1475280000,96.24980268524052,96.633342204749,96.15057818343048,96.51820308073947,31582101.75
1475366400,96.46238560731705,96.56289014088905,96.1881921827745,96.35045045504634,46030669.9444
1475452800,96.36995811302037,96.44858373049797,96.11900533900113,96.33572328446472,46030669.9444
1475539200,96.3470144943603,96.5382295342369,96.25267109748212,96.44338211073641,46030669.9444
1475625600,96.49066192117812,96.74765757147591,96.36481218996427,96.58459046002343,46030669.9444
1475712000,96.59258094852605,96.71239025819204,96.43194255068897,96.55854033747761,46030669.9444
1475798400,96.54071357399793,96.76144088995281,96.43652597990472,96.64888644063444,46030669.9444
1475884800,96.66910403638619,96.78249957493132,96.54567233722443,96.69638304707706,46030669.9444
1475971200,95.92963090304514,96.10836583937746,95.68674008603966,95.87164191398647,35591447.5972
1476057600,95.88364714871213,96.1310947064949,95.74452602096518,96.05581884725909,35591447.5972
1476144000,96.02626353065489,96.4708768744524,95.88852547985807,96.3278983124257,35591447.5972
1476230400,96.32056875332067,96.4800553235714,96.02093646501797,96.26699334473923,35591447.5972
1476316800,96.2854710145108,96.41500259015594,96.05386710800336,96.23682052578405,35591447.5972
1476403200,96.23703407098058,96.48660264614803,96.04702006479648,96.35058512117563,35591447.5972
1476489600,96.35246948461152,96.51477212281182,96.25406524829278,96.43058809938545,35591447.5972
1476576000,96.41150113435015,96.53288463866053,96.2718153893807,96.46412133923555,35046209.9167
1476662400,96.47294131884293,96.7336340383367,96.37534048009144,96.56769745230078,35046209.9167
1476748800,96.56385510602462,96.71521375829165,96.38269305843134,96.50034291559713,35046209.9167
1476835200,96.52352883387208,96.69311241924069,96.3515217316248,96.5075461525682,35046209.9167
1476921600,96.46515573544468,96.64464783241714,96.31863736353547,96.44241150656026,35046209.9167
1477008000,96.45757843164934,96.5437634502495,96.31753063847259,96.42716839477323,35046209.9167
1477094400,96.43016269011946,96.77248364323118,96.34891014309004,96.59083690274815,35046209.9167
1477180800,96.43063313350635,96.62399853763534,96.37165999211848,96.50741100732738,82055559.5556
1477267200,96.5064798216296,96.64233185711913,96.29196030584184,96.487542298513,82055559.5556
1477353600,96.49963636318188,96.80343839048929,96.43939421012861,96.62166836303459,82055559.5556
1477440000,96.60632780530717,96.95853450672296,96.52468342704822,96.75283667419266,82055559.5556
1477526400,96.74076915779062,96.98084926711383,96.61185884628235,96.77950730568246,82055559.5556
1477612800,96.79599677307405,97.07389626551107,96.69885885090012,96.9926524396217,82055559.5556
1477699200,96.97615907110924,97.5244759700619,96.87083710301255,97.32024450339155,82055559.5556
1477785600,97.22880050441083,97.32749085247829,96.90345454084274,96.9719959952036,135162095.278
1477872000,97.00244602387687,97.26608902448113,96.88224601683578,97.11470876503789,135162095.278
1477958400,97.18437424736604,97.47850309741521,97.0381072285717,97.31438677484384,135162095.278
1478044800,97.32083479371558,97.42432750517284,97.08536245443314,97.3286546902702,135162095.278
1478131200,97.31299406959879,97.45231225510354,97.04567463586808,97.19229201488162,135162095.278
1478217600,97.1965796946079,97.32225275591834,96.89282318053978,97.13210545865165,135162095.278
1478304000,97.1365446174518,97.19492105164727,96.7001476216926,96.88510914167739,135162095.278
1478390400,96.8318036242144,96.99308720685413,96.73970730789337,96.89615669069318,52771046.4545
1478476800,96.91380409984501,97.07084612922652,96.62517648636515,96.84757228104121,52771046.4545
1478563200,96.88757283733327,97.02331597068492,96.62944713307202,96.87980235381146,52771046.4545
1478649600,96.94331256290721,97.27790231047302,96.75199572071384,97.01434938942411,52771046.4545
1478736000,96.97626246310894,97.07339521930868,96.75183147957318,96.86741479319771,52771046.4545
1478822400,96.86492905792889,97.0323651069306,96.67430184125692,96.83052314028193,52771046.4545
1478908800,96.85419684914218,96.95223043651859,96.51231061292829,96.78194131667031,52771046.4545
1478995200,96.68002276236042,96.89142561542965,96.5168536599146,96.7784546751817,69985541
1479081600,96.77804588089198,96.8813543140979,96.55034525974835,96.73775398797844,69985541
1479168000,96.72349474718779,96.93235040129423,96.62112173144443,96.80907884388623,69985541
1479254400,96.81842259981583,97.23433896344498,96.73720165775168,97.09919851039699,69985541
1479340800,97.11118016059575,97.25385706754206,97.01055693545825,97.11789244653906,69985541
1479427200,97.12065888931187,97.33783656031775,96.95057397212672,97.18653358510629,69985541
1479513600,97.1907351030796,97.36355206444316,96.98585063852804,97.19549088098333,69985541
1479600000,97.17808668157012,97.28409636399223,96.99684580487475,97.18976667935038,98710575.9444
1479686400,97.16680418043842,97.24049162923268,97.06195273373262,97.15697182576129,98710575.9444
1479772800,97.12864416998049,97.25772525504159,96.92822369990591,97.11812800579527,98710575.9444
1479859200,97.124023708701,97.2076326583714,96.95202412604799,97.07404709764658,98710575.9444
1479945600,97.10275203622926,97.24349457360049,96.92374294569385,97.0582986889374,98710575.9444
1480032000,97.04445266150377,97.19726463957731,96.93378215945283,97.07315334605431,98710575.9444
1480118400,97.10068126836777,97.20577892380649,96.95215760415489,97.06973853333747,98710575.9444
1480204800,97.06474068539526,97.14166886793255,96.80752020504818,96.91032138589098,51906385.0833
1480291200,96.92927087599793,97.10512836019885,96.81606415294588,96.98541154353781,51906385.0833
1480377600,96.99642203241648,97.19055476265194,96.90573686603179,97.05391509357794,51906385.0833
1480464000,97.02107292505086,97.22159342171194,96.78962583063458,96.95630707472935,51906385.0833
1480550400,96.96802207059613,97.15249468428591,96.89070042518007,97.09167674244974,51906385.0833
1480636800,97.08049619781431,97.32861319411063,96.99323840007685,97.19896533254014,51906385.0833
1480723200,97.21161633733121,97.2916077965042,97.0337416410931,97.12362991089385,51906385.0833
1480809600,97.09918772444433,97.26303059008166,96.98343303154026,97.15804948688171,56120495.2222
1480896000,97.1534273573761,97.26444796874071,96.96987797621787,97.11577332120355,56120495.2222
1480982400,97.1208722102678,97.40102583114415,96.76722232101778,97.1069734485947,56120495.2222
1481068800,97.07475478606032,97.26985181817346,96.87087104190503,97.01768431628149,56120495.2222
1481155200,97.03570931365118,97.15657191585635,96.88237869426779,97.05981532492892,56120495.2222
1481241600,97.05291298994746,97.09490527430256,96.91413965860627,97.0468915667299,56120495.2222
1481328000,97.03814065542396,97.26121830828876,96.97676871055812,97.13707038710334,56120495.2222
1481414400,97.08874892545002,97.1971470385257,96.92042315910425,97.08516290977542,56084287.8889
1481500800,97.08322547768371,97.17043110812642,97.01034917951299,97.1018757625113,56084287.8889
1481587200,97.11741741873519,97.26024512519803,97.02311756764365,97.17582679198725,56084287.8889
1481673600,97.17395062845007,97.25295296661443,97.02360326951586,97.15310349879962,56084287.8889
1481760000,97.12597864037193,97.22730007453303,96.99018006866169,97.08807348438678,56084287.8889
1481846400,95.07939047332994,95.17141058468346,94.9894453217719,95.05983642708244,56084287.8889
1481932800,95.07486333971077,95.26016305494845,95.06873323704538,95.19736563399024,56084287.8889
1482019200,95.19274001665646,95.2491707588483,95.006758508723,95.11087289312664,60989878
1482105600,95.3089558906535,95.39698206850791,95.10625121877449,95.24421094465384,60989878
1482192000,95.31368082106543,95.43860698897369,95.1926145520074,95.38873060073321,60989878
1482278400,95.4334692327781,95.63158974099633,95.35056704496465,95.56947042723493,60989878
1482364800,95.66265548578325,95.9984447914426,95.51147003745693,95.89116534096291,60989878
1482451200,95.76055020159288,96.095984285576,95.69951439136197,96.095984285576,60989878
1482537600,95.9362283673591,96.09735028225384,95.69639949323339,95.99458102478789,60989878
1482624000,95.82663128890799,95.95956549284111,95.58417188731852,95.95956549284111,138159061.389
1482710400,95.7871058154304,96.0190005737502,95.64725555018688,95.92194682578122,138159061.389
1482796800,95.77132941183862,96.03919681595828,95.46829341973189,95.81906115569375,138159061.389
1482883200,95.69642424128378,95.99027641494132,95.50913541240199,95.90433365274625,138159061.389
1482969600,95.77937635577084,96.00439330735418,95.46872815651557,95.85308812639806,138159061.389
1483056000,95.7121081144953,95.87201495715647,95.45621814688093,95.77344018454748,138159061.389
1483142400,95.62881223985185,95.82369555762916,95.41536661642141,95.73042700831199,138159061.389
1483228800,95.57754958364463,95.86939921928467,95.43040759267278,95.78915561961612,83178589.1111
1483315200,95.66789586867408,95.91715538217323,95.39308763235667,95.71746840279891,83178589.1111
1483401600,95.55452271589829,95.86928990048304,95.36321847496843,95.6928462535767,83178589.1111
1483488000,95.55271742724992,95.82344954286383,95.46398125842022,95.77868994270271,83178589.1111
1483574400,95.63949688043702,95.63949688043702,95.43661421751644,95.46487441641892,83178589.1111
1483660800,95.29793843676411,95.49695209920995,95.0924732838158,95.28079876210366,83178589.1111
1483747200,95.10510276009438,95.4312113938383,95.0154402776859,95.41700854724368,83178589.1111
1483833600,95.24139642176965,95.51130495466839,95.13740410966422,95.36893130704225,228363341
1483920000,95.10679888884202,95.18973600646225,94.97564681006794,95.0915679649701,228363341
1484006400,95.0981585916895,95.21763165851603,95.01765743718013,95.14003345576211,228363341
1484092800,95.13365446153985,95.13365446153985,94.79264900960416,94.79264900960416,228363341
1484179200,94.76839329632102,94.79968599319218,94.75796025127254,94.79968599319218,228363341
1484265600,94.79133141758396,94.92785721136413,94.78280927619723,94.92785721136413,228363341
1484352000,94.92985402762588,94.9916694829655,94.85614497947012,94.93799242980329,228363341
1484438400,94.88769636269932,95.02261059724789,94.7731580766314,94.90780614535576,84129598.2222
1484524800,94.91463784496645,95.01700047452582,94.7406248107765,94.87558520845674,84129598.2222
1484611200,94.89140464150198,95.17785901959945,94.82591690679092,95.11454775141995,84129598.2222
1484697600,95.12129844770305,95.16086939236563,94.93352340061398,95.06446350421092,84129598.2222
1484784000,95.04670671214882,95.24472666501308,94.96579550835023,95.08392740909699,84129598.2222
1484870400,95.1040384947354,95.23173477568069,95.01063718618677,95.14832594715243,84129598.2222
1484956800,95.14652115296533,95.29560984152263,95.09236527595834,95.22397165296475,84129598.2222
1485043200,95.16254963228101,95.23712216729042,95.09613678541359,95.1695909377823,96763574.8889
1485129600,95.17709826724324,95.24116838506949,95.06250962927581,95.16375911774021,96763574.8889
1485216000,95.19137855343376,95.26365330547655,95.10282636657317,95.17797563536841,96763574.8889
1485302400,95.1656279660829,95.27593162797439,95.12383061047777,95.21128421753303,96763574.8889
1485388800,95.21183275104002,95.37820742608096,95.11284830370306,95.31902395471617,96763574.8889
1485475200,95.31833509967794,96.1466207099078,95.15184084788798,95.26332039105476,96763574.8889
1485561600,95.27712061664046,95.35330416836332,95.09394660972511,95.16469249507948,96763574.8889
1485648000,95.16009437722528,95.2677272945045,95.03669522709504,95.14951307278758,61131127.75
1485734400,95.1229716460692,95.20444156194084,95.0051492681562,95.12627293547568,61131127.75
1485820800,95.11095416434122,95.38403926961871,95.11095416434122,95.36753038542079,61131127.75
1485907200,95.38910388837094,95.45769160726282,95.256165385134,95.36354562713929,61131127.75
1485993600,95.36610449220805,95.51127965776315,95.34296879905365,95.49968705692561,61131127.75
1486080000,95.47170377387688,95.7105020325982,95.40913450540232,95.52713225732957,61131127.75
1486166400,95.54870276200012,95.63155488227086,95.46615077300324,95.59057941534493,61131127.75
1486252800,95.5898541128948,95.6475310759205,95.49428980632833,95.57666993443928,135872280.944
1486339200,95.55383265303517,95.67776908932983,95.46717327150326,95.54445101188537,135872280.944
1486425600,95.5201283721768,95.69777768270129,95.48649066405662,95.66044795487439,135872280.944
1486512000,95.69519249144886,95.78850326607612,95.58314257661253,95.67071529854236,135872280.944
1486598400,95.67052541208977,95.76937358908847,95.54137288991319,95.54137288991319,135872280.944
1486684800,95.56155188178617,95.65910316029942,95.45289348734617,95.58084060441877,135872280.944
1486771200,95.57713880418471,95.64405154996106,95.47603230727218,95.55442814456029,135872280.944
1486857600,95.53354961397916,95.66437782045017,95.44997538071634,95.55522118768941,85374117.6111
1486944000,95.5472398328551,95.67282488888435,95.49403980058122,95.56542620377236,85374117.6111
1487030400,95.58552350195852,95.65815146283938,95.36101143732678,95.49026475078536,85374117.6111
1487116800,95.47210223779064,95.66043678172169,95.28577071696816,95.39478453551415,85374117.6111
1487203200,95.41655705297633,95.8296272730775,95.32597048550382,95.5567542514868,85374117.6111
1487289600,95.57285799561048,95.75614917748283,95.49602686682,95.63978348685058,85374117.6111
1487376000,95.62440327957613,95.93163474012705,95.52240059327605,95.71257114099649,85374117.6111
1487462400,95.68563849681134,95.77860058081839,95.45975010213922,95.57618327679693,88910282.6111
1487548800,95.57539426742507,95.88105462481268,95.53544230660334,95.80839038169688,88910282.6111
1487635200,95.8111211923283,96.07186436568583,95.78504871378675,96.03737180515755,88910282.6111
1487721600,96.0295952289262,96.10976597219013,95.85367682427805,95.95764263226208,88910282.6111
1487808000,95.94002437618447,96.0951096956758,95.83310140977578,95.95786261494412,88910282.6111
1487894400,95.98793422470607,96.25074175622521,95.80755097163433,96.09179157589878,88910282.6111
1487980800,96.08872108522203,96.19762780442356,95.87046411541421,95.93816736305729,88910282.6111
1488067200,95.92086570004567,96.04058166728035,95.86196832437882,95.96334230624171,139533304.222
1488153600,95.95319893789524,96.07487936543066,95.89961274989251,95.9889628902288,139533304.222
1488240000,95.98997303183235,96.21034720754794,95.75728186925303,95.87664726747155,139533304.222
1488326400,95.88047055010745,96.06551789668895,95.16788297808402,95.68254942920281,139533304.222
1488412800,95.68969359317397,95.9956851223512,94.81583095361069,95.543149912633,139533304.222
1488499200,95.56691303293924,95.84479750688234,95.08939704097776,95.36203459592187,139533304.222
1488585600,95.35093415555052,95.59309999033175,95.19722582144998,95.52826213341376,139533304.222
1488672000,95.50756703968378,95.65970008529516,95.22322961780486,95.41898397809659,172161222.111
1488758400,95.45171927648289,95.6000214549657,95.1808444573223,95.31428868493838,172161222.111
1488844800,95.30471323165966,95.44036714518224,95.09197487027822,95.19088705270565,172161222.111
1488931200,95.20620400150892,95.30338039319662,95.09024987982446,95.19928761423769,172161222.111
1489017600,95.22110973519462,95.28508049347239,94.83118404098681,95.0269067499015,172161222.111
1489104000,95.02274080544332,95.24918795250066,94.60641453983277,94.73986788289051,172161222.111
1489190400,94.76691571064092,94.97955821490129,93.98577075349445,94.1205033740408,172161222.111
1489276800,94.12957080585952,94.52137154226969,93.69054106395805,93.9488325012685,239259635.889
1489363200,93.9645618513179,94.28034921763853,93.45786199246328,93.86135005721452,239259635.889
1489449600,93.87652789835323,94.07409955023516,93.01193488451806,93.44577325185038,239259635.889
1489536000,93.45264096005394,93.70798856714805,92.77926208894786,93.14244713516831,239259635.889
1489622400,93.14517323371504,93.6165417557343,92.49990568358793,92.67177163032596,239259635.889
1489708800,92.68804854443717,93.0851049775148,91.56248009713923,91.98370614861126,239259635.889
1489795200,91.96813113452866,92.25478843390704,89.82667168439505,90.64507964057798,239259635.889
1489881600,90.64001452832944,91.51947564928146,89.88919506537941,90.68990289525058,630454936.889
1489968000,90.72272011562504,91.44896834677422,90.2583929765355,91.2009227876381,630454936.889
1490054400,91.21355801435818,92.1910133714075,90.91579199314074,91.86006199243853,630454936.889
1490140800,91.82756959836031,91.97643845252234,90.67201192925202,91.03722277307351,630454936.889
1490227200,91.04530584488535,91.84183201947333,90.05531083943555,90.31269510939413,630454936.889
1490313600,90.38349412774095,90.90182092885351,89.0282642937746,89.79343378803567,630454936.889
1490400000,89.7480233622014,90.56941422845605,89.43989763518127,90.52677957968453,630454936.889
1490486400,90.4324886126776,90.89205011199314,89.97676732461386,90.31726105126346,358537424.889
1490572800,90.32612321639091,91.51616538349464,89.9867915006703,91.1051804208488,358537424.889
1490659200,91.2037589925968,91.48709820861792,90.15762137794263,90.7026383518433,358537424.889
1490745600,90.70497086073158,91.10683634089636,89.98981624290991,90.63573636364737,358537424.889
1490832000,90.60514088161675,91.05706327092629,89.27978406612863,89.90823395737576,358537424.889
1490918400,89.97064605353121,91.01771484900678,88.07906079638393,89.23934341507118,358537424.889
1491004800,89.16484610121269,89.97130807443234,88.62002607771363,89.10426373076112,358537424.889
1491091200,89.084414171294,92.63834741786337,81.63910600433336,83.66931568481024,266163413.111
1491177600,83.6798376688717,90.3376126820887,83.40714763798292,88.3200111152983,266163413.111
1491264000,88.27942867771027,89.50382777059485,86.07644641845671,87.22330175782118,266163413.111
1491350400,87.2005104177036,87.93562516133665,86.17594197051103,87.47168722541738,266163413.111
1491436800,87.48345387542862,89.35600147061325,87.46984441956559,88.67651989933887,266163413.111
1491523200,88.76114241909974,89.22737101666414,87.62612581711743,88.14215159912547,266163413.111
1491609600,88.14283783874251,88.39346802857428,87.53124599452788,88.0784266246518,266163413.111
1491696000,88.00185712218584,88.87038744419031,87.91147892618952,88.53416331312434,174378620.778
1491782400,88.48086133209446,88.97072626935953,88.06674032002661,88.58297840978328,174378620.778
1491868800,88.55919113851888,89.09861378355444,88.38413600208365,88.88662170368468,174378620.778
1491955200,88.9076817096089,89.09042795502525,88.09025682832481,88.34470451326276,174378620.778
1492041600,88.34596195709425,88.39058487410672,87.54347004171765,87.84914369055777,174378620.778
1492128000,87.84568674056392,88.49114686542104,87.53397295555826,88.00817680949461,174378620.778
1492214400,88.01953864096448,88.20753871600408,87.26772904881427,87.63941629481343,174378620.778
1492300800,87.68148563722015,88.02810959198283,87.25295698626864,87.74434568180543,192839492.889
1492387200,87.33926935160922,87.77891591090551,86.91027238132348,87.50861624621362,192839492.889
1492473600,87.55994537915822,88.06183903575693,86.93980070302594,87.57428293455469,192839492.889
1492560000,87.6036661966454,88.49118287539292,87.21859782600883,88.06765654184221,192839492.889
1492646400,88.1689182911246,89.115032201158,87.8784468265679,88.46661645403715,192839492.889
1492732800,88.46895205323105,88.7063598570682,87.65299158673263,87.9932136581633,192839492.889
1492819200,88.03583865268432,88.60048270107974,87.58578710570498,88.28504981642517,192839492.889
1492905600,88.2437225505068,88.40728447364552,87.87519112311536,88.22256167705707,268768819.111
1492992000,88.20129475021689,88.4356373585706,87.72899395888118,88.09505497022944,268768819.111
1493078400,88.12203326488155,88.4565521140232,87.52313294826064,88.23317923910007,268768819.111
1493164800,88.19094865730166,88.42567114227572,87.77001921817731,88.19727853068497,268768819.111
1493251200,88.01043822166656,88.38575771643133,87.24785972170365,87.64240804040327,268768819.111
1493337600,87.65713228016895,87.67246239632973,85.78997306049718,86.10490709351588,268768819.111
1493424000,86.08557628252585,86.13027678979867,83.23514352351413,84.32806305848281,268768819.111
1493510400,84.31237547678431,85.10017229604463,83.59721992366867,84.51882409508299,369247414.444
1493596800,84.56801095839424,85.94062228147935,84.09774323159974,85.4014146566507,369247414.444
1493683200,85.35269972508954,86.2623569229501,84.96776148739455,85.48603761731118,369247414.444
1493769600,85.50979879662597,85.85245676794125,84.44865414804158,84.69212749020565,369247414.444
1493856000,84.7067037953446,84.86461924209914,82.24626484695905,82.6644649472167,369247414.444
1493942400,82.66525164677444,82.98729106712489,79.82006895400275,81.21171137598286,369247414.444
1494028800,81.31795190376874,81.5756797937544,79.38616540060849,80.03694213752945,369247414.444
1494115200,79.93154713742013,80.63258297221802,73.61840980261518,75.97722418123453,617303973.333
1494201600,75.96625452953384,79.43342459299917,69.48844750294516,72.76422632634755,617303973.333
1494288000,72.77700691477006,81.38079873005739,71.97161113058685,76.51736171571278,617303973.333
1494374400,76.50551805323127,77.05334549550807,73.17283624943053,74.58816459022749,617303973.333
1494460800,74.56517117675837,76.87932883920358,74.01901194267373,75.21452809758853,617303973.333
1494547200,75.13318538765773,75.13318538765773,72.15069586106331,72.15069586106331,617303973.333
1494633600,72.40094452186587,72.89485496557049,71.6425153935897,72.89485496557049,617303973.333
1494720000,72.72728367536494,72.84648362551941,72.08593480184817,72.30547203697176,481621116.889
1494806400,72.31637141426658,72.31637141426658,68.66106879302588,68.66106879302588,481621116.889
1494892800,68.65802559310652,69.52744998453095,64.29509197176307,65.35690201493523,481621116.889
1494979200,65.36722180130666,68.10401797219504,61.51109626487437,62.82645189418451,481621116.889
1495065600,63.190564579756895,66.99513337743123,62.15151692004619,64.43099508542032,481621116.889
1495152000,64.43209602866405,68.87965145445521,64.299427810491,66.64862782887404,481621116.889
1495238400,66.6531916295371,68.78537021368356,64.78272242949359,65.94193461818362,481621116.889
1495324800,66.09652543133318,67.0114052086517,63.929263588418465,65.53041587655144,959254048.889
1495411200,65.60391146595192,71.93166680402055,65.60391146595192,67.73056540579681,959254048.889
1495497600,67.83716592341322,69.01269451494825,64.75035833366017,66.83316742013203,959254048.889
1495584000,66.82768073697099,70.0855695679192,66.70326030585981,70.0855695679192,959254048.889
1495670400,70.0959832093065,73.22743866668225,70.0959832093065,72.70949376732521,959254048.889
1495756800,72.62489700875912,72.62489700875912,69.35326632514945,70.57409550710318,959254048.889
1495843200,70.57480263652755,78.93972098758908,70.18037245882122,73.67793809194279,959254048.889
1495929600,73.75569697026089,74.50369532459109,71.84143500815443,73.21645572671085,1656465349.33
1496016000,73.14110873010044,74.0874645272432,72.18931968975583,72.98111338399262,1656465349.33
1496102400,72.94168764888485,75.43414917714047,71.8769761991757,73.82133697209642,1656465349.33
1496188800,73.83223268643843,75.0346748573182,71.39661038114482,72.04019212807822,1656465349.33
1496275200,72.04630884392465,72.33947667665636,67.66068307683545,68.0766408780223,1656465349.33
1496361600,68.19300020130228,70.90135153641181,67.24506049121533,69.81654403319071,1656465349.33
1496448000,69.69423690239994,71.19261633269758,68.66906618819907,70.14419115089372,1656465349.33
1496534400,70.02683301527041,71.08742400568208,68.39908975819068,69.27350482541227,1553182994.67
1496620800,69.27177511550589,70.30702074614335,69.1892228189035,70.30702074614335,1553182994.67
1496707200,70.27257448709294,72.28791063128978,70.27257448709294,71.3937715717959,1553182994.67
1496793600,71.42883328315123,71.42883328315123,69.76742434531357,70.87493786816425,1553182994.67
1496880000,70.89847180608045,71.11574894369738,69.78062773679422,70.59592568887219,1553182994.67
1496966400,70.66587174981868,71.32531352695295,69.3665416113464,70.44994761253606,1553182994.67
1497052800,70.47881306165455,72.61686662590641,69.55895314141031,72.27779222239339,1553182994.67
1497139200,72.34902268836238,73.03923480939389,70.29155956445624,71.47961129639768,2091134218.74
1497225600,71.48076442587609,71.81493447918226,70.38425356797683,71.25583470750296,2091134218.74
1497312000,71.27828474794656,71.70434574644035,69.49955798955828,70.27860548087004,2091134218.74
1497398400,70.32751013636761,70.32751013636761,68.54178249710945,69.3099843964862,2091134218.74
1497484800,69.40069552253603,70.06738964442508,68.95513786783228,69.73607023088312,2091134218.74
1497571200,69.80700638162425,70.36617489909462,69.23394325629275,69.9153415616761,2091134218.74
1497657600,69.9088777126825,70.77678066233437,69.53274179834807,70.08840344490095,2091134218.74
1497744000,70.07937024381712,70.23814288918358,69.03458044141574,69.31495589301738,1466648442.67
1497830400,69.31228439154235,69.78351400054146,68.21970329985557,68.69002102357261,1466648442.67
1497916800,68.69919670959852,69.93359745251828,67.36988886173543,68.61030616909754,1466648442.67
1498003200,68.66309480482859,71.08995347829017,68.2918455884877,69.97317005971556,1466648442.67
1498089600,69.96731129731441,71.15725719364369,69.48893894842695,69.85514642593557,1466648442.67
1498176000,69.85736786900473,70.27938495874527,68.79564895986418,69.08626378298398,1466648442.67
1498262400,69.06183626647872,70.22741949027778,68.40976144875891,69.42561526024119,1466648442.67
1498348800,69.40600803094136,70.72555754490143,69.3170140782084,70.30800547032634,1008182742.08
1498435200,70.28219818681897,72.55014047744692,69.85640588143723,70.85204687615285,1008182742.08
1498521600,70.85074552180647,72.0157379786449,70.60077861751905,71.01645029074213,1008182742.08
1498608000,70.97713323518563,71.5156871689707,70.20206135732346,70.26150845689783,1008182742.08
1498694400,70.29814413654651,71.42767404273151,70.23325002453679,71.295541523148,1008182742.08
1498780800,71.29201682017217,71.53250826922668,70.66588526989392,71.21949625374403,1008182742.08
1498867200,71.18259095028469,72.14311919462052,70.9611596195763,71.91752568143191,1008182742.08
1498953600,71.94299519506203,72.25290110989086,71.50697660833438,71.68791063360403,767445926.042
1499040000,71.68113495721175,72.28900163585347,71.48658673427181,71.75079742441092,767445926.042
1499126400,71.79092375853888,72.30180500652789,71.42799756506821,72.30048903866113,767445926.042
1499212800,72.32316036455731,72.66030979581653,71.61201002928964,72.13263368697709,767445926.042
1499299200,72.14207530871501,72.52256721878538,71.60082299912378,71.8793863180542,767445926.042
1499385600,71.88995468191844,73.31846827138988,71.75061294339574,73.30052573442246,767445926.042
1499472000,73.31049651281371,74.77692049404445,72.9718725230215,73.33797298562766,767445926.042
1499558400,73.30872797846631,73.86128079853667,72.55963866866682,73.71382785298378,642125736.444
1499644800,73.70075715221753,77.13503627764815,73.58622320685424,76.22992523299514,642125736.444
1499731200,76.25865841649583,79.29212689081663,75.35127287442307,76.8989365217602,642125736.444
1499817600,76.98420833343043,77.75936051455872,75.02566734945451,75.129375396975,642125736.444
1499904000,75.17368075369885,76.5434023643023,73.90517826551847,75.60008594487044,642125736.444
1499990400,54.2406659213358,54.94022802363679,52.194548710511455,52.51080308004576,642125736.444
1500076800,52.601578326656636,53.20267964412323,51.78593272658861,52.71826118669727,642125736.444
1500163200,52.75128494073586,56.02778820464713,52.54280789604376,54.13709764745678,959553807.111
1500249600,54.09502447664873,54.53697309220171,52.83206311843814,53.44894628133666,959553807.111
1500336000,53.38706295248252,54.08730795976429,49.710332495196084,50.2313697241468,959553807.111
1500422400,50.229559193146045,54.72036616556919,49.9758208626467,54.07830365970575,959553807.111
1500508800,53.511168245933874,56.452881661795054,52.265383087616556,55.706003822768345,959553807.111
1500595200,55.78473055878469,55.78473055878469,53.73356167426946,54.77887725453775,959553807.111
1500681600,54.79503600392971,55.472106513200615,53.68647882653473,54.44742915685013,959553807.111
1500768000,54.52243140211479,55.11078617876066,53.65292886802485,54.29753383298975,1223160113.78
1500854400,54.27099418688254,54.87676782576829,53.85452092689583,54.369078219327136,1223160113.78
1500940800,54.391204046785106,56.44693277612854,54.18673028199618,55.27098360447826,1223160113.78
1501027200,55.31551152918266,55.96312885822905,54.6335288978547,55.165217572071825,1223160113.78
1501113600,55.14893324815813,56.12404921109968,54.8327943626854,56.08406392501008,1223160113.78
1501200000,56.18251621725165,59.463088851013225,56.141360052355225,58.871245926385654,1223160113.78
1501286400,58.904725728324905,60.04146590212155,56.7362676328957,57.08842296021614,1223160113.78
1501372800,56.984281642727744,58.70990388242902,56.41829387900239,58.58530334507588,742708827.556
1501459200,58.50423144853525,59.643995590916724,58.20983671974032,58.39130275983615,742708827.556
1501545600,58.41594185807667,58.41594185807667,54.602390202206266,55.00123022622844,742708827.556
1501632000,55.01044272152006,56.05409785820867,54.47353398188079,55.77885883550494,742708827.556
1501718400,54.59142113235931,55.17448877231339,52.615056470741386,54.34511995210909,742708827.556
1501804800,54.399643266765366,55.53025355325204,53.963177997619574,55.352074354442095,742708827.556
1501891200,55.378389039760854,57.06144000589202,54.90162863734916,55.63870426018156,742708827.556
1501977600,54.1128557837285,54.57288766266068,52.85446254981127,53.899954654753316,1602167585.78
1502064000,53.970937650017014,54.50217985447245,52.30427335853387,53.244371388762566,1602167585.78
1502150400,53.22008822783515,54.315534505220256,51.14998075994814,51.89888676744437,1602167585.78
1502236800,51.95212473416696,53.7035549258823,50.27674323816027,52.62210538750038,1602167585.78
1502323200,52.596440695023816,53.50167841069039,50.651861709610166,52.66197126341665,1602167585.78
1502409600,52.65360990691157,53.77083545217074,51.951100915976035,53.05131303946023,1602167585.78
1502496000,53.028843496303345,54.739096031835324,52.82623673769794,54.68754565859254,1602167585.78
1502582400,54.6672597505731,58.14858674659421,54.36663127433994,56.35639922562871,2749835406.22
1502668800,56.38921144647242,58.07913434501006,54.86133569845517,57.6551170901906,2749835406.22
1502755200,57.59967150525138,58.92914840478928,56.382811587901195,57.826503398643126,2749835406.22
1502841600,57.747428932707265,58.334079295260956,56.01179813376913,57.97485616604905,2749835406.22
1502928000,58.02815700058432,59.198207457595295,56.38183295141085,57.170800589596226,2749835406.22
1503014400,57.24998848713923,57.36613481226439,52.63394255334586,53.76051419002857,2749835406.22
1503100800,53.801715039078026,55.62036345674709,51.91504799640245,54.3910896790728,2749835406.22
1503187200,54.37567801540559,54.710666848956265,52.44338462659414,53.38774379911349,2758143310.22
1503273600,53.34889194276366,55.10807989698435,49.56889018500868,52.261861120643886,2758143310.22
1503360000,52.18618840811864,53.93454912545792,49.727540705374956,51.63656744778504,2758143310.22
1503446400,51.679649297876814,52.854141907120486,49.83835542964691,51.75051571372406,2758143310.22
1503532800,51.63055510480137,53.248155995764876,50.66237165724685,53.11544489588593,2758143310.22
1503619200,53.0819387817573,53.6951414596808,52.21239620073334,52.77716622932698,2758143310.22
1503705600,52.801906446562796,53.92212346861792,51.22072898588772,52.341315451052125,2758143310.22
1503792000,52.33486721346024,53.309940200080696,50.32984343020037,51.62730501345417,1498018983.11
1503878400,51.64108040541441,52.35672421050178,50.30199103683452,51.531401286322435,1498018983.11
1503964800,51.50113932107748,52.992856438487436,51.18814960314799,52.30001540368242,1498018983.11
1504051200,52.243646571758404,52.82980730884987,50.87802200735678,51.38957663274167,1498018983.11
1504137600,51.411850428428274,52.186274766260766,50.65342634668847,51.371548938862155,1498018983.11
1504224000,51.37286962707412,52.35874182287624,50.47742462983952,51.530590567187915,1498018983.11
1504310400,51.555873545769416,53.4784400666069,50.98900265240527,52.80622482318156,1498018983.11
1504396800,52.73006897249503,53.50413411868249,51.82310617907835,52.40965260540591,2378847504
1504483200,52.39930251738482,55.92724793000732,52.21252258584072,54.13023563112907,2378847504
1504569600,54.15156113004901,55.56980794485877,53.5546222576389,53.64610823000706,2378847504
1504656000,53.674676135671874,54.36861272816412,52.448123056146336,52.93524708967531,2378847504
1504742400,52.9423072497804,54.73625589930724,51.99573647874948,52.91495313230969,2378847504
1504828800,52.95744523346117,53.67263317419623,52.198404063420725,53.334995198206734,2378847504
1504915200,53.337603580473505,53.99034957616669,53.04374766188602,53.592370913844945,2378847504
1505001600,53.53434310271604,54.61522869153871,53.03508744851394,53.58704973782268,1387493529.78
1505088000,53.519739941110736,54.02878677696966,53.00464644921996,53.38898444938508,1387493529.78
1505174400,52.93633056600642,53.6259203479324,52.29416877957982,52.96606458079754,1387493529.78
1505260800,52.90790716801859,54.21247821603284,52.664074144862695,52.7906969017988,1387493529.78
1505347200,52.81120652788367,54.79612260086816,52.650485454833316,54.251818180891554,1387493529.78
1505433600,54.25202998459178,56.040266854144164,53.3281510119152,54.1542923575221,1387493529.78
1505520000,54.120457559914946,55.26420607410224,53.38264414490717,54.38464974265832,1387493529.78
1505606400,54.45530883467581,54.935149853480816,54.062885510752864,54.335058834707304,1596739801.78
1505692800,54.29634667242691,54.582318882440106,52.76257668530753,53.65272541224716,1596739801.78
1505779200,53.58995121686168,54.049720436669936,52.917500392869286,53.366733454274,1596739801.78
1505865600,53.45261480133453,54.063299173816745,53.041507265085144,53.4827599618031,1596739801.78
1505952000,53.53368244470765,54.4621198063854,53.197581877134645,54.10482280910741,1596739801.78
1506038400,54.15299095302939,54.450038872977345,53.528795622093114,53.81913172813153,1596739801.78
1506124800,53.867704311796984,54.16108702331396,53.20865712107265,53.503835809422675,1596739801.78
1506211200,53.4526029584264,53.60843571252478,52.80915051080062,53.12182007816389,904884421.333
1506297600,53.10051021859644,53.754769032244894,52.72669442600938,53.32426272941382,904884421.333
1506384000,53.31274429408713,53.777679397460645,52.65896096622805,53.28518942392941,904884421.333
1506470400,53.30163449686709,54.03608735736427,52.74787184748355,53.4759773139411,904884421.333
1506556800,53.390893108543565,53.74107148190617,49.069271011410876,53.74107148190617,904884421.333
1506643200,53.77539612710074,54.98537992545738,53.277688063091425,54.36799893450076,904884421.333
1506729600,54.037995459030796,54.83300250014235,51.028675374677334,54.05695273507779,904884421.333
1506816000,54.056407969821585,55.014932706947405,53.66151348465057,54.52682406904287,1222748042.67
1506902400,54.53974295688017,55.4905310334306,54.166558193950735,54.742171967874555,1222748042.67
1506988800,54.7968172027427,54.7968172027427,54.45786085468721,54.78148305178333,1222748042.67
1507075200,54.8547353145746,55.532821985968695,53.92264722936289,54.799611473741486,1222748042.67
1507161600,54.775836006990616,55.44026243501774,54.03648176633008,54.794783639620604,1222748042.67
1507248000,54.824102465835935,55.254562679866304,53.972478500914946,54.44689566968992,1222748042.67
1507334400,54.517139124229175,54.92774258591091,53.8869436079715,54.52408755500372,1222748042.67
1507420800,54.55506691620453,56.13518542316061,53.933980772613374,55.52501182171525,912746946.667
1507507200,55.53273415181709,59.230616978093956,55.53273415181709,57.802678644801574,912746946.667
1507593600,57.78381104372787,58.75336914400915,56.31408453967297,57.222997167268375,912746946.667
1507680000,57.21568297348194,57.70231321364948,56.40204440574613,57.011381814672255,912746946.667
1507766400,56.577740585579036,59.80514298142806,56.577740585579036,59.80514298142806,912746946.667
1507852800,59.79993660976619,61.94736150977377,58.327867774318534,58.90580320263192,912746946.667
1507939200,58.90305421093769,59.912298700615985,58.088252638326686,59.590013081831614,912746946.667
1508025600,59.59377763380741,60.00629080401563,58.448227789449035,59.1162495952696,1729196192.89
1508112000,59.14896055204119,59.85457776807793,57.128485072383185,59.387911065768506,1729196192.89
1508198400,59.44534679121426,60.6061446390568,57.840211491001206,59.437884597532154,1729196192.89
1508284800,59.49523691951912,60.24853189995979,58.796796502625526,59.98844779023478,1729196192.89
1508371200,59.97615992186932,61.4567029241176,59.71239519600419,61.00090667489025,1729196192.89
1508457600,61.00557409422489,62.848870518320574,60.61722432762281,62.72819527432998,1729196192.89
1508544000,62.73983694154385,64.39937238842869,62.44042177193209,62.94806999660874,1729196192.89
1508630400,62.83146071729052,63.45080308787159,61.879778337888304,63.14403114943639,2170526521.78
1508716800,63.069020274261035,64.02839417225343,62.892349965031116,63.7548652834136,2170526521.78
1508803200,63.75281593421751,63.79557779518351,60.10708799829949,60.74477187507451,2170526521.78
1508889600,60.75101934966292,61.790614142095336,60.61693550000903,61.74593174438287,2170526521.78
1508976000,61.74318426608594,62.75321448003267,61.47789273188044,62.52185244298818,2170526521.78
1509062400,62.50630453963656,62.867715280487545,61.637687353758416,61.835165883267976,2170526521.78
1509148800,61.83740345664709,62.29300391159018,61.342076218335336,61.66864513032979,2170526521.78
1509235200,61.61569419482492,62.773062487496425,60.44129964480499,62.41440032747669,1616884625.78
1509321600,62.41657436056539,62.73747203040628,61.50063558781531,62.341167083682016,1616884625.78
1509408000,62.23355058092922,63.84228109039589,62.13731608069857,63.84228109039589,1616884625.78
1509494400,63.830562750944274,66.10101120572064,62.90297256397673,65.10649864912934,1616884625.78
1509580800,65.09276989081904,68.23900462885075,64.65806810104685,65.9396239181737,1616884625.78
1509667200,65.88677354032828,66.60493645679144,63.848338843399844,64.68354135421185,1616884625.78
1509753600,64.69870150927197,66.40759313006758,64.47838812720167,65.8730165804459,1616884625.78
1509840000,65.6919806484546,66.80373350650764,65.41819864618192,65.88257839562047,2148869667.56
1509926400,65.87139291010052,65.90281078127263,64.10138087692289,64.43446690052593,2148869667.56
1510012800,64.4724216688154,65.35972621410289,63.985340028753754,64.72260233132955,2148869667.56
1510099200,64.72393371814222,66.05285973122805,63.06132852574542,64.39163586552027,2148869667.56
1510185600,64.35676612695629,64.43500573995203,61.927384492339,62.44735799568487,2148869667.56
1510272000,62.43002542616388,62.79601703905347,59.68755362042061,59.908576260656474,2148869667.56
1510358400,59.98664604909515,60.316939547125614,55.75383280111175,56.102286711112015,2148869667.56
1510444800,56.04716718454368,57.08249182489198,48.93614051800331,53.995417039969205,6718066382.22
1510531200,53.956692682831076,57.946431806965926,53.956692682831076,56.824117664147245,6718066382.22
1510617600,56.81380346082507,57.92590127996776,55.64899758387415,56.48519773008168,6718066382.22
1510704000,56.51182006978866,59.1791215448537,56.51182006978866,59.1791215448537,6718066382.22
1510790400,59.14153588702526,62.742341438717034,58.57177191538485,62.29560797831253,6718066382.22
1510876800,62.293428590399536,63.080465644699636,59.5852631694615,60.271588842136346,6718066382.22
1510963200,60.21518481828397,60.37715554204552,58.4914676866555,59.320321959571544,6718066382.22
1511049600,59.33307303842611,60.672105270996255,58.35892176197136,60.35826153534445,2931640608
1511136000,60.35072236686948,60.54681435744036,59.31747808580607,59.91565434449539,2931640608
1511222400,59.95962804133421,60.45057123211603,59.2756599909222,60.183505583727296,2931640608
1511308800,60.1715045720214,60.65282663050125,58.430065314169234,59.07193914717145,2931640608
1511395200,59.0718273712986,59.34540151455797,55.916327876199254,56.46534696755038,2931640608
1511481600,56.444167785918395,58.06375901438487,54.59634022773352,55.42058302971916,2931640608
1511568000,55.417784500519296,57.13065893157327,55.123421398659,57.13065893157327,2931640608
1511654400,57.08112117636928,58.98566450106095,56.88200907294352,57.65564514105704,4525434720
1511740800,57.605332724524615,58.939833952461406,57.31535015503909,58.53487419376891,4525434720
1511827200,58.53845293122772,62.192470907695295,57.3291806151499,58.70740695234916,4525434720
1511913600,58.697566234734175,62.255256373915635,58.57582794235452,60.781617136216695,4525434720
1512000000,60.25924187127215,60.910825872782794,59.707278962579636,60.00216163064199,4525434720
1512086400,59.9881854033247,60.52644950920579,59.29972258035362,60.52644950920579,4525434720
1512172800,60.513807825610755,61.0154851296974,59.91157999823899,60.46690532963145,4525434720
1512259200,60.44740661657202,61.02017106829531,59.70097001719799,60.3591177703116,4826067050.67
1512345600,60.360906305467275,60.778481794121575,59.46610446121796,60.148017775829466,4826067050.67
1512432000,60.12791677871402,62.63373005469581,58.926331059511284,60.16385699565552,4826067050.67
1512518400,60.169091298738955,64.84083853701101,59.835883950962995,64.84083853701101,4826067050.67
1512604800,64.84626856269901,70.88183782999296,64.84626856269901,70.88183782999296,4826067050.67
1512691200,70.8456308230226,71.33120662173073,65.86719251841001,67.50127837066711,4826067050.67
1512777600,67.49329178521761,70.05453758137615,63.9047502615253,65.47487226133167,4826067050.67
1512864000,65.44209066362144,67.3934202937436,65.28189245888647,67.3934202937436,14093582343.2
1512950400,67.39467838187375,68.85596265052517,65.66621309196705,66.39705454272598,14093582343.2
1513036800,66.40125189514198,66.92011195961378,60.17152507619284,62.761517483251495,14093582343.2
1513123200,62.763899513446795,63.75082828695113,59.2330990757169,59.96207438055313,14093582343.2
1513209600,59.944107651676426,61.47099400228719,55.24895332072456,57.22555914171732,14093582343.2
1513296000,57.23409557850976,62.812102358541885,56.91198465469307,59.45365461609201,14093582343.2
1513382400,59.436630509773025,61.55129165655959,57.678531788300646,60.50201583050065,14093582343.2
1513468800,60.496578283039156,60.97140995924184,57.61670542894915,58.95695849437257,14017554360.9
1513555200,58.94117341901667,59.518505034312355,54.64128611612223,55.80041955216808,14017554360.9
1513641600,55.799336052784845,55.799336052784845,51.07825010644667,52.059550070997794,14017554360.9
1513728000,52.083969347883915,53.515736121181156,48.232053760307565,49.163470068936675,14017554360.9
1513814400,49.2481703101231,50.306027460935745,46.74795769304517,47.81952663369644,14017554360.9
1513900800,47.799276180735646,50.687661160586686,46.906118112017005,48.963497917791635,14017554360.9
1513987200,49.01501894275817,49.83673459112862,47.20762538647127,48.52592300013469,14017554360.9
1514073600,48.67893839631916,49.05338034487198,47.64102014855568,47.64102014855568,12987867185.8
1514160000,47.819700928146844,48.48897979161366,46.455782992589015,47.49118418162943,12987867185.8
1514246400,47.47379263452592,50.20592199479225,47.47379263452592,49.56786690515717,12987867185.8
1514332800,49.555762246250545,50.14996614151329,48.50499525710181,49.23871163459225,12987867185.8
1514419200,49.21400964066711,49.58693746068944,47.66807215154026,48.133489302838726,12987867185.8
1514505600,48.188994084763266,48.71296310329038,44.48903238105609,45.480803813036864,12987867185.8
1514592000,45.48647754738604,45.75585687390442,41.79981414191713,43.21282226710334,12987867185.8
1514678400,43.03761914345702,44.70166455928843,42.13423957446815,43.281227466336084,13593855480.9
1514764800,43.35122082066214,43.62145104696629,41.339200042595,41.77946095639642,13593855480.9
1514851200,41.800845303029135,43.73200342622686,40.130489999087,42.09394280741416,13593855480.9
1514937600,42.16406180005342,42.91371397284968,38.250821078514726,39.44559836493512,13593855480.9
1515024000,39.463710527315165,40.3651265266242,36.392884565485,39.523421076014195,13593855480.9
1515110400,39.52051749619828,43.87519768590569,37.70688671271501,42.85403243957874,13593855480.9
1515196800,42.8394194066671,43.73699281019583,39.740083968501985,41.788110945319914,13593855480.9
1515283200,41.781506534116964,41.781506534116964,38.73450444332677,39.165066800170344,17082431331.6
1515369600,39.114317863041755,41.13201867589804,37.468810613871575,38.73286584627383,17082431331.6
1515456000,38.731735592665686,40.38578953138048,36.69459271216768,38.22276980001833,17082431331.6
1515542400,38.24210873025636,40.461166268230706,36.31710300038602,38.95431555947913,17082431331.6
1515628800,38.92310828376176,40.2254904065894,36.860134934235795,38.431749914322275,17082431331.6
1515715200,38.42550333518664,38.923390661854555,36.38908196463651,37.060586612320044,17082431331.6
1515801600,37.059367510738845,37.926525766234825,35.40675981622572,36.61972607974071,17082431331.6
1515888000,36.613936461910846,37.608523238032774,35.82600151091431,36.828969097112235,12192830947.6
1515974400,36.83034241861637,38.92825758110124,36.138637722317036,38.11378726430086,12192830947.6
1516060800,38.15555388687583,43.360977960857845,37.64805645139569,40.14193983845614,12192830947.6
1516147200,40.14006248979519,42.434359385234984,38.44269010973208,39.2577673953149,12192830947.6
1516233600,39.25014304065817,39.85495069285817,37.27621590781058,38.33531880194483,12192830947.6
1516320000,38.30043875836107,39.125435304101046,37.4784101988254,38.548048049108566,12192830947.6
1516406400,38.536727050648686,39.56213872865709,38.05805050704481,38.73904648940583,12192830947.6
1516492800,38.765168480001954,39.73882335098213,38.344562689484526,39.12459417475777,11005457045.3
1516579200,39.11241360751101,39.91446196914454,38.49362265892939,38.879695724084364,11005457045.3
1516665600,38.860616114345454,39.73164920801594,38.45072278059805,39.01696929949133,11005457045.3
1516752000,39.01851857643743,39.51256372618651,38.190699443243986,38.80995015324618,11005457045.3
1516838400,38.831834784829695,39.12958210268923,38.17630422394911,38.641381025241465,11005457045.3
1516924800,38.69456170894645,39.791974781432685,38.2618079927577,38.93726363625319,11005457045.3
1517011200,38.874451361506814,39.306056183824566,38.330746816771786,38.821890003202036,11005457045.3
1517097600,38.756654077883404,39.21932913845824,37.318235609444656,37.667541011891785,7947315904
1517184000,37.654624469597046,38.11682322802624,37.24558435762005,37.810515270416985,7947315904
1517270400,37.78686313503785,38.609176887416716,37.248944215437035,38.25034691447027,7947315904
1517356800,38.25263765315092,38.93091089650525,37.147074131273186,37.63826973738206,7947315904
1517443200,37.64410632753986,38.79966800281114,36.283328343332066,38.13095313589334,7947315904
1517529600,37.916695583496384,42.20048552201399,37.33762363058631,39.14775440261734,7947315904
1517616000,39.03294861407435,39.980502863026935,37.81785391736437,38.47312447748356,7947315904
1517702400,38.42559795710856,39.89018976288586,38.074500071492544,39.232884093437924,6970321496.89
1517788800,39.22921256286114,40.82846557406965,38.77268430296953,40.10778891541562,6970321496.89
1517875200,40.03744204175311,41.69053739025957,38.746480231514916,39.33573223800715,6970321496.89
1517961600,39.2811468455776,40.36079111563861,39.00749618386967,40.11692956177736,6970321496.89
1518048000,40.11110813342423,40.321965311627736,39.21820346501113,39.22160091979821,6970321496.89
1518134400,39.18284514808772,39.78965006329312,38.173418632943246,38.750148468978445,6970321496.89
1518220800,38.75082187721436,39.1808153077078,37.27969207418072,38.613198152073736,6970321496.89
1518307200,38.583021540316395,39.204708177249316,38.21790293254098,38.65287447152614,6975910773.33
1518393600,38.65511259511072,39.217751638927886,38.3610858873377,39.15320348323535,6975910773.33
1518480000,39.17368668796296,39.52403897835299,38.67667752476947,38.924599566488304,6975910773.33
1518566400,38.978641876450695,39.510448351483646,38.14434027065997,38.71435061577102,6975910773.33
1518652800,38.71720919428211,40.124876095607455,38.71720919428211,39.925349823623456,6975910773.33
1518739200,39.96629332698377,40.291681955894006,39.18446795556274,39.610161338264206,6975910773.33
1518825600,39.61059404066407,40.75653624315724,39.594233755065744,40.75653624315724,6975910773.33
1518912000,40.79023247472357,41.57035394814404,40.324959877147435,41.10675124346079,9024107918.22
1518998400,41.09646470997125,41.88721462666617,40.88456659618558,41.88721462666617,9024107918.22
1519084800,41.87359940968173,44.91181691275348,41.75461924547841,43.679752722451845,9024107918.22
1519171200,43.72279071951974,44.1542269418264,42.855989937830756,43.58616090979226,9024107918.22
1519257600,43.59819759356731,44.17205106596665,43.044310957850755,43.413920780446354,9024107918.22
1519344000,43.42632475874782,43.784308036553085,42.13085105225428,42.82232572218311,9024107918.22
1519430400,42.8488265994424,43.49709381667928,42.229019311135815,42.51689490379535,9024107918.22
1519516800,42.54709169670539,42.75511425427963,41.60514625599948,42.00838223985579,6447241937.78
1519603200,42.026943296639004,43.075769093994076,41.62119836331692,42.9192422738786,6447241937.78
1519689600,42.87332661385243,43.47650813178614,42.47134400165609,43.40052326056381,6447241937.78
1519776000,43.38422932901154,44.28898264557225,42.70249695967166,43.745280564966485,6447241937.78
1519862400,43.74306657879865,44.55725820715294,43.28936438910315,44.29869849803138,6447241937.78
1519948800,44.28970397421465,45.3969695426132,44.188213937788305,44.97212933174185,6447241937.78
1520035200,44.96623320137242,46.06020713913146,44.761239852211176,45.97339777262291,6447241937.78
1520121600,45.9638382414311,46.05746099937305,44.49941306277129,45.332399618563244,6223240515.56
1520208000,45.258437108765484,46.36805590001695,44.606948780853024,45.885931149831244,6223240515.56
1520294400,45.907210758407544,46.10946421466549,45.03092756264785,45.5053009809942,6223240515.56
1520380800,45.53303047714497,46.58767372150906,45.207722574478346,45.54199171426585,6223240515.56
1520467200,45.5522826369055,46.062836598264965,45.05292166249749,45.84483382420885,6223240515.56
1520553600,45.893054094764274,46.34498573783432,44.77743659655599,45.041122138273025,6223240515.56
1520640000,45.05598984550356,45.59497841755964,44.62639972448878,45.25507174306212,6223240515.56
1520726400,45.19407229285357,46.09478159220822,44.88438745387212,45.59177038849702,5170154961.78
1520812800,45.61275524392441,46.111295243359926,45.43277533818336,45.66784669721743,5170154961.78
1520899200,45.69560765419611,46.32426954368737,45.45396493331083,45.902272172623896,5170154961.78
1520985600,45.87786352660202,46.65225017269984,45.571675250852095,46.267313757797986,5170154961.78
1521072000,46.26850138523799,47.05160996649085,45.7232803298382,46.55885235869264,5170154961.78
1521158400,46.54658625909986,47.41185792209649,46.066128975861005,46.83709259337407,5170154961.78
1521244800,46.837010827634245,47.76564188214083,46.386421587292325,47.58255993009512,5170154961.78
1521331200,47.50409062928626,50.066491342418075,47.06361278636646,48.36449779869389,4592761080.89
1521417600,48.32662233983903,49.14108553682523,47.25967066724021,47.64147759628587,4592761080.89
1521504000,47.653945536007534,48.668307126112765,47.1736530681462,47.99744996396835,4592761080.89
1521590400,48.00297309658051,48.950560820311274,47.18755227450463,48.0901216396454,4592761080.89
1521676800,48.08338834254739,48.891173462670764,47.664003536982264,48.32651466474932,4592761080.89
1521763200,48.2967263040791,49.18528108283798,48.01247009848507,48.73729558267691,4592761080.89
1521849600,48.726570374699435,48.951021862444044,47.90799307381832,48.455342001812255,4592761080.89
1521936000,48.36777700189279,48.67637078108585,47.84356503010286,48.16414953227875,5190722055.11
1522022400,48.13928650899596,49.34549339429217,47.82697243062058,49.017322877515234,5190722055.11
1522108800,48.97008438372621,49.95598376525266,48.525499607222976,49.332815687254964,5190722055.11
1522195200,49.350617713333314,49.92161749792019,48.91699922152091,49.69195574196479,5190722055.11
1522281600,49.672330461829574,50.5917990695963,49.23835216360934,50.310563112773465,5190722055.11
1522368000,50.25527375089133,50.67607362999268,48.94003636152952,49.33562991793755,5190722055.11
1522454400,49.34216516449967,50.012398087871226,48.87637919785873,49.65910104707864,5190722055.11
1522540800,49.01677116456948,49.94647350558469,48.8018321301244,49.624631648898394,4201831511.11
1522627200,49.625017445878186,50.119018312115685,49.058090585894085,49.64132236530365,4201831511.11
1522713600,49.6428220863615,50.04147377995258,48.4172650430798,48.82819779756251,4201831511.11
1522800000,48.84890536715139,49.846197421124586,48.206594493443596,49.24469494983206,4201831511.11
1522886400,49.23784527189703,49.68997306938589,48.46694586316799,49.00745693854396,4201831511.11
1522972800,49.025218192633204,49.67667178722225,48.65038501474431,49.214519645885154,4201831511.11
1523059200,49.21165297261439,49.71748735114597,49.07660536587677,49.424302206816314,4201831511.11
1523145600,49.34538588877156,49.62960956827511,48.81624841505728,49.042002563049145,3800003780.92
1523232000,49.11065880005429,49.1684155685525,48.12542903298998,48.56476583503782,3800003780.92
1523318400,48.54479604315118,48.86813358445214,47.858211090216415,48.184129631799905,3800003780.92
1523404800,48.20904396957976,48.450806918270246,46.62076367267369,47.02591789596066,3800003780.92
1523491200,47.03255901702967,48.272705659923695,46.15768216491985,46.89789746041198,3800003780.92
1523577600,46.8734332856642,47.38553370472632,45.36903240918525,46.87350558134728,3800003780.92
1523664000,46.88188029461466,47.44010101516392,46.26152504086846,46.9072677707,3800003780.92
1523750400,46.77836384626791,47.15201355341496,45.92411336598237,46.25444122226183,5037283036.44
1523836800,46.25809138168341,46.82635745976674,45.67851382899602,46.097720218108826,5037283036.44
1523923200,46.090899228694795,46.41032009565893,45.097088584364016,45.81649556748247,5037283036.44
1524009600,45.823048762190844,46.01580750806368,44.32829705236217,44.63720942147787,5037283036.44
1524096000,44.6319048970396,45.006413365742006,42.9359302997378,43.31329794973753,5037283036.44
1524182400,43.301792449303214,43.76144979818004,41.801975890069265,42.431706324550134,5037283036.44
1524268800,42.416870751429784,44.55248108409788,42.21758497668563,43.385047202135254,5037283036.44
1524355200,43.369455288612016,43.8743215703569,41.85296166640666,42.67976768641085,6966437034.67
1524441600,42.72246127193118,42.91575524288124,41.400046771600216,41.74608343191866,6966437034.67
1524528000,41.746009121411085,42.500559045553224,40.40631279014163,41.88384941796113,6966437034.67
1524614400,41.89349874870123,44.223936868627014,41.594594160047606,42.822462820369665,6966437034.67
1524700800,42.83204294371498,43.24386711369354,41.619080516870596,42.01403735511221,6966437034.67
1524787200,42.00663783709375,42.545236250007,41.147811661143756,41.8689264394073,6966437034.67
1524873600,41.883999403735146,42.0689101611631,40.67686739281673,41.15113305095708,6966437034.67
1524960000,41.08936944153217,41.53695052268537,39.9366516536694,40.51481610572084,8596056928
1525046400,40.51062796265181,41.66043021670896,39.97767482622105,41.30558472016358,8596056928
1525132800,41.28539656003433,42.06143950330678,40.45888502831472,40.60374312326272,8596056928
1525219200,40.60938340542919,40.93329455161212,39.84001680923816,40.22482092939798,8596056928
1525305600,40.25369768738824,41.07010331398913,39.2392371861803,40.33060280774103,8596056928
1525392000,40.32659831700984,40.96270602324154,39.486588200733344,40.31873552999464,8596056928
1525478400,40.31517242040682,40.65294722798859,39.222505827283314,39.723772549677065,8596056928
1525564800,39.67405138875801,40.671075606174014,39.11755255418223,39.863126888812054,7806315452.44
1525651200,39.875638121079874,41.235478058083565,39.50781666421307,40.21786657106836,7806315452.44
1525737600,40.21078924224441,40.72649918745115,39.260721515938926,39.962945020079154,7806315452.44
1525824000,39.951741612880724,40.9870518138546,39.63390539244227,40.3556598331684,7806315452.44
1525910400,40.266123473209106,41.01265881548335,39.74106576686032,40.805361766037024,7806315452.44
1525996800,40.83479261816762,42.37050020619465,40.09434199520373,41.34374833215047,7806315452.44
1526083200,41.434622391164375,42.67116598217923,40.5768427446933,41.07611661591171,7806315452.44
1526169600,41.0614018237852,41.436322768378744,39.85262539722571,40.35896548078149,6256612188.44
1526256000,40.3934318662946,41.17951239163001,40.06247725726499,40.694433072010646,6256612188.44
1526342400,40.690429875268805,41.482551112308045,40.14127861219748,41.082780971078755,6256612188.44
1526428800,41.05634967276345,41.68501152320685,40.57652774244953,40.93509189327687,6256612188.44
1526515200,40.96636256833001,41.7581556357428,40.379276084391066,41.46483053210336,6256612188.44
1526601600,41.49342801688439,41.83747052759437,40.96527267664907,41.22278203292583,6256612188.44
1526688000,41.20682512369441,41.778673284959915,40.90725213453903,41.342281119918106,6256612188.44
1526774400,41.29070043812828,41.49431874864023,40.63929693301874,41.059282301133834,4761153568
1526860800,41.056747626346564,41.77315493957743,40.855250184608785,41.51658176993836,4761153568
1526947200,41.482806696825804,42.42696951186112,41.19581165801689,42.244415491907034,4761153568
1527033600,42.23392221482805,43.814701253344225,41.849424708461704,43.08026671976773,4761153568
1527120000,43.108721664643305,43.543047821474175,41.86845802894844,41.98263933931474,4761153568
1527206400,41.990931337647105,42.80982317745624,41.748824042764916,42.47975721548778,4761153568
1527292800,42.557206964916055,42.74305314262122,42.061193095218655,42.15929324078393,4761153568
1527379200,42.159459566837974,42.79288974455231,41.95495998096548,42.57988678069187,4091554444.44
1527465600,42.33833677017959,44.19299942042031,42.20536736672398,43.98459703600111,4091554444.44
1527552000,43.980879594394615,44.36230773335182,42.36916889065255,42.75060652459356,4091554444.44
1527638400,42.75206018511836,43.4087798573337,42.155485063444765,42.86087288578174,4091554444.44
1527724800,42.45205651516434,42.738813572498366,41.801071991069264,42.03419537247365,4091554444.44
1527811200,42.02838381242252,42.423939339915634,41.666740381497455,42.0283203726009,5001390000
1527897600,42.013402284015356,42.17251117668963,40.95167247419337,41.37731598603956,4871340000
1527984000,41.37335011048735,41.58772252821796,40.31434592272865,40.76367826644121,4957320000
1528070400,40.691119073095464,41.70636244555382,40.304485224639095,41.26146564400478,4994120000
1528156800,41.250387262295334,41.7081981995153,40.66321731332551,40.958485658421964,4923630000
1528243200,40.953483499312135,41.45397999571179,40.825307122985386,41.224480687448676,4534150000
1528329600,41.20938701683429,41.66393035738036,40.85122757744376,41.30771966766865,4673610000
1528416000,41.325613493577265,41.79719442866661,41.06438069336178,41.533705743524024,4326070000
1528502400,41.53423900965591,41.860450425297444,41.11876560102722,41.49945559627232,4326070000
1528588800,41.4859727914703,42.91395288032152,41.35267768674184,42.222774795518006,4326070000
1528675200,42.21756893198011,43.093473766927495,41.733637145834265,42.17775297680583,4326070000
1528761600,42.17085320307425,43.442414750712715,41.798855367487704,43.01155695093462,4326070000
1528848000,43.055279161108,44.10000236809966,42.69846760954863,43.067840828202684,4326070000
1528934400,43.05570887183508,43.808163059281135,42.1139886113489,42.50849547736387,5134160000
1529020800,42.511396339645394,43.29479726809241,42.31584546395692,42.91737754100031,4212230000
1529107200,42.896216507686766,43.316256651742165,42.70759421616878,43.04072751942953,3396330000
1529193600,43.049886734781644,43.28908237743139,42.740854297653236,43.040085406632244,3038970000
1529280000,43.03606456806693,43.57152163096467,42.901267162797,43.21600962097693,3264160000
1529366400,43.18366115394524,43.46545675616085,42.44572809920213,42.84055014390963,3264160000
1529452800,42.82953583490413,43.37397058526353,42.746787922381465,43.15663433967873,3264160000
1529539200,43.13264785913728,43.59966586692771,42.66900453160842,43.340822010691035,3264160000
1529625600,43.33519782126173,44.48073537324417,43.209035409161004,44.05522672450819,4506400000
1529712000,44.088641910584705,44.428160696522454,43.68876793829406,44.08061044710404,4037510000
1529798400,44.123971669020776,45.66884392223596,43.97261997151707,44.96199097030563,4444550000
1529884800,44.91138915634728,45.32662999403186,44.2056231810467,44.867734253677746,5019180000
1529971200,44.87985940317184,46.10020748008477,44.73013639806713,45.88367420265072,3181900000
1530057600,45.89483162896124,46.1660276345648,45.12058422752529,45.38902002100822,3410310000
1530144000,45.33330321571403,46.04870951621396,45.08002340111867,45.69938594281065,3218350000
1530230400,45.72036720257543,46.753404728142336,45.72036720257543,46.07474950457762,3979400000
1530316800,46.06503117875348,46.24811908281023,45.362594602004584,45.73035187753989,4537190000
1530403200,45.73467376173318,46.13594083920324,45.13533467629692,45.56033744105856,4803190000
1530489600,45.60369899135872,45.891008758524514,44.473432619885315,44.97672224178865,4403750000
1530576000,44.99135581410753,45.47193960917152,44.08163585057523,45.26020692000427,4664840000
1530662400,45.25193954588371,45.25193954588371,44.61502930254838,45.13323705978944,4185290000
1530748800,45.14340672096401,45.73890150877473,44.752336625403785,45.32620870980219,4991030000
1530835200,45.31501310805187,46.251007102193284,45.22332376394979,45.68071722176083,4306880000
1530921600,45.706433618142555,46.251308352428154,45.30400740218827,45.549412946301885,3930910000
1531008000,45.574238155027395,45.84418624301257,45.03882068245162,45.571054285589256,3405100000
1531094400,45.565243897335634,46.38633413780378,45.30246707606069,46.24059813635366,3715380000
1531180800,46.165602116460555,47.07246749789306,45.99298988663472,46.700821842495884,4052880000
1531267200,46.638953492260235,47.27586845663316,46.110717514095846,46.46610043749353,3644780000
1531353600,46.452801493613,47.026452294878936,46.28646540829707,46.73801674445841,3641560000
1531440000,46.70867596925588,46.849388657937695,45.830565801944296,46.327869676001676,3852320000
1531526400,46.466797014705406,46.67576265534849,46.13247536147069,46.4040495915741,2932620000
1531612800,46.41182815844419,46.57650208490545,45.68999034673267,45.95743327282631,3283950000
1531699200,45.969739558538485,46.23063041858826,45.27475121224477,45.569121309063945,4681790000
1531785600,45.58468253355002,46.47746822079418,45.526666825121445,46.37489972727957,5982880000
1531872000,46.39273284578225,47.52840549938715,45.6751493929469,47.09215266124306,6107080000
1531958400,47.05332826917993,48.03923427348325,46.779639229844854,47.79062503931095,5119980000
1532044800,47.80547974895348,49.47964754299347,47.759733066979884,48.98730622423272,4935390000
1532131200,48.99483188931657,49.30745285236359,48.1737557963476,48.55955056791755,3728390000
1532217600,48.606407908646354,48.99463046027061,48.153913531673275,48.805944310526264,3697960000
1532304000,48.79814634504817,50.11023193444625,48.604666901755316,50.11023193444625,5129510000
1532390400,50.10095638719838,51.07597962614363,49.736400666770855,50.77666600866176,7283910000
1532476800,50.75921439368215,50.99533925768074,49.96158177175652,50.16403811015593,5893780000
1532563200,50.184771534105046,50.51950616278054,49.616077141513436,50.173133410030054,4882500000
1532649600,50.18590782946456,50.72781155475097,49.99597920581837,50.5820696728905,5190950000
1532736000,50.60651075685476,50.88934016473667,50.297848915579856,50.66003882885,4000970000
1532822400,50.67742655390273,51.015261382863244,50.4280369988668,50.7773241011037,4100950000
1532908800,50.76948607517625,51.448071664770204,50.57738682424117,51.340850146800655,5553014585.85399
1532995200,51.34999988553894,51.976466110723166,51.13499325055892,51.27361115653062,5280899855.92986
1533081600,51.304970410467774,51.66226129961879,50.649600688240284,51.19670921226284,4808542938.40849
1533168000,51.19187302011458,52.0627015260444,51.07021385194245,51.81904931899959,4221515944.1627
1533254400,51.66034281033395,52.01353834955233,50.7784519416306,51.06288729340105,4628471078.36897
1533340800,51.054262793636376,51.19313273645238,50.35788153944459,50.55179661955114,4270122489.41724
1533427200,50.5238193968591,50.6363265297942,50.006962218611214,50.228050837568986,3670056749.97903
1533513600,50.214929484952584,50.7538596162797,50.03118172477142,50.39631378992754,3919160907.5632
1533600000,50.41360401622842,51.54141053127286,50.245960262285905,51.19699330655776,4691207543.51115
1533686400,51.190219535096325,52.72474828873285,50.824189179093096,51.97059378067019,5068309818.1331
1533772800,51.98572302632789,52.36998605739458,51.333656849479446,52.00710259387431,4271514200.32088
1533859200,52.05834240888596,52.817236689012425,51.6442193345626,52.34413607724831,4527755882.8767
1533945600,52.32474536376911,54.344172547634294,52.32474536376911,53.84134429404565,4043590962.63297
1534032000,53.88784509656725,54.20373008333268,53.474089409056255,54.04337659750884,5676779319.68281
1534118400,54.02886897370883,56.88226142103662,53.776564255526296,56.085793127382345,4079426742.97933
1534204800,56.06582110247527,57.96746506701113,55.879874530424686,56.45054173332941,5290455552.6689
1534291200,56.43250375202836,56.880037136996066,55.53451742218889,56.449317245758365,4886359230.68623
1534377600,56.41566615604749,56.819252995992876,55.568306784232,56.0186284954843,4312761828.05565
1534464000,55.93196331285751,56.07182860420086,53.15177540403311,53.460932218678,4987233228.05692
1534550400,53.45802386357913,55.59780505531984,53.11587219765156,54.80663496122564,3996315274.14072
1534636800,54.76811556135536,55.237695354736346,53.85875192325372,54.53387098875574,3306094883.06919
1534723200,54.53162618793868,56.06745261390393,54.177543411972806,55.83954430696429,3648779179.18951
1534809600,55.81744935961951,56.33953239777794,55.197595319114114,55.66631614855508,3402320594.42044
1534896000,55.65832276685463,56.71636391521747,55.40861316592587,56.224937817426394,4655231091.16845
1534982400,56.23744161456934,56.60454707677148,55.72772663525264,56.121857194661885,3436846275.58681
1535068800,56.121764623437066,56.63184574228438,55.98510102409938,56.339720370107024,4092725148.35493
1535155200,56.34446900094876,56.83355918656229,56.05175083429368,56.4958666062228,3322195171.38439
1535241600,56.493529811270285,56.96105057309811,56.24502285365571,56.605759278975995,3283629114.90696
1535328000,56.56591568101711,56.783147074859755,55.56404232518254,55.8394065400956,3973486106.86362
1535414400,55.830558838123224,56.39363046906682,55.190772251317966,55.50969877751335,4682402892.96112
1535500800,55.49421290993851,56.27612686218987,55.157398195896725,55.920583619628516,4154187635.37761
1535587200,55.91729735476994,56.77017943184822,55.61668791979589,56.16229037564647,4446335661.8119
1535673600,56.186874359931934,57.26071911658271,55.60351254375095,56.071718142523196,4506236933.48476
1535760000,56.06932019209538,56.19059230031903,54.63530075317651,55.31268544505311,4116445189.33855
1535846400,55.27141975156985,56.1626159516318,54.999998920067696,55.70025584228387,4313224794.11241
1535932800,55.74337038158234,56.23399682957499,55.378394436439905,55.89725855840367,4089791094.2113
1536019200,55.91445257617408,56.33476056679104,55.51272501633077,56.16107686187778,4253478198.58582
1536105600,56.195740407237004,59.04935248795229,55.63693475325404,58.813831933770025,5792582101.2936
1536192000,58.83710222407399,58.929964280057554,57.39960979083839,57.63244012816276,5564849637.92506
1536278400,57.6294375311148,58.55551469465673,57.178769307004416,58.313434923865316,4275595415.5224
1536364800,58.293907153004355,60.44416227682101,57.33156878278377,59.964054204644114,3851388649.41691
1536451200,59.73358181699804,60.783732731439436,58.51343549062656,59.813911686646094,3851388649.41691
1536537600,59.57726743045054,60.54163447189737,58.89172907223295,59.85111230180225,3851388649.41691
1536624000,59.59718837742476,61.70754918647036,59.09555119503219,60.78131863112964,3851388649.41691
1536710400,60.588656457289325,62.5133478843683,60.30241574677474,60.89584728615524,3851388649.41691
1536796800,60.66290294373993,60.87533926453559,58.369959871952695,59.07012990851002,3851388649.41691
1536883200,58.85012992235353,59.912382514216134,58.01746891214766,59.32661721554967,3851388649.41691
1536969600,59.10202934229679,59.288188712387424,58.02432777666389,58.64756169947102,3851388649.41691
1537056000,58.44194812143342,59.631300691438426,58.30993980457061,58.641144900474295,3851388649.41691
1537142400,58.39881522003642,60.85863584083929,58.170817700154906,60.54848355498337,3851388649.41691
1537228800,60.33890981125586,60.763229214788,58.239504464933326,59.06544547337599,3851388649.41691
1537315200,58.84254084677014,60.12358294480524,57.926353560197484,58.88167020080899,3851388649.41691
1537401600,58.64134534475674,59.10087692213079,55.25253695706224,56.16556056560533,3851388649.41691
1537488000,55.85814046070185,56.716942891826825,50.848126353292166,53.31205231302001,3851388649.41691
1537574400,53.05958685298001,55.129031169410915,52.180991691092956,53.820436675756596,3851388649.41691
1537660800,53.576761250645475,54.08445476730633,52.44310566563153,53.28242779770741,3851388649.41691
1537747200,53.04861116838418,55.49603030498233,52.90960194076888,55.21806782486346,3851388649.41691
1537833600,54.99855562487744,57.496332284495175,54.40152069510972,55.40599323414271,3851388649.41691
1537920000,55.14055858935972,56.44477425394171,53.9048686695937,55.41011274232541,3851388649.41691
1538006400,55.17944530393811,55.628414696581885,53.13654668192939,53.848102414731116,3851388649.41691
1538092800,53.61235375825939,55.06728055302411,53.21853723717468,54.41159428620881,3851388649.41691
1538179200,54.182584143652356,55.14019861704218,53.03577851806607,53.8296071459724,3851388649.41691
1538265600,53.617826089076445,54.26146598302696,52.771357751167216,53.65881085850441,3851388649.41691
1538352000,53.430894039449974,54.61365984886657,53.10585061408215,53.8368407204035,3851388649.41691
1538438400,53.56469953442116,54.89856791892601,53.39254769356224,54.71278577706838,3851388649.41691
1538524800,54.490078342454765,55.46428897746863,54.36063453016325,55.00681243042082,3851388649.41691
1538611200,54.77126622101775,55.04291915147229,54.08542062820931,54.76410457953777,3851388649.41691
1538697600,54.53342227334124,55.116394576527604,54.06360583661236,54.59044408466119,3851388649.41691
1538784000,55.05247123307924,56.14651214667793,54.85097470399555,55.642346935460964,3257077353.70021
1538870400,55.64031600435941,56.05248143045733,55.28034519643279,55.5674539371507,3317882743.33185
1538956800,55.57938622976681,55.77957111616647,55.011254393836765,55.297967649796206,3991626572.79405
1539043200,55.30859059052023,55.80096633118521,55.159066411487444,55.58632237371418,3580865479.43998
1539129600,55.572382685595514,56.08363722805942,55.37562438790461,55.73656579280054,3771495486.29856
1539216000,55.76407045809686,58.229252514508836,55.626868386342835,58.229252514508836,5130961659.45162
1539302400,58.22798419082871,58.48823489971928,56.789758048509185,57.45602842712899,3814176009.57893
1539388800,57.50360098346835,57.60852946523561,56.913846501124866,57.188162172328184,3072528348.87633
1539475200,57.24829015598989,58.00057968647979,56.96673230675222,57.78191553332947,3075190561.15692
1539561600,57.77451855945331,58.48178075424699,56.75326409352436,57.36569922679896,7374405535.08168
1539648000,57.11610296370003,57.47764167874622,56.516284935923686,56.859022949420975,4085118345.63831
1539734400,56.81607512408906,57.225403982674216,56.30428494482601,56.77255343254597,4085051950.16874
1539820800,56.792628958832715,57.52518798392997,56.475480479123405,57.099103179429754,3919422359.47414
1539907200,57.12177425048661,57.34384102878024,56.730848384581236,56.96632214834331,3571322626.3167
1539993600,56.95980582131903,57.172298358464545,56.49748588238498,56.80224178613202,3373389858.13056
1540080000,56.79715895629806,57.05506770058758,56.4674651620099,56.85943239601316,3246047870.22228
1540166400,56.86790695733952,57.144388825498574,56.59240244301855,56.84054207413294,3662868060.35315
1540252800,56.85318700790799,57.33609920104967,56.326777203473235,56.77704827412325,3713085325.43912
1540339200,56.77345909313427,57.14998983092612,56.55430701462024,56.9551372913096,3412958260.93298
1540425600,56.965302044220735,57.209881917618056,56.74996399116819,56.97246605250962,3239635221.47383
1540512000,56.97825017437732,57.264989000792625,56.7692089539228,56.95724190732715,3298805691.81704
1540598400,56.95990832061215,57.2814250414386,56.841372290067916,57.133171172604236,3399419288.56167
1540684800,57.12837931947373,57.24526030290883,56.73223528499659,56.90772680145586,3435090623.50962
1540771200,56.8863978089408,57.71806732495251,56.742474173219215,57.42100965158028,4198927569.01861
1540857600,57.27488409406754,57.48082767006258,56.982928386239905,57.2003768386215,3774539193.14321
1540944000,57.230904049183536,57.537808636221776,56.8592555991948,57.068281067217264,4186475049.70369
1541030400,57.08757411988241,57.27913281792504,56.848500144499944,57.04339957445003,3786295034.54913
1541116800,57.029476110709744,57.202281760213836,56.376433900170944,56.639529947468624,4234722534.68328
1541203200,56.65328397770152,56.8983732388814,56.39177032672955,56.62642040028365,3659193266.63658
1541289600,56.64304969952426,56.88353090230168,55.10798723034193,55.716804077971624,4402525031.94112
1541376000,55.718198482094174,56.19169159552846,55.1020671928706,55.4387239847685,4166029808.54295
1541462400,55.42726090535044,56.028558789649594,53.75854139413649,54.065971217319444,4664081328.07611
1541548800,54.04943233929011,54.99279409448668,53.96001548720976,54.72079175438076,4991915785.67219
1541635200,54.70809632625706,55.65744646838871,54.407693866046834,55.40596766341598,4652793666.95498
1541721600,55.42339919013358,55.781284191070014,54.86537255449003,55.48389762145241,4349666310.87109
1541808000,55.485036867545375,55.6637059224229,54.98080356078583,55.25669387495958,3680788286.31781
1541894400,55.261233142772284,55.73874952435327,55.052165169057766,55.43746146055815,3904563300.88383
1541980800,55.44842725900908,55.77490177009612,54.86337829875486,55.39462749128919,4287947051.16781
1542067200,55.38847132958126,56.02983682645334,55.01002037828076,55.74304509283561,4514794555.78526
1542153600,55.742787780115854,57.21096326283235,55.5303013939273,55.92028071051559,7367829660.00533
1542240000,55.98200967376612,56.909436534895534,55.151346721091954,55.75928647031551,6995780394.12537
1542326400,55.727308756031235,56.39648117375483,55.38469831381392,56.22965838326388,5282946376.7765
1542412800,56.1857351722188,56.59273151288928,55.575861686127126,55.96249864763754,4305594562.79781
1542499200,55.92071012413704,56.263071793127295,55.23235525116748,55.72528765555798,4146399934.61456
1542585600,55.675997839299974,56.73045198445066,55.40418771129638,55.75707748816438,7098436047.61876
1542672000,55.714072620317836,57.07852427883292,54.18020493476175,56.21018732426856,8275894790.26468
1542758400,56.252741566882406,56.697982260364775,55.6096368051858,55.984429051702,6138046239.08274
1542844800,55.891579660062206,56.42973905264515,55.76995779623664,56.14469714946326,4571081527.27986
1542931200,56.2270544093528,57.11688857748857,56.043135270311694,56.84156895952995,4904273864.42031
1543017600,56.874031127892366,56.87491296956575,56.22402352531537,56.234612624804036,4676892275.81068
1543104000,56.304735312474065,57.64568529214632,56.304735312474065,56.70827785361868,6855280049.38139
1543190400,56.768025891983285,57.07607237220138,56.37874262356293,56.7463079053906,6383836407.98865
1543276800,56.732118765793395,57.17633423164655,56.33150590368038,56.75147612930925,5998255868.72816
1543363200,56.80848575772741,57.24828424791776,56.63374234160459,57.014242210685474,7264782272.23771
1543449600,57.054520414480315,57.88281150507476,56.963037088141114,57.675398808384706,6505142431.38258
1543536000,57.646562490933164,57.952175971444305,57.233533100929336,57.457037861485546,6031107774.41155
1543622400,57.54838295210845,57.779248273787196,57.295064818798316,57.7470525501542,5382201056.88601
1543708800,57.748750321673825,57.965566753459385,57.52793141908579,57.72047087430764,5228988029.26346
1543795200,57.7087130111387,58.11757578844167,57.44164977413217,57.78625732674889,5078222440.92297
1543881600,57.80856512051506,58.20402389371012,57.51086862633038,57.966460113237105,5025261230.29694
1543968000,58.092558279814654,58.60864956817572,57.839022085796245,58.39319612004971,5316243287.87396
1544054400,58.42003091504196,60.01361982636383,58.42003091504196,59.430794016888875,5843929289.10119
1544140800,59.30524696048087,60.003118218800786,58.56634851471434,58.85823501053999,6901473276.95563
1544227200,58.87329633726419,59.61008081156947,57.775972683732434,59.082991279893285,5325614581.02607
1544313600,59.10897348758707,59.47596316009049,58.86166255300106,59.234327312922574,4943223526.66233
1544400000,59.25351785346935,59.66461601981615,59.11552811653299,59.38891352718325,4995413915.0374
1544486400,59.40061787954408,59.81603165897656,58.87547618334354,59.35716003629673,4686107924.96931
1544572800,59.44657270263839,59.557761390519445,59.0154833211734,59.36714537926484,4119225912.24983
1544659200,59.38359834485184,59.47372066362095,59.02728506004169,59.160639652960015,4339567082.17223
1544745600,59.164325823670296,59.6700441168066,58.94667772175569,59.40345153351352,4384305937.09493
1544832000,59.41118264896635,59.719531334146836,59.20229462670825,59.417095187418326,3551865912.06597
1544918400,59.408203019231095,59.4977877821388,58.78544728079047,59.16682893705358,3743153173.74633
1545004800,59.23204389787939,59.48393560390076,58.089914285163424,58.504795190159086,5405474061.62686
1545091200,58.4762989737368,58.81340434901497,57.582004564133904,57.87292646521111,5908160832.16791
1545177600,57.859935973228836,58.503045750490934,56.612158073449514,58.058066843152524,6817710283.87191
1545264000,58.04730946176904,58.5029465538196,56.970140200501326,57.48088070064713,8887490782.32456
1545350400,57.461561517407446,57.913083170609625,56.48714306779813,57.13888795798023,7177106838.15765
1545436800,57.13280048972097,57.69095587244462,56.64564755874642,57.06787412545975,5613796102.22103
1545523200,57.13934143590419,57.212630754105746,55.35946568919463,55.75104063406094,6168509441.02309
1545609600,55.70353489287324,56.157810013366436,53.52005084276621,55.09508985409166,7278254303.38642
1545696000,55.19149194458186,56.11548397124283,54.94896298774218,55.281622293642805,6153197856.90832
1545782400,55.274130842082634,56.01807747832319,54.62327357113593,55.34361202693909,5363454570.07535
1545868800,54.53291980524481,56.311623441001345,54.465913825036495,55.88254199575626,5129400375.60136
1545955200,55.88546798423124,56.275533237125444,54.3978740187395,54.7015051334121,5580928155.8823
1546041600,54.74214171312226,55.13151921827127,53.906682136144305,54.57987203519825,4992330596.85977
1546128000,54.54883574413103,54.98730799302982,54.38853394058163,54.587047909204635,4832404372.37371
1546214400,54.65844017853787,55.130539948615244,54.375903818447625,55.005590959191096,4656381545.75415
1546300800,55.04696341107095,55.04696341107095,54.250181022674546,54.635014406691106,4302257183.71293
1546387200,54.63754292520016,54.778908996613374,53.56339731741171,53.91844891795478,5235743655.23256
1546473600,53.931890197990825,54.661981955767466,53.68523250177757,54.323388032408594,4539341953.24146
1546560000,54.34069171241207,54.588179026585905,53.69049567939468,54.074193413860705,4841098789.62495
1546646400,54.097944269154944,54.30867952640202,53.26949759708472,53.98568479091661,5132280958.20646
1546732800,53.99602932003488,54.50322364922806,53.7702897744453,54.50322364922806,5587056368.05878
1546819200,54.5201580191855,55.066289199630944,54.12529983707657,54.79971296388939,5229479958.77685
1546905600,54.82464533426056,55.16782713231303,54.459763092609094,54.583044594386934,5306485080.19192
1546992000,54.615074859956096,54.857202859565554,53.955310873742754,54.35340549081305,5106416314.54111
1547078400,54.270825562766674,56.003454016688856,53.628070967842426,55.209068116339125,6863447163.0249
1547164800,55.20211386606264,55.7318026414694,54.82779416390138,55.37574351846922,5522833356.57267
1547251200,55.37557289623818,55.51133606699771,54.8787877124398,55.27938665096579,4790217160.26618
1547337600,55.25096023520406,56.29132756302968,55.03725559830631,55.98889821691362,4668134732.21114
1547424000,55.94266814651338,56.086789656177736,54.8915789429278,55.17091325649357,5628713671.29577
1547510400,55.15010403805842,55.913244587171626,54.83201174068439,55.55532765502987,5509008906.85602
1547596800,55.55137721850336,55.73008000105626,54.914475995253554,55.276591617799184,5456677008.72616
1547683200,55.22394840148988,55.60981481135725,54.96161852864289,55.27176117075969,5458306497.38228
1547769600,55.28487847178872,55.77651472302363,55.13673491423125,55.51249429519679,5020127771.24625
1547856000,55.4960709986807,55.75004862766137,55.14659994570508,55.50253303812296,5492552271.91361
1547942400,55.48905072368567,55.70758127053149,55.289650564949476,55.42016032360494,5920701097.61075
1548028800,55.42312288755067,55.6685470863075,55.12365979554607,55.40616409339246,4998075824.68595
1548115200,55.44023205889806,55.864533061145686,55.10391484689081,55.350434165811095,5312315836.83377
1548201600,55.30890695466349,55.61008429597077,55.0570983700265,55.38327138358413,5423874495.95258
1548288000,55.369544526643544,55.74977771828288,55.183764867618876,55.4058283989203,5261873967.48825
1548374400,55.41343041017942,55.65397292612817,55.15311433596201,55.508916137327105,5265555051.85782
1548460800,55.511011758248216,55.76450322680161,55.37920125638048,55.549397101669854,5093833700.77431
1548547200,55.559195398442384,56.282066996789645,55.31346759605318,55.89793973467503,5624964582.80995
1548633600,55.95927338482801,57.32896291315595,55.80834212050729,56.589781802945815,6912488198.58881
1548720000,56.57091110448611,56.91111212923463,56.22489355920975,56.64746947162047,5897548978.81672
1548806400,56.650283060064034,56.871509027314836,55.36666086357421,55.72886062143969,5948231507.67113
1548892800,55.67321691302867,56.521978723559386,55.21718758425755,56.197891701967094,5773178275.62573
1548979200,56.25057482182165,56.8117251519712,55.97958174639429,56.3480077875068,5425631883.46267
1549065600,56.35202354763613,56.4956141777601,55.826524520213425,56.061950168799456,5043767496.22397
1549152000,56.05131389153299,56.51353982750098,55.81062332200016,56.29322507605483,5062219054.21593
1549238400,56.33855055023575,56.55366730013499,55.87249163893695,56.2924338509228,5324659468.89346
1549324800,56.31041285211996,56.81215605260239,56.000470496099375,56.38427336918161,5205564140.48735
1549411200,56.30874785005307,56.92642076840947,56.02190872038937,56.49693642663701,5471875854.83923
1549497600,56.5043101805441,56.623103488705006,55.984127780141435,56.30390148499187,5007769064.24463
1549584000,56.173709540598374,56.504818130082754,55.10692389795865,55.6717146070898,7687234763.65911
1549670400,55.61193459501326,55.96189198021748,55.159884817765224,55.63984719307238,6159475391.11642
1549756800,55.616882832639114,56.261548564263684,54.914166881802814,55.24130733243684,6257621975.39884
1549843200,55.2943371513513,55.917033969878545,54.97693557100112,55.57723265899007,6298057009.6371
1549929600,55.59744457114768,55.887397757169076,55.04954017541337,55.32560211830832,6464265446.5365
1550016000,55.302531955823916,55.75189126720584,54.83011730222089,55.37590961209605,6428010958.67593
1550102400,55.33905966743905,55.78362043512016,55.33905966743905,55.6282756853685,6265727387.66172
1550188800,55.61217598297154,55.79999513697413,55.09551441938593,55.41330223783051,6086249836.83666
1550275200,55.46280670322415,55.68018222823551,55.0313253378816,55.44899289990245,5916911668.15853
1550361600,55.467077131777344,55.7317034280668,54.72325158915292,54.958031104532026,7023865128.31284
1550448000,54.96621741237694,55.23523246952466,54.03154021418746,54.605763615727135,9914333498.12166
1550534400,54.563673232721065,54.936906818672526,53.574105162598286,54.64236343949052,9914051622.2849
1550620800,54.62536034747241,55.04271242698706,53.94808135050506,54.18943812899698,8643019013.39625
1550707200,54.199840194423324,55.00014929370105,54.103652475408694,54.67505430845348,7766423433.61349
1550793600,54.641353737384925,54.94960785087065,54.32857170219809,54.59398134037763,7820244269.63408
1550880000,54.568874258748124,54.85210529263902,53.91682756649716,54.229171314683065,8913600656.62571
1550966400,54.23114300106118,55.533182722955154,53.51603677187904,55.22350902716422,10814171010.7042
1551052800,55.1901902058728,55.554081720590695,53.866331590965046,54.53170956995116,9511404773.2843
1551139200,54.492962901836165,55.14591455787294,54.08756908722919,54.75442927183949,7924296347.68747
1551225600,54.77224494696911,55.35088616600172,54.384400944581614,54.982695608398004,8291338065.01319
1551312000,54.95041580759911,55.21766334762596,54.740162378783374,54.81972530773251,8402501987.22866
1551398400,54.78320643189433,55.06795472650865,54.24837497652517,54.68657351419807,7632234892.28949
1551484800,54.70402753843684,55.15675420723179,54.42265634294721,54.86116190849546,7606772256.36068
1551571200,54.863430846156405,55.24123359510138,54.50219189664356,54.966616928039294,7219844902.33795
1551657600,54.960348030831554,55.73740069951024,54.81707904363924,55.2849599963525,9006988721.18545
1551744000,55.27889204224409,55.445428322307734,54.18343305607025,54.44538390325303,10143299767.8523
1551830400,54.45233491229017,54.86758751173741,53.87797024461648,54.32881739906621,9179607659.47028
1551916800,54.336309048519304,54.67063252990374,53.89722895642044,54.28805737246753,9581319319.84147
1552003200,54.30083728985855,55.05072861755463,54.025635899590654,54.712951505828265,10599513970.0068
1552089600,54.729785934768,54.876043735425085,54.000787552277394,54.49855499253983,10779397955.0066
1552176000,54.49998381785836,54.875862660715505,54.04907594818379,54.413092475946954,9705856806.0013
1552262400,54.554222541542515,54.955359959342765,54.200354884961655,54.63634294612271,10120571095.3373
1552348800,54.553255489471596,54.87206909270592,53.836185074906616,54.20893815123748,9799600479.34101
1552435200,54.221421158781155,54.60510165309611,53.595771700583605,54.23225245306759,9469212707.09147
1552521600,54.1523079464154,54.55850271603106,53.60854649085852,54.06574738247223,10469324856.8459
1552608000,54.06206711178776,54.26916424043041,53.46613485082315,53.784456782388,9380980700.41301
1552694400,53.78221735206034,53.98055559555422,53.301783914790136,53.6719393240697,9855791105.44066
1552780800,53.695086710271475,54.05081993144487,53.51533649952025,53.80312798043039,8226140954.359
1552867200,53.80657562212574,54.23452248916627,53.44923077948036,53.899796946509625,9629886639.38101
1552953600,53.811806687316135,54.13818454672191,53.49045510774738,53.79884789523973,9318862912.33435
1553040000,53.76273445673344,54.20232830725363,53.4767454067744,53.80074714402186,10163085082.7254
1553126400,53.75532120519006,54.42489824656853,53.51391892631183,53.97846207552163,10816119133.0298
1553212800,54.00152736071432,54.271798668236016,53.530986640499556,53.78997625330519,9256360867.54337
1553299200,53.793378039123056,53.93042231200573,53.2473834964619,53.492255062084546,9567175148.5279
1553385600,53.50008265971125,53.98629539454859,53.203592234500164,53.57466370597649,9152061206.66614
1553472000,53.582482199737555,54.04141911114522,53.33203904936011,53.70131870539739,10338383028.1764
1553558400,53.68108410846075,54.5617302715749,53.39423929789879,53.7280205149972,10646704721.3117
1553644800,53.685563175783614,53.89005370713661,52.98923788753868,53.256380404246585,10897237059.4146
1553731200,53.262830772472384,53.637246412906,53.020253892630635,53.341138226125885,9366530576.80613
1553817600,53.349654213133405,53.624727670911696,52.926672394674654,53.23317416438405,10880257379.5994
1553904000,53.21532787375665,53.624071646840875,52.85870336683478,53.326957432781974,9734183207.93964
1553990400,53.33039150703508,53.63692718956929,52.93145386709439,53.1963970364283,9041245474.72359
1554076800,53.21045855436041,53.489827951687076,52.78782408352873,53.200107623221285,10148401078.3493
1554163200,53.18252581566701,55.12237894856579,53.111208099102925,53.67149556908867,21250789808.6377
1554249600,53.66200573450135,54.96979227069424,52.182923961928886,53.874596362993834,22932925898.1185
1554336000,53.894380635677855,54.60057851363964,53.09551448889097,53.991550740080754,18346949601.4513
1554422400,53.98073047450408,54.16385495949072,52.617528837655236,53.226479103870886,16785487038.966
1554508800,53.22719917690698,53.90704605921333,52.898603763781374,53.39659075081114,16951205497.9733
1554595200,53.44129053651832,53.84710374768852,52.95546505756922,53.346580389806,16604199264.2181
1554681600,53.30089304425542,54.19043285492388,52.84296496393516,53.83059834762551,17133697884.5083
1554768000,53.82611573273716,54.35952671914027,53.44421788927603,53.970446643194435,14696462282.1201
1554854400,53.91450514703335,54.4917698388082,53.55490465844481,54.128046543980645,15521675324.231
1554940800,54.153802748949566,55.54137654323254,54.009926875800055,54.83305289152025,16607359212.244
1555027200,54.792563324799126,55.20621712139457,54.307950419861804,54.92602817271395,13679824181.0656
1555113600,54.94036191126751,55.281354732378304,54.54066689180625,54.908132817997455,10813826605.5091
1555200000,54.88112491140438,55.148469114272814,54.43642815488925,54.607623745230704,10339479315.2271
1555286400,54.61794866636346,55.33695812220405,54.14905651251372,54.89969014929318,12284164357.016
1555372800,54.886674002467785,55.26822300309308,54.68459230111957,55.02997679334215,11578517563.2326
1555459200,54.97993787921638,55.45773323724315,54.651984407791964,55.07581692327002,12425792033.6415
1555545600,55.023263693935476,55.24003541923508,54.18114537639014,54.714403864941296,13244883425.8389
1555632000,54.68513984057994,55.18507950729248,54.45077828032091,54.72297822976392,13754063133.6718
1555718400,54.70943972160626,55.28316668214344,54.477808617279486,54.966245050471144,13173963863.5852
1555804800,54.93414879677923,55.95710008123687,54.75588387761102,55.51249180960747,13676347322.5624
1555891200,55.44456567759839,55.881463286635395,55.136914551271445,55.71296187807786,14602170358.7844
1555977600,55.69545678868722,56.78950907878468,55.69545678868722,56.78950907878468,15878748603.9431
1556064000,56.74472575736921,58.09142656538925,56.64548407454233,57.29621160095636,17004169805.7348
1556150400,57.275929361627156,57.5379748609384,56.86798003403412,57.38547374433563,15278091764.3363
1556236800,57.41275348864028,57.87088232503271,57.08109513134456,57.193650187838706,16779175384.8298
1556323200,57.23002243029575,57.59959389240908,56.86569870676139,57.23156854015035,13074434022.8029
1556409600,57.19463240038043,57.66389783329505,56.980120131451116,57.43288552320662,12808259694.7321
1556496000,57.467338741913665,58.173607694781914,57.2032609570183,57.85229927780114,13716321859.4669
1556582400,57.56195347623707,57.742054066236236,56.57018810101739,56.77661825521406,13862257495.9989
1556668800,56.78285624954286,57.47941982795707,56.57047409544641,57.24435031548395,13646819958.8364
1556755200,57.214280197359926,57.777719462318224,56.99926139445881,57.54708011488593,14622887856.3667
1556841600,57.531259734210686,58.35498583465222,57.47419833401043,57.85664051611127,18693288285.0333
1556928000,57.87139939799637,58.69511999772067,57.60728523531004,58.68331739097615,17529308324.3936
1557014400,58.701943284309536,58.8179058444006,58.3053947601518,58.635068416804955,14820276427.3281
1557100800,58.643657216547574,58.980563318091285,57.72882841541643,58.156683941605216,15750241076.1369
1557187200,58.11665253986058,59.12173844030041,57.873258833455765,58.966951096089005,18000176280.9744
1557273600,59.05244682443341,59.54334029932766,58.996702023106074,59.48098276129331,15399349342.4933
1557360000,59.555823270616045,60.884546580951614,59.555823270616045,60.76402519926197,16768162593.7605
1557446400,60.751881832959974,61.44882916996459,60.395699745581375,61.18806576719077,19406910769.7581
1557532800,61.16483186900846,62.167330441803934,60.260162309909425,61.594924073636705,28942143057.7517
1557619200,61.56970237786202,62.12609192285103,61.21194178743712,61.484020832606,27848007350.5071
1557705600,61.446652018816174,63.10024302139562,61.446652018816174,63.10024302139562,28554348491.3703
1557792000,63.09669113002322,63.313013811836214,60.87489581102987,61.25622930949979,31901101379.8866
1557878400,61.223451599369916,61.33758504423611,58.74580914874756,59.121477455561134,28271232946.3801
1557964800,59.16216945172364,59.98279678500447,57.292439493876024,58.577815715822304,33102051474.1575
1558051200,58.58968037567384,60.323898025795884,58.112271490141275,58.56113468139249,29952089594.1673
1558137600,58.50286717020725,59.267010014994945,58.08928867839267,58.82539713507272,24565543944.9116
1558224000,58.854122450654444,59.52379886392352,58.662767766593895,59.35948321229857,25829026291.4736
1558310400,59.37557310981331,59.768361208865905,58.93286881503113,59.5074276710308,23767265192.9273
1558396800,59.49050541888864,59.96453251400824,58.087964638303504,58.944153886137954,25105343158.2631
1558483200,58.948381686582564,59.60411138877243,58.26516843856384,59.20108860503008,24725309000.8302
1558569600,59.24084145287439,59.8941133374948,59.09765179470523,59.548401955769116,24455378186.6722
1558656000,59.53458572618145,59.843733977210036,58.80612037145657,59.3310837181791,25891475629.9894
1558742400,59.326390766284064,59.67316394631099,58.854485022219016,59.44346054412249,22227127091.0481
1558828800,59.45099273462107,60.27936623448672,59.166862621558515,60.083992183765524,26550247332.2857
1558915200,60.070510977128514,60.10027101631361,58.77129662222204,59.259396284285124,27915607907.4075
1559001600,59.23684165521308,59.57435861452544,58.457880157888255,58.87496076776165,24224300458.355
1559088000,58.891859719629636,59.424666197177544,57.92072421696388,58.31659385092032,23414752828.8586
1559174400,58.32424605695733,59.27418909738097,57.20512019151348,58.64071095348776,29202782816.1974
1559260800,58.6488232631881,59.02316881580828,57.816159522390855,58.00253858271596,25346496245.5349
1559347200,58.02495831096817,58.880141935219086,57.54929723911456,58.511953310965225,22365391072.8689
1559433600,58.4582446029678,58.77458234135674,58.05329680744381,58.490594766346035,20314677772.8079
1559520000,58.444489719754536,58.65557367458142,57.74756213146118,58.323821670106966,21865872686.1435
1559606400,58.34764941271039,58.62446086568216,57.74362672798612,58.03875132695764,24574556160.8512
1559692800,57.95889871539567,58.47065393872857,57.562631425547536,57.9621411349038,21784350302.6367
1559779200,57.962598001113776,58.27250193176773,57.24847790628682,57.62603880003931,19346105791.1524
1559865600,57.64102474225411,58.056524999714334,57.31873380637341,57.8359543703689,19234628407.9405
1559952000,57.827618188497354,58.26884809491014,57.544620825562376,58.063049900304144,16511137895.7983
1560038400,58.085291024235595,58.641356825720095,57.81893597287494,58.33363810665081,16558344838.8363
1560124800,58.24817262399026,58.40839455810119,57.797156418107384,58.06260946902856,18635679919.7572
1560211200,58.03144686266399,58.29125571893997,57.66043554938317,57.91825352560582,17113361946.4417
1560297600,57.88299779427955,58.187920873387775,57.475730507239454,57.72985777897537,18949486374.1577
1560384000,57.72031449006869,58.329326187349494,57.18242459375242,58.066051896278026,18658398741.6347
1560470400,58.09556994487536,59.17441403280891,58.09556994487536,59.114427122380086,19787996519.1846
1560556800,59.137251556253986,59.328404524667846,58.70699250650458,59.14179618724595,18367463943.5796
1560643200,59.13138170040747,59.86633981599916,59.024621693361844,59.28083483808654,23334290247.5231
1560729600,59.25643048711666,59.891917230847525,58.993257320496454,59.58676806071558,15560179007.918
1560816000,59.65303552249068,60.05327779566226,59.20537896714051,59.68693487529705,15826216638.6616
1560902400,59.334100238607434,59.589502214829004,59.02680174941766,59.51150398496316,14104449320.0539
1560988800,59.490199126314394,60.44901340863946,59.490199126314394,60.24457054829545,17915829399.9154
1561075200,60.23310911223909,60.90548618645508,60.06981601630409,60.90548618645508,20436555369.1239
1561161600,60.90802787292032,61.82639791270016,60.2432206731329,60.876429154229214,30030982681.1923
1561248000,60.81374556783944,61.56543963930188,60.56085135083686,61.50367648466967,20938991138.2211
1561334400,61.49321695823612,61.82856472456536,61.23094136052435,61.68579959904733,19262153170.0325
1561420800,61.62578526388174,63.018617482471214,61.62578526388174,63.018617482471214,24724867540.736
1561507200,63.010096432271155,65.22592667189166,63.010096432271155,65.22592667189166,44969987080.2417
1561593600,65.22710852622693,65.22710852622693,64.21908419446105,64.52539537215657,39822308172.5918
1561680000,64.48501720413236,65.7820171061892,64.3926519216597,65.7820171061892,35058506274.5826
1561766400,65.7220761104648,65.7220761104648,64.16705741480807,64.23936410421463,29829825319.4786
1561852800,64.2388701600702,64.4472476747588,63.838807255884035,63.838807255884035,27303041979.8243
1561939200,63.899614611768776,63.899614611768776,62.780497345170794,62.780497345170794,29542433977.33
1562025600,61.7061020813972,63.93213839792854,61.7061020813972,63.93213839792854,30883899359.5923
1562112000,63.90785046218602,65.58749803061112,63.90785046218602,65.58749803061112,30625365752.8964
1562198400,65.57057892498284,65.57057892498284,64.89136607747925,64.89136607747925,25872106133.2902
1562284800,64.86819771522137,65.04078245894638,64.36586550960476,64.47597799973434,23951619503.1153
1562371200,64.45967123048342,65.15664338790855,64.43941273914534,64.83310889917159,21038818184.6986
1562457600,64.80549877234945,65.01522643027799,64.28564154199195,64.55503160066604,19349931391.3641
1562544000,64.53052115675371,65.90025845105849,64.53052115675371,65.90025845105849,23405213853.9667
1562630400,65.86659132818313,66.84718008974716,65.81852531970561,66.69524807641002,28169811757.3362
1562716800,66.68363485755032,68.02123662956294,66.68363485755032,67.34401408749106,33566451558.5911
1562803200,67.34245912704257,68.2931877269384,66.87585245779492,67.60786806519206,28428870887.8854
1562889600,67.62022609922286,68.01949177474536,67.02701129837159,67.65894301306194,23572441801.2663
1562976000,67.72140934222672,67.72140934222672,67.15657390059397,67.56287054243356,20965954676.0173
1563062400,67.61806524860332,68.32130583109024,67.20681996490127,67.98807451705679,22284956063.21
1563148800,68.24044107906818,69.51474800989249,68.14778574354636,69.13752181589801,25641931236.2228
1563235200,69.07309288798207,69.50292522627717,68.69415283029106,68.69415283029106,24189988611.9497
1563321600,68.58913290174875,68.67021092365214,67.41484384677538,67.97913329785241,24687730470.6493
1563408000,67.57971411003719,68.24236384684801,67.29775065617444,68.24236384684801,25094176115.1528
1563494400,68.28071739999194,68.47322771299761,67.90941458688543,68.17440406899884,20750619705.6309
1563580800,68.1535004550289,68.20208635623847,67.23894824909394,67.74818380877005,18773545188.0939
1563667200,67.77480292275439,67.95868506672431,67.35698281836756,67.60777891914384,17241923983.8619
1563753600,67.57589466562771,67.98758513017793,67.30318121236759,67.68604289822972,16335725775.6934
1563840000,67.71823927524913,67.90123231167915,67.13848971275168,67.33786527780931,17779113386.8247
1563926400,67.3972297614708,67.75709258668422,66.47739929834783,66.71904496179961,17421611955.5723
1564012800,66.68506327211514,67.23065976400038,66.67973776986757,67.04515584107902,15854440124.3608
1564099200,66.88374037650928,67.10449628413122,66.24163630743968,66.57434463971136,14463513600.4243
1564185600,66.56270210603549,67.06272593404083,66.56270210603549,66.81951972521941,16737551607.9736
1564272000,66.83866486177185,67.11692432997256,66.56685125173742,66.7440017917742,13729056376.7714
1564358400,66.60891151908038,66.97192761037626,66.3508438420297,66.58405258493512,13693122655.8577
1564444800,66.6044287302786,66.87982336040108,66.35354097664893,66.56898458936811,13884085852.3882
1564531200,66.54402365449965,67.07399215880139,66.4998463353919,67.07399215880139,16527052289.2852
1564617600,67.15373431597703,67.87870152634588,67.15373431597703,67.87870152634588,17179532199.0537
1564704000,67.85418323933675,68.508473332358,67.79064268780056,68.30632421910829,17471587444.8951
1564790400,68.30197127110237,68.71781904476273,68.15538610987117,68.61820895875633,15934098612.3654
1564876800,68.65370616230855,68.97931068774163,68.50951082033299,68.94915476287541,16453106644.9804
1564963200,68.93596071775472,69.98779304622063,68.93596071775472,69.98779304622063,23822217268.5915
1565049600,69.96599584113774,70.631933102838,69.90992582319869,70.03574712082636,23505758398.2537
1565136000,70.02651161472215,70.8509239634094,70.02651161472215,70.8509239634094,22175456428.2361
1565222400,70.91315938163831,71.0738701729021,70.33251527468848,70.8057963476737,19163635808.5099
1565308800,71.14060380614437,72.28169316419262,71.05606058797301,72.11322181628546,18527463053.4933
1565395200,72.1150655544967,72.1150655544967,71.10234786046519,71.10234786046519,18099108013.2811
1565481600,71.0743284570616,71.16486191846776,70.31167962713668,70.79238171604405,15706473007.012
1565568000,70.79929634484097,71.04134012391089,70.62370449153113,70.9038817441344,13648504257.1824
1565654400,70.89356808870244,70.91953440705593,70.14064662873734,70.14064662873734,16657149708.1533
1565740800,70.14040923626771,71.10986367162863,69.52601189438387,70.49492841585078,19839900733.5956
1565827200,70.45467418695394,71.28437266797486,70.29350215214764,70.76859060145631,22952325679.9744
1565913600,70.74798672911072,71.18636665700396,70.65606948268616,71.18636665700396,20221515626.1816
1566000000,71.15639322251526,71.16895459908503,70.76988100118922,70.87063480598266,13783368279.1809
1566086400,70.91199778702646,70.98508472088824,70.02405193489494,70.22892422034515,12995603702.5722
1566172800,70.25144147485258,70.9709240889376,70.25144147485258,70.9709240889376,15586678007.7308
1566259200,70.95966406190239,71.29314152135365,70.80910978836819,71.15628181406343,15089574569.7816
1566345600,71.18391667265068,71.18391667265068,70.76499088162012,70.76499088162012,19375882353.5764
1566432000,70.78020612843831,70.78020612843831,70.0281251853131,70.41893917269302,17082156989.5843
1566518400,70.43125171971775,70.70485360716148,70.20110236381895,70.58241815045477,15602706743.3089
1566604800,70.58104840108898,70.6200720034601,70.19440331384945,70.36542747840502,15447449847.736
1566691200,70.36996774964109,70.69063493328694,70.210247193865,70.64986482064165,14106151438.3371
1566777600,70.67058273159023,71.05059827197718,70.58479510253969,70.96725303767425,18432206118.6879
1566864000,70.99488476727659,71.00177129394456,70.62303366628124,70.73107541403913,14915885481.296
1566950400,70.7127571249019,71.53601450142898,70.6253686618759,71.13484683783325,17568841005.4248
1567036800,70.89957354345995,71.21121104429126,70.46992050389925,70.92057506539504,17027797595.6365
1567123200,70.9189408814461,71.17355292012279,70.79452926160032,71.08147999020244,13604647751.1626
1567209600,71.07217121168514,71.33101090517226,70.7950156694378,71.01926749564541,11452393063.6458
1567296000,71.03338795987372,71.43426681320179,70.96165545618858,71.33282952410632,11347029369.8118
1567382400,71.32790471609825,71.97583267422364,71.32790471609825,71.97583267422364,17237063775.5432
1567468800,71.96527288240951,72.38329689154244,71.88083402948482,72.33127519722238,19347006255.1637
1567555200,72.36480356755189,72.71777172887826,72.28766433586688,72.63555977953159,16756767846.1277
1567641600,72.62599731681578,73.01642253992632,72.41480073380492,72.79258386973548,14564001361.6597
1567728000,72.74133526701327,72.9458071224364,72.650214307731,72.71197946589899,19512410497.7029
1567814400,72.6916149816427,72.88023308258013,71.90918269793359,72.1383392043625,15298051457.6079
1567900800,72.13087875439686,72.15046374346072,71.53972160285673,71.69950489698353,13620669703
1567987200,71.67867582461382,71.8534126510964,71.34467899412793,71.6141877672467,17592891653.3177
1568073600,71.61047031401621,71.70679939740661,71.2640804175138,71.3590073259804,14874980534.5455
1568160000,71.35859398956067,71.83394906594765,71.31547929480789,71.76457545132453,15408310056.0431
1568246400,71.76259452357218,72.18022454429226,71.72628135468295,72.18022454429226,15316996813.0119
1568332800,72.15994876429106,72.16356176023088,71.81892932152685,71.99766575520825,14047608460.2381
1568419200,72.0184248649132,72.26434811110796,71.3670011072285,71.49288456502543,13478816157.2147
1568505600,71.48103553086428,71.66707992607404,71.20410137251801,71.42738973542984,12050540869.9963
1568592000,71.37719609634519,71.50796380576287,70.77739897701818,70.99128388115187,15129645072.2173
1568678400,70.93246200000824,71.00471363981275,69.33757690351224,69.86767558941128,15274346072.7742
1568764800,69.94585834080057,69.94585834080057,68.39742408502396,69.05162336966328,16148276729.241
1568851200,69.05446145845276,69.63349622784197,68.51382112539483,69.19700236869384,19867110387.9482
1568937600,69.1547565598453,69.81926077999438,69.00377625136528,69.34920417510374,14742571210.2624
1569024000,69.32024547554113,69.45357926651991,68.96628936880003,69.22106132750518,13441868968.0631
1569110400,69.27603325868226,70.11739538522103,69.25592580834898,69.84836530265886,13180655252.8073
1569196800,69.86740037478029,70.26741695667906,69.40569973265069,70.04712498058868,15122771002.0382
1569283200,70.03614433209516,71.32873731718826,69.74346633868073,71.01286054799262,24945633380.4077
1569369600,70.9652989030267,70.96707689563246,70.00981303552453,70.176466213656,21791407138.0897
1569456000,70.23221517705863,70.36031358596223,69.7661077237904,69.81098763509496,19271893923.4289
1569542400,69.81979030852744,70.00319811777939,69.3107074391623,69.62300142555665,16405724115.834
1569628800,69.58586735096826,69.78477537320748,69.43100617055005,69.65804258509668,14098949740.0227
1569715200,69.69991961739127,69.9549989679626,69.52946007495503,69.65464535917685,13049932344.1811
1569801600,69.67739450511516,69.67739450511516,68.96296038371548,69.20734109643755,17097648341.9644
1569888000,69.23496999461172,69.8183280027693,68.99852920437853,69.66068746473776,15279237151.7303
1569974400,69.64569163692511,69.7354546389446,69.20320666058196,69.42902894413784,13035938084.8956
1570060800,69.43316095447562,69.75895300320023,69.24989296875343,69.40977710398171,13704048932.0264
1570147200,69.37662001327905,69.51372850327287,68.84095560612937,69.0752651755122,13134474491.6386
1570233600,69.07493008804666,69.25087035622248,68.79110446099878,68.96453748714593,12223951857.6504
1570320000,68.98219246156356,68.98219246156356,68.66363531549469,68.71367110910181,13119787464.8917
1570406400,68.68926302057838,68.76336130141961,68.15786113829915,68.39362411735553,17996288298.5635
1570492800,68.38029701506174,68.61955299322477,68.04032692796909,68.28797694023703,15575970262.4879
1570579200,68.27711938014959,68.61818369569275,67.82242269542363,68.42343703018474,19358104492.1591
1570665600,68.41251654133748,69.21674943298957,68.2647061326654,68.811891572402,17610276682.1247
1570752000,68.806638191282,69.15503843510541,68.6051226869543,68.76161173554102,19541454471.9565
1570838400,68.73122329156863,69.01946496065095,68.49155912494484,68.74654963076713,14584488634.9617
1570924800,68.75168828627389,68.81533830912552,68.3398681408668,68.441499651662,13801939441.5655
1571011200,68.44945661852529,68.56003042688711,67.82234917294039,67.99328779986321,15110884902.0381
1571097600,68.01872822284287,68.52991773830848,67.79920769955714,68.13626100494172,15209950119.4917
1571184000,68.10469811656317,68.53544016906393,67.85147951029471,68.22107123373993,16043222795.5024
1571270400,68.23276648342859,68.37279395558365,67.64675192049994,67.82744753645758,14292827680.0123
1571356800,67.82785929978401,68.25407704552134,67.6682461267216,67.98639563480657,15643249867.8786
1571443200,68.00037445929613,68.26467988358353,67.8459081667025,68.03082190012285,13765273029.7946
1571529600,68.03198842850284,68.47716990056867,68.01539643352727,68.35129264519546,15491647698.4195
1571616000,68.38366675010855,68.67378724277613,68.10463402046848,68.23727809181418,15815276387.7036
1571702400,68.24419709041116,68.3914384468518,67.93558024597311,68.06882879991872,16773149084.5948
1571788800,68.06968825332345,68.61237370316235,67.73920390971657,67.73920390971657,21873473740.8693
1571875200,67.74634653282648,67.98693646180634,67.22685741004318,67.52126079641188,16227769878.3327
1571961600,67.5836585666366,68.52234702037521,67.57371047394855,68.52234702037521,28640411888.7513
1572048000,68.50433391843099,70.35549026677708,68.50433391843099,70.06100230205215,44507522615.8321
1572134400,70.01910415698806,70.41943737303214,69.66193926675778,69.99002626252158,32595706404.079
1572220800,70.07572789237314,70.1080934495155,69.42351015317337,69.47271565610713,30906272430.9537
1572307200,69.39972577142387,69.54697152425791,68.80584979343658,69.20755887394468,28515232085.2045
1572393600,69.22492660371715,69.45184055959315,68.71069058178131,69.17902639463684,27700592764.9918
1572480000,69.15211178854041,69.54187901233514,69.05772389994877,69.21538879680344,26532600828.3152
1572566400,69.20548384914092,69.62820547313065,69.05044109335088,69.34544655492166,24305443652.2278
1572652800,69.35467497118071,69.51169904432092,69.05165677107068,69.29767435092002,21229816780.3803
1572739200,69.29040530651129,69.41012066741705,69.05477903587926,69.23494490220286,21106534926.0876
1572825600,69.22700830135096,69.43166481689063,68.93095148631933,69.19583359944896,26093372880.3224
1572912000,69.19731398858585,69.19731398858585,68.47109523540212,68.66995086742978,26172917315.259
1572998400,68.68476481254719,68.87631606465965,68.19275802086968,68.42738419813259,23138878125.4221
1573084800,68.4354005212225,69.11095565249182,68.14929671331089,68.67980111068553,22189966053.225
1573171200,68.68889650132817,68.8612572857453,68.27031979612906,68.29999457977645,24332933243.3061
1573257600,68.31856189974359,68.42711102907458,68.00916460707604,68.09791542001214,17588413155.2764
1573344000,68.10619486123795,68.32290751362234,67.67642650720809,68.25334406709601,20144943882.5298
1573430400,68.25718167835372,68.25718167835372,67.7974498632775,67.88336508582813,20244076223.5089
1573516800,67.88126279174668,68.10265537766323,67.36960489153307,67.95752319374368,20275809505.6007
1573603200,67.96030524052803,68.12373040699178,67.5420547240701,67.78742039003176,17529647141.8091
1573689600,67.78810513403147,68.08258197278109,67.55986486415445,67.75796171246982,19090892812.0056
1573776000,67.74427260276852,68.2840505888239,67.52296869685898,67.82648227555637,21791453560.0031
1573862400,67.83907580465936,68.01270808158195,67.5372180688326,67.76439225322781,16492402331.969
1573948800,67.75244806956184,67.94607118150525,67.58853055346623,67.70883629405395,18631314004.6926
1574035200,67.65711650232939,68.16508785404203,67.31461050502871,67.71022950843384,21567267535.2657
1574121600,67.72833442699418,68.21985330357401,67.51306223979584,67.80458870230198,21043534807.2797
1574208000,67.82461769246243,68.18366094563517,67.58260631364898,67.92519719945997,20753422048.7354
1574294400,67.98414490628299,68.1718289718098,67.73154827509772,67.96795235165717,22485959235.0805
1574380800,67.96437987386922,68.33765969348029,67.7059337771338,68.23292927768634,34174882545.1798
1574467200,68.29760133293442,68.3906582043619,67.45377865334933,67.86585296728488,20952183818.8574
1574553600,67.85498510784981,68.298306979794,67.64877641620546,68.11623937712102,29905207572.3562
1574640000,68.18203417450927,68.42019899957339,67.77418548767128,68.30827990810407,43256582379.2425
1574726400,68.28877664906202,68.44938135815799,68.01931931388529,68.09302387738005,21141016015.8221
1574812800,68.0942802125778,68.57956983241803,68.0942802125778,68.57956983241803,24023009843.3386
1574899200,68.5690206771111,68.73857624903134,68.2782902412277,68.45137676705384,19046853204.3488
1574985600,68.47254054565089,68.78357548920796,68.37191079236915,68.73651703765556,19704314798.5484
1575072000,68.72223695519766,68.84479732426807,68.53281991502344,68.63798209345376,17115013508.1545
1575158400,68.66312762023762,68.7307348577694,68.22242273060664,68.346736006302,18706956460.7182
1575244800,68.37159126264723,68.60966074569365,68.10849882119095,68.35799662168586,17061824768.6788
1575331200,68.3461987100447,68.64143544584822,68.19494910687585,68.46937253361251,14861696343.8091
1575417600,68.51025556928788,69.0393270486215,68.51025556928788,68.57174593145623,21577259423.0406
1575504000,68.56200228904915,69.0078015268977,68.38431533501749,68.70554153161832,18857342068.4646
1575590400,68.68396645510224,68.93344729242739,68.52760543551733,68.8829072145744,18039491158.3096
1575676800,68.91599919298768,69.01474905628989,68.69259363915683,68.78048569563661,15496497933.9007
1575763200,68.81539664448924,68.91708583642038,68.43871445555064,68.60726775527549,15353663338.8793
1575849600,68.63735991269292,68.8425973961963,68.50163716136979,68.5175879201441,17841939709.2005
1575936000,68.53962478660523,68.88567131971435,68.38312691645291,68.5241135677913,18182652026.9683
1576022400,68.52925547771193,68.73484245735438,68.23119226150554,68.52716181949985,16318295503.9702
1576108800,68.53645313112798,68.8908735859826,68.33327899666818,68.50547962804983,18899924779.9642
1576195200,68.5001160114225,68.81665949856357,68.30145071294781,68.49258979174138,17199492198.096
1576281600,68.48386934475312,68.56720695749534,68.28722860010781,68.4049452016801,17073189124.7731
1576368000,68.41619889684878,68.59679986815219,68.17304707566763,68.45745465651667,16876793031.3376
1576454400,68.46139562354287,69.24389654497183,68.28451794044827,68.88657373825,20120571179.2044
1576540800,68.90618023460114,70.10813219032634,68.7774556820362,69.77278776647515,22230059380.4435
1576627200,69.67899156756332,70.16522301839518,69.67899156756332,70.16522301839518,31713930689.3509
1576713600,70.13207719417599,70.69639862949472,69.97973660190398,70.30018455706306,25909025784.5179
1576800000,70.28840283382911,70.50535385577716,69.80533337435699,70.03417764618482,22645577365.7583
1576886400,70.07020949261033,70.36754784161079,69.89447642381928,70.17203400799762,19308745613.561
1576972800,70.15362151049025,70.56008498551658,70.06711015601745,70.56008498551658,22941667473.8233
1577059200,70.54970206261518,70.90155764919336,70.4131087921098,70.61718919222724,27891361701.4327
1577145600,70.6124744082784,70.69693301335911,70.37707351281858,70.50043907584389,22937354032.7427
1577232000,70.51511298733816,70.78456365274911,70.34793759620548,70.61248519861866,21543712196.607
1577318400,70.63410911860521,70.79992674616626,70.29806836187174,70.53678383353538,22747955130.61
1577404800,70.49702496284488,70.66329574878151,70.20276391194615,70.43337156069383,22752208363.8034
1577491200,70.39044803112728,70.55977687262539,70.09607635774108,70.31161231887242,22583475235.3198
1577577600,70.32342573471706,70.50517230017762,69.91829563401541,70.03372597277506,22583475235.3198
1577664000,70.05552576956643,70.20899520898287,69.75228708944442,69.92939203513076,22583475235.3198
1577750400,69.93489659470578,70.21590383601783,69.81943430915307,70.03050693495949,22583475235.3198
1577836800,70.06589356574318,70.14456308291392,69.74100696287225,69.92153783771488,18580418184.3442
1577923200,69.95695702845602,70.12914400049546,69.81253426608419,69.92036102450506,20813799475.8694
1578009600,69.93357183874525,70.18552775993176,69.73760121190324,69.95550991916424,28024466942.236
1578096000,69.93252960249285,70.09121592331825,69.71551507879563,69.87526153987467,18418750375.3983
1578182400,69.83214135047471,69.99775995961612,69.56982599493503,69.7044160149539,19708561883.3687
1578268800,69.51610269818798,69.67007832070905,68.90251343721681,69.19134027025962,23343512928.5188
1578355200,69.18487596925901,70.4013841604517,69.18487596925901,70.4013841604517,28682676926.7318
1578441600,70.43491113598772,70.92908049287458,70.3877967356749,70.5240478262005,31705638220.2642
1578528000,70.47598020638142,70.54816889018528,70.1284610990941,70.19277316413297,23981338063.5815
1578614400,70.12480593923468,70.32896999227701,69.42305623352226,69.77884234202325,28473972781.0723
1578700800,69.84261943823688,70.03780258394136,69.18142097954667,69.65857806370559,25007463237.1373
1578787200,69.68042100879175,69.82426434160271,69.24652150118207,69.4711700312957,22966446898.9599
1578873600,69.509776967417,69.74087606419711,69.299659252457,69.57296182884954,22475576852.7093
1578960000,69.55233980144911,69.9399080009192,66.71587742348518,67.50179645467155,44595143706.8103
1579046400,67.48157217994985,68.5895482393045,66.43332308261847,67.65818486368447,40151111082.1169
1579132800,67.68881170715397,68.49387254531487,67.20466817815107,67.66046627624219,31293640458.102
1579219200,67.62639154699308,68.22124905682855,66.54778639480855,67.42746993176465,36381707103.0384
1579305600,66.95359261532815,67.90270531595317,66.06969323151466,67.29617417584141,32505560367.5923
1579392000,66.9096529876726,68.11768267126766,66.09716427039085,67.46939870452161,34187696499.5707
1579478400,67.42081813899992,67.921772204463,66.80931258052254,67.15419167638686,26452223880.4687
1579564800,67.16431655437583,67.34257360522241,66.69454944608863,67.01016059647951,24096405551.0012
1579651200,66.96221194523453,67.27660615593521,66.61465129077831,66.99196831056234,22507481558.449
1579737600,66.91020866501442,67.80222535801101,66.72204013065796,67.4352022951244,25902637454.2365
1579824000,67.37551580634542,68.08947806317889,67.02490451211641,67.44786614804703,24369988404.6005
1579910400,67.46469977914758,67.83088865832433,67.24332388558999,67.50143821043369,19691042682.0115
1579996800,67.4863850550631,67.6231316957338,66.94074175484349,67.16030992047757,22067992721.5613
1580083200,67.08652032667509,67.54217625326378,66.74447365485298,67.34950538336601,28578557038.2274
1580169600,67.3383489196848,67.86252841030146,67.15337520478055,67.83464402481688,34144469028.8055
1580256000,67.8168816143327,68.03512152048131,67.20016896214722,67.6827910912155,30826093080.685
1580342400,67.75482871741262,68.01743918821866,66.94000743912186,67.24577506888978,32284846130.1372
1580428800,67.22006994197542,67.86941143980786,66.90351341213295,67.49028154461904,29477205574.0331
1580515200,67.42355109276394,67.5984351947514,66.92624329822837,67.16263028966577,25959214558.7722
1580601600,67.12041792857507,67.33613056195534,66.2520764842219,66.64910360836002,30794414675.3649
1580688000,66.74587654085173,67.04215622492836,66.33276042955323,66.43601946408108,30898058316.866
1580774400,66.44105744531964,66.86263770441892,65.87631080864617,66.1108357908791,29906411787.5821
1580860800,66.11523997637735,66.3907025637683,65.34546851129129,65.67413241667022,35165747045.5063
1580947200,65.69398438175558,66.1944615683339,65.11429157302756,65.5223901092222,37584766992.1644
1581033600,65.50727549614577,65.85262857984036,64.741923538916,65.26195007544267,34498758965.7494
1581120000,65.27159271554626,65.91129813652856,64.12379518672688,65.02613212597078,35142779858.6209
1581206400,65.14036904270324,65.46907051406467,64.58081163034902,65.06429375691711,35788402046.5186
1581292800,64.82119392432406,65.11939067791461,64.29502120705531,64.60940761763496,39395164424.6222
1581379200,64.51574781899409,64.96298784353503,64.01925112980217,64.28042604527752,37631251182.0021
1581465600,64.60509205179896,64.77034301811804,62.95573132203602,63.45374057681424,43305751355.0195
1581552000,63.429136360124794,64.08053622830586,62.50618067201877,63.054741558594365,49336466639.6735
1581638400,63.021884383088015,63.487980021171964,62.08805461196609,62.39876106045398,43183788088.242
1581724800,62.39593891859836,63.75600020267698,61.981181945343,63.3108830463578,43816948849.985
1581811200,63.3100724749495,65.48704964346223,62.73647887869194,64.21960368677844,43377680176.052
1581897600,64.17022631925866,65.36500061889231,63.347771130500355,63.55220782066441,45906831234.4732
1581984000,63.54350462239324,64.19413851425162,63.08204620201815,63.646504979648455,47270258494.1383
1582070400,63.70489382833555,64.31034050557818,63.26436707095876,64.12021930465993,46990561588.7684
1582156800,64.12585293871582,64.82007845659888,63.56684922552369,64.2370005045802,45051942129.5344
1582243200,64.24129727771337,64.54772793028862,63.642888906543014,64.06088578989613,40897359573.5131
1582329600,64.0274306237952,64.46058352159683,63.74037363545708,64.15509242857192,35819625179.1926
1582416000,64.14326975458961,64.25329971561096,63.64255620048728,63.8405486058368,41033987570.35231
1582502400,63.83635286536429,64.5609496589524,63.613472375855885,64.19026471122898,45002294966.0474
1582588800,64.20293666274765,65.0827576183567,64.03877997455498,64.85647255269805,42540231139.6416
1582675200,64.8641329670059,66.39053853205795,64.5635705454643,65.64016084203462,50423607085.9598
1582761600,65.68458131731096,66.12898194642165,64.68309309046516,65.27003028777261,45419162683.1143
1582848000,65.36580638817013,65.85002168767025,64.95223959732094,65.3066121068692,44657928594.999
1582934400,65.26790137305862,65.70932998870451,64.8150000181382,65.4517888831257,35780093836.8808
1583020800,65.42293686450479,65.80665234128715,64.9786760579857,65.48349069466184,35348433928.8779
1583107200,65.48083445104304,65.56989597268803,64.77045302285384,65.07647948031095,42766420860.4022
1583193600,65.09779096301135,65.47260942103578,64.84015990385302,65.13627346953143,42384101439.7941
1583280000,65.1397541659438,65.54670898148879,64.72968222735186,65.14723005748303,34668834765.834
1583366400,65.10432495699945,65.44289302926974,64.88500644796953,65.37784613308038,39501927132.2119
1583452800,65.35123963853444,65.52011057372445,64.58111979886775,64.75631935361405,40922080080.4516
1583539200,64.75201615193068,65.184862161628,64.46775703334127,65.03096165825511,36156027971.5961
1583625600,65.04380596331691,66.48414450705069,64.89298458195057,66.13801243075038,39686719639.9199
1583712000,66.0763465040921,66.0763465040921,65.2773288929227,65.62501463775347,47129041064.0114
1583798400,65.45315141658062,65.63386995427393,65.1803862531862,65.29415472702995,42259092677.6531
1583884800,65.37092206901991,66.42069299257895,65.29819125490108,65.95776428301464,38674356789.6092
1583971200,66.00097304052342,66.1428922830874,65.13611668159743,65.13611668159743,53703625267.9316
1584057600,65.38484175262603,65.90757861997733,64.17019274330782,65.40389095086734,74617827435.2919
1584144000,64.81827138188572,64.89003849052332,64.51161471254767,64.69591369096128,36178903346.9542
1584230400,65.28431610131342,66.03800331784375,65.28431610131342,65.54969116838002,34025110933.6043
1584316800,65.50473543882957,66.00604731481371,65.00210083818794,66.00604731481371,45427115975.125
1584403200,65.86601396109754,66.10711837567631,65.45098890934133,66.10711837567631,38419660670.4087
1584489600,66.08917398489979,66.22357923149602,65.55470145015734,66.03978593799131,37913121299.4599
1584576000,66.07772226908548,66.39199574910639,65.47271966842153,66.26745973346752,51030542934.1435
1584662400,66.22263344255707,67.18557170702739,65.86284589301985,66.81906381476186,54363389646.3787
1584748800,66.82306219111854,66.82306219111854,66.51702776966536,66.70487336514523,42590718747.0631
1584835200,66.54637812557817,67.10700751597338,66.45026454757046,66.89239463514541,39952010707.8769
1584921600,66.84247156587085,67.3953369766713,66.84247156587085,67.3953369766713,46512483349.9868
1585008000,67.35361439019199,67.77428335249404,67.24054326698095,67.77428335249404,48100015514.4591
1585094400,67.77907331639898,67.99215534336075,67.55129815122541,67.86031726324411,44592943989.3688
1585180800,67.8263595937033,67.94080930879377,67.22399345324409,67.277479898723,35286348132.7537
1585267200,67.13784509125341,67.3991875356218,66.82169420623237,67.0748434901492,34320682495.8921
1585353600,67.04333312651049,67.11715109880491,66.35617511398287,66.64992798396507,35224530371.0057
1585440000,66.50732129944754,66.66112427768971,66.33308402515117,66.41775336126513,28392322167.6145
1585526400,66.41529951873937,66.95015786480276,66.41529951873937,66.95015786480276,37879143603.5409
1585612800,66.38190988258536,66.56628059506374,65.9007659595695,66.31317765724188,32874341164.158
1585699200,66.27648414098485,66.78586122608831,66.27648414098485,66.78586122608831,39878143810.3028
1585785600,66.75077523176034,66.94461037736752,66.69721324944426,66.69721324944426,47669025424.2443
1585872000,66.693497666568,66.693497666568,66.31419904887053,66.31419904887053,39087735324.7022
1585958400,66.32217616394593,66.52118031078203,66.32217616394593,66.43192059783404,33081261857.327
1586044800,66.49481280378814,66.58198688828895,66.24422823470543,66.41929837242309,29504998357.3493
1586131200,66.31882131366415,66.466821527665,65.36914559702218,65.49501744723057,46628755110.8243
1586217600,65.58647855201131,66.01830483975256,65.06944245049404,65.67893564791252,44257290321.6553
1586304000,65.74620056475466,65.85642459393219,64.89453037547891,65.07627619422539,37575369137.1154
1586390400,65.10635277376178,65.32156644653952,64.56143351567894,65.15752413423533,34822081224.5724
1586476800,65.23389423112938,65.8426736181845,64.99752867358876,65.31996678617641,43639897478.441
1586563200,65.33443605532474,65.5474134358036,65.0245253300214,65.31740538040327,31216128675.1218
1586649600,65.28766427587985,65.5077938687734,65.174075736875,65.30474296218667,35594011771.3738
1586736000,65.28137731578595,65.52531875753664,64.99684490474603,65.39956656694935,38119823837.0709
1586822400,65.35013407665464,65.53867652744356,65.11060001697903,65.35115051492674,34129359489.7695
1586908800,65.09350969856393,65.1984697573544,64.81255373550736,65.01180624395158,32260937482.7578
1586995200,64.95286556801267,65.18174529296412,64.14260598299319,64.84435869090808,46472428591.991
1587081600,64.83390559461367,65.08715807688303,64.60072989219182,64.76938091909702,32450374154.1941
1587168000,64.71518479621466,64.89057258201689,64.00321397311228,64.25949275436392,32556137908.7649
1587254400,64.23057069780761,64.7390678807507,64.02273372177301,64.5221895719858,31269108259.9822
1587340800,64.54764411252536,64.74661055513397,64.12170239031781,64.56848354090143,37786174768.6291
1587427200,64.56894815144113,64.63757169903603,64.33217152098864,64.4959542090832,32587377366.0098
1587513600,64.51903688637283,64.65089822180144,64.22111967313135,64.40139634591144,33254652029.4262
1587600000,64.42377904849188,65.3112037950104,64.42377904849188,65.3112037950104,43402610641.4137
1587686400,65.26891171327401,65.26891171327401,64.57848518480928,64.84775735406443,34619547659.532
1587772800,64.89555705122129,64.98934704016295,64.41698795831108,64.57765670440952,32840541829.9843
1587859200,64.5900381383475,64.79828665232112,64.36909205198775,64.72232009996361,32954523998.455
1587945600,64.68308216409737,65.23323307338218,64.5336981283656,64.94001664343526,36224600992.6221
1588032000,64.92807820576965,65.10250621562639,64.24633185725644,64.51313847546024,33143663728.1871
1588118400,64.53296446465224,65.853799661405,64.53296446465224,65.853799661405,59882291061.3419
1588204800,65.82001962955512,66.6161708791963,65.82001962955512,66.37946404060486,67617884673.7709
1588291200,66.38533502244015,66.6107497646345,66.05708772443944,66.43093190821546,44691993095.3651
1588377600,66.39188785477958,66.63310823685738,66.13582032803546,66.44436822456328,40157924130.9478
1588464000,66.42971564510157,66.81702993700345,66.37562694750862,66.73755543579435,47188324142.7135
1588550400,66.73036157851605,67.20579461410752,66.53100873590472,66.8488641986351,45582624407.7
1588636800,66.79703785963187,67.18778247585794,66.65830115189726,67.18778247585794,43034803077.0598
1588723200,67.23180401091608,68.01273198357944,67.11395252197785,68.01273198357944,49124747629.1544
1588809600,68.04907462059859,68.92273799193137,68.04907462059859,68.92273799193137,61393014239.9809
1588896000,68.96541300203998,68.96541300203998,68.27915728678312,68.41468041435637,52254302084.4425
1588982400,68.4117522501996,68.4117522501996,67.8081401709213,67.94166881210556,46480702082.4784
1589068800,67.94616750804666,68.16376478427523,67.40125304387313,67.97602688793239,63229613228.7927
1589155200,67.79674892717973,68.13549143367905,67.63599284019992,67.63599284019992,57287255938.2541
1589241600,67.63730002956314,67.97867107030892,67.47613537226272,67.77014958090611,42206187181.5942
1589328000,67.74062673065207,68.26276333064128,67.74062673065207,68.26276333064128,45553105242.7526
1589414400,67.62957216119239,68.42889860006359,67.62957216119239,68.42889860006359,56592000141.2894
1589500800,68.4461294929499,68.4461294929499,67.96003470728175,67.98622340448973,48335042023.751
1589587200,67.99017826098823,68.10147521704863,67.72510906993178,67.80763187311807,36262792703.073
1589673600,67.76115405094451,68.1329689463151,67.76115405094451,68.1270877847567,40049030811.3458
1589760000,68.12148855778705,68.18367056618551,67.55064696605486,67.73174029703871,41840278262.0419
1589846400,67.88058767862056,68.03205958699084,67.75283606618493,67.91623102515896,39136457710.9006
1589932800,67.91219828845526,67.91219828845526,67.6164618580391,67.6536329940434,36621934328.7222
1590019200,67.63758778427928,67.66491033395192,67.31336317371476,67.47265618116869,39314293795.4455
1590105600,67.52127845387996,67.58127347766744,66.7672822950746,66.98135187615266,29850090961.1498
1590192000,66.96288796210564,67.2105249932074,66.80276728230012,67.09794453484108,27694905905.4505
1590278400,67.0920995690505,67.0920995690505,66.64559544257774,66.64559544257774,32253699467.9334
1590364800,66.65866543222695,66.9315583222125,66.34780985186374,66.59974928512817,31503856974.9948
1590451200,66.57841984908893,66.76351461915222,66.44034551728348,66.64551760991034,29581729452.4219
1590537600,66.60355163266944,67.0567466729139,66.54726531795576,67.0567466729139,32324916618.415
1590624000,67.03660961035095,69.82710401150678,66.9793230980013,67.2109386747957,34313549578.1536
1590710400,67.18525345779139,67.19032702432104,66.73242524530072,66.87280394271785,32979187308.8337
1590796800,66.89396033006268,66.98225037074043,65.81294456267636,66.19061332659436,32679564739.374
1590883200,66.20037243255997,66.5622537247133,65.71189663519316,66.39057251836509,27726660711.7699
1590969600,64.6322155707131,65.12971414216896,64.57501441289132,65.12971414216896,34768086557.1833
1591056000,65.0306431194367,65.0306431194367,64.18296332902521,64.18296332902521,39553537207.5305
1591142400,64.18525135405521,64.32935917519181,63.8870531433293,64.06810054514244,25195943629.7729
1591228800,64.05310208868352,64.39009355685316,63.821558501966756,64.28001556200638,25967589573.398
1591315200,64.29759581213699,64.39892045465395,63.94980214182826,64.07930711662998,23467984653.1452
1591401600,64.0745796613967,64.1821084215515,63.86988653126971,64.04787112176417,20452652175.3426
1591488000,64.06425861865385,64.22830549077409,63.933919106749535,64.15799932650901,24992421607.7652
1591574400,64.19240567951923,64.35919612949087,63.97945467697094,64.17861200179706,21413574192.103
1591660800,64.172224678617,64.68701660608187,63.90435799006221,64.23478348630968,23744158929.541
1591747200,64.24918800618215,64.38813106920261,64.08319899118153,64.25785177901466,25690275268.2171
1591833600,64.25599221403388,64.5888676307038,64.07068024593875,64.42697658301871,30182919914.6303
1591920000,64.4356983723303,64.57367595021402,64.07674504044894,64.27178981187282,22628797265.2289
1592006400,64.26686835344115,64.40273234307003,64.0493123836877,64.22612926490827,17570079184.6866
1592092800,64.23659090392802,64.46493858391426,64.09333088896236,64.37617198363957,18891576978.1675
1592179200,64.22509329094063,64.6413002730688,64.14125532878239,64.44094118544727,26723021265.4179
1592265600,64.44678155626265,64.6505100713713,64.24788010133852,64.40990646270266,21600735408.9044
1592352000,64.41889456847424,64.41889456847424,64.02125268232386,64.24800674502167,20022182760.2963
1592438400,64.2521064372053,64.4436294360531,64.0289747750566,64.29797009757897,17797367574.8261
1592524800,64.32391817732125,64.51554802093938,64.1588531129549,64.32585823309472,19553692802.4533
1592611200,64.31731212313849,64.46317963927302,64.16048375735016,64.3777534952044,17187587100.7423
1592697600,64.38634297633527,64.49516601109315,64.20594583649326,64.33482901875728,15302244350.0075
1592784000,64.27391212754969,64.45998552576106,64.02015089320389,64.31721717681353,21075849626.8217
1592870400,64.32396925080319,64.43106765795179,63.97770411931574,64.15243598144043,17004775695.6928
1592956800,64.13397344745295,64.26727273882508,63.75736779615938,64.00217823311436,18892800150.2297
1593043200,64.00539114391157,64.10442803871148,63.86222822560027,64.04296726318563,18677939035.9009
1593129600,64.0371436613542,64.21081528198481,63.808242961564275,64.02096118460511,18345951082.3523
1593216000,64.01792500807716,64.8888277225729,63.865491987636716,64.48580929365674,17265377956.9761
1593302400,64.48969069750493,64.63724408175693,64.14767237593973,64.34472394103516,14557090630.5619
1593388800,64.32509946342603,64.50717455263832,64.01724842018551,64.22273151138214,16452964042.2655
1593475200,64.2333823609788,64.42278825032717,64.02793827204799,64.253745131202,15769352826.0143
1593561600,64.24196411563258,64.43523741453822,63.914295020314974,64.07996541881765,15966978925.9999
1593648000,64.03344583788912,64.23866456319391,63.823721618325635,64.04410589080231,16362364146.1811
1593734400,64.02594001692681,64.1637428894912,63.61930475166386,63.88387384141051,13025988482.2644
1593820800,63.88139076357745,64.0100317633277,63.545234364158055,63.6910337524873,12274842336.8053
1593907200,63.69964014467563,63.92037080844797,63.48050824653283,63.66959682780781,12895349336.745
1593993600,63.67835583870427,63.82134343828609,62.87423343406581,63.06760141846143,17770739420.4005
1594080000,63.06327299544131,63.3544662372314,62.576542649508816,62.80134970118294,13901919245.0047
1594166400,62.9386550774995,63.11136192330387,62.07054190861896,62.37352945740049,19634213680.7904
1594252800,62.22032527590794,62.66843298198489,61.006195593228064,62.112972081791305,18049308810.3005
1594339200,62.09902208693495,62.660990450043755,61.976706515196355,62.3949991170775,16838509220.6057
1594425600,62.376994047727464,62.48903789829031,61.85819060995185,62.11572758730135,13263248808.6463
1594512000,62.11372475222805,62.39273641078401,61.696357456641934,61.99035936041128,14391457037.7158
1594598400,62.45197474626312,62.95775297137176,61.900779912052116,62.579819648207405,17531761761.1487
1594684800,62.571836170653974,62.82498464118419,62.15942456157381,62.40915956232137,18124499738.3355
1594771200,62.41486155327546,62.670891493916116,62.05495062985702,62.29964830646573,15828627068.2105
1594857600,61.803334815247126,62.58966504359796,61.59262994914474,62.05781445184832,15696163509.4475
1594944000,62.05403805055035,62.285430850339964,61.382892668510756,62.077856921235345,13948829417.5931
1595030400,62.02009604737676,62.26713618463657,61.62460091288292,61.87793520541768,12294298234.6231
1595116800,61.86478419521168,62.18021644419507,61.492983376630505,61.76748326212219,12923309548.8327
1595203200,61.75481585022267,62.341304187424754,61.515104031190546,62.10298401996861,13752933742.0557
1595289600,62.09977120510012,62.33943393421991,61.691195951306874,62.01520700585903,18039864610.3057
1595376000,61.87065637828978,62.030603514759605,61.08191388506336,61.45020778402275,16498685722.2256
1595462400,61.40420279772778,61.698434244167274,60.79291648351648,61.195415406189724,18159696708.5448
1595548800,61.16649590225435,61.56716670205081,60.7626825615835,61.182176412473545,16544441132.4252
1595635200,61.180547819265065,61.276956996249666,60.04638380354174,60.29354486419536,16595382315.3345
1595721600,60.27219616023392,61.083361670473494,59.98414124054193,60.76287201755169,20509751289.8933
1595808000,60.76066673653131,62.60936728351609,60.76066673653131,62.607873630701064,35282545249.026
1595894400,62.63359400657072,62.876409715575974,61.94672824847336,62.16138978459396,35547431692.1595
1595980800,62.13717924774187,62.66341949374393,61.90833541526523,62.47854514030499,35547431692.1595
1596067200,62.47552457954906,62.535569937492376,61.53544976175851,61.934431227327124,35547431692.1595
1596153600,61.923928790857616,62.305775732953265,61.484495761142796,61.928552588077736,35547431692.1595
1596240000,61.9212180731974,62.200805894102,60.763581458885376,61.07833891057353,35547431692.1595
1596326400,61.06511214118768,62.20690313838744,60.023911912708805,60.64618055522194,35547431692.1595
1596412800,60.635225627746124,60.77079355835483,59.73206394628827,60.142130463944845,35547431692.1595
1596499200,60.11927586817433,60.46844951773055,59.58207329712605,59.98128215542945,35547431692.1595
1596585600,59.973545080808485,60.719339374552625,59.973545080808485,60.719339374552625,35547431692.1595
1596672000,60.71076600155622,61.025708637742625,60.262961140334035,60.66534554003762,35547431692.1595
1596758400,60.655764292596245,61.45817888065198,60.354601199643135,60.90638106020324,35547431692.1595
1596844800,60.92168439568512,61.10393643018293,60.172222296197944,60.43551727127038,35547431692.1595
1596931200,60.406292525626185,60.80891504043059,59.885923276373795,60.374419885541705,35547431692.1595
1597017600,60.34685759340515,60.90634227204003,59.9981205413644,60.34259419140948,35547431692.1595
1597104000,60.34428815855232,60.86632558194697,59.91628062195583,60.40402787786382,35547431692.1595
1597190400,60.401685244176015,60.85048818375759,59.795427126849646,60.08343829981523,35547431692.1595
1597276800,60.064048948662794,60.40437491361741,58.78304521809877,59.446549489504164,35547431692.1595
1597363200,59.424812282630654,59.71719393240081,58.50215675983539,58.94872725445839,35547431692.1595
1597449600,58.928880189255125,59.59706463947361,58.38902323692467,58.91238746953405,35547431692.1595
1597536000,58.894838470896474,59.429689144267265,58.25767548132939,58.633288846318244,35547431692.1595
1597622400,58.64398838623163,59.58751090734042,58.300883520103795,59.35108673975714,35547431692.1595
1597708800,59.36177197384711,59.79435502116831,58.84008709181548,59.271693096668784,35547431692.1595
1597795200,59.25686415365217,60.265912952003475,58.949780492533634,59.70744837978552,35547431692.1595
1597881600,59.69792332985146,59.91291838488484,59.00324725510141,59.24948730320546,35547431692.1595
1597968000,59.24929874865016,60.225806160234484,58.5687773104572,59.929761476055766,35547431692.1595
1598054400,59.925546920724216,60.25959613247759,59.297646925713224,59.54594473853578,35547431692.1595
1598140800,59.52608384326188,60.06631238769658,59.20104182099735,59.613215638520515,35547431692.1595
1598227200,59.61817724643309,59.849929826104486,58.90917459688237,59.22484388373369,35547431692.1595
1598313600,59.20057273647061,60.177306664885535,59.01020956103871,59.60030342999269,35547431692.1595
1598400000,59.58759662517289,59.878451197225125,59.19780328650943,59.654176836079486,35547431692.1595
1598486400,59.63220782286278,60.31310485215672,59.35016531965189,59.907963706833776,35547431692.1595
1598572800,60.000145116694185,60.228549355694774,59.47488130856906,59.780658867141454,19801437373.1268
1598659200,59.77194340839439,59.93208341521318,59.05889276505385,59.38808629502077,17413320979.3267
1598745600,59.38433452498031,59.60885428620502,58.551195217730026,58.93497887021195,19745531264.6362
1598832000,58.39263404387525,58.8108430099039,57.91584758544348,58.331471186482,22256771990.4529
1598918400,58.32428119628962,58.76024137645337,57.23520468884781,57.65040341211194,27080187436.7953
1599004800,57.615337531761,58.75953614863128,57.210434401463075,58.055859813203746,28271260539.5334
1599091200,58.01263740937982,59.1341524863895,57.41288558598847,58.46427632509054,31436776634.7436
1599177600,58.21839409612403,58.910720288308696,57.53796412689686,58.26628901765505,30169440617.0525
1599264000,58.233638565300424,60.347807516857735,57.75709896691635,59.70835066356415,44803179019.168
1599350400,59.61750157297894,60.25766443110571,58.3159509191792,58.89146198986922,37136827015.0964
1599436800,58.871940396044224,59.63644445025032,58.519420942893795,59.09593736011487,33678189859.8159
1599523200,59.06545404513653,59.32895618326663,58.70668039331094,59.10329738978114,33414963031.4087
1599609600,59.06432933342379,59.228855128170885,58.37663669160212,58.69101804138649,24179633664.8925
1599696000,58.62100857436254,58.83945826753997,57.9237667558821,58.33291571559768,53706842711.7583
1599782400,58.294661721307776,58.72627167339871,57.91104680213427,58.17009881391505,44696810163.1947
1599868800,58.15407476537945,58.398031029903194,57.505160380063025,57.65942802286717,36398040372.8917
1599955200,57.6437499515005,58.64960471847235,57.388771931420656,58.18171798361804,36295510988.3419
1600041600,58.16053920102715,58.69578601854525,58.04037330894776,58.537796156141184,35271873077.725
1600128000,58.39069140007871,59.435460895549156,58.26557295061654,59.35840901973065,32499877986.1062
1600214400,59.357496398627305,59.903089367873704,59.23760375300148,59.651967733226904,30722332537.154
1600300800,59.614618901353346,59.697623793330344,58.50582844099977,58.892164033122775,38138552173.1085
1600387200,58.86848787223804,59.351359710662564,58.5736635087829,59.05018281391212,26322977799.4069
1600473600,59.001961413847326,59.43648890390585,58.91971795663606,59.24915133020028,22694921113.6419
1600560000,59.251471797800214,59.84791702778563,58.944940403937984,59.55393039472598,24639843447.9316
1600646400,59.49965186051197,60.3697714223851,59.25533602138271,60.01784184971499,28934177195.9152
1600732800,60.00202601029926,60.282812401216304,59.59833836251713,59.91549191577315,23608376807.5728
1600819200,59.89363464806235,60.63639918845078,59.66564662437962,60.47286898166635,22976257253.5543
1600905600,60.426715638444115,60.62222733490438,59.778464018732215,60.062802071639034,23012542011.3541
1600992000,60.073007206162686,60.30419312859115,59.25209118681871,59.515778722818425,21225277784.4186
1601078400,59.49601848705003,59.87389027857506,59.166764163061615,59.445596388163494,18146625943.2379
1601164800,59.35625362757786,59.6806216972851,58.92104195615138,59.30600001126294,17963783939.8705
1601251200,59.28188851711463,59.603348295356575,58.84263242991445,59.2714426152798,23302481882.0982
1601337600,59.2547366934699,59.594151055801106,58.9258319888684,59.262946694310756,20563257394.2393
1601424000,59.26853288589137,59.55368327283972,58.85294381111431,59.11371041508576,20708416178.303
1601510400,59.1166005939828,59.41273916865043,58.725293466603,59.16377594386567,27156857849.2763
1601596800,59.14927984878893,60.02201943812382,58.983475728237025,59.604756943681714,48546700910.04579
1601683200,59.58518861419476,59.69457502631194,59.17065468971814,59.471389164143076,45040975996.43526
1601769600,59.48183891972598,59.77255969789166,59.15336512536078,59.37316065885587,71171785223.17752
1601856000,59.35299967244462,59.68845432371521,59.133834650847504,59.596313470255204,47402537273.76818
1601942400,59.64226968397458,60.28987778755563,59.26874493879952,60.084087836163356,42615136046.73987
1602028800,60.0786191885534,60.53683540321424,59.76395431254937,60.0149176621852,37820010450.05954
1602115200,59.99375584285931,60.40172430592949,59.77315947665483,60.09027519104858,63270552496.58591
1602201600,60.082600028652976,60.20158433371162,59.39649325169549,59.665474392039364,23130665339.130543
1602288000,59.65520603339569,59.97892395325227,59.49007936944445,59.93229395408157,22859323657.94618
1602374400,59.943775276338926,60.19730532494306,59.62543275204206,59.869609144440496,19910065819.872974
1602460800,59.92444791403146,60.172017911469055,59.54610787137259,59.82355283090235,26112475755.18005
1602547200,59.77550441939249,60.014208955402914,59.446210580838496,59.73320229409356,24387485039.85405
1602633600,59.37629297697349,59.87854537055254,58.37524746783955,59.68241481886821,24030037828.52834
1602720000,59.9216264994592,60.20484306267634,59.09208714322267,60.030145616713995,24493148815.13865
1602806400,59.90753379751934,60.453692710031625,59.63032252000905,60.22999516481381,25590345951.13098
1602892800,60.23490883909535,60.43614732265248,59.96284449123992,60.22101300447096,18756411966.972652
1602979200,60.20844172242028,60.378892634289436,59.87243477126254,60.14341450857705,18270524349.702423
1603065600,60.13896039081171,60.69460556443354,60.13614012081826,60.68680756474084,23855464432.612
1603152000,60.67873808943614,62.21651786938654,60.63097432341637,61.639685066460025,30804564162.398422
1603238400,61.6198579269322,62.37180735791994,61.6198579269322,62.37180735791994,43297440643.59394
1603324800,62.34615504657782,62.45539983818522,61.53101956691002,61.84477261325627,34346381612.49029
1603411200,61.82394945291174,62.09892283481917,61.39652494777452,61.80789048863653,29050883867.802853
1603497600,61.78804499372822,62.06476134096916,61.49671067528212,61.80346888640269,24469110100.89938
1603584000,61.79994911132722,62.11128677336555,61.415875237806986,61.81255948882311,24422748307.82199
1603670400,61.790266259370966,62.5700370297399,61.53635845113755,62.31922537321752,29447413114.32569
1603756800,62.28762086206161,62.990461614427986,62.259694366425336,62.990461614427986,33657981452.873077
1603843200,62.98482019761592,63.2497148003759,62.63551891668565,62.981808604010524,35869536397.906876
1603929600,62.934869617395584,63.61251860311439,62.77659754035692,63.565791964279384,56468858926.96681
1604016000,63.55296561677986,64.16148909958218,63.20320686620088,63.88987418216024,30560366281.948074
1604102400,63.88759268668933,64.15869491667196,63.595827942884156,63.94835366897092,30315867090.361073
1604188800,63.94093882284376,64.18978363086859,62.57068237997241,63.57294004153915,24362059762.80992
1604275200,63.562625737072246,63.993877926352205,63.164352582449844,63.963779770675764,30798106778.85783
1604361600,63.98925784974042,64.9072877647918,63.98925784974042,64.88936990560784,29747356362.361847
1604448000,64.88875445267361,65.12549131416166,64.40573221227991,64.79697923066213,35130067951.51026
1604534400,64.75809405689441,66.4628230654004,64.75809405689441,66.4628230654004,40534874922.9475
1604620800,66.44114477477203,66.5162906738708,64.88627730523953,65.04074660583869,39903958504.97157
1604707200,64.99343607114832,65.0287918756241,64.22097878201595,64.77816028541655,35075009815.98269
1604793600,64.77737395077908,65.14178274081839,64.63865704076566,65.05707695174368,26716615713.50455
1604880000,65.03802251623004,65.2217857844127,64.6983605932945,64.964239816552,33993019900.131207
1604966400,64.9450941258356,65.17330925003225,64.22442581214092,64.69467118543395,25551638220.64813
1605052800,64.66745915084033,65.1240555989889,64.31807396266223,64.98911089156144,29714074095.76224
1605139200,64.97050907419079,65.90752435319796,64.97050907419079,65.90752435319796,34031421188.143208
1605225600,65.86626607124701,66.00152544321125,64.9056869923253,65.22571243074911,35895867011.570564
1605312000,65.2109614062524,65.41880247471015,64.8170026856949,65.28540824453644,27459647537.552723
1605398400,65.27396400628231,65.7423244908082,64.95633948864793,65.54693935307566,24164148534.60787
1605484800,65.58308755115026,66.07438821687634,65.40847550075847,65.93392017072519,24164148534.2
1605571200,66.067699240726,66.6980396872813,65.80390067601168,66.52801885619708,38976583595.08535
1605657600,66.5865468605046,67.4568724899373,66.58187036822068,67.06067752674294,48445975052.19228
1605744000,67.0399150519947,67.45876071518899,66.76571288465755,67.0818023845331,36985580031.41591
1605830400,67.06901048896225,67.44523439626042,66.44254204964493,66.98131130641313,36382567215.23818
1605916800,66.97798418334877,67.1400434346692,64.68726499673713,64.79142220642646,39342150264.20258
1606003200,64.76575540068809,65.52288456529205,63.864491172569174,64.74303935413094,41342333987.78265
1606089600,64.64407361412115,64.75072103289996,62.364274073331785,62.364274073331785,42064132024.96152
1606176000,62.32635170938619,63.59356716935602,60.79537052396993,62.44525214565586,51509376135.04291
1606262400,62.282098563188136,63.793560055633634,61.698615144294386,63.1123253199924,43763511295.33323
1606348800,63.0801186322547,64.40719243595996,62.54581063515489,63.24813386784304,61483090457.10046
1606435200,63.22470219550278,63.5108844197686,62.53405595978987,63.01960024648222,38815760857.53569
1606521600,63.015028247639925,63.31342059617941,62.145165811822125,62.78305220891085,32569454397.328697
1606608000,62.76514338715706,63.265841454791705,62.41074958795198,62.760966449445974,31034074802.808174
1606694400,62.7456355267642,63.54029918850767,62.549521417836395,63.272283702578555,47457148667.22449
1606780800,63.272352543494534,63.97592031652378,62.66415468667478,63.380083446839244,49768978609.98161
1606867200,63.35492709411462,63.496177184521166,62.928933202656125,63.29452331937277,37325652780.77539
1606953600,63.29065296075124,63.48974193624323,62.90737026198824,63.2114786591387,31967228827.868298
1607040000,63.182711915450376,64.16600609361464,62.89339083347095,63.9422329484418,33728641888.4196
1607126400,63.94773386539501,64.0742806637541,63.344646524283654,63.5455649348889,27177335883.143917
1607212800,63.53502065808427,63.81416971996984,63.19588621459123,63.57960474056578,25207753891.04816
1607299200,63.5771015885239,63.83783753605366,63.30175727059172,63.60628900691406,26851520372.25416
1607385600,63.547213352806295,64.19646768486848,63.410058604675065,63.85698005067967,31565389586.89543
1607472000,63.82784530144643,64.26408407490798,63.014802862014186,63.4781515230554,34542775676.97531
1607558400,63.55092153588354,63.837890966097845,63.31213302531326,63.69541699476715,26080052741.686405
1607644800,63.69151672319375,64.09653493205056,63.43834215517424,64.02482066117207,27949306626.288277
1607731200,64.01516965367989,64.50229368840536,63.899989086902686,64.44154765876237,22330301614.664795
1607817600,64.46961869657814,64.70557550324365,64.02348517802979,64.2174193750048,25358434731.64059
1607904000,64.1928830100986,64.6766071504283,64.02914622755301,64.42657902146762,22437888720.990852
1607990400,64.42414071273205,64.86387504625917,64.19459794563876,64.70001569427878,26779131850.64126
1608076800,64.71257438894155,65.51915099520144,64.557606340503,65.0872233555653,44023107801.59809
1608163200,65.05393024529603,66.67491163917127,65.0219966027495,66.43741524540447,71291884448.35521
1608249600,66.4504324448152,66.72224239110058,65.71632598638972,66.38963300900818,40218474710.4961
1608336000,66.37987758584045,66.89366939526786,66.09509231371584,66.89366939526786,38567856583.24067
1608422400,66.87830780327808,67.43805019731874,66.4322248864153,66.98807546887315,37732618138.04655
1608508800,66.99953893923765,67.50630838162756,66.73982323019237,67.32930069618959,45727535644.91836
1608595200,67.33180113616619,68.35690599155527,67.23410185742476,68.05215100878468,44022461898.43835
1608681600,67.9887932712241,71.09934202773702,67.7824414181218,70.08194381173197,51250649565.2591
1608768000,70.07798596904689,70.40080883459882,68.59181947850598,69.01591903448126,41125982352.05567
1608854400,69.01586238936592,69.79379713602604,68.47031962852623,69.56458587849598,42105237964.00119
1608940800,69.56275984624182,70.87841008187121,69.56275984624182,70.87841008187121,48153573528.63663
1609027200,70.86218495846597,72.0514880312886,69.901549583133,70.20566954937728,66698551881.81737
1609113600,70.17808513965504,70.81480209230415,69.12470854447615,69.89514430305783,49163790359.41167
1609200000,69.87469882325622,70.72589839180146,69.31330719768088,70.17183629511837,44940788797.449356
1609286400,70.18218090825226,71.26309683281883,70.11535569266456,71.13468684698661,51285705658.124954
1609372800,71.11876624107778,71.55763038596034,70.49576353116034,70.98053083454053,46661865853.36662
1609459200,70.9341543719799,71.64045822874402,70.46632332168898,71.34845528237442,40743544549.944435
1609545600,71.3534926872049,72.93183631820737,71.3534926872049,72.559569785278,67387523064.856316
1609632000,72.5276355202115,73.63058032906102,69.9468909995224,70.34824241871267,79040925947.76785
1609718400,70.2568554219773,70.2568554219773,67.65851244629987,68.89298680711997,81180937094.13202
1609804800,68.92480824625807,69.61054519371736,68.00569155659637,69.26800940173024,67535416150.058586
1609891200,69.25629197127567,69.98539692018923,67.76504208294686,69.07692889118609,74613292650.60234
1609977600,68.99320372082892,70.64705892144345,68.43652308202388,70.2505776425106,84311593136.38315
1610064000,70.20514561956402,71.36993454582775,70.02271865846753,70.93324021249828,87012112140.26822
1610150400,70.9063875398756,71.16047269666107,69.158932410924,69.45860618990942,61921837995.72276
1610236800,69.38218629707433,69.38218629707433,68.1126535652133,68.71561022391471,80100560327.73982
1610323200,68.72125224073025,70.00093552346623,68.35877440457514,69.67243447491443,122460184718.02614
1610409600,69.69099185810344,69.69099185810344,68.60645916495814,69.17170291942367,74786012114.53876
1610496000,69.17462767458424,69.53204888702435,68.75034007954211,69.53204888702435,69130797810.23975
1610582400,69.49776603722042,70.28400777931681,68.87612932951752,69.2691906509974,63258266769.166016
1610668800,69.25921358902808,69.30008842854615,68.26860491204037,68.61593052697856,67679540852.72998
1610755200,68.62553841485608,68.68455215475892,66.7322039094353,67.14400697405073,57673998464.419945
1610841600,67.1443829314953,67.31421555118551,66.32277774518744,66.81075288525138,52694121328.23057
1610928000,66.83324322204341,67.50632260527226,66.43186182660718,66.93428061972267,49587871744.57982
1611014400,66.865469435068,67.25360518088847,65.22101775075319,65.82159779029996,57195971659.38241
1611100800,65.78813599674939,66.39380153805952,65.03236257542704,65.237829117661,66626560769.365685
1611187200,65.22539433922945,65.90222963142885,64.75467033832867,65.62097845076735,76006779956.07195
1611273600,65.62504245354576,65.95009946264003,64.63550551364673,65.32969932991008,77031114489.23257
1611360000,65.30878716928765,65.30878716928765,64.14070111316383,64.39758279856164,48388665838.788765
1611446400,64.3768745976056,64.51332135211608,62.784316018749905,63.05316223837497,48244956637.09199
1611532800,63.03539260579345,64.32915494138074,62.53792856241047,63.89781865145782,60057262484.95946
1611619200,63.910618259882426,64.2396045470052,63.22894390237131,63.566903919324034,60145384215.24051
1611705600,63.545761178892825,64.02913753867811,63.139399363860846,63.74703441450947,62215619846.59995
1611792000,63.72508812609109,64.22783715169318,62.7703815834751,64.11278242970494,75810572092.49231
1611878400,64.09563621135385,65.94958953609213,63.27132835973101,64.04189200947562,117614806573.50204
1611964800,63.971795013202446,64.57800671674838,62.59478796010962,63.39215400855005,65075750145.9828
1612051200,63.368508448341956,63.6876209997334,62.40350070301383,63.08996488618305,52609015532.43197
1612137600,63.0666092401405,64.10744109278397,61.486925033419226,62.76538352630634,61163336809.42548
1612224000,62.27018097491924,63.54547096426351,61.58196231669626,62.82896379611391,63239406331.6837
1612310400,62.83399515667135,64.31289890035032,62.83399515667135,64.31289890035032,61105813737.945465
1612396800,62.339628354652,63.07771060249334,61.35074365416848,62.139036504111075,68686164961.11384
1612483200,62.05353347030594,62.53586521589043,60.26401620568323,61.188137935603606,58503745403.37986
1612569600,61.148603801182176,63.27167612553312,60.795851465438844,61.927055152694585,71181029640.19339
1612656000,61.88400494556269,63.02958487329321,61.0451326818095,61.92314098226299,65602365445.96208
1612742400,61.90910730770236,64.25391312908253,61.634012743418275,64.25391312908253,100451723016.96896
1612828800,64.18503327605843,64.8271922793783,62.71529942286459,63.30398664224561,91848578224.68364
1612915200,63.08806243190003,63.43181400728445,60.967992506200474,61.612823292715134,87508668971.4309
1613001600,61.587189162824075,62.77507246378043,60.98932416753032,62.36670165774575,81374627629.16248
1613088000,62.34609073313264,62.730284969642604,60.41922973520324,60.849259930482404,76259973329.12265
1613174400,60.771004900736045,61.674415796446894,59.66597560287228,60.38239835241029,70143307973.33528
1613260800,60.40215637656565,62.26247055890466,60.16997633947329,61.740806525911474,71185728310.93912
1613347200,61.70907113336869,63.363384779418816,60.67093295507885,61.751425733443035,76843282765.41672
1613433600,61.738579238912564,62.73133294162114,61.292215463635436,62.268105732612696,77102533061.41104
1613520000,62.24556222807344,63.41863603336997,61.82326177182739,62.578074432072285,80617830053.12563
1613606400,62.49197744354481,62.748336568509814,61.01809557637608,61.460427621780624,51899814572.66608
1613692800,61.460553244383064,62.874073152560015,59.92064011942768,61.945032283615795,63274063355.06152
1613779200,61.88534660884044,63.56849567329847,60.30744965676884,62.41530575488318,67551120988.040726
1613865600,62.40678376969786,63.12009656610197,61.19572680293244,62.400104696948944,52108072975.21706
1613952000,62.377698002995444,63.529766332913574,61.336511600038854,62.28395399057278,91602756958.06924
1614038400,62.27989148242293,64.7385877884544,61.69933991709647,62.61683801162283,105695546513.29927
1614124800,62.596061221909025,63.02058206375406,61.23225422695702,62.19587705885922,65109181155.845406
1614211200,62.14304547682295,63.009527180425515,61.57428190244262,62.43090076325475,54030422931.19171
1614297600,62.42067314556511,62.88513398178347,61.515605233879576,62.18921230095824,350357839941.05756
1614384000,62.08625758196059,62.22564423526944,60.861725696735604,61.48043205857265,45335228655.83775
1614470400,61.47923879814026,62.70977503701787,61.12010358299763,61.7254720128938,53558946050.511696
1614556800,61.65369892588183,62.32656961497025,61.154226908894834,61.91068660108521,55401558811.83724
1614643200,61.88751800521817,62.40765492312852,61.074786669515,61.94522064108931,46067183551.24702
1614729600,61.89267142357578,62.354297536994196,61.32186956122192,62.00449189267707,53238006356.839
1614816000,61.97797720818341,62.2509847432167,61.06073961643808,61.48783987613078,52376436052.81824
1614902400,61.223977511893025,62.01511241465013,60.84106272737978,61.58455729630155,48428893704.823906
1614988800,61.57309805520329,61.76793204353047,60.44266329196324,61.003112835948194,34476711176.03803
1615075200,61.007062333829346,61.78218529378752,60.64749054512066,61.10531730027019,42779579784.2425
1615161600,61.08997096242409,61.49911164063464,60.30309898710272,60.93893365764747,48710929239.79555
1615248000,60.84967249710084,61.63566504583604,60.032467758869416,60.81346050858449,50594025787.78984
1615334400,60.7725634288111,62.254421090950714,60.645217780157715,61.98334335221533,57271010875.33892
1615420800,61.97465763111947,62.57099606328024,61.29894853994418,62.341797457059386,56726049024.94468
1615507200,62.30351369546959,63.22968761017314,61.49716180531479,62.7142354597288,55700639982.449455
1615593600,62.70331431139524,63.233405464222834,61.946369978552994,62.8567578858697,60442511717.25561
1615680000,62.85545387437832,63.36221366023631,62.312271818057916,62.77693822803254,43768085530.838394
1615766400,62.753296434383756,63.025703747812635,61.82625777025969,61.92017105338952,66832421349.79564
1615852800,61.9042689649524,62.32725959578428,60.8224445286885,61.80064602354839,58972070396.8943
1615939200,61.7934834164592,62.17113420823141,60.82829719809758,61.93126838155234,59988695681.210754
1616025600,61.92686322169184,62.48724096245035,61.20528255873349,61.92784568143487,55860708179.86259
1616112000,61.883541652236794,62.12340023936349,61.10966701809715,61.486755531644796,49043368589.62698
1616198400,61.46631205351151,61.983950303580734,60.75945159993263,61.60619808379785,50053175156.44147
1616284800,61.59490810969086,61.77418137032712,60.810449318283545,61.31137912020858,52362964819.49798
1616371200,61.318582171914905,61.63009380286727,60.53028941801812,60.90718064608651,56552796512.87654
1616457600,60.91282588484318,61.48762457120674,60.19850081349,61.046548108554234,51782204101.49219
1616544000,61.028653028172485,62.23787794636437,60.525859127421,61.41549733524868,70025504590.14713
1616630400,61.412531181585884,61.94743682048578,60.578345435334825,60.9576755982583,68484877203.36557
1616716800,60.91367239344926,61.3491499578677,60.087885799526596,60.826339138908224,56327815580.17701
1616803200,60.812556870687914,61.443525320181244,60.378710265295986,61.056153511332475,47318538486.3352
1616889600,61.03891258430224,61.37797649713252,60.4469125596665,60.99264911239424,48012491009.60104
1616976000,61.01056079177395,61.31155143165046,60.142043853472735,60.71066614722941,57576080472.62972
1617062400,60.69150940801594,61.24009650670308,60.13547509005054,60.72837517222312,53723930911.706985
1617148800,60.711108359716256,61.3394414304543,59.64540090102462,60.19194979996653,65490840172.59248
1617235200,60.168878817267,60.67381477479798,59.07043179673357,59.6756961581275,61670921097.62975
1617321600,59.66078283447012,60.149754798104524,58.16295646653733,58.59129862159988,58050063824.04855
1617408000,58.56666692557501,59.427647516428664,57.79147901531025,58.786678269472404,59469982986.10146
1617494400,58.62091414341379,58.85701895890146,57.379900847876385,57.85123243197214,50871224085.17188
1617580800,57.955618379281894,58.4335149713196,56.54676407751747,57.327480871843065,60630810025.1179
1617667200,57.29603845390614,57.952610963175665,55.76295426630771,56.34888370689536,66135538897.68052
1617753600,56.331041666061076,58.0941663023413,55.74871369980451,57.17497021372314,75812444099.74045
1617840000,57.14584544043042,57.459099681143314,56.12329061268046,56.534032558187874,53092080705.79058
1617926400,56.50165207113837,57.15593994509103,55.83569375242894,56.46838753258764,46769708330.34074
1618012800,56.45253444560008,57.18964499517669,55.396402485924156,56.1318504237899,58150399492.465
1618099200,56.10485617553033,56.68244438901557,55.102791844677135,55.74483810803045,46223127424.05752
1618185600,55.74015620462461,56.611303179881446,54.649009418375684,55.23978265600632,51860899873.09385
1618272000,55.18672115939911,56.56184057805827,54.26511121262608,55.38229674154655,69716293064.23616
1618358400,55.35200780585525,56.13677019598661,53.674624391149436,54.35223436296472,77571121593.79924
1618444800,54.3274269736249,54.852539283108825,52.90319894884049,53.596521474669686,61017311245.12188
1618531200,53.55563371779519,54.73409186022267,51.540682819841834,52.71821906286339,84222543146.21523
1618617600,52.683998641920695,53.631861123439926,51.365473910180434,52.94616591675963,66438112185.04804
1618704000,52.92604975509555,54.8842438519537,51.73141047582044,52.44206175256379,97723554576.36613
1618790400,52.452035932647135,53.76558443503229,51.28906429660406,52.8854574279907,65475057641.94817
1618876800,52.86868605557733,54.3203205567506,51.30379659016149,52.12598028297769,67858741773.46844
1618963200,52.107500745547,52.64078716786705,50.72593960265772,51.62496356229303,54975628762.74448
1619049600,51.62474704885269,52.54460338420579,50.03174650347621,51.553808434119865,74750227382.21178
1619136000,51.55978798149241,54.10488541336831,50.76602344244463,51.354728596029275,86545327168.9766
1619222400,51.35506890544706,52.60119415504543,50.71394619052617,52.220609066973445,49061212793.33889
1619308800,52.18188316358508,52.18188316358508,50.72748775682364,51.276388467627555,46192435512.57899
1619395200,51.277896154088786,51.740309762315505,50.66647853350838,51.120853009673205,58139550623.50383
1619481600,51.09185528655522,51.3945453146101,49.985334248727256,50.41129431538849,49501640147.88397
1619568000,50.38148019311293,51.29978886583106,49.715477121088405,50.04522420681803,47977622005.99969
1619654400,50.03404945126017,50.091631815515115,49.18666829669774,49.36755799797009,46071190927.09049
1619740800,49.284412901947846,50.17858950904296,49.284412901947846,50.17858950904296,52247989637.80486
1619827200,50.15230229678364,50.49048578798767,49.0967586957801,49.30897311389994,42958339060.09711
1619913600,49.29856280696707,49.69265128031752,48.75207577527265,49.00529040312441,38103956911.27507
1620000000,48.99586838068253,49.451936212107775,47.29912287868244,47.362254160179425,51652037611.80332
1620086400,47.33146593934226,48.0847673160375,46.04405442273612,46.772163163133094,68457889239.59414
1620172800,46.75186826735619,47.36374003425663,45.325721253261634,45.984974259848514,69238565791.90076
1620259200,45.95760794798672,46.66122357982802,44.64848617559821,45.45509834486965,69678056928.67978
1620345600,45.76847587927049,46.8755888757232,44.87978358537317,46.072655582018385,69245233283.44325
1620432000,46.06900479563102,46.929389338515534,44.8761818456498,45.75093934365952,69245233283.44325
1620518400,45.748912399920215,46.720568243498086,44.69639616103589,45.38811386077368,69245233283.44325
1620604800,45.5224583955926,46.84080315079315,44.02741147308535,45.61781761568466,69245233283.44325
1620691200,45.612269356296835,45.712519505286586,44.240316610812144,44.240316610812144,60966260958.05463
1620777600,43.165967233414385,43.5321063356058,42.11619166154394,42.92243354776657,75970199695.19453
1620864000,42.87463042356021,43.25023176190707,41.14210773996022,42.31230237361746,97451076645.10562
1620950400,42.28785748181779,42.5352819918584,40.41827988149548,40.721062466172754,55806304284.01415
1621036800,40.71253955099314,41.688197892518616,40.03534744644113,40.96602078591919,59071900781.7484
1621123200,40.9359388604076,41.5628206308805,40.18886656070391,40.816214847443945,64059279794.22086
1621209600,40.832516006726024,41.80351401079669,40.377241233102026,41.001204127428025,75370450869.64056
1621296000,41.012813157240785,41.14331349935655,39.81705490885495,40.021256892405646,55878109092.08845
1621382400,40.02491275929103,46.06824564576748,39.66467566433173,44.51390680920702,126549163072.35744
1621468800,44.163859640904406,45.930858580653464,42.27078772001809,43.33916003527561,88181391740.2046
1621555200,43.30876349099144,45.360840207427096,42.70288204961014,44.45826281505574,81467244147.45314
1621641600,44.43905904619454,46.41093204801356,44.43905904619454,46.06327490978842,57483547328.11327
1621728000,46.06105774218387,48.69175986833578,45.43353703755413,46.76066989130092,78547586815.75044
1621814400,46.510598982583424,47.065563918114115,44.163958791646245,44.33097687935859,67516772270.68966
1621900800,44.293273389855806,45.37353391940796,43.52268651361164,43.96382537817745,56175782444.60509
1621987200,43.900522073047924,44.230312819746096,42.69407832848862,42.69407832848862,51893814872.45362
1622073600,42.68075874101774,43.66485681500623,42.68075874101774,43.24575443333274,43448917272.51855
1622160000,43.282955206500056,44.292373659210924,42.89279973150288,43.78562848444669,55199560182.33032
1622246400,43.77590701058686,44.77522295862657,43.36311264758962,44.324569446921465,47194269985.89236
1622332800,44.30664035117653,44.6791915536429,43.42400604360754,43.95730234045588,31591580168.100246
1622419200,43.953508566030905,44.17043445871165,42.62959958658842,42.800579209223386,38968851430.32999
1622505600,42.81151199346025,43.26348911067141,42.229295019071444,42.657829431371695,34671827147.77346
1622592000,42.61603633973288,43.02097279492942,41.722653271157576,42.278220231335375,33090102843.67551
1622678400,42.33428913344843,42.77897522690546,41.72509081378122,42.312596125711124,35323983517.09619
1622764800,42.32357850239288,42.99207221344909,41.99540584519927,42.34558797893056,41955041718.18795
1622851200,42.35505351400463,42.42596395960311,41.792764392774885,42.025779768986816,35758379171.0113
1622937600,42.02784745440858,42.18841119650137,41.676755665530344,41.73311272107108,28910116314.42668
1623024000,41.629346951581624,41.84114406604393,41.208211562699354,41.64172960698645,33558447288.259026
1623110400,41.59585249369545,42.28233845545889,41.29007235696533,41.82837170422607,50175784796.1602
1623196800,41.83139624865884,43.52644735544793,41.83139624865884,43.52644735544793,54020456986.419
1623283200,43.515546666421464,44.31478751154812,43.515546666421464,44.232985257179514,43763180141.42647
1623369600,44.22683140478773,45.651780294333236,44.185336352074984,45.651780294333236,38722939336.80731
1623456000,45.64921523036643,45.64921523036643,44.481726650943486,44.48962615887563,38087391599.6453
1623542400,44.47091664815972,45.450833578083056,44.47091664815972,45.450833578083056,40368140435.8245
1623628800,45.44137729318917,46.054288233460596,45.34585185548018,45.728396194812056,48434299563.52863
1623715200,45.72774953024197,46.12278660194421,45.3542966206239,45.846090764700925,40427242549.33874
1623801600,45.84136094337006,46.25861372796226,45.60643578666697,45.89016105367867,39147594069.31758
1623888000,45.89527769792046,46.009665278777625,45.514411191228646,45.59504238355112,37047070097.24433
1623974400,45.585714465443736,45.96008998130715,45.274991085834216,45.32346942517141,35779515966.36405
1624060800,45.29228718299423,45.62414791485651,45.052834871914385,45.62414791485651,31127593082.177334
1624147200,45.62531120597435,45.705253273737256,45.034181113341646,45.23985525523017,36636469080.15384
1624233600,45.219989566844866,47.161527871335224,45.02975021196246,46.94186119863593,52676277450.03615
1624320000,46.958355771873066,48.014146454708985,46.523947772048714,48.014146454708985,58643956282.96812
1624406400,47.96948444183954,48.259047658076156,46.90575963767251,47.16299556257496,41992240392.64778
1624492800,47.15700495519675,47.38820722317678,46.71647286673648,47.22937074319923,32732143383.323006
1624579200,47.2066625696209,47.29095833307827,46.817255461668005,46.899206784211096,40289243557.42658
1624665600,46.90806029875822,47.25852691547965,46.884274993233305,47.25852691547965,38395790472.91641
1624752000,47.23277374323662,47.778270391073434,47.18650091788583,47.63817906847249,35349747379.17868
1624838400,47.646230424147674,47.66609405522391,46.597337093671264,46.83189435089736,33991092738.699154
1624924800,46.830805800794685,47.01455018835244,46.25806464603311,46.84465457096513,37821532370.29013
1625011200,46.82982689174646,46.91737779874291,45.77502504785594,45.77502504785594,34045401928.99063
1625097600,45.774575870434155,46.20328406624314,45.53437692581097,46.07687046979996,37871187022.23744
1625184000,46.06682078135881,46.47389343934348,45.73707988173043,45.92265877475258,38663440974.93306
1625270400,45.910046902523085,46.13312562959102,45.718056718695586,45.92468635264149,24396468670.53705
1625356800,45.91898667217402,46.22697192116625,45.410217796220664,45.65999098668576,24906333076.50498
1625443200,45.664392980102335,45.72799085558871,45.283261041558404,45.46867012495246,26854205055.175316
1625529600,45.47055162170015,45.55368680764308,44.904168860251644,44.96944200235589,26401074910.226463
1625616000,44.973742488895994,45.16752659424909,44.55039637650911,44.72150838438342,24772511164.74385
1625702400,44.79144596853911,45.613688957064284,44.561329666684095,45.613688957064284,30035980289.72941
1625788800,45.61366672435344,46.08072341003701,45.429200984392466,45.83564573959597,27450020946.615047
1625875200,45.83917491920957,46.175410392107786,45.61103890590493,45.972709318482934,23017692347.563168
1625961600,45.96063878038489,46.218564767934694,45.90931300613822,46.170769429249354,20161635730.232273
1626048000,46.150160501954716,46.43111638925966,45.79340190216978,46.13741642588079,24176939767.226254
1626134400,46.14206400274996,46.655358557657145,45.73694752395196,46.441525495593424,19576619489.702778
1626220800,46.45058845363745,46.838918398128165,45.89477365886388,46.250396885885245,21358297072.774292
1626307200,46.2631387996292,46.423421825275504,45.466768390948715,45.96666309712592,21223062693.29182
1626393600,45.98285168249978,46.63317388168923,45.500088313943564,46.45561052752703,23709091466.265347
1626480000,46.44592090522111,46.86280110855233,45.96003355930694,46.2987772276048,18873094210.325085
1626566400,46.10834215060159,46.43169074303172,45.728524970976636,46.43169074303172,18726653607.35232
1626652800,46.2743554205896,46.61975672823264,45.88310668656574,46.509526115212445,20531237266.127644
1626739200,46.50694451456369,47.440309211046774,46.22002690843989,46.59932626282781,23153420881.658756
1626825600,46.59092281669139,46.88260984387582,45.938463844552885,46.22681657042259,28179547745.21631
1626912000,46.214923118462934,46.558228107649576,45.71012079927689,45.98731318905123,19586905232.605927
1626998400,45.98702528913635,46.397996619971536,45.731676445011416,46.13036909791212,22225677601.307205
1627084800,46.11604765290119,46.37334631507648,45.743393919409556,46.11956561057423,21814099417.51393
1627171200,46.11093758259919,46.83552353875821,46.11093758259919,46.83552353875821,20614508446.827618
1627257600,46.824983832852574,47.83721394865115,46.824983832852574,47.83721394865115,18719310391.688576
1627344000,47.80519447752985,48.49589698280089,47.80519447752985,48.49589698280089,18719310391.688576
1627430400,48.51868766807526,48.922134714938196,48.40931916452507,48.687513279630785,50217955027.89584
1627516800,48.439412933503924,48.83011458006104,47.86007389252258,48.184722108116276,18719310391.688576
1627603200,48.223520053842854,48.91390777632945,48.1850954368054,48.91390777632945,32397420448.17205
1627689600,48.52581938023411,48.767362558389735,47.69480895180129,48.01847413927033,18719310391.688576
1627776000,48.0138366487835,48.0138366487835,47.052549463305034,47.052549463305034,26573752949.07824
1627862400,47.04844368739091,47.060311953629615,46.35272125410354,46.35272125410354,25664416928.986576
1627948800,46.3545474748356,46.700128336211186,45.99698381644848,46.1489985924451,26263399265.399017
1628035200,46.12793189702569,46.337003282361984,45.46523462254131,45.86860236733934,25329146873.894848
1628121600,45.87158108405979,46.02778202823829,45.53157960666026,46.01516773518671,35090922799.40098
1628208000,45.97722889437991,46.77062359434841,45.97722889437991,46.77062359434841,38195350654.17415
1628294400,46.78995602211772,46.88917162913068,45.673234296477666,46.0953065890523,39319052531.10836
1628380800,46.02560608239211,46.95651598214512,45.87386977458792,46.68520521709007,18719310391.688576
1628467200,46.66201372054367,47.09936686768789,46.49570032839861,46.99407612623215,18719310391.688576
1628553600,46.94576262897202,46.98373293751877,45.9499036788902,46.19626285505429,18719310391.688576
1628640000,46.11921488565449,46.268706704862474,44.87220575602669,45.35092535809187,18719310391.688576
1628726400,45.43036794253798,45.90518580663825,44.729084529127825,45.26039434223794,33629431462.58789
1628812800,45.279335763654,45.58389067143564,44.79165786810757,45.11764170294158,31571891406.19673
1628899200,45.118501042958336,45.213675622514394,44.46754727048113,44.595828670108446,31318961801.579857
1628985600,44.59524154537684,44.904869592968275,43.84268018118411,44.06091756663094,30942199508.65777
1629072000,44.063010195257775,44.704639346787026,43.55230458174596,44.18852127625033,32759338286.26838
1629158400,44.178243679527014,44.797478007583976,43.39969623813648,44.45748940366448,33370862781.7926
1629244800,44.451911606271786,45.06196349128081,43.643857332432674,44.05776283035575,32316951960.534473
1629331200,44.061646217124064,44.425189685165606,43.47853868879548,43.795178751694536,37111481724.5082
1629417600,43.757369568778984,44.30592593254665,43.660775399777954,44.29266818692133,34442344610.9622
1629504000,44.27493918476703,44.61787818347121,43.72470659994633,44.33077054008788,40772380463.40633
1629590400,44.334536572318065,44.762089860513946,43.84330612332024,44.29159701977268,25331938650.66066
1629676800,44.26157399395242,44.49598513272382,43.38480751921405,43.604170821236806,34320006929.030083
1629763200,43.58669401788076,44.554874613776505,43.245750884592354,44.01409568829424,35285673328.89327
1629849600,43.997122984803966,44.51135343060648,43.69106148214465,44.091061165378726,32688633226.37759
1629936000,44.0980111114799,44.54978698562247,43.60402170641533,44.24315529701131,33080363369.385075
1630022400,44.226563468318645,44.46300053675681,43.37548810363583,43.56847295984235,34405799409.9299
1630108800,43.47679698896973,43.968611307822286,43.13368022512676,43.54592948114448,18719310391.688576
1630195200,43.63226226706621,43.99778062366743,43.24824718710517,43.730343544848424,25456191582.221123
1630281600,43.62622382596433,43.7284507404329,42.689503307061166,42.97924495581494,18719310391.688576
1630368000,43.069239934754336,43.422412915872215,41.801781806105424,42.21470329042436,34667999875.83979
1630454400,42.093604110189325,42.363035469824446,40.98332325097416,41.31550803838485,18719310391.688576
1630540800,41.39350009153072,42.04556968866168,41.114607089125855,41.501398041785706,39424848709.79654
1630627200,41.37031073084599,41.705203002321426,40.69456765891706,41.03240749018173,18719310391.688576
1630713600,41.014871748058425,41.527441579639834,40.216801492005146,40.866376155320104,18719310391.688576
1630800000,40.82300508017094,41.317623553489085,40.42474086963528,41.02838827782334,18719310391.688576
1630886400,41.000286813918976,41.559328270586285,40.44181734850977,41.21777625825265,18719310391.688576
1630972800,41.323253549451074,43.33036703018533,40.5290223132982,41.613557670246536,65133885623.37016
1631059200,41.5228421531045,42.36505560153324,40.400632640116854,40.68566451973379,48940542368.38853
1631145600,40.52233293607086,41.004046874703654,39.68561759891279,40.48703260612424,18719310391.688576
1631232000,40.569387509380846,41.581320291070675,39.5568244682423,40.65561427210088,39037458407.50677
1631318400,40.64577062388863,41.175254383154865,39.7936946098155,40.40414798337998,34455875504.22216
1631404800,40.389656517476794,41.045974184010376,39.56326527494705,40.2656286643717,27953377998.891354
1631491200,40.26398916974845,41.351093510044805,39.95929650570484,40.695504211856374,40933974380.78675
1631577600,40.674408401871624,41.31729783775602,40.3491029511336,41.04918664447075,38695972618.84825
1631664000,40.92372186208047,41.394234102438965,40.2780541797371,40.655223846786726,18719310391.688576
1631750400,40.77479986955911,41.33523086596654,40.32234961355943,40.94428755012487,31900101153.90218
1631836800,40.818783520145054,41.79348590386097,40.532120841539175,41.37411103847674,18719310391.688576
1631923200,41.51282298237215,41.82457354805983,40.81988042678974,41.37000208898206,28480453757.93435
1632009600,41.36540896077355,41.80581080917228,40.952591343174916,41.50732154326776,26982677502.79539
1632096000,41.49895516451254,42.630410103262825,41.27754742712318,41.9402644374608,43729066878.8294
1632182400,41.89296710128887,42.37123367526509,40.87608913877141,41.98925684726766,48511224620.55682
1632268800,41.98892215045015,42.31449159816461,40.8003472266691,41.083645216724484,38232565717.98079
1632355200,41.05935108096486,41.43364916301557,40.68854376976968,41.069754820140155,34347987649.156284
1632441600,41.028023623246504,41.853129969993525,40.588520226790656,41.20371975162314,42756729729.53021
1632528000,41.19579898185368,41.67019999265156,40.729218900156745,41.36603020115402,31608948411.93098
1632614400,41.347758166672556,42.11437388155906,40.93441577608058,41.434370570573876,30634389830.766228
1632700800,41.44855764714176,41.96077082229237,41.05722502926449,41.623982453884125,30926536854.9099
1632787200,41.69569611346386,42.16364633533508,41.44350034730501,41.90292352731134,30111323171.16629
1632873600,41.86237874665858,42.02341516730543,41.276855424189804,41.62669653938193,30638302583.903175
1632960000,41.63097321797964,42.10168582608642,41.521755066032505,42.0052707913975,31241138252.60005
1633046400,41.96098254077727,42.41176878534893,41.69057266312444,42.16370945043243,42656464133.21772
1633132800,41.99214147824169,42.30669948588547,40.96612131129669,41.545369467939146,18719310391.688576
1633219200,41.53850804972208,41.73720967889787,41.15477777780093,41.451214397821225,18719310391.688576
1633305600,41.453795924580675,42.17336986939358,41.34009484522766,42.16935899539262,18719310391.688576
1633392000,42.32743782688586,43.01735178871077,42.08797450615723,42.920282807809215,35915013813.42921
1633478400,42.73528914124238,44.42833236256927,42.73528914124238,44.42833236256927,18719310391.688576
1633564800,44.62284098846608,44.7552316017294,43.40983604104386,43.8046077011519,36770253588.43756
1633651200,43.616842621868166,44.19296121038973,43.43856806767857,43.71380678663083,18719310391.688576
1633737600,43.70528985754026,43.986384321629615,43.28186429007094,43.754946973506186,18719310391.688576
1633824000,43.9577188832121,44.84759093703051,43.9577188832121,44.84759093703051,39314626708.04344
1633910400,44.630318577082676,45.63580178793688,44.536507036221565,45.5429962145557,18719310391.688576
1633996800,45.721292717293196,45.988030607260306,45.14536692644491,45.304753511309436,41153263694.78984
1634083200,45.294624528470656,45.62883020254524,44.723725150021764,45.1823630355308,41670848426.00612
1634169600,45.15872136898628,45.57302970970436,44.430311591177315,44.73454928362129,36673628013.18579
1634256000,44.736755609746524,46.2860065548788,44.736755609746524,46.2860065548788,51602247078.32587
1634342400,46.21321193692562,46.4567635977513,45.59247478424092,46.194611995436006,34109184023.96026
1634428800,46.179960353028946,46.759115462345164,45.8140074344939,46.54005188975424,28947291626.689255
1634515200,46.547189126416086,47.162180307393655,46.32898673885006,47.07799984974664,38061513899.50677
1634601600,47.08289630910213,47.561068694143984,46.753751800262876,47.41023808369444,40522666958.92848
1634688000,47.4171702012641,47.716443070079414,46.68879607086455,46.829806322258534,40746041395.4065
1634774400,46.82215670576246,46.82215670576246,45.79337270674851,45.97257491505477,46252689448.89117
1634860800,45.96130182053022,46.06241560351133,45.10955371827001,45.232740341673036,38454497744.50214
1634947200,45.22290897574669,45.38384826333656,44.612482593560046,44.79822885743669,26931249097.51548
1635033600,44.789017347715934,45.352381283921886,44.37351424316177,44.96313462735128,27275055805.40248
1635120000,44.97468652791782,45.350161504916976,44.79851216947674,45.10185082947868,30954723284.135254
1635206400,45.08484962500405,45.08484962500405,44.13879304850655,44.26810382340199,34799874509.66066
1635292800,44.268778989936195,45.73704477804558,43.5289137218384,44.94785118730479,43568668695.67333
1635379200,44.71275678336101,45.09086940795334,43.60082154857026,44.15081371730052,45345232519.25027
1635465600,44.13876720639146,44.62363661852197,43.68828101887504,44.16013554484817,36821175906.32736
1635552000,44.15798131811608,44.86475165475634,43.634896084628906,44.44035593933533,32051190057.329384
1635638400,44.43498711602323,44.823456972351465,43.471303670441785,44.10669942856814,32252467133.917553
1635724800,44.0928999828259,44.39028371716029,43.40536412120689,43.61335557693617,36221045627.73072
1635811200,43.628906400977044,44.2168645184495,43.323971164512834,43.61105864973297,37626117114.92993
1635897600,43.60003710303345,43.79131128352863,42.69123274811683,43.223601920240675,36099524936.32949
1635984000,43.217859738588324,43.65614748384327,42.63279535638039,42.92322218620106,32662263061.12702
1636070400,42.92663660315267,43.47850748052575,42.48467368348104,42.77087432161489,30592412398.408806
1636156800,42.766790447568056,43.36099386857826,42.33478217947538,42.71308264977354,29068778922.507473
1636243200,42.69561351570093,43.13204622533328,42.34544166551274,43.05084862226728,24500342624.623974
1636329600,43.05398392036183,43.93466288412665,43.05398392036183,43.93466288412665,41079752708.64125
1636416000,43.91688800913092,44.37471598546534,43.3384849379572,43.84804364839127,42411149201.80844
1636502400,43.7714718782278,44.618524797864055,43.2667434361441,43.84810151988492,48654132025.1329
1636588800,43.858550264929825,44.00162997236382,42.76013987150964,43.2453326560021,35797490782.51705
1636675200,43.236234716265045,43.65347385360154,42.76206370199513,43.2250160183625,36005670680.1894
1636761600,43.21808605571502,43.549585189589,42.81834275242707,43.181426861530234,30517378628.36073
1636848000,43.190567511104575,43.66892882285739,42.91157356465223,43.62883615620075,24693092677.742374
1636934400,43.626883199431425,43.669358866645496,43.121487882207326,43.348930926463,30810815401.818237
1637020800,43.35457587135697,44.207838226060794,43.061924485118126,43.76157372891585,46966459220.91403
1637107200,43.757721720263646,44.133605106598516,43.33041128465168,43.5697999752675,39067658322.13417
1637193600,43.56978961277376,44.27715518387317,42.98696581020464,43.68706121972452,41309534491.26795
1637280000,43.67782565239212,43.67782565239212,42.33029275213429,42.66972612524824,38663374545.54612
1637366400,42.711225525909086,43.12947727794143,42.37058943288549,42.78362008104653,30664009501.580563
1637452800,42.75015050409531,43.30860986055443,42.311301206189825,42.87732016905982,26052935860.37051
1637539200,42.808828224825405,43.09417651349644,42.40754084736735,42.62029779279043,35543401406.24308
1637625600,42.627199922962475,42.9477516671708,41.81507114247302,42.329897092589405,37584800884.04521
1637712000,42.31262809119013,43.039717912009706,41.79976596924803,42.65113282472021,33011198942.61014
1637798400,42.62253944695292,42.95352065546368,41.748686097979615,42.254726996025624,35052741517.19729
1637884800,42.23921686189537,43.306466935934644,41.78800136023335,42.31772319685856,41766984523.67102
1637971200,42.26368272557531,42.55788509497662,41.843009096359864,42.39330062562856,30478439725.846294
1638057600,42.391849690974794,43.1116354202826,42.29856866739993,42.813666044667876,28084768260.932793
1638144000,42.81151841213475,42.99544669086543,42.26213056395035,42.366254814793194,32324025482.29126
1638230400,42.3453317873171,42.43129950196835,41.436559191426596,41.62422685158625,36764337165.85538
1638316800,41.608559293867664,42.00748484516396,41.169863475262744,41.667409595301265,36797957074.74084
1638403200,41.693974382867296,42.0901951490722,41.147045325800946,41.626280360365016,32447497847.08884
1638489600,41.536710471388474,41.94786598441832,41.076033664451806,41.59722241408428,39838271431.39366
1638576000,41.56193726351128,42.24734642947319,40.737977523180675,40.737977523180675,61207329321.29343
1638662400,40.70478104062008,41.51895110211339,40.21048053236452,41.147028345679516,37108975849.74977
1638748800,41.06136539610287,41.90282136163728,40.64932406634271,40.9716382413085,37604765853.08905
1638835200,40.95566809082815,41.41316399872836,40.5527824144223,41.09311753513346,33612555584.399338
1638921600,41.08572855975371,41.08572855975371,40.222082103054454,40.35667551862192,28488877215.312637
1639008000,40.31670263239421,40.795201078418806,39.88953033079572,40.55570730173812,29617607210.142273
1639094400,40.60073576383381,41.54862715956604,40.60073576383381,41.39428601067723,30714128950.339737
1639180800,41.43416331624769,41.79209804432279,41.09197747949202,41.41474719873597,26037535903.932476
1639267200,41.419222240470496,41.82930932562931,41.27763098972285,41.549204930273085,21998972158.773544
1639353600,41.532001936902034,42.19819923779933,41.30837671088361,41.90075833168972,32133345003.4498
1639440000,41.86766733311384,42.247508413154186,41.41568644603386,41.89266379419585,34693963269.39031
1639526400,41.88589416334098,42.25721489833541,40.86878618076574,41.21876617042773,36564313825.49514
1639612800,41.200395282998684,41.302779208864,40.599479285197404,41.00556919445747,27322421347.78878
1639699200,41.00270069486483,41.40466180205375,40.52298129849625,40.66884442860059,32866846826.12373
1639785600,40.65931005885277,40.902501607962705,40.20797620097805,40.364983116878385,26150098742.90123
1639872000,40.28454631502342,40.76144481072431,40.12688588663504,40.364595755988994,25115010956.20813
1639958400,40.31232288575602,40.95538383925773,40.07630271591652,40.4214322990099,31051076522.532352
1640044800,40.38857623726892,40.744193369428885,40.358348898182946,40.68206374451742,27091326606.54636
1640131200,40.70446762974753,41.01041941253909,40.0381312991161,40.50061023875923,24419595429.970722
1640217600,40.451848740145586,40.675868288549886,40.008437928570665,40.350332562790555,28179603062.034492
1640304000,40.3356553245521,40.98588644517966,39.999441510756704,40.535529768170356,24350995847.46143
1640390400,40.53570754397803,40.615201949128036,39.92536144690289,40.03153860915506,19054532780.002357
1640476800,39.984239567729105,40.18845031845322,39.791387065515124,40.07684401459258,21001379207.853607
1640563200,40.082110387408605,40.3709012776064,39.62707881783187,40.016283764087284,24289054014.113167
1640649600,40.095010630901356,40.46081351740127,39.788740315057765,40.004011767420614,33557323865.46583
1640736000,40.03952332396031,40.5477152331647,39.64251338743496,40.12886480718867,29814760635.135002
1640822400,40.06498875960581,40.421634285256744,39.88781646320546,40.1766783856311,26796960358.266563
1640908800,40.223339690792805,40.45396499522169,39.999977188857585,39.999977188857585,36991968142.56922
1640995200,39.9140912821406,40.28938113430709,39.87296389599826,40.14008985730669,24447743533.082706
1641081600,40.12886080729049,40.21288160064846,39.687815335288086,39.8547511446835,28037530607.866776
1641168000,39.856315683951536,40.00955151291189,39.455040428027544,39.642442790801596,33156032240.687813
1641254400,39.663136525656604,39.798603502309625,39.306915879442336,39.41505027522428,42409823398.84891
1641340800,39.51483512470826,40.17540862710212,39.39615780935222,39.67785584515629,36752917058.14802
1641427200,39.68559171845815,40.33912482241726,39.316585538776664,39.675767759338015,30352478481.463818
1641513600,39.776160277692405,40.44160178674706,39.56259653424642,40.138114727535005,84707293529.27702
1641600000,40.05391422264505,40.95745458654713,39.660741469006744,40.64137933273203,28091255964.365116
1641686400,40.612818303760506,40.78307197432279,40.18325200211518,40.33519337372242,21280899908.14384
1641772800,40.33398653617843,40.910465761237866,40.186989866422145,40.910465761237866,32100486605.466946
1641859200,40.85725216013491,40.98012086671506,40.173993874793254,40.37093526765885,26364130499.28499
1641945600,40.31968569695429,40.512441631395596,39.72270234066335,39.96230594991786,32863840427.689407
1642032000,39.993129086819515,40.193639085660635,39.62579024300987,39.905372524201354,47947359796.96812
1642118400,39.86034180615869,39.97681017099901,39.34192577823262,39.65459496341143,23549128232.96497
1642204800,39.61725828609885,39.74575109417934,39.368276256235305,39.50252299152192,18375279620.755783
1642291200,39.50453340951583,39.75163281259899,39.14879019806703,39.35723352946901,17884466747.222797
1642377600,39.4240934680165,39.94635820866383,39.4240934680165,39.88958389322491,21652008864.54553
1642464000,39.76906956415112,40.26116367778424,39.634768316374945,40.21972320145685,22444766763.397865
1642550400,40.185680788097514,40.48910508102744,40.010305029418795,40.39298725503306,23026148204.20585
1642636800,40.418738917822495,40.67572281163221,40.299737510309654,40.51271273523032,20319308382.526176
1642723200,40.839949926479036,41.02754376019389,40.65671295723289,40.986496295015925,42919594617.391
1642809600,40.942008356509426,42.38767075044482,40.65997886851643,41.501935554765474,39782187441.82357
1642896000,41.359639152188215,41.37445353234496,40.68595539737853,41.058975585259475,25856411255.49583
1642982400,40.998403233187915,42.157708087300996,40.998403233187915,42.157708087300996,41936812536.09917
1643068800,42.1659650127908,42.462331560425696,41.809071618870135,42.08374627274875,26366906393.09494
1643155200,42.02256094924447,42.414485039972824,41.481600225118704,42.18821584136528,31334705247.878326
1643241600,42.16043783791074,42.65218981338264,41.79529627794115,42.65218981338264,24820661568.7734
1643328000,42.62771129983148,42.69210639715005,42.36603777315178,42.47409466400321,22321054096.17085
1643414400,42.471829710458195,42.471829710458195,42.26308694929124,42.320810864808394,17148551341.511885
1643500800,42.26274505101517,42.53971518785212,41.96797109334847,42.382773277789326,14614093990.474113
1643587200,42.264728543280796,42.570122419718004,42.070574359692344,42.1966826682457,20668721466.215454
1643673600,42.31439202193223,42.31439202193223,42.17623141775802,42.20378805885887,20287489758.473194
1643760000,41.76494179254136,41.76494179254136,41.42336343560338,41.50114412975691,19094116525.645466
1643846400,41.56676149694098,41.83915327630059,41.321754885667275,41.51390617402338,18558841949.07568
1643932800,41.52084996789475,42.312808505656946,41.52084996789475,42.312808505656946,28246806736.96888
1644019200,42.31279480765688,42.31279480765688,41.512933745096575,41.856309314737345,20230049971.610744
1644105600,41.907647379488324,42.17335422367613,41.907647379488324,41.99115105375609,16005307957.165558
1644192000,42.02408791543778,42.04395892654603,41.801196862921955,41.88136391767131,28777647442.75763
1644278400,41.85314120559736,42.43293713104349,41.79452607388715,42.26142281071213,33097984123.438828
1644364800,42.21115471155705,42.31065808837497,41.727235326036386,41.87442890679852,23218579174.451454
1644451200,41.92015131897665,42.43808543169853,41.92015131897665,42.37692137978539,32028289675.640575
1644537600,42.38901106807812,42.951671202231054,42.1361561002622,42.80040612598897,27004926485.45699
1644624000,42.80216166180376,43.000086152363984,42.59410615957345,42.667169732507354,18147399945.093567
1644710400,42.662669020067675,43.21674167670759,42.62493927783417,43.014127259943145,14722892237.464266
1644796800,42.981428860074935,43.1767090810854,42.857019270447374,42.98316145824366,20812181203.859463
1644883200,42.94787516273854,43.05722955091231,42.52022826365655,42.579524710212795,22627298310.700256
1644969600,42.5273342261584,42.72260618550937,42.34602799380126,42.48940820533212,19831417996.513386
1645056000,42.48493818180834,42.48493818180834,42.134620970716405,42.134620970716405,26265972493.693916
1645142400,42.15316287017174,42.39307673492318,41.89154778304126,42.39307673492318,23352031397.588852
1645228800,42.386890246981466,42.70432136191798,42.10656356454719,42.41871512081203,13716554775.28932
1645315200,42.43816000525223,42.65301929598714,42.40223416574166,42.48329949674767,18322088539.741295
1645401600,42.47384983487912,42.56010811128899,42.14880517794911,42.56010811128899,29107616517.979893
1645488000,42.53357945905489,42.81856356960129,42.53357945905489,42.70414856132917,25447801854.934277
1645574400,42.673856275849346,42.673856275849346,42.28927455075547,42.44914682451166,21960036748.722363
1645660800,42.539268487312555,43.20002450913831,42.539268487312555,43.20002450913831,46380476798.96525
1645747200,43.17328662435246,43.410854025135585,42.41313157796051,42.49057428251419,26432453630.218746
1645833600,42.47758797171982,42.47758797171982,42.28826884628785,42.310109607539545,17504510261.669815
1645920000,42.361481139904164,42.5753382856461,42.35984731554472,42.5753382856461,23464983145.085995
1646006400,42.580643576195634,43.94571110061044,42.580643576195634,43.621021614958735,35586764660.22631
1646092800,43.61789216275793,44.043205558385864,43.61789216275793,44.043205558385864,32378579611.939724
1646179200,44.060593969806014,44.08650175032222,43.97564690882013,43.980508805822765,29262952668.340004
1646265600,43.93327960584628,43.93327960584628,43.738488472839364,43.76374654962323,24960954519.499523
1646352000,43.76408126210459,43.76408126210459,43.239152720294385,43.23948882070163,28401327189.877514
1646438400,43.269659752380576,43.39689993049429,42.87498561257312,43.0008381098466,24911584467.557228
1646524800,43.005767548105986,43.27520614463466,43.005767548105986,43.27520614463466,24911584467.557228
1646611200,43.290225250485484,43.3937159345541,43.28553143316771,43.3937159345541,24911584467.557228
1646697600,43.39301491232328,43.5118314077267,43.295727038585206,43.36540469036487,24911584467.557228
1646784000,43.340825937056835,44.00669729194272,43.340825937056835,44.00669729194272,28482846213.606983
1646870400,44.009523530370764,44.009523530370764,43.32446349997469,43.32446349997469,28482846213.606983
1646956800,43.33423945556294,43.41629011343586,43.24304122214813,43.32339268441213,28482846213.606983
1647043200,43.33038659990969,43.42040619181277,43.153105426568914,43.31293171038979,28482846213.606983
1647129600,43.32177908600192,43.32177908600192,43.143804088651905,43.18138844785589,28482846213.606983
1647216000,43.14532879407874,43.7915507686621,43.14532879407874,43.7915507686621,31021837244.440647
1647302400,43.795625733420955,43.795625733420955,43.44427683727389,43.52880461806784,31021837244.440647
1647388800,43.48595915866771,43.72174977858966,43.48595915866771,43.561179614503835,17273035003.721607
1647475200,43.54768655949176,43.54768655949176,43.237375968910555,43.30163026091576,23871790403.099007
1647561600,43.29829143949062,43.29953877466249,43.16329533133754,43.16329533133754,23871790403.099007
1647648000,43.15089264249976,43.272750935319884,42.76253241324475,43.02918350556344,23871790403.099007
1647734400,43.024315476046986,43.159373171800965,42.846891233219345,43.04546713416758,23871790403.099007
1647820800,43.05028619696039,43.05028619696039,42.425720768978664,42.5710641317723,23871790403.099007
1647907200,42.57180898565446,42.854893166145544,42.57180898565446,42.854893166145544,23871790403.099007
1647993600,42.85845811419619,42.89842399361672,42.456430165911996,42.59027960809963,23871790403.099007
1648080000,42.59193108886621,42.767919135424115,42.51820673877015,42.66079391095989,39566471295.92986
1648166400,42.57098543454184,43.01361599861881,42.57098543454184,43.01361599861881,25297439001.332428
1648252800,43.00489419932177,43.08607484245137,42.68780540543764,42.69758621938022,25297439001.332428
1648339200,42.6957254405453,42.977636550225476,42.6957254405453,42.977636550225476,25297439001.332428
1648425600,42.98009206325587,43.22046871194177,42.6581830875999,43.089554336516386,25297439001.332428
1648512000,43.09150293412258,43.21475417846692,42.44734950245808,42.774589958431704,25297439001.332428
1648598400,42.77055351172871,42.884693921265864,42.20054467744804,42.40247389016806,25297439001.332428
1648684800,42.40196733095904,42.40196733095904,42.02795106021258,42.22051633975089,25297439001.332428
1648771200,42.213298275766014,42.24393024451184,41.77299319726444,41.82751234102431,25297439001.332428
1648857600,41.803951795202664,41.803951795202664,41.51263100874898,41.598871150013025,30831979265.671207
1648944000,41.60928289261766,41.76930124079309,41.44026534527116,41.44026534527116,30831979265.671207
1649030400,41.44449308397547,41.8127439459192,41.40702691934162,41.73897681753802,30831979265.671207
1649116800,41.61490976284236,41.78052447076218,41.49168290125738,41.621249647543856,25361455481.110355
1649203200,41.64801430045076,42.222486789589766,41.53792025483079,42.08859819504674,25361455481.110355
1649289600,42.0981637919979,42.202942974926465,41.65993717057379,41.699083053509604,25361455481.110355
1649376000,41.706189086340906,41.8412169416154,41.49620576217139,41.71895850728444,25361455481.110355
1649462400,41.70873312137163,41.82903040017111,41.48853408894565,41.57419144113355,25361455481.110355
1649548800,41.57767298071747,41.67596659040714,41.55127473534484,41.67596659040714,25361455481.110355
1649635200,41.69618798901403,41.890594242549014,41.69408110257612,41.75992131892842,25361455481.110355
1649721600,41.75101505432072,41.875102525532974,41.37602853895263,41.55825371556255,25361455481.110355
1649808000,41.55347234924076,41.69618960258531,41.55347234924076,41.64266972653617,25361455481.110355
1649894400,41.65159961533778,41.682575911872924,41.49399334560489,41.51397558542336,25361455481.110355
1649980800,41.51080122034191,41.61149053954934,41.51080122034191,41.57323545945334,25361455481.110355
1650067200,41.56641495057604,41.56641495057604,41.336377701769365,41.393567806114476,25361455481.110355
1650153600,41.39700859094928,41.61020470147727,41.27384057213837,41.570980108776524,25361455481.110355
1650240000,41.582914326118946,41.733230313673204,41.582914326118946,41.71636671844554,25361455481.110355
1650326400,41.717205401308775,41.82900869288921,41.65656892460654,41.70167162408491,25361455481.110355
1650412800,41.684208757706614,41.87568796257878,41.598186090160006,41.8081541585018,25361455481.110355
1650499200,41.82647774286248,42.024609422719486,41.82647774286248,41.91671225969101,25361455481.110355
1650585600,41.91143665826063,41.91143665826063,41.48590463277102,41.543584995601854,25361455481.110355
1650672000,41.54088449782934,41.70598875961723,41.4709499461331,41.60190636200442,25361455481.110355
1650758400,41.60191965410603,41.75493517027108,41.598781919135504,41.75493517027108,25361455481.110355
1650844800,41.7790165744565,42.08744796749167,41.7790165744565,41.90816002749246,25361455481.110355
1650931200,41.896767747974046,41.954487749599345,41.84708468321651,41.88434173042337,25361455481.110355
1651017600,41.87944386790866,42.060467022294745,41.87264421734616,42.060467022294745,25361455481.110355
1651104000,42.05950366152086,42.20237755200846,42.05950366152086,42.17936035584832,25361455481.110355
1651190400,42.193693416515586,42.433124117121125,41.935825431623044,42.280149114018066,25361455481.110355
1651276800,42.27407061868012,43.0852509828297,41.97148312309053,42.76425556895329,25361455481.110355
1651363200,42.7716685127948,42.89433647004793,42.38887503501424,42.578869661731424,25361455481.110355
1651449600,42.592664601526536,42.93188622814203,42.49353607380375,42.56202373410905,25361455481.110355
1651536000,42.545571231921045,42.62926415311576,42.31788344232099,42.391167514775965,25361455481.110355
1651622400,42.40206951930325,42.48686004437646,42.16727441367222,42.16727441367222,25361455481.110355
1651708800,42.164887708160585,42.164887708160585,41.72147822472604,41.81354693493869,25361455481.110355
1651795200,41.81112222115262,41.81112222115262,41.60455162038483,41.69407915013051,25361455481.110355
1651881600,41.691088456774104,41.91235052194061,41.549711515420924,41.91235052194061,25361455481.110355
1651968000,41.926718620677605,41.926718620677605,41.60511533964558,41.60511533964558,25361455481.110355
1652054400,41.621415693233715,42.160986646274154,41.460221829281565,41.980265738279286,25361455481.110355
1652140800,41.965310653361456,42.38709988158191,41.59628911291383,41.826840945906945,25361455481.110355
1652227200,41.69716599124949,43.74928606666849,41.69716599124949,43.58090358239171,25361455481.110355
1652313600,43.25000111433762,44.55299525211484,42.994356885919935,44.43550812395602,25361455481.110355
1652400000,44.993486140143744,45.24616820432448,43.95140818850752,44.38116690187692,25361455481.110355
1652486400,44.5232906920084,44.927903817264294,44.44908166071443,44.61648801552508,42619172802.02796
1652572800,44.64571651713679,44.84651719464406,44.47664574660442,44.63413684452575,42619172802.02796
1652659200,44.660542279116044,44.85043235644911,44.56208453677309,44.85043235644911,42619172802.02796
1652745600,44.806691149215894,44.806691149215894,44.41237490517326,44.552797037503225,42619172802.02796
1652832000,44.55087843864018,44.99682914829524,44.481923683046666,44.91432400820621,42619172802.02796
1652918400,44.927427203837624,45.33879724520628,44.927427203837624,45.33879724520628,29015390957.80025
1653004800,45.35369974379226,45.35369974379226,44.97789944089626,44.97789944089626,29015390957.80025
1653091200,45.00363936949048,45.06656488670986,44.818589525451195,44.87622683004346,29015390957.80025
1653177600,44.88638354970827,45.05728916515316,44.88638354970827,45.05728916515316,29015390957.80025
1653264000,45.06404104547558,45.06404104547558,44.633116161045955,44.79747157815814,29015390957.80025
1653350400,44.80115862805329,45.104249450563586,44.80115862805329,45.0360337776242,29015390957.80025
1653436800,45.02266299036501,45.27083487962913,45.007099419903376,45.24275876800817,29015390957.80025
1653523200,45.24905363657766,46.474132515124715,45.19393086593036,46.474132515124715,29015390957.80025
1653609600,46.48547448095041,46.89651455273955,46.166745534149065,46.55394790612661,29015390957.80025
1653696000,46.53955669675448,46.68972652256419,46.127059235602694,46.210743156272635,29015390957.80025
1653782400,46.19894595451392,46.56267474473948,46.19894595451392,46.38578065529288,29015390957.80025
1653868800,46.34705199066016,46.62436960737427,46.34705199066016,46.47643085069863,29015390957.80025
1653955200,46.443401734237405,46.80688268850846,46.443401734237405,46.787230925812466,29015390957.80025
1654041600,46.72995336837623,46.72995336837623,46.48914562667168,46.60565162517821,29015390957.80025
1654128000,46.62102032764493,46.86442624670467,46.62102032764493,46.76357955325645,29015390957.80025
1654214400,46.7808567991665,46.97676742370125,46.75349208888042,46.88856798176675,29015390957.80025
1654300800,46.90575444157397,47.14966192533448,46.68863696431436,46.79107553879666,29015390957.80025
1654387200,46.77934489440004,46.992417258402256,46.72820985575162,46.90713014364663,29015390957.80025
1654473600,46.892940990754596,47.52060380833114,46.892940990754596,47.52060380833114,29015390957.80025
1654560000,47.587838505573,47.73786050602694,47.22096836201474,47.73786050602694,29015390957.80025
1654646400,47.777678231338896,47.777678231338896,47.2607779847565,47.2607779847565,31824039673.487522
1654732800,47.2623427403355,47.29815396398179,47.12951090452421,47.14919526155709,31824039673.487522
1654819200,47.167829279606686,47.532802375697706,47.11308513749402,47.532802375697706,31824039673.487522
1654905600,47.52148080193448,48.45393840207907,47.43478352214652,48.35723544308067,31824039673.487522
1654992000,48.35826154010591,48.35826154010591,48.02952324499973,48.02952324499973,31824039673.487522
1655078400,48.05281766805295,48.05281766805295,46.33199014059122,46.33199014059122,31824039673.487522
1655164800,46.296741632385014,46.296741632385014,45.79192927727404,45.79192927727404,28917622984.7204
1655251200,45.814670252724284,45.93383394756628,45.3670948558817,45.3670948558817,28917622984.7204
1655337600,45.351124532641926,45.44492507249243,45.12324356929713,45.12324356929713,28917622984.7204
1655424000,45.08131273588442,45.22214535960792,44.784429833811636,44.784429833811636,28917622984.7204
1655510400,44.79530449034104,44.85340716651487,43.94932289817392,44.12984509928743,28917622984.7204
1655596800,44.10278771129768,44.456257523557746,43.65526177329645,44.456257523557746,28917622984.7204
1655683200,44.464042913449454,44.464042913449454,44.233995761671174,44.233995761671174,28917622984.7204
1655769600,44.234573220921256,44.308397894681555,44.118344659803,44.118344659803,28917622984.7204
1655856000,44.228417272428,44.228417272428,44.1231656581094,44.17106713559066,33095011734.40628
1655942400,44.164957279115725,44.24512420407556,44.109975995072325,44.24512420407556,28842674990.83432
1656028800,44.250163318811666,44.250163318811666,43.26535275084639,43.35059790280077,28475641155.327293
1656115200,43.36537035168524,43.665588972098924,43.16058039577298,43.358802027259806,26134258932.891064
1656201600,43.37167340052295,43.604984023921226,43.17243788658408,43.5495782074893,26134258932.891064
1656288000,43.54302993823347,43.54302993823347,43.308088125786405,43.308088125786405,26134258932.891064
1656374400,43.331777690253915,43.662821350490994,43.235210746232475,43.599482028129266,26134258932.891064
1656460800,43.61368719055162,43.90846210435508,43.33181147234962,43.80898673501372,26134258932.891064
1656547200,43.85739372101348,43.95480343478189,43.49168752795181,43.95480343478189,26134258932.891064
1656633600,43.950807042689284,44.34568542174913,43.38177321213263,43.38177321213263,23322777248.072098
1656720000,43.38576159394282,43.46783999459678,43.16940791031935,43.23764150740168,26611212883.446815
1656806400,43.23300076754866,43.41651544438928,43.15214929787075,43.25697311985812,26611212883.446815
1656892800,43.25756136427935,43.41009161442001,43.25756136427935,43.41009161442001,26611212883.446815
1656979200,43.3996188023174,43.64465724750249,43.31361764846635,43.61789396088007,26611212883.446815
1657065600,43.627407184087964,43.627407184087964,43.37802789552758,43.50499602042044,26611212883.446815
1657152000,43.49193788850865,44.07858979205928,43.41902777282528,44.07674002951402,26611212883.446815
1657238400,44.07974805747807,44.426923904246905,44.07974805747807,44.32840358408803,26611212883.446815
1657324800,44.3352974407674,44.3352974407674,44.09793132822691,44.09793132822691,16372354772.295416
1657411200,44.105797111648485,44.105797111648485,43.94470642694273,43.94470642694273,16372354772.295416
1657497600,43.9592195640158,43.9656713411798,43.83898463341897,43.89831837150852,16372354772.295416
1657584000,43.92491757434772,43.92491757434772,43.74816274566217,43.78663311246815,16372354772.295416
1657670400,43.79197516506729,43.9017370411523,43.773735432289385,43.89906086048258,16372354772.295416
1657756800,43.92958388275767,43.92958388275767,43.51111283438597,43.51111283438597,25745553683.816044
1657843200,43.50929231593925,43.547475134065806,43.26106747574137,43.49285454805853,25745553683.816044
1657929600,43.51092045164795,43.590776060419664,42.701096221195215,42.790331042984924,25745553683.816044
1658016000,42.80767194730849,42.88108353698783,42.62723873736534,42.62723873736534,25745553683.816044
1658102400,42.62736119002313,42.6521455583216,42.272861751297285,42.272861751297285,25745553683.816044
1658188800,42.224109300690294,43.185724300221295,42.129294268478745,43.185724300221295,25745553683.816044
1658275200,43.37387376970874,43.731933475,43.31967908383177,43.46834417911764,25745553683.816044
1658361600,43.46046395196078,43.46046395196078,42.926967134660195,42.926967134660195,25745553683.816044
1658448000,42.9051213045631,42.9636037969,42.76916462264151,42.862958282772276,16372354772.295416
1658534400,42.89218487049505,42.89218487049505,42.45440554702971,42.45440554702971,25745553683.816044
1658620800,42.47430365326733,42.533712631300006,42.26476745884615,42.29424745647059,31322932176.99815
1658707200,42.294790508137254,42.64666121964286,42.294790508137254,42.56044884759414,31322932176.99815
1658793600,42.61813506272251,42.80908181244589,42.366834178066526,42.438676181609196,31322932176.99815
1658880000,42.43833688432602,42.58451701203884,42.43833688432602,42.58451701203884,31322932176.99815
1658966400,42.18583122971154,42.67432872465346,42.18583122971154,42.59343898373832,31322932176.99815
1659052800,42.578872669158876,42.6361955712381,42.07504393361111,42.07504393361111,31322932176.99815
1659139200,42.070604850648145,42.45980684576577,42.070604850648145,42.207877919439255,31322932176.99815
1659225600,42.214786208317754,42.284074467428574,42.00241661209091,42.01281668537736,31322932176.99815
1659312000,41.9938243640566,42.38600227601942,41.58557754990741,42.34301295866666,31322932176.99815
1659398400,42.34610541038095,42.434879105294115,41.88368816588785,42.232682397788466,31322932176.99815
1659484800,42.23330683519231,42.50113140549019,41.93238312336538,41.93238312336538,31322932176.99815
1659571200,41.92497809336538,41.95198727980392,41.54814775980769,41.54814775980769,24088746919.06908
1659657600,41.58271397596154,41.58271397596154,41.1640207353211,41.27193209898149,25050687328.09562
1659744000,41.268605120185185,41.38441730320755,40.947594372201834,41.38441730320755,25050687328.09562
1659830400,41.0075247811215,41.59751438352381,41.0075247811215,41.407849831121496,25050687328.09562
1659916800,41.020692114814814,41.38887282727273,41.020692114814814,41.38887282727273,25050687328.09562
1660003200,41.38082823127272,41.38082823127272,41.18854574864865,41.36626689719626,25050687328.09562
1660089600,41.364909378691586,41.364909378691586,40.88766731973214,40.88766731973214,25050687328.09562
1660176000,40.888315777232144,41.09541138891892,40.87746264678571,40.87746264678571,25050687328.09562
1660262400,40.87739438803572,41.01192356309091,40.65313790730435,40.92752739631579,25050687328.09562
1660348800,40.9374524481579,41.10936759292036,40.63894484982609,40.63894484982609,25050687328.09562
1660435200,40.64324930173913,41.22909724785714,40.56631296423729,40.763009602105264,25050687328.09562
1660521600,40.76549086508771,41.177830601965816,40.76549086508771,41.13413235625,25050687328.09562
1660608000,41.12735768205357,41.131723755636365,40.65517525456141,40.72551882026786,25050687328.09562
1660694400,40.7211332,41.03387615287037,40.62021466747826,40.92776303321101,25050687328.09562
1660780800,40.93100688623853,41.27592047102804,40.627294576666664,41.050688013425926,25050687328.09562
1660867200,41.04309613111111,41.05743045435185,40.63552462346939,40.63552462346939,25050687328.09562
1660953600,40.6362657177551,41.25563263316008,40.436435191485145,41.103372983825025,25050687328.09562
1661040000,41.11031412105798,41.17206530419223,40.83751258,41.082514458300004,25050687328.09562
1661126400,40.721267182970294,41.226144830856555,40.721267182970294,40.9091264842,25050687328.09562
1661212800,40.908591336200004,40.908591336200004,40.61500266029412,40.727076605049504,25050687328.09562
1661299200,40.73156140326732,40.79192570161453,40.43916013217822,40.43916013217822,25050687328.09562
1661385600,40.43639734504951,40.7386053748,40.415052904215685,40.415052904215685,25050687328.09562
1661472000,40.39807656843137,40.80355907303609,40.39807656843137,40.64866757468487,25050687328.09562
1661558400,40.678086213774975,40.80786173997845,40.525048127089946,40.525048127089946,25050687328.09562
1661644800,40.52510626835979,40.5988613031556,40.339724648376965,40.523992044685464,26229094481.822353
1661731200,40.532304139696315,40.74155449770993,40.27033045448916,40.28203332876428,26229094481.822353
1661817600,40.27232868452752,40.27232868452752,40.01187201818182,40.01187201818182,26229094481.822353
1661904000,40.00172912861669,40.191410763481954,39.94782688367347,40.1727835312369,26229094481.822353
1661990400,40.12449401172775,40.12449401172775,39.80298061814433,39.94316461640706,26229094481.822353
1662076800,39.99425192193347,40.05209552788971,39.778710425356415,39.89282144644351,25050687328.09562
1662163200,39.8861086517056,39.93202740205629,39.77331107434596,39.814946549619684,25050687328.09562
1662249600,39.808809050636604,39.808809050636604,39.64648800487462,39.74995700822656,25050687328.09562
1662336000,39.755960454187885,39.755960454187885,39.27605800241615,39.27605800241615,25050687328.09562
1662422400,39.594016063209196,39.594016063209196,39.27861144002966,39.30538781905363,25050687328.09562
1662508800,39.31844784912701,39.565826106650555,39.04339645344599,39.11019528887644,26229094481.822353
1662595200,39.09321712805623,39.181791450746495,38.84270362295928,39.00984033955607,26229094481.822353
1662681600,38.9557988540507,40.48401445741051,38.9557988540507,40.48401445741051,26229094481.822353
1662768000,40.48650825805343,40.48650825805343,40.327872376779524,40.419980422375986,26229094481.822353
1662854400,40.42459660656112,40.69969086318996,40.36377594238498,40.69969086318996,26229094481.822353
1662940800,40.70965598518887,41.55291723005977,40.70965598518887,41.55291723005977,26229094481.822353
1663027200,41.564050033375246,41.564050033375246,40.33885715040405,40.52306697272607,26229094481.822353
1663113600,40.53880051198849,40.53880051198849,40.11190040742324,40.11190040742324,26229094481.822353
1663200000,40.12490597133349,40.77156348309926,40.038419971114315,40.7123014132304,26229094481.822353
1663286400,40.70153696557327,40.896239020222794,40.5828442507131,40.896239020222794,26229094481.822353
1663372800,40.90940540451648,41.06629735292856,40.782515227725135,40.823961823581875,26229094481.822353
1663459200,40.846237494324036,41.621360246416515,40.70852178326571,41.45316677566603,26229094481.822353
1663545600,41.494712050799215,41.494712050799215,40.70902480529256,41.16614186298015,26229094481.822353
1663632000,41.17186371303288,41.17186371303288,40.794208282617625,40.794208282617625,26229094481.822353
1663718400,40.77827721069956,41.045188259188215,40.77827721069956,40.903506962579186,26229094481.822353
1663804800,40.948745179999044,40.999048230283364,40.82555658168307,40.999048230283364,26229094481.822353
1663891200,40.98504314439975,40.98504314439975,40.43644301160011,40.70842843314729,26229094481.822353
1663977600,40.70622077494227,40.70622077494227,40.30385610354925,40.482209510151456,26229094481.822353
1664064000,40.48632471242403,40.66396082256759,40.357199505880864,40.5788382276169,26229094481.822353
1664150400,40.594537880366445,40.83464482004733,40.594537880366445,40.800239657502416,44077744070.59821
1664236800,40.7895710140163,41.37240178712063,40.7895710140163,40.81502431227101,58611376547.65778
1664323200,40.86614165021718,41.29550416475295,40.86614165021718,41.14448333056768,53096945526.03227
1664409600,41.11582093955966,41.20223146058327,41.01103431204258,41.20223146058327,40980950125.55867
1664496000,41.251521659598126,41.441467323136635,41.09604138014382,41.109402618543946,44035627623.62573
1664582400,41.136568485279646,41.20967583535748,41.055730943869065,41.2000425974614,18778336842.57351
1664668800,41.20122340563094,41.29182672369075,41.11081456429167,41.286982631721294,20482924231.79592
1664755200,41.31865230822028,41.54177372188655,41.31865230822028,41.54177372188655,30600658453.45926
1664841600,41.52706531083979,41.882392339658985,41.505965748563746,41.882392339658985,35904498046.02254
1664928000,41.88268683550027,41.88268683550027,41.690062647909606,41.758121639124326,33215227913.45539
1665014400,41.73875711894532,41.73875711894532,41.644083909322454,41.644083909322454,34737017802.35804
1665100800,41.63808451657653,41.63808451657653,41.2470818710532,41.2470818710532,29245844862.976368
1665187200,41.246888369418635,41.30908581544124,41.193814103562794,41.30908581544124,16402808843.388334
1665273600,41.2974620800598,41.36606196959601,41.157353430441404,41.17642075565232,16824885977.25802
1665360000,41.11942676656532,41.34690560418787,40.99657857236403,41.34690560418787,27366895748.372456
1665446400,41.36133749436495,41.51054305161221,41.333461622681575,41.46598426771331,28704832960.117085
1665532800,41.44817332115594,41.538037332477096,41.328174892847606,41.50839896843145,24972116311.95899
1665619200,41.49197836845967,41.903308611625306,41.49197836845967,41.903308611625306,44147505202.66259
1665705600,41.93351198250905,41.93351198250905,41.68055043221288,41.68055043221288,38485385078.13869
1665792000,41.66670425036541,41.83208451806244,41.52195235016355,41.74004197537485,16174785323.43628
1665878400,41.775189481845196,41.88951158065147,41.71380440551377,41.730138593426375,17927360184.497124
1665964800,41.715192374877155,41.84178196965248,41.67223005693184,41.74550334904908,27511177783.077847
1666051200,41.74723284389325,41.81276533161377,41.691211416724634,41.75598296058307,30579478521.355495
1666137600,41.806718267961884,42.05122223974409,41.70192317794356,41.951089082301635,22360387140.177982
1666224000,41.941136171095295,42.09204717370209,41.86613305573747,41.98190540257549,24542901885.097828
1666310400,42.031472038549154,42.03875534097061,41.91221217629768,41.94867937987687,32463226558.171787
1666396800,41.935140250014456,42.048153498303165,41.74315921420026,41.861279626623116,16109002873.336397
1666483200,41.8629476051337,41.95630402389971,41.80412342024184,41.80412342024184,21991609760.479122
1666569600,41.80071869465628,41.84476697301971,41.6213146412552,41.76111038810343,30274335727.67787
1666656000,41.70353999278954,41.769449237950155,41.282414317744504,41.52706178417774,47612418656.8814
1666742400,41.59924156031836,41.67070813247693,41.47905293124448,41.546994541877005,58873812724.26245
1666828800,41.532709112293,41.532709112293,41.22861874266987,41.42395688163815,49671900805.79402
1666915200,41.42071718119768,41.47281653545362,41.07974084649243,41.20207732959267,44063239530.56196
1667001600,41.18274896096024,41.344906970033975,40.34597220535215,40.70702735871337,40330837406.14331
1667088000,40.70228413753146,40.93642345641534,40.31503675038035,40.716462595707384,31463794133.47974
1667174400,40.697132668969,40.732968290061606,40.187803029087114,40.47905275424404,45511300456.81404
1667260800,40.49542485989811,40.620550357768124,40.11220921812722,40.42915314785662,39928201243.18254
1667347200,40.46438768756468,40.89333190968754,40.37923625747068,40.65413118397739,55532983314.63124
1667433600,40.67973460048259,40.77814855978109,40.18877345107645,40.56692248102802,43184623135.50693
1667520000,40.542698617959175,40.65737655031842,40.04068400831128,40.21796440404286,64068532834.32877
1667606400,40.23321952414048,40.52582000811974,40.029072719565576,40.48170363893273,37832219046.99242
1667692800,40.49518490721291,40.998638099283816,40.31040522876553,40.89218941911718,34868529629.54926
1667779200,40.85348757650626,40.85348757650626,40.421552535946105,40.51462994563605,53573023832.6769
1667865600,40.536474408640565,40.702817130865256,39.94780837156496,40.629221170143005,119056073582.14388
1667952000,40.66189483058359,40.66189483058359,40.4015250833317,40.43880555021583,102291675297.14465
1668038400,40.443823869087176,40.645322030387696,40.06257901474231,40.06257901474231,83423006589.74959
1668124800,40.1183701089314,40.1183701089314,39.8257764124139,39.8257764124139,55476904385.67238
1668211200,39.859722364741714,40.30030895348127,39.69770309472923,40.11916294680151,29994443287.195335
1668297600,40.18873229453977,40.302865968335325,39.99441194702005,40.033310227966204,27101373365.615986
1668384000,40.12855362996007,40.27645887720712,40.12855362996007,40.18272161959843,49678814571.54591
1668470400,40.14859100548542,40.37515624803725,40.088974713203946,40.37515624803725,36645212808.24098
1668556800,40.33547034196989,40.505015008270206,40.126627581603195,40.478070875115094,33910112353.838474
1668643200,40.47241924766594,40.76763659362157,40.3308334781693,40.72667652867323,27844861151.87224
1668729600,40.67038381547686,40.688508232168765,40.55582579423806,40.55582579423806,26794086833.59345
1668816000,40.498057095703956,40.696253509539446,40.385582433112624,40.512192143479574,16157155800.916763
1668902400,40.46221089112833,40.94458191250811,40.32076730023743,40.878421359253856,21220582791.043922
1668988800,40.85896667847286,40.86261963139985,40.63369296988361,40.63369296988361,37410958562.35823
1669075200,40.614423360020005,40.93513557176679,40.614423360020005,40.74646998852355,30704176009.474194
1669161600,40.66439955909765,40.8683176721283,40.31245585516239,40.46457545934461,32834638367.26239
1669248000,40.39555322177813,40.504303948359215,40.18998922336079,40.258810590047226,26241111399.434948
1669334400,40.22228878357256,40.45463632575223,39.96309609606607,40.204790004816395,18670259035.80588
1669420800,40.12507272685741,40.16467706926499,39.71101581213668,39.98078079110978,17971191291.093487
1669507200,39.91545481486324,40.124121977292745,39.609610543838095,39.960756084212385,20343539411.241257
1669593600,39.980205829652014,40.26405519772171,39.89475964630381,40.13822643283613,27843982942.898445
1669680000,40.10081772481727,40.19697868660729,39.74603640910843,40.0099184467589,23535515501.93183
1669766400,39.979764036231906,40.20005768811289,39.979764036231906,40.20005768811289,29388770559.324875
1669852800,40.21526446378797,40.33371375249008,40.21526446378797,40.254706477077775,23047167550.18461
1669939200,40.30042320727648,40.362731473262706,40.075889875156314,40.17969483869998,19466213628.779762
1670025600,40.21744986492635,40.551474758106224,40.099303836362864,40.4800488485238,16244349159.496212
1670112000,40.44457249120118,40.57891000488604,40.35864555932034,40.38967400883654,16786579211.41556
1670198400,40.39232573307332,40.49640582581199,40.347454275654044,40.36644305869103,22228179332.32873
1670284800,40.36519708867478,40.618549853714086,40.30548064104952,40.488919775356486,19802260843.427174
1670371200,40.49137185965,40.73279685726617,40.401303085087974,40.6637934064638,19732170507.286316
1670457600,40.65600479754546,40.67782453656646,40.59996569367121,40.675207964674094,20387812726.272007
1670544000,40.61889674153698,40.76586061610653,40.55898898985637,40.68465155099918,20416822863.420746
1670630400,40.68465866525118,40.74450376853604,40.434986885895256,40.63133730056673,12633386736.727573
1670716800,40.657145694314245,40.88764695633689,40.611671698580565,40.802667341359985,14143868775.311686
1670803200,40.82307477890774,41.06548761970929,40.81252692582648,41.00361773733756,19454915676.732925
1670889600,40.943600376200315,41.34921707836854,40.943600376200315,41.32246670739894,26770406237.594017
1670976000,41.27599695152594,41.67443704592806,41.27599695152594,41.539679918922715,25516662196.33205
1671062400,41.58131451680151,41.61993799527815,41.4540196887053,41.4540196887053,20894793773.573223
1671148800,41.477937368009265,42.26119282011335,41.4504277437985,42.097689679572284,23979174171.82987
1671235200,42.094457594674175,42.36188793024249,41.846113950018534,41.957499657904016,14518992295.65843
1671321600,41.97413951919163,42.09609112036981,41.807788897957074,41.91267701841072,10935778547.72364
1671408000,41.92997724926577,42.0667365397642,41.78819393079425,42.02729694686408,17174320163.91087
1671494400,41.99959875952876,42.05186898260781,41.984627854478205,42.018324821164896,22772325781.056477
1671580800,42.03588915082492,42.162471457617286,41.93891673380229,42.08826332029826,14858071287.50089
1671667200,42.07659744238475,42.13546841814471,41.798924651319645,41.98251123189035,16438936421.465384
1671753600,41.96405919047329,42.03608877691152,41.907099275813785,41.92857540419463,15307924915.151976
1671840000,41.90769132189593,42.052790231753995,41.869737494939216,42.01387801802305,9756989505.523188
1671926400,42.007962793216116,42.20000992091275,41.774220702086616,42.060784953718176,11642400524.44069
1672012800,42.062274640095396,42.18754072915365,41.925985023739074,42.006562792153254,11679006388.468103
1672099200,42.005184868654325,42.01634901837914,41.867302835081716,41.867302835081716,15893375341.283915
1672185600,41.8972388691815,42.16439193413591,41.890281280166356,42.09943397119899,17006963852.674183
1672272000,42.11233017077628,42.3367850471436,41.97583178500282,42.21106891131182,14469734440.962519
1672358400,42.20737786104788,42.20737786104788,42.1019089597071,42.178167328848225,14275782987.4121
1672444800,42.16888144171449,42.16888144171449,41.95954606853075,42.07267872620827,14496383714.629263
1672531200,42.075713026725055,42.18707324338976,42.00571324926499,42.12447875812852,10296103720.553333
1672617600,42.08897481330797,42.34527869119794,41.805678479357134,41.91095506995602,11412510701.35905
1672704000,41.92124090591043,42.03939246055795,41.83891518384736,41.89322890975637,11673528957.9329
1672790400,41.91963444383369,41.963056796028184,41.50270505876655,41.55867784818751,16458073658.806807
1672876800,41.56576951368479,41.76471238188586,41.45422918171108,41.684847691939574,15498226668.259974
1672963200,41.704945625686406,41.82807597424206,41.56779474059087,41.572795564123396,14392835177.103666
1673049600,41.58228800500553,41.69181496182468,41.45327564010138,41.61922887893917,12714905023.552029
1673136000,41.59099090445836,41.72497194070511,41.21361499135027,41.33392006703989,7594466095.012202
1673222400,41.29042598234041,41.413860449033756,40.71560175208985,41.020218289380885,15198719280.643341
1673308800,40.97911023666029,41.19518893484451,40.97911023666029,41.160627992268424,15846406519.173115
1673395200,41.15676245435782,41.34511901357064,41.13070692944119,41.232831795141934,15988844805.858744
1673481600,41.20253870486668,42.09380229741191,41.20253870486668,42.047159116293855,24933879986.957237
1673568000,42.02203449248687,42.80558006361169,42.02203449248687,42.80558006361169,32165371341.72544
1673654400,42.78076830802511,42.966034740172596,42.64235138142137,42.966034740172596,45280969397.78221
1673740800,42.921508612838,43.06591438621133,42.711293027367944,42.85811454086985,22329225742.17299
1673827200,42.86235895876476,43.12939690649448,42.81325896571445,43.12939690649448,23657536520.512093
1673913600,43.158792969626724,43.196885460433315,43.104835590710415,43.158889200881234,23113374556.01324
1674000000,43.205552659290944,43.42640712552047,43.142759933689895,43.42640712552047,23695277487.982323
1674086400,43.44052082346118,43.54177313342246,43.33562073222837,43.398666219065696,30139305646.338448
1674172800,43.41442854659675,43.91371573878487,43.41442854659675,43.91371573878487,21273152507.593727
1674259200,43.92171588785038,44.386870250633805,43.92171588785038,44.386870250633805,36898860988.18432
1674345600,44.36830696056423,44.36830696056423,43.93651373493757,44.15808044780745,25518954114.85385
1674432000,44.10844729005888,44.28637120836501,44.02174008581621,44.15347165423748,24637629394.272213
1674518400,44.18209965139094,44.81898262498222,43.917162459004665,44.651448696710894,27496206314.316193
1674604800,44.63880403374618,44.789945704620344,44.377827077099106,44.377827077099106,26906309216.83399
1674691200,44.3561106807733,44.559979750226915,44.151558627265445,44.293738127639934,32094185462.74561
1674777600,44.349483181444974,44.40157565111656,44.211799378834044,44.211799378834044,24700688617.517452
1674864000,44.24465068970444,44.58346667534393,44.008593486211055,44.4214906542224,21486445497.251644
1674950400,44.385560593843785,44.46707057904262,44.36535030915961,44.390370912092145,20753886401.18133
1675036800,44.387542579611065,44.501910187152184,44.2574706770286,44.404281531177006,27639371442.82049
1675123200,44.41569802049404,44.4624526799696,44.25597560375385,44.38730368673532,22956349978.74157
1675209600,44.40010846757495,44.56473696753543,44.278671200107944,44.393095635200375,22461089313.415325
1675296000,44.36433808637151,44.36433808637151,44.01654672899227,44.11472401686935,30716314971.027622
1675382400,44.08625306307883,44.08625306307883,43.60580962926298,43.60580962926298,30012761512.98004
1675468800,43.62114746154432,43.754070841427314,43.24389883968462,43.44281602129237,23127646622.10249
1675555200,43.440764521373616,43.73221988427358,43.263013221736486,43.54360904457842,15997224377.73042
1675641600,43.558861335653084,43.67024191095415,43.294320802356296,43.574884953332734,22550939520.582462
1675728000,43.56805491949477,43.66358810540953,43.18163363716486,43.25232864563884,24298740958.808727
1675814400,43.2458125737112,43.341166332341615,43.03931632209909,43.22255451390233,26402394785.258556
1675900800,43.20373362112654,43.66592070001212,43.01399452201689,43.376313118761125,30041302698.01736
1675987200,43.38633247330933,43.56061145630333,43.13782284844995,43.362149208208905,31256828826.554726
1676073600,43.36109196755841,43.50322911399487,43.16887124765785,43.28825369647497,22323261367.023563
1676160000,43.283363682785705,43.549921558977836,43.17464033538441,43.41147738955264,14995298866.49626
1676246400,43.45720658881109,43.954108754972566,43.28389734251657,43.75207739173895,22586708136.618107
1676332800,43.72743389355949,43.75814486054157,43.49186002245792,43.60298579560373,20699368747.405067
1676419200,43.471500694717605,44.2188058363682,43.471500694717605,44.2188058363682,29754435387.8402
1676505600,44.21403242621072,44.46951533088098,44.21403242621072,44.21913116710235,35020861932.67176
1676592000,44.143881291578666,44.49465769110333,44.12893385695108,44.4099649424933,39991557711.92646
1676678400,44.40859595081513,44.488655212632644,44.2161797773963,44.41195385935615,36028312180.04823
1676764800,44.354074153718365,44.354074153718365,44.05035657525158,44.05035657525158,18386414827.82508
1676851200,44.060534292470756,44.2482808932416,44.04061423982168,44.2482808932416,32826556704.850243
1676937600,44.18394038295694,44.48167004064531,44.18394038295694,44.32276129075831,28854249722.93667
1677024000,44.336719052132885,44.336719052132885,44.14625344994948,44.2435724652243,30454936578.045235
1677110400,44.17509054264623,44.17601434536863,43.98814359605386,44.03821106535745,29956912453.14922
1677196800,43.984239254175414,43.984239254175414,43.80464929264146,43.87310435569817,25605996722.664673
1677283200,43.827939633599264,44.0779311554882,43.7273385930925,44.005052363358146,24546422933.15331
1677369600,43.995478426057566,44.046710588803585,43.85584623698624,43.946580028985046,15096889657.152012
1677456000,43.8971089058681,43.96827998139698,43.8971089058681,43.95694966467606,17665851114.88773
1677542400,43.98207624567481,44.07448407681668,43.85571101424423,43.979868213045826,22931537580.6462
1677628800,43.96676330896719,44.00528277909309,43.82656596669257,43.86313600536255,24350153721.9635
1677715200,43.832696290873116,44.106440498069574,43.70897208808394,43.915248886004534,22032158219.712353
1677801600,43.94212580967232,43.94212580967232,43.6059311930012,43.6059311930012,26176221256.816875
1677888000,43.60661133133006,43.92605615026407,43.60661133133006,43.80484161443564,15950704549.90189
1677974400,43.72728268278843,43.810894015829874,43.58483697674875,43.78530669026306,13310415869.801374
1678060800,43.81100780632296,44.04755045662413,43.735841766572534,43.79403914136367,14487709692.124891
1678147200,43.76490041724827,43.83484287298843,43.61351516490489,43.70710980254409,16288545104.32806
1678233600,43.67752291296673,43.85384682002966,43.545696297084866,43.742131398592726,24862200112.432865
1678320000,43.7396671329702,43.7396671329702,43.05255943479422,43.19070843502675,22148593341.319042
1678406400,43.2085780944164,43.25892017940699,42.83377429924488,42.986933305699594,41129007172.72064
1678492800,43.05888470527384,43.67255267729046,43.05888470527384,43.32579733289965,38363094152.13594
1678579200,43.28071691025789,43.67356744707537,43.28071691025789,43.67356744707537,20643678119.63753
1678665600,43.628322723055156,44.91518804597377,43.628322723055156,44.91518804597377,40584866470.24584
1678752000,44.938415645407716,45.79370016450669,44.938415645407716,45.03687226566691,52380214093.96039
1678838400,45.05014287560881,45.723802645740314,45.05014287560881,45.518590188348625,50914182696.53917
1678924800,45.5218615559283,45.79941065568345,45.5218615559283,45.79941065568345,41047493357.96096
1679011200,45.76366150919985,46.891802512161924,45.76366150919985,46.7650303348191,42889988889.67932
1679097600,46.741543045637044,46.802895897388765,46.40739530226643,46.802895897388765,43918436624.84027
1679184000,46.793306845567336,47.47567728843573,46.793306845567336,47.47567728843573,31510923035.70761
1679270400,47.527691148665234,47.78820479751399,47.405361073607374,47.78820479751399,48819763901.64215
1679356800,47.76066166946682,47.84124882227319,46.9960449505994,47.200296479752346,36674233169.18106
1679443200,47.19416678412458,47.358674046062546,47.08117567673223,47.144147634628354,28770512032.55885
1679529600,47.14410516159609,47.37681164961065,47.12719258031882,47.33145831986311,31339583871.514717
1679616000,47.33264710231781,47.38998272323721,47.33264710231781,47.38998272323721,30449663944.070156
1679702400,47.4416513230769,47.69675087052857,47.35543376090743,47.60276420410764,17857392203.068695
1679788800,47.60040314627243,47.70680723793995,47.559373508807376,47.62953191916598,13870554119.628765
1679875200,47.65331503304846,47.65331503304846,47.32419845787528,47.62562142055833,14290554579.721098
1679961600,47.6685317123955,47.6685317123955,47.14715346215943,47.19748731336768,20218564586.062115
1680048000,47.20227675754699,47.66857836120798,47.20227675754699,47.66857836120798,20729968022.961544
1680134400,47.606182641930125,47.89980720648458,47.47320258147681,47.47320258147681,20988269839.48684
1680220800,47.603857793851,47.72340114458586,47.464245539804914,47.72340114458586,20168843411.096672
1680307200,47.734619341098,47.897665397471094,47.64895233767559,47.810212962318964,15653219283.470367
1680393600,47.80611976729697,47.8281146366886,47.56729297440947,47.75680050980203,10161381050.956661
1680480000,47.79497856274508,47.79497856274508,47.35226004694872,47.35226004694872,16779978369.798454
1680566400,47.32884297080515,47.399198963754344,47.13952707948558,47.285457144364344,18551931981.405727
1680652800,47.252538764593304,47.252538764593304,46.922532769130584,46.98995743632467,15572193228.511946
1680739200,46.988998750588486,47.40068453718794,46.76807256992046,47.40068453718794,16010520618.505777
1680825600,47.24831871513421,47.52369254653855,47.08071361608858,47.24605173610393,12523134967.079666
1680912000,47.24347599144376,47.555157951034914,47.222944679399326,47.41689241722133,9489578080.782228
1680998400,47.39467304037059,47.641396211216005,47.39467304037059,47.624745330377664,9995656987.554632
1681084800,47.666113701203514,48.316011245222484,47.666113701203514,48.316011245222484,12643841686.765827
1681171200,48.30099341937184,48.84153444176989,48.30099341937184,48.84153444176989,24539213355.791912
1681257600,48.84084498993263,48.895320630707495,48.48331170622113,48.48331170622113,18530729363.245216
1681344000,48.46664595794564,48.677613057766834,48.16942307741061,48.16942307741061,18678611949.848583
1681430400,48.18987483172849,48.18987483172849,47.63900459188519,47.63900459188519,20976245256.27804
1681516800,47.645141267071836,47.788711672567516,47.46034201951807,47.47632220003327,16829256248.899658
1681603200,47.50138193179215,47.63111957572378,47.12430414002382,47.18228331934714,11602468572.000702
1681689600,47.21813574657724,47.21813574657724,46.9406849797799,46.9406849797799,17011225798.306892
1681776000,46.94959233161139,47.35670644855306,46.90632433773054,47.35670644855306,18078695927.233315
1681862400,47.346714826224776,47.73998145595472,47.25757973318591,47.5768682379645,22784884302.156242
1681948800,47.517508677996275,47.517508677996275,47.23102652612536,47.267667631180274,21034740360.394382
1682035200,47.258673212699456,47.43608260899262,47.083825107838415,47.251922376926615,20729583039.631355
1682121600,47.26658909824464,47.34024095254561,47.25127630046804,47.34024095254561,17331608722.478992
1682208000,47.352994952330455,47.47883978107581,47.23318672027445,47.31126983803077,13510296464.078966
1682294400,47.35865995311362,47.40514262349626,47.25234953916329,47.40514262349626,15665839007.16503
1682380800,47.42615575937416,47.765995503958095,47.42615575937416,47.765995503958095,15578899622.480206
1682467200,47.76345503917642,48.34674583778204,47.76345503917642,48.08537961050624,24170929952.794376
1682553600,48.08394194952546,48.65925457713035,48.08394194952546,48.65925457713035,32239399697.3637
1682640000,48.659900518894595,48.659900518894595,48.499224280880554,48.6347964153183,21772956791.47764
1682726400,48.6180250457219,48.6180250457219,48.42473034979353,48.49865375811318,13842158690.354176
1682812800,48.49554229354275,48.78937658644283,48.49554229354275,48.677614154293266,10573993582.116442
1682899200,48.69002924390621,48.69002924390621,48.05018919830758,48.11484228055412,18592798105.19378
1682985600,48.14384943931278,48.37877843932144,48.14384943931278,48.37877843932144,15951010927.931417
1683072000,48.3683671966921,48.379100786405694,48.25119611707246,48.379100786405694,16963181608.524532
1683158400,48.36333459012219,48.532196036438854,48.36333459012219,48.51967554155351,19583803012.513412
1683244800,48.48128733271055,48.59100584160242,48.21325754593294,48.330021800699136,16529411499.057032
1683331200,48.30750798989958,48.57630405087293,48.30750798989958,48.57630405087293,17062437733.506832
1683417600,48.57394424525589,48.57394424525589,48.4113931207482,48.4113931207482,13798956195.628834
1683504000,48.44923929084929,48.48406286658158,48.32945018818645,48.32945018818645,15526618502.956882
1683590400,48.26529334586438,48.29585437651811,48.17313543186529,48.20518435425408,16440467180.045322
1683676800,48.20770175806237,48.211171864807966,48.01313449513091,48.01313449513091,14582978427.040174
1683763200,48.009816059151575,48.212987723157106,47.92644940549225,48.02377577136709,20414379426.09727
1683849600,47.92611950254202,47.92611950254202,47.47587727689783,47.599067649107866,18938854246.760292
1683936000,47.44026185326544,47.88244945920991,47.44026185326544,47.73953188416928,15025285542.622932
1684022400,47.73718268300195,47.81907862307916,47.689399207975775,47.81907862307916,9197131441.14143
1684108800,47.808669044351234,47.98695928080714,47.808669044351234,47.87818021963969,13521119807.965303
1684195200,48.0940216403727,48.0940216403727,47.88462781099719,47.88462781099719,13338725087.787502
1684281600,47.91686912026738,48.155328856019324,47.88787927560672,48.155328856019324,12806506561.662155
1684368000,48.14889925847902,48.14889925847902,47.768887934970145,47.83030023050452,14153168112.699306
1684454400,47.83036357248086,47.83036357248086,47.76546137550702,47.769973050586714,14146979002.550724
1684540800,47.76459206859608,47.883758723540986,47.76459206859608,47.883758723540986,9451288587.216818
1684627200,47.90875043144114,47.921392274826054,47.877439483621266,47.877439483621266,8291357741.14765
1684713600,47.873565196376035,47.927796338090666,47.85966039688755,47.85966039688755,9563868622.477045
1684800000,47.847178258770235,47.92764110535141,47.847178258770235,47.90742255712549,14156018245.703205
1684886400,47.91839267734335,47.91839267734335,47.68351106427343,47.68351106427343,12516544154.490284
1684972800,47.66660323409948,47.80789143044447,47.66660323409948,47.80789143044447,16398852838.362173
1685059200,47.79236025059135,47.883797574673785,47.79236025059135,47.80940415815738,12429779272.024487
1685145600,47.815838484623214,47.888934095118394,47.77547331071361,47.888934095118394,10719711413.963818
1685232000,47.81526438488953,48.32737178904023,47.81526438488953,48.32737178904023,10374815466.429968
1685318400,48.28907691711774,48.39169132143539,48.17582271214267,48.17582271214267,16618026690.450071
1685404800,48.179752894818314,48.200617169218674,47.992349762451056,47.992349762451056,13173034047.331614
1685491200,48.016679820179114,48.016679820179114,47.83877353884742,47.89302719092887,15244480103.573172
1685577600,47.845834247386925,47.845834247386925,47.61623744580169,47.61623744580169,14831340072.062366
1685664000,47.62408242199692,47.62408242199692,47.46074933164554,47.536952392255,15050065491.926155
1685750400,47.536230612347225,47.536230612347225,47.474373522139246,47.474373522139246,10365151780.206957
1685836800,47.44536616353031,47.52793571599991,47.44536616353031,47.523087591689674,8879052347.591795
1685923200,47.49988188786485,47.49988188786485,47.31262954962311,47.31262954962311,12465093925.800615
1686009600,47.30148324833737,48.11768925107122,47.25055255530094,48.11768925107122,21105341747.571194
1686096000,48.09962922859294,48.09962922859294,48.064305205072614,48.064305205072614,25169954350.989624
1686182400,48.046101078235935,48.108979294666845,48.046101078235935,48.08339806260189,15003115771.943777
1686268800,48.049064760029594,48.32074163173436,48.049064760029594,48.23115614817859,11969972082.879618
1686355200,48.247268453425754,49.65676333828894,48.201963659848,49.062983817991686,16991498806.365564
1686441600,49.04323064360236,49.180684997891454,49.016356659898115,49.1515478705801,12802228299.625753
1686528000,49.10821739995639,49.38015921102819,49.06040339360362,49.187657365696275,12344392281.557926
1686614400,49.14704973855265,49.28911012951068,49.05883384404684,49.10822675477797,13224756315.440876
1686700800,49.064474650781634,49.20309139900846,48.938581191326,49.13607845207617,10763204180.75358
1686787200,49.12063764117898,49.48866545363279,49.12063764117898,49.48866545363279,17533435111.834927
1686873600,49.414067053370296,49.75205530843323,49.36675243978942,49.75205530843323,13620499117.412695
1686960000,49.699746406367126,49.7031180142843,49.521039703819156,49.7031180142843,17449150173.840103
1687046400,49.71896967871381,49.73768462492601,49.60200481821421,49.65658778383953,8744438750.785923
1687132800,49.645421320221004,49.991743973057474,49.645421320221004,49.97677887810511,9347439222.88371
1687219200,49.97390210040207,50.77197382995222,49.97390210040207,50.752551517173735,15281329807.636753
1687305600,50.73518371181519,51.77811650149565,50.73518371181519,51.34549714436689,29062163681.623096
1687392000,51.32202355558936,51.432975553361125,51.09925171329044,51.432975553361125,30145390487.162514
1687478400,51.43230953514989,51.8338566388221,51.43230953514989,51.709249697698155,16764369908.676105
1687564800,51.690025271444384,51.873265873646766,51.534541999396865,51.80633370510026,23115597518.95553
1687651200,51.7803466296695,51.7803466296695,51.51177509414987,51.51177509414987,13101596941.902548
1687737600,51.52226482365191,51.74778114742962,51.445410000273874,51.714994904293455,13986189300.491854
1687824000,51.69818589156384,51.79913192314564,51.69818589156384,51.785796600769075,15823645298.118465
1687910400,51.800092824225096,52.17906973087033,51.754068904045944,52.030645087900865,16045790791.513472
1687996800,52.04510310003272,52.08449471675177,51.975490910462455,52.01918438296113,13411227262.309168
1688083200,51.99055417394286,51.99055417394286,51.18138511770982,51.18138511770982,17901974845.780605
1688169600,51.18194360668856,51.37040517241073,50.96402695889064,51.1921088413143,21381208658.87125
1688256000,51.18304664632481,51.311402122880054,50.93049920607552,51.10131104059879,7911274929.66475
1688342400,51.087139949356455,51.36101021314039,51.087139949356455,51.36101021314039,12340834394.00242
1688428800,51.34328410231617,51.34328410231617,51.23854155733157,51.269604529173506,15967883494.534298
1688515200,51.26781397631213,51.406281122740616,51.143773268170335,51.36729514951238,12314034348.610773
1688601600,51.416501874602325,51.66995736730302,51.416501874602325,51.504262664356105,17131605968.618917
1688688000,51.51374016922189,51.56220808417339,51.511276678364226,51.56220808417339,17955558187.68686
1688774400,51.59009387718469,51.639400184734384,51.43823061675433,51.53743863052196,9394050954.096907
1688860800,51.52189940735757,51.55313221509362,51.45574702110303,51.50373318057015,7361737380.53476
1688947200,51.50903505250176,51.68042587821971,51.471201759502804,51.471201759502804,9913842657.82793
1689033600,51.469494589801236,51.601712785265065,51.469494589801236,51.60055332409592,14914900901.6374
1689120000,51.606011627512004,51.606011627512004,51.48154564925137,51.48154564925137,12975577980.337652
1689206400,51.47105798396597,51.545931436447226,49.918367897689336,50.141259659307956,13875573335.661816
1689292800,50.17823410819622,50.318023344340524,49.74517226087129,50.03689742506565,23679828180.53177
1689379200,50.03610666063757,50.2376714475371,49.74439811578,50.00793188813899,17192443165.26669
1689465600,50.01899083978066,50.22920258799659,49.77647202666694,50.11262220373814,7761471519.459719
1689552000,50.11125503108252,50.188933901806685,49.84381778684401,50.07907849994242,10056159401.088358
1689638400,50.08740764952844,50.09616281487925,49.91051463930031,50.00243869557257,14096460679.401169
1689724800,50.00415802538403,50.104760441953836,49.71652347288949,49.91125954224884,12441810409.655205
1689811200,49.92021911652535,49.92021911652535,49.6999612339017,49.795197755011394,12076669073.487328
1689897600,49.78184480635456,49.939297318457385,49.68020782749274,49.86295331808847,13588395655.781149
1689984000,49.876860458118024,50.224763928377115,49.72306006369638,50.11151762770345,9478404534.83478
1690070400,50.10122865393322,50.24763991595075,50.10122865393322,50.14599903617096,7985344467.014538
1690156800,50.172015111435854,50.172015111435854,49.91648530506372,49.91648530506372,13702680811.735836
1690243200,49.940479863112266,50.074166872884426,49.79907762741023,49.88396624688312,11759322765.051718
1690329600,49.894593392927284,50.03633378085519,49.812244564927504,49.812244564927504,10491156132.922812
1690416000,49.82048805212689,49.821547814375684,49.71581694733423,49.75119758177808,13316031794.096214
1690502400,49.71242643469302,49.79130879075096,49.69602478010008,49.70246688468601,11220295488.991993
1690588800,49.72637156463906,49.80538702044491,49.57173222724122,49.63753917665709,9418898623.374495
1690675200,49.581387345925236,49.835449123188404,49.48758149774631,49.734110605760826,6022413057.347533
1690761600,49.7162893494699,49.89194179067185,49.6597519745004,49.81482458016234,11159205394.563156
1690848000,49.89233987607648,50.08124352386009,49.89233987607648,50.08124352386009,13910096775.068567
1690934400,50.00044747847044,50.14598922390567,50.00044747847044,50.02431506751497,20570658580.40864
1691020800,50.18177562774465,50.32053274529941,50.16205467582422,50.32053274529941,14577052830.48208
1691107200,50.36240007012173,50.37566161012956,50.21518924172583,50.37566161012956,12614574020.933622
1691193600,50.3925684577782,50.458843979080534,50.223559928571525,50.26508850519911,10196515422.02436
1691280000,50.272599118477714,50.391218262602365,50.20306700700111,50.33008556764057,6441327575.022692
1691366400,50.32133590626954,50.460137303586485,50.25093209683605,50.460137303586485,8942291007.053131
1691452800,50.465205074666045,50.747430996203654,50.465205074666045,50.64090613490701,14880927955.618044
1691539200,50.62961827432508,50.62986531249647,50.46379693658384,50.46379693658384,21447929803.099426
1691625600,50.46387972331695,50.48780420561159,50.418489310428804,50.43612409558982,14118314769.911432
1691712000,50.43921553472672,50.48325928926695,50.401459791999436,50.45291837640077,10995798801.2887
1691798400,50.47443816859237,50.52750772912948,50.37746043005503,50.45208486910979,8449566066.331298
1691884800,50.21067105924495,50.29928604917424,50.04482583943752,50.21979605128893,6177576684.530002
1691971200,50.23452368061279,50.28055079338058,50.17621750939695,50.24517654726569,10916092155.251371
1692057600,50.25589889346945,50.6862292939135,50.204736810644825,50.45168053682323,12546621805.384995
1692144000,50.28515930152698,50.59402547494464,50.22715215210677,50.3598220420989,13911462116.491331
1692230400,50.23836761735261,50.38019272739188,49.8385450929804,49.8385450929804,16730068085.998455
1692316800,49.72532607154854,49.72532607154854,49.22373628465467,49.22373628465467,34528710095.28531
1692403200,49.23291141806314,49.23291141806314,48.9661138159825,49.087099374260326,17254511935.421658
1692489600,49.085848760099836,49.11971438758936,48.87667681707915,49.00258983428712,9728915558.931332
1692576000,48.90055512501573,49.21173045263991,48.85961232719278,49.1561821338274,10900845357.501528
1692662400,49.158367124475205,49.36188379671457,49.067198447709934,49.355688074638216,11599567254.112062
1692748800,49.35693915870091,49.35693915870091,49.21196721318108,49.21196721318108,16271248372.155025
1692835200,49.20816336449938,49.2176471539766,49.19947348252274,49.19947348252274,16230591786.839006
1692921600,49.19707933150805,49.20099137505494,49.12372588418143,49.163970183541224,12126159756.224533
1693008000,49.15477580111077,49.26301505743598,49.116229246218516,49.17992123465766,10819278467.94135
1693094400,49.17673359905578,49.22140469952349,49.09348908105442,49.135999920171,6010795324.274725
1693180800,49.13994628231569,49.35144478535508,49.1349132082562,49.18414449782958,9580926227.500202
1693267200,49.183367860813895,49.897732279567826,49.183367860813895,49.857649885970254,10351219115.440533
1693353600,49.847050924879795,49.847050924879795,49.72781983003667,49.8016292955904,31858838590.1559
1693440000,49.80429875189525,49.813547306768996,49.182375117052715,49.182375117052715,15235298800.720387
1693526400,49.14824247582554,49.221376168533425,49.12010946629623,49.221376168533425,19204841020.50579
1693612800,49.223114298806706,49.30337099291662,49.18221725312877,49.23171300294123,17337452395.966423
1693699200,49.23246476467102,49.35082804513507,49.23246476467102,49.32814098216273,8308107806.753457
1693785600,49.329798501708005,49.329798501708005,49.19398305715731,49.19398305715731,10042727017.75613
1693872000,49.199839245092534,49.235852994276364,49.032942232376584,49.13606581911626,11014619014.31013
1693958400,49.14989077676439,49.14989077676439,49.04004174085501,49.11591166322067,10173293401.630983
1694044800,49.11358841111711,49.45778265084591,49.11358841111711,49.440000251295366,11700712922.863846
1694131200,49.44738371871548,49.461517870232974,49.25920500391832,49.26031488701002,14086023300.700184
1694217600,49.254937978375594,49.26654807714244,49.20574470872147,49.26654807714244,7093669657.323363
1694304000,49.26715133813413,49.52705737169587,49.26715133813413,49.517515173198454,5868963550.342729
1694390400,49.51835944175313,49.6199343823657,49.50607857247786,49.55769500789202,10027037341.255604
1694476800,49.564347790286604,50.03014395280123,49.564347790286604,49.82940810836105,19764650931.18398
1694563200,49.8226524584493,50.06080411103591,49.8226524584493,49.99635580225218,15366295026.990286
1694649600,50.00077012606338,50.138622421763046,49.99462460766068,50.06411195404481,12826724588.235497
1694736000,50.0653917534839,50.0653917534839,49.869732015743665,49.869732015743665,12747629113.71355
1694822400,49.86620491191079,49.88787119819465,49.734829028924764,49.79749266747846,10451055196.177326
1694908800,49.79678639012197,50.04197003748968,49.77160711397224,49.98464618516638,6466191663.85145
1694995200,49.98856985343076,50.16234664626849,49.96606336148771,49.96606336148771,11488152682.428534
1695081600,49.96963145458479,50.22789572918267,49.96963145458479,50.19454059186786,14230869953.76926
1695168000,50.170489898409656,50.27961802070793,50.170489898409656,50.27961802070793,13315232031.393284
1695254400,50.276486686970266,50.276486686970266,50.189837799475036,50.192697408126705,14050411688.278559
1695340800,50.17803397817776,50.2386247155072,50.09106332294186,50.10424344069302,12020904482.327232
1695427200,50.10606677304583,50.16392090825057,50.02620416338412,50.100899031254876,8953787087.337877
1695513600,50.10593781206748,50.120038499790645,50.011471896197854,50.011471896197854,6378853030.654295
1695600000,50.01880973640221,50.01880973640221,49.92273163961804,49.93201758306577,11718680350.89606
1695686400,49.93765168098478,49.963187967631214,49.86417344776547,49.866077587226805,10116283146.742884
1695772800,49.86724565088923,49.965607502678616,49.86724565088923,49.965607502678616,9779428129.367643
1695859200,49.974142366741106,50.13755901554469,49.974142366741106,50.06411889046822,11151819687.925507
1695945600,50.06033183242192,50.06033183242192,49.78148030955064,49.81337771614157,14146923027.727308
1696032000,49.836335728987656,49.90716014710274,49.6913082861347,49.82270070541396,7630073530.628758
1696118400,49.817005063675914,50.117260057374565,49.817005063675914,50.117260057374565,6402546293.455447
1696204800,50.111621111911376,50.438114607421355,50.111621111911376,50.32959945495552,15334075573.254326
1696291200,50.326388443083836,50.326388443083836,50.176017624960814,50.272654921774404,15875708129.115625
1696377600,50.26527415356211,50.68041172088571,50.26527415356211,50.68041172088571,11267531128.00344
1696464000,50.688672525248556,50.82275468125401,50.65838823821579,50.65838823821579,10217881206.861874
1696550400,50.65848452831856,50.88551093042546,50.52109837546176,50.79478927941342,11832992116.082933
1696636800,50.76496269854864,50.90644117891906,50.71989367678415,50.90644117891906,11851064041.01211
1696723200,50.90546922379941,50.931214466915776,50.90536750516657,50.931214466915776,6926982884.580911
1696809600,50.928726292043116,51.3568212542014,50.91811065539969,51.25676542120632,10052430075.702774
1696896000,51.26231276248293,51.30898256741907,51.134270238709554,51.16312549417808,9990350216.870384
1696982400,51.178845875156966,51.178845875156966,50.75240522739496,50.79066846810264,12273368341.10096
1697068800,50.79513943950615,51.019367678691395,50.77951048660043,50.95677107041089,12132077937.872322
1697155200,50.963591691380095,50.972074579867744,50.8861266841965,50.90329931726972,9032349172.50443
1697241600,50.90079188081387,50.93967091749687,50.81966278797875,50.824765397810026,13608680006.617992
1697328000,50.82348937340465,51.03378361329928,50.82348937340465,51.03378361329928,4839159334.00293
1697414400,51.05088563831123,52.449166830647755,51.05088563831123,51.8103891894815,14146607665.128386
1697500800,51.80390053739623,52.05002011461291,51.79316200505132,52.05002011461291,26040948921.198296
1697587200,52.041851766257395,52.25703120028906,52.038949293247725,52.05579263688106,14229298482.817322
1697673600,52.05785339551278,52.23332687208685,52.05785339551278,52.23332687208685,11503599836.351631
1697760000,52.220011429412864,52.719995150551256,52.220011429412864,52.61914372602086,23143156127.547493
1697846400,52.60710803194648,52.60710803194648,52.38563525319647,52.38563525319647,11641854117.863033
1697932800,52.385742153633515,52.40633384663019,52.10726446429573,52.10726446429573,12569498506.375517
1698019200,52.11124370844211,54.25897000004141,52.11124370844211,53.448486269644846,18024187828.02395
1698105600,53.43530510120454,54.0120734262455,53.43530510120454,54.0120734262455,51706140868.78521
1698192000,54.03574013575367,54.34872969948083,54.03574013575367,54.3174030834346,30263812958.632874
1698278400,54.30248180182895,54.30248180182895,53.78052731471917,53.94856886977695,23876476352.03222
1698364800,53.949644079195494,54.03274977215018,53.825220647054685,54.00271038970836,16669804065.775047
1698451200,54.009470663752666,54.102254410412755,54.009470663752666,54.05368967880463,14654260849.04195
1698537600,54.054540123003115,54.14441702929608,54.0484002072392,54.0873335216827,8575742235.22957
1698624000,54.06913949204719,54.06913949204719,53.79241710222982,53.79241710222982,15564281706.392498
1698710400,53.79702207709096,53.968935585682054,53.573767800207875,53.83282668358495,16448414425.01225
1698796800,53.83731297892895,53.94401560627301,53.80414470896787,53.94401560627301,14520687276.020508
1698883200,53.93743223262505,53.93743223262505,53.81111489051976,53.88694715086246,26415518015.66588
1698969600,53.87979553511221,53.87979553511221,53.52531257233907,53.52531257233907,20344310985.630512
1699056000,53.51695472086746,53.578915113328854,53.39807002806849,53.43995091178431,12829045290.713654
1699142400,53.43823372527737,53.43823372527737,52.8806760104508,52.9234597856645,10206165543.573416
1699228800,52.92459476336714,52.99785395947663,52.34967864331198,52.41384537660283,13005750064.138735
1699315200,52.41622943753544,52.96591122677407,52.41622943753544,52.96591122677407,13850253902.835184
1699401600,52.936506575620314,52.936506575620314,52.78653974366356,52.85556536864633,17703782152.711575
1699488000,52.84948605989577,53.501381359277076,52.418062127185195,52.418062127185195,26364262884.016926
1699574400,52.34833800923926,52.61609519434999,52.20298992321418,52.551842353174,33978662468.810963
1699660800,52.54146399496526,52.72836159358404,52.030847650646116,52.45721294652708,18499137458.819626
1699747200,52.45154503182795,52.73140290973469,52.02764515376176,52.33834187238984,12761069001.03009
1699833600,52.29507104364889,52.460516980373285,51.697550534911215,52.28506811127105,14399531310.137072
1699920000,52.27202879224716,52.36500527736603,51.96573104659685,52.035107443627304,19005044388.62253
1700006400,52.00979357805131,52.54965930931957,52.00979357805131,52.54965930931957,24909628203.904476
1700092800,52.53749796131636,52.53749796131636,52.03316375321819,52.32352437157052,28440043081.199238
1700179200,52.32605985617589,52.838735083272205,52.1442179489362,52.53853704434061,25454876792.5091
1700265600,52.52397190921001,53.017353645758,52.50554231397285,52.55283852892932,17583232483.806503
1700352000,52.549526994032824,52.779250087686854,52.549526994032824,52.59685538322459,11406284771.707872
1700438400,52.59253380826614,52.830187544686815,52.28870411592165,52.830187544686815,15690473974.843634
1700524800,52.81858421663382,52.996592567638444,52.59155782268399,52.91645345114636,19807204762.336803
1700611200,52.904516747341326,52.904516747341326,52.6881258836394,52.69332462836452,28709332914.265774
1700697600,52.690715174928705,52.690715174928705,52.47712449812123,52.61229937346904,21813472875.17665
1700784000,52.60580460298745,52.6970270021536,52.60580460298745,52.685342848608045,16784089117.263891
1700870400,52.65760250171525,52.76926001450286,52.438465824571146,52.52324684722949,17667135665.123604
1700956800,52.53322668534602,52.72105366816777,52.36300698490973,52.532577195502085,9154592185.802547
1701043200,52.534865281206265,52.93123044990692,52.41532247366108,52.81936578248595,18023633192.84401
1701129600,52.95167030700656,53.152806777080755,52.95167030700656,53.04942993717579,17162347471.071693
1701216000,53.131983168853104,53.29549465449699,53.131983168853104,53.27644752617374,25197521823.11237
1701302400,53.26956671047027,53.26956671047027,53.03168622415812,53.03168622415812,19666859250.816647
1701388800,53.021009955035936,53.311638868491464,53.021009955035936,53.311638868491464,21806422508.07999
1701475200,53.30225838510775,53.360506586751896,53.149348501622114,53.17004871030375,14920887746.151457
1701561600,53.17413174403227,53.37625345213611,53.150736938931665,53.37625345213611,15929871862.692533
1701648000,53.375540382101825,54.16941769120947,53.375540382101825,54.16941769120947,33300720252.027275
1701734400,54.159707007955824,55.03997233683195,54.159707007955824,55.03997233683195,27147055002.53966
1701820800,55.037807423787264,55.25671612301145,54.54804779904984,55.11836630214574,42284669286.93028
1701907200,55.115508018282966,55.115508018282966,54.056106092975,54.056106092975,26873280542.635353
1701993600,54.051590168753336,54.1180408963666,53.940383675376935,53.940383675376935,24758606651.62455
1702080000,53.92818235994182,53.97380839332997,53.24722545791498,53.77699917914396,22809657961.5337
1702166400,53.76646468104538,53.954782212939946,53.3207718401058,53.46842290767019,14406211444.26065
1702252800,53.49489006642728,53.49489006642728,53.08251215014652,53.08251215014652,27836899176.02294
1702339200,53.05798134418376,53.224372235916164,52.88181466277149,53.119171152213966,31287713319.07348
1702425600,53.09829863611305,53.424229559785,53.09829863611305,53.367782822370145,23611086120.083954
1702512000,53.36099768097387,53.36099768097387,52.948137879816784,53.024871440593365,25840553940.77871
1702598400,53.005245547581644,53.26027713649366,52.75162539659526,53.22242870439919,24457915683.415367
1702684800,53.20644483949165,53.239243477881445,52.79477630759358,53.07876624030082,17947620878.69758
1702771200,53.088166917145664,53.088166917145664,52.824431689339804,53.039287029608104,14726527291.403763
1702857600,53.01148512569496,53.549371366303376,53.01148512569496,53.512960133164796,22096806696.51905
1702944000,53.504280544326754,53.74843525140653,53.47183408102198,53.589393681679844,23917349088.73019
1703030400,53.710501520964804,53.93796409479668,53.710501520964804,53.93796409479668,20751828522.08054
1703116800,53.762653070688145,53.81975477103475,53.013054589350986,53.15389088923852,30238181355.82146
1703203200,53.157663608169415,53.292706029472704,52.574136304647986,52.74415869796572,23867347002.822865
1703289600,52.73419767246247,53.02158142363231,52.325173153092365,52.44253117890174,15922038495.203426
1703376000,52.43473702136393,52.43473702136393,52.00615823517389,52.2244258221774,14756991378.759748
1703462400,52.232325059295135,52.34644849200283,51.80789338736711,52.06564831918872,19939461731.66615
1703548800,52.05886433348314,52.357879453571734,51.6023980540197,51.735619111626775,26721528110.78438
1703635200,51.744727167790764,52.09179295514046,51.21994956825973,51.475842452006106,27330844662.409836
1703721600,51.45437762497248,51.4833887424201,50.93602826678156,51.34038104881186,24172230810.585213
1703808000,51.345840686583976,51.440207801500115,51.10782280713945,51.28227049566881,23215418479.543736
1703894400,51.273876303102654,51.39196946003938,51.17575950740928,51.38465381151007,22100649094.059727
1703980800,51.391791756033825,51.786337943022154,51.28512770320188,51.59471596867476,17079095381.72936
1704067200,51.601303972937686,51.92072529090084,51.601303972937686,51.92072529090084,15293609498.986425
1704153600,51.90934431577118,52.51492171571201,51.90934431577118,52.51492171571201,33397415243.8899
1704240000,52.50749115956109,53.36538478416885,52.22186669247195,52.6480399345701,41013657039.92355
1704326400,52.6190248289974,52.776052397132304,52.6190248289974,52.766505889731505,34612049027.79353
1704412800,52.760889341413694,53.15152394614282,52.6554789815434,53.15152394614282,30426910034.962223
1704499200,53.10903227393634,53.66428856231933,53.06568852379826,53.53451135792814,23700597400.02646
1704585600,53.52570952559792,53.993162276770775,53.453585886565925,53.95457771205496,16257547473.545918
1704672000,53.952639330189534,54.515438588302835,53.952639330189534,54.515438588302835,29159855159.480522
1704758400,54.49442587585233,54.56338571426726,54.23961388868966,54.23961388868966,37765754793.60661
1704844800,54.227668804825605,54.227668804825605,52.914221607617264,52.914221607617264,39554792078.56919
1704931200,52.91472123291201,53.0821484695838,52.49501140395125,52.49501140395125,51204251502.84844
1705017600,52.482375461318554,52.482375461318554,51.337792223995535,51.441607826803285,43122667251.13367
1705104000,51.422366900302954,51.61929613032804,51.033306157376614,51.033306157376614,43288890504.86473
1705190400,51.0330512468846,51.12935940025375,50.81904220248534,51.049110930450404,14729637357.390043
1705276800,51.04208266337361,51.16281399936522,51.04208266337361,51.13020993347479,20809757286.174477
1705363200,51.12196201977266,51.1474504904195,51.08283835242128,51.08283835242128,20949404012.738033
1705449600,51.08079169085442,51.17251561743822,50.88983669982322,51.17251561743822,24803692001.43545
1705536000,51.1813938359079,51.1813938359079,51.011677797527014,51.011677797527014,19846460169.804066
1705622400,51.00641582713396,51.21011933846932,51.00641582713396,51.13738186979377,26695711299.97049
1705708800,51.12749271754321,51.38828399623979,51.018444733433824,51.13583314743142,22306390266.17847
1705795200,51.12420477690749,51.27829622334098,51.015481357822644,51.24253683394524,9739136336.930737
1705881600,51.25497238297033,51.28462443653302,51.17054946765147,51.1835770927455,18132654845.21994
1705968000,51.18146152876625,51.88778243301696,51.1499491016347,51.77188103437167,32165050736.82412
1706054400,51.74497802180027,51.914091872234756,51.7424138113949,51.7424138113949,26497266938.988792
1706140800,51.740876913098035,52.06200253874144,51.713358784821075,51.87709142853739,19427069094.281185
1706227200,51.856501287079396,52.35988653525755,51.856501287079396,52.310928118446384,22188324261.874844
1706313600,52.31518555807339,52.3792906087585,52.234180661334136,52.3792906087585,19876988414.875813
1706400000,52.376752671225965,52.39757229965545,52.313709125251165,52.39757229965545,14570121217.145517
1706486400,52.37812207189897,52.507086986743964,52.37812207189897,52.507086986743964,14787766591.739666
1706572800,52.50752728723176,52.51961225682592,52.26815438118702,52.3845210497813,24072488037.114624
1706659200,52.37003820357009,52.78945661531934,52.37003820357009,52.73123621364355,22408778620.252014
1706745600,52.705549329731895,52.772027288765145,52.705549329731895,52.772027288765145,24848979454.939297
1706832000,52.771572585188274,52.771572585188274,52.54333774564992,52.648580275305804,19796307347.410515
1706918400,52.63296331567968,52.716952153087895,52.445868631769535,52.65497659861569,15949432435.83535
1707004800,52.653712233133376,52.653712233133376,52.494886734829606,52.582133892649395,13310689823.722942
1707091200,52.56279024370563,52.64308143114261,52.556639667924934,52.556639667924934,15272728498.719112
1707177600,52.57614212838312,52.711513003174936,52.37534843690666,52.50258316216095,18550563655.53991
1707264000,52.4971178031665,52.71930626711926,52.4971178031665,52.71930626711926,15911654134.459608
1707350400,52.69990695849241,53.098238428322716,52.69990695849241,53.098238428322716,25517586705.649727
1707436800,53.094641524423004,53.72696881912222,53.094641524423004,53.49180930928894,33470385876.26602
1707523200,53.48336865303549,53.670896652436554,53.48336865303549,53.670896652436554,28630105109.52615
1707609600,53.66727013159147,53.9402947880624,53.652923379717066,53.9402947880624,19135944558.562164
1707696000,53.93553518748061,54.028809639658625,53.86053416234547,53.86053416234547,20252326039.66174
1707782400,53.84607064910543,53.90042342202944,53.68249097821983,53.90042342202944,39425453707.81593
1707868800,53.89688368496741,54.026087356873965,53.881986732648215,54.026087356873965,42751076083.48272
1707955200,54.00189652433135,54.07666459246586,53.65179056991043,53.71702555238399,36585843841.11539
1708041600,53.67910347803313,54.14886572961587,53.58968487800876,53.91138613023142,35484272363.27685
1708128000,53.88956213911712,53.90544459668036,53.69628040424319,53.77290771093152,21438623120.41274
1708214400,53.77562104970257,53.77562104970257,53.33804160200535,53.45930734936248,21399169713.8466
1708300800,53.44717104412935,53.454984985189924,52.862130698278975,52.914381696204224,19007675055.64881
1708387200,52.906679020903326,53.2864132843421,52.906679020903326,53.04981171860498,23589736456.025143
1708473600,53.040264335032504,53.44955715607848,52.87550859760783,53.16114263456752,34629376425.39358
1708560000,53.14246027031027,53.21401106665954,52.68244906609571,52.90879669588613,27111442209.06306
1708646400,52.901936292150744,53.134252761317725,52.63780613737297,52.86722161092388,23315226669.384235
1708732800,52.859897070673036,53.034621427113684,52.5867993601789,52.731529235938915,18474969986.342823
1708819200,52.73095167932321,52.83326358120735,52.285996386640264,52.34861000608475,15681144823.591644
1708905600,52.26098187654122,52.93755334728806,52.26098187654122,52.93755334728806,16746322902.816046
1708992000,52.92497620434775,53.76572590088144,52.92497620434775,53.76572590088144,52357341544.2776
1709078400,53.756588659106605,55.135220455781834,53.756588659106605,55.135220455781834,47403195338.09363
1709164800,55.10460208691257,55.10460208691257,54.30018100237114,54.66403937773936,90963125301.32207
1709251200,54.64072395399494,54.64072395399494,54.23692589728512,54.261736132151626,52109058527.55882
1709337600,54.244901974399994,54.244901974399994,53.38718615652095,53.55995048403901,35635457923.88723
1709424000,53.54929452153798,54.32361271715048,53.44761609087065,53.807628718709786,23179491404.088066
1709510400,53.81236502623696,54.92574850864062,53.81236502623696,54.92574850864062,43687217266.52443
1709596800,54.916924619726494,55.08026972044472,53.85525934301035,54.13586226008796,76356095761.50781
1709683200,54.12831821610187,54.38308019143475,53.49199133216786,53.56940017839096,104969677058.00365
1709769600,53.558372694908364,53.922013995885585,53.16523565526449,53.27455155129772,52978280000.5983
1709856000,53.2624673144,53.566837063352466,53.2624673144,53.54951587623974,41028071476.21548
1709942400,53.52650555402544,53.64954075854311,52.97489913470158,53.34098599618026,55721683012.32891
1710028800,53.33220237495062,54.06206351692826,53.243391959377576,53.622497948121016,29634781679.796833
1710115200,53.61151764574602,53.91544910689294,53.591416640862136,53.68404350706159,52488114807.46601
1710201600,53.67642528223878,53.90827959382564,53.42501923975714,53.665665618581684,52663279246.66682
1710288000,53.65532700559486,54.02220225265396,53.31770682526874,53.647189969877175,63159864492.03532
1710374400,53.63218588659516,53.688300959901056,53.30417213083163,53.41957407797735,44357320638.43479
1710460800,53.41791207759206,53.63459390180958,53.245408776294134,53.3711289268736,86079927997.51782
1710547200,53.362128299607335,53.605788922116595,53.054016261254056,53.34047136623864,50107215867.16445
1710633600,53.340198793170934,53.83388666048331,53.29139463772796,53.47077556996985,54566103565.20017
1710720000,53.446190395611524,54.09198947920593,53.215207199895545,53.90807305213742,40813226084.79447
1710806400,53.85325221084577,54.11193440719071,53.7267824495875,53.82193126133369,69229447513.1558
1710892800,53.824817559090874,54.110927436574606,53.79385468649988,53.88173625110928,63737966903.8929
1710979200,53.8789419217627,53.8789419217627,53.28657827996799,53.28657827996799,55496467932.37829
1711065600,53.28143092432512,53.365756457686054,53.107290161294785,53.23469058356673,41314076032.92471
1711152000,53.23107952507781,53.33834171253551,53.21619266519648,53.21619266519648,36082769368.19303
1711238400,53.21540708124019,53.53780309259226,53.21540708124019,53.53780309259226,23659393480.949654
1711324800,53.53872029492285,53.77091333327216,53.51990279164561,53.77091333327216,30205994246.588253
1711411200,53.76610353661092,53.98243392218702,53.595153479741654,53.760048609110434,44895977630.63174
1711497600,53.758694876400966,54.0814944493205,53.758694876400966,53.974136402978864,33798924600.719845
1711584000,53.97464534811426,54.11603325640127,53.85443702121879,53.998677001907794,43578042209.42427
1711670400,53.997004353221115,53.997004353221115,53.55916976354904,53.709481559956664,29686559585.432022
1711756800,53.70531884749076,53.99122866379605,53.41967733973143,53.76760698127163,21698919653.90946
1711843200,53.767770154893604,53.84853715577277,53.471940934970064,53.60392014370969,17481415482.084038
1711929600,53.62484370320468,54.06270325910053,53.450640575275465,53.99913413883367,27069036595.40705
1712016000,53.999145741834255,54.010550438603,53.84915613663964,53.84915613663964,27069036595.40705
1712102400,53.8494130794833,54.185351456631395,53.66468751853355,54.013392155910445,27069036595.40705
1712188800,54.01458078324086,54.61787554726231,54.01458078324086,54.61787554726231,27069036595.40705
1712275200,54.51509141717261,54.623917367555165,54.36700750360386,54.58104417784644,39659936153.7678
1712361600,54.57026234408529,54.57026234408529,54.548688186413706,54.55955026601653,25362353476.207363
1712448000,54.55565715183464,54.68453777267924,54.30657579822782,54.30657579822782,19708044984.494663
1712534400,54.30555329137048,54.54109399557059,54.12266407906521,54.12266407906521,33408780304.670345
1712620800,54.130004005198906,54.23389117884153,53.88894139174134,54.23389117884153,33462557884.397923
1712707200,54.24077044703219,54.558410071390654,54.24077044703219,54.558410071390654,35457354597.98723
1712793600,54.50278138461479,54.71266970685759,54.25084758995548,54.52826770733713,36352292060.14737
1712880000,54.526604406701765,56.355624275451746,54.51820767660859,55.589830726117704,28551341865.622147
1712966400,55.57454976841706,57.02891800177864,55.4564731403203,56.31086514777658,47664812385.3073
1713052800,56.2913244598091,56.411140479884104,55.562121422921564,55.703224151546884,62344250815.23431
1713139200,55.69843586383105,55.69843586383105,55.22622118617989,55.44522007968891,42740667169.49094
1713225600,55.44141874222136,55.85160531343965,55.44141874222136,55.76653103512499,46158682848.26347
1713312000,55.74270845717583,55.74270845717583,55.35093131680512,55.37346127249314,36386755605.30465
1713398400,55.36869025931885,55.602241359548685,55.36869025931885,55.55446135575103,43906277116.0434
1713484800,55.53743681716158,55.672066335719414,55.527251658815466,55.672066335719414,50334689435.66266
1713571200,55.653875941121115,55.674399935125784,55.036921552589355,55.036921552589355,29829496808.147224
1713657600,55.026132695103946,55.243102349719905,54.94705536280692,55.15563433689885,21965447394.41721
1713744000,55.18134186746326,55.30063363886717,55.13561143023643,55.30063363886717,25146172602.361633
1713830400,55.12533000561548,55.24311608044129,54.74912293940718,55.01630700677887,24982170013.088017
1713916800,55.02237291825822,55.02237291825822,54.65388188277678,54.86563068602547,23910934146.825203
1714003200,54.86988344157487,54.916440047315575,54.82009343425136,54.916440047315575,34207571658.98028
1714089600,54.91602863297058,55.03076316433862,54.833396443657826,54.99335266855282,29189512800.654083
1714176000,54.98663599434806,55.075278295916775,54.37553383323179,54.457488375310234,22837887384.86655
1714262400,54.45652216994545,54.45652216994545,54.19396686197556,54.38656803681805,17741685947.547207
1714348800,54.384030748571156,54.88037252909813,54.384030748571156,54.88037252909813,21832486393.66737
1714435200,54.8866772719553,54.97821779516848,54.86516292615755,54.86516292615755,30877639697.206825
1714521600,54.87144099947906,54.87144099947906,53.924593905940654,53.924593905940654,44864897676.07288
1714608000,54.05005941337973,54.126928811757736,54.05005941337973,54.12518438785243,40853243854.88265
1714694400,54.12304815633102,54.76552068622871,54.12304815633102,54.76552068622871,28801475703.240765
1714780800,54.75688402079899,55.01134819985265,54.75688402079899,55.01134819985265,31389921889.82714
1714867200,55.00751272802068,55.00751272802068,54.846968890675065,54.884599313555846,17576246439.67135
1714953600,54.88407034411114,54.89447325178619,54.6690653129851,54.827481091734555,24151811922.829353
1715040000,54.828370266598505,55.00982807793565,54.77066088070932,54.96307630560751,27116759029.97289
1715126400,54.95897333287213,54.95897333287213,54.76038880398273,54.76038880398273,24723352754.810883
1715212800,54.76248130466511,54.86635896423042,54.72911105706903,54.86635896423042,24969845261.65788
1715299200,54.866006860558926,54.866006860558926,54.691589145943674,54.691589145943674,24827292053.749798
1715385600,54.69264598784307,54.80602249663307,54.64339620985073,54.69725631675273,24403562748.687798
1715472000,54.695015401531464,54.948275719102,54.695015401531464,54.948275719102,13065828576.460388
1715558400,54.94702121540802,55.40245876848542,54.94702121540802,55.40245876848542,23914017920.48416
1715644800,55.401295698601984,55.45236432066838,55.262813340499015,55.45236432066838,25918002695.726757
1715731200,55.463342317840436,56.03596999555853,55.463342317840436,56.03596999555853,28504461515.2023
1715817600,56.02282364339123,56.126965280379515,55.905982195981885,56.02519309781939,39386404978.76051
1715904000,56.02055628150322,56.09985249820827,55.745729906404925,55.89427266676796,30206372490.004448
1715990400,55.8855824060728,55.9392769910118,55.62444781617253,55.762061654919236,24138573687.703873
1716076800,55.759296733092235,55.99283957738943,55.759296733092235,55.95306177654169,16712334465.418144
1716163200,55.92471484210626,56.0704110359929,55.08830613377135,55.20699970351678,22328049858.68
1716249600,55.206622068099364,55.206622068099364,54.44939954378724,54.44939954378724,43937947137.10456
1716336000,54.44854180312255,54.757072544558625,54.311720397210486,54.38372026826927,36398266398.86103
1716422400,54.37746531124898,54.63018424466147,53.87884206955589,54.034564270428554,32195012668.174564
1716508800,54.03552919543514,54.435339664647884,54.03552919543514,54.435339664647884,42411532605.04959
1716595200,54.4386293644332,54.560729115020045,54.374935535411275,54.490816143076785,23286842213.97631
1716681600,54.491802648286495,54.491802648286495,54.10167644564879,54.18741671321595,14482490833.972153
1716768000,54.187484090851804,54.187484090851804,54.04967746585652,54.04967746585652,19330920335.38546
1716854400,54.046780487144794,54.046780487144794,53.84685523049738,53.91857808582326,32038994906.23334
1716940800,53.889632845032196,53.96023468131651,53.70796415327542,53.96023468131651,28568943617.07563
1717027200,54.11401908236068,54.5244329777411,54.11401908236068,54.5244329777411,27236934295.982063
1717113600,54.52120163094671,54.52120163094671,54.22897065709616,54.23513434056686,26944627297.138905
1717200000,54.22921005211493,54.29839928518352,53.94933033506357,54.10437643207915,22245957488.60444
1717286400,54.10249303967854,54.38534181072857,54.09479732836211,54.27037939140913,12993676094.246494
1717372800,54.269296225839426,54.55388842412565,54.269296225839426,54.54026824671594,25515139387.556316
1717459200,54.5377590218009,54.67125831382407,54.5377590218009,54.572037057226176,27990633738.118362
1717545600,54.568576309227936,54.69312634392026,54.40638683081329,54.4722384831104,38195576464.12795
1717632000,54.460588668621725,54.70939799255722,54.41860846541744,54.58637853807026,26456170388.935116
1717718400,54.57654018157279,55.68074158040389,54.57654018157279,55.033117877118386,30344462044.33257
1717804800,55.034699582320755,55.39293228073474,54.859529030276946,55.263746159732186,28604117168.061512
1717891200,55.26284589365267,55.393301151202465,55.101576195537824,55.197984024003176,12143525152.375475
1717977600,55.19398582941235,55.682550927817445,55.19398582941235,55.57483498653571,16410891197.971703
1718064000,55.58165736626167,55.773845546995716,55.50828195634166,55.76296360368759,32516280677.14464
1718150400,55.73418905848585,55.937923241347335,55.457022775806855,55.457022775806855,29745419841.081978
1718236800,55.45054882489088,55.72059802734493,55.437003029425604,55.66033778242993,35093863105.66793
1718323200,55.662228415745254,55.839677622658826,55.437242359905206,55.53599984212635,24961544914.078854
1718409600,55.535997649671195,55.58653617600281,55.09340054548335,55.230826365683996,24535197945.06782
1718496000,55.22958852554315,55.409729128919025,55.02180985409202,55.08400197716738,12741174660.190928
1718582400,55.08386994721769,55.85125098622788,55.08386994721769,55.85125098622788,19838730890.405815
1718668800,55.6710955746571,56.29213288648087,55.63175120198288,55.760749332244295,36510776455.86187
1718755200,55.74737784128019,55.75078097451036,55.224936479104294,55.31264235343537,33072178101.703804
1718841600,55.30043392938669,55.572725592267005,55.27119021636431,55.45541786494987,20448983260.593792
1718928000,55.441540408162126,55.441540408162126,55.178659707063126,55.178659707063126,26814490652.037987
1719014400,55.17020549237343,55.41639048770675,55.15195724366411,55.297793106127344,18964436414.148
1719100800,55.297169702219385,55.461506784313144,55.14240323926093,55.34694983822648,7944103381.557836
1719187200,55.35249779540796,55.35249779540796,54.342908357306726,54.342908357306726,26667695520.5792
1719273600,54.51806286997448,54.71658725778299,54.51806286997448,54.71658725778299,37446816127.78398
1719360000,54.717462383970386,54.75922915947756,54.527173772337974,54.527173772337974,25699946193.88632
1719446400,54.52260279643302,54.61589161549133,54.27566027720643,54.27566027720643,22005398864.61531
1719532800,54.28446465986059,54.32634001388769,54.22360208289165,54.32634001388769,22791353898.806564
1719619200,54.333031303111746,54.578962476243774,54.333031303111746,54.578962476243774,20971287248.317932
1719705600,54.57815934675595,54.81034558630926,54.57815934675595,54.81034558630926,13143372121.830896
1719792000,54.80801434891154,54.895584425564316,54.72610818212886,54.885546813222575,17298306817.365543
1719878400,54.8331114486825,54.8331114486825,54.426753066669384,54.426753066669384,22079894357.48041
1719964800,54.428578091354474,54.64082078871913,54.39724926110948,54.64082078871913,26893986346.80319
1720051200,54.63087842000339,55.00698641626269,54.60318307102274,55.00698641626269,37021957385.84007
1720137600,55.0001935874911,55.45511089187518,54.823855727979755,55.145246077513576,53731195981.21127
1720224000,55.131698231308654,55.131698231308654,54.808084110343934,54.85330339434237,28492611329.503414
1720310400,54.84779914380411,55.10546359443992,54.84779914380411,55.07063095433955,20780336774.50022
1720396800,55.06683051643697,55.15560478568023,54.731933168895274,54.731933168895274,33681105211.72442
1720483200,54.72880461056321,54.944080723365,54.72880461056321,54.944080723365,39597180420.40764
1720569600,54.93882060668955,54.94019251075885,54.60927708784451,54.60927708784451,28042736379.992702
1720656000,54.606732613444045,54.742931721206226,54.55938202302795,54.55938202302795,26689595843.758995
1720742400,54.54876999911301,54.57249571392081,54.420497568277504,54.420497568277504,26453413942.811794
1720828800,54.430479162122516,54.62051655581068,54.430479162122516,54.62051655581068,20898886206.988186
1720915200,54.61617253329921,54.83955006439876,54.61617253329921,54.80472354446134,21347208043.201805
1721001600,54.804563640460856,54.94703402713099,54.804563640460856,54.94703402713099,28114743501.717693
1721088000,54.940001514438066,55.15303646851881,54.85713924049962,55.15303646851881,40702453338.5436
1721174400,55.14513033826069,55.16704107762016,54.97716446564323,55.062483016715206,37521299988.20635
1721260800,55.05255154621531,55.132678908311675,54.8399920466792,54.985322498965694,28027173320.262573
1721347200,55.01324402239957,55.41122966478847,55.01324402239957,55.38323551679597,28247587397.757683
1721433600,55.34291241616989,55.42725410384818,55.30581111950043,55.356746268532284,32196915068.79238
1721520000,55.35117380615988,55.51952520375772,55.33438372519751,55.391069018659465,18089086936.885128
1721606400,55.41145143701014,55.814848340487785,55.32170316130707,55.814848340487785,32877562822.4453
1721692800,55.79783669276609,55.79783669276609,55.339399827920424,55.339399827920424,44047264622.46968
1721779200,55.336313000511005,55.82691877341062,55.336313000511005,55.62923937534141,30660366504.2226
1721865600,55.63593284212146,56.505386273413706,55.63593284212146,56.505386273413706,35926140285.64002
1721952000,56.50407699965771,56.54313986050551,56.50407699965771,56.542564177996134,34063955611.813835
1722038400,56.53405255273416,56.631024688919304,56.53405255273416,56.631024688919304,24181983077.57515
1722124800,56.63019304668649,56.75721878249848,56.55092915084704,56.75721878249848,36355499997.77272
1722211200,56.75993074732656,56.75993074732656,56.17479605884797,56.17479605884797,24860277968.207382
1722297600,56.179446793623185,56.20223506755475,55.86123332070391,56.13175562237426,38834489407.45426
1722384000,56.131261110459775,56.131261110459775,55.9048887960774,55.96283775955251,27656113412.54068
1722470400,55.958199672872034,56.462528731996265,55.958199672872034,56.462528731996265,36570506803.47619
1722556800,56.46940833402827,56.54582257602341,56.42276878420237,56.44483933171727,41359527819.11898
1722643200,56.442174040635706,56.86147735427166,56.442174040635706,56.804069100389384,42986235289.55055
1722729600,56.79774918174486,57.18137028730629,56.685895248453896,57.014429669878766,27047338117.352413
1722816000,57.069493221163,57.31646547753817,56.97915566852734,57.0154754047944,88355612222.46062
1722902400,56.93408199944009,57.03424842107393,56.81899382565734,57.03424842107393,66687448902.00716
1722988800,57.01480102952975,57.332578214233976,56.7533649271238,57.10949770204186,44198867113.53352
1723075200,57.09284313700981,57.67716215653888,57.09284313700981,57.53335527953604,40478297032.21229
1723161600,57.52258941194991,57.70745611445888,57.338041686263416,57.70745611445888,41996617555.11379
1723248000,57.70000852991467,57.70000852991467,57.51964999773688,57.615787071022915,26021307508.478397
1723334400,57.615670998773304,57.615670998773304,57.32799206249034,57.54852404144428,16533075744.143684
1723420800,57.54050811354998,57.54050811354998,56.82000371844631,56.82000371844631,30347271672.05631
1723507200,56.803955434036034,57.39535503259064,56.803955434036034,57.277610004863554,33228268311.89402
1723593600,57.269848919943065,57.269848919943065,56.759460612242854,56.759460612242854,29993061381.77986
1723680000,56.74420060675507,56.9587879377585,56.61435874300297,56.81180989532759,32047820591.78326
1723766400,56.799092311972245,57.312086158766995,56.799092311972245,57.312086158766995,34335371251.700817
1723852800,57.30307321292335,57.38296453701918,57.217323356935815,57.27055565961745,23167061229.82466
1723939200,57.26909220241322,57.26909220241322,56.91373289139223,56.91373289139223,16120096366.289099
1724025600,56.90844251177669,56.96607630567825,56.85341605033917,56.92964070420137,21249935671.943485
1724112000,56.90771585512052,57.077520499675046,56.846760241249115,56.846760241249115,28180424209.37965
1724198400,56.84009757528558,57.29858714114944,56.84009757528558,57.29858714114944,27058466077.40068
1724284800,57.28695882064672,57.28695882064672,56.84775226459712,56.84775226459712,36444298687.29857
1724371200,56.85074071233721,57.365626832570136,56.85074071233721,57.26392678500416,24337829349.39895
1724457600,57.24790873184522,57.42665715129781,56.84427164099408,57.20143440516463,42884627958.44064
1724544000,57.1972521278337,57.623706730122706,57.1972521278337,57.48370641154767,19385061967.37596
1724630400,57.47206098751397,57.71060482978743,57.39165231926321,57.58587419224729,21755951754.056866
1724716800,57.58670436530041,57.58670436530041,57.37683939949938,57.49084753735551,29325145435.11644
1724803200,57.491426620483296,57.491426620483296,57.15861066785634,57.15861066785634,43844092526.27436
1724889600,57.15761663961428,57.45197187956125,57.15761663961428,57.3733119328032,35103710283.53275
1724976000,57.37203125467264,57.48313258146436,57.3003626137836,57.3003626137836,32605348973.51762
1725062400,57.29636171260854,57.476266909083805,57.28523576038411,57.404740514648836,25335556207.726166
1725148800,57.40109462770263,57.63048901810011,57.38316826061052,57.486316005916294,16823984534.708485
1725235200,57.48151609586242,57.55251013756126,57.41569671659721,57.46089414599487,29042924302.463497
1725321600,57.46593396687667,57.64747231657722,57.46593396687667,57.59562765395367,23026938220.186844
1725408000,57.596425489067435,57.697556592143705,57.437030024266456,57.580312373995845,33458295266.757397
1725494400,57.63299351330038,57.63299351330038,57.38223324184122,57.38366927897789,31496027629.896812
1725580800,57.3336548766736,57.3336548766736,57.2124442751408,57.2124442751408,34545234730.03292
1725667200,57.20850053238167,57.20850053238167,56.926092290176236,56.92941336119809,42780323001.81053
1725753600,56.92875998786266,56.92875998786266,56.86632228440352,56.91944818472206,16131206701.094145
1725840000,56.915217436953355,57.41155788236725,56.915217436953355,57.22584829537497,24250022182.00504
1725926400,57.226314333843874,57.26884032499674,57.226314333843874,57.26884032499674,34557830140.30866
1726012800,57.266743967561695,57.38225721224117,57.244474337118454,57.38225721224117,32734062147.618286
1726099200,57.3626630456083,57.50525359384234,57.26580325906673,57.34383447109369,35293213995.79251
1726185600,57.34173343591681,57.78832466699679,57.34173343591681,57.78832466699679,29245015687.040604
1726272000,57.77112612469909,57.787041006149664,57.67315518889091,57.71239488836992,31176973593.992615
1726358400,57.705232276742514,58.018259629136196,57.670538126368584,58.00771074018195,13002838292.22599
1726444800,58.006353790972135,58.006353790972135,57.86206226825185,57.883170577428764,28024855736.95434
1726531200,57.8870489143847,58.405070832000725,57.8870489143847,58.405070832000725,29171829975.961994
1726617600,58.40133085799645,58.58637743944537,58.40133085799645,58.58637743944537,39179505622.02831
1726704000,58.58581088900397,58.60895837803487,58.414543992994595,58.414543992994595,49306212260.47585
1726790400,58.40678340561599,58.440801709324795,58.03051365894335,58.03051365894335,39756618029.01321
1726876800,58.014050982476526,58.12070392359385,57.580218512241174,57.61792226101681,23419668658.431416
1726963200,57.6170758774904,58.02024992280004,57.6170758774904,57.99886846628939,15264277541.836025
1727049600,57.99636224656282,57.99636224656282,57.48075499514302,57.48075499514302,29457821789.943375
1727136000,57.47586767357766,57.61437652748247,57.47586767357766,57.526327751373685,26728322230.877426
1727222400,57.533989938084105,57.650548835483626,57.46268946984907,57.545303087277134,28940240319.723446
1727308800,57.54415146190467,57.6750636953556,57.54415146190467,57.6750636953556,27575931691.407913
1727395200,57.66513381969,57.686125067155395,57.31951098316203,57.434888287278774,38368478252.99245
1727481600,57.43136583550166,57.769272789304246,57.308427507760406,57.5949616462077,24416377865.189102
1727568000,57.592571736992056,57.81307815096572,57.34047911027065,57.52941446740487,13859931161.157211
1727654400,57.52476665796906,57.52476665796906,57.379909630719474,57.379909630719474,27868372188.8486
1727740800,57.38677728989949,57.699146978629415,57.06723492866347,57.503417320590145,31693586113.60927
1727827200,57.500829600776434,58.01847525343655,57.500829600776434,58.01847525343655,51663907541.78138
1727913600,58.00860916979933,58.34831798368195,57.94237022235512,58.205705970759624,41158790802.07031
1728000000,58.20851062227136,58.228080677438534,58.03980992502247,58.093833571388586,32791354843.071
1728086400,58.09425900411516,58.272650184147835,57.990887744604116,58.134308617719284,29553818421.71492
1728172800,58.130030915608884,58.15550215064577,57.99137029124948,58.08025836945764,11974601064.668089
1728259200,58.07684061277051,58.19020756024976,58.02584943640827,58.0610095206627,24232914903.97158
1728345600,58.118028381080435,58.293090437485375,58.01840267426554,58.01840267426554,31572575793.22359
1728432000,57.95404707700374,57.95404707700374,57.70206077805283,57.87075008327848,26529238899.27043
1728518400,57.86484815107147,57.86484815107147,57.64891256262139,57.681251342678586,28624785626.444042
1728604800,57.6834801037742,58.097093653369924,57.682332495156594,57.982080643330605,30370363026.317875
1728691200,57.978898181893115,58.05930323068047,57.877092063727,57.97155744802577,27907491738.215767
1728777600,57.967150133711144,57.977064583146145,57.832459464181994,57.92837639660342,15954307780.464
1728864000,57.92759062032401,58.10650484137335,57.92759062032401,58.10650484137335,31067253225.606045
1728950400,58.10164333051399,58.673283764588355,58.10164333051399,58.673283764588355,38518547751.4665
1729036800,58.669890954123204,58.85629787362924,58.669890954123204,58.85629787362924,53721557931.64461
1729123200,58.85251021664193,59.03902857219019,58.663025759630436,58.98606229655671,32789634026.35544
1729209600,58.98659907202759,59.00648991851888,58.91792925383766,58.95710264339461,34946458813.90866
1729296000,58.94768018899663,58.983126351931695,58.74542229664049,58.846819554716355,27139140769.09546
1729382400,58.85011353171844,58.97495327583714,58.4737689650057,58.4737689650057,13467753799.596869
1729468800,58.4667927828065,58.4667927828065,58.34033249628746,58.36403957987909,27954666936.866867
1729555200,58.370746318745816,58.567539960837664,58.272789141045365,58.567539960837664,38378861734.36562
1729641600,58.56953794096109,58.828292078718945,58.42712702997515,58.749703832856895,28430239013.134502
1729728000,58.75174727507482,59.038659454705424,58.75174727507482,59.038659454705424,33083578213.30619
1729814400,59.03625713528373,59.74918631075292,59.03625713528373,59.57797281274549,30691445852.833668
1729900800,59.56861987728499,59.6589283576814,59.22169059249194,59.3203278041762,39116889578.49376
1729987200,59.31955375110445,59.428881722219906,59.28366019869421,59.359943357903,15202539640.1744
1730073600,59.35998944540963,59.66389206010723,59.35998944540963,59.66389206010723,24052287938.255787
1730160000,59.665824359702526,60.0707069490674,59.665824359702526,60.0707069490674,48237662398.80975
1730246400,60.065563574778544,60.11789419933932,59.74662911479427,60.07513310180116,52671938272.74287
1730332800,60.046524594235315,60.23627932128982,60.01601734856035,60.23627932128982,36934859806.48811
1730419200,60.2664208167479,60.2664208167479,60.121094096408314,60.121094096408314,47684308917.29366
1730505600,60.115545898142585,60.391790565784575,60.07052722402075,60.257698631564516,37900795622.58854
1730592000,60.25498964019672,60.54249996903258,60.20914011773597,60.47339677104807,24842931293.97791
1730678400,60.47132919534057,60.57318675032916,60.40945411369092,60.558650896290835,35362979042.23726
1730764800,60.556705782003185,60.56175600802004,60.543217523581816,60.56175600802004,41854051518.69549
1730851200,60.53577081812872,60.55583432241791,60.5117940889055,60.55583432241791,105195580009.1842
1730937600,60.51171452630809,60.51171452630809,59.79746993893611,59.84762498576934,68442586413.59219
1731024000,59.82449200829474,60.00343361794502,59.56981636990528,59.67366774692201,59559658476.1111
1731110400,59.64168899083477,59.64168899083477,58.564220207871564,58.754727474967275,47688473696.27586
1731196800,58.754693366394186,59.07193064384071,58.6124277238024,59.00183545286001,56338204295.03375
1731283200,58.99800389005263,59.95210253414426,58.99800389005263,59.91442918369236,78409630301.93
1731369600,59.90496195101272,60.41636957824086,59.28916561012183,60.291281816114115,156198426427.1415
1731456000,60.265940228237625,61.057234485429426,60.265940228237625,61.057234485429426,101199324057.068
1731542400,61.02456088482864,61.082425638897696,60.48089648321935,60.80851847201475,120008934715.15611
1731628800,60.78516460205194,61.15412886922263,60.78516460205194,60.935898551029254,85419257435.93004
1731715200,60.92397916511773,61.00344334976368,59.611465762347926,60.13545544358034,67330214450.72258
1731801600,60.13041911927939,60.6256351007888,59.59654557835011,60.141598975342006,44564023668.00929
1731888000,60.13660641411165,60.28334193574222,59.56728678030729,59.56728678030729,52201624837.07822
1731974400,59.537334796341156,60.360283354373664,59.537334796341156,60.360283354373664,71762922795.20534
1732060800,60.35404791750588,61.18258855888297,60.35404791750588,61.18258855888297,76164617226.81519
1732147200,61.133999314522114,61.53187518578904,60.5315753044216,60.72597812342061,97074772900.6223
1732233600,60.70096287863683,60.92043114377238,59.80139890816596,60.131161289803046,89487881195.70201
1732320000,60.093582770468224,60.093582770468224,58.349064618579284,59.15667790787482,64526373935.28155
1732406400,59.147824200485246,59.8767278531679,58.46999488098703,59.20753821087401,46272617040.38427
1732492800,59.2025890950294,59.2025890950294,58.48345484627671,58.51066688331586,55600060563.32747
1732579200,58.51230517142304,59.21927689856481,58.451518686954515,58.58068326472819,97839459773.31377
1732665600,58.58492375746762,58.87701343600743,58.19254928243565,58.19254928243565,77516109783.29758
1732752000,58.16940456369208,58.57934565369581,57.88713402729698,58.20404275995518,71538099020.0555
1732838400,58.19830444141301,58.39314259731992,57.93273979054527,57.97210655778912,47252788066.7746
1732924800,57.96362640540811,57.98510113297161,57.017672060892885,57.237465081515815,49671648778.6151
1733011200,57.21612045810514,57.53919866497335,56.55345645389297,56.80401416264087,30669479230.761654
1733097600,56.796671277156804,57.27594275172918,55.67250768985189,55.97152209696992,52215260379.97345
1733184000,55.963744770006244,56.79688113004748,54.56370446597922,55.5047211997869,63189125314.86344
1733270400,55.41753463204776,55.852266302335764,54.687975995128426,55.79641332644617,68402692583.96768
1733356800,55.77911533568276,56.10790362018617,55.18836380794888,55.65416045922438,129510036631.8852
1733443200,55.634600151331036,55.81077863404851,55.32429166157746,55.32838239315008,120052201796.62004
1733529600,55.291967958029545,55.46110962578821,54.78082195137388,55.1104157085536,75217926086.64107
1733616000,55.10724614980816,55.41051709046454,55.06234699552503,55.3634475468207,41030833268.16706
1733702400,55.36277637285127,57.90058864400138,55.30505233730638,56.93074765044135,65379720758.54199
1733788800,56.939243623085666,57.94618246840201,56.45495691297621,56.93522059769843,113275033379.35156
1733875200,56.9267348504909,57.394214326310674,56.75921862903511,56.85629715700592,94662260328.71758
1733961600,56.81690531500252,56.81690531500252,56.117051628589266,56.40066040603809,79801124794.17325
1734048000,56.375773995699,56.61255583866974,56.21044202001889,56.497042697051725,67411276193.05093
1734134400,56.48155646341259,57.14247095778583,56.3943411145959,56.94277839120034,54389178825.82601
1734220800,56.93669784467596,57.28410676101705,56.93669784467596,57.17534200524016,42125702827.17282
1734307200,57.17265449432275,57.6971801112259,57.17265449432275,57.6971801112259,66843044059.99028
1734393600,57.68669617436801,58.237024276559524,57.50743813845243,57.9722450334473,78179398760.5342
1734480000,57.96386671250643,58.42588100823085,57.82172973999965,58.25715220457537,77878362591.85446
1734566400,58.23655080657502,59.10216415358035,58.1929504961501,58.88195019015319,95832979753.45294
1734652800,58.880419992974794,59.92224220371033,58.246477979785816,58.48424166988765,118624680071.21571
1734739200,58.470950091397086,59.28785446423173,58.054526725485054,59.15734427886768,72729406894.82787
1734825600,59.154657349936144,59.154657349936144,58.662652131129136,58.880837468915445,43355069871.60406
1734912000,58.88289715022116,58.88289715022116,57.76626183159435,57.76626183159435,53386649742.58345
1734998400,57.63510514305394,58.048820058869225,57.63510514305394,58.048820058869225,54544047796.25735
1735084800,58.05290018811831,58.3632117722602,57.911749089043,58.3632117722602,46312897416.28172
1735171200,58.33581250009934,58.61361894661492,58.185639286109506,58.459883293970016,40754620430.19766
1735257600,58.4445626455873,58.4445626455873,58.032153341277535,58.089718969793694,47243094388.43177
1735344000,58.096087047045394,58.24360269848087,57.66191961644063,57.7887737578051,38601882525.13462
1735430400,57.79307823031721,58.05343491145495,57.63035949504943,58.02600221520119,22334361457.056076
1735516800,58.02586198736643,58.02586198736643,57.70475687114022,57.80776767415884,38607296013.07513
1735603200,57.755974238713414,58.083419157031614,57.755974238713414,58.083419157031614,58346113441.3937
1735689600,58.07126391527729,58.11898029193535,57.55197666097748,57.594819216028824,35188137887.6833
1735776000,57.68176765634851,57.7585406282497,57.44053933007082,57.65591065061131,33432794341.852623
1735862400,57.64294707347547,57.67976648659548,56.91692812911234,56.93343602822747,39182438912.93693
1735948800,56.919782301464615,57.143903320348066,56.63272561892325,56.84432247375738,34171922191.814713
1736035200,56.84172705815838,57.15396405029759,56.78457715993706,57.02153818531174,19670529151.706566
1736121600,57.021254255767154,57.673240704191805,57.021254255767154,57.673240704191805,30846718680.957886
1736208000,57.663777176842466,58.09399551459627,57.52392151346953,58.09399551459627,51765428401.03461
1736294400,58.09971458262591,58.234670095171715,57.79070435938268,57.89507677938598,67934496987.07265
1736380800,57.86636212364078,58.106175356415754,57.70835632424605,58.02895587946269,62285075954.62678
1736467200,58.051806409808584,58.13874486462597,58.00785999607273,58.13834471668341,59439296212.4539
1736553600,58.122297707504025,58.23819890425135,57.49992795886272,57.717266146438085,49940224298.94072
1736640000,57.71651532470125,58.04179519770615,57.71651532470125,57.98298593800126,18266817823.057484
1736726400,58.00336645950763,58.593630541887606,57.878858321950354,58.507038826345095,43469047170.66279
1736812800,58.511362893588405,58.600141104775574,58.30050368327999,58.34545371014046,65937067880.87723
1736899200,58.34569874289994,58.64896080335906,57.476901941900316,57.60087192180258,50609159265.08789
1736985600,57.592207936361696,57.84887276424746,57.07037726165076,57.696818341828546,58330357151.44647
1737072000,57.65412990314943,57.74848767277961,57.65412990314943,57.696386594517215,61901464499.27162
1737158400,57.663596511065215,58.69809583631556,57.21360578167904,58.176063323269766,68191148100.09427
1737244800,58.132902664254885,58.89494678788275,57.68251098645708,58.644561789965785,56336467390.20234
1737331200,58.62831998476891,58.90414596556878,58.568770252162615,58.568770252162615,113117109310.40073
1737417600,58.45157154659278,58.854316544654885,58.45157154659278,58.854316544654885,125847234233.6623
1737504000,58.803389758601874,58.803389758601874,58.294873004284206,58.53765131439766,68664112934.91399
1737590400,58.54857002891224,58.87559396255273,58.54857002891224,58.575485067245936,64122136435.87631
1737676800,58.56100016010469,58.96611283236347,58.56100016010469,58.96611283236347,93772476333.64851
1737763200,58.953700654726894,59.1000362048282,58.62579540475795,58.81586416753933,41732266919.26582
1737849600,58.815758887519785,59.03332029991921,58.583484994315725,58.98493362219547,20945347205.805813
1737936000,58.983764237141514,59.58960685555594,58.91575585113821,59.06572660154511,60736069390.42999
1738022400,59.06414401042497,59.57792900082419,58.95826134614517,59.575855775600985,88750630381.00897
1738108800,59.562546098322876,59.846003301806796,59.507847304120254,59.8391327369023,42210808822.24829
1738195200,59.83838305018113,59.89115841901681,59.28377884746825,59.28377884746825,52169825200.31998
1738281600,59.266530855898935,59.266530855898935,58.79473638724754,58.79473638724754,38163533975.22615
1738368000,58.779885245209314,59.746494703889596,58.59587706211198,59.672796769373846,42980951000.58841
1738454400,59.64964462493442,61.30402174796748,59.41763778229014,60.76341966080726,39689785193.90937
1738540800,60.75973472894039,64.33590565986734,60.75973472894039,61.05241874788923,102216452209.77238
1738627200,61.01863824038949,61.67946524893699,60.85042148238304,61.36644169937168,80196924380.05469
1738713600,61.35220534097876,61.649055676154994,61.12839262530609,61.357295802990585,63894183991.32127
1738800000,61.33470180678554,61.9733727707648,61.28972249875355,61.91329402365281,44679221722.04526
1738886400,61.889605686644344,62.267305585362095,61.63664819623761,61.92400815668645,47416042807.88776
1738972800,61.91396779079999,62.03510780960259,61.41515438228385,61.57715021615871,51149082894.81381
1739059200,61.5755208312583,61.948980870987405,61.14025648921741,61.66450846749173,23092229028.807415
1739145600,61.659853956481946,61.91206876469684,61.44079422830389,61.57440013504484,38241670607.65972
1739232000,61.57682678348342,61.57682678348342,60.99837230906252,61.27389758460495,32539019199.265602
1739318400,61.27548771652624,61.485126408989984,60.75102744515763,60.995875223498075,37391081018.35733
1739404800,60.99378473396272,61.21092865901952,60.610032581845196,60.970537213615685,50685735523.17065
1739491200,60.96541047992549,61.07461393179068,60.33589529382639,60.64752627776161,30277232490.69889
1739577600,60.623798224409185,61.03553366838314,60.3938023266829,60.84182137628552,30145629564.38069
1739664000,60.83904893668245,60.93182191766277,60.55926807540227,60.725741413053555,15699630231.036049
1739750400,60.720168826148466,61.04675752245655,60.18643045765549,60.65902055413341,21418561040.41874
1739836800,60.65396870556119,61.361142325766075,60.65396870556119,61.276995979632154,28487928009.760838
1739923200,61.28210271651784,61.43166385401009,60.892524781258295,61.079420788127194,37666425928.06652
1740009600,61.07701333633522,61.26581771556242,61.051414978488324,61.23043667233101,28075042375.863132
1740096000,61.21832719654166,61.43691275447384,60.90198124764401,61.368241589201524,32949100588.976536
1740182400,61.3471992397807,61.37667130448862,60.75736541390862,60.948299133436855,46224666235.49306
1740268800,60.947792689048505,61.015632350315364,60.58611243847031,60.85681196189806,15671287211.594976
1740355200,60.84642176460194,62.13753212737475,60.7203022621121,61.900759720476685,24145733597.106174
1740441600,61.900837303989356,61.900837303989356,61.03213305850284,61.03213305850284,77311769932.2226
1740528000,61.036852808644646,61.036852808644646,60.575751550513246,60.575751550513246,89015541283.63602
1740614400,60.58351361733494,60.79138105310927,60.58351361733494,60.76211391688835,69405971544.1538
1740700800,60.7704887502797,60.89874004728727,60.61525664738785,60.89874004728727,81120230399.12393
1740787200,60.85566506057547,61.30291718715605,60.85566506057547,61.24035263088636,52381141689.55703
1740873600,61.233484199813624,61.30271295231571,60.271905753525665,60.40817381084762,21576034796.861504
1740960000,60.403032488810716,61.630245482384005,60.25944775756589,61.4888779660324,76362417821.6207
1741046400,61.24575136035288,61.377606999204914,61.24575136035288,61.2704763934566,72078564047.1525
1741132800,61.256452695640206,61.57982944045265,61.256452695640206,61.57982944045265,62022555564.26168
1741219200,61.564106153049444,61.564106153049444,61.35605641691134,61.55552264803338,48384985062.24688
1741305600,61.54317353156104,61.54317353156104,61.256140235711456,61.381793761928826,57986023100.723
1741392000,61.35849662092604,61.436031907012925,60.91834465682703,61.249895163107304,48588523623.80752
1741478400,61.19898939067119,61.36281541136766,61.110884421952505,61.2774424207671,16050475671.919237
1741564800,61.27261183604651,61.848490560231305,61.16387159043458,61.758829750404665,44666409046.12387