time,open,high,low,close,Volume
1393632000,6918605496.857274,7223891272.042406,6707817901.677883,7116309846.998582,45664251.742543824
1393718400,7135860816.397054,7180782624.261093,6953284132.145839,7059509219.086889,16624614.311600162
1393804800,7110063635.256065,8929190787.802742,7061427281.53154,8515740046.622129,16624614.311600162
1393891200,8515250008.864466,8824169342.822239,7954029317.964018,8451721884.203189,16624614.311600162
1393977600,8459543573.24043,8544210254.099621,8183027117.056901,8410458251.721195,16624614.311600162
1394064000,8402125072.066995,8486623468.907103,8163158976.069071,8409507741.599398,16624614.311600162
1394150400,8408762671.0776005,8414991074.064378,7700147267.446855,7942931374.805519,16624614.311600162
1394236800,7941171016.7567425,8011863973.106376,7585953040.5603485,7782140146.557805,16624614.311600162
1394323200,7800493780.80136,8215430519.10596,7709997822.811348,8049575197.748864,22081648.2953623
1394409600,8029485858.340444,8133161282.734659,7659475867.727783,7916248423.398826,22081648.2953623
1394496000,7898897212.016002,8106098784.251142,7724590641.373022,7950395981.553289,22081648.2953623
1394582400,7919914481.456885,8267819901.492904,7883126092.028538,7990717002.92171,22081648.2953623
1394668800,7977572524.678501,8174934726.433085,7940392900.036994,8056757070.4667635,22081648.2953623
1394755200,8058574228.112923,8117194215.110644,7860813450.622243,7927576277.988754,22081648.2953623
1394841600,7934744068.475183,8051451268.255868,7863235739.628616,8018100416.389887,22081648.2953623
1394928000,8034825873.170141,8067030684.863082,7919838144.43141,7979008906.896317,8512398.31996512
1395014400,7998899558.587655,8010421137.682626,7803269847.655411,7849943042.114821,8512398.31996512
1395100800,7858270648.938007,7873845904.647242,7448616716.627021,7711626192.429432,8512398.31996512
1395187200,7734802235.229718,7869878742.90851,7623081068.073106,7700140506.031233,8512398.31996512
1395273600,7688016496.580976,7704363785.166055,7290325723.576507,7378309860.709006,8512398.31996512
1395360000,7380354491.374405,7667153957.102664,7002819347.232571,7179602542.894219,8512398.31996512
1395446400,7180253365.744043,7210747736.988305,6808421665.008816,7125487904.888226,8512398.31996512
1395532800,7131449724.363693,7197063828.132389,7034978541.221658,7105506101.332796,22428897.943767846
1395619200,7047010198.363051,7488890393.7277975,6897828464.737653,7392286404.794638,22428897.943767846
1395705600,7398010772.831967,7418267303.952802,7182027218.048958,7370657784.909309,22428897.943767846
1395792000,7370657784.909309,7475956072.33434,7129044533.718525,7337887104.228573,22428897.943767846
1395878400,7339057657.747229,7342298654.8007555,5882044199.054184,5983834490.074431,22428897.943767846
1395964800,5998252792.699845,6726227177.004344,5908834585.832084,6331280141.275366,22428897.943767846
1396051200,6334623693.798327,6424337616.248265,6144479542.324161,6211737933.995741,22428897.943767846
1396137600,6227857686.879227,6234121188.412525,5518387668.236161,5822876640.838033,21953455.61660509
1396224000,5823194690.030057,6165372641.09597,5544024138.2623825,5757067461.435457,21953455.61660509
1396310400,5757111236.995466,6460911091.808336,5719391696.496025,6062811626.734734,21953455.61660509
1396396800,6065653443.408494,6268614787.186417,5440133972.488002,5559342480.359943,21953455.61660509
1396483200,5558025323.28897,5889649722.196523,5261193216.750999,5708178794.587272,21953455.61660509
1396569600,5707581171.912557,5816265150.631409,5449131892.93207,5722348587.622837,21953455.61660509
1396656000,5692715843.11209,5885917266.909294,5580871845.164884,5878817744.022473,21953455.61660509
1396742400,5894453845.973647,5899649929.944854,5709266776.807069,5787169775.020359,16504708.74615043
1396828800,5834720114.271319,5888878074.210693,5656128846.308955,5671751553.800904,16504708.74615043
1396915200,5671751553.800904,5833458396.69635,5658753424.382998,5753123342.197584,16504708.74615043
1397001600,5753050244.300126,5801396088.26269,5548254155.382494,5602451969.439924,16504708.74615043
1397088000,5602417281.042103,5612218729.680876,4513380845.419338,4604046356.368377,16504708.74615043
1397174400,4605017262.439479,5483929404.223073,4307995943.288344,5366814625.263397,16504708.74615043
1397260800,5366797990.026997,5577380807.566083,5247018639.516577,5370704646.796886,16504708.74615043
1397347200,5402244756.29163,5439963563.131429,5046042078.745394,5291306567.504558,19421392.48196778
1397433600,5291179480.977009,6039781127.741337,5183199607.839665,5829913901.43038,19421392.48196778
1397520000,5847574799.963583,6731700298.230404,5760413210.4448,6626085011.039836,19421392.48196778
1397606400,6657083599.00787,6986672386.860526,6282768909.225993,6743079364.925733,19421392.48196778
1397692800,6741392075.5574875,6812341976.850016,6129963454.178901,6367048831.952935,19421392.48196778
1397779200,6368064317.251714,6461263221.125774,5980959456.483221,6149574428.059223,19421392.48196778
1397865600,6136902403.28558,6466285951.555067,6018152540.443915,6417931889.985486,19421392.48196778
1397952000,6450700355.269613,6596054988.635178,6292472290.199267,6384446016.5553255,26086750.474169686
1398038400,6396295929.269938,6576116011.2725525,6253123013.331268,6339655392.046639,26086750.474169686
1398124800,6355358988.283919,6450820562.6184635,6191686077.133453,6253159466.437015,26086750.474169686
1398211200,6252725863.468224,6321580178.957404,6181228583.125701,6278240709.5037365,26086750.474169686
1398297600,6277749451.041598,6445503802.008279,6122659759.782167,6407134317.025218,26086750.474169686
1398384000,6406835419.271704,6437819622.576114,5585591652.8599415,5952839340.205017,26086750.474169686
1398470400,5956468343.228902,6014625607.801516,5752331478.673785,5855602993.612502,26086750.474169686
1398556800,5874340318.768116,5912230417.260438,5497532296.796552,5501947195.47665,13384705.981920559
1398643200,5500267796.9873295,5789133264.560145,5422701049.694065,5666016020.208687,13384705.981920559
1398729600,5637361644.903069,5818671089.029541,5525571821.979299,5733852667.153082,13384705.981920559
1398816000,5732139952.146004,5812031373.279542,5539739755.103593,5742958681.010107,13384705.981920559
1398902400,5747681243.117663,5965942064.348829,5732156599.069757,5900449064.243926,13384705.981920559
1398988800,5900449064.243926,5926803927.605944,5685726237.284859,5816428173.896797,13384705.981920559
1399075200,5781618734.112271,5814141028.902112,5509036289.793091,5625530978.89572,13384705.981920559
1399161600,5627065988.209268,5680710896.67598,5505122145.727455,5617011559.827867,12450618.466158547
1399248000,5588891603.299944,5707816018.289658,5444630992.326878,5550868393.993679,12450618.466158547
1399334400,5535068382.121093,5566461807.453613,5385724465.989078,5487628757.033322,12450618.466158547
1399420800,5501528893.332919,5797369658.270254,5457006416.510193,5642717165.247201,12450618.466158547
1399507200,5661430543.484003,5773085153.536542,5609932991.564037,5612705213.182283,12450618.466158547
1399593600,5637198043.626614,5864991186.079936,5610803291.25765,5804025985.22659,12450618.466158547
1399680000,5808652310.550333,5895762972.2984085,5768615879.985107,5842346149.9099045,12450618.466158547
1399766400,5886852002.31339,5895095537.7202,5522195391.769502,5658851002.155987,9829607.178540261
1399852800,5628884813.89457,5708660747.373242,5547031346.025897,5691233421.43843,9829607.178540261
1399939200,5689383180.781251,5695308031.090246,5536095974.648911,5647598802.636895,9829607.178540261
1400025600,5647316633.092454,5794882773.977148,5635016009.373563,5740839752.549646,9829607.178540261
1400112000,5716811831.734104,5843056007.308806,5711804516.541299,5750440754.683209,9829607.178540261
1400198400,5751170664.304348,5834989205.272066,5720718832.323082,5761947553.477861,9829607.178540261
1400284800,5767828162.616251,5820361028.938129,5727495438.535602,5782107712.550627,9829607.178540261
1400371200,5795755054.279791,5834826261.574235,5733262557.641034,5775347857.246125,5502328.632610519
1400457600,5775347876.452028,5819632727.546146,5702529756.364423,5794870838.081416,5502328.632610519
1400544000,5795789290.590662,6467363838.184771,5772179409.329238,6317085028.766337,5502328.632610519
1400630400,6317274140.198502,6456002294.3392515,6286947261.725277,6384175403.493968,5502328.632610519
1400716800,6383626652.389541,6864244332.812506,6346026346.137997,6859142719.765417,5502328.632610519
1400803200,6857071011.84747,7099008064.571779,6705382772.667367,6784842900.241718,5502328.632610519
1400889600,6784480793.09178,6858965329.452114,6663914128.515553,6840218089.250667,5502328.632610519
1400976000,6856645581.065139,7618780308.552199,6829746246.90956,7449311246.951801,30194416.08508899
1401062400,7445532093.676415,7708218519.47845,7317515960.43639,7535617118.368561,30194416.08508899
1401148800,7532458515.810441,7715089806.541966,7112205606.922519,7415652360.414237,30194416.08508899
1401235200,7414744283.005366,7541588987.318156,7278671320.948719,7501036178.490862,30194416.08508899
1401321600,7501998606.963038,7535783525.855829,7229875002.439568,7406149834.250466,30194416.08508899
1401408000,7408206549.16092,8159052187.118077,7342968244.972648,8032977123.326725,30194416.08508899
1401494400,8031508238.044157,8138779870.064973,7897633084.057924,8118119738.464695,30194416.08508899
1401580800,8137416645.726036,8877697757.34987,8013323502.630084,8190759985.272108,28488904.573888794
1401667200,8190279783.58897,8817147200.604584,7953363683.742671,8585036788.531676,28488904.573888794
1401753600,8597356000.414854,8846193163.31813,8424870194.728853,8694808997.711529,28488904.573888794
1401840000,8678720474.18337,8742685227.669268,8060775068.495875,8306213351.6169195,28488904.573888794
1401926400,8307099832.589276,8685979021.014412,8282672050.811638,8566402816.053473,28488904.573888794
1402012800,8566143751.405679,8585962573.523678,8378880014.322083,8388950222.226749,28488904.573888794
1402099200,8389346748.010976,8519806147.120901,8236073828.970682,8512514842.184078,28488904.573888794
1402185600,8532173868.273905,8586702977.0985775,8452619295.584545,8538703836.845954,14168864.352530392
1402272000,8539568072.996946,8555257601.877993,8299913187.91247,8420515243.919506,14168864.352530392
1402358400,8420451124.188428,8544275351.361618,8334425780.43911,8427926519.662596,14168864.352530392
1402444800,8427886315.351326,8484165636.610404,7986602745.237613,8060815753.282002,14168864.352530392
1402531200,8103553898.671491,8196404451.811186,7142384803.8631,7396994894.368629,14168864.352530392
1402617600,7406779441.343676,7961061372.835529,7315772662.696546,7694746573.158377,14168864.352530392
1402704000,7694746547.317572,7717050568.514254,6993990823.35687,7364496315.516132,14168864.352530392
1402790400,7381701246.244285,7728852896.591064,7187980129.058568,7665258182.670714,42671492.85792602
1402876800,7711588503.533604,7946413412.737682,7576530822.581855,7643452185.274925,42671492.85792602
1402963200,7644624788.8090315,7948163921.721105,7550141610.790681,7896243558.8265505,42671492.85792602
1403049600,7895742754.174049,8024062151.805946,7805365840.956294,7903675468.407681,42671492.85792602
1403136000,7916044619.537618,7946995855.1408615,7680682570.925144,7729982751.134525,42671492.85792602
1403222400,7729385729.105452,7806337106.168525,7553216523.855895,7656917702.875669,42671492.85792602
1403308800,7681220255.009185,7747659101.881681,7545872975.320557,7694824420.155197,42671492.85792602
1403395200,7724760278.158186,7911596663.171706,7675478538.322582,7844175409.727403,14693591.0490696
1403481600,7844794125.858424,7859305037.89258,7583073764.552541,7686189733.6415615,14693591.0490696
1403568000,7685614992.496843,7688977496.481868,7469817039.292534,7479118360.940014,14693591.0490696
1403654400,7497002723.944159,7574020964.279321,7234895382.045116,7313867565.730355,14693591.0490696
1403740800,7316231960.770589,7584748467.406118,7271782197.270996,7575743501.8333,14693591.0490696
1403827200,7578579079.348685,7841798361.317442,7494291813.684638,7835130588.201615,14693591.0490696
1403913600,7835632722.814697,7892942977.005303,7693077285.84577,7694817352.79125,14693591.0490696
1404000000,7739695943.539868,7877481796.428249,7710221136.048523,7847760410.9967165,14597354.602723502
1404086400,7847064453.825262,8467014063.897951,7778382474.911178,8379261830.158496,14597354.602723502
1404172800,8364754209.576262,8614119432.420197,8329499931.761861,8336589356.387873,14597354.602723502
1404259200,8335006183.519133,8605446249.652348,8317825574.114062,8488299468.410087,14597354.602723502
1404345600,8483255429.873768,8532133763.170876,8334744856.826833,8437590282.567319,14597354.602723502
1404432000,8469564428.685304,8503095088.228969,8047687703.371637,8218904246.376926,14597354.602723502
1404518400,8215275362.197125,8271200232.018344,8135766275.310298,8225544380.7196665,14597354.602723502
1404604800,8255145394.200862,8365957792.632809,8144237917.586009,8248681071.646051,16015349.606510997
1404691200,8291843359.187099,8325096926.24702,8014160570.564535,8137755768.303654,16015349.606510997
1404777600,8137896746.802288,8200731380.943547,8067801668.728732,8168713063.695325,16015349.606510997
1404864000,8167537223.42824,8214204077.722665,8102527785.238121,8116270831.395718,16015349.606510997
1404950400,8140851809.276587,8173089472.544276,7950953764.724236,8016643801.163108,16015349.606510997
1405036800,8075781592.14271,8315907962.728858,8027196531.842452,8310397617.196397,16015349.606510997
1405123200,8310410383.159563,8412915090.238062,8224575318.516352,8349292457.33697,16015349.606510997
1405209600,8364783387.743081,8379060558.424756,8206544891.728981,8270825071.313932,20624727.950430382
1405296000,8270907929.136471,8290331504.891811,8083745589.250834,8143792842.27112,20624727.950430382
1405382400,8144278950.652022,8184274669.004105,8073799269.709211,8123370351.932731,20624727.950430382
1405468800,8167534319.947004,8199308647.878624,7992443376.8202505,8086808037.78466,20624727.950430382
1405555200,8094588909.062498,8258636477.243445,7996252789.669489,8164522084.919167,20624727.950430382
1405641600,8217777207.034602,8310513012.687663,8110966744.09297,8297643169.546353,20624727.950430382
1405728000,8298067831.430255,8300708105.078985,8195693090.167325,8244041817.211514,20624727.950430382
1405814400,8282944857.441322,8284945351.58618,8147359366.526389,8241346617.129477,9064867.507315189
1405900800,8242093264.57809,8257424243.785757,8079558950.754458,8184015799.758881,9064867.507315189
1405987200,8182494176.6276,8215447887.217966,8120297189.460951,8122977700.324883,9064867.507315189
1406073600,8145175458.85207,8188006000.09538,8084265588.776894,8158155026.729452,9064867.507315189
1406160000,8157560435.712367,8173556677.419243,7763432417.807816,7902314847.931329,9064867.507315189
1406246400,7933693764.978887,8011173906.596716,7786131670.363067,7919062737.649811,9064867.507315189
1406332800,7918201405.086534,7921556891.568334,7746874650.333766,7830786652.223996,9064867.507315189
1406419200,7845895166.70886,7935265885.258449,7748702381.426209,7767974426.381695,12239771.169128971
1406505600,7798471057.320259,7845286736.773918,7504581179.012505,7715961388.1727,12239771.169128971
1406592000,7760566662.043736,7789377289.850232,7600611431.839206,7706328180.398143,12239771.169128971
1406678400,7706466433.064124,7709533278.837135,7324674825.347451,7414685711.537952,12239771.169128971
1406764800,7414779663.413412,7764585180.888316,7308478549.869978,7656986551.094582,12239771.169128971
1406851200,7688740878.5655,8002411809.635949,7658271991.266783,7878547252.0385685,12239771.169128971
1406937600,7872538241.897393,7892808559.503052,7697295425.042674,7761791087.64101,12239771.169128971
1407024000,7777469911.479202,7801517060.391073,7624969493.74258,7767225051.854329,9818970.115098514
1407110400,7750999071.073453,7862544792.816896,7669765493.684585,7760864802.558691,9818970.115098514
1407196800,7760647918.304675,7770158150.279204,7622257034.75808,7671016793.184391,9818970.115098514
1407283200,7671311742.4974165,7735223133.720145,7597444005.941458,7662939026.767014,9818970.115098514
1407369600,7662451685.727345,7807140015.567161,7630561795.835842,7723645676.357721,9818970.115098514
1407456000,7723754120.028442,7847651764.843293,7697528649.216543,7751682033.08759,9818970.115098514
1407542400,7764992704.0802145,7798186781.443668,7711116559.352826,7750074936.713816,9818970.115098514
1407628800,7789215794.551234,7887698349.985937,7737195712.363962,7805645473.430306,9456785.483728029
1407715200,7805878699.814293,7807455510.1942425,7536515103.283687,7576737484.48076,9456785.483728029
1407801600,7584614606.797295,7587463940.316766,7414849382.1790695,7481259586.199705,9456785.483728029
1407888000,7516104787.665652,7554656072.414794,6920762499.940566,7245133147.622457,9456785.483728029
1407974400,7259652445.256545,7290242531.090114,6558441126.877424,6706795730.709913,9456785.483728029
1408060800,6706606999.656446,6891770410.369596,6351543408.049809,6601287522.969559,9456785.483728029
1408147200,6649820307.347283,7093945604.598437,6409996635.790641,6907806683.986069,9456785.483728029
1408233600,6943126696.682449,6966174474.581771,6432402125.898852,6587928745.551826,26233741.35312917
1408320000,6603853314.447716,6772741128.87521,5852730882.456405,6294887714.21644,26233741.35312917
1408406400,6287911308.239835,6544209177.189242,5998321135.499317,6441756087.632495,26233741.35312917
1408492800,6526786457.203541,7004925267.715231,6179159234.47383,6860922059.7402,26233741.35312917
1408579200,6861697921.378291,7118599567.459651,6769401172.331715,6903001462.700037,26233741.35312917
1408665600,6912130353.477537,7053394133.614055,6642928766.223951,6861158112.424559,26233741.35312917
1408752000,6863730117.306221,6868943146.997448,6476988552.555907,6623410114.7065525,26233741.35312917
1408838400,6636684132.82093,6899332986.197253,6606059627.767382,6789391313.866976,30325632.44230168
1408924800,6789077164.103804,6855938622.734709,6638541305.677726,6771533666.627576,30325632.44230168
1409011200,6771488784.334679,6975771073.805592,6711568152.444416,6861264884.156292,30325632.44230168
1409097600,6890975542.644066,7013366580.462131,6816446936.952301,6857116173.988508,30325632.44230168
1409184000,6856021256.618001,6909494283.341913,6761589277.63835,6773544485.086724,30325632.44230168
1409270400,6781290799.96584,6894520957.396009,6681787633.533023,6798596034.851149,30325632.44230168
1409356800,6801249244.554455,6818019854.757669,6639782990.836822,6697583793.455282,30325632.44230168
1409443200,6723077277.892735,6779924893.464093,6340277973.285753,6423589156.597688,21029771.227517262
1409529600,6422724044.292394,6574320751.064407,6319929554.872651,6359071286.732955,21029771.227517262
1409616000,6376505177.106691,6496920490.801369,6299073545.052212,6356832713.514902,21029771.227517262
1409702400,6356923898.272267,6420192235.891165,6308172367.943063,6375576712.82125,21029771.227517262
1409788800,6372668416.719359,6691275572.516643,6316275678.508355,6543124953.478785,21029771.227517262
1409875200,6571184345.813562,6580799802.632382,6342808835.099035,6412261667.923919,21029771.227517262
1409961600,6411392716.316851,6531171252.488383,6402950061.202069,6445516673.772911,21029771.227517262
1410048000,6462065666.027862,6505628393.131036,6390100630.848689,6399259547.052272,14183623.535669353
1410134400,6427159817.738881,6452689768.660729,6138469419.542783,6314238712.433703,14183623.535669353
1410220800,6313563879.036046,6432668935.282743,6186909689.305815,6379477871.267631,14183623.535669353
1410307200,6379763429.935839,6641484171.48855,6378387352.040825,6428829570.291935,14183623.535669353
1410393600,6445415073.673308,6482743476.023376,6269596749.71948,6419874452.790848,14183623.535669353
1410480000,6440257047.152373,6451223001.898515,6228231119.073652,6401935750.665366,14183623.535669353
1410566400,6381540888.678247,6484211917.203262,6299646642.797167,6450974760.551094,14183623.535669353
1410652800,6465417984.083945,6537274394.392627,6397590089.031962,6432431590.893176,19978407.758772705
1410739200,6433329744.1430645,6498619706.798437,6318263213.238091,6347849311.390749,19978407.758772705
1410825600,6347284402.446086,6417204852.699707,6241311880.29859,6248699942.547889,19978407.758772705
1410912000,6268298246.645298,6302332372.035241,5990335587.557705,6111715297.0851,19978407.758772705
1410998400,6123545187.783267,6135820026.61624,5512794608.490387,5754271999.538197,19978407.758772705
1411084800,5777162926.26087,5816013894.620302,5124885218.884325,5362493633.981452,19978407.758772705
1411171200,5361188002.066388,5844654406.963982,5277128171.291629,5533641909.130032,19978407.758772705
1411257600,5574689966.767236,5615883984.744506,5288907215.501777,5420376551.042557,41809491.49724766
1411344000,5437024619.526781,5560194210.215757,5373465220.425761,5431860184.225703,41809491.49724766
1411430400,5426752653.019487,6148818187.181751,5338231417.635891,5955641719.206546,41809491.49724766
1411516800,5981084813.113604,6002486409.124926,5679329918.375644,5750659831.996961,41809491.49724766
1411603200,5749441472.1450615,5761807510.0868025,5423403691.322603,5552290556.817037,41809491.49724766
1411689600,5570307853.199377,5647966228.903733,5384503169.602013,5497270875.920458,41809491.49724766
1411776000,5516396390.405103,5577649699.106247,5390159741.93949,5468861416.048341,41809491.49724766
1411862400,5443769003.751321,5518406311.993385,5025496003.661696,5120811611.40111,18877176.12343857
1411948800,5121292227.020672,5268839977.596154,4976533461.449618,5104220255.2817135,18877176.12343857
1412035200,5104164251.833809,5431020184.720184,5068110425.356238,5334759524.851834,18877176.12343857
1412121600,5314850002.349609,5384889117.275944,5136879352.584977,5247243158.500371,18877176.12343857
1412208000,5247209166.338172,5281050722.122132,5064987067.996477,5105950102.261439,18877176.12343857
1412294400,5126732852.487159,5174794023.747452,4814456315.502444,4889637167.890214,18877176.12343857
1412380800,4890271498.084444,4982202239.9431715,4388292402.725278,4449776210.167696,18877176.12343857
1412467200,4460346082.90442,4642051331.505369,3756068314.230427,4420911482.797604,59799135.00390896
1412553600,4410881072.982538,4750025942.788088,4038605910.0930934,4487575322.2611265,59799135.00390896
1412640000,4486161561.728069,4604529725.896955,4260805004.1896987,4570029597.033871,59799135.00390896
1412726400,4569814255.254652,4902353051.670856,4458019087.750303,4854407679.143927,59799135.00390896
1412812800,4850662183.380439,5398459599.766101,4752308554.456915,4960209826.969269,59799135.00390896
1412899200,4960283288.552291,5183526464.382982,4779266052.71926,4914427771.042415,59799135.00390896
1412985600,4915327594.2947645,5017004837.934184,4788824190.909028,4930164873.263274,59799135.00390896
1413072000,4952344624.784908,5239187589.631233,4837916080.7259,5158044885.873788,15004789.09815395
1413158400,5163158266.0464325,5526902323.029185,5015463027.914493,5353150478.298413,15004789.09815395
1413244800,5357375604.9121065,5699683499.013984,5317442009.199376,5494188444.52626,15004789.09815395
1413331200,5475486248.111575,5509265798.662758,5252015394.028745,5370629059.990933,15004789.09815395
1413417600,5371114852.94638,5436936120.347512,5032172305.033914,5227007679.052654,15004789.09815395
1413504000,5232221465.903376,5260197963.450126,5047596143.261548,5222459529.28519,15004789.09815395
1413590400,5216516004.641434,5410261535.753169,5126726425.974618,5312102066.747326,15004789.09815395
1413676800,5323999476.711031,5374874420.285014,5239922182.60044,5277730572.455915,13856411.551296571
1413763200,5298804019.396987,5328500584.86305,5117566453.24476,5190824626.003381,13856411.551296571
1413849600,5188540138.105838,5369503758.633269,5158652601.091998,5258782505.888013,13856411.551296571
1413936000,5258762761.765738,5311818133.114682,5177983376.73055,5212716850.313716,13856411.551296571
1414022400,5211913256.713415,5251132425.575806,4801227348.165108,4870001324.711188,13856411.551296571
1414108800,4865563499.593639,4964562456.735063,4692905211.77787,4894959607.728793,13856411.551296571
1414195200,4894432854.876681,4900630176.03776,4652773821.996798,4756459076.930072,13856411.551296571
1414281600,4764833331.920202,4961822382.87439,4704551305.734015,4851974941.670069,21102245.224383935
1414368000,4853618233.245176,4904057538.463013,4768564865.337439,4781389666.632022,21102245.224383935
1414454400,4795120795.876398,4889947467.509645,4779262004.294256,4852604193.414704,21102245.224383935
1414540800,4857262878.074297,4863526667.795923,4549411276.884205,4583913915.183184,21102245.224383935
1414627200,4592691920.982771,4819033245.098119,4538475514.40309,4720244589.717578,21102245.224383935
1414713600,4720154642.185146,4746923650.071012,4572533744.480851,4607619152.384646,21102245.224383935
1414800000,4607322503.211508,4629501319.7723675,4310011775.016676,4423106548.766414,21102245.224383935
1414886400,4430062495.049863,4496561975.906777,4342589695.113359,4431124648.238544,40319591.860842146
1414972800,4429655317.323456,4564860250.571943,4405648587.572063,4444736634.843518,40319591.860842146
1415059200,4457875214.600625,4550307801.289599,4366822290.918199,4509711388.712479,40319591.860842146
1415145600,4505685414.099545,4707978873.684892,4489092759.6432085,4624184146.742031,40319591.860842146
1415232000,4624621616.215275,4829159889.163404,4590365825.477166,4780484956.519794,40319591.860842146
1415318400,4780155730.267327,4815799518.075078,4647578392.494884,4675850493.002449,40319591.860842146
1415404800,4675867769.969337,4760841863.902917,4653599372.5139265,4728163027.950784,40319591.860842146
1415491200,4748285375.222469,5027018346.955306,4701237540.558188,4999737581.097077,10648902.88534695
1415577600,5007789650.617167,5180829422.560325,4888411688.579239,5017751548.938208,10648902.88534695
1415664000,5016149744.17314,5091212289.085858,4930653063.036234,5073736259.742768,10648902.88534695
1415750400,5066521400.148106,5959064330.388428,5053626368.944581,5824128876.768724,10648902.88534695
1415836800,5832988781.726681,6210367771.034775,5212978439.285062,5756556902.932856,10648902.88534695
1415923200,5714347331.759091,5752596068.5116415,5235105118.804855,5471188332.267204,10648902.88534695
1416009600,5468996354.8815565,5572008408.171148,5043780455.157872,5156381921.219664,10648902.88534695
1416096000,5166013190.8322935,5414305109.172281,5136483554.848744,5341329326.638836,19598461.17472579
1416182400,5341081918.310319,5685989926.584899,5132136943.005862,5307797725.602991,19598461.17472579
1416268800,5321142085.614698,5404835683.950806,5074435545.328572,5129806339.248261,19598461.17472579
1416355200,5129719365.358682,5289556381.7132435,5084130820.063115,5186348242.484277,19598461.17472579
1416441600,5186911647.756591,5226621326.151834,4811861282.669359,4877534558.193635,19598461.17472579
1416528000,4878106994.867918,4912297723.163668,4677420627.998699,4809995599.96295,19598461.17472579
1416614400,4809408461.513395,5014450444.45478,4802512187.027807,4837379099.084609,19598461.17472579
1416700800,4870358759.857869,5141043600.608908,4849182962.794937,5049473935.13373,18154261.43908535
1416787200,5049503639.634707,5364500472.802307,5036989258.820487,5167519126.500739,18154261.43908535
1416873600,5167745152.24207,5432876736.187841,5141848712.068709,5187760560.669579,18154261.43908535
1416960000,5184428844.588951,5215722525.3017,4992348364.378248,5063768961.310163,18154261.43908535
1417046400,5066101934.061526,5163302804.4444275,5032633442.297397,5087092418.33458,18154261.43908535
1417132800,5087278777.306339,5245660624.970626,4916032902.9869995,5181435939.547201,18154261.43908535
1417219200,5169037909.895672,5328827979.685345,5116334989.324464,5168214109.262064,18154261.43908535
1417305600,5176857019.366709,5268567667.337959,5144280063.369764,5196217339.602763,20417512.631757326
1417392000,5184287819.924554,5274019904.571227,5140271220.91685,5190238100.827354,20417512.631757326
1417478400,5191428578.696074,5279973079.466388,5171973452.848568,5232334767.247362,20417512.631757326
1417564800,5231582648.057428,5282989115.049804,5154044122.7934885,5174637478.701543,20417512.631757326
1417651200,5192145442.46249,5226458309.40434,4960891273.73468,5087805238.564608,20417512.631757326
1417737600,5097557497.398236,5209314074.944231,5035143802.776094,5181823636.394615,20417512.631757326
1417824000,5181039969.490869,5196055290.77626,5109135937.421527,5156270654.137025,20417512.631757326
1417910400,5173146365.458072,5210992519.694761,5143105651.905287,5206142609.627671,9759143.31691989
1417996800,5189832055.39805,5208061273.506119,4951951430.323788,4984109968.010516,9759143.31691989
1418083200,5003422429.4658575,5031613888.241557,4741285124.876548,4855705789.219646,9759143.31691989
1418169600,4855847130.428165,4880698241.161283,4755972826.109342,4759640161.626412,9759143.31691989
1418256000,4760055580.893044,5028535886.099464,4684313760.346302,4811961379.852096,9759143.31691989
1418342400,4812317791.969067,4953120762.381009,4798853859.21136,4862490112.303251,9759143.31691989
1418428800,4877126646.044562,4893161102.859245,4788171602.844498,4853365617.440348,9759143.31691989
1418515200,4861312462.721661,4970688785.929011,4801264787.157463,4929786468.323475,13027984.5464984
1418601600,4939006783.865259,4941077900.261672,4784076167.261264,4823443054.974773,13027984.5464984
1418688000,4821061187.840695,4829770049.724007,4519259551.920036,4544111233.578801,13027984.5464984
1418774400,4544972507.826507,4646446206.312022,4351170179.886791,4450186744.068802,13027984.5464984
1418860800,4451226044.501297,4505802547.397946,4214509881.5883226,4321103913.803702,13027984.5464984
1418947200,4321452002.443661,4427750282.500083,4244115621.0845137,4401040025.250091,13027984.5464984
1419033600,4405707889.36418,4609721507.866957,4374661031.488453,4587738803.338938,13027984.5464984
1419120000,4595024191.405832,4606447852.472599,4412871175.498095,4434038557.834977,25927559.994178046
1419206400,4444860471.712586,4634434528.271631,4428849728.203807,4594263677.483914,25927559.994178046
1419292800,4607292473.470869,4703456203.120815,4535699467.917915,4668222158.499944,25927559.994178046
1419379200,4667889781.048525,4673006258.716395,4442257005.980703,4477179602.48697,25927559.994178046
1419465600,4477782153.402403,4488475155.864408,4385178534.398446,4432261160.380567,25927559.994178046
1419552000,4432210076.07959,4603675136.556409,4386608319.41797,4549371553.136263,25927559.994178046
1419638400,4564099423.925564,4566423976.11233,4317623246.069031,4387082240.768115,25927559.994178046
1419724800,4395774202.914839,4440730843.54418,4321127622.746629,4411142716.340551,17770041.377561696
1419811200,4411113739.946747,4447779924.15335,4306048924.23239,4346010841.688672,17770041.377561696
1419897600,4351101055.532676,4399477946.318777,4302480135.499914,4317687262.967687,17770041.377561696
1419984000,4318215719.799826,4459607203.023716,4311509452.906563,4457270844.898824,17770041.377561696
1420070400,4457085677.856641,4459214835.852506,4339689620.851941,4357779031.582169,17770041.377561696
1420156800,4357124799.374803,4404414907.4404745,4330268233.58307,4379660085.145765,17770041.377561696
1420243200,4378548558.905183,4399270428.148566,3886672733.453515,3916729515.542667,17770041.377561696
1420329600,3896978902.2929125,4030074995.9776373,3547557746.0372853,3674504334.1361885,53969300.95694542
1420416000,3682138237.2922716,3899117021.7342386,3673580041.8114634,3852152923.4393415,53969300.95694542
1420761600,3790527734.1805067,4245403957.681686,3789947217.229656,4090573967.6370964,53969300.95694542
1420848000,4089859319.8631835,4106601145.5654387,3770377026.1291323,3835023522.1457386,53969300.95694542
1420934400,3842015735.6818323,3918617937.0722957,3652101674.118055,3713595165.0123434,19967338.342438046
1421020800,3713708847.5905633,3799475982.037449,3671800578.79227,3726184466.7861905,19967338.342438046
1421107200,3721718163.8149643,3738771814.7277193,3008460563.972582,3163815762.149531,19967338.342438046
1421193600,3164093248.8799324,3222390125.057499,2122220582.8763125,2391329444.102239,19967338.342438046
1421280000,2399294703.9805455,3268555022.6731834,2349548705.612909,2944753409.446999,19967338.342438046
1421366400,2939879668.1916194,3116176316.658,2761796113.991092,2903193375.006832,19967338.342438046
1421452800,2902534028.5710707,2971587135.0273848,2679845652.3316884,2786894320.4110312,19967338.342438046
1421539200,2791682564.640129,3104775171.390074,2724237827.4741178,2960105492.429669,24983211.292739753
1421625600,2959731358.6458864,3089424056.319812,2901517304.4971843,3023447867.9747825,24983211.292739753
1421712000,3018388614.2868314,3033007635.066026,2822031626.462281,2945232077.678031,24983211.292739753
1421798400,2963351184.448217,3206595220.7515798,2865314177.411574,3176259633.1540256,24983211.292739753
1421884800,3184548253.2475915,3344207851.448604,3159050563.0921884,3273310751.211833,24983211.292739753
1421971200,3273260069.0960364,3357960974.449538,3152434662.016381,3266413459.452342,24983211.292739753
1422057600,3263000375.4811244,3496303054.859367,3214376482.6177244,3483490205.8813205,24983211.292739753
1422144000,3491839411.7757,3600674761.242065,3377425281.9025702,3574650790.1014376,40794115.194492035
1422230400,3565790060.8343825,4340203173.689975,3558001057.4437385,3843031163.4390626,40794115.194492035
1422316800,3842213835.7712517,3897639812.179482,3396840601.6180468,3689851550.7063694,40794115.194492035
1422403200,3689952473.5308046,3727217467.574097,3157052319.027055,3300727218.949917,40794115.194492035
1422489600,3300934248.8252544,3388562888.3620505,3074398260.8213296,3298035585.59195,40794115.194492035
1422576000,3287478619.250951,3427977853.1511197,3151167602.9784403,3202819510.2178407,40794115.194492035
1422662400,3202835064.889561,3286170575.5402884,3015846363.6792965,3035176101.1951175,40794115.194492035
1422748800,3056584058.851306,3270420246.1492257,2921499363.9310083,3182129198.362093,26734831.436892506
1422835200,3183153084.101057,3395641291.289901,3107935400.8085933,3342264927.721132,26734831.436892506
1422921600,3340265383.4952745,3426748382.038836,3134665965.417521,3195422550.2399416,26734831.436892506
1423008000,3194745263.1885996,3240666516.677362,3083241105.4015217,3182866642.936062,26734831.436892506
1423094400,3182948840.9266386,3212405017.634898,2950325702.595404,3040241961.0333986,26734831.436892506
1423180800,3035567450.9575524,3171275095.9930496,2952222692.290702,3132034398.8196816,26734831.436892506
1423267200,3133015922.1281233,3242711742.6063857,3107967996.8963776,3200744741.431346,26734831.436892506
1423353600,3213292059.004364,3272037892.2732854,3049698287.3687367,3143997476.942617,21835347.709626373
1423440000,3144911662.112837,3177714102.218928,3018959948.94934,3104480389.089659,21835347.709626373
1423526400,3104240305.8536425,3123728462.020673,3019267712.010184,3099179634.930371,21835347.709626373
1423612800,3098752326.1938696,3146840543.4092245,3061945755.516126,3089392808.0905914,21835347.709626373
1423699200,3090075930.249167,3141602057.378506,3063185081.4539247,3135761859.713101,21835347.709626373
1423785600,3135588319.252455,3410445115.165069,3107484592.280718,3329390939.829954,21835347.709626373
1423872000,3330680623.9538746,3645152087.82281,3323609585.5380507,3606963371.9259624,21835347.709626373
1423958400,3611424845.1950088,3770829783.464403,3200772138.8617253,3315288887.9819126,54949037.46192088
1424044800,3314003715.803847,3398551575.755506,3221275781.7783237,3300127464.689223,54949037.46192088
1424131200,3300182570.2058787,3500261620.3701477,3260122735.898838,3440315486.252379,54949037.46192088
1424217600,3439219704.513787,3476584291.056947,3259680375.2340636,3338115001.988772,54949037.46192088
1424304000,3338206000.0091324,3450000375.4937882,3312207936.8836575,3384201118.9545703,54949037.46192088
1424390400,3384149767.401744,3509961228.0126176,3363889370.9924564,3451971193.0072236,54949037.46192088
1424476800,3445424043.24538,3485980348.9572005,3429089506.830708,3449853832.0273476,54949037.46192088
1424563200,3462733450.896716,3489548206.583518,3272914239.23177,3333175080.6954465,13521634.371222898
1424649600,3332704987.3882403,3404652359.6627164,3268851165.7815413,3377936092.6397476,13521634.371222898
1424736000,3378459772.737729,3406844348.0216227,3326386373.2716894,3380741983.4546094,13521634.371222898
1424822400,3380331252.683558,3403118592.136815,3327368209.887449,3357692199.561688,13521634.371222898
1424908800,3358014698.317491,3370614731.1289873,3299780559.799794,3342578137.3634396,13521634.371222898
1424995200,3342620874.0864115,3617964971.552632,3329814535.3467345,3566379691.068558,13521634.371222898
1425081600,3559346825.4671383,3595750292.819308,3458215499.627266,3577164682.2844257,13521634.371222898
1425168000,3584607417.5047536,3683180247.9889812,3463018648.9020867,3652472845.749642,13482867.38308816
1425254400,3647429064.084633,3919259157.820724,3610283323.6324496,3886249001.403764,13482867.38308816
1425340800,3900694528.5302343,4031428196.4120736,3752329786.8165507,3967539388.7774906,13482867.38308816
1425427200,3967845564.399554,4014347516.665698,3738832835.0779314,3826133894.3098583,13482867.38308816
1425513600,3825171923.8334923,3967359010.6641903,3702119563.0193777,3857573048.6457005,13482867.38308816
1425600000,3863892314.242508,3908640446.02551,3797155500.686757,3851630462.8273993,13482867.38308816
1425686400,3850983691.797179,3950155159.090194,3811262828.031856,3908678609.258201,13482867.38308816
1425772800,3915121106.7102885,3929985552.7872596,3834265710.066298,3890998510.6024365,21573420.49102136
1425859200,3889946538.5396385,4091702478.5058436,3876243631.7032332,4062104619.2439413,21573420.49102136
1425945600,4062575552.2737017,4201250336.4551244,4005247960.715382,4097315709.599271,21573420.49102136
1426032000,4098558836.392782,4197378871.0168786,4035350972.3118997,4188496624.531087,21573420.49102136
1426118400,4185441585.197824,4211517760.9477334,4081089086.030082,4171896474.544497,21573420.49102136
1426204800,4178069528.712149,4179798795.6975117,3995483949.499008,4000397488.8037972,21573420.49102136
1426291200,4000713234.7623935,4067486659.5925446,3960206292.0852695,3984398317.1215763,21573420.49102136
1426377600,3996597809.155837,4076123448.336442,3982140048.372933,4059016834.1402297,18614825.756169137
1426464000,4059815821.416401,4169505029.4081726,4042342512.1651564,4094279932.8969455,18614825.756169137
1426550400,4095490345.5311666,4150148439.1888323,3988705289.082349,4003942685.2947574,18614825.756169137
1426636800,4004308079.8309703,4027790722.564283,3524427270.821258,3633160552.269713,18614825.756169137
1426723200,3635737897.4940166,3771891547.8006973,3526507019.409409,3710352631.799905,18614825.756169137
1426809600,3712308767.3022733,3763028894.20145,3640998386.113423,3713823213.690764,18614825.756169137
1426896000,3713283711.764062,3729698774.2568154,3630325297.9111934,3690314910.521928,18614825.756169137
1426982400,3696854615.1094165,3871903750.641095,3680742171.9174905,3805756613.1565695,17894986.56185146
1427068800,3813557792.720646,3843827539.1414223,3684607641.541796,3781990546.073795,17894986.56185146
1427155200,3782034152.159172,3795657600.083333,3435100405.069339,3485949836.963325,17894986.56185146
1427241600,3490581890.5501275,3565007566.68404,3360379785.6332064,3515531032.0623183,17894986.56185146
1427328000,3515857629.986681,3616234320.680119,3481598490.257384,3545369375.280146,17894986.56185146
1427414400,3546676463.517099,3567927010.0188346,3484536676.539613,3529426885.564131,17894986.56185146
1427500800,3528462674.1073556,3615079653.053616,3514905473.6890273,3597775435.221021,17894986.56185146
1427587200,3605230374.9760056,3609237529.5586715,3418342892.553667,3449366176.9655504,17516374.998293113
1427673600,3454576972.990724,3551460910.9927063,3365786002.898547,3531641724.4227486,17516374.998293113
1427760000,3532126981.6742687,3544471833.8623247,3394400162.399505,3477409454.463299,17516374.998293113
1427846400,3472605885.633128,3517521043.1473055,3405053484.764354,3512498387.7246714,17516374.998293113
1427932800,3511945656.894472,3663432642.587069,3476954246.9248576,3607874358.053347,17516374.998293113
1428019200,3606294194.636154,3657576633.666092,3574934305.678642,3619482332.442655,17516374.998293113
1428105600,3619244788.0435143,3644730202.2164564,3566047735.024789,3610808724.401691,17516374.998293113
1428192000,3616446556.3573427,3722549417.3940096,3582173049.4374847,3713305971.4304543,12344039.473894758
1428278400,3713914660.1123843,3750674211.432116,3617723945.264471,3641241477.6408925,12344039.473894758
1428364800,3642130701.5671306,3659834631.0469375,3580634729.2934217,3616181778.054517,12344039.473894758
1428451200,3615300563.802921,3637768766.0464926,3459598391.1983843,3489706222.3461657,12344039.473894758
1428537600,3486341342.6221695,3512731646.589615,3394159283.395513,3466684584.371755,12344039.473894758
1428624000,3471411826.308616,3477531846.248344,3286073870.471049,3360392600.768105,12344039.473894758
1428710400,3360491892.180833,3411349716.378895,3314150962.200843,3361626259.9936996,12344039.473894758
1428796800,3367075444.4968495,3389448217.4829535,3326436855.295327,3371810435.272106,16999062.089477602
1428883200,3370761158.359951,3380414397.881717,3129500915.52171,3182664713.813398,16999062.089477602
1428969600,3179938439.8472686,3206942243.704751,2992624770.7234306,3077323786.394385,16999062.089477602
1429056000,3076750497.4344378,3179391141.594635,3049945640.3337784,3177288766.9288144,16999062.089477602
1429142400,3176659625.0999565,3276675328.0181465,3169430106.808665,3243512092.6753364,16999062.089477602
1429228800,3242039263.5595126,3256283039.5670037,3134479758.406645,3173018194.2473927,16999062.089477602
1429315200,3172980574.565922,3206878521.4168115,3139710769.8801713,3185401875.229616,16999062.089477602
1429401600,3190270753.702724,3249528145.4273176,3167804708.5862603,3177626483.3559012,13997233.219114484
1429488000,3178061992.881241,3237262326.3521953,3160498269.8884115,3202584712.048156,13997233.219114484
1429574400,3202462587.4664774,3371882031.2759805,3194886825.594882,3366036512.142964,13997233.219114484
1429660800,3365437977.963328,3411133467.2921395,3269895150.3551292,3334170556.9051557,13997233.219114484
1429747200,3331090414.9858317,3377731055.1596146,3311701414.4709897,3372355252.047735,13997233.219114484
1429833600,3366808220.0568647,3373314131.517469,3254566601.0857286,3287595578.0480013,13997233.219114484
1429920000,3298182238.1420364,3318976885.23922,3220154277.037045,3229279236.3639975,13997233.219114484
1430006400,3234944398.1370053,3253612203.171648,3074204140.8627176,3141018065.8261447,20541847.576827273
1430092800,3140680221.510082,3291982976.12459,3109574279.703707,3249379086.301771,20541847.576827273
1430179200,3248465170.886333,3256337626.997961,3164330904.3224998,3218378287.7002373,20541847.576827273
1430265600,3218536732.074828,3246090545.45998,3166896035.7005396,3222213252.8939157,20541847.576827273
1430352000,3222549583.6115575,3430100221.247371,3206524278.11917,3373883862.3687863,20541847.576827273
1430438400,3377048864.040201,3418704192.4772797,3289333167.6026845,3298058568.64098,20541847.576827273
1430524800,3298840055.7046695,3355854629.3779554,3279283006.5096016,3338777529.654548,20541847.576827273
1430611200,3344816902.3335137,3466345832.6516137,3320195382.3227572,3416798119.8544984,14445647.872213181
1430697600,3426623868.144296,3464757088.6762466,3372501169.8699207,3406830885.8402576,14445647.872213181
1430784000,3405384412.6758504,3414636748.014183,3281589075.234779,3360268265.1387625,14445647.872213181
1430870400,3361052273.437144,3374708179.8928304,3243849517.459171,3266900248.3030405,14445647.872213181
1430956800,3264735089.55797,3432767835.803371,3249148018.3472385,3385903468.8423605,14445647.872213181
1431043200,3386776585.106512,3526463965.2962813,3361968049.381951,3476479954.1647177,14445647.872213181
1431129600,3476593405.976076,3532935939.1696143,3409454938.8757415,3458559528.824601,14445647.872213181
1431216000,3462896684.3181624,3510001250.255138,3406408469.5706444,3424052573.0815396,18899655.380319856
1431302400,3423823145.828902,3502876533.252574,3406030402.190838,3455173447.9919977,18899655.380319856
1431388800,3455481346.147351,3470950390.8904295,3399793707.5297947,3454186089.0741005,18899655.380319856
1431475200,3454357579.082787,3501055882.875213,3367280085.7745104,3381999784.697519,18899655.380319856
1431561600,3382271995.250855,3439369424.0551734,3327554670.772608,3400929206.9475064,18899655.380319856
1431648000,3400450783.7383347,3433882125.268518,3370778385.623834,3404904209.642067,18899655.380319856
1431734400,3404629731.594094,3407952484.463459,3354879188.5330853,3380471712.6727805,18899655.380319856
1431820800,3384173612.746099,3407872270.508453,3363470603.5470037,3390667440.4210286,11164678.169999609
1431907200,3386535446.5804725,3406296259.683902,3324245107.18113,3346303528.2817917,11164678.169999609
1431993600,3347990824.6022286,3368573786.814868,3313942888.6444035,3325719772.8195496,11164678.169999609
1432080000,3325600610.426869,3378341487.5664353,3316299361.310878,3370107955.411886,11164678.169999609
1432166400,3369958052.662476,3403620135.931287,3358729460.753071,3379029213.1940007,11164678.169999609
1432252800,3378881778.8761992,3467255861.9205394,3347313601.561836,3438228983.839174,11164678.169999609
1432339200,3435721870.765493,3468508005.437172,3413923529.705314,3422851963.121858,11164678.169999609
1432425600,3430321921.413034,3490374764.8937984,3424740273.060649,3449654698.6245937,16133637.676721081
1432512000,3456529152.5969605,3479412294.462792,3360795330.74563,3398526242.3000956,16133637.676721081
1432598400,3400096024.791899,3448638132.001076,3373344335.879402,3401931008.0564804,16133637.676721081
1432684800,3402001499.857068,3431807785.3781915,3375944251.364089,3397121715.2876654,16133637.676721081
1432771200,3399714458.811324,3429359313.9384737,3391249973.119187,3419327679.296772,16133637.676721081
1432857600,3420022292.375472,3426145532.148851,3379310573.571518,3412108882.5420523,16133637.676721081
1432944000,3412267649.8402658,3416481224.986099,3334818960.492953,3352940217.6708417,16133637.676721081
1433030400,3359294218.3954678,3375014890.7660055,3297303472.444332,3314383665.369467,15697200.2633817
1433116800,3314060778.52035,3357805175.457645,3190457343.0688014,3234106714.5900617,15697200.2633817
1433203200,3233321444.3677864,3280710181.0811424,3199143794.8222237,3260311482.1386375,15697200.2633817
1433289600,3260323220.689913,3289238309.417054,3220026018.303798,3245385161.578141,15697200.2633817
1433376000,3253299872.989217,3272912199.3399835,3211124888.543178,3227596464.1636496,15697200.2633817
1433462400,3227420919.446994,3272263110.382823,3169075730.1632624,3249285776.213599,15697200.2633817
1433548800,3249631379.4026995,3265840823.5891213,3228926131.015695,3258994340.100791,15697200.2633817
1433635200,3263774432.257093,3274392375.556426,3217984397.5176954,3231959207.864999,12890033.702377891
1433721600,3231489374.603673,3332058628.3565035,3224454548.556572,3311666244.7839203,12890033.702377891
1433808000,3309743840.0696774,3352320197.316933,3287264410.913473,3317949329.7322125,12890033.702377891
1433894400,3317755881.559994,3335682880.3986063,3288381469.2137184,3305531914.6721826,12890033.702377891
1433980800,3304143257.2461805,3332241719.20452,3294399141.634355,3321886925.298031,12890033.702377891
1434067200,3323600139.1585813,3348804477.3441434,3309479366.33578,3326669038.9914455,12890033.702377891
1434153600,3325936265.8963785,3368428174.743378,3306469918.251081,3360483093.0424786,12890033.702377891
1434240000,3366470904.020868,3403068173.1343994,3354467290.1124277,3372562802.8610387,15700977.213901317
1434326400,3372465956.8340936,3447409358.7883244,3354576354.6135044,3428647404.082255,15700977.213901317
1434412800,3429640835.4227767,3669294404.1145463,3402454260.1197705,3635040559.6073303,15700977.213901317
1434499200,3633638681.4502563,3747707657.496785,3533377872.47683,3603230447.30432,15700977.213901317
1434585600,3602799870.293762,3661634257.0737967,3488153160.952802,3613417893.2405305,15700977.213901317
1434672000,3613964983.013034,3639395836.173883,3520266296.510499,3545029596.1968184,15700977.213901317
1434758400,3545898617.896815,3575328495.0729733,3487931632.1943355,3561136601.374088,15700977.213901317
1434844800,3565468131.681873,3573076286.860858,3511682088.537748,3550069190.5360503,23380614.06608635
1434931200,3549391464.356257,3616096748.5483,3534656584.312661,3584969508.116753,23380614.06608635
1435017600,3584161517.4960504,3604697874.3213034,3524786780.631053,3548957832.6364436,23380614.06608635
1435104000,3550895391.5860324,3557255651.1876817,3465330918.763651,3496055996.551269,23380614.06608635
1435190400,3495851133.8453507,3538305981.7995815,3479437534.5633698,3522429468.2007627,23380614.06608635
1435276800,3523503494.46646,3546459172.963025,3491504870.260008,3536316548.479539,23380614.06608635
1435363200,3535904393.6225243,3670638460.6512375,3522401659.071017,3655762417.9729934,23380614.06608635
1435449600,3663493434.9312654,3664534167.8515825,3596833983.2405424,3623279757.386866,27837294.422649123
1435536000,3623351976.3265944,3746947371.852857,3616953624.6765647,3732423486.2425337,27837294.422649123
1435622400,3732116289.072117,3908308448.840561,3714860263.8436604,3825309846.3227706,27837294.422649123
1435708800,3826118266.4475937,3867356932.7416015,3694536788.4159136,3754446420.5103354,27837294.422649123
1435795200,3754228907.4783616,3802235653.2378883,3688501311.1799164,3710029762.8002267,27837294.422649123
1435881600,3710089730.813268,3740172252.402227,3677762727.4494367,3730483517.734176,27837294.422649123
1435968000,3732697170.3145704,3812477123.4671693,3702088099.3618755,3794009936.3415875,27837294.422649123
1436054400,3800626305.0105553,4014284475.7624617,3774098645.462229,3962260708.982021,23110437.281316485
1436140800,3960231451.049706,4067343118.8535314,3895993920.98093,3917840308.4021726,23110437.281316485
1436227200,3918535864.7484217,3966116385.764004,3850022566.490531,3874443032.8513527,23110437.281316485
1436313600,3876586547.3803673,3988381398.919587,3835067833.231504,3947765896.783314,23110437.281316485
1436400000,3943943423.218677,3973633037.5862923,3876649066.910701,3924953899.188626,23110437.281316485
1436486400,3926548191.1890564,4314089234.583805,3917260112.312721,4164955965.207357,23110437.281316485
1436572800,4156631812.898432,4356144825.08214,4139851975.0120654,4254122448.412289,23110437.281316485
1436659200,4261170749.942628,4649423233.425242,4257595832.2394223,4537818132.114831,68614093.68195032
1436745600,4537637045.245201,4547442112.126081,4103564859.5847754,4279976470.257609,68614093.68195032
1436832000,4276822356.7646966,4347245476.187909,4178794077.44972,4204325998.6710286,68614093.68195032
1436918400,4202947454.4735126,4297362257.822561,4153806376.7914515,4176694673.653741,68614093.68195032
1437004800,4176641237.530721,4279798426.7022977,4013561576.661768,4059623247.5540795,68614093.68195032
1437091200,4057135461.512072,4106048893.3226724,3976269577.1241617,4084480246.0861573,68614093.68195032
1437177600,4079175189.8504944,4140961503.299705,4041794607.425274,4045737456.310198,68614093.68195032
1437264000,4053171855.5409503,4075518084.0808864,4024622841.2586474,4033528993.8996778,32387028.787764385
1437350400,4027810604.0764794,4092186454.8640766,4019186081.3798347,4084362802.2531776,32387028.787764385
1437436800,4084062903.780202,4118182654.040569,4042656827.634624,4052250024.607133,32387028.787764385
1437523200,4048346995.4432364,4073173195.3057976,4024805220.5760107,4066742788.1371,32387028.787764385
1437609600,4064342645.2179537,4081399806.369254,4037593101.169638,4051341947.91504,32387028.787764385
1437696000,4050895108.0137544,4256162350.137016,4038173167.979402,4231765160.7106285,32387028.787764385
1437782400,4231456830.947441,4278199240.738494,4193435062.629742,4228126058.437248,32387028.787764385
1437868800,4238838277.0006886,4316400936.002591,4213898895.018692,4302080260.540619,26822520.059883576
1437955200,4297527113.772792,4366704246.913865,4198698152.1680765,4317151459.13746,26822520.059883576
1438041600,4313255710.493102,4359940159.847462,4283680677.3169894,4314008162.074346,26822520.059883576
1438128000,4312681746.175992,4324789192.631751,4211377078.0672812,4252113823.085838,26822520.059883576
1438214400,4253429750.49003,4258957932.410605,4170775829.1827774,4227261735.572896,26822520.059883576
1438300800,4231312490.460325,4246923150.7140355,4133413224.1962104,4175466755.379706,26822520.059883576
1438387200,4180660371.932557,4189552643.042045,4058679878.8475623,4112128835.4940147,26822520.059883576
1438473600,4120449894.2428317,4163466179.7731786,4063947240.72113,4151450986.4243526,27511814.557443887
1438560000,4154741332.220168,4203531509.0482054,4106584138.9158993,4123247875.2699585,27511814.557443887
1438646400,4123292963.3462577,4204593783.9510307,4120224841.8349013,4189118799.2524934,27511814.557443887
1438732800,4188092279.3591022,4206890213.7173953,4122856669.963529,4133130430.744464,27511814.557443887
1438819200,4135076265.462436,4145988305.9360714,4065225289.37459,4081289840.1141467,27511814.557443887
1438905600,4080927616.587187,4126370063.28669,4026892181.2154136,4110496220.583683,27511814.557443887
1438992000,4115065984.3695416,4117346582.62603,3826166767.8723,3853859583.8365684,27511814.557443887
1439078400,3860522621.456404,3964286659.5293355,3841995625.367214,3902733886.1900373,67872215.6625446
1439164800,3902551776.889915,3931376350.5847173,3850763924.713217,3892444323.435519,67872215.6625446
1439251200,3888694835.0273166,3999771009.7690434,3886432026.7926836,3992495715.1083903,67872215.6625446
1439337600,3992399085.681909,3995893976.496345,3910994828.81736,3942860807.4989676,67872215.6625446
1439424000,3939704046.7454634,3947874026.0072694,3860856891.1531625,3895800801.1531425,67872215.6625446
1439510400,3899506287.295381,3934674943.484936,3856157630.4746914,3908325343.931916,67872215.6625446
1439596800,3910246028.4854455,3926289270.523858,3833250345.986584,3850044438.331853,67872215.6625446
1439683200,3856604443.896812,3870021568.294271,3745061419.6250186,3777499547.6046658,27871720.42678385
1439769600,3777463513.2377377,3824436374.5863075,3754148134.7865586,3782324089.918264,27871720.42678385
1439856000,3785311216.8065143,3792560215.3474083,3258773192.087645,3316300507.802978,27871720.42678385
1439942400,3304117818.650698,3507821142.2548795,3273276121.1138606,3347116299.739001,27871720.42678385
1440028800,3339390432.6299014,3493194211.705554,3337766812.2409225,3474829136.207461,27871720.42678385
1440115200,3469081902.4256644,3493424662.0966725,3417609362.433946,3444104127.3689933,27871720.42678385
1440201600,3444496527.191798,3471386951.174927,3288364353.8863735,3406978442.875956,27871720.42678385
1440288000,3412739792.788564,3458474141.60655,3335587658.821971,3381082330.2244167,27651487.5067245
1440374400,3373614578.999478,3384275915.5438695,3065941571.1139884,3096675811.9963813,27651487.5067245
1440460800,3097479473.4719486,3369398845.7598467,2924006101.546887,3284322068.1177144,27651487.5067245
1440547200,3284396241.1022787,3414247261.400402,3243608444.456088,3334729279.7652617,27651487.5067245
1440633600,3334749190.6219087,3381011251.9875607,3294145568.044437,3322773315.0031114,27651487.5067245
1440720000,3322958165.2508054,3483731534.55925,3250118739.5510364,3418836494.6088595,27651487.5067245
1440806400,3420702834.685249,3453099545.008416,3343548629.7665577,3402869303.102349,27651487.5067245
1440892800,3406764926.753826,3443106350.947738,3326199663.7319827,3386317305.7852106,20620962.65567876
1440979200,3386677076.225206,3438257141.0921245,3315963861.90835,3398192499.605058,20620962.65567876
1441065600,3404128856.780859,3425806805.458218,3341965624.0576525,3370071505.7467356,20620962.65567876
1441152000,3370109921.7528443,3412511617.749181,3339748251.8774014,3387621047.130878,20620962.65567876
1441238400,3383927486.5512776,3400058483.69037,3344055674.5625405,3358683117.6826463,20620962.65567876
1441324800,3358176789.5881505,3420352947.245039,3343671676.277886,3406664458.3766966,20620962.65567876
1441411200,3409428789.0028696,3513467699.603825,3385908495.2499213,3486312325.2443347,20620962.65567876
1441497600,3489670730.9399805,3622259241.4621205,3481423733.3829727,3560173119.4079895,29604764.398043916
1441584000,3560148057.1561575,3601501393.8342485,3530917225.026139,3557937622.082574,29604764.398043916
1441670400,3556499508.002379,3649338763.162579,3552008352.372439,3615677262.801505,29604764.398043916
1441756800,3613450886.492172,3620311859.773595,3508407459.913544,3531013852.9554887,29604764.398043916
1441843200,3531318907.5011473,3581421531.142347,3476353187.9017067,3534892736.881258,29604764.398043916
1441929600,3534026424.658217,3570469906.0579486,3515954267.9316173,3554523609.2538095,29604764.398043916
1442016000,3553113445.910189,3556488099.1194477,3449949603.3606644,3477856230.71589,29604764.398043916
1442102400,3483971513.1512437,3504420470.8154044,3380067294.1368613,3406366337.6780562,19007089.253408108
1442188800,3406490322.910153,3456358074.574885,3321111625.2839,3406736035.229924,19007089.253408108
1442275200,3408631425.2133245,3432193150.38039,3357425352.2326365,3412383564.3350644,19007089.253408108
1442361600,3411573898.1731534,3422897824.5176616,3306616762.55892,3389017069.0241213,19007089.253408108
1442448000,3388861678.3581853,3489341162.451459,3367270636.6927485,3445631262.153116,19007089.253408108
1442534400,3446051985.7559257,3482474351.1514497,3424296996.934963,3460353712.861752,19007089.253408108
1442620800,3462367909.952434,3472079276.3032923,3409086729.043341,3413336443.2780075,19007089.253408108
1442707200,3419032062.120194,3449563900.6096864,3402241793.5931625,3423923265.055688,14732312.791975684
1442793600,3423801341.4082565,3426904212.544761,3344783351.0010667,3364134921.3259916,14732312.791975684
1442880000,3364219666.5284996,3452252682.490352,3316395003.299613,3425944981.1230927,14732312.791975684
1442966400,3420893483.621793,3444283685.0538416,3387385384.6951857,3410947904.428751,14732312.791975684
1443052800,3410730938.4529653,3502920046.669619,3399736199.0240216,3475939826.69766,14732312.791975684
1443139200,3476181164.0608387,3527458401.996915,3453363519.899146,3494938407.168963,14732312.791975684
1443225600,3493585135.925263,3503835095.704382,3460510234.264167,3474220275.9683247,14732312.791975684
1443312000,3480490987.893854,3493983236.4392514,3439854574.3767924,3459946128.161311,14578520.05360804
1443398400,3459421232.7438493,3568891351.594318,3446130400.5537906,3559462494.428533,14578520.05360804
1443484800,3559153909.3822064,3581934293.649037,3496541047.1910443,3525997870.2924867,14578520.05360804
1443571200,3523560010.1489253,3547084249.4485474,3490252600.55584,3515221450.2602925,14578520.05360804
1443657600,3509281989.2722683,3564371636.8028636,3494090448.9273105,3527365144.8287444,14578520.05360804
1443744000,3540434553.9147415,3557156403.18196,3490402891.4266477,3534834669.0087767,14578520.05360804
1443830400,3534310739.106398,3566852404.790648,3510830277.9517784,3551254503.8020816,14578520.05360804
1443916800,3558616568.2546687,3574879853.2933054,3536391427.1289372,3552248032.928726,15032208.156394346
1444003200,3552045892.0178733,3588307382.0563054,3512516629.768914,3585366033.219783,15032208.156394346
1444089600,3585443915.5459394,3696748991.5658765,3563998523.728898,3669783122.9136257,15032208.156394346
1444176000,3673304620.7002487,3687989240.3388867,3605975755.390429,3620371726.8104196,15032208.156394346
1444262400,3624300744.5286746,3644918825.7652364,3601956096.830541,3615473838.2031574,15032208.156394346
1444348800,3621007547.023123,3648601820.970405,3603378709.124811,3640492280.989461,15032208.156394346
1444435200,3640455938.827485,3670532885.1015353,3616429164.594479,3658980862.332411,15032208.156394346
1444521600,3664286254.974975,3708362381.3570786,3645748565.2342052,3699719710.960934,13192391.3346949
1444608000,3699756550.286156,3708355338.537387,3652361453.258881,3666985147.8145747,13192391.3346949
1444694400,3666883383.5753736,3743718443.290117,3618662777.714881,3723947665.3785157,13192391.3346949
1444780800,3727746276.4873123,3817881844.98058,3694264691.0736914,3761762463.9589562,13192391.3346949
1444867200,3761992320.608164,3823026786.2715306,3726264136.152791,3791225504.281668,13192391.3346949
1444953600,3790784399.095198,3978615302.8493237,3775893352.3209,3917129453.48612,13192391.3346949
1445040000,3917873936.5948596,4065963349.282336,3880047872.074766,4019569580.681533,13192391.3346949
1445126400,4025997783.097378,4045581003.211573,3875786423.059974,3893696637.7686114,38210962.84884562
1445212800,3892763343.7605944,3968953782.892618,3873335148.791441,3931843249.500341,38210962.84884562
1445299200,3941311740.1088943,4071975830.1136665,3915748457.6016355,4035573003.4876027,38210962.84884562
1445385600,4030462733.190232,4067541568.9013324,3934072603.972561,3992769833.684629,38210962.84884562
1445472000,3993549059.2792025,4176652451.5122633,3983409123.447458,4101921757.2270303,38210962.84884562
1445558400,4101871732.636543,4177487792.744079,4073215260.585385,4150691537.917892,38210962.84884562
1445644800,4150555928.746001,4232363576.255161,4143135716.8985596,4213470054.343594,38210962.84884562
1445731200,4223476314.3225756,4418677422.412731,4208603237.6501412,4236982396.888619,31759412.008827038
1445817600,4236775440.7011423,4283517251.2711105,4164388497.294509,4279291727.484787,31759412.008827038
1445904000,4279810352.6695824,4477541448.594176,4266140119.9713264,4408462276.195473,31759412.008827038
1445990400,4412344106.985929,4604496213.524322,4389980915.192407,4559145295.480673,31759412.008827038
1446076800,4559172436.583569,4770791034.665993,4498459059.533111,4697304637.689857,31759412.008827038
1446163200,4699446564.632436,4988973777.037649,4674666772.7836,4904083770.890409,31759412.008827038
1446249600,4899067795.656354,4996157106.31798,4518132757.00564,4626701383.411779,31759412.008827038
1446336000,4646367543.250298,4932217619.771539,4526767133.713946,4869826428.0086975,50886046.84470368
1446422400,4869940282.44081,5517244964.019219,4776943784.626012,5402328526.721972,50886046.84470368
1446508800,5395300879.204977,6285560711.649827,5373947636.955786,6027561885.676033,50886046.84470368
1446595200,6035713739.713682,7490861454.010752,5480552766.5018015,6082082132.631896,50886046.84470368
1446681600,6082528327.152974,6696375075.448685,5427953377.044309,5747695295.651599,50886046.84470368
1446768000,5781941821.643305,5921684915.28896,5265888912.713778,5587151898.514065,50886046.84470368
1446854400,5586451405.246302,5864164871.310955,5533408230.91762,5721537502.819057,50886046.84470368
1446940800,5733089645.247606,5839731932.287207,5469859516.569808,5569878281.881653,52226642.65234819
1447027200,5573022681.54504,5782948728.098259,5385176185.660903,5646103846.659068,52226642.65234819
1447113600,5648673352.3614435,5704335874.358234,4833753766.424973,5034811633.635423,52226642.65234819
1447200000,5008283469.361321,5109562126.788369,4394215801.784878,4635451411.6667795,52226642.65234819
1447286400,4636013797.828737,5160130785.937152,4610395734.911994,5041733956.600293,52226642.65234819
1447372800,5038968908.232424,5117464185.033746,4858205931.046045,5039613127.78386,52226642.65234819
1447459200,5039775691.697866,5328577149.2065735,4865149527.417592,4980424046.111643,52226642.65234819
1447545600,4987999865.322139,5021687396.115584,4712100546.234731,4783833708.715763,34458214.22315485
1447632000,4784097129.566087,4980410868.855862,4717554506.663667,4956314518.542903,34458214.22315485
1447718400,4956212909.225296,5251563966.799515,4926381806.5920925,5033802582.852314,34458214.22315485
1447804800,5041783291.021324,5073206380.25017,4955168443.355342,5038304324.966348,34458214.22315485
1447891200,5038155615.533746,5051641682.798937,4873231346.372389,4892605923.797369,34458214.22315485
1447977600,4899704997.708022,4920607055.581636,4650413402.598661,4832828243.3485,34458214.22315485
1448064000,4833132268.692195,4937821979.637761,4778397090.995392,4899696174.515548,34458214.22315485
1448150400,4909000582.096962,4911503546.378861,4811187176.097303,4872833775.900906,23560007.96698877
1448236800,4873096056.790123,4903201631.406469,4814163301.502266,4862241277.71528,23560007.96698877
1448323200,4862574838.279549,4864167465.814252,4762126872.798046,4804979684.793813,23560007.96698877
1448409600,4805569224.365634,4974059617.447377,4747277582.955631,4942450258.351739,23560007.96698877
1448496000,4941916876.681867,5556561701.346142,4932535378.286739,5304092095.176687,23560007.96698877
1448582400,5316952329.207012,5481957655.263053,5220931965.695857,5362627985.614643,23560007.96698877
1448668800,5366951247.002039,5399068761.138477,5259126875.978575,5358496150.400398,23560007.96698877
1448755200,5366277341.983086,5615086220.172217,5329358334.943521,5586962443.682024,28861981.432169076
1448841600,5582251709.549288,5761210102.864082,5518150631.43525,5663690703.280676,28861981.432169076
1448928000,5662945359.288976,5700704241.363829,5328576474.493543,5458542307.3520975,28861981.432169076
1449014400,5453314896.732266,5459224319.071184,5240552962.486208,5397049363.556515,28861981.432169076
1449100800,5400060949.129051,5575312141.08801,5355709725.550465,5435566692.645704,28861981.432169076
1449187200,5437117831.0840025,5482304889.281321,5352952357.521977,5470214050.546988,28861981.432169076
1449273600,5469888712.06085,5867470670.239606,5457264174.379184,5833676414.087377,28861981.432169076
1449360000,5845639582.261662,6026346212.441943,5768104215.559668,5848276030.728316,82109286.93045554
1449446400,5852833659.352001,6026341024.072164,5737642320.43406,5958396603.873942,82109286.93045554
1449532800,5957941724.348415,6313898983.031331,5847614289.006844,6295484936.63629,82109286.93045554
1449619200,6277859276.79959,6408366636.054363,6023335598.246301,6283217389.351505,82109286.93045554
1449705600,6279884402.775258,6327957565.472378,6158613697.381289,6260112533.421914,82109286.93045554
1449792000,6261487077.44848,6849946812.93012,6251372753.224458,6823890027.253622,82109286.93045554
1449878400,6824838226.724236,7049635904.853068,6068214185.510446,6570624965.175368,82109286.93045554
1449964800,6580372434.82477,6688048786.087749,6365619488.995728,6536819085.643802,96298734.38915607
1450051200,6537760579.999407,6767265128.341132,6463981631.807464,6690858835.468005,96298734.38915607
1450137600,6690285169.725601,7018249422.935619,6680411863.47184,7007118241.795692,96298734.38915607
1450224000,7007052384.019642,7018070152.53223,6589108593.928353,6878045390.594333,96298734.38915607
1450310400,6872800075.092245,6924068639.877619,6768106814.919817,6881638890.123708,96298734.38915607
1450396800,6669246175.219619,7042613176.908297,6623625226.112981,6976521749.80337,96298734.38915607
1450483200,6994241708.802202,7029396965.3878145,6816037900.51939,6964198332.967132,96298734.38915607
1450569600,6979419850.496527,6984883337.30757,6555106877.426619,6688633958.263058,44683103.275505684
1450656000,6686399462.657384,6802955638.913438,6429173211.784746,6621012212.485274,44683103.275505684
1450742400,6621330701.325291,6706695535.972986,6543685060.142422,6581799077.181924,44683103.275505684
1450828800,6584066224.651662,6735222525.713288,6563931644.940464,6688270634.3377905,44683103.275505684
1450915200,6694586390.372368,6947929437.5145,6692923853.052543,6877189199.701552,44683103.275505684
1451001600,6888988938.437823,6931819181.4514885,6770208582.203471,6886362281.853276,44683103.275505684
1451088000,6886461508.13142,6922351323.922355,6155956507.335041,6313104544.738377,44683103.275505684
1451174400,6320337425.609572,6449792841.6321945,6218728254.047863,6391187098.89819,113941372.63340588
1451260800,6391387202.356606,6520545672.882216,6316685036.833382,6389939413.101028,113941372.63340588
1451347200,6377726350.338488,6570101202.372331,6340194111.045868,6544623529.6957245,113941372.63340588
1451433600,6542012107.043338,6600576781.784083,6375001218.841685,6455665589.350593,113941372.63340588
1451520000,6459470414.172971,6580094335.772801,6360597543.655055,6530137955.367102,113941372.63340588
1451606400,6529729188.759874,6610976655.982942,6472683931.768798,6574923671.119568,113941372.63340588
1451692800,6590792711.709296,6611771709.34674,6522192033.29077,6571526362.941442,113941372.63340588
1451779200,6577205988.193673,6594055854.418235,6436551449.96025,6544656803.47981,30988513.82254721
1451865600,6552704652.269364,6620432484.069686,6503811688.622928,6592796495.922714,30988513.82254721
1451952000,6579580963.934915,6614027841.111826,6520719248.996956,6566701951.282532,30988513.82254721
1452038400,6566594626.426113,6571847536.5120535,6473931760.227263,6520952982.431127,30988513.82254721
1452124800,6528871283.704507,6974079013.367451,6509165147.661533,6935698632.988695,30988513.82254721
1452211200,6933748272.286987,7061945710.751789,6742286262.267274,6872290848.441849,30988513.82254721
1452297600,6861914172.154534,6900166608.37286,6779818884.977641,6815960451.641452,30988513.82254721
1452384000,6829132286.189477,6847892561.486251,6701907618.334562,6827395096.637159,33320402.81025255
1452470400,6818334957.326746,6865488462.979181,6660209622.53589,6815465819.185381,33320402.81025255
1452556800,6814676024.553071,6819352309.247161,6604332491.378678,6617193724.750582,33320402.81025255
1452643200,6616408585.045131,6673145680.417863,6458140460.82796,6585056030.276581,33320402.81025255
1452729600,6586005525.223008,6614112785.957504,6497911671.255869,6539591497.357771,33320402.81025255
1452816000,6541588355.9483185,6551297854.339865,5479092978.900488,5484491875.229239,33320402.81025255
1452902400,5493780209.291869,5979999711.567674,5359444720.248253,5895203086.932351,33320402.81025255
1452988800,5919905225.924619,5988354277.318676,5736491685.5525875,5815643006.953352,90519903.48880604
1453075200,5807389109.085093,5944926023.924009,5705035234.285925,5890583324.466336,90519903.48880604
1453161600,5888811523.917362,5914335240.082603,5732011848.213601,5754173994.933016,90519903.48880604
1453248000,5755873331.339008,6464891456.852151,5684874471.036439,6357779211.21535,90519903.48880604
1453334400,6397100374.673101,6439866484.792291,6176840280.862386,6261029434.934859,90519903.48880604
1453420800,6257234908.288638,6282623967.227389,5721127570.803033,5850133961.811513,90519903.48880604
1453507200,5854404465.3972,6043357447.450283,5819458234.267444,5904813898.867086,90519903.48880604
1453593600,5917115092.19564,6224918668.944799,5894890826.210065,6157788592.952854,54330097.12794928
1453680000,6157003027.072561,6164342848.398533,5895991174.8559475,5985742922.3057995,54330097.12794928
1453766400,5973241090.728651,6116004933.167092,5910850919.393076,6018024390.912693,54330097.12794928
1453852800,6017813824.286846,6117307056.30519,5988688965.162475,6075508872.6453705,54330097.12794928
1453939200,6070505092.492108,6100607802.800218,5769835851.909507,5834504647.591088,54330097.12794928
1454025600,5832374987.1127,5903745767.9175,5581605157.777336,5809079152.025187,54330097.12794928
1454112000,5808227837.321756,5845800517.275419,5716775734.3540125,5761536977.87913,54330097.12794928
1454198400,5784969633.577508,5836518173.721849,5595655390.173567,5663321855.587966,34596451.737250745
1454284800,5663969655.964098,5817534395.15566,5630602087.365606,5714066812.69138,34596451.737250745
1454371200,5714547323.368597,5766380183.716305,5679702779.968311,5732604536.83008,34596451.737250745
1454457600,5732417012.193597,5750453979.845023,5607155189.0898905,5661984819.461523,34596451.737250745
1454544000,5662284828.24349,6027289193.479905,5652661646.81372,5961007687.746323,34596451.737250745
1454630400,5963320095.138046,5991403037.057649,5885321353.496267,5921122082.965978,34596451.737250745
1454716800,5918972733.123056,5925597318.148154,5708979181.463917,5772427756.798002,34596451.737250745
1454803200,5785191935.904752,5858999571.322646,5744960908.889413,5777765076.285078,37751948.336782254
1454889600,5777992771.773596,5841864683.099093,5698809342.779889,5714553053.175161,37751948.336782254
1454976000,5714636622.597262,5811706447.154444,5683898334.861289,5749588397.026974,37751948.336782254
1455062400,5755978383.198417,5916728494.844111,5728723225.865591,5846412880.257644,37751948.336782254
1455148800,5842347647.06453,5865843571.240166,5745822232.542875,5818658359.717164,37751948.336782254
1455235200,5819182532.477755,5921564650.734672,5802805163.981101,5909928097.017419,37751948.336782254
1455321600,5906441416.153504,6034119984.455825,5883111759.029625,6028096316.026376,37751948.336782254
1455408000,6040397967.041295,6285783911.172402,6027095518.509109,6252366188.39412,86036478.37180309
1455494400,6261029800.606587,6332655415.24752,6068627438.583359,6166689895.355763,86036478.37180309
1455580800,6170162158.672623,6307028219.3161335,6111052592.24881,6294470920.135637,86036478.37180309
1455667200,6294066971.102867,6509396733.834651,6226178664.157684,6410032577.828727,86036478.37180309
1455753600,6410866979.612647,6558301757.299915,6367426751.390175,6494112931.687807,86036478.37180309
1455840000,6492261823.248327,6513675938.985234,6378599234.785736,6470774304.527586,86036478.37180309
1455926400,6477850596.008235,6852821988.836174,6464601982.839128,6699192127.114933,86036478.37180309
1456012800,6711587721.448519,6925040751.184635,6574436712.348402,6773568360.310882,99735786.37846959
1456099200,6770528061.636165,6792531969.744581,6655704151.26933,6769828838.863595,99735786.37846959
1456185600,6770586872.662087,6804331693.436108,6389199593.913931,6472492130.619235,99735786.37846959
1456272000,6473504953.958585,6556899937.827231,6315111643.454432,6545683946.693894,99735786.37846959
1456358400,6545757571.084794,6598614797.583513,6417489115.294123,6543217441.752139,99735786.37846959
1456444800,6539028557.182267,6674292249.965593,6451707407.293277,6670152116.698261,99735786.37846959
1456531200,6669331429.637871,6723045020.079374,6608799531.1144495,6655484631.686894,99735786.37846959
1456617600,6666889865.392478,6729595032.347171,6526893269.677683,6674058855.637291,54276544.592099555
1456704000,6652395546.695522,6823735372.758055,6615392420.787478,6729503075.192539,54276544.592099555
1456790400,6752326130.276965,6769499667.204877,6597725442.178227,6685137675.024712,54276544.592099555
1456876800,6698355427.309627,6719833597.133964,6509524330.064182,6546103557.499022,54276544.592099555
1456963200,6529539098.690463,6574658088.865766,6426576453.831554,6506098010.243379,54276544.592099555
1457049600,6506062241.264175,6569585867.919555,6280793759.898405,6317473543.237297,54276544.592099555
1457136000,6322014538.246283,6344898953.734583,5911099155.455253,6194149076.168139,54276544.592099555
1457222400,6203268773.119236,6406254605.562496,6093029467.817345,6303049911.194699,196266674.68946677
1457308800,6301476175.554884,6448462824.510144,6245144776.441022,6422178550.554596,196266674.68946677
1457395200,6421143394.412093,6443063338.104868,6329825735.32725,6389717530.982795,196266674.68946677
1457481600,6394980379.389738,6422568301.468557,6338809113.309697,6409635943.226511,196266674.68946677
1457568000,6410540674.797767,6492120772.288484,6349234749.469289,6466942827.513788,196266674.68946677
1457654400,6467418582.273418,6570308284.6308,6446825102.480573,6516325395.622752,196266674.68946677
1457740800,6516105883.225584,6553726607.421384,6316266803.032292,6391319353.834875,196266674.68946677
1457827200,6389134739.093999,6507489893.582838,6379919816.511113,6439058264.204476,132853404.42327696
1457913600,6436850345.747058,6476674602.944512,6387259752.842597,6462573292.60919,132853404.42327696
1458000000,6459094391.591008,6506794811.524963,6412584879.7882185,6476545146.765714,132853404.42327696
1458086400,6477719605.512168,6501220903.28272,6430815575.28699,6492138916.133917,132853404.42327696
1458172800,6491026874.531319,6535766992.09441,6466605954.684045,6517867404.273611,132853404.42327696
1458259200,6516326279.920807,6521995262.392964,6273420588.094477,6351622381.2070675,132853404.42327696
1458345600,6345328334.548328,6390216304.465124,6286200790.48912,6371544659.311871,132853404.42327696
1458432000,6370290459.144704,6434719141.660167,6339248514.69098,6418875350.584899,77808541.76357144
1458518400,6408597819.605773,6437375266.228579,6339625140.360022,6426375066.643095,77808541.76357144
1458604800,6418263612.269391,6512357155.184052,6399815643.287578,6501379430.328891,77808541.76357144
1458691200,6498047777.194372,6545362103.14915,6447806157.881817,6521548040.709532,77808541.76357144
1458777600,6522262883.981563,6540042977.449453,6441833914.610858,6489797572.851432,77808541.76357144
1458864000,6491093394.426702,6527108467.234534,6434670741.22933,6502428912.935718,77808541.76357144
1458950400,6499970551.1982565,6525655888.943002,6469074973.4708805,6520996660.953298,77808541.76357144
1459036800,6532417740.347005,6536753006.612917,6505931895.121832,6520180911.2932,47058565.221422024
1459123200,6644998424.395748,6654960003.070858,6569434874.745151,6616877155.085487,47058565.221422024
1459209600,6618120198.651118,6651657295.229963,6369761815.346678,6515632968.649858,47058565.221422024
1459296000,6507612204.4591465,6518401560.077719,6390382523.2499895,6476761870.824903,47058565.221422024
1459382400,6475504770.911343,6531948172.169823,6434943029.5237255,6489599081.127608,47058565.221422024
1459468800,6490599821.136024,6532248116.21336,6467000834.544261,6518038704.430851,47058565.221422024
1459555200,6518256869.630511,6588551956.850263,6510660247.167689,6564179826.843627,47058565.221422024
1459641600,6578801576.732215,6586449224.134167,6520708361.837934,6574941286.549718,42061644.83596835
1459728000,6567407984.810093,6595168538.090766,6522612178.842148,6571899865.744221,42061644.83596835
1459814400,6570336020.805162,6641206288.837353,6530427063.679431,6627733714.330963,42061644.83596835
1459900800,6628220561.6148815,6635621483.346806,6582951381.297597,6601422185.039663,42061644.83596835
1459987200,6595140882.826142,6620436484.391159,6551207210.166998,6582773822.240052,42061644.83596835
1460073600,6583318222.60908,6650119376.438762,6518566329.562937,6546941459.523928,42061644.83596835
1460160000,6546437931.356649,6564433117.943428,6446770199.190113,6550097001.578219,42061644.83596835
1460246400,6566752106.375996,6636207638,6542236797,6604529568,65228690.758393385
1460332800,6598402017,6645815108,6554828753,6639464897.155017,64347369.4553713
1460419200,6639464897.155017,6737261306,6628036813,6678564242,64347369.4553713
1460505600,6680726358,6700853937,6615981466,6655105032.376967,64347369.4553713
1460592000,6655105032.376967,6669522875.634051,6626231243.644208,6657955338.462124,65228690.758393385
1460678400,6651948289.785611,6741934720.046568,6622756298.878558,6725088030.009228,65228690.758393385
1460764800,6721992535.515817,6784258931.038173,5971266869.738676,6745401372.163978,65228690.758393385
1460851200,6750550253.214397,6765646460.544844,5927171252.885736,6707993957.121018,55261265.30908272
1460937600,6703778516.433123,6751156515.686351,6676898869.05221,6717983580.146979,55261265.30908272
1461024000,6717971905.30781,6857832276.873836,5944413093.5477915,6835156425.859386,55261265.30908272
1461110400,6835407634.347726,6969786708.436799,6791100813.76196,6934517572.029373,55261265.30908272
1461196800,6932825990.321551,7094180241.233967,6895166552.797173,7069006882.88056,55261265.30908272
1461283200,7068728793.186449,7081197037.711468,6941624395.177372,7021651703.271936,55261265.30908272
1461369600,7012432956.463801,7095002779.446468,6966333204.140593,7086284698.046827,55261265.30908272
1461456000,7103424965.685001,7391245989.744957,7021190241.075034,7227701386.460739,68046350.49055606
1461542400,7227485954.494007,7381135241.464377,6369910301.283268,7257116338.037531,68046350.49055606
1461628800,7256105744.397779,7381558333.79083,7247111076.909587,7335486716.997946,68046350.49055606
1461715200,7335229637.290581,7372916423.937585,6431610932.065604,6996165938.853933,68046350.49055606
1461801600,6996395791.876224,7090187381.980495,6830389657.422601,7056804722.872985,68046350.49055606
1461888000,7069052060.131124,7176481882.970566,6996686638.998946,7171502218.949227,68046350.49055606
1461974400,7172193201.419698,7183799821.503208,6174267501.599225,7047243357.132264,68046350.49055606
1462060800,7061089225.404169,7150219815.058914,7032984197.901708,7132990502.65933,104890589.90635964
1462147200,7132965600.108919,7153609633.384256,6902271901.150941,6994109098.964257,104890589.90635964
1462233600,6994303174.09197,7122820494.235088,6938937918.577239,7095107770.579248,104890589.90635964
1462320000,7105350895.177054,7115205718.698164,6991570598.473046,7033092244.230612,104890589.90635964
1462406400,7044565599.788224,7088522763.02751,7005004450.250091,7060468001.095154,104890589.90635964
1462492800,7061622586.838864,7306599052.619177,7032117916.2355585,7213051900.430843,104890589.90635964
1462579200,7221511477.073317,7255884349.726274,7169098888.747301,7204809324.6342125,104890589.90635964
1462665600,7233869291.599547,7248236520.008114,7184224698.086133,7222033781.244405,50020342.43351357
1462752000,7214668622.062743,7328389292.137556,7175794675.264642,7259725454.993177,50020342.43351357
1462838400,7270326037.720577,7298590790.619292,7045370909.770483,7116229017.957386,50020342.43351357
1462924800,7105047931.231067,7221079648.716671,7092306401.621754,7138771228.424932,50020342.43351357
1463011200,7139526072.548402,7179355454.694598,7071778628.4459305,7174701650.836007,50020342.43351357
1463097600,7175515916.8841505,7211477585.167055,7123406628.405194,7189881982.307351,50020342.43351357
1463184000,7197789795.593939,7213257698.61269,7147798339.893759,7183839521.864488,50020342.43351357
1463270400,7210791071.462603,7241940376.44138,7181654216.570475,7229663423.64636,49925414.99018206
1463356800,7230426633.632252,7244622713.41317,7124307285.307249,7174482768.16832,49925414.99018206
1463443200,7175339052.435269,7211162386.138764,7140125863.5939,7159783096.410373,49925414.99018206
1463529600,7158514344.745524,7205063165.301655,7139354175.988394,7158033266.934774,49925414.99018206
1463616000,7151078586.218762,7181773272.338596,6872346794.997411,6900704423.109533,49925414.99018206
1463702400,6902250023.050659,7043124234.572435,6879767058.646471,7007659069.001645,49925414.99018206
1463788800,7009585330.570014,7035732043.456226,6884895485.525717,7019879388.602873,49925414.99018206
1463875200,7024305691.09057,7043369904.310005,6896604410.159936,6960753110.442861,56518492.56592108
1463961600,6959220290.970355,7032430631.312669,6918761901.588414,7026087516.95226,56518492.56592108
1464048000,7019509817.479942,7086330347.790411,6987443843.74872,7040815286.689518,56518492.56592108
1464134400,7061129754.794982,7134817384.607095,7036695001.342315,7113365305.333013,56518492.56592108
1464220800,7107846877.415123,7191264341.855686,7076093707.665157,7169256434.063932,56518492.56592108
1464307200,7168235667.33579,7584352243.44417,7143656860.95208,7472737500.698601,56518492.56592108
1464393600,7450052539.565005,8379620072.805565,7391880083.125964,8209468537.54331,56518492.56592108
1464480000,8304929830.083998,8605210510.9922,7705403348.331462,8241443154.301269,220343762.45222455
1464566400,8236619136.565674,8521706278.946596,8107279330.9947405,8392014600.750828,220343762.45222455
1464652800,8393357930.582778,8734893608.145527,8181176982.591475,8456879481.518552,220343762.45222455
1464739200,8463943725.042837,8639542539.72802,8349818098.416206,8539356562.659364,220343762.45222455
1464825600,8539674204.303594,8590659957.727343,8407316648.427599,8553988291.184016,220343762.45222455
1464912000,8554435256.987177,9206245953.541492,8508345613.121833,9058697394.69003,220343762.45222455
1464998400,9058014727.235287,9369281684.217052,8869596662.739126,9125043164.518421,220343762.45222455
1465084800,9136277911.327496,9280421798.925734,9007704391.026743,9143061417.673767,113336310.52975367
1465171200,9139267140.381844,9339846789.186256,9130095691.862822,9306436628.508629,113336310.52975367
1465257600,9299906783.500751,9471714121.850569,8952697881.698984,9194943958.145874,113336310.52975367
1465344000,9192465242.780458,9320801148.44859,9095544238.911318,9286550978.173317,113336310.52975367
1465430400,9286123589.722614,9301292452.588295,9121784466.844181,9165951244.430676,113336310.52975367
1465516800,9181690307.690935,9252921027.195686,9109705805.256721,9212507749.890572,113336310.52975367
1465603200,9187796948.398426,9743094523.305677,9168603200.215862,9712422397.747162,113336310.52975367
1465689600,9731315932.115705,10900172497.775116,9595855028.791834,10697972280.070772,146191982.35107234
1465776000,10645237684.970997,11557062593.556288,10418266944.602613,11215235348.406408,146191982.35107234
1465862400,11206159436.290533,11239758328.114988,10423079684.689919,10920996586.88803,146191982.35107234
1465948800,10921136603.129402,11099840532.67492,10703343403.461836,11071266797.21554,146191982.35107234
1466035200,11072542613.966345,12322253072.56128,10971507450.901722,12199201943.900768,146191982.35107234
1466121600,12215488193.263834,12407898724.500368,11221002890.270395,11856222762.362516,146191982.35107234
1466208000,11853647235.14519,12407373555.048584,11484980327.740894,12001877770.107077,146191982.35107234
1466294400,12003349119.898743,12202330571.479115,11778404477.116976,12128199264.459633,412472871.33996093
1466380800,12092084863.159449,12181611477.890326,11506931594.202162,11641556417.466173,412472871.33996093
1466467200,11548221749.902016,11619101517.65066,9946989147.118555,10636939203.2593,412472871.33996093
1466553600,10602864785.93642,10823434110.43007,9364125175.668186,9592341854.130901,412472871.33996093
1466640000,9579151992.417679,10107478394.439768,8608490401.770205,9970286708.708853,412472871.33996093
1466726400,9933251382.151304,10917636245.167465,9883476296.440767,10546499879.371998,412472871.33996093
1466812800,10532276032.154768,10915523366.726685,10175373110.529253,10509779609.002758,412472871.33996093
1466899200,10630530766.044409,10649317942.911566,9820784808.029896,10105007796.75479,124362919.72891198
1466985600,10096098355.234404,10492192920.125555,9925598131.863194,10397682094.821413,124362919.72891198
1467072000,10397215628.767399,10526842667.343382,10164054772.880262,10373826300.823614,124362919.72891198
1467158400,10371381291.41987,10417881960.81116,10088231913.725248,10270037545.728567,124362919.72891198
1467244800,10271908748.66724,10815818977.855907,10184458806.827118,10786442046.25665,124362919.72891198
1467331200,10786625285.52925,11092506645.896338,10679118264.676489,10847263892.756565,124362919.72891198
1467417600,10846162492.145151,11201544656.30373,10819732761.82043,11187521064.89849,124362919.72891198
1467504000,11206382545.190605,11276689217.261597,10333414610.52679,10553741899.965149,135261773.2210202
1467590400,10554961403.706814,10911675386.304707,10392530006.2622,10893360659.238768,135261773.2210202
1467676800,10891560649.414663,10903311967.462023,10583060915.716265,10684791825.53984,135261773.2210202
1467763200,10682002816.280384,10898106591.657871,10672513955.731035,10816518116.987524,135261773.2210202
1467849600,10817221910.969992,10916842867.02764,9789528574.046404,10232085607.869978,135261773.2210202
1467936000,10235153026.131945,10644710206.885658,10216614811.223068,10616054051.310528,135261773.2210202
1468022400,10616383756.117369,10645179006.459652,10022234866.971626,10492479026.91621,135261773.2210202
1468108800,10513873639.65832,10544152959.620182,10300731431.194456,10467989685.648458,184755346.54262915
1468195200,10468270379.971958,10664210649.750319,10379957397.753183,10522162351.015047,184755346.54262915
1468281600,10520467712.105646,11092327457.222303,10455661227.609238,10947952050.503098,184755346.54262915
1468368000,10948952235.013302,11138088350.250288,10629355191.327362,10795971848.098429,184755346.54262915
1468454400,10795292354.742588,11023536420.105602,10694986770.48545,10864802993.644154,184755346.54262915
1468540800,10870862514.538244,11081623553.122309,10784147798.354076,10927390353.88544,184755346.54262915
1468627200,10927962696.254787,11039257889.69847,10789073718.121025,10910103695.061632,184755346.54262915
1468713600,10934399358.205027,11364552235.179525,10894670147.77224,11201879949.419134,57004927.18374325
1468800000,11201891474.867785,11253125968.041533,10914100632.370655,11026314919.592102,57004927.18374325
1468886400,11027343667.892872,11234558517.103107,10914369416.157213,11173030778.042,57004927.18374325
1468972800,11175891286.9982,11219033596.769579,10937624441.759523,11006370246.583464,57004927.18374325
1469059200,11008342536.6075,11063874830.473475,10876173138.521912,10986126629.277655,57004927.18374325
1469145600,10985794023.728928,11031378852.533302,10602168519.027481,10730979710.17446,57004927.18374325
1469232000,10737621630.932405,10900383238.71508,10714797353.682446,10867146052.847227,57004927.18374325
1469318400,10908140527.670918,11066715208.18382,10804315053.340246,11002567637.393307,96900091.97427161
1469404800,11000416973.834496,11013479341.490564,10742073147.425467,10855127278.186716,96900091.97427161
1469491200,10859859608.648464,10919184142.82042,10624818720.689072,10730946752.820501,96900091.97427161
1469577600,10730494266.299675,10881243912.813227,10679014203.980906,10822294885.811544,96900091.97427161
1469664000,10823446430.653723,10864698182.220984,10757377964.516954,10806092001.951084,96900091.97427161
1469750400,10808912447.865234,10828201289.162169,10730622370.123617,10777858047.487461,96900091.97427161
1469836800,10775069687.839188,10816335472.745758,10716751489.845636,10752337273.504765,96900091.97427161
1469923200,10777810745.859844,10808574040.388353,10212469663.787254,10261898506.552767,81074832.64320062
1470009600,10262882848.234562,10335915599.084326,9943616231.515848,9968784768.945126,81074832.64320062
1470096000,9971515504.751028,10172782023.423756,7483444052.91963,8769796756.403975,81074832.64320062
1470182400,8770952986.393684,9476901965.186197,8610039409.680847,9442563313.264788,81074832.64320062
1470268800,9446094803.175161,9918813302.694,9316063521.97084,9615375422.084703,81074832.64320062
1470355200,9623589380.0575,9636265421.304108,9396100179.45168,9465878094.727308,81074832.64320062
1470441600,9466958898.718945,9737002889.704945,9397482654.347443,9695250818.863846,81074832.64320062
1470528000,9720068249.756239,9917304516.909765,9603688420.670303,9808512849.89386,123409525.27087048
1470614400,9807433292.834846,9896435557.627375,9701651474.196165,9807257575.488428,123409525.27087048
1470700800,9807376384.978886,9837334272.73703,9587934579.690529,9651290065.064934,123409525.27087048
1470787200,9649320110.301117,9897355753.992044,9569466955.988333,9771466416.665413,123409525.27087048
1470873600,9771395196.77996,9832058512.69218,9611133419.163916,9646961785.36069,123409525.27087048
1470960000,9646172146.748453,9717069469.242434,9558672237.875994,9660217792.236422,123409525.27087048
1471046400,9661696735.277525,9712383005.194235,9582512192.152115,9665777422.774885,123409525.27087048
1471132800,9682031740.860529,9714737111.479403,9310522023.380875,9431294334.370716,59052724.05999489
1471219200,9433406268.104853,9481967001.141611,9217075344.149868,9369918846.356184,59052724.05999489
1471305600,9371099107.798876,9625586112.76892,9285459697.684647,9513084177.655094,59052724.05999489
1471392000,9513377765.680613,9596383219.06659,9388771083.325111,9485613449.664585,59052724.05999489
1471478400,9489515856.14518,9543835311.013578,9436726143.296272,9475979712.135921,59052724.05999489
1471564800,9477355542.202175,9547353800.294003,9377450897.214008,9469397884.269304,59052724.05999489
1471651200,9466624425.960861,9586646087.636822,9442370867.13434,9564944176.745632,59052724.05999489
1471737600,9576632198.651709,9628453200.310915,9551633856.612364,9578797614.55124,53735249.91073039
1471824000,9579445517.116657,9774994799.862001,9554679866.930397,9701039325.546267,53735249.91073039
1471910400,9702676286.537096,9726480758.097496,9548191669.336136,9594025677.179337,53735249.91073039
1471996800,9598093218.398697,9619236667.671247,9508659353.532593,9546615779.011063,53735249.91073039
1472083200,9548752452.797098,9557651853.314907,9295405985.95611,9467165836.3378,53735249.91073039
1472169600,9469751870.06872,9544705408.75219,9447136087.763353,9506785446.489914,53735249.91073039
1472256000,9502557185.420568,9541921639.869335,9316238587.206501,9371728133.166296,53735249.91073039
1472342400,9386055749.198015,9499114364.027962,9354531101.752893,9473796079.291496,83626933.07403745
1472428800,9466563527.044882,9610389315.73203,9410290931.681154,9502524183.757736,83626933.07403745
1472515200,9515345429.559273,9646244407.234203,9458578036.269026,9553999986.2993,83626933.07403745
1472601600,9555109123.757187,9572951315.604788,9443608405.639565,9550433784.109516,83626933.07403745
1472688000,9548978763.202599,9562585385.46416,9396942565.135798,9429913884.671295,83626933.07403745
1472774400,9429539901.688807,9576904302.698025,9400704936.619593,9536731024.154392,83626933.07403745
1472860800,9531336746.068642,10129180682.460508,9471454990.353207,9916555681.603868,83626933.07403745
1472947200,9946071515.909012,10177652451.240664,8317291550.353654,10076326027.321693,241627692.18990377
1473033600,10076889030.364086,10133395218.122152,9953851362.794754,10077751333.494808,241627692.18990377
1473120000,10063193132.081202,10200359513.118357,10013995476.895674,10163737260.614754,241627692.18990377
1473206400,10167926000.299433,10243958315.499931,10065219816.246754,10201022649.667189,241627692.18990377
1473292800,10196604170.846508,10419293496.374655,10132973199.345352,10340497177.114779,241627692.18990377
1473379200,10336671411.24774,10372516660.84897,10196209991.202368,10291237026.385698,241627692.18990377
1473465600,10291030721.642632,10344658374.82,10224241436.745573,10310815041.73694,241627692.18990377
1473552000,10324434469.689793,10437985123.258652,9769799447.152142,10019024695.097225,63023451.39948835
1473638400,10019363932.513111,10109315761.546415,9963853396.041267,10060780901.892225,63023451.39948835
1473724800,10047895836.384665,10129847444.094675,9990711218.32937,10057099923.920578,63023451.39948835
1473811200,10056835693.814411,10115893408.036026,10027845928.801338,10073872632.03052,63023451.39948835
1473897600,10076012745.347013,10089652145.437593,9968528969.031927,10002139158.761969,63023451.39948835
1473984000,9998353516.326904,10065014056.282305,9974819190.620548,10022018644.860542,63023451.39948835
1474070400,10021259023.819422,10050902821.040728,9985634163.188887,10009300813.744215,63023451.39948835
1474156800,10022820539.616148,10073929613.891455,10002504008.618149,10058178211.71619,51772166.83651297
1474243200,10058667051.032011,10100548571.685192,10018088458.682814,10065786077.395006,51772166.83651297
1474329600,10066615802.565266,10088859069.735674,9874376282.222555,9898827913.16438,51772166.83651297
1474416000,9895403285.236824,9918055573.157948,9761732790.761642,9831988686.137764,51772166.83651297
1474502400,9835805137.431816,9878672933.591795,9780551999.492027,9834619747.26534,51772166.83651297
1474588800,9833833379.97016,9959745840.610886,9793253153.570757,9939606372.3959,51772166.83651297
1474675200,9943011946.46992,10013301117.522112,9882886964.497623,9956810617.626453,51772166.83651297
1474761600,9969468631.77456,9998236392.94789,9907623137.678648,9947251706.600119,49118342.56074989
1474848000,9948404238.25911,10079663680.31924,9908006528.583572,10043651080.34883,49118342.56074989
1474934400,10043006957.11096,10058460664.101843,9928759100.246958,10004550136.894484,49118342.56074989
1475020800,10002293788.914204,10027891151.588608,9950446240.149376,9991248879.663502,49118342.56074989
1475107200,9991634704.292616,10039930938.733711,9955575017.845074,9993528524.979273,49118342.56074989
1475193600,9990805742.142326,10077220589.21841,9949137235.318802,10056006278.889359,49118342.56074989
1475280000,10051696432.89417,10178059706.859314,10011801064.151272,10107031455.485796,49118342.56074989
1475366400,10121162107.501755,10150013425.274033,9994626611.640005,10072852897.899128,66150252.24143398
1475452800,10070813903.870258,10140115986.037197,10062604099.940878,10116644482.069975,66150252.24143398
1475539200,10115458880.659433,10125869253.133856,10031025485.779896,10055398329.690483,66150252.24143398
1475625600,10050471248.484097,10129760249.661543,10019500759.673143,10080370699.205673,66150252.24143398
1475712000,10079536814.393991,10110342414.034822,10049458960.31842,10074198335.643679,66150252.24143398
1475798400,10076058590.704245,10189001043.056557,10023496064.956882,10161020025.13205,66150252.24143398
1475884800,10158894926.349545,10183575634.937311,10135656637.308916,10161619626.657812,66150252.24143398
1475971200,10251209633.026781,10283716996.59945,10185619667.366316,10224214147.551794,55345610.935410045
1476057600,10222934011.73743,10271028509.668177,10175762468.415014,10232772822.945408,55345610.935410045
1476144000,10235922303.404203,10620862203.308409,10183633732.805504,10572252909.566826,55345610.935410045
1476230400,10573057410.13796,10606216242.965168,10468989502.219233,10505383774.21202,55345610.935410045
1476316800,10503367737.83438,10602580059.112932,10474402647.779535,10507023989.483177,55345610.935410045
1476403200,10507000674.919044,10629678563.24157,10430346971.86716,10519226084.276772,55345610.935410045
1476489600,10519020359.969828,10575072244.193384,10440327758.115664,10481455691.80078,55345610.935410045
1476576000,10491156489.343647,10597519834.497047,10477964577.139719,10558234277.802332,46345351.27321679
1476662400,10557268997.696354,10567960511.770052,10445519511.730047,10520525188.7032,46345351.27321679
1476748800,10520943808.079338,10555588917.35078,10433842825.214108,10478527604.978748,46345351.27321679
1476835200,10476010557.70928,10532725314.164963,10304475872.500044,10378411605.343115,46345351.27321679
1476921600,10382972269.695707,10408355826.413877,10262518377.084082,10385916262.907484,46345351.27321679
1477008000,10384283188.383924,10446832444.031569,10362312364.200825,10417283979.63046,46345351.27321679
1477094400,10416960507.968998,10866542102.947569,10373200472.180029,10810968521.024273,46345351.27321679
1477180800,10837009209.285088,10988994316.800291,10700365416.727066,10741859645.60059,103125861.30182996
1477267200,10741963293.211485,10765894271.010157,10641939973.639395,10715002776.487272,103125861.30182996
1477353600,10713659891.255888,10889564510.958984,10651062819.585747,10726023391.958858,103125861.30182996
1477440000,10727726625.94744,11202878613.14013,10688757625.148926,11052104298.511232,103125861.30182996
1477526400,11053482946.324978,11270462020.17983,11022997441.346436,11197257541.074215,103125861.30182996
1477612800,11195350057.09498,11376672818.117332,11163136264.614988,11320360151.32697,103125861.30182996
1477699200,11322285478.886423,11881098769.148632,11258464200.669554,11707351035.326406,103125861.30182996
1477785600,11727391656.891546,11766765480.630136,11392359044.718622,11483626969.98709,193209737.74271503
1477872000,11480022145.72912,11649993525.891869,11232467333.491907,11461988974.689026,193209737.74271503
1477958400,11453772581.914515,12106426800.182875,11419212295.787872,11962252086.265257,193209737.74271503
1478044800,11961459523.939173,12090349187.498983,11787179398.934282,12060126966.764112,193209737.74271503
1478131200,12062067808.020527,12262263568.470016,11046366376.818571,11271681325.853073,193209737.74271503
1478217600,11271184092.723534,11650861567.626698,11235325970.44724,11607382509.20491,193209737.74271503
1478304000,11606852049.588343,11731965586.984308,11453350151.99473,11627097291.862503,193209737.74271503
1478390400,11642365035.830925,11795006477.38571,11499918634.574383,11714027622.666487,68508140.94337776
1478476800,11711894570.102993,11747044175.926231,11530003701.605917,11673100257.137863,68508140.94337776
1478563200,11668280954.824217,11793269287.194057,11581219568.155188,11729843848.80191,68508140.94337776
1478649600,11722159308.055332,12204930956.707792,11643939765.486212,11869539838.552286,68508140.94337776
1478736000,11874201539.031801,11901910569.198044,11607799840.185963,11714867042.086975,68508140.94337776
1478822400,11715167667.488338,11855157260.829502,11693800918.421135,11789218722.356644,68508140.94337776
1478908800,11786337127.745338,11828089173.818651,11507069570.137276,11549085047.17577,68508140.94337776
1478995200,11570904744.320393,11653523567.885803,11284347752.623907,11586865797.36808,98677322.7985394
1479081600,11586914740.747032,11721285331.993536,11481895408.55881,11681569779.120886,98677322.7985394
1479168000,11683291907.92453,11851407982.539902,11656800096.068995,11758600991.955305,98677322.7985394
1479254400,11757466192.45339,12265858658.595163,11670045975.20428,12173737704.657055,98677322.7985394
1479340800,12172235699.77412,12349688403.47005,12047779718.250847,12114484155.982397,98677322.7985394
1479427200,12114139079.790339,12357329110.237545,12072012309.35355,12327162332.103151,98677322.7985394
1479513600,12326629433.632494,12443421830.653917,12222881394.182486,12341475116.935633,98677322.7985394
1479600000,12361437487.560863,12402016921.714615,11675425463.944649,11972000894.279512,112546180.41674729
1479686400,11974830122.428238,12175157215.483261,11934334472.514404,12149419296.351671,112546180.41674729
1479772800,12152962685.335476,12405515895.430231,12064955324.864267,12326572275.50313,112546180.41674729
1479859200,12325824017.706476,12347690880.270828,12049120871.67398,12234283585.399134,112546180.41674729
1479945600,12230666959.180435,12307886421.270317,11975914533.990414,12163419037.547575,112546180.41674729
1480032000,12165154479.69869,12254132204.354143,12018641714.937054,12225826990.951864,112546180.41674729
1480118400,12222360984.212997,12250654675.20962,11922797745.218828,12118973073.631842,112546180.41674729
1480204800,12129242313.065226,12161470073.133913,12003777061.883797,12032432870.249111,63561385.0143712
1480291200,12030080552.25913,12147498589.71844,11949930144.591837,12099710888.654684,63561385.0143712
1480377600,12098337397.453842,12148813666.662014,12055887175.347866,12090015853.772009,63561385.0143712
1480464000,12094108390.848686,12331110612.912832,12068670155.862368,12255586303.531012,63561385.0143712
1480550400,12254105669.608353,12508266932.551155,12230672852.831991,12432742570.674273,63561385.0143712
1480636800,12434174421.959509,12825988958.102612,12402476343.58611,12764746942.966002,63561385.0143712
1480723200,12763085753.89399,12786482048.452349,12514482786.147852,12634370615.140722,63561385.0143712
1480809600,12648065371.125927,12720986403.118736,12569924280.939205,12627539192.824696,72899920.7618546
1480896000,12628139955.176308,12657000237.486227,12251963976.405724,12431419724.46622,72899920.7618546
1480982400,12430767069.391737,12574056784.966959,12372968808.637068,12512078127.9131,72899920.7618546
1481068800,12516230828.82587,12735933337.631496,12391466474.906298,12624008158.855452,72899920.7618546
1481155200,12621663169.413237,12775436390.7792,12575121871.921507,12673996658.45079,72899920.7618546
1481241600,12674898024.188257,12785964154.199253,12616113422.628796,12714979690.385351,72899920.7618546
1481328000,12716126328.797586,12821326293.981073,12670980717.696533,12730887587.260258,72899920.7618546
1481414400,12747706575.942606,12769846052.9342,12626083643.973328,12730833875.312485,73270916.5582817
1481500800,12731087936.979502,12906947780.623232,12703654332.1229,12875624703.58261,73270916.5582817
1481587200,12873564223.206078,13071192728.96809,12667026474.713417,12860875643.664202,73270916.5582817
1481673600,12861123952.040909,12881053494.481667,12739704191.998388,12823278625.982265,73270916.5582817
1481760000,12826859847.21862,12900538162.102877,12768630463.422468,12799163695.114786,73270916.5582817
1481846400,13069563647.639978,13209905485.534985,13056926841.115738,13200123648.293049,73270916.5582817
1481932800,13198037322.867188,13344796715.715961,13172196208.473927,13297454289.5861,73270916.5582817
1482019200,13308991868.616446,13350079664.064608,13239099438.772348,13334453360.123167,78265867.55863431
1482105600,13306740030.69602,13348095231.22489,13208323844.722105,13315280141.592537,78265867.55863431
1482192000,13305575229.791277,13504752451.122696,13253180513.868288,13476314122.395073,78265867.55863431
1482278400,13469996508.001612,13966131080.793865,13373785969.122334,13933973503.022669,78265867.55863431
1482364800,13920400409.843348,14641968128.472496,13824061500.361912,14368585319.657398,78265867.55863431
1482451200,14388183732.261822,15487111474.233124,14335957552.265093,15283591757.095417,78265867.55863431
1482537600,15309042457.798985,15419189453.803177,14798540592.420654,14999295808.022738,78265867.55863431
1482624000,15037746521.501677,15129497369.698555,14410807611.385014,15014236324.689123,175391208.9345527
1482710400,15041268672.42613,15439935098.640837,14992229117.510134,15167482515.825708,175391208.9345527
1482796800,15191336074.156609,15835322242.280067,15066679325.118656,15631513585.05038,175391208.9345527
1482883200,15651545687.700262,16572561008.948963,15603632077.142984,16446822906.994183,175391208.9345527
1482969600,16468280037.041233,16577388153.169703,15899313849.661854,16314687360.72285,175391208.9345527
1483056000,16338718226.447313,16421555957.161287,15579486999.282118,16168258046.345507,175391208.9345527
1483142400,16192710738.748362,16405692346.002005,15924266968.834423,16351699231.99115,175391208.9345527
1483228800,16391631388.0691,16905259985.74765,16181592224.768456,16758537467.692871,114752461.9857591
1483315200,16779779035.316298,17457211448.255325,16676339791.6332,17134870697.24925,114752461.9857591
1483401600,17164090175.2641,17502462991.411243,17004273702.164827,17387911089.412376,114752461.9857591
1483488000,17413410600.45547,19458949295.980167,17364044340.270912,19187220765.90707,114752461.9857591
1483574400,19215145714.30065,19653145530.423866,14806342687.088387,16921047885.67317,114752461.9857591
1483660800,16950688943.516779,17337595875.535976,14798670977.811153,15075032328.772717,114752461.9857591
1483747200,15102881758.86068,15375489923.85283,13829974385.457882,15287867972.487785,114752461.9857591
1483833600,15328794806.144794,15898558367.81606,14992367455.136625,15419303848.814478,283657928.7421116
1483920000,15461802381.538492,15483153618.32436,14882443007.340895,15278838865.873116,283657928.7421116
1484006400,15277779990.231756,15476477303.728838,15214001494.548172,15322972696.429165,283657928.7421116
1484092800,15324000147.280828,15644010597.866224,12887272263.047848,13233900481.807398,283657928.7421116
1484179200,13237287662.749683,14129308384.748816,12763416712.776413,13676561171.026533,283657928.7421116
1484265600,13677766575.177471,14153442851.338772,13188093459.06602,14031479222.945574,283657928.7421116
1484352000,14031184075.689995,14244101080.14014,13804067631.795282,13993036635.594177,283657928.7421116
1484438400,14012574451.155912,14095605357.603827,13760679595.955774,14044218345.281229,123518307.14187247
1484524800,14043207480.327412,14299311639.307486,13939950830.715908,14172720461.682539,123518307.14187247
1484611200,14170357714.463657,15470251368.019651,14111128922.530497,15342040662.85134,123518307.14187247
1484697600,15340951848.26861,15552795006.146912,14407245451.469051,14991012738.29704,123518307.14187247
1484784000,14993813385.528305,15413211955.080145,14958413494.501099,15327335898.491373,123518307.14187247
1484870400,15324094717.888086,15365090888.541492,14965019727.992384,15197984471.142208,123518307.14187247
1484956800,15198272755.292767,15731381045.279442,15153710598.783302,15630327426.336243,123518307.14187247
1485043200,15654813938.892687,15939305928.760897,15155651150.268953,15665510924.899027,121486118.57407795
1485129600,15664275268.907951,15734361529.409527,15491104524.630026,15568574548.709797,121486118.57407795
1485216000,15564057382.86849,15678372780.528406,14923019296.922903,14956604885.290382,121486118.57407795
1485302400,14958545493.624552,15300952332.397768,14941227559.112404,15150622548.953749,121486118.57407795
1485388800,15150535263.330946,15600463059.092623,15124107157.276567,15516159745.641449,121486118.57407795
1485475200,15516271879.207397,15666739324.645325,15254693074.510311,15582927670.159111,121486118.57407795
1485561600,15580670591.904205,15644242803.724985,15530527612.123735,15603820025.938496,121486118.57407795
1485648000,15617677874.935863,15666812206.949587,15493525708.208479,15523286329.023014,81659911.74013597
1485734400,15527617671.488462,15688993903.739882,15453162026.593246,15635270800.621561,81659911.74013597
1485820800,15637789050.35551,16478686697.131449,15592848840.128023,16428785648.197079,81659911.74013597
1485907200,16425070061.81246,16765521533.887363,16262866262.962154,16731419178.96477,81659911.74013597
1485993600,16730970241.217798,17154970940.575897,16509788625.57656,17015333912.951902,81659911.74013597
1486080000,17020321201.187403,17313503866.932854,16786725590.852955,17173909912.637648,81659911.74013597
1486166400,17170032833.271069,17606813781.281387,16952905215.269697,17432352174.073147,81659911.74013597
1486252800,17447444937.80976,17464905175.277573,16861145315.877453,17093756408.88806,162630406.07520035
1486339200,17097841801.535578,17387504761.48734,17041775890.046736,17303651671.433434,162630406.07520035
1486425600,17308057763.55683,17845589768.076283,17262430866.11005,17813137793.247936,162630406.07520035
1486512000,17806670287.394714,18095780418.32676,17252654375.708122,17785574634.518543,162630406.07520035
1486598400,17785609935.251553,18249408143.59714,15985638309.723974,16707850263.77331,162630406.07520035
1486684800,16704322196.595156,17068223554.521984,16135207783.220959,16909903098.187223,162630406.07520035
1486771200,16910558036.010534,17255850649.86527,16806727755.403774,17125783435.05224,162630406.07520035
1486857600,17143162698.367413,17165282885.19611,16965338841.811356,17041197802.122688,103800863.89693561
1486944000,17042621305.791641,17174282842.362461,16720132355.847843,16924403627.27284,103800863.89693561
1487030400,16920845193.172585,17283301040.57464,16796175648.440752,17143318947.039953,103800863.89693561
1487116800,17146580274.127659,17221656631.809982,16992556982.664701,17169793654.968937,103800863.89693561
1487203200,17165875785.327435,17664768239.900288,17089690904.287771,17490041712.451694,103800863.89693561
1487289600,17487094692.111855,18003019708.79524,17453621852.1829,17904325087.796036,103800863.89693561
1487376000,17907204815.370956,18086686918.299812,17750310211.358593,17892228557.910732,103800863.89693561
1487462400,17912057043.93262,17994422794.5502,17683786632.18017,17845939415.47445,118218695.35275441
1487548800,17846086740.14474,18368308639.30284,17676696949.486763,18315979250.76132,118218695.35275441
1487635200,18315457208.327827,19155484605.144936,18173841322.305183,19089833255.74038,118218695.35275441
1487721600,19091379170.238956,19233042498.512264,18676842777.448868,19019071146.151783,118218695.35275441
1487808000,19022563774.676632,20148237550.861893,18951306596.634747,19903461030.431084,118218695.35275441
1487894400,19897225568.465435,20481067503.96907,18608659701.51505,19921159434.39361,118218695.35275441
1487980800,19921796009.983566,20017247974.61839,18938002545.591114,19363933554.09618,118218695.35275441
1488067200,19382960674.07276,20023260794.874126,19098608317.237,19935321882.47438,176863994.66343048
1488153600,19937429277.696198,20269223941.10688,19754502002.111286,20140255397.496273,176863994.66343048
1488240000,20140043453.38127,20534791088.377613,19869505921.978695,20175665297.55242,176863994.66343048
1488326400,20174860782.614635,20917742947.570168,20058837677.78465,20786622288.5463,176863994.66343048
1488412800,20785070365.528683,21935936835.56486,20490537226.844707,21347326135.008656,176863994.66343048
1488499200,21342018031.366257,22013246292.67495,21253798299.99353,21859173124.512432,176863994.66343048
1488585600,21861717897.146122,21897186501.828773,21011103121.81675,21516516589.921844,176863994.66343048
1488672000,21538736759.41574,21688103005.843086,21084721759.911182,21626464202.749146,233029249.0437933
1488758400,21619047377.11118,21935670543.10139,21585510231.68011,21903260229.75293,233029249.0437933
1488844800,21905460893.68517,21954637804.74635,20178695408.468117,21036780329.678436,233029249.0437933
1488931200,21033395893.856476,21224274684.477524,19545536738.043926,19590388299.146034,233029249.0437933
1489017600,19585898708.295372,20698612409.20107,19302801629.170067,20406776359.707302,233029249.0437933
1489104000,20407671024.459805,22685564165.38089,16665698278.988054,18965601134.63586,233029249.0437933
1489190400,18960188081.896667,20641796102.394238,18913305541.39351,20352727231.25215,233029249.0437933
1489276800,20367057096.415226,21414819666.78312,20175615678.483707,21268807543.04233,409519102.2645015
1489363200,21265247216.549168,21681831595.542065,20907737790.06345,21534223116.894543,409519102.2645015
1489449600,21530741490.285305,21933575535.02066,21175522408.50569,21653410618.868553,409519102.2645015
1489536000,21651819339.005142,22102500389.947376,21554761504.166103,21959753706.135048,409519102.2645015
1489622400,21959111005.6001,22136129100.66242,19597629457.014427,20558876174.603447,409519102.2645015
1489708800,20555265837.92065,20807949673.356728,18562916606.361362,18867663869.251503,409519102.2645015
1489795200,18870859151.43071,19809441828.368725,16668480010.245422,17259566208.264896,409519102.2645015
1489881600,17274676057.897343,19131804603.98131,17108674167.456219,18079683016.22107,1151007039.222794
1489968000,18073143034.38314,18897523431.371315,17918614497.347706,18529490207.911137,1151007039.222794
1490054400,18526923436.973995,19975770468.754417,18330491703.545094,19671702211.726646,1151007039.222794
1490140800,19678662874.011932,19938759419.484665,17464655958.484203,18497939892.56101,1151007039.222794
1490227200,18496297631.324856,18967162270.945374,17975160764.214325,18557056145.539307,1151007039.222794
1490313600,18542520069.332138,18842824149.401104,16509225994.21384,16926757517.992561,1151007039.222794
1490400000,16935322066.136242,17751353835.801853,15980828090.386927,17326034106.353947,1151007039.222794
1490486400,17358190413.350403,18045955064.62277,16941187443.937101,17387167756.85518,616526808.8157673
1490572800,17385461850.011475,18876853308.625267,17030577925.384706,18624629036.777573,616526808.8157673
1490659200,18604498404.55296,19180029205.928684,18085607960.38167,18707822958.64182,616526808.8157673
1490745600,18707341880.67093,19051780500.752815,18018160322.87275,18649793823.25589,616526808.8157673
1490832000,18656091472.88418,19093266837.041054,18226299572.895473,18813703681.766457,616526808.8157673
1490918400,18800652728.653057,20105875367.459694,18583477833.913754,19727466082.82064,616526808.8157673
1491004800,19743948399.525772,20382200824.416653,19376756699.07725,19862517142.622513,616526808.8157673
1491091200,19882716830.07546,22176875912.738438,18970142274.106773,21508635145.700264,495655320.20800966
1491177600,21505930629.027058,22628508539.89045,19920969024.14392,21213021586.92184,495655320.20800966
1491264000,21222773305.272305,21892987808.67106,20457858548.945396,21406900354.00515,495655320.20800966
1491350400,21412495412.388344,21667074204.027145,20614615275.209644,21080454755.092342,495655320.20800966
1491436800,21077619403.695103,22438385926.532867,20635370477.45368,21912602200.094765,495655320.20800966
1491523200,21891711306.150043,22364986436.695446,21424011139.205112,22025169153.82699,495655320.20800966
1491609600,22024997675.984703,22240710115.353592,21453869019.90282,21853472664.22755,495655320.20800966
1491696000,21890466936.115845,22523278876.874023,21610650845.15451,22228747533.035786,336281644.4829669
1491782400,22242138409.45229,22474336830.12014,21986600298.59371,22226779354.605095,336281644.4829669
1491868800,22232749535.938564,22681234403.951633,21915340998.525276,22390905185.110626,336281644.4829669
1491955200,22385601339.742264,22643912810.21462,22101090745.315434,22424426710.336555,336281644.4829669
1492041600,22424107539.472183,22692084958.12811,21221236014.93995,21805965102.445244,336281644.4829669
1492128000,21806823222.33392,22166887779.915295,21504961275.74338,21722580078.98821,336281644.4829669
1492214400,21719776061.86021,22261725330.69252,21572076680.728863,21798950886.965935,336281644.4829669
1492300800,21805673770.27186,22086251780.11187,21568563886.49426,21851636922.509766,358476369.96149457
1492387200,21952984013.675777,22405372656.66716,21788331202.372337,22204374032.552185,358476369.96149457
1492473600,22191357449.89292,22639080149.921432,22064881536.405655,22377111991.479015,358476369.96149457
1492560000,22369606454.61024,22607395512.40536,21872666668.740196,22389438012.95742,358476369.96149457
1492646400,22363723807.74107,23054033652.464405,22110768608.288685,22785218552.325596,358476369.96149457
1492732800,22784617017.698494,23322603806.136715,22706206756.149605,23121445000.335575,358476369.96149457
1492819200,23110250111.0548,23229000015.088966,22522081238.90596,23001874197.211933,358476369.96149457
1492905600,23030676479.460556,23179535608.158657,22763283192.166306,23039339366.979523,575079581.9953666
1492992000,23044894568.251244,23393254047.982166,22843475607.949783,23218389116.905876,575079581.9953666
1493078400,23211280877.11912,23875586977.825706,23091276370.246254,23677727953.139416,575079581.9953666
1493164800,23689066126.07382,24387088844.646263,23558578937.03952,23915455864.323013,575079581.9953666
1493251200,23966226787.116875,25577615142.860317,23830546929.46794,25017155477.57685,575079581.9953666
1493337600,25012953211.475674,25967653152.64793,24153185186.3288,25485620468.79268,575079581.9953666
1493424000,25491343352.155033,26519105794.734722,25170036510.51506,26097758225.820152,575079581.9953666
1493510400,26123209041.529953,26595513186.850838,25381788740.51932,26282174004.20778,800408526.4661385
1493596800,26266887636.636673,28688917386.94645,25660900146.347397,27503087446.679493,800408526.4661385
1493683200,27518784794.589996,28579536985.521946,26856113367.911575,27935820801.693096,800408526.4661385
1493769600,27928058088.45185,29643000199.524826,27437775619.178562,29218048795.10403,800408526.4661385
1493856000,29213020961.701008,32704276540.765633,28333816946.57001,30566775356.41724,800408526.4661385
1493942400,30566484461.89777,33223100770.3861,29882913263.165955,31051943378.006184,800408526.4661385
1494028800,31011374539.563713,32560090145.633705,30913198244.96358,32201449504.72186,800408526.4661385
1494115200,32270282950.803066,35658369544.227066,31689244054.111355,34404641946.70618,1300382483.7895675
1494201600,34409610033.40967,39594720257.685814,32907673406.421173,37812202217.0631,1300382483.7895675
1494288000,37805561902.84338,40327991501.172516,33719244742.758804,36663725111.211075,1300382483.7895675
1494374400,36669400947.3675,40045224339.6921,35953241824.67197,39225203954.98951,1300382483.7895675
1494460800,39237299700.47918,41526897364.971344,37668700985.37141,39784430474.887726,1300382483.7895675
1494547200,39827502965.04215,41182974933.34108,36419862893.44071,38320291031.48353,1300382483.7895675
1494633600,38187839699.86731,40574956362.2957,36006979070.04136,39877875292.474014,1300382483.7895675
1494720000,40003254911.17555,41171462128.90491,39335270124.077576,40514396414.63251,834790645.6789262
1494806400,40508290166.71438,42555776201.80832,38083369480.79326,41443867329.3713,834790645.6789262
1494892800,41445704288.30837,44952217849.99254,39949030559.45492,44214663718.34216,834790645.6789262
1494979200,44207683371.44223,48774909195.06258,41958600389.284775,47109439081.581566,834790645.6789262
1495065600,46837988043.06215,49801129301.426216,44070388494.66064,48039235251.783295,834790645.6789262
1495152000,48038414411.32109,49907056522.755325,44915003770.56415,48142565689.295845,834790645.6789262
1495238400,48139269326.91856,51545386073.18147,46647069476.91476,50624397458.904175,834790645.6789262
1495324800,50548019155.27272,53413016069.50788,48320760088.49227,50525825293.6673,1918829946.7405424
1495411200,50469221575.582115,55838758018.00952,45404712265.30022,50702159710.98462,1918829946.7405424
1495497600,50622485443.99706,57141435371.43345,49760206707.7119,55292684161.589584,1918829946.7405424
1495584000,55297223798.99391,60736024857.30519,52879056853.40669,56812747878.73878,1918829946.7405424
1495670400,56804307629.304375,64029430717.20724,49089291771.65861,52388774664.688866,1918829946.7405424
1495756800,52449799474.42247,61943060116.29283,46939828969.28538,52504191398.486336,1918829946.7405424
1495843200,52503665328.87998,54538936433.343185,39553026475.61789,46508274805.46346,1918829946.7405424
1495929600,46498507796.44621,52910644228.03558,46006208288.579445,49834474930.37933,4304881779.18047
1496016000,49885812380.3969,53020676008.159584,47465441049.165474,51194870441.36403,4304881779.18047
1496102400,51222541797.2917,52890853019.04504,46644302678.21283,48685223922.10929,4304881779.18047
1496188800,48678039251.22462,53283822244.76971,47519766431.669174,52302177602.81969,4304881779.18047
1496275200,52297737159.39268,59443715077.966545,52003942146.48723,57959441653.969955,4304881779.18047
1496361600,57860544092.80337,60420176472.869286,54788939361.82635,58194780020.5704,4304881779.18047
1496448000,58296906636.595825,61683702128.39628,56548876128.64691,59575498856.95355,4304881779.18047
1496534400,59727226509.45733,61420247242.32424,57180825078.06295,59552942481.57666,3349250871.0198703
1496620800,59554429513.11863,63887914032.93945,58902655270.815926,62621400726.6196,3349250871.0198703
1496707200,62652096528.03676,67933482229.25688,60904720722.614235,66043194540.26,3349250871.0198703
1496793600,66010776435.168236,67694181974.9326,60070159781.00137,62132784443.37153,3349250871.0198703
1496880000,62112160175.25401,66048798175.496864,60096256288.8085,64929135715.299774,3349250871.0198703
1496966400,64864867955.32613,67357105188.47228,64134560574.1275,65226565771.85752,3349250871.0198703
1497052800,65199851444.05216,68343752495.00217,63189776633.28397,65768594919.09353,3349250871.0198703
1497139200,65759832278.097755,68995328003.11281,64151161551.3991,67848567165.39549,5734470171.55357
1497225600,67847472630.614075,69253641196.78214,56352519296.291115,61078426761.194496,5734470171.55357
1497312000,61059189301.204124,65350217184.854164,60496672142.12531,63320943306.84075,5734470171.55357
1497398400,63276910908.81902,66931997868.50408,54751801627.05049,58142375567.931885,5734470171.55357
1497484800,58066379782.59763,59649112571.6794,48156845490.69641,56767448100.55047,5734470171.55357
1497571200,56709762425.94016,59358024934.61868,53806091587.21963,58226695104.97642,5734470171.55357
1497657600,58232078806.973495,62794424438.34038,56260528569.86031,61673597929.080475,5734470171.55357
1497744000,61729870621.913414,63267890713.126045,57396359508.557335,59610455642.650665,5162185432.755892
1497830400,59612753206.8065,62373069764.58234,58534655964.391624,61946003944.019325,5162185432.755892
1497916800,61937730236.1745,67808874774.53859,60719727371.89842,65343538347.96434,5162185432.755892
1498003200,65293301808.91766,66509029102.980804,59653631714.47384,61984314479.229294,5162185432.755892
1498089600,61989504779.73389,64347894901.41182,59798380071.34566,63133129221.88087,5162185432.755892
1498176000,63131121607.55724,65053089193.43081,62347459949.85766,63718271938.17986,5162185432.755892
1498262400,63740809409.28693,64968702639.5797,58605718907.680756,60769344799.45642,5162185432.755892
1498348800,60833585103.89656,62417103078.81206,56368134969.639366,58294227419.803604,2842166097.1949434
1498435200,58315632778.38199,59895431255.15744,51463832623.44845,55947883054.99466,2842166097.1949434
1498521600,55948910680.32518,59822930929.276726,51713336637.97687,59472776877.71999,2842166097.1949434
1498608000,59505721212.97305,60688410193.49287,56598950157.19328,59672712352.89551,2842166097.1949434
1498694400,59641614087.06814,60503746781.224464,57504723513.74255,58690325314.58416,2842166097.1949434
1498780800,58693226985.39551,59213507613.307816,56001115297.41142,56589867398.073975,2842166097.1949434
1498867200,56619206962.722694,57813165286.38339,54250145934.80229,55130407965.462944,2842166097.1949434
1498953600,55152913926.94676,58377218278.355545,53982412228.37305,57450310381.196106,2460772005.525341
1499040000,57455740885.498405,59361713040.9944,56274941125.93122,58157557016.36733,2460772005.525341
1499126400,58125050824.18134,60498369313.846146,57714114735.216484,59207714595.00036,2460772005.525341
1499212800,59189154601.40515,60771294482.867195,57634577725.28123,59764862163.88232,2460772005.525341
1499299200,59757040414.65546,60678494274.19526,58418400652.43289,59529220338.31066,2460772005.525341
1499385600,59520469095.33279,59735394612.88335,55036582784.3488,55871620361.47255,2460772005.525341
1499472000,55864021401.27607,57390525005.08034,54058461807.63686,57051858250.976875,2460772005.525341
1499558400,57122849486.98149,58268457643.43277,55655188524.39724,55766517995.708786,2470810455.6029134
1499644800,55776408090.43322,56289396016.91881,47998971934.22161,50225457934.23924,2470810455.6029134
1499731200,50206533692.33417,52351119888.49999,46662097919.642456,49268046700.07259,2470810455.6029134
1499817600,49213474786.03313,52608990338.40714,47408558397.10502,52151764715.63957,2470810455.6029134
1499904000,52121027860.44852,53820264145.899574,49723647782.38575,50950011934.01885,2470810455.6029134
1499990400,71013606040.3504,74086861184.7436,64088327768.51885,69269179585.83296,2470810455.6029134
1500076800,69149640837.00703,70413652598.43623,60710401734.074715,61337161253.868355,2470810455.6029134
1500163200,61350822088.48379,63837806383.25112,52849761785.78472,57855677324.93948,2826121484.5350385
1500249600,57900675396.71886,69406499879.2234,57230880660.8723,68605441969.75885,2826121484.5350385
1500336000,68684965601.361824,79090336462.20215,65258565356.603165,75465649546.67653,2826121484.5350385
1500422400,75468369715.83969,79131671773.3561,66825317494.25409,68878391362.67883,2826121484.5350385
1500508800,69608395514.44547,92864788177.14789,65980867650.14152,85342790653.43556,2826121484.5350385
1500595200,85222349821.6278,89088442824.96713,77221027412.77794,79940580978.77953,2826121484.5350385
1500681600,79917006948.93144,88028550206.68977,78586303627.56483,85747157414.8992,2826121484.5350385
1500768000,85700587589.08836,87455235342.71385,79706413707.41164,83732294233.27312,2913868415.4957194
1500854400,83773241068.50233,85446751550.28328,81460901562.44391,83532778954.40851,2913868415.4957194
1500940800,83498798609.85428,84254143690.15538,71459775520.44862,76205285769.97737,2913868415.4957194
1501027200,76143941978.09988,78351684072.65538,70636291908.10927,75344124657.20473,2913868415.4957194
1501113600,75366372197.79433,80684004060.63733,73752729852.86258,78174654642.3831,2913868415.4957194
1501200000,78037664089.75325,82744804203.58319,73433859525.55667,77919007739.95775,2913868415.4957194
1501286400,77874720750.8549,80929729928.65256,72631597127.95934,78043749465.61198,2913868415.4957194
1501372800,78251666101.9463,80317387954.85754,72972695519.64302,77346531271.51323,2067074663.1934462
1501459200,77453713774.8256,83790299008.79196,74679573075.30441,81025977432.33287,2067074663.1934462
1501545600,80991801709.84192,88246359704.65823,74627511690.10538,81787823990.432,2067074663.1934462
1501632000,81774127137.50467,83302166022.72159,77899902983.81985,79862981701.95747,2067074663.1934462
1501718400,81600110239.58263,87553653935.25139,80737784466.27594,84395280768.70134,2067074663.1934462
1501804800,84310693624.87961,87663835888.01382,81919034061.84962,84692558633.16689,2067074663.1934462
1501891200,84652314450.0493,100006886261.7643,82015982068.11395,96320192826.297,2067074663.1934462
1501977600,99117484848.70744,102328822376.17822,95098703284.3219,98480656457.09947,4494574539.885306
1502064000,98351133934.8822,107546309900.01534,96225132856.03268,105043780402.08064,4494574539.885306
1502150400,105091709578.99234,112308186083.27124,101590423770.60051,108708570014.93677,4494574539.885306
1502236800,108597170851.52373,112353739450.0237,99406145472.33891,104954343776.90044,4494574539.885306
1502323200,105005556766.24951,112038039947.41019,102278583328.38026,107144004194.1553,4494574539.885306
1502409600,107161018587.24313,117616160601.07323,104898899787.43657,113151115566.90462,4494574539.885306
1502496000,113199060302.38916,124014452182.4874,108286096086.21739,116499694893.12732,4494574539.885306
1502582400,116632230424.2286,126723574028.68428,109093790408.37222,118496790378.42221,5373585498.456268
1502668800,118427838485.75638,130108954359.65471,112575379965.29634,123612503921.22723,5373585498.456268
1502755200,123731493620.41483,129847394561.35951,107036259717.82027,118580922164.7128,5373585498.456268
1502841600,118743296893.14067,128587174860.26794,111329675858.28677,123548791659.22966,5373585498.456268
1502928000,123435307894.76692,130961681053.59961,117844716500.31245,123682500529.33076,5373585498.456268
1503014400,123511423513.62134,136555661096.74039,114243853445.60234,125941978185.91216,5373585498.456268
1503100800,125845532999.57454,133035914409.99158,118244773887.79436,125775413070.92303,5373585498.456268
1503187200,125909963560.12852,131297786640.64807,121084268225.9571,125296815807.69624,8218652752.219641
1503273600,125388064448.70035,135741226608.01352,118192163221.50294,126222790282.59236,8218652752.219641
1503360000,126405819954.13094,137510964458.2903,110246644003.19145,130931098689.55875,8218652752.219641
1503446400,130821950232.81165,140849722032.32538,127069592518.65561,132360545735.65294,8218652752.219641
1503532800,132668077809.08427,141818361635.5091,127450418799.73773,134124619648.97893,8218652752.219641
1503619200,134209281116.0722,141720958840.09766,131803617044.10849,136800694091.89023,8218652752.219641
1503705600,136736596427.28659,140957637958.73022,133895931909.59798,137939845610.6221,8218652752.219641
1503792000,138040616529.29807,143540161675.27026,133984595883.51192,138960285193.7827,3874536539.678909
1503878400,138923217177.76868,144563905525.62933,132655591523.48341,140472578748.0249,3874536539.678909
1503964800,140555120151.03036,151910932654.24045,135512019153.31158,145044843629.79523,3874536539.678909
1504051200,145201341289.29117,150769660795.41812,140620251986.80838,147417054452.212,3874536539.678909
1504137600,147353187127.37878,155396860870.53027,145041745889.48813,152372670848.4445,3874536539.678909
1504224000,152368753668.19592,161217887768.17538,148647525065.91943,157922967488.39865,3874536539.678909
1504310400,157845522131.93524,161577549391.6503,139222182046.20108,145308795899.31445,3874536539.678909
1504396800,145639383871.9575,151302110133.51974,137881153162.40652,145413174199.70667,6930661014.222171
1504483200,145441896703.25323,146180457724.09796,121258705389.67378,130749693357.29039,6930661014.222171
1504569600,130698202645.18004,138818263236.27148,119419902719.13411,135448905915.89226,6930661014.222171
1504656000,135376814347.85326,146490103902.76727,133277154426.82918,144022485458.52142,6930661014.222171
1504742400,144003279234.63562,148408182083.50122,135521716006.84663,144515971196.10284,6930661014.222171
1504828800,144400014181.20157,147982484777.0986,123270628041.04881,134788848665.60767,6930661014.222171
1504915200,134782257052.58014,137361249254.93121,128125928027.3611,133491228863.8423,6930661014.222171
1505001600,133758826289.8981,135167830530.67007,123787236129.38748,131103431027.68942,3376065973.3381147
1505088000,131268314962.11105,136504530617.17345,125956060597.32605,130541981650.67873,3376065973.3381147
1505174400,131658234596.5539,138415141500.94803,125652884503.2643,129892044212.6683,3376065973.3381147
1505260800,130034824103.9233,131209972780.92404,114329768559.94324,120898206699.79692,3376065973.3381147
1505347200,120851254979.19128,123270054988.71799,97284343353.43907,98954339433.93373,3376065973.3381147
1505433600,98953953109.3068,119188629171.10783,87299248566.9832,113416230823.4256,3376065973.3381147
1505520000,113487135900.51274,119547981491.44957,107248703218.72772,113104178141.92827,3376065973.3381147
1505606400,113061323067.21043,117258565121.26299,105756048583.8537,113344479136.92363,3701206269.6334205
1505692800,113425291385.60783,129268596479.97963,112830720597.8069,126571053628.46794,3701206269.6334205
1505779200,126719316425.32079,128924590237.94563,118037044659.19106,121205823583.00528,3701206269.6334205
1505865600,121011084383.81776,126060102458.89769,117361575735.09512,119784076438.37718,3701206269.6334205
1505952000,119670135040.9967,121480948695.7471,108715013678.29262,110772602733.24742,3701206269.6334205
1506038400,110674072429.06357,116341382743.49025,106847383966.94331,111490558280.55287,3701206269.6334205
1506124800,111390027089.56976,118746792805.82127,109007184187.02733,117184817484.35326,3701206269.6334205
1506211200,117389806592.58665,118820455293.21034,111980053546.93599,114511532128.76237,2251022378.453911
1506297600,114557486954.02625,124455521337.00589,113101175871.31784,121804990595.87091,2251022378.453911
1506384000,121831307059.69627,124653396581.36794,118808364879.77383,120918900105.11029,2251022378.453911
1506470400,120881593179.14932,132836003180.55818,118958374933.2095,130391922427.06693,2251022378.453911
1506556800,130599716162.36574,133876503167.77684,112771064408.92883,129239235677.28703,2251022378.453911
1506643200,129156742730.15271,131043438484.36674,121247516540.54419,127593080897.94238,2251022378.453911
1506729600,128372276347.08086,141048497084.65533,126511045720.88667,132767748808.85583,2251022378.453911
1506816000,132872257122.4835,136057478425.17346,128215259983.57237,133586023866.1404,2637861184.2348557
1506902400,133554381200.3449,136566362185.7024,130436332469.75839,132968346908.69896,2637861184.2348557
1506988800,132835746387.03049,134646336326.53758,124327509489.34436,130276488375.71356,2637861184.2348557
1507075200,130102518936.11469,133581986196.36107,124778025718.7506,127636295108.61661,2637861184.2348557
1507161600,127691695677.76851,133927156247.49124,124088241718.97697,130807341852.39731,2637861184.2348557
1507248000,130737388719.5421,135619832830.9847,129161084512.58252,132979815458.72832,2637861184.2348557
1507334400,132808475550.36432,136997486814.37416,130534218875.89296,134696782952.29015,2637861184.2348557
1507420800,134727636877.2779,141945543090.47794,130562726743.21814,137683743680.17987,1833150509.1141038
1507507200,137664597507.48383,145790346660.75745,127597647898.80814,136528056270.7232,1833150509.1141038
1507593600,136572635485.1183,145090242181.70215,133217160645.5029,138060315763.44867,1833150509.1141038
1507680000,138077964768.9526,143263668332.75262,135870853478.11383,140251822947.60992,1833150509.1141038
1507766400,141326785861.57733,159066294308.53394,134275705711.16739,151026320608.26025,1833150509.1141038
1507852800,151039469437.5131,167159625968.20493,144550103795.35214,158932240741.22635,1833150509.1141038
1507939200,158939658071.54303,165850662094.86035,154033500266.66757,161670690296.17807,1833150509.1141038
1508025600,161791497016.39737,165921856298.92847,150983359554.59036,160135078527.74042,3595291451.521657
1508112000,160046519547.4566,168143661761.1902,154837754697.8995,160912722917.6492,3595291451.521657
1508198400,160757250042.59497,165834372955.71283,151229371496.3262,156405987689.70972,3595291451.521657
1508284800,156255215173.60385,158444694584.7466,140229073949.29633,154335094453.28766,3595291451.521657
1508371200,154366714505.77655,159940030172.01175,149121485851.19666,155198516510.91925,3595291451.521657
1508457600,155186642570.42407,165916162139.69284,148518874070.7607,158584352784.06396,3595291451.521657
1508544000,158554926723.19998,164500405107.34,152300201384.04816,158784393161.70422,3595291451.521657
1508630400,159221627510.67438,163205457671.0793,150781850416.46454,157442425721.7974,3684183291.1023498
1508716800,157629679211.5736,160329417617.34998,146181427309.8861,153966976637.21295,3684183291.1023498
1508803200,153971925941.7287,163405037992.8216,142507743298.25705,151122439849.45807,3684183291.1023498
1508889600,151106898816.35602,157857591629.95917,144735246188.5845,154720361126.12524,3684183291.1023498
1508976000,154727245948.13986,162184050242.98276,150920161627.9509,156732491358.21118,3684183291.1023498
1509062400,156771477211.6486,161750093793.0968,150938536018.7438,155133729975.4168,3684183291.1023498
1509148800,155128116494.1742,159626183162.89072,151201506151.60086,154599939702.11316,3684183291.1023498
1509235200,154856455609.94742,173432023284.95892,151187458964.12787,163620022423.51535,3772575351.7231517
1509321600,163614323370.87802,167996202664.7247,159923887060.07007,163596671813.07178,3772575351.7231517
1509408000,163879569085.01233,173315394577.67526,159059358962.66776,168192319582.81854,3772575351.7231517
1509494400,168223197184.536,178689027192.92096,160345060342.7792,172411629415.18613,3772575351.7231517
1509580800,172447992863.7549,188930415243.9132,164228173050.78177,177719870671.0575,3772575351.7231517
1509667200,177862426783.77798,194267801652.1051,173822295880.03003,184082609257.6125,3772575351.7231517
1509753600,184039475147.72906,193985169799.26303,178010380576.5648,186344485186.045,3772575351.7231517
1509840000,186996513243.87314,193338447900.83014,182099676641.79965,187034512155.26688,3963217324.0500875
1509926400,187066272100.44214,192636186460.77383,175678976797.55722,180390492478.86502,3963217324.0500875
1510012800,180284297005.41394,188419520213.75885,177836555104.6631,183055319676.09033,3963217324.0500875
1510099200,183051554184.3378,210083866096.92664,177865336188.23187,193204944153.44797,3963217324.0500875
1510185600,193309626322.8194,201243969197.25763,183647877618.80954,190840047490.47186,3963217324.0500875
1510272000,190893030784.45483,204788869648.24585,170368766403.55246,183172842416.4816,3963217324.0500875
1510358400,182934451607.90964,204740091245.75165,170868290563.46146,188319695780.0187,3963217324.0500875
1510444800,188633956060.41595,221497038492.69272,159212756301.5194,180649379986.74197,19505432075.18199
1510531200,180779030837.44382,209124375379.24615,166911237472.21497,192196938366.7314,19505432075.18199
1510617600,192231830561.5759,202616947925.74973,186544219688.8337,195046203707.1472,19505432075.18199
1510704000,194954318747.731,215609869950.7873,186816983866.8391,205494942762.92682,19505432075.18199
1510790400,205625539009.51254,227479727115.78934,189541558180.70114,210199403741.44342,19505432075.18199
1510876800,210206757744.10788,223694462278.23816,199588880825.86456,212408943659.46866,19505432075.18199
1510963200,212607908740.4658,224160480871.08115,205763294883.08826,218608574610.73807,19505432075.18199
1511049600,218722280888.22156,231594156902.45346,210911322972.09436,222484447564.81946,7590908392.791273
1511136000,222512240897.98047,233927038032.32565,218291759793.89624,229671448160.22946,7590908392.791273
1511222400,229503009779.8751,235360651203.28574,215050524867.38834,225165195204.44897,7590908392.791273
1511308800,225210103673.37674,237195080538.4968,222862722661.67407,232805190483.3143,7590908392.791273
1511395200,232805630997.93063,247096334658.28998,225238380249.3102,236726821497.5407,7590908392.791273
1511481600,236815646978.47742,254921824977.31088,227052036309.497,247211788895.05856,7590908392.791273
1511568000,247224272782.96585,266061508967.88837,239053976515.9485,256454275781.4911,7590908392.791273
1511654400,256890249906.94302,278207406883.37103,247266039174.24142,269584804687.83524,9818568194.63582
1511740800,269820259676.85733,284684911968.3245,263535082276.07306,278572274490.4919,9818568194.63582
1511827200,278555244026.1768,290953584633.8624,259124747344.71368,282834349484.8494,9818568194.63582
1511913600,282881767003.899,326590193330.7106,254866043032.60117,270038643966.36948,9818568194.63582
1512000000,272379554734.68842,304904346443.4149,246095893098.0124,276528019308.0015,9818568194.63582
1512086400,276592445635.14355,308971458444.39703,258449614505.90558,301058652769.6873,9818568194.63582
1512172800,301121545659.2379,312227855792.6503,292892402183.0297,300742749461.19257,9818568194.63582
1512259200,301101913030.74255,332362493160.22894,287650800078.94104,311047232109.6697,9324992922.230726
1512345600,311038015566.3181,328362241189.59326,298416317907.339,324301563347.38837,9324992922.230726
1512432000,324409978624.99347,337582742253.37427,306655956863.0385,325393148515.29,9324992922.230726
1512518400,325364841517.0648,389023239111.5427,302133655043.0334,354101508553.8467,9324992922.230726
1512604800,354071857190.24133,437695223533.5874,318628629403.33936,402098164460.1191,9324992922.230726
1512691200,402303664374.14685,449528328141.95306,328088601165.90814,402424405834.6793,9324992922.230726
1512777600,402472025336.1017,431637603527.4662,355543204958.9973,384011940143.16693,9324992922.230726
1512864000,384551286033.24744,413149302388.6527,328169522899.5827,379076838870.3319,23054873871.576714
1512950400,379069762464.85236,445587393112.20276,369910166827.7342,423350523784.12256,23054873871.576714
1513036800,423323762973.2477,489752924574.9436,408728562713.41864,463389062843.2793,23054873871.576714
1513123200,463371476193.1759,496640631374.1227,417350212910.81714,459316080088.65454,23054873871.576714
1513209600,459453748456.7887,519367526176.0359,439175698621.1663,487651110793.29767,23054873871.576714
1513296000,487578377873.4887,526828179159.75726,443648643948.60364,499367107371.4647,23054873871.576714
1513382400,499510138338.3144,572592522427.8848,481516312079.20306,539261314200.0167,23054873871.576714
1513468800,539795280662.9955,581279979392.4426,518288017172.71204,547089012179.6006,28506700101.119106
1513555200,547235528456.4695,591969771571.9053,509990738637.0175,569708749682.0591,28506700101.119106
1513641600,569719812162.7725,624574826144.5154,504896924389.7169,567445194786.9054,28506700101.119106
1513728000,567179151290.1694,620855511461.0372,488167205639.16626,565312721368.7971,28506700101.119106
1513814400,564340459383.3433,622433094771.302,500828476764.2305,553321212957.2827,28506700101.119106
1513900800,553555630841.6212,569378971104.6195,350573890464.23944,478829728206.17944,28506700101.119106
1513987200,478326417202.45544,563827896203.1392,460392450746.2477,517751904753.306,28506700101.119106
1514073600,516532878415.2218,534387350793.4867,430497535369.29486,496029417004.9468,28521685066.306335
1514160000,494175977497.5821,530294075405.4453,460290930871.6814,493594946901.3161,28521685066.306335
1514246400,493775770452.43134,569458152065.4774,464712710809.6951,535270542130.46075,28521685066.306335
1514332800,535401289132.25354,570120349531.4457,485282853037.7473,524828226413.21936,28521685066.306335
1514419200,525091653509.59424,544970375718.2805,456784883016.52966,504485213502.2114,28521685066.306335
1514505600,503904140120.38605,569412674220.7345,479935813286.02924,537092637107.02045,28521685066.306335
1514592000,537025643109.94366,585704602141.8058,457179833876.6632,491617914775.3695,28521685066.306335
1514678400,494008884662.39166,564931369996.3805,469439964902.5964,535584963088.6252,33666774767.28934
1514764800,534720226470.2898,560906681483.4873,492177314708.8632,535491968225.9033,33666774767.28934
1514851200,535218022907.703,637391485413.4086,492889176004.9818,587343625244.5172,33666774767.28934
1514937600,586366870596.6719,675292132082.0702,570002159767.8948,643952425621.7168,33666774767.28934
1515024000,643656878884.169,714541612491.5916,581746057070.1166,645060581621.4198,33666774767.28934
1515110400,645107974343.0616,761741177512.4476,565788818040.4575,663245671990.708,33666774767.28934
1515196800,663471912938.1237,727496697779.066,625036508916.2059,689375329808.4019,33666774767.28934
1515283200,690057326952.9508,744340270163.0575,635148442355.9304,692229670205.7988,41916645519.86108
1515369600,693127804749.1348,728041237580.7019,564240879626.8323,649239587145.0131,41916645519.86108
1515456000,649258532988.1232,705396690697.9446,588646727114.6942,635836478139.7487,41916645519.86108
1515542400,635514937364.3622,690272550104.273,560102992330.0574,643367333975.4891,41916645519.86108
1515628800,643883164870.4049,681769236896.067,534589351196.0112,581020954936.6488,41916645519.86108
1515715200,581115407658.395,650736701459.3092,556354450415.9138,625776564495.0262,41916645519.86108
1515801600,625797149983.9457,689841519437.9584,610981581452.1534,649772761012.7573,41916645519.86108
1515888000,650446795845.2096,671112649221.4116,585246932209.8092,621643730984.5896,33178275597.29953
1515974400,621620551273.3079,664063629902.4097,578354293230.1748,599424219513.3131,33178275597.29953
1516060800,598768065360.4229,607002378632.1594,387523897377.6957,477114823182.6855,33178275597.29953
1516147200,477137137818.4599,517915263426.3649,361301158061.894,481063255146.2625,33178275597.29953
1516233600,481156701859.7117,545841378731.16736,450126436110.97797,495172618781.9514,33178275597.29953
1516320000,495623570339.806,538789673402.36487,474465411010.11584,502794387798.0148,33178275597.29953
1516406400,502942094542.34766,573875304581.278,489614142421.2004,552769869023.135,33178275597.29953
1516492800,554040214393.5146,560216656642.1149,470223938598.5539,494325338704.16156,30396880057.039223
1516579200,494478853823.91656,518329674197.90594,422401872938.8462,466254480658.6683,30396880057.039223
1516665600,466483400177.18054,497369253499.98706,420704257366.38336,466372951527.22766,30396880057.039223
1516752000,466354433631.4066,505489069475.16223,446870005002.9413,491642037136.7584,30396880057.039223
1516838400,491364960225.1644,515092444960.505,464375377774.024,483665230215.0273,30396880057.039223
1516924800,483130870981.7404,509823225386.8477,435280134377.29614,479039313889.08124,30396880057.039223
1517011200,478519063855.3094,506054665233.2002,462983530654.6211,492628747187.6713,30396880057.039223
1517097600,493931198415.91473,535708381108.2006,485455560830.3415,519793842958.41675,19176494013.541927
1517184000,519386160544.2612,528614888088.6582,481296125866.83453,495670933410.24744,19176494013.541927
1517270400,495748241020.1721,504651099728.61145,424357099448.6755,440341192935.90356,19176494013.541927
1517356800,440314823339.8384,466675236871.2286,413084302734.45325,452205400770.4725,19176494013.541927
1517443200,452314128239.6,471508100159.28394,364861357147.16235,397285430768.1886,19176494013.541927
1517529600,399530389161.5675,409750767385.93604,303228563752.5362,380274308441.8066,19176494013.541927
1517616000,379697773754.55566,422565709239.0538,341982524473.8015,403394269175.9543,19176494013.541927
1517702400,404216239106.5044,413798400901.1675,331367814224.0234,350467344362.6285,20968171999.51724
1517788800,350069047906.1811,362058556629.90186,268164624755.1758,289474261300.2677,20968171999.51724
1517875200,289726661855.69525,345348971737.47296,239643975236.65015,328988449820.2143,20968171999.51724
1517961600,330202039314.1675,370890506217.1764,300485842441.7954,318383691007.23663,20968171999.51724
1518048000,318605013543.2153,371044898312.37274,315646840257.8021,352159756258.9003,20968171999.51724
1518134400,352508077649.74396,385151188642.94934,328082277784.16376,378082204315.85443,20968171999.51724
1518220800,378075634037.91187,409768220818.5384,350557351452.50977,373129232370.415,20968171999.51724
1518307200,373721344932.3274,378302722410.278,336447680110.58466,352129044753.6178,21020893372.73536
1518393600,352243849806.35706,394845750208.5376,346918703704.14575,383197779625.46985,21020893372.73536
1518480000,382886386294.6252,389662522959.6898,357380745377.1671,368950677432.17487,21020893372.73536
1518566400,368439142244.93506,420291578311.32733,363479990180.69165,412808856502.9833,21020893372.73536
1518652800,412778813305.7954,445609410271.06085,392950195166.48553,422957788316.6417,21020893372.73536
1518739200,422654824998.42395,443449205676.7408,406260044291.9832,433407357119.34625,21020893372.73536
1518825600,433372831489.1036,474319598659.1664,417203880324.2441,459119765437.4185,21020893372.73536
1518912000,459882591204.0141,471523993896.7808,411942068050.7472,426972285380.9096,21156251341.91438
1518998400,427393626673.0348,464244694397.0008,415774599230.85565,449785807659.45544,21156251341.91438
1519084800,449638330588.8369,474774258111.4959,416417052494.80194,432845391690.86957,21156251341.91438
1519171200,433143997691.9209,444169558523.29364,391580139015.4475,405470477752.7109,21156251341.91438
1519257600,405346151326.849,428796682865.3258,372019081601.1497,382011613575.56354,21156251341.91438
1519344000,381862093662.8891,416473077608.5558,369726273485.5913,400356168766.6314,21156251341.91438
1519430400,399777419536.8028,420889302257.5605,364463595706.0425,384803564256.63,21156251341.91438
1519516800,384837290422.0828,400562121509.1111,366882858895.1759,385663733311.5167,15124551631.797989
1519603200,385390554423.1026,423283204313.6781,368424402832.374,405214481397.8873,15124551631.797989
1519689600,405648056463.87115,431353685187.962,392913429551.8733,410931932562.7945,15124551631.797989
1519776000,411009595844.6812,436926903071.2779,391189701949.0939,397441653160.26746,15124551631.797989
1519862400,397461769041.28455,431858926763.45,386528473541.38104,415502039435.0404,15124551631.797989
1519948800,415578415177.8443,427968055613.7575,400930518626.6909,414041647189.86414,15124551631.797989
1520035200,414063644536.7572,433239368907.7411,404229237272.18585,419933700504.0024,15124551631.797989
1520121600,420756675313.4552,436719681506.50757,405802514367.5293,427471836340.53064,13822226470.7661
1520208000,428170421883.98676,441349854383.68555,415475262571.72577,419841040950.54095,13822226470.7661
1520294400,419646061734.9053,427873745165.8003,387163712776.6072,397240878429.96313,13822226470.7661
1520380800,396998959776.7586,407411076232.0906,340063059806.43036,366767924621.7013,13822226470.7661
1520467200,366896153340.28314,378841563880.36224,332014543163.7629,342652712252.05695,13822226470.7661
1520553600,342426349132.2721,355102018407.0335,305198160811.02026,347312383847.2777,13822226470.7661
1520640000,347198151756.756,360317813487.11975,323598262244.54865,327455224902.4298,13822226470.7661
1520726400,327933578459.2165,368218423857.85333,313513652578.361,353547664178.81537,12033053828.460165
1520812800,353487714227.5382,368448570363.50574,321288719863.7818,337384500977.4414,12033053828.460165
1520899200,337179533430.28046,353468344809.35846,323097341251.86206,336992626211.7705,12033053828.460165
1520985600,337213942495.3699,347588398147.02277,287570538479.10046,299692420862.7306,12033053828.460165
1521072000,299594078907.26733,311325369629.0599,275881382631.1055,300292052983.6614,12033053828.460165
1521158400,300119393613.7251,315990719400.8574,281798943295.96045,298465531317.4288,12033053828.460165
1521244800,298256261942.2739,304434802077.2669,274418127041.87442,279756541827.7484,12033053828.460165
1521331200,280139835531.42163,298385133235.4163,247426346972.8036,286869892227.0353,10649606523.503853
1521417600,287094373119.35706,313180406850.6073,279664016637.99854,305495336215.78204,10649606523.503853
1521504000,305415052770.4523,324239653556.2828,289602249972.81,313992704930.6927,10649606523.503853
1521590400,314192461977.3682,329273351616.3953,302719105740.07947,313327795735.08075,10649606523.503853
1521676800,313282615457.25226,323141121119.8302,294072794043.39746,305067520345.9239,10649606523.503853
1521763200,305170520417.8441,314627018553.8869,285204558027.5983,309947509692.54126,10649606523.503853
1521849600,310015732255.26196,317962486479.6266,293899276309.851,298314485465.0159,10649606523.503853
1521936000,298596142967.67914,307559235924.6554,291447302259.8981,297414388985.2314,11567833026.028307
1522022400,297566942269.32715,300881370980.19275,268700227763.6299,281609130433.47614,11567833026.028307
1522108800,281880781816.6895,286988075344.57806,262875284358.51196,267619414547.72504,11567833026.028307
1522195200,267640259265.1534,280300926134.2357,262938513154.62405,270709920554.05692,11567833026.028307
1522281600,270851658525.2533,273999491771.59955,231113458855.56192,238586699239.1588,11567833026.028307
1522368000,238569776260.87167,251681386415.81195,220601501640.087,234790757639.185,11567833026.028307
1522454400,234759316909.02032,250989276516.62946,229913392628.28845,236051142515.38773,11567833026.028307
1522540800,239483634683.2455,244651290618.86234,218647261328.40836,232653707837.45242,9358223272.622862
1522627200,232651899130.8274,245775108990.05273,228864520033.0101,240735577530.8807,9358223272.622862
1522713600,240728646312.86096,262576665342.1718,237688657528.48874,257538570649.51407,9358223272.622862
1522800000,257429050306.62546,260949085977.16623,228099202591.9614,233873505710.30957,9358223272.622862
1522886400,233906040809.7398,242127670799.0393,224272423231.11462,234406924905.4429,9358223272.622862
1522972800,234396686364.95233,238601181020.08835,222233590165.91052,227081101269.72263,9358223272.622862
1523059200,227423279669.88074,244168504999.89587,225109435598.82117,236510918925.95032,9358223272.622862
1523145600,237080540874.64426,246740485003.857,235501301443.2669,242931383319.33704,8170735105.946035
1523232000,243021838439.9642,252996313272.1925,228147694986.12186,236525855428.37415,8170735105.946035
1523318400,236794742029.48608,243751173588.01068,230895514827.31335,240495185902.46106,8170735105.946035
1523404800,240407847857.68134,253514567056.55847,238156065613.36404,250341576989.9138,8170735105.946035
1523491200,250306228100.63065,296854348657.626,237787144318.4431,286509917572.9863,8170735105.946035
1523577600,286648233079.12744,307501947202.9454,276832252423.58307,285050252367.9595,8170735105.946035
1523664000,284999332607.1612,299819562701.2476,279669316753.6915,289262096379.28174,8170735105.946035
1523750400,290293025552.0769,311048945896.9533,287992638022.2529,306772013920.9398,13037661641.747452
1523836800,306811671254.9611,312779717702.43176,286439656159.9821,296575526168.3931,13037661641.747452
1523923200,296719980676.48206,307402811786.29224,286081104052.30536,292393744407.5911,13037661641.747452
1524009600,292352299440.42035,315118405671.7477,290747238406.1826,310643269205.53516,13037661641.747452
1524096000,310737250694.17566,328042535480.75586,305190173039.9873,324148430770.6723,13037661641.747452
1524182400,324234558612.0401,362790671964.2594,318722185504.0109,354001738999.55115,13037661641.747452
1524268800,354012676005.0737,363475698078.75574,327814388090.4748,349076978836.4926,13037661641.747452
1524355200,349484004332.8817,366085299999.1642,339072175478.4045,350353968884.442,19841241730.854847
1524441600,349964078551.88525,368982081331.3431,347437572241.568,363603465274.8829,19841241730.854847
1524528000,363604112511.79553,409637211077.4076,356828881268.2509,391495423911.3776,19841241730.854847
1524614400,391405656361.14,398824375032.8255,336391617659.2955,351766117300.6995,19841241730.854847
1524700800,351691009183.12335,380318966102.18945,340282632709.79126,375356924492.43036,19841241730.854847
1524787200,375403627604.77515,386853521909.9312,355506422731.9342,362252568547.4611,19841241730.854847
1524873600,361918950702.52484,393600266229.0149,358672937669.8887,385824273539.7959,19841241730.854847
1524960000,386494299036.9439,405444924733.2497,375685672623.88293,394251838170.3712,26867019411.985073
1525046400,394292597427.54706,401574562319.3497,371847182192.24774,380573796992.0631,26867019411.985073
1525132800,380941945996.0959,388723992166.205,356419337780.9002,379423586329.74347,26867019411.985073
1525219200,379378006332.2824,395197728251.18646,372844400375.7555,389417563037.59973,26867019411.985073
1525305600,389570362097.89417,424087007522.04626,379396751932.873,410144030083.1571,26867019411.985073
1525392000,410289333493.1016,421171632896.13196,394702977601.7848,408740940088.1375,26867019411.985073
1525478400,408559840781.74475,430944077475.0913,404431123358.3956,420061396350.7012,26867019411.985073
1525564800,420866886685.1945,430260247025.61694,393280666151.64417,409827453588.0708,23365312935.60055
1525651200,409698440871.81165,414300610203.7157,378653211331.9136,396145163124.1208,23365312935.60055
1525737600,395935986354.6005,409619041730.32355,378162190030.45325,390983989981.2031,23365312935.60055
1525824000,391094057041.9945,401865556722.6083,371741563353.9095,392536027464.6087,23365312935.60055
1525910400,393398733229.54724,402012216981.6733,373697870307.6404,376079253999.47736,23365312935.60055
1525996800,375808202471.9885,382938246659.88226,335381306061.9103,345696817058.69147,23365312935.60055
1526083200,346028271317.91064,362690348921.3608,327866272703.74634,350761075965.3407,23365312935.60055
1526169600,351912108867.4741,374140125697.6654,342787617072.27014,366513413620.42194,20879574710.342197
1526256000,366516897061.5146,378328220250.37036,342586600545.14014,363376107255.4088,20879574710.342197
1526342400,363235230592.4947,375316095696.9389,345630509682.20135,351353810349.8784,20879574710.342197
1526428800,351555945975.2743,356826652454.19403,331341628712.53143,347186254931.26544,20879574710.342197
1526515200,347276269159.08405,357963234420.2036,326234181383.22845,331047841282.5841,20879574710.342197
1526601600,330819270955.7359,344189095461.26697,322367288410.14606,340014635882.7684,20879574710.342197
1526688000,340146302971.0686,349381771041.3429,332330885419.64984,339444188241.4639,20879574710.342197
1526774400,340126901868.4785,360676865649.48676,335500864571.73615,353466281117.3206,14222705022.912872
1526860800,353688609242.9182,358269784986.26855,339278696136.6957,344668712274.027,14222705022.912872
1526947200,345015488717.7185,347645384308.11487,319569070611.8794,322191081043.01935,14222705022.912872
1527033600,322270727837.00287,326885536747.70087,289352638709.23553,296621327945.1325,14222705022.912872
1527120000,296522400946.35077,315330979358.8209,284525548064.78314,307422034281.9129,14222705022.912872
1527206400,307478224195.33563,312715093466.4595,291520776967.5623,299417423744.6604,14222705022.912872
1527292800,299255784773.354,309885780209.7314,291087754594.1491,296460085597.19385,14222705022.912872
1527379200,296697178492.2755,300859223455.9802,287318843710.13354,294405390886.76996,11603692853.581755
1527465600,296134390787.6619,300979025275.3583,273186019230.03802,275314704796.8489,11603692853.581755
1527552000,275551425713.0631,303286460479.99194,271380700445.3684,297738336008.81323,11603692853.581755
1527638400,297763983650.8093,306338337183.5109,285741379584.1686,294136694581.4609,11603692853.581755
1527724800,296566167073.50256,310970317916.3251,293100862211.5976,303894808272.53125,11603692853.581755
1527811200,304061252403.4958,312010125977.4326,295958492854.68475,305442516015.19745,14368343646.193182
1527897600,305587885122.2367,320926797985.74866,301196320299.29956,315339888411.95703,15676475714.73348
1527984000,315407304739.681,329934399898.72284,311482974096.1551,322908501200.23193,16195892092.034481
1528070400,323526214124.62756,328534875102.6151,304884609514.287,310364405387.0564,15186700554.29438
1528156800,310488984366.62396,322407860654.04987,300601471162.2259,317288905854.06213,14625831642.747381
1528243200,317361572556.29553,321910527617.3357,308206477071.6022,317261030204.0032,13078724995.040878
1528329600,317259344696.37134,323833650406.7376,313043789206.25824,318032817446.5275,13468683921.468409
1528416000,317888885006.3585,320089600148.89075,308141862852.0583,314506348403.3022,13067965578.292978
1528502400,314684089612.6311,319218416551.5439,304310951645.941,308774933216.69055,13067965578.292978
1528588800,308627826104.96,309622648706.6405,263922232751.1011,273886177661.34018,13067965578.292978
1528675200,273919950663.95236,282973393032.2388,263444700043.32248,278552428932.39935,13067965578.292978
1528761600,278597599162.55426,281158770284.27234,253379697485.17288,260126353895.14493,13067965578.292978
1528848000,259862198155.4021,264827707448.6687,237164459613.35428,249779669426.69534,13067965578.292978
1528934400,250021740840.31497,272404697475.23526,245037099108.65067,266991021429.90787,15581406365.627611
1529020800,267000135134.69736,269238718831.20456,251344384730.95227,254489203514.72696,12913405787.099981
1529107200,254565244304.0802,262214904761.83987,250003996489.4901,257677265592.07095,10035073557.27528
1529193600,257835960284.46786,263017565688.1346,254015600111.976,256024653480.4037,8459619369.222279
1529280000,256285800309.53836,271041737668.84833,250405140643.43094,265552448188.7732,9007589363.69019
1529366400,265792949331.74936,275199523676.4374,262217551044.9345,269069264191.9476,9007589363.69019
1529452800,268918867617.3703,272629681491.18283,258254928054.84048,267786032631.4786,9007589363.69019
1529539200,267930986495.2295,271950840117.53925,262196762259.3972,265052849864.41443,9007589363.69019
1529625600,265226179441.06473,266480493419.17896,228477307935.27078,235861982847.89328,14229093184.392733
1529712000,236029154792.96494,245138965238.19418,232275874764.78067,239600635704.64627,12621457427.180132
1529798400,239647214603.8269,243398300299.70233,216155478029.81662,234077554500.72897,15228929519.279331
1529884800,234122448072.03784,245832170266.9567,229396018152.44302,238125519329.61124,16397367813.690582
1529971200,238146830188.59094,240126038112.50912,224672924496.04294,226068941670.01465,9215228234.723831
1530057600,226314193909.59613,234363381176.56906,221999782656.2323,231411779448.82816,10276936399.24023
1530144000,231709853646.9962,233858944369.1014,216565479295.36694,219152552425.7414,8893956348.954731
1530230400,219093734017.7517,241715690348.37704,212856502519.48438,230503349126.6153,11462682968.39833
1530316800,230575878082.7426,246570733016.575,229322046230.8919,239247932070.3311,12705227924.109133
1530403200,239249745160.6472,243982772705.752,232166015597.39603,238531176854.9645,13695693770.970531
1530489600,238375380278.86438,257033544832.98428,233932182596.04813,251919243207.5149,13183479828.610733
1530576000,251854247601.31277,259168059089.30255,243472522533.25885,246321821643.56195,13614737285.999834
1530662400,246388077479.37082,260896485511.13107,239592309165.66995,249899196678.99442,12467206239.385332
1530748800,249750450970.48975,256502088060.44498,241480574862.45212,246808637513.9453,14441139789.047003
1530835200,246654880766.237,251628985542.5062,239006931759.823,246912111142.68558,11986004855.94133
1530921600,247395931932.1647,259067519877.74686,241213090762.61618,254108879409.99744,10787288917.812222
1531008000,254144892015.5413,258115580770.40213,249321117397.78375,252014413361.67892,9954804257.35812
1531094400,251979962770.40375,257244831748.53992,244620767321.04617,247096874943.25735,10971516882.612822
1531180800,247397250358.35077,249113289869.62576,228078410820.0945,231217114153.10092,12490933390.499123
1531267200,231478612245.16086,237954390465.64026,228011564191.2774,235396542920.8721,10790898529.73542
1531353600,235472963361.61694,236319164309.9463,221495862789.85147,229273530364.7761,10346354183.93753
1531440000,229187654592.18268,236883028678.19775,224307287404.0485,229855630627.3705,10949918564.141571
1531526400,230163106948.93298,234999450999.5526,227252981664.1901,230979529654.4595,8104673206.428801
1531612800,230963037384.1179,239592443468.8095,229524876605.80624,236902814000.83157,9212639107.77832
1531699200,236898511899.75354,255637663795.1524,235022170510.36246,253292562409.321,13108448876.138521
1531785600,253213048031.2262,281281494825.13403,245729624985.9465,270876526142.58063,16635200971.34032
1531872000,270674150793.02957,284874247002.1181,261390514026.08475,268816304134.3297,18033149244.19612
1531958400,268838623839.50903,277202085818.2024,260221625521.81293,268081509840.21362,15065295918.112621
1532044800,268029522636.06348,275820714173.07886,252211064153.3283,256945479965.451,13990266025.213022
1532131200,256931992718.3364,265764426160.69968,251131359801.2887,261849781050.04913,10572457793.302322
1532217600,261603751371.59808,269758152446.2363,256937654863.7095,260265878548.00247,10411263408.285822
1532304000,260219003249.67078,275843474024.83295,252840107929.81015,264253944289.59814,13274422971.468424
1532390400,264333617592.67532,292725874426.3541,258829416229.80167,284023789146.3739,19063807637.765617
1532476800,283694135607.5901,291444298991.9787,270720357545.39407,279314551217.58435,16034896132.909122
1532563200,279232081040.2968,286932149681.9518,266607886880.0979,271299925485.83475,13076267353.866423
1532649600,271264377891.28354,284086557947.46545,263918723894.68634,278166413499.2474,14185701027.32412
1532736000,278219314912.31836,281228817206.3059,271907715349.26227,279218194173.4825,11169949064.984722
1532822400,279100168354.36066,282071355193.1368,273448036051.69836,277967808342.3306,11646135207.107231
1532908800,277894616489.06445,281094574184.2862,262130482612.09766,273296755986.9355,16205304467.842722
1532995200,273215975158.90143,275005226467.0103,252577804482.7978,258879230393.24213,14037010912.394442
1533081600,258886208438.19916,262985481073.9433,247177094435.3577,255169163460.03937,13324692017.899607
1533168000,255222777288.97128,259349469490.93744,246146731992.2547,249940155471.96155,11330604714.64396
1533254400,250738791959.46564,255093478693.77063,240956046135.97433,249555408755.68164,12622149636.853395
1533340800,249566909811.26358,255515890594.43018,232722447700.8166,238537564930.70554,11118739319.403427
1533427200,238487442981.67734,243583859305.92694,233971117168.79813,240701298460.64218,9922215855.637884
1533513600,240670021199.62073,246893544285.0852,231554708417.29562,236492987013.17053,10755635415.230833
1533600000,236438177662.58057,244651256003.59558,222553252142.56842,225719097642.2006,13159754053.716324
1533686400,225678285036.51016,227303595825.49356,199131981411.04544,207636696988.51077,14608339942.259304
1533772800,207879829652.97922,222033878317.1957,203464635447.0905,216309543094.29352,11882931117.73562
1533859200,216446124878.0305,219472818035.2888,195758150123.00534,200770787587.2437,12325116637.574627
1533945600,200701149119.14282,212027929978.10242,190265651131.90067,199010729043.2193,11472585003.938534
1534032000,199352177430.06998,208737776107.8736,195868351703.6146,201158664448.21878,14032858309.868952
1534118400,201219662000.7963,209476854316.05774,186051046329.992,191985602284.19028,11488963471.288399
1534204800,191879726958.5524,192870248796.4962,174748329917.30646,188900146925.5001,14594575613.853523
1534291200,188987741944.74164,205270609234.70404,187239335634.83704,191170094534.64862,13383628348.03119
1534377600,191193231989.61746,200581232406.07297,188138017814.17105,194016246710.6298,12030875658.609495
1534464000,194467234517.75623,213149911920.95428,193194929047.14035,211917296905.1559,15689767739.037281
1534550400,211961336410.71265,214584107435.66663,195101479081.89932,200744982609.9296,12980629637.174479
1534636800,200678153049.67578,209485973392.09174,196946202653.13428,204974971877.65732,10574792908.529556
1534723200,205005902843.36035,207380406917.21497,191425741844.09137,193013533152.27173,10699162089.195078
1534809600,193111267636.99683,202601012333.00397,191065882904.3558,200385487789.98987,9442254761.994656
1534896000,200436786993.29315,214505112127.74905,189848405872.70065,194540746412.52618,12520523744.339836
1534982400,194750860821.6738,203124979235.8174,193188038764.26514,200265593512.78992,9593091981.010015
1535068800,200287871895.08365,207063671282.11295,196227726791.67035,204645380812.3169,11152254582.947727
1535155200,204661328699.96213,208694759074.3069,202210656395.1963,205287394688.57953,8899425222.231247
1535241600,205321502467.0129,207363536487.6545,198797197010.408,204164291007.74118,8981336413.610085
1535328000,204054450786.4043,215231842742.9445,201960156904.74698,213249739182.84076,11301439689.948841
1535414400,213355520123.58148,222526773707.297,209887682855.92984,219698749803.16574,12913810048.93887
1535500800,219709351906.41144,222511481797.25104,211637521842.42877,216833747639.3017,12222028515.087881
1535587200,216870554582.79477,218543691002.02628,206380578963.38348,214209417328.47766,12046102927.999004
1535673600,214288895781.8259,219805864864.15375,207174335897.65182,215783442220.65488,12081200565.556967
1535760000,215772468565.78793,228832042244.64917,215306782387.9356,224351739885.1197,12386397486.002811
1535846400,224542039063.08203,229877684665.7334,218933524263.92352,225550398683.66016,12282246407.166348
1535932800,225608808148.1558,228144387419.91483,219940456268.53366,223786745124.1823,11351237081.103209
1536019200,223738837925.649,230232156782.3257,220924659256.6629,225904891106.4595,12027740747.078413
1536105600,225848012724.38678,228847836903.52963,194747829747.09613,196173298558.7056,16798847404.499382
1536192000,196117592761.53928,201459213679.9803,182282028866.51248,194479871845.1782,15393758017.34431
1536278400,194500643687.49307,197059080344.17444,186258800260.2807,189255445630.30637,11886289905.287182
1536364800,189336291239.9871,194469113914.49704,182600796611.09805,185787531426.0553,10413794659.298765
1536451200,184772984416.90335,190541185747.0243,181580690856.9339,186253887947.37894,10499599376.1067
1536537600,185257777979.20285,189317236157.91714,182306808835.18762,186138121356.9114,10241801225.3083
1536624000,185195853742.97354,188664275991.27374,178862267708.6962,183289435897.05646,10644717408.464483
1536710400,182165323141.27814,184888436764.03317,176556728375.09125,182944717931.72385,11681432916.921068
1536796800,181942367520.2964,191009543350.28253,181307444288.3304,188599104525.9919,12901330261.845613
1536883200,187546776817.66113,192170041016.41504,184221553526.4197,187783732291.73474,12221948059.52361
1536969600,186747431603.6587,192147325229.33203,186161062126.22318,189958001358.46884,9476937451.522236
1537056000,188856678071.4511,191206154866.2767,185089911745.33713,189978787485.93283,9409041157.039673
1537142400,188996166114.87683,191663446059.592,181357206413.613,183994262958.91254,11794670705.369104
1537228800,182919317182.94128,191437401175.50406,181641962167.99945,188614062176.1782,11990604728.300179
1537315200,187570965213.40695,192472315194.6661,183574425236.27283,189202744538.07764,11885368638.310244
1537401600,188214511746.7851,201786560301.84213,186751073030.2726,198352397675.54755,12931117599.817719
1537488000,197592545888.68784,219265097460.05896,194600618783.14856,208969137777.09177,23231292754.597313
1537574400,208014288027.16193,213664382741.48624,200205807142.17435,206995228821.6433,15203303222.920757
1537660800,206006334175.43558,212596474579.54834,204072542280.8529,209085322599.70233,13039220109.441717
1537747200,208057325896.89178,210722042343.0383,198881832116.32535,201755947714.68353,12722654401.138794
1537833600,200680764373.48428,204943156699.62936,191962717336.91693,201071634216.52856,15211059183.515253
1537920000,200163953079.1369,206831398641.4548,195538955166.73523,201056685388.57156,14760458238.044876
1538006400,200022891158.89838,209822054249.2953,198408533524.43607,206888880116.43835,15126798632.224306
1538092800,205869569390.76083,209498794204.5117,200430311273.68564,204746318337.57346,15145715985.979753
1538179200,203702949142.76495,210220716883.00266,200165259811.50067,206959964890.11258,14099622694.126337
1538265600,205848557975.88177,211274067138.6155,203406818859.08557,207618719586.53973,13771394073.532106
1538352000,206568734823.88052,209943334898.01114,202095084137.9487,206932157531.98645,13368117291.756372
1538438400,206052722747.8505,208816021376.33725,201046267701.14697,203619198817.113,12076955608.820988
1538524800,202553428403.47214,205097300222.45413,198995649015.2005,202530797782.01886,12298616647.913773
1538611200,201513547955.96524,206140938741.27896,200519019564.80405,203428389645.24216,11341115194.313358
1538697600,202392436090.21637,206224117092.9381,200251708534.98438,204075526253.30768,10840501019.837519
1538784000,205616098989.00192,207003490116.15482,201463760531.54846,203608029909.13855,10310622355.368553
1538870400,203637089178.50613,206355947976.46295,200703988422.3412,204766075838.62677,10445817248.219543
1538956800,204845663312.0284,209431280252.5509,202919638962.3639,206623541616.5807,11677737664.446018
1539043200,206603089401.6046,207676031745.96756,203104902569.87057,205368048791.77017,10314979913.323095
1539129600,205440311194.9753,206170585601.44586,199138022728.17465,202855597237.66568,10972845752.636822
1539216000,202769955574.65085,203270081840.99203,179269522764.71393,183014326138.2185,15310597615.152506
1539302400,183178050915.37033,190620371582.92102,180983101841.52618,186953693966.81332,11803377533.742588
1539388800,186961149948.51846,190085076618.59018,185817548355.1413,187629550066.0808,8519535651.839783
1539475200,187447870688.9765,191417820512.8944,183669367038.8134,185313547779.0382,8508875875.931185
1539561600,185278245614.19052,206627197392.124,182242453676.07104,194374438653.94336,21211285107.49376
1539648000,195307170953.48126,198960345232.11575,192621525583.8156,196739934151.29404,11161324247.264578
1539734400,196838130493.92343,198804289891.9119,194000663700.6392,196525410470.68512,11332787360.06515
1539820800,196475340906.27072,199075485672.1585,191320218775.7217,193964603604.1403,10787748881.877844
1539907200,193907760070.244,195824707873.03397,191675905623.99756,194293304814.86743,9688949893.066406
1539993600,194278383564.33044,197011269782.6499,193437465680.66104,195696415722.9779,9073827991.870693
1540080000,195698783187.4199,198434034511.76215,194598138698.9163,195500913350.2963,9202013006.8907
1540166400,195512240962.2469,196861668212.539,193286934702.58026,195428550144.77707,9838990738.088985
1540252800,195407512378.4128,197558778479.40912,192027728401.8379,195297299693.4337,9789719970.22073
1540339200,195325416570.2412,198241744175.23422,193881355221.2393,195212309350.30112,8693823513.993912
1540425600,195196160536.1327,196288554670.86435,192793316503.56644,194493140514.1782,8346391144.467665
1540512000,194493728117.0395,197052120438.7331,193074646357.60193,194912289620.0465,8789410431.693985
1540598400,194922100112.97076,196058504765.3269,193433763357.95374,194602083324.2891,8547199563.012015
1540684800,194637042612.7193,196270406474.61893,193562074773.84744,195233215038.83667,8613192300.145552
1540771200,195323696785.08014,196108051123.6489,186357347681.8396,189245105512.17624,10958113754.493107
1540857600,189731610123.86188,191448183581.4943,188322264619.8583,190200785397.25912,9657866089.727459
1540944000,190121346403.2153,193699312533.45438,186983475648.5169,191732221697.869,10698825906.007296
1541030400,191716295472.73438,194135027806.7231,190331012810.0492,193015681262.82477,9804049500.02784
1541116800,193059565993.14404,196418369945.29062,192065509223.12247,194616711331.70566,11304371620.619062
1541203200,194561856808.485,195494292551.48822,192750893265.0921,194116482333.65884,9862632853.443655
1541289600,194076956022.2731,203287215297.6379,192876521022.9427,200189439191.88013,13740824793.309809
1541376000,200383466536.68335,202925930492.38162,196768822762.09778,200533979340.1528,12336367742.39748
1541462400,200594400248.03268,208294196226.48718,197863968072.43903,207090846297.6672,14539529071.458437
1541548800,207173900600.06448,210464678289.2769,203528093212.89087,206316865683.80426,14595411000.864769
1541635200,206368426917.66946,207857368155.37802,199503186796.65894,200786081875.46487,13315017272.545017
1541721600,200771532384.21176,203536246887.3296,196530164433.80865,198303506263.5166,12427748706.854124
1541808000,198318136451.24097,201242340757.93958,197606684790.79984,199616414845.32388,10765093721.234573
1541894400,199621127459.74445,200844330818.04697,195566349676.31125,199323413248.95773,11514258468.48702
1541980800,199404072475.86185,202102359944.38654,196237433193.8001,198408464605.2056,12411512937.420872
1542067200,198445915555.6207,199817159644.9704,193811078883.47534,195065673748.9127,12739171801.474083
1542153600,195049042380.08676,197064903393.24387,160670637649.82526,174210085269.19067,20715399253.55341
1542240000,174515357682.4559,177967801251.28497,158788428601.977,173679687295.77618,20325887656.95198
1542326400,173660491804.1303,175988693120.92844,166795277095.29456,170482637354.10168,14650634427.552404
1542412800,170586624751.5277,173399033058.11526,167542529752.22617,170937255250.1609,12475582917.715382
1542499200,171080248421.92822,177451411896.6315,170039222443.17685,173451399911.0772,12631025162.907482
1542585600,173462315256.26895,174313312555.5939,143226031900.0996,147595882537.61847,20252600820.293156
1542672000,147669842589.4227,157127566759.82913,123202174883.6599,134709674651.71193,23075289655.300045
1542758400,134470588832.03557,145189747717.34302,130103818128.63371,141209202018.08618,17246327426.291565
1542844800,141341697812.71854,143313067974.66034,130564874073.55179,132041679327.48163,12515253449.05185
1542931200,132157664319.84663,135640137637.46237,124433114963.58658,131198231521.10031,14434200706.980312
1543017600,131365796994.40186,135226530312.77086,111616766488.89067,117217289281.73567,13193963663.574009
1543104000,117082022062.88521,127051282617.45013,104793946058.31874,120653143581.81297,19345240303.279568
1543190400,120559016066.19876,125761041664.10945,107237681736.50749,114354707524.70856,17869914149.280083
1543276800,114368649314.61299,118259825331.86209,108471829662.4767,115611923951.99216,16129180911.456308
1543363200,115830002990.44116,133635950708.49011,114897614585.52786,128889633969.78647,19242099618.721275
1543449600,128828644933.8819,134628773752.15564,122811254181.24796,127930225720.47379,17063497021.816395
1543536000,128003414869.45706,130585977167.35474,115632150392.45387,120232563009.1469,15881528170.765774
1543622400,120299254207.59987,129087897856.31528,117809938700.3816,124810491809.48639,14220579120.929392
1543708800,124997988838.05139,128926643405.42122,121228325584.76839,123661676009.51018,13486096044.523981
1543795200,123741211176.35536,124821942624.14574,112307486787.8107,115511936639.08017,13146970006.828201
1543881600,115588633413.92107,122129395462.37851,111569126795.40282,117234119589.58244,13097140204.76334
1543968000,117155767197.11841,117888736592.46156,109011636952.4613,110067359164.42125,13757823441.331915
1544054400,110190328072.77274,114577295158.0441,99235900058.70236,100674589382.05873,15510663509.216335
1544140800,100742126117.96796,105136584124.8065,93140274981.14072,99925445811.81862,18642020600.33102
1544227200,99860031733.22906,104253115499.61917,95074997866.70366,100045851337.27977,14388550957.911894
1544313600,100093051399.25072,107732385586.12016,98784996852.18147,103772944121.18674,13329099196.910364
1544400000,103812129342.18791,105813627128.6492,98010049653.71466,100049840905.07599,12991453262.409538
1544486400,99951496313.50215,101377614073.62668,95949361325.20427,98219975237.89777,12469560617.434425
1544572800,98132849288.4517,102896774650.68434,97254117831.55139,100699552313.84633,10804274558.371185
1544659200,100680829599.69908,101513772363.15276,94479386097.36366,96158744343.72125,11264204462.2443
1544745600,96139542915.64578,97406661484.85669,91581988680.99745,93722594844.66196,11205622463.91511
1544832000,93690204185.43785,95392356407.95985,91236351500.64494,93377644150.5819,9316538650.586432
1544918400,93361711575.26094,96730292756.36972,92993268384.35783,94043595610.29892,10036579710.320486
1545004800,93950634720.5289,107558498725.41127,93261847295.05705,104348534949.2666,15231843039.943983
1545091200,104338547350.88936,111426348615.97763,101722284981.2162,110466255679.62248,17063274612.208746
1545177600,110594991085.53725,120783807353.68695,108586361109.39047,110610897405.31734,20018649005.174625
1545264000,110601121663.15628,127760401754.0394,109164300784.83005,123661715126.0867,26152711963.010254
1545350400,123583111643.22838,128515739048.5632,113594094017.92258,117145007827.63582,22152824906.98248
1545436800,117171768580.71945,123287649421.91353,114563430903.07227,121591731257.94264,16465948548.575336
1545523200,121593621656.22159,127681414765.30984,119185528215.03763,123516975667.69533,19919910740.332127
1545609600,123534238992.51317,138123036395.52972,122534938427.01743,127699539762.84328,25078730717.4161
1545696000,127560368490.65718,128448453587.27695,114393631591.76596,119210488417.28445,19933278958.17065
1545782400,119164540545.52483,123402639918.1594,114855741787.81316,120063681977.255,16844235179.700825
1545868800,121717536136.06464,123084258914.3965,110547566401.13844,112046114504.3383,15406565139.332678
1545955200,112119532971.50497,127197281907.88092,110885337758.67152,124065884283.95361,17639427408.594204
1546041600,123986219823.27411,127462051325.54381,117121517446.95692,119250765713.80714,16152040754.385376
1546128000,119147034454.33792,124029117395.30629,117158050492.15381,122364006357.51698,14543560309.904867
1546214400,122474332283.0599,123204123498.9859,114679225842.58678,117174463123.69885,13515029993.988377
1546300800,117183102623.2897,123597609583.50497,113974989566.44525,122176791243.00737,12643120172.226473
1546387200,122221235560.77786,127514583410.1668,119963509964.23225,125977412258.29482,16413182162.497252
1546473600,125962024486.76794,126659802416.87233,120113758977.5456,121724184442.84238,13648168329.49079
1546560000,121697994838.35933,125233899538.9548,119394750167.0789,123414205714.77986,15013259578.656054
1546646400,123333447902.92203,126540374657.46439,121562389429.67685,122852937894.768,16211386018.745363
1546732800,122841441879.05844,132505781358.72618,120497685184.84892,129505131002.22781,17117758200.097467
1546819200,129477787716.44247,131356714351.71881,125891831747.42526,127748099329.24397,15335877214.022348
1546905600,127689053730.46347,131918470763.95007,125190016057.36128,127783406442.76292,15296436295.795727
1546992000,127849045174.7339,130988193993.95563,126289697623.47205,128609521832.27101,14902131654.928343
1547078400,128926037195.30193,131469031332.54086,111270644541.72809,114794869425.16158,22143953220.343536
1547164800,114837327194.67969,117780925914.97562,112170423312.72739,114793807058.85867,16407943111.333986
1547251200,114805254405.88042,116249960065.24162,112138753808.5367,114421654486.16628,13833384215.66296
1547337600,114287363173.76474,115753190323.42975,108199388806.47693,109712659159.71109,13789693625.934147
1547424000,109853382229.28535,118258105991.98195,109307094003.45807,116066445010.70163,16570505756.374302
1547510400,116121363965.70718,117423163711.36734,110725033410.4278,112731521315.81345,15892470136.629427
1547596800,112749779035.35666,116652509096.1386,112055348041.3206,114103297383.37292,15926425351.969194
1547683200,114222440982.7752,116378818523.90454,111489034776.62347,115207240399.43738,16040957128.588165
1547769600,115131558521.19687,115573483134.98422,112165523382.07576,113666794650.69481,14692670056.817215
1547856000,113711081999.84137,119252530645.13147,113193054272.40335,116187346631.01942,15826373270.755043
1547942400,116076834284.6536,117125366542.61847,109084575836.97966,111528002635.17802,16554214470.98857
1548028800,111533835702.56236,113259723526.02124,109590256215.3192,111528821823.12871,14303479168.610981
1548115200,111470723626.47383,114671428736.63785,107227926755.75531,113073665936.40677,15579758878.424908
1548201600,113099896690.95349,114779080300.64894,110861569824.21059,112253287836.05829,15298649330.651783
1548288000,112264873987.33913,114055573198.54498,110759647626.7742,112764613508.99596,14922711971.913242
1548374400,112760019321.99757,113538158368.63704,110377993286.37013,112274408665.83812,15172511849.841253
1548460800,112281877416.40062,115658527169.74754,111116097688.5007,112115748329.83711,14547741731.249973
1548547200,112107420368.66537,112774763536.84798,108605778126.9594,110533660663.22554,16384424369.638416
1548633600,110450696596.71022,110896842429.6877,102911186601.04185,106102321032.22992,21268479933.36503
1548720000,106148778568.52838,107058321209.37862,102170106064.63081,104947955585.26004,17116966290.559505
1548806400,104842039372.2087,109410627093.37721,103830125608.23552,107964604691.59982,17501601985.046474
1548892800,108100201002.87395,110115385190.92352,105170047069.62354,106327180109.1578,16726390948.867136
1548979200,106311581573.10254,108195337951.16502,103910905629.78917,106980962102.0982,16038854247.578924
1549065600,106984948687.0627,109344619666.01144,105792205828.7634,108387720831.61952,14919231975.851387
1549152000,108443425528.1247,108960380811.63759,105081318001.42805,106301351080.26353,14955810286.207874
1549238400,106227046701.59384,107709221899.20972,105234698369.16826,106173397956.60698,15127162812.462862
1549324800,106108310171.66045,107317899970.47626,104916147151.48567,106586774804.67157,14798442229.892876
1549411200,106742462423.96837,107765386646.89822,102550634250.30278,104427894795.43094,16178398521.69238
1549497600,104427375843.91797,105809956944.6402,103758256658.37883,104586167548.16968,14262726259.608368
1549584000,104828194763.31978,118042974096.05489,103725357071.44688,114053736607.77069,23427132047.038605
1549670400,114188867654.84743,115643953683.44858,112610555488.4156,114179156230.96805,18789877371.911613
1549756800,114273171604.65213,116687166795.99446,111559697397.6065,115747649940.12935,19422332678.8952
1549843200,115734281116.04749,116404689082.93617,112190672729.6077,113210065888.95415,19761076906.566166
1549929600,113179398154.66786,115260808278.90138,111384889032.54532,113736456158.1098,19619355409.97465
1550016000,113795118445.5175,116029649285.7824,112017329391.00334,113261143734.42252,19789749215.117714
1550102400,113336864958.2305,115562505265.09976,111203703139.25534,112311586097.14532,18919013753.33814
1550188800,112344174717.4764,115110761508.62602,111430716478.77162,112910065084.12984,18884000079.295185
1550275200,113127820656.88823,114974606214.77307,112505962821.24481,113329685479.48244,17704646402.668068
1550361600,113305814299.87488,117845708950.95134,111983352757.29227,115772654485.16614,21696707459.93747
1550448000,115758296957.78314,127052023014.6883,114930858621.99559,124253329782.82628,32148098906.248814
1550534400,124362703617.07832,130081294207.32281,122794964708.17151,124987414949.35378,32652242867.51089
1550620800,125038339244.60411,129036151095.46114,123229092692.72147,127635284527.72354,28264357289.711937
1550707200,127549990169.3309,129335790223.78455,123494087856.55576,125242427422.23058,24403081683.897755
1550793600,125319553952.8688,127780547226.66539,124104486381.55202,126888301595.18977,24123404221.864487
1550880000,126793422854.80254,135217237247.6559,125270459736.0662,133078183574.34506,28373287712.434025
1550966400,133086646782.6203,137357932152.60358,117463147530.2714,118661341548.44557,37724016317.48908
1551052800,118766616198.2987,125792914652.75006,117988668610.51059,123005201923.06908,33458889548.00174
1551139200,123086383083.32825,124284570730.15717,119887804156.85625,121868743561.99135,25279682028.051006
1551225600,121758264141.93811,123365108683.21773,115833709197.92331,121374951267.0436,26277994611.632763
1551312000,121443581648.5148,125524826061.95581,119346501818.39566,121476469419.40588,26735302684.151615
1551398400,121581484308.34163,124463284047.8218,120952804334.92665,122320537018.23692,23469812087.209614
1551484800,122292911711.10658,123254110387.96687,119788990123.964,122081292202.14098,23546216881.497437
1551571200,122103739608.48126,123093883725.7508,119647884425.61334,121129767319.92773,21635871088.582012
1551657600,121156673889.95703,121980100179.66994,115853283324.29288,117622031860.54626,27999868511.77064
1551744000,117803813551.68054,125726575611.37698,117109582890.3093,124125628328.46912,32598390028.400948
1551830400,124120822092.59927,126268618065.74405,122074140997.49083,124556020631.62724,29907486457.43434
1551916800,124612177169.13573,126846660567.50194,123117459965.66489,124817795108.6263,30668569623.21339
1552003200,124800697204.27054,127217794433.2549,120440540652.78458,123434968038.24573,32204595352.24406
1552089600,123415885093.91693,128522360582.93013,122867508749.40366,126368186566.70305,32928173277.25991
1552176000,126404607489.85803,127459471293.35693,123990029861.9066,125983903272.34892,29200828133.756435
1552262400,125700474876.68047,126860494528.97165,122065236818.29826,123939429979.00722,30993253436.32958
1552348800,124110602503.9823,126613285733.00333,121780400675.4372,125285266735.83183,29834719449.81625
1552435200,125310990249.24072,126988736075.31038,123224661020.63347,124881254102.67587,28538613575.962494
1552521600,125067232180.60582,127957260530.6454,122021904581.04086,125439562660.58528,31887748840.6493
1552608000,125489814205.98984,128546050155.41321,124726338824.05107,127585421058.80363,28847966768.848206
1552694400,127580104363.71754,133244558211.743,127070930321.52727,130784396397.84097,31958141313.600693
1552780800,130804862880.69334,131260656072.24527,127930324955.14925,129676584044.56929,25268538724.76347
1552867200,129683014701.00742,132209297100.07887,127715898266.01018,129606939882.27307,30638994531.54211
1552953600,129834912548.75128,132019768533.53024,128456336800.32759,130890398243.69684,29002387739.394936
1553040000,130906829572.42229,133258465879.30638,128710244566.4937,131904710932.78383,32319679153.67286
1553126400,132033417792.78102,133526022924.20946,126688659004.40573,129625889955.83911,34194821241.506516
1553212800,129585341313.71344,131537360329.03221,128578980561.486,130476599737.64629,28944262378.093807
1553299200,130485847088.00024,132276830368.91397,129312317390.0033,131077214041.11923,29737908108.48984
1553385600,130940111237.91054,131718127929.44652,128735387781.42923,130530721838.10806,28837161410.398834
1553472000,130502142210.72888,131408514653.65239,125735425501.31982,128176278127.37831,31855680794.86484
1553558400,128212934018.22751,129355584408.46265,125334953449.27977,128494936573.1413,31991896084.925022
1553644800,128571496558.56711,134089606743.91837,127957132771.17815,133197055552.88486,37311724459.80651
1553731200,133185463807.36636,133794810460.36603,131202527779.4033,132519018724.51651,29793423226.91658
1553817600,132503855106.23936,136407768469.99394,131664498583.6431,135115363645.0306,34737860852.18297
1553904000,135177975380.95267,137644934050.78534,132650656167.67763,135264718764.01776,32206089430.744987
1553990400,135267677063.61919,136583114473.44072,133923004894.78659,135641190193.46033,28799939617.78957
1554076800,135605345341.15015,138459507971.18768,133496412480.04391,137007253819.32341,32527252015.499245
1554163200,137052547553.18138,168889769572.03702,132060327030.1055,160993334690.61218,71619428496.39278
1554249600,161073646603.64795,180349309473.11615,153912856689.30084,162830641204.65018,85824548731.55591
1554336000,162738085357.89822,168411370297.50198,154403167090.4182,160232876770.80453,63642557104.248695
1554422400,160282605254.89838,169787029096.44492,159069211656.99487,166969778648.2683,55002812961.89391
1554508800,166983620059.72607,174633732026.87427,160863866771.90057,166571444266.5403,55153116667.79248
1554595200,166482558721.05737,175374536597.00327,164692791959.2274,171751157240.07745,55624853321.23207
1554681600,171916196091.28836,178545087343.96716,167019558024.06213,173234219737.54343,59908773380.94162
1554768000,173264574788.04868,174502676309.0935,166998437341.13315,169765045200.0724,49122342564.26948
1554854400,169731911813.3005,180196380080.68558,167234655583.96902,173348475327.1305,52816832106.483696
1554940800,173507553923.94412,174645531902.2365,157869964612.7762,162295469003.08054,57529612207.64774
1555027200,162432450398.3521,166233251640.2296,156708387635.84277,163544532194.27368,45057483743.521614
1555113600,163578526539.64545,166338599165.77106,160801629976.03812,162903322148.08356,35898336196.177956
1555200000,162941741365.0672,168169160453.1878,160528324359.39386,166787894824.52917,34035565004.966377
1555286400,166824077348.79623,169145670116.77036,157860813937.56357,161910273903.69418,42985788080.52049
1555372800,161822645208.0273,168797511997.0131,160399560376.7444,166892983734.388,37561998810.27801
1555459200,167002689688.75864,170267259939.5729,164785683991.63965,168131081907.52206,39068132779.71839
1555545600,167847034216.72736,173185155141.90067,167036578103.62372,170472881239.8257,43419744736.47905
1555632000,170582751378.05832,173746128811.8845,166275187146.14594,170558684560.93103,43262655369.954605
1555718400,170711915932.99307,173655928583.42902,168180141152.06464,170933586211.77026,39936770880.85355
1555804800,171023383237.0918,172284502285.83148,164587812376.88162,168474043531.07043,43415677694.368866
1555891200,168696797730.36948,174241727995.66748,166129873117.8584,170855532036.35217,43580494353.40541
1555977600,170875189294.31015,178710747648.01932,167104057994.5237,172241161460.47388,47922059487.17789
1556064000,172395756351.49808,175389795684.7193,163481851697.10104,167866584596.86816,53401995517.88252
1556150400,167957970956.5922,171330799558.00974,152778898529.21793,158181140458.25052,47256434587.66212
1556236800,158122314197.78928,163746887061.8501,154053349492.45496,158788301620.53674,51711499488.20996
1556323200,158968902311.384,162112668210.36865,157043071471.0664,159741987614.51566,38126747732.639465
1556409600,159768277680.00864,161684652750.75537,156399009869.61526,158667373239.81168,37427592037.86721
1556496000,158570278863.52667,160320317507.61273,154268494477.5221,157321747614.48703,42095692323.08736
1556582400,158131167834.8036,165126430120.21384,157124309978.52408,163944538059.8233,44373772553.89894
1556668800,164032266556.24576,167430316648.3876,162044443733.57632,164584535303.50543,41471710151.96586
1556755200,164649690623.6476,168152575531.56232,162387093207.16672,165620370709.4704,43772928190.27044
1556841600,165676456148.10162,178423112600.97656,162555807774.13333,172973980613.56793,56482838566.55534
1556928000,173053741616.96417,179176205882.2602,166028397402.80682,173851100979.26752,53277693596.85404
1557014400,173875721533.77402,175263934017.02774,169293828365.34537,172375401010.2466,43732647474.630196
1557100800,172368010205.67535,176417531378.1402,167026631245.79337,172940339344.29297,49156124632.697945
1557187200,173108292930.32324,182448154827.18347,170165404086.66782,172329683171.8671,54581989240.97132
1557273600,171913596820.2517,179606645488.4206,168036363417.4211,176512176225.8811,45063653147.386185
1557360000,176800650188.04135,183142177280.7783,172458111554.23877,178948469014.49295,47291052269.366165
1557446400,179050028881.13855,188290596160.48218,175937483606.83743,184428454092.0389,56404450775.10804
1557532800,184515455370.1703,218630120509.70697,180876227137.9223,207638335116.0592,90522775193.27258
1557619200,207573099785.62198,219110347075.6691,192561534803.37897,200796737529.3683,85676136963.99043
1557705600,200637652399.56064,234638179872.28387,193393143058.27197,219418688644.10556,82508282822.65523
1557792000,219333536362.177,242564877331.98782,213178215660.56577,231041631870.49377,100884042782.29909
1557878400,231189160154.2058,250101199990.2505,226295306792.55756,245486870488.97177,93148940031.9133
1557964800,245597476299.5558,258960447156.136,226255324981.24228,238207716824.8014,114965501329.32294
1558051200,238135440371.73007,241973585284.5737,194618316301.10587,222594451403.99454,103076385952.38829
1558137600,222542343749.52393,228263326278.38086,215444522922.94516,218613339387.59995,80638024009.00983
1558224000,218695955562.69952,250717291163.6039,215944214557.10394,244429358136.55917,84497533089.88515
1558310400,244556829928.09866,246393943258.98523,224526351138.42422,238239029941.32602,76232954057.14049
1558396800,238250376705.31833,247361157264.73914,230708019375.22296,239054944311.90387,76167178956.68062
1558483200,239065498691.7757,244593196010.8013,223045571438.62158,228035402086.3894,73154375929.58118
1558569600,227863664837.76593,239344058574.6297,221011004180.9941,234464346549.0571,72473989214.6216
1558656000,234667728383.23557,246491789603.51416,230965760011.9622,239065008976.97263,77673015702.4695
1558742400,239111751779.81458,245395493470.84683,236038312440.96027,240739102866.96707,65354562381.9329
1558828800,240736269579.30432,263204659679.043,232035444545.48132,258115964593.43423,77450946717.59863
1558915200,258204549914.77472,269824130087.40665,254508451853.27118,262670821142.33145,92671995196.73215
1559001600,262650507912.93805,267594525669.59268,254433230210.2913,262767456831.51584,81044576142.2336
1559088000,262723983368.5847,268157836594.36707,251559333627.94415,263272191278.8414,77658886739.24678
1559174400,263400924178.14343,281911920547.8822,239327940474.96817,250191603088.6626,101040896137.21088
1559260800,250379672477.8782,262406279049.4498,243812796959.58545,260378025997.30322,84156605307.20749
1559347200,260613525725.09387,265686390820.21307,254781552149.83997,259651139175.4011,75773785394.45004
1559433600,259666333813.28668,269840150359.80457,257918378098.6111,265216575374.10764,67120623268.88625
1559520000,265171039003.14606,268652946003.72162,242857638931.54276,246692585074.76013,74757508465.99127
1559606400,246588456736.14685,249167875974.24594,225173479203.34506,234842529975.16162,82750195764.64078
1559692800,235062074947.27747,244245930493.72162,229731116101.0095,238504622519.4618,70750330183.16489
1559779200,238515922050.8775,244154061602.25693,226863496962.58813,240216881672.77872,63673468824.18484
1559865600,240489350458.23944,251718019535.10178,237392337885.66943,245569357410.8719,64448839696.63562
1559952000,245442057606.64084,248541624546.68024,237211379897.57806,242593547876.92987,55774316533.75334
1560038400,242730856986.53506,244451682177.8036,227321121075.31046,232581301599.00223,56656082940.09432
1560124800,232232992635.18304,248640475080.11606,228728959269.1094,245337855889.31323,63540599377.193665
1560211200,245314866320.73065,248055358088.67136,234829363433.94537,242794555188.27142,57221787744.06236
1560297600,242980695957.42258,256103877764.30176,238823803053.45523,251477661242.6581,63535557336.14511
1560384000,251592914787.3691,258652728248.26935,245018459310.1747,252482981329.83163,63124515646.33682
1560470400,252504947897.3912,266397146278.31845,245650458852.71423,261363027844.1398,64338905157.532745
1560556800,261289000628.537,269614559392.8402,258299428615.04575,265881523722.66068,60650241130.96287
1560643200,265993161859.15564,282494039944.8801,261107020407.32593,269374620625.42435,74457591249.48738
1560729600,269136127800.80252,285231306157.3186,266280442937.39703,278187513832.09247,51308337484.64918
1560816000,278354618571.58325,280903408265.15686,264207181292.2102,270408700044.16815,52588789295.14571
1560902400,272050189400.9314,280689459553.65875,269543219882.12454,277161241101.7646,46172400888.054634
1560988800,277123304069.824,286525380937.2235,270811844370.19,281256227561.16425,55673548696.290504
1561075200,281269978118.35535,303075691830.13025,278805979981.8293,298628375452.4054,66213522763.08007
1561161600,298645939340.80133,330474344395.05133,289952483690.8468,311722431401.1469,95871220155.98642
1561248000,311684465432.745,328753568615.82294,302888600069.314,313390332960.8983,67776353790.59418
1561334400,313229665466.0413,322002373226.8022,302821815140.74634,318042824394.27094,62516237815.635315
1561420800,318384408350.89026,339446732446.4849,310999144496.62335,331799925661.9054,76999177354.82143
1561507200,331885486988.2356,388300861008.89355,313681950784.537,352686547643.3842,132365644952.14377
1561593600,352714830271.4871,369980720617.89545,281173964600.4788,307140696874.20856,118208006113.84235
1561680000,307367132845.0828,343503555140.2693,292375397610.84814,334957154275.6308,100550085060.88911
1561766400,334559593072.1656,343198992092.8318,305239915026.17896,329133614236.1164,89932363531.16396
1561852800,328985140286.812,339675926173.6802,293770615061.8768,299466804314.98706,84421495468.11699
1561939200,299546026549.5046,316152555058.62885,277528717914.70435,296188036987.2596,88404992578.8639
1562025600,288368352558.1899,310121995953.85815,269510758619.5043,301535253556.584,90416607436.92332
1562112000,301720225458.2047,332221818222.5273,295993151548.08,325260071388.04755,85208105784.85046
1562198400,325111949878.298,330233577333.9824,299891748694.30457,305681308395.34247,75115524806.92432
1562284800,305499881720.92957,316430216111.37604,294488432997.2478,303616818411.51227,70583225535.69334
1562371200,303844446170.36426,323866056398.3097,300389609131.66296,308708817321.6654,63007479058.231026
1562457600,308445409116.71344,321969886573.8138,303618869151.65814,316494380887.8749,60172460209.19618
1562544000,316769275567.99426,341024216388.0094,307544214047.76404,332555687665.1975,69444426368.80182
1562630400,332657542294.29315,347228967552.9792,322961768856.24945,335657651576.7119,80052760799.36281
1562716800,335654493242.0657,351836454874.97455,302067269441.8496,319941559157.8484,97949716189.16183
1562803200,319778309133.1212,322009468606.06274,285945336980.0908,298227183416.90576,87336823275.03113
1562889600,298723988007.40106,317548137985.7093,290252507579.97015,310068039647.4699,70223276044.00401
1562976000,310836594655.3683,314291400589.352,284260163559.96906,299948566437.4209,61972170602.34143
1563062400,300399461111.209,303780904735.5957,263273764789.7057,267336901420.85272,69013672117.03001
1563148800,265870302097.55124,289946695628.31995,252828890522.86993,279650365853.2076,80463376431.30919
1563235200,279534991820.6346,286020916813.1444,239955438210.74527,244623855251.9143,75709976955.34703
1563321600,245182808229.27905,263888209089.16095,235516776725.5179,254417993307.84326,80355230322.20412
1563408000,255716316319.594,285924138063.0688,243608929128.8209,278122537319.2673,77942556998.05733
1563494400,277906422900.3288,282519249049.8235,262998946452.20065,275484404274.24774,63772212401.72299
1563580800,275588021197.7592,294909924913.7676,271163632653.08456,282965739065.2792,58250408359.38257
1563667200,283420722993.3668,286610387090.13654,271030745414.1536,279294572826.9329,53940287853.048164
1563753600,279457898314.8204,283504801055.284,264012995801.09125,272064667862.00073,51887222359.34352
1563840000,271949308253.0128,274329501769.50195,257598566443.56467,260681199815.948,55647131363.0546
1563926400,260699569016.55246,265934589830.4323,250520299919.2866,261186287174.86017,58086243627.41575
1564012800,261311425021.0606,272420528703.3641,258512110177.39166,263676912797.42554,51363438325.55982
1564099200,264328732450.93314,266890966177.93567,256601485793.38867,263977751376.42264,46261934612.32935
1564185600,264052145131.53482,274000832846.48837,247423889633.11563,253085337264.36435,53134737782.47372
1564272000,252928889587.51486,258289535186.27252,242219014396.4192,254608863723.30707,44073795498.748
1564358400,255552952833.85547,261435375883.07126,249617736998.05978,254736543706.37653,44413926352.2972
1564444800,254812023997.52213,263457873314.10123,250172635444.73666,257361769481.53778,44178275616.56759
1564531200,257382655077.72412,271927103940.17834,255026785528.54733,268241139669.35107,50681730874.32213
1564617600,268486157988.48264,278669772623.7806,260458440015.21524,273778343166.67166,50778026837.52291
1564704000,273910070223.5742,281207449665.18176,269327012907.39633,275202698210.6489,51666814787.53865
1564790400,275257362037.41583,286157139356.9186,273158990056.95535,281492867679.88654,47437118737.3193
1564876800,281496353639.099,288957121257.45667,273906329472.17383,284256780484.17377,47343323902.69898
1564963200,284470370352.71643,308932388464.44763,281033420413.397,301510367215.0371,68063758831.53146
1565049600,301346438502.506,314801822281.2076,283379508634.1728,292387674097.7699,66229226715.601875
1565136000,292457750894.19696,309335246189.85114,287328395251.87524,301867936750.9947,61528292738.839714
1565222400,302110308735.36646,305302478672.9143,288382735565.7855,298843163992.09875,55683151444.21874
1565308800,297467775935.97327,300785368874.7212,288074838329.6617,293782773008.92426,55808611569.0364
1565395200,294482141118.59467,300188270341.9557,277525608389.39307,283595042547.10944,54631954095.1791
1565481600,283736818468.6149,293758925961.2617,278783278179.1922,291002075869.29016,48643088696.40167
1565568000,291252265171.7368,292325141758.53894,282450969407.4077,286897872480.4842,43100696567.3389
1565654400,287058853302.1103,291000632581.9651,270949101832.91052,276697222642.7473,49855967404.820816
1565740800,276752994663.70667,279198644854.86206,248796054137.05338,254018288733.71283,61301375771.14214
1565827200,254462892629.1556,265681225877.96567,237704395999.21622,260161646626.08282,70073619341.68431
1565913600,260003564489.15186,266724375005.64655,244884268014.5119,260228492388.25943,58561632363.86401
1566000000,260019045573.66754,264440499242.2486,250806517848.9847,257339410750.81818,42228433268.86058
1566086400,258012035099.96622,268242287698.53146,254023748191.94788,262747714989.8212,43162277272.7927
1566172800,262692730495.73004,278025557950.9205,259521193299.74265,275202044624.1082,48214090138.40485
1566259200,275275020791.5277,276618168319.60187,264958618923.98395,270166902505.30386,47588861006.600075
1566345600,270610346270.40982,273040445093.93634,247569293095.25305,256149118496.33246,60419147657.03426
1566432000,256119546222.13785,261377024251.16217,247013542565.89297,258255923535.72675,56502214094.04852
1566518400,258134143149.9814,267042149250.66287,254498034851.70386,263853825245.8556,51290558043.78776
1566604800,264060815192.5729,265986947123.94867,250561020452.2736,258177394458.68265,48894656876.38591
1566691200,258220805181.0238,264356532118.10406,250832759855.44366,256755501032.8221,45533447431.39136
1566777600,257148447424.31448,270277102187.3177,255559206937.19888,261474086118.97598,58176009373.39148
1566864000,261412472968.5639,263076062497.84476,252786791200.18988,257526865176.7812,46986962393.73951
1566950400,257573723507.11136,260851594594.19193,238056288010.1438,244793310717.9149,56560433500.27377
1567036800,245278030546.12494,246842591008.7624,233583106317.54745,239538489549.3497,56052472672.43609
1567123200,239752056046.29007,245253333112.81226,235193773361.72363,241382879972.6309,45133655478.486664
1567209600,241348398596.0993,245348025274.8694,237099103015.34308,242188600012.25208,40131724923.8019
1567296000,242077891984.43814,248345474513.34995,239287500681.9973,245384047223.70773,39305478423.99195
1567382400,245426858440.28528,262780884184.59863,243177494283.63144,258626168107.7632,53639192558.574066
1567468800,258585685835.6838,268543528175.49448,254739665277.03818,263153418698.89966,59113315426.457184
1567555200,263090500347.00555,268412596786.21094,255748439833.09836,261062508835.28723,50357346054.61285
1567641600,261126310182.75818,263680055583.03384,256653261414.3041,260920346693.40305,46469562715.621284
1567728000,260813143002.66046,270637181416.51376,250222225065.84494,255101215834.71964,59166967457.35283
1567814400,255199737441.30978,263401483811.0418,254022859724.15536,260445589158.90326,51288223838.83658
1567900800,260625153895.7449,265426559994.35352,254083177693.5255,260160781902.20206,47878561960.782166
1567987200,260099435343.47433,264888948386.82288,251162037009.03305,258170962215.47806,58028186016.68229
1568073600,258217554230.76404,261453044606.81656,248394911768.2163,253750984613.36703,49649456211.232994
1568160000,253784484636.13702,258553046333.41272,246274969944.34683,253875878038.98495,52387291062.47395
1568246400,254130603792.61496,261652855644.3097,249580088062.10513,259187464978.30582,47907464840.62115
1568332800,259287212606.29376,261064019145.10458,252414018437.43646,258044285686.16537,45775607925.596825
1568419200,258436109985.90024,262482700152.33475,253961906036.74734,259919899201.9772,47186609758.666115
1568505600,260089459292.46542,261664329501.8264,257080505815.291,259040163587.80994,42912272429.02269
1568592000,259138625644.15173,262993901687.26144,253077584622.7011,259563270201.03775,52680788206.754456
1568678400,259715907674.06125,266082367690.2596,256216994672.52402,261728997796.67746,58693464917.76586
1568764800,261445091593.5489,269238124327.72778,255309281570.0411,264095968567.94257,62007082556.86376
1568851200,264065454364.90283,272024317040.20065,247217983729.7465,265569292499.64087,72014546313.59856
1568937600,265759837192.24753,267249848170.6663,258541149593.2405,263174319227.2141,54019858293.309204
1569024000,263341414253.14246,264721072204.86893,256441691180.3808,258817998769.57626,49270001636.11148
1569110400,258642877167.70212,261576045053.30444,252163866998.25598,257818412689.63092,48636474246.263016
1569196800,257768887775.66223,259910688013.85104,245683602608.3504,248443386533.83154,53678109563.417366
1569283200,248361323000.54102,251689462667.1068,201160057871.35123,216016574294.52234,87225012461.46364
1569369600,215820395207.7735,224307001056.14624,208027503704.12347,215762460009.47177,75399663949.5557
1569456000,216151005029.93674,217740039712.28967,197001730145.29407,207481322212.64334,63305891689.36777
1569542400,207473815823.15897,214618416719.66617,201668134622.18753,211463204866.88626,56187209716.585396
1569628800,211667433328.61615,215964187212.94775,206505171854.1863,212161659394.11444,47960765539.236145
1569715200,212294540240.78857,212969514169.34442,203033811500.8718,207779016941.70697,44765440010.40263
1569801600,207973818686.43466,218017523705.38184,199125554985.20297,215516379605.10764,57800507834.09884
1569888000,216054795916.92123,222166213249.54617,211074823910.3559,214879381753.54828,53324025331.732
1569974400,214853226994.61172,217994060744.77322,210789923749.78897,217013512134.23773,44669919276.66712
1570060800,217151277880.92023,218289645996.43213,207893779019.97314,212485334755.43964,45661577285.70384
1570147200,212608924765.3137,215129575699.93976,207846987132.4733,212257563449.03214,44669776587.54412
1570233600,212371544257.46643,214186130013.3002,208408983948.01443,212456573122.38095,41398347741.147514
1570320000,212536239592.1112,213900608567.99228,202734719431.93774,205641638694.2727,44225827679.53388
1570406400,205865806881.47162,219240755984.90674,203266949571.90002,215792026503.0935,60688870435.957054
1570492800,215857792446.3944,220431939971.0985,212527673095.45026,215609812227.7877,53062404526.47837
1570579200,215665493184.19327,230878063110.13104,212995912628.35233,225817897555.274,64772282839.50332
1570665600,225879276793.78262,228028186626.16885,219825921700.21838,224503222732.15692,59273235108.97082
1570752000,224533303229.36023,231053452643.5772,213626769116.58752,216405769161.46826,63379724023.490234
1570838400,216359495330.32986,221261367150.06784,215359752208.2966,217558380481.34348,49325448055.889114
1570924800,217563584956.8846,222975597034.95685,213131819567.83405,217544697370.4417,46813404413.778336
1571011200,217539463960.77042,223017134630.25778,215729232076.63373,221112456586.47568,51199515093.35698
1571097600,221109001746.98114,223209530114.16754,212233850462.7833,215577524948.12823,54350455070.66951
1571184000,215670927869.43585,216931726896.7842,207832082939.3244,211090568643.72165,56206080167.79899
1571270400,211076529380.46762,216054645057.8493,209035632344.63696,214253950039.3822,50467383712.7278
1571356800,214277196026.54895,215975384046.16333,206100066828.06726,210765896872.75555,54570823577.16349
1571443200,210743056697.34302,214989257583.40137,207793997477.3726,210630744297.595,48481200919.492424
1571529600,210648193343.05872,219699310649.52347,207235637608.5448,216696851174.19836,53109033674.67185
1571616000,216726202613.58646,220921281919.0112,213889298909.36093,216706685186.28854,54641870811.230865
1571702400,216593656583.36514,220347300663.312,210541392706.8941,212252208079.4969,56364413394.73055
1571788800,212234512162.53586,213965128860.50943,190964466783.8697,198572456028.23743,74261167869.0584
1571875200,198792904265.53595,201261150740.13107,195028748578.08694,198958632608.91428,58689950704.63119
1571961600,199231888197.11295,234581769283.0586,195624799991.50842,227923046617.82852,96656953695.86311
1572048000,228354620449.81943,273752210663.64145,221488233905.92572,238419478659.7669,137914214376.49014
1572134400,238438541278.23447,253691722358.08365,233146362593.19873,245756747732.16333,106642616038.58543
1572220800,246322464299.0639,257780110549.2211,236139366047.9639,239111325375.97467,101999419914.4263
1572307200,239395890940.84012,250252017041.32587,235068862154.5184,245592720827.04535,94900861519.00601
1572393600,245653813851.59702,247492830190.081,233575546905.49194,238906979653.32016,90016754000.79141
1572480000,239022669022.1064,246008912052.03195,232279091885.55002,238361229657.09518,83606088804.84552
1572566400,238416508448.48212,242762694487.72803,234651393965.17877,240349485785.71207,77236598024.05586
1572652800,240583710498.72922,245082259268.0508,238760718695.8544,242116842471.97607,68408883581.3188
1572739200,242227705592.92407,245050090578.42014,235706234842.78146,239557467163.84387,69669735817.6313
1572825600,239707418996.9894,251097883124.90057,237212223607.71243,245332230606.0807,85111416903.94493
1572912000,245457512815.36288,249597234129.8804,239186916218.6952,244686276256.2349,86679192647.7437
1572998400,244789778412.09085,249776843107.5517,242448278319.6241,246408631638.66415,79461279794.9383
1573084800,246402816893.7904,247939279155.4327,237075820660.41437,241642234336.95886,76344051612.86745
1573171200,241654881412.7337,244376620027.87286,227088692910.59378,231545670345.96335,79828713594.02406
1573257600,231505412558.90167,235455736989.98068,230001207428.04428,233346851962.53787,59418516120.5006
1573344000,233239332070.5226,243399102117.86307,231013215405.87338,238942837255.97223,69767177825.73003
1573430400,238955716660.52988,241252274168.58026,227507287203.9593,231802968826.05606,66783194834.14318
1573516800,231831569797.90866,237716926107.2471,226927457164.4504,234034614473.9159,67262784906.16089
1573603200,234086153771.95145,236048428102.444,230637253945.95297,233244579746.54013,59220030073.04379
1573689600,233328696059.97406,234732441433.79147,226987826316.62476,229775442000.7109,63640506441.39061
1573776000,229930200226.60086,234459551154.13107,221201156471.34973,225057842442.7184,71518225010.85817
1573862400,225228213976.50266,227886673998.23853,223747630080.34073,225890136589.3364,54293941053.69878
1573948800,225954365061.5724,230455017153.44205,222727846228.20538,226638236453.4539,60083761383.66746
1574035200,226833310276.70413,227987469360.06583,212786027848.06522,217965411323.02194,69173205925.87018
1574121600,217915962718.0724,219282399183.61267,211750382043.74445,216264246102.59692,67984867223.65211
1574208000,216306603584.1501,219593503484.08762,212626817962.06897,214790459564.77536,64853836543.259705
1574294400,214624421217.82892,216447431772.57376,195714980064.08548,202346123969.47803,73491248033.25903
1574380800,202377359058.17157,205902966005.7391,179437805523.356,192894575959.59,106167541247.26045
1574467200,192735129306.1061,196814051779.45218,187865591246.50375,195083736495.32098,69598433438.26474
1574553600,195132389343.22964,196147540015.2742,181517200827.595,183344663072.19156,81307662509.33018
1574640000,183184091802.43405,196656204410.22522,172275039130.9662,188368547594.96655,114858891478.4221
1574726400,188438639272.41333,194957084531.6584,185529902763.47397,190073369865.85858,66085470527.52059
1574812800,189943647721.92606,203346365715.0762,180881106394.36722,198154847501.07327,76721172286.3596
1574899200,198333560496.2437,202533587169.49838,193904991865.81317,196183887151.55115,61056460589.27896
1574985600,196141675954.28943,207807919785.39746,194840343454.16843,204007730304.5916,63482612776.56456
1575072000,204111507325.4189,206031630090.6319,195950804625.9387,198942756902.55655,55319959620.96639
1575158400,198801469127.2486,200143458193.24417,190488737179.12848,195735988030.45212,59751714763.72228
1575244800,196087173825.0942,197218386280.65244,188940123996.32285,193114748912.15787,54978418703.18462
1575331200,193234928015.59442,196559421563.86896,190864102664.86386,192816531497.99133,49001051258.48533
1575417600,192645575808.25247,205923159930.718,185751465875.04373,189685324143.23743,67775679671.55001
1575504000,189887721197.42236,197954428163.56067,187668005994.61444,194612181105.82376,59425198291.59424
1575590400,194705721070.40222,200782235778.77643,191674196960.57294,198082881998.19275,55448199521.46557
1575676800,198394412783.29755,201093130127.77014,196055365860.4781,197249119612.72577,48869036655.75564
1575763200,197282936164.14374,200243994914.24872,194057821739.50165,198507420000.38004,48838949522.603676
1575849600,198440537857.0106,202107523792.25552,191516129682.46997,193827275044.04056,55605296448.00839
1575936000,193779491780.87173,195678314079.55875,188274837622.70145,190691550810.8364,56032556599.03714
1576022400,190702551413.65707,192759625067.08502,187718149117.8271,190148798186.35837,54487933365.231995
1576108800,190140356658.14627,193324537043.46783,186073244077.70703,190039018330.1985,60609427238.84217
1576195200,190226843423.0262,193387228693.46112,189199286333.79498,191593366368.08405,56156320978.1646
1576281600,191772292009.1723,192594643180.1632,185065872812.43878,187163819446.86575,54774395364.497055
1576368000,187148399184.41806,190584797600.88913,185067199773.17752,188290418573.7349,55528375915.54188
1576454400,188300515327.4565,189217013429.65033,178377034674.50098,180859562350.49506,66878460818.2719
1576540800,180815460729.79938,182395134505.62997,169419927839.51117,171661978593.42154,74690917123.08185
1576627200,172021422445.20953,193503243159.79233,166334088081.47354,188186073360.30673,98543086394.46283
1576713600,188187629399.00497,190690927373.92398,180662930468.8711,184321679688.93512,80401465625.01828
1576800000,184376726284.96118,187289428515.25244,181842048556.70642,185872332108.8948,71628540353.8846
1576886400,185815605829.22357,186486507161.35883,183191595202.60068,184328278225.85007,60749881999.1559
1576972800,184421273423.00317,194494436786.46765,183368468752.16306,192907322495.34503,72331899173.15215
1577059200,193221474915.32144,197880978613.47833,185784664847.20255,187727688931.21228,84240702243.09708
1577145600,187717913192.71478,191205331016.17276,183582859139.69556,186619804292.93536,72006146361.75563
1577232000,186652061006.2464,187176252992.38684,182347840265.99994,184591261231.4484,66632669279.62631
1577318400,184757560779.6906,191558438086.52628,183161115356.6934,184893519969.35712,71205229338.48026
1577404800,185025035567.68002,187277450233.96088,181157815713.87775,186362668638.27377,71227185442.84105
1577491200,186691327695.32605,190041560710.22186,185958162273.7604,188207667800.6723,70783894967.7202
1577577600,188248221568.9981,195001406648.57608,187066255955.33466,191276560974.51523,70783894967.7202
1577664000,191216781021.0256,192048070240.54095,185882196767.20633,187047922456.59543,70783894967.7202
1577750400,187036569332.25827,189516226977.8709,183670962492.24054,185474129041.2667,70783894967.7202
1577836800,185455188768.94913,188054922346.21817,184774051264.3818,186105222259.30023,59771135468.07092
1577923200,186029980481.8744,186711520232.7997,178481321224.47653,180152527142.0631,65245417849.05018
1578009600,180139620385.01865,192430996288.83487,177298169539.50476,190146118516.906,86378429380.501
1578096000,190267587954.41446,192420955251.038,187872817630.49194,190901506067.6641,60383066697.02055
1578182400,191040706369.42184,195343110142.9434,189570277358.04095,191363435467.45114,65228883684.34243
1578268800,191899540588.8847,205621930900.06216,191411098761.94955,203577702392.31052,79156539199.28392
1578355200,203765822968.5049,214443471519.41638,199481573301.57892,210305249325.8679,88311776760.10403
1578441600,210072643956.8114,218217933325.58023,201404700937.6513,206962368706.77017,93761272919.17165
1578528000,207097989127.41364,208124255883.80038,199569484669.62576,202220711072.83243,73708416448.40837
1578614400,202437340298.3271,214393761669.52783,198132489236.37265,213089632436.0526,91089156590.8899
1578700800,213011077947.273,217213809033.2482,207377151540.30542,209118087812.21472,83928338808.75769
1578787200,209135648674.70206,214488602142.224,207305010321.11194,213615716477.99725,76747807805.82887
1578873600,213808324294.315,214626917902.16357,208302367561.7093,211676175196.16995,73320583080.334
1578960000,211779368245.18027,241968081975.9006,210589445643.91513,237483075936.20474,157227005256.76907
1579046400,237186739377.0596,243893202270.6423,226700799488.42172,236596587349.36194,141808550939.5003
1579132800,236770400012.88943,239193984145.3772,227544130718.9759,233969872081.83948,115228053445.04396
1579219200,234113858022.03082,245884229350.2116,230847291353.18646,239800755786.0007,134492659032.10811
1579305600,241509232590.20322,246691248672.63058,235724111764.35782,240488483846.0232,123504958469.17885
1579392000,241902629634.84555,252364211286.4181,226135029780.3714,234317516176.1521,119093633647.17174
1579478400,234493200445.6022,237463673798.5265,227680634165.4004,233465874935.2926,94543730396.32387
1579564800,233815293025.2197,239149329030.14615,228853029739.3451,236409515855.30566,86102681084.93553
1579651200,237030493043.34637,239681115765.98865,231669022584.71005,235069953632.23428,80795475091.61896
1579737600,235542900457.1406,236292994558.49133,221929897654.12054,226198912905.57983,91476581410.7134
1579824000,226276324075.3577,230916129535.06155,219643163903.46228,227091541724.17807,91161842763.05403
1579910400,227060436650.9426,228042383669.52728,221406770706.62167,224373133808.59137,71534557134.1924
1579996800,224444821109.34482,233392842724.08835,222737086318.92953,232404544361.3851,80803074550.1776
1580083200,232907405116.54132,244942513172.20923,230473767307.66483,240361097591.04724,104280795246.93076
1580169600,240527398518.01242,254725958933.3683,238270213668.3942,251995599567.77036,118195834102.13948
1580256000,251728209329.8589,255242052302.89856,246703572179.5571,249391983105.4187,112648119652.52626
1580342400,249262928182.67694,259935424761.31903,245699095313.24527,256926436245.49487,119723025614.69872
1580428800,257342227312.2324,259009889601.24542,246612446805.7327,251516126650.58435,109653079148.5763
1580515200,252262894321.58652,257066692955.3392,250067178038.94522,254125251027.07584,97602276432.44388
1580601600,254310395755.9398,260055849203.74817,247264111273.526,254481574649.0029,111991305502.92775
1580688000,254138444190.15167,263375553902.2676,250409442212.38672,254159844558.2843,108950043743.37016
1580774400,254141533100.92252,258013537664.12146,247153925830.0581,252363443910.68466,104198541956.97752
1580860800,252423296715.89948,272084775965.41852,250863276055.15057,266486531704.1876,128676812389.54868
1580947200,266888825836.5591,275551437822.49634,261806321218.4867,271193925981.81482,133665623580.82407
1581033600,271646648168.82803,277582202567.6702,268732217684.2846,273853088103.2484,124324839923.18407
1581120000,273839132313.01962,282439630414.0909,266857429673.04846,277548477264.84796,128164875986.7666
1581206400,277076749134.9017,286775345867.9304,274912978264.80426,284574399856.7043,128041230212.69746
1581292800,285593529162.89325,288899694739.68726,271178561893.2255,277913046209.373,139103472018.5621
1581379200,278462576773.7417,295605363669.5591,272341067579.663,290962435660.08636,133177253760.31033
1581465600,289528989468.0856,303420241071.2656,288247564989.38904,297171792199.1214,159981015335.05038
1581552000,297381831708.8921,306499575588.6303,286754702500.75964,295980740602.1987,182283601307.31305
1581638400,295820198489.84247,305163636563.95483,290131340838.9643,302837442288.80237,157601772082.87073
1581724800,302918730444.4458,305620965176.2421,278652565440.4847,284995676158.019,163992081355.23346
1581811200,285164766796.7924,291875349347.3842,267891240773.76132,281854937930.5272,170430620081.80652
1581897600,281680859684.20844,286651467976.2431,264225196745.7211,278287502855.5555,175768852715.99066
1581984000,278740687464.03534,296872579573.12213,272548427705.99286,291729884563.2003,170497588797.70822
1582070400,291838720769.2133,297038301825.14166,263317339377.65683,272811225845.7095,157792945911.01822
1582156800,272705654532.77545,278129410190.29004,264060836280.2359,272703718254.65234,163009548378.7823
1582243200,272599240688.67328,280009350208.48645,270428449304.42697,276138452492.61395,141203548815.94452
1582329600,276335454988.702,278273582248.6963,271029322230.9355,274971376906.98016,121878436746.06352
1582416000,274985157496.65106,286986924007.9982,274514261740.40628,284966404794.0952,137991628264.36743
1582502400,285040014817.72565,287380574188.5354,268004446878.07837,274595245839.69467,156840307290.96246
1582588800,274520233428.92545,275701527638.7094,259133752765.9271,261834729137.97183,152609996280.17468
1582675200,261738057188.4898,264744466521.77606,236813719961.13934,243968986488.90662,186473072926.84033
1582761600,243826943186.14954,253069942176.17245,235016241994.95135,246209786885.03082,166276026058.18756
1582848000,246144195857.60443,249960084650.71707,233543567729.44745,243165463215.472,155690609324.75815
1582934400,243265538150.21097,247827569034.52673,236707584593.8427,237638986684.99173,125293548549.35683
1583020800,238175877892.362,245810912925.44162,233193798058.04364,237643544547.15378,126418671889.12437
1583107200,237677110188.8744,252733084971.41553,236234916252.0868,249936659030.93326,177060559987.66876
1583193600,249955104261.84048,251113481630.73322,241540265510.54205,245221512691.7193,169711506001.91806
1583280000,245390852255.58127,249569302263.99005,241432933794.87924,245352326179.43088,133300972743.71222
1583366400,245578379999.10153,257951047174.06964,244221131791.22,253178862954.30807,135448816953.53032
1583452800,253140291745.3823,259527822605.88568,251113860367.50916,258191886521.1243,136718368130.78108
1583539200,258329964235.9823,261273724767.3872,248245519621.20547,249960304969.4645,127849028757.00388
1583625600,249994461862.68018,250585899552.6603,219730834017.1354,221952612671.4215,143781370893.8835
1583712000,222115648597.73355,228940033275.01773,204283112941.12555,220763523095.512,167818679284.76477
1583798400,221281878428.46954,228480696720.75647,214410850385.69516,220450076594.1495,137373563345.31752
1583884800,220458518364.05142,224342219018.21024,208742866275.01898,219758467056.93567,126613759184.35184
1583971200,219834460638.14172,222325989837.68332,127044663907.88077,135471365013.5827,185977003132.9968
1584057600,134967849947.96703,170819608472.23972,108140467010.56686,157905595540.0929,252121885544.54953
1584144000,158595835947.653,163699659093.26324,142245606306.5522,145979452766.8827,120900063296.91927
1584230400,144297021739.36807,166686849952.63504,140876564290.78064,148951200577.5068,112743395192.74254
1584316800,149181689415.8058,150422399182.76114,123674782783.40205,139409293986.53494,145235560730.38177
1584403200,139975017322.9759,155335748394.6122,136357024838.32146,147709066088.90744,118315856479.48312
1584489600,147419053791.26178,151945370120.7588,138535684908.08298,150011481036.2501,115928595522.44954
1584576000,149934843027.0449,179700278401.21417,145084557126.44623,170760800116.87943,162078103692.02307
1584662400,170944327137.69296,193210333651.53503,154013272973.18643,169751122661.0475,178425534578.79306
1584748800,169898324628.24405,177655157078.2768,160509856841.37207,170145638593.3323,134673792467.83095
1584835200,169887605026.04404,176536688599.66794,156600432061.6824,159598185281.87146,125774093710.53246
1584921600,159159567279.55554,181139029664.78772,154918860168.73126,176339763745.2837,143990243970.96066
1585008000,176494397838.59702,186733618460.60168,172950021436.47803,182804362256.58856,145019763655.0993
1585094400,182573362293.68283,188890598706.33337,174040503869.03198,180405408030.79858,133689226158.00284
1585180800,180498847826.3626,184812013940.6632,175777740155.15372,182904931502.3699,109702068157.82608
1585267200,183346740094.85983,188032888091.27667,170112074276.71588,173931504852.6854,108889594073.60448
1585353600,173885092869.36426,175685777351.54007,164563154189.38675,171752514120.93106,115867816193.52673
1585440000,171972954327.70657,173291213534.31305,161200901521.73505,162033142068.25208,92418776974.27122
1585526400,161991497803.36957,181995463947.50876,160329838263.77066,175086226460.0059,117181868353.04607
1585612800,176604191943.30075,181334335280.75284,174310164191.22928,177384079722.402,104080395943.88309
1585699200,177405248600.06982,185365248286.9056,169486831439.59573,182657385662.74228,121271338516.05693
1585785600,182795232140.5304,199558577451.8156,179879569522.3901,186619538749.675,146686527877.8309
1585872000,186647016208.89767,194180226434.03192,181616025632.18756,186055211043.22443,122707434995.79494
1585958400,185993962694.24344,193622046283.89743,183234443134.8035,189309098149.874,105253580318.45921
1586044800,189879262255.8629,190909540827.3532,183636208799.44894,186748926132.5133,96333230418.88802
1586131200,187003012338.36563,206418965327.98923,186516649088.2525,205105331500.60297,157627622838.4129
1586217600,204842522132.0256,210169612948.6379,196319964213.86115,200786185834.62283,153883526334.62662
1586304000,200657858274.26587,209735532410.43167,198901884943.30893,207387314714.19968,135079691472.2715
1586390400,207194168746.8693,209325074503.92972,199492463112.69897,205622358687.97308,120024562098.20044
1586476800,205360258841.59558,206142002315.76596,187919157061.42865,192687850179.8877,146121866266.81238
1586563200,192916986822.36908,195928806728.23523,189345590343.62668,193303560228.8807,108033413529.17343
1586649600,193293094647.2419,202487112028.32278,189939937729.0154,193746964147.0179,118613712949.07925
1586736000,193812126335.7673,194667330690.3256,183495260122.13507,192311770362.80286,130876265023.59306
1586822400,192451662263.88593,196673249076.0134,189434665343.00916,192808155489.5656,114395541441.80022
1586908800,193581649636.84537,196134978760.75458,185883838944.2558,186805456823.15784,110258540670.70667
1586995200,186994742630.4385,206297709143.7237,182000876869.44055,201270146033.99774,163831655976.5471
1587081600,201348024857.17487,203158164102.3269,197162726722.45935,199137317046.81265,116631054673.56914
1587168000,199211951032.58182,209187220193.826,198560226461.87485,207286233464.4467,125131122108.77962
1587254400,207457868752.532,208446640635.23874,200200172663.4948,202788347334.09222,122202044139.02415
1587340800,202624110898.60458,206808013810.66193,191366765742.883,194327048954.95566,143263615943.8507
1587427200,194215892186.48453,198521887728.19983,191881572215.26572,195028821744.0702,116045467285.7715
1587513600,194936646181.65488,204750411268.54358,193823331333.4597,203246888077.4662,120779973063.04037
1587600000,203196784389.14,220969244957.74454,198582678927.4965,212644745866.11453,149574129439.78683
1587686400,212753949552.61533,216317028187.05963,208394365312.72104,212595715526.86734,122848893155.91872
1587772800,212550247609.16843,219966420868.57837,209815584436.21823,214413320118.60596,121636074884.18628
1587859200,214888213222.14975,219986785794.07928,211932462986.01135,218324973354.63943,124327430276.47704
1587945600,218680793697.95734,222167073098.48245,214815798774.09033,220006492905.16138,133850173463.90709
1588032000,220290767938.19223,222748336784.36136,215635327517.24387,220955843243.81,124291405452.72105
1588118400,220747099272.60382,253522993528.9521,216665784042.97433,244975647056.5332,203370444337.8667
1588204800,245108803141.87546,264192402024.4135,231632662517.9655,238550638284.9624,225844128403.42053
1588291200,238618801956.92853,252178070913.3035,237437901067.9761,244056544752.8061,151601006192.41965
1588377600,244323292259.4509,250432253018.8533,241344950363.64905,248213613941.0693,135888730681.84828
1588464000,248262091743.81882,254695259351.28723,239712242449.28342,245285269637.25394,156804712904.1116
1588550400,245563305678.62036,247684588839.80447,233014224665.7217,243994393871.9609,159631512783.63272
1588636800,244384587699.7092,251250527760.01196,239559657745.3299,246943173240.33902,142976373564.6357
1588723200,246948370525.71567,257724712106.2609,241225365342.541,247199944240.48663,155844996080.69965
1588809600,247344280523.54523,271557849567.26245,241783720385.80707,266498046002.61633,190777850828.18903
1588896000,266576299919.4421,270336840325.54703,259057774432.90747,263168515491.91565,168323563951.54532
1588982400,263409738460.47665,268598212189.43396,255611836547.1889,258134904109.7903,154273841682.8672
1589068800,257627665022.1215,260743355981.23633,218575206594.7661,235995560648.86606,204221276176.83667
1589155200,236906444692.61487,249190394429.64813,220629502530.73843,232880897059.3569,177375120744.66766
1589241600,232947768717.88693,244688360914.69446,230717769021.77863,239304365642.05618,134244143180.95702
1589328000,239188811696.88632,255005057346.72113,237160077592.96036,250779497985.3357,140509062041.43088
1589414400,253360999462.42648,269424684003.14786,248773873986.24326,263017770933.1606,170166172138.39694
1589500800,263403095311.35754,266226863392.27844,245418391791.88696,251568741464.2526,143925225322.1619
1589587200,251598119385.9921,260251167123.26254,248721602994.11014,254488282923.03384,117311624102.55719
1589673600,254365273681.94595,267970679548.93246,251594352700.49396,260766380029.6032,123349463821.469
1589760000,260995223903.95004,271177932821.59344,254779407267.2766,263825705593.4419,135087112617.33401
1589846400,263476285719.20828,268690687663.88947,255460934603.4459,264898280782.18048,122730073831.99799
1589932800,264617246797.98703,267611543501.51263,246731918304.88907,258512861111.28516,116475641551.04723
1590019200,258346270782.95053,261438920055.60916,239072419665.6924,246904548277.8924,122518097759.41841
1590105600,246730492516.95108,255318685140.69424,242775533731.3938,251730412173.58737,101875101599.9127
1590192000,251809848953.08237,256380716356.01102,248498775605.27838,251618088307.21115,90321442062.73427
1590278400,251663058170.08365,256789630381.27524,238128520761.08197,240517154082.92868,102217346998.3328
1590364800,240241640000.7574,248961187241.60117,237061276813.78482,245794327213.11182,97601136172.35367
1590451200,245873711512.7554,249395019562.1663,239320036791.71933,243907132125.0838,91203859309.79094
1590537600,243931239856.4179,255035592815.30145,241874463192.0762,252543722179.12003,97257330850.68858
1590624000,252630382685.9561,264240205328.32367,239790549333.29016,262026503292.80692,104518655888.92645
1590710400,262250488679.14493,264815678690.5395,255347790460.81552,259063679622.10355,102247898465.08313
1590796800,259201294882.936,272672949947.709,256052643702.9352,269639900244.42178,111229455804.23517
1590883200,269613711228.4792,271802626134.89087,258998632059.52844,261669229419.8762,98101258913.12968
1590969600,268755000000,297037000000,266479000000,288136000000,108930000000
1591056000,288588000000,293263000000,259556000000,272973000000,122348000000
1591142400,272884000000,279266000000,268226000000,277588000000,83184700000
1591228800,277639000000,284987000000,269387000000,280205000000,84871000000
1591315200,280119000000,283526000000,274015000000,276164000000,78643800000
1591401600,276093000000,280671000000,273039000000,277750000000,66254200000
1591488000,277787000000,282849000000,267995000000,279588000000,79250300000
1591574400,279711000000,282213000000,275726000000,280458000000,67010000000
1591660800,280606000000,284973000000,272120000000,280052000000,72108600000
1591747200,280161000000,287465000000,273718000000,283331000000,75262400000
1591833600,283357000000,286673000000,258665000000,264609000000,98282900000
1591920000,264636000000,274420000000,263046000000,270955000000,74688700000
1592006400,271072000000,272972000000,267065000000,271460000000,58570000000
1592092800,271588000000,272214000000,263662000000,266741000000,59279800000
1592179200,267381000000,272764000000,253416000000,269489000000,84881200000
1592265600,269486000000,274930000000,266914000000,272352000000,67099100000
1592352000,272336000000,275060000000,263815000000,271074000000,64572700000
1592438400,271026000000,272513000000,264227000000,268398000000,56695500000
1592524800,268304000000,270577000000,263236000000,266278000000,61017800000
1592611200,265847000000,269722000000,260973000000,267538000000,54845700000
1592697600,267529000000,270154000000,264668000000,265657000000,49424300000
1592784000,266061000000,281808000000,264702000000,277196000000,68431800000
1592870400,277329000000,279896000000,273517000000,276192000000,56356400000
1592956800,276143000000,279174000000,263425000000,267165000000,64261800000
1593043200,267171000000,269419000000,258218000000,265668000000,57082000000
1593129600,265664000000,268110000000,258826000000,263438000000,59049100000
1593216000,263459000000,264978000000,250628000000,257297000000,56860900000
1593302400,257267000000,263904000000,254535000000,260986000000,48729200000
1593388800,261101000000,265854000000,257398000000,263527000000,54080000000
1593475200,263467000000,264718000000,259037000000,261810000000,49988100000
1593561600,261985000000,268029000000,259853000000,265421000000,52687900000
1593648000,265559000000,267516000000,256338000000,261544000000,54241000000
1593734400,261597000000,264295000000,259183000000,261354000000,44421600000
1593820800,261113000000,266615000000,260360000000,264342000000,43691700000
1593907200,264426000000,265490000000,256677000000,262660000000,46534500000
1593993600,262648000000,274774000000,261578000000,273110000000,68764400000
1594080000,273105000000,276375000000,267629000000,271611000000,52721300000
1594166400,271034000000,281426000000,269466000000,278806000000,74914400000
1594252800,279644000000,285413000000,269274000000,273990000000,66020800000
1594339200,274067000000,277106000000,266263000000,274203000000,55593700000
1594425600,274517000000,277235000000,270751000000,274108000000,46421600000
1594512000,274006000000,279256000000,270400000000,276695000000,49801900000
1594598400,274627000000,278449000000,269070000000,271950000000,62274500000
1594684800,272030000000,275255000000,266850000000,273253000000,59861200000
1594771200,273381000000,275580000000,269236000000,271926000000,53412800000
1594857600,274150000000,275881000000,265861000000,271299000000,54653300000
1594944000,271373000000,275837000000,268562000000,271924000000,46577700000
1595030400,272011000000,275675000000,270109000000,273438000000,42378000000
1595116800,273457000000,277139000000,270012000000,274971000000,44363000000
1595203200,275075000000,276494000000,269975000000,272027000000,45858900000
1595289600,272033000000,282237000000,270705000000,279227000000,57348300000
1595376000,280034000000,288994000000,275888000000,286257000000,55277700000
1595462400,286416000000,293930000000,282544000000,289803000000,65155100000
1595548800,289885000000,292895000000,283790000000,287793000000,59117900000
1595635200,287858000000,299514000000,286907000000,297037000000,65286900000
1595721600,297203000000,313621000000,291582000000,301851000000,75689300000
1595808000,301774000000,345080000000,292643000000,325422000000,113776000000
1595894400,325383000000,335376000000,310459000000,324587000000,95861400000
1595980800,324495000000,338403000000,319530000000,328014000000,82605200000
1596067200,327848000000,335374000000,319481000000,330924000000,79322800000
1596153600,330942000000,343720000000,324857000000,338241000000,80911100000
1596240000,338318000000,360711000000,332943000000,356863000000,96682400000
1596326400,356660000000,371813000000,313092000000,336723000000,114953000000
1596412800,336883000000,354485000000,331832000000,344597000000,80082200000
1596499200,344728000000,353520000000,335551000000,344169000000,83929600000
1596585600,344246000000,362273000000,337435000000,357082000000,85095200000
1596672000,357274000000,364630000000,349859000000,357851000000,83142700000
1596758400,357913000000,364275000000,336696000000,351310000000,93068600000
1596844800,351249000000,362251000000,347945000000,359420000000,67152200000
1596931200,359320000000,363685000000,349661000000,356916000000,68717600000
1597017600,357127000000,371358000000,348559000000,363587000000,92574100000
1597104000,363615000000,367711000000,337273000000,347874000000,102033000000
1597190400,347700000000,358582000000,337967000000,355032000000,93986600000
1597276800,355220000000,370456000000,344155000000,365907000000,112185000000
1597363200,366174000000,373981000000,359886000000,368575000000,96729600000
1597449600,368455000000,378652000000,361097000000,371070000000,96097200000
1597536000,371381000000,377974000000,362681000000,374781000000,89431400000
1597622400,374801000000,394602000000,364366000000,382193000000,107232000000
1597708800,382214000000,388965000000,364696000000,372116000000,100867000000
1597795200,371957000000,376153000000,354234000000,363205000000,99288900000
1597881600,363406000000,371809000000,359427000000,369182000000,81302600000
1597968000,369115000000,374364000000,351747000000,354908000000,102872000000
1598054400,354812000000,363739000000,347923000000,361407000000,81314300000
1598140800,361852000000,364989000000,353885000000,360286000000,71087200000
1598227200,360536000000,370475000000,357134000000,366297000000,77360800000
1598313600,366092000000,367955000000,340606000000,350592000000,98772400000
1598400000,350655000000,359859000000,346538000000,354617000000,85583300000
1598486400,354550000000,360586000000,340144000000,348826000000,88417600000
1598572800,348912000000,358931000000,345923000000,356507000000,74848200000
1598659200,356643000000,362615000000,352142000000,356863000000,72551000000
1598745600,356901000000,369678000000,355151000000,367060000000,84316300000
1598832000,370619000000,375804000000,363594000000,369167000000,88893200000
1598918400,369342000000,389520000000,362090000000,382168000000,115242000000
1599004800,382277000000,386175000000,350801000000,362791000000,123863000000
1599091200,362971000000,369410000000,312112000000,321129000000,130824000000
1599177600,322500000000,341947000000,312651000000,331633000000,129818000000
1599264000,331958000000,338143000000,301642000000,314690000000,177827000000
1599350400,315132000000,328121000000,306709000000,321989000000,151505000000
1599436800,322060000000,328966000000,306203000000,324552000000,135411000000
1599523200,324748000000,328895000000,306095000000,316611000000,128079000000
1599609600,316900000000,327833000000,311506000000,322279000000,97440900000
1599696000,322333000000,334957000000,321081000000,327754000000,206517000000
1599782400,327946000000,332291000000,321101000000,330290000000,179145000000
1599868800,330636000000,337002000000,325283000000,334847000000,136094000000
1599955200,335055000000,340744000000,322011000000,328410000000,169198000000
1600041600,328677000000,342935000000,322886000000,337182000000,128803000000
1600128000,337931000000,347181000000,330117000000,335924000000,118689000000
1600214400,335983000000,346496000000,329151000000,339487000000,117969000000
1600300800,339677000000,349397000000,332671000000,343540000000,128879000000
1600387200,343913000000,348575000000,337039000000,342349000000,105958000000
1600473600,342781000000,351029000000,338876000000,345775000000,86827800000
1600560000,345579000000,347640000000,332402000000,339248000000,92737100000
1600646400,339513000000,343268000000,315165000000,320857000000,118453000000
1600732800,321188000000,328150000000,317684000000,325217000000,88457400000
1600819200,325086000000,326814000000,309285000000,313031000000,85759500000
1600905600,313390000000,334077000000,311047000000,330909000000,87025100000
1600992000,330700000000,336037000000,323747000000,332284000000,83643700000
1601078400,332549000000,338645000000,329247000000,333916000000,73026400000
1601164800,334498231143.90857,339357013675.4258,328417191023.3238,336328125147.674,75955429776.59888
1601251200,336458664395.1067,344316166754.2931,329941941469.0175,333692518931.1529,88530795561.08603
1601337600,333550037178.1437,341176797228.72375,330260869759.83734,338343679366.5361,79120678964.0472
1601424000,338441517332.9682,341067231520.6987,331183304892.1599,337393997941.4683,75561697131.52298
1601510400,337473333911.65326,344744682777.33575,325084418179.64954,332258544683.2553,94435601463.83134
1601596800,331986111158.49554,334687595418.7695,320031593902.0068,328436121845.895,132090290898.93681
1601683200,328345617877.5813,331715274373.2891,325524181073.9892,328415643877.6106,102177154535.35419
1601769600,328048533458.8222,334773235068.41187,325884487432.06616,332590981309.0709,131247093723.81927
1601856000,332612825072.8543,338216862195.5478,329334165766.6241,335256201878.5294,112655929306.3643
1601942400,335086827619.8065,337339152730.3863,323125801293.6476,326737964746.60065,128176823695.36935
1602028800,326658537502.4586,330863967490.9842,322516489526.6949,329066488524.7953,107573014318.86688
1602115200,329200106785.95844,339331113609.9764,322868673671.648,336560726221.0158,139442032144.34995
1602201600,336675143132.1756,346531755175.8404,332915627218.4165,342906574505.16736,104256209999.8422
1602288000,343244111191.0522,357752542594.578,341365628559.8266,349093622938.4083,100988111445.35698
1602374400,349037452881.9608,355448946972.0143,346679824032.2353,351695120891.1183,92074426278.9579
1602460800,351382504700.04895,364784656625.60693,343890693099.57275,357035406939.53516,115788590945.9857
1602547200,357206574950.8067,360301615091.0706,349089722495.924,354248732113.536,104275734586.74487
1602633600,356780238134.4926,366540687987.6289,349060463328.83936,354595306551.05835,102767426095.19159
1602720000,353248121371.4724,364258699532.9831,346035046076.024,355096517648.425,103322864267.64374
1602806400,355700095700.357,358661789185.7539,343096460616.3452,348117616555.097,107175309281.03258
1602892800,348415963605.851,352578874146.8497,345176000117.4646,349539522514.7944,79603753357.68552
1602979200,349553666371.387,356555763593.3074,348241412173.26666,354753118616.9396,78722419427.28726
1603065600,354751065149.00037,364667311003.69147,348188119624.6841,359043090636.41626,92822412825.50192
1603152000,358957258099.47217,368427553734.4741,347727184819.5981,358226563530.9988,111289568045.26138
1603238400,358355328907.20447,396526242173.1733,353924491272.45044,380208719110.779,150515257525.27243
1603324800,380363967508.7337,397613405973.5623,376261301880.79236,388857613784.92316,127570419666.94534
1603411200,389033212194.4247,393370878914.6614,379750072921.73865,387885357732.20935,111412013622.18494
1603497600,387982667559.91943,397135088394.8227,384681269225.69714,393362392922.86176,96448739486.43745
1603584000,393174384045.25195,403124900400.9645,384896670376.71985,390813568280.6514,95630924645.2459
1603670400,391030356997.9466,398932791408.0719,378232767326.81805,388472714942.5426,128087790563.61537
1603756800,388633778669.07965,410321090528.4558,384363864779.8041,401439950714.34796,123215851919.70709
1603843200,401325957923.8871,410148360171.4746,377665189254.8618,390531257357.5374,132221839826.16563
1603929600,390868204649.3446,402898085130.2155,378466263865.5736,392603492873.7778,145508912797.66125
1604016000,392339463198.08875,400943634168.4672,379178000205.803,393344595915.172,117845029817.43893
1604102400,393584143813.6527,410850027040.5481,387633423971.166,400357809166.9737,103471631072.62029
1604188800,399939127649.9663,411897049989.4741,393477043016.5606,401162840710.781,86665375350.30544
1604275200,401241469317.1663,406133272956.6788,382841592944.17883,392980304265.6939,115577718246.62984
1604361600,393279719022.96545,407560340700.80817,379404908486.22644,401041221477.43384,111480054108.84001
1604448000,401065993891.5765,410862917904.2955,384789244040.1865,405038110016.318,127421544662.91714
1604534400,405527792872.3587,448846971938.8468,394750566280.9243,435188305194.116,129338239462.11723
1604620800,435443388133.45294,456180761233.12787,424040547069.28864,444527415817.034,137222338314.01303
1604707200,445021679400.63135,455434903091.0529,409481899201.3519,424629254495.7095,137487344475.18634
1604793600,424378294248.05475,449252565572.88806,419097928236.74286,441355256307.0606,94901771594.53835
1604880000,441373653589.4904,454286912362.81836,421369944489.5607,437519165179.7054,115713056307.91571
1604966400,438141397036.73724,446909565801.7094,429301145067.7894,438815243854.45526,96438773062.91045
1605052800,439036877814.66,460908123964.92596,435272959777.40216,448072979194.0128,108612131994.7787
1605139200,448033205347.9843,466780991901.5442,436271652696.0439,458483915706.8686,111793876432.47096
1605225600,458771107615.4511,471116624617.98883,448571230184.9417,464287751329.6054,118404381605.03851
1605312000,464491705876.05865,467395834553.73425,445334209640.14795,456785825059.2724,99464906438.5693
1605398400,457049381161.66296,461487535966.19836,445154939628.27203,451828133431.2573,90606516423.17404
1605484800,451579094029.89935,478843800098.3651,445415945764.03516,470239232579.13855,249333400670.9848
1605571200,469578672161.26605,503595367757.2856,460751608084.5201,492890634488.2615,139715045772.68283
1605657600,492518198285.66907,514872280253.0686,468558575295.8672,491917381685.3355,169687884267.9128
1605744000,492285221321.59283,505336354928.9249,476956264586.39514,492876733788.94293,131142853010.91493
1605830400,492913254380.2127,525548639757.1781,488333097936.43713,517521010253.1401,146178759305.07867
1605916800,517504472508.64105,544201815986.1243,506540061844.5037,536112004291.74554,192516449418.99954
1606003200,536398329138.9342,545249658149.73334,498307609877.3472,528241637173.2765,209075081325.05435
1606089600,529002100743.6926,558821197016.018,515791827185.2984,546875287212.06085,215789288397.6098
1606176000,547338253817.0701,593323916705.2871,527143526338.0818,569290411863.0911,263713631696.24576
1606262400,571237123665.8088,586108159047.458,537220772956.619,550707867459.2272,219780597275.96484
1606348800,550864974003.5844,561023524224.2952,467225795549.4824,503426102067.39484,276155968567.64246
1606435200,503879197090.18524,518452488471.7384,480197220512.00366,505109236238.94086,178143950597.6631
1606521600,505349149896.2656,534389753251.1109,494603329352.1449,524401328612.4395,152099691067.81232
1606608000,524062347971.11127,545713653982.6749,514354990434.6426,537924391132.5878,143477472727.8249
1606694400,538217176114.5052,589377079176.063,531485989175.7169,577835410160.2156,202169085910.00775
1606780800,577961958542.4268,589923853907.5972,525086955901.4938,549684826158.3099,226277612920.90985
1606867200,549979858182.3771,570623507997.5002,535917933004.2468,563798440358.2301,160318877780.85043
1606953600,563672323096.073,578935895125.2549,552009512197.5192,571082430134.2467,134409959591.16394
1607040000,571122553306.4519,577071913889.1594,537316916807.8229,542096530248.81885,140912157495.69217
1607126400,541387874174.2673,562223143385.1188,535970606993.1229,559773327767.9325,115617112580.56161
1607212800,559891582934.4691,570422747481.3041,548960974388.91125,565876125951.9249,109109654297.52821
1607299200,566061569963.0947,569869041421.6805,549786654124.651,559624885268.5105,107928073344.5534
1607385600,560453062650.0431,565103267110.3398,525297303872.8819,532535718513.8926,124395630385.09769
1607472000,532654801344.8381,549651508028.9326,509653484667.9817,542764813891.4432,143992559177.66086
1607558400,541867257218.1331,544372869123.3504,520863785460.2434,532007102733.5281,106656519002.39903
1607644800,532064753636.1686,535362767410.43274,508982559430.5383,523196364519.4657,113600956523.64009
1607731200,523043514266.6885,550873427386.7499,518843582793.8751,542185839948.6805,95164034868.30286
1607817600,541724738553.4438,563187410771.0298,534619786069.99457,554133386510.6805,102412265305.8471
1607904000,554066954367.6469,561141972471.2627,544966718371.97,555588563459.4822,90435400323.24336
1607990400,555635948878.7812,566114248748.5734,545446011200.6586,557875044489.869,105828328846.20427
1608076800,557783692455.4221,620752979302.6052,546469661629.3802,609679205011.7001,167384127823.2233
1608163200,609825687677.7188,679197233337.9955,591798436042.3584,637811623411.63,269053723914.41327
1608249600,638158027147.8086,658141425632.6729,622503012613.2859,647310817413.6301,171621420031.63608
1608336000,647606187863.1698,680618190899.3075,631216501180.4551,662096522018.7955,155035919425.59317
1608422400,662264635691.9791,679453406011.1266,636118842279.5859,650876440776.6085,154024346690.61453
1608508800,650796395318.3158,671505141481.9551,601714499559.8213,627222847248.8348,179646834817.72992
1608595200,627727413134.3783,658845684771.5029,608353393160.3835,650704351437.8225,184169008077.2096
1608681600,650905381692.1677,660502065709.9039,591223492777.2639,616317149719.1888,220651671892.0601
1608768000,615511240071.1971,644128822214.1842,599099605381.8328,638747609345.1886,183562698142.67374
1608854400,639342631835.0377,672382146869.9479,623074145243.7054,659886280084.2924,179461056036.04868
1608940800,660171776229.4769,715522626226.2542,642769210714.915,693856202695.5338,179737888906.35068
1609027200,694222027012.5151,754406872780.0646,664634739607.3834,695068319531.6501,245896616248.365
1609113600,694934855255.7233,738610753014.2341,684403130631.1744,718887975432.3186,199187243584.5019
1609200000,719133347255.3828,734532647047.0806,678786907469.104,724883768967.8447,193542914060.4397
1609286400,724820562907.5654,768992219617.7761,712740776234.1403,754601878050.6364,185917040788.09372
1609372800,755123167555.8682,772521929150.0823,725492390665.939,759201367397.3368,161683149090.00073
1609459200,759916083129.736,783435798090.0656,745168787580.156,766002746233.2635,154959174831.9273
1609545600,766198831637.7902,865830270077.1464,740422000954.3193,825342841900.624,224282917103.79645
1609632000,825749307367.0845,924877200910.0695,807344425066.3165,874620223357.6276,309733442391.6051
1609718400,875041440882.1229,925158354258.0712,735699155402.2623,863680786080.1676,336202179052.62
1609804800,864631228976.0543,943180837983.5295,799546344519.7275,913620548285.2266,273103900891.13388
1609891200,914961841160.5066,1016574142465.659,885957132546.6357,991860497237.8872,315805801165.5614
1609977600,993821478169.0414,1097719115543.9446,956120830335.7617,1045764442874.231,344626721446.72314
1610064000,1046495897280.5594,1115329737208.881,954061896230.4008,1066070790406.5256,341818377815.7149
1610150400,1066936929828.152,1113793183866.1948,1013617390365.9918,1077297027742.1226,275333526588.1853
1610236800,1078540841511.0356,1131705649834.9128,919988021898.8088,1033108510287.1504,357332413736.001
1610323200,1032836626953.3762,1040938975332.1346,803970458724.6102,946416716280.23,469342266796.99567
1610409600,946056075641.9868,993258225760.1864,867043008303.6838,915120702731.391,301609724461.34906
1610496000,915130277505.9348,1022635096766.9023,865302380554.7653,1000264183348.0198,254546884215.60745
1610582400,1000806355551.5952,1083275516505.5477,971713621349.2103,1050855279159.6948,253915676045.62897
1610668800,1051426748151.8181,1081561094947.4316,922824897257.3735,996453965418.3239,288484418542.4498
1610755200,996963815412.2086,1057738410940.8071,957413630241.509,997388839571.0657,261469796356.80853
1610841600,997798796749.4602,1033314056133.1947,935035266130.2982,997372372346.5908,235494718508.75333
1610928000,997284557593.4651,1048775949773.6527,958445063438.6478,1017753283655.4784,210539995746.5171
1611014400,1020212794644.6329,1080420973685.4995,992807268232.1283,1015243909190.9115,272448668644.17166
1611100800,1014975075542.5763,1042562639623.9655,935989680367.6271,1012379117315.8823,292481628807.21014
1611187200,1013163724239.581,1023539817197.1094,848262322280.0962,873845199533.0687,311683532074.0348
1611273600,873826060351.015,974922556443.3853,812585643337.1746,939703590185.4119,306008939733.99207
1611360000,939965612806.8253,970990864202.8866,896000968813.6968,928079433270.4348,206395724020.8939
1611446400,927870755569.4182,980376279008.8059,893092851189.0536,952971028043.8998,215648592601.7173
1611532800,953291280762.3752,1038214912219.3025,923995339389.0519,939613905240.2882,259181304035.23578
1611619200,939561831228.9579,969975750527.0602,893704331163.3597,951680099502.1515,255559208174.2902
1611705600,952542319018.29,960396408702.7396,847357155814.4263,888307790598.3517,260977967315.45746
1611792000,888738184390.5815,1004357118586.3384,866498953956.5225,972129873557.616,272637744219.58615
1611878400,972548683424.3771,1136180574418.805,902909423983.7849,995483118814.9028,458850322291.9345
1611964800,997085702519.5405,1038816850709.8993,947205506331.2422,1007885093617.1459,295994291347.9634
1612051200,1007642542252.3215,1025611840078.7726,941021010959.1138,977898447907.7048,259922554930.89853
1612137600,977383148542.0552,1051717820188.6403,938941739103.3633,994603092867.036,305073431410.35114
1612224000,1001498697119.8679,1088619441372.9186,979480958066.2832,1052596684634.3325,291604637418.44476
1612310400,1051816108916.8141,1111007968616.2417,1039040380115.0162,1091165876553.292,289698264877.4147
1612396800,1125805019250.8528,1175985516233.1667,1068491666028.077,1108563811420.1948,329370552307.9085
1612483200,1109794097038.1372,1185246757669.7283,1090338846606.7316,1166138199059.0251,298695346940.98486
1612569600,1166954428199.3967,1256593089349.2842,1125172479660.9717,1181215697616.4094,313705689453.493
1612656000,1181879636056.1726,1211929112841.0242,1105388531365.8853,1168609749339.4373,328730549040.7718
1612742400,1169302209163.4265,1411470751698.4429,1106251486648.6155,1345349399433.9126,404033479747.72626
1612828800,1347697416306.7388,1431861195204.867,1292819017038.6282,1368210395351.6113,398177567572.1557
1612915200,1372629190030.6182,1446944072484.8904,1284506349648.8225,1355940432889.201,433346095010.98584
1613001600,1356560743529.8477,1487199768890.0593,1306748181400.4731,1432990176711.781,375060417261.6194
1613088000,1435427899902.6394,1510651871929.1147,1372780266366.9397,1450869735448.894,381571153610.95056
1613174400,1453680463669.6904,1505446617413.1567,1393386355300.5208,1456996504646.9905,396379598616.12756
1613260800,1457528427223.473,1539191679071.4285,1408664557642.2654,1468284426090.297,361903807975.9532
1613347200,1467844366898.6611,1506113385189.4507,1349968494787.2915,1446385634132.889,413346283605.5467
1613433600,1447090332605.5164,1538133010696.1387,1396924814659.4124,1471061690475.397,360580733197.97144
1613520000,1470768254707.9714,1586392402943.269,1436497181516.3943,1553391500023.1965,359406389912.7088
1613606400,1554619802173.4766,1605171976900.545,1510509223341.822,1563684307603.4177,252761271175.45193
1613692800,1563184478441.9722,1753850209163.9163,1500386881618.0073,1684158204759.57,304940017607.6407
1613779200,1686227275721.0024,1778338582133.8193,1582935287900.2734,1669982614620.8564,354060437089.013
1613865600,1669803731766.7158,1776980177170.755,1639662675137.1184,1716963172192.0903,267560050514.93567
1613952000,1717443502349.181,1748980638173.3657,1390441623491.941,1620927531210.0583,434702415830.0428
1614038400,1621097072170.4956,1637043482907.7703,1291001154883.1064,1455054857043.9973,490392632668.8773
1614124800,1456789581549.3125,1566309980965.505,1389977482457.7673,1490935042080.7593,320544169671.1052
1614211200,1491113283804.0198,1576446396154.3228,1382098808318.8452,1405822811169.582,257742803295.38074
1614297600,1405571150399.1294,1468866930408.3416,1308692214366.4324,1388162926632.2095,862233096914.6506
1614384000,1390819269695.192,1481318462464.9185,1349534886814.4407,1398030818765.451,232010934356.72708
1614470400,1399091876623.9172,1423104842839.2415,1278858866702.35,1366295861649.843,262877350822.25217
1614556800,1368571664850.734,1519059612229.1624,1346579010740.8923,1494410652699.4688,243215069674.03635
1614643200,1495419599855.978,1533881938580.0718,1406111409712.7004,1460152251637.124,227367287296.39618
1614729600,1459105824335.132,1600833137250.2583,1440244073777.1814,1514858499793.6448,234912973183.71472
1614816000,1515461339846.5085,1582241893197.818,1422674450296.9558,1466424455153.1628,252900806613.62985
1614902400,1472590406046.576,1516125943726.9626,1391894910031.7773,1475658746729.071,216551348888.80716
1614988800,1477083866806.4275,1517830693807.2737,1421334628376.8352,1494857523649.5403,169309808029.70074
1615075200,1495702766000.4758,1582804831208.569,1476937590413.2585,1555375042782.2385,184913836758.08246
1615161600,1555396346295.4573,1621313773441.5696,1495452768087.3494,1604397043083.645,226564563799.491
1615248000,1606828614111.9077,1706721962785.186,1569066934011.0176,1684489474938.7188,242188512930.39624
1615334400,1685652396319.7922,1765324722955.8154,1588089633402.2947,1680557559187.375,241951104185.54535
1615420800,1682849395365.415,1769491523746.237,1617654644660.514,1728406209357.804,237423738527.0604
1615507200,1731824759300.8845,1762132589982.1384,1622771007345.4692,1703325600651.9758,251726705343.5162
1615593600,1704495570090.6843,1860348541207.046,1654315274829.8953,1815105047674.3884,268289905835.74554
1615680000,1815589549357.378,1847072024208.3313,1735786145655.2183,1753657439070.651,211945634394.06888
1615766400,1752637843981.6545,1828347956290.598,1614771016793.7966,1676421305807.548,277813659452.8604
1615852800,1676093852997.3928,1746810363974.8748,1593018798622.3562,1717903660736.8818,257547692217.38422
1615939200,1718784365494.9895,1808638944495.734,1624188166890.9724,1774409439706.772,252106053298.87256
1616025600,1775766418072.333,1831560580909.0264,1701924480293.6116,1736822466066.4941,232510217223.25113
1616112000,1738153194098.9856,1815213751999.087,1690334552395.0334,1762236116261.4019,209283182781.278
1616198400,1761634020624.929,1841309410646.8867,1740470172996.6836,1760918745577.3167,214072870990.33273
1616284800,1759350367934.4785,1799219735322.7563,1676524260663.8137,1746452848076.3154,205949343886.6499
1616371200,1747213246601.9844,1802377138333.6316,1626481536278.8955,1656691517124.7454,228633775921.92496
1616457600,1658057546552.4885,1731945645632.4917,1606600788059.1516,1661880590826.0337,223359401490.36722
1616544000,1662407178560.7305,1764013477621.5508,1548503571590.6472,1588953740155.2144,266385172800.70792
1616630400,1588941979671.1777,1641319036811.0198,1517319833399.7334,1571537348154.3667,262149859083.9395
1616716800,1571714728785.7644,1712044915117.9236,1559667624079.3943,1690232404910.3108,222174648432.82007
1616803200,1690702126913.9895,1752466102098.7825,1638922952794.8242,1707135346146.6243,195860364294.9179
1616889600,1707051643446.985,1747091846746.633,1662939716813.871,1707522244936.178,186715919850.4157
1616976000,1707081924916.6865,1812823128604.2756,1671363492749.6318,1771165234467.077,213664214762.91992
1617062400,1772540307587.5623,1843724382363.4824,1737984950605.8528,1806415726312.1309,216685567827.27386
1617148800,1807241041303.035,1872349066697.455,1726201258448.2834,1823288574639.3787,291705460843.88
1617235200,1824310781149.2014,1880361724495.5044,1782832068224.1157,1837465591896.0068,290479187381.1045
1617321600,1838490861421.0642,1929464858121.3208,1814418904305.1458,1880322289332.9973,279652900074.3263
1617408000,1880048158222.365,1932205999932.4026,1788535517927.3545,1812560215136.9236,289461352566.6942
1617494400,1817767036424.2383,1903842889128.015,1791506113956.4897,1879008990335.3909,257712315864.17203
1617580800,1875773135258.9187,1957722646131.3025,1815252531908.4805,1926012149990.191,346591873735.5836
1617667200,1927498302390.9731,1991828758098.8027,1843808615406.4229,1922874927905.6453,389435618150.4124
1617753600,1923800637458.6843,1965440395837.9443,1782375740390.6995,1827066238077.7756,409148260938.7094
1617840000,1827416538157.3792,1935027503545.1497,1809913268348.146,1919353576348.4924,260339312787.03833
1617926400,1919538506679.648,1969999883683.544,1884207066691.5964,1922104164106.6013,220647035656.94504
1618012800,1923392104619.012,2064361656182.5947,1890141657796.9097,1988885865025.476,289385594913.7159
1618099200,1990149014807.39,2057048004603.9517,1949831196238.7383,2009907450410.6873,260433860341.18408
1618185600,2009939269372.819,2093220642786.9055,1958842700395.2825,2023390901466.4973,275503259762.4495
1618272000,2024860799652.9817,2195379025062.81,1974481089664.602,2144194302249.01,358864283580.5104
1618358400,2146855483315.5415,2258831920721.218,2041007118996.8704,2165047696911.392,441023970858.6042
1618444800,2165062711559.0017,2255175784435.8843,2111796932236.1116,2204522837495.979,348730775059.2985
1618531200,2206571658717.533,2304913905457.735,2049647337708.9773,2177436596499.266,579133765756.9338
1618617600,2178918328322.544,2277056134513.6265,2079106985032.352,2118583172240.9253,451662286230.7408
1618704000,2120054919698.086,2182919747054.646,1754763603679.6692,2005354124886.9512,565576421419.4459
1618790400,2004334243856.0564,2099775249544.389,1885579240557.308,1967898957985.0383,423494020335.5036
1618876800,1968605503077.004,2080537763617.8564,1837060441787.0789,2025644572004.5127,425595131042.9448
1618963200,2026068697630.755,2094401726260.654,1903861018550.1685,1947746823386.266,332413956497.2357
1619049600,1948472277915.4712,2072829318738.142,1794376332415.0767,1873593358094.05,420164655474.4004
1619136000,1873822943052.1697,1919223032036.7637,1642704356537.4563,1862477864633.295,498718570793.7051
1619222400,1862589095867.0364,1887964193612.0964,1730897371060.5178,1793820399749.717,267318310120.20447
1619308800,1794987425652.517,1864095527952.4773,1684846100201.6504,1790647938214.2844,237460681108.29285
1619395200,1790682693098.4236,2007353148637.7495,1763602443467.791,1976672954309.942,294637942978.3392
1619481600,1977342627395.95,2076195539360.002,1939746631167.0017,2042449428029.1477,265498269492.82733
1619568000,2043777578014.4236,2124039785283.4724,1962577405439.132,2050567278244.4475,277315818913.9309
1619654400,2050929196756.8245,2099252825138.652,1954953423097.1772,2029393180830.1155,244249256640.98096
1619740800,2032832632868.6035,2198507097416.9531,1987450310189.3523,2153103105903.332,260565384946.8484
1619827200,2154417417597.5444,2229414989933.7427,2113155639332.5872,2193862095691.7363,239259988965.43192
1619913600,2194851175919.2869,2223447918167.532,2110293172558.3748,2160506986143.1724,223014303486.1267
1620000000,2160710277001.2993,2331987993799.8237,2136623492138.5188,2258645218080.975,302033507237.6224
1620086400,2260424588052.296,2324819724247.0596,2064441566110.6155,2128540018255.2104,467510482854.6924
1620172800,2129013255828.0483,2392291974815.894,2090488871189.203,2338844162594.129,495983688739.3192
1620259200,2340417824299.7935,2447303008585.9575,2215216458011.729,2322125318325.834,535358903887.3007
1620345600,2306132215566.8774,2447429504666.1753,2206286310638.869,2329359554990.8057,542363667337.0508
1620432000,2329598342027.0347,2481753743026.405,2271060848976.175,2410534701446.987,509899715574.5696
1620518400,2410415133802.6904,2481045813913.751,2252856285571.3794,2402340662654.8267,512436625320.5709
1620604800,2396120149345.0244,2531440122497.6416,2136097262127.3677,2290868673333.35,513100427501.1891
1620691200,2291553289943.668,2401239551887.302,2230861417314.6562,2400132091986.2764,438218392871.031
1620777600,2460027745807.1113,2576903349604.0806,2084179516849.8684,2155779276082.4197,475032610402.0831
1620864000,2157908872045.3835,2350188492601.643,1965019094761.322,2196949050480.6843,604169553857.903
1620950400,2198706853040.3704,2386985148117.2017,2150459300181.6511,2292314152912.714,392860957218.4657
1621036800,2293146887518.1313,2371705941668.1943,2089355669619.567,2135575515656.121,395882345374.8914
1621123200,2137586020710.1335,2318993263115.298,1970989845954.1711,2129758545560.963,393394775995.7373
1621209600,2128879268157.5413,2161749794299.4167,1884448106095.5596,1988829160986.9355,432800735677.8206
1621296000,1988010689151.062,2154939597850.3955,1920927333483.6296,2004949311658.2073,347109918241.9127
1621382400,2005386788578.1433,2056339291308.5396,1204087828339.0051,1545099492626.9702,702006821879.5095
1621468800,1558051939549.9983,1890263524493.9028,1425899836326.731,1753639696212.716,513391027709.9644
1621555200,1754730391620.5686,1853106221085.1987,1382620601854.0889,1571545204285.1575,434038419788.5406
1621641600,1571939973330.8926,1636575169568.9944,1421742990243.3777,1522887872062.5513,312160824351.2954
1621728000,1522644582967.1853,1577626519837.727,1195278530753.98,1389932050908.5806,418628497399.3298
1621814400,1397678216822.5303,1693556896058.8186,1368576642131.4343,1640146525193.7622,389146566837.3792
1621900800,1642166419911.9949,1715717753572.8757,1505335664998.0984,1634292013869.2065,343973823318.3638
1621987200,1636396569845.539,1786936280622.2021,1601487515206.695,1722887129002.0408,301047284716.88
1622073600,1723506011924.9514,1770603190084.717,1594319683560.7224,1668134126549.2878,250232643858.5666
1622160000,1667801678470.24,1697834856141.1765,1465317950393.0881,1525732643712.467,294719790991.3098
1622246400,1526190232767.6714,1611350271172.9165,1406986864188.7808,1462195355786.9736,242687807030.58456
1622332800,1463625158252.4468,1574037465983.3337,1399499334172.1907,1519542902018.024,189345144842.6034
1622419200,1519489394819.6821,1648401970383.688,1449456874051.028,1632067117898.8816,219236576470.32843
1622505600,1630473925230.1316,1681487286136.7356,1545110038813.6633,1610248523994.6777,206431025962.58365
1622592000,1611951019233.4114,1716202203949.8608,1563723096847.754,1664446398357.9531,203217129778.87064
1622678400,1662228138352.95,1772054025986.33,1627011989830.9473,1736148401165.8862,204900571029.3712
1622764800,1736230553559.712,1751280008120.5469,1549902320676.8445,1630305138756.5657,237936022452.8564
1622851200,1629718015095.9177,1699488477372.4495,1537549493243.388,1583608552275.757,189891402873.8718
1622937600,1583600175532.1533,1639668429103.3438,1565057535359.3684,1606743671379.1582,142810108068.09833
1623024000,1610796038377.8752,1672917114382.559,1491972692529.428,1510546604408.025,179393457070.094
1623110400,1511633101713.6602,1545557387841.37,1373773102100.0498,1496167317396.6355,255015988194.96375
1623196800,1496008891685.0378,1650352619646.877,1422280745604.969,1609542065597.8792,239282190542.1276
1623283200,1610515189663.3242,1654015678171.2258,1513777051517.3682,1553578347488.904,190099588746.8022
1623369600,1554627639982.7473,1597458646232.3105,1481614171636.4856,1532053335095.648,167005598976.5661
1623456000,1532205550418.5293,1577244474128.7463,1430142703701.4917,1496772199492.3125,165296560524.52957
1623542400,1497801713206.2395,1646375755941.1235,1446632749861.2751,1608615693243.5437,166871696179.06448
1623628800,1609030986307.0728,1696587602976.0789,1576394020049.623,1660714913525.0273,186946981035.22064
1623715200,1660803465305.5916,1708023483695.2778,1604582201640.6064,1641815440776.481,166673865109.3407
1623801600,1641668030172.371,1663756857678.0925,1542997473575.4954,1565764721044.4324,161868415244.97568
1623888000,1565793731042.042,1628658692611.1997,1522048312714.0132,1564858870441.0918,146279963136.18475
1623974400,1565486440144.4746,1581340640638.628,1432975838837.5413,1481272806810.8909,151211772217.80185
1624060800,1482625065919.7266,1516190597843.7915,1433421115740.849,1457930303302.185,124892516717.81075
1624147200,1457690749984.8403,1503277680427.741,1367243934119.8132,1474324904557.9124,150755310435.33612
1624233600,1475068026109.3225,1487784116208.6316,1241903933733.6418,1262685889110.4727,232017614820.00565
1624320000,1261663608084.0105,1342120944989.475,1126826866739.7566,1269744699353.2422,262300363374.38367
1624406400,1271079261236.8245,1394559315667.5784,1237964779021.8206,1338207270051.7397,190910682215.6042
1624492800,1339006398457.628,1415895159701.6685,1278080557718.36,1375676100477.0244,144300440156.21567
1624579200,1376649929012.9363,1417459835239.2542,1240040859230.1746,1262637912635.8577,173162114423.80594
1624665600,1262228394514.5012,1307755540827.84,1198287103061.7793,1280080869626.679,153858431221.95154
1624752000,1280812187365.322,1380079486086.743,1255931513421.814,1364948074017.898,138519466693.80023
1624838400,1365358327532.7332,1420300271523.0955,1332106281822.9744,1380373742323.1272,150638496714.70563
1624924800,1380702639481.708,1485176195072.8906,1365466261305.114,1436833011572.1357,169981333257.9321
1625011200,1437026388577.513,1472519201162.3093,1360415422825.424,1434969349553.942,164843749542.1867
1625097600,1436130026395.966,1444464923434.139,1327174225672.25,1364305899957.4873,156209725231.06705
1625184000,1364053784248.453,1392720241879.2078,1319306327749.2131,1380156253088.3147,144034529119.60742
1625270400,1380475165056.67,1433016904247.817,1354482992720.6409,1415889329389.48,109277286399.5362
1625356800,1416017365679.0276,1484696483063.0676,1394880767320.3792,1449143104298.5693,115391700080.10718
1625443200,1448680935145.2808,1461030538164.685,1357943277919.2583,1389489077873.812,125417208829.11754
1625529600,1389812760052.4011,1465891169071.9102,1377774166863.3958,1427294792716.951,133565386043.80415
1625616000,1426931046488.1292,1476244989292.672,1403171236092.2485,1420607405388.836,133752051522.0207
1625702400,1418172753827.7283,1428239846191.8452,1320298264791.0332,1351792760860.505,145884738892.12106
1625788800,1351818485789.0095,1407986001763.9138,1313515075468.0261,1383556723424.7285,134722567717.7079
1625875200,1383785849240.7786,1408648849710.69,1340795055272.142,1367320726386.1516,109049171446.6193
1625961600,1367683633934.5498,1413993312620.3687,1352590456631.1196,1391267365717.7476,93204196371.1061
1626048000,1392478598859.4363,1419940572297.688,1319551973259.1965,1345633006384.0325,110486964620.5212
1626134400,1345128640391.7356,1367114573576.2632,1294440267495.2925,1321600660836.2268,104208568795.5911
1626220800,1321754067056.3923,1353290008517.7588,1264882491220.4026,1330958709376.8032,115486248277.98726
1626307200,1330635596130.9395,1369105105339.808,1257319439920.4888,1299965884692.209,114656089249.50836
1626393600,1300457328763.3398,1329838800107.6648,1248144591049.645,1267675832568.1167,114662714452.42139
1626480000,1267816957075.4834,1303942355304.4226,1248026253977.9492,1277409037323.8005,98757438607.94383
1626566400,1282449854029.8633,1330940122185.2412,1258980713950.1267,1284200065710.0488,93190289027.62582
1626652800,1288835075216.5505,1303897105749.4868,1223984586723.3943,1243636597661.7905,100468696234.00687
1626739200,1243823207128.2568,1260786976780.7856,1158485268048.1155,1199495239664.4707,117033878155.2102
1626825600,1199867488974.1943,1342677922956.8694,1180679587779.4802,1304334701285.516,146591169969.95984
1626912000,1304781778700.7612,1338570607765.7844,1278449505094.1577,1317567780012.3853,114934148548.23459
1626998400,1317603508644.1868,1381048935733.6797,1294325790963.1453,1368988521263.171,122576436230.7297
1627084800,1369505418086.1987,1416451171322.3645,1352610392555.1174,1395195054898.2598,128209915003.538
1627171200,1395627173118.169,1436222730026.4763,1359408500180.9102,1419578962555.226,110502532773.92603
1627257600,1419485092920.3794,1613802699804.6802,1385020375844.4788,1461554381449.3384,232485581116.075
1627344000,1462330430892.5107,1550151432557.0764,1414900596329.4724,1527432687364.0564,170473893859.94876
1627430400,1526773954104.7368,1586606748110.7493,1488436447254.7422,1542897667312.0337,165494031483.40576
1627516800,1550191519092.5652,1593119728502.1726,1508020538774.8027,1558518547149.5154,126389068253.72542
1627603200,1558331989648.178,1648653316774.1619,1489056527825.2258,1620597691346.651,151378770742.1292
1627689600,1632795458829.6484,1668006433056.7346,1579188571628.968,1621108632374.2954,132826668678.75232
1627776000,1622587312092.6511,1698057362323.792,1554766328573.5847,1590688423708.0396,145025836699.7183
1627862400,1591105994162.8293,1637715534221.293,1543294424871.9421,1585966449404.476,135145989618.29556
1627948800,1585868009772.4587,1624149293803.1455,1512482460265.0227,1553347387464.4243,137567758526.2072
1628035200,1554121447521.473,1650516918765.557,1519448429820.0732,1626275401700.7444,140989469357.86688
1628121600,1626524433091.9985,1708221838827.2444,1522355388137.816,1668592127030.4092,172211392965.65668
1628208000,1670042397230.6926,1768769684657.144,1607534678261.9556,1720008944536.0964,174679248354.14526
1628294400,1720357519901.362,1839823528484.422,1698778255359.51,1818005309817.0078,211022277246.7844
1628380800,1818980307967.5122,1855140899719.4521,1728437721521.5251,1761788463987.5996,188359328901.37973
1628467200,1762392309371.0164,1876296001275.6877,1705504871973.31,1847956197367.59,196237687417.3561
1628553600,1849635407844.3137,1907613413915.2576,1782847215809.5337,1851773719815.0999,189140072796.50906
1628640000,1854902120832.081,1955360081058.1985,1839221749914.6965,1884406894592.816,221994394600.87238
1628726400,1883501253481.5925,1940991005415.7974,1791395282753.2239,1843728568959.942,210401454107.1823
1628812800,1842689110857.3723,2009726235826.2039,1823742836145.348,1991791950642.0142,188520381822.57245
1628899200,1991864902647.8472,2035369598518.1777,1912566501145.098,1984738505295.1191,197803182405.0309
1628985600,1985049887118.488,2031198248291.0408,1904510815879.17,2004993387027.8838,199356645337.0123
1629072000,2004987727235.4534,2073597848786.9343,1919508589953.586,1952356155517.566,214412873789.69
1629158400,1952881509384.6477,2042308730484.2942,1862771138575.5417,1888379467869.9304,222049164151.4236
1629244800,1888078152125.1467,1981621404547.135,1844081550401.7908,1907039852852.2285,206328414458.94513
1629331200,1907293427112.782,2034839945406.6724,1858938783020.7224,2006496620758.5105,202584469239.6612
1629417600,2008381017652.7544,2126628291779.6555,1978677235141.1504,2093495219797.4521,195033218648.3577
1629504000,2094536911183.252,2141061736777.0264,2033723734574.5742,2071863016637.6624,198004544185.33438
1629590400,2071834374348.7866,2123679473086.9368,2018647967681.5857,2091471184585.487,157611903992.05673
1629676800,2093148426582.0334,2188961159224.0828,2071205643775.6052,2135001273131.2021,201285111281.46237
1629763200,2135201383889.3633,2167822942789.653,2008203809958.7754,2037607012577.6262,207989588187.5722
1629849600,2037450944144.0903,2119575038205.372,1989914580109.0315,2089039968642.5042,193732349473.4078
1629936000,2088898791552.6797,2128287640188.3438,1953658975328.5417,1990964230472.377,187829982774.0498
1630022400,1991457852498.2297,2131762461662.2993,1960558864804.083,2117913016445.8752,195690650704.98352
1630108800,2118015221835.0005,2144883502603.8547,2062824106595.288,2107754852613.4526,162036013080.84464
1630195200,2108328178467.7996,2158818835024.084,2042584664171.4077,2098080420847.4927,158739739105.6323
1630281600,2098265471409.273,2149069895892.0674,2010541870575.2468,2051328150589.92,188281417295.60587
1630368000,2051305331433.2927,2170781739736.1865,2022650497553.6677,2099695267143.4248,224338960878.2961
1630454400,2100225771195.3232,2248759009382.1113,2060821201030.8828,2218240527560.648,224946112284.0958
1630540800,2219239694447.278,2304776852272.011,2174465125570.7158,2233055157632.671,222710642341.99976
1630627200,2234944413064.6914,2353057905470.3423,2175099183435.6418,2287053156687.0503,247847636025.0743
1630713600,2288188894001.91,2358438337493.979,2231280180010.421,2292806750766.3394,216866545018.60202
1630800000,2295522763769.5776,2408489471357.567,2247737315336.689,2368163972627.8374,205833981745.79538
1630886400,2369788248455.556,2449427448451.9844,2303001374410.648,2398538168558.698,241283905340.37857
1630972800,2398864405731.5957,2456726332570.079,1848503750992.977,2118926629622.0908,418137272612.09375
1631059200,2124285812088.953,2205869432367.8726,1972780956334.6646,2130345485012.3489,327430362107.6239
1631145600,2132557042008.071,2240871204547.483,2082646224425.0906,2149646887016.0554,262186194514.92975
1631232000,2150910244209.7727,2236806638720.718,1996956625569.4019,2075455205097.2117,251989603302.1788
1631318400,2076039069022.012,2174456747077.692,2044521465818.5632,2102980626997.792,202013837693.96027
1631404800,2103904157067.2434,2210648297646.8516,2051595612478.586,2151159820847.5178,191545817074.41373
1631491200,2151450182893.706,2207974881531.682,1975180994636.688,2078751072151.2954,256033540601.9224
1631577600,2080117574440.9055,2204384595374.669,2035251405044.7173,2160341926544.215,205155557722.6782
1631664000,2159951267185.447,2257533717140.454,2117399682835.205,2221869621579.392,178048083629.81213
1631750400,2222545469427.27,2263314226949.7856,2141118501835.1663,2195302142797.8635,195673624454.635
1631836800,2195442592563.291,2229851191816.9556,2098115212780.833,2144306856590.2375,177080577872.06146
1631923200,2144274660488.615,2250678005913.019,2117440097975.8032,2197914189225.8083,156197684686.85464
1632009600,2197935866337.6443,2224165669724.5024,2109418509491.833,2142436064654.7827,145158732109.938
1632096000,2143132319684.4683,2158387494718.0522,1876020770247.232,1930270034139.2473,258682691894.87537
1632182400,1932154898661.217,2009566052600.1748,1758506183276.3494,1823817009117.5427,253126434545.3268
1632268800,1825378708430.1306,2031555343980.0933,1805302749149.642,1996496812126.194,212886820227.761
1632355200,1997888322882.6243,2082020054624.003,1958370992921.551,2057861348201.0942,183322736084.74945
1632441600,2059918181924.8623,2094913084546.592,1830914705385.793,1957498964185.3076,239688629168.5499
1632528000,1957855547449.5684,1987772533241.5146,1883376688107.2776,1943887031527.072,171215699105.32626
1632614400,1944511143003.2095,2021190039880.5486,1824115896319.6807,1962699506354.1677,196395442361.5325
1632700800,1961080347439.291,2034121649410.231,1889983893103.58,1907854127326.5566,174675334933.25433
1632787200,1904197585976.869,1943167964177.3867,1825913783659.3652,1844040578839.464,162060522558.0603
1632873600,1845268061236.9004,1943584476237.6345,1826336751861.8594,1878779269597.3135,159910715182.72925
1632960000,1878424467377.2449,2000301949696.1123,1852600397602.34,1964523091248.987,161933674440.30887
1633046400,1966733866946.1375,2190431273094.5137,1922382457440.102,2151302389441.9639,207785697644.59433
1633132800,2152146810821.236,2214351312143.3384,2104765823620.2114,2152607167041.7788,172706253550.16135
1633219200,2152466620349.0593,2245519299656.769,2118357616292.1082,2183066502423.0366,159232387083.6877
1633305600,2182803157898.0498,2246770205314.523,2086708641761.769,2190654346154.5425,189451413212.0566
1633392000,2191812746631.3052,2323118738202.0728,2148722727666.14,2260195385518.2817,190620152438.0476
1633478400,2260856287201.094,2427751630278.2886,2128407223299.8708,2336772501434.807,246087501920.16272
1633564800,2336730781848.9785,2402319065513.437,2245872579198.294,2313529324941.108,223765388373.15616
1633651200,2314446508904.15,2424408492607.848,2277445571262.816,2315643219529.0923,196282883067.7716
1633737600,2316266921242.824,2405752992499.167,2289764796528.5874,2356737649285.542,164515155515.46558
1633824000,2356079645379.401,2421273024190.9478,2244441060923.936,2297789252090.076,173001338651.59363
1633910400,2298330427390.2627,2438156393246.156,2238128680324.4536,2368264585383.0596,189827084149.36554
1633996800,2369084722997.6934,2407540792393.0684,2209532235472.3564,2329320483800.617,190810775232.60727
1634083200,2329839515481.146,2434214584319.3926,2240207112331.594,2392847106570.7705,193442998038.03403
1634169600,2394344251860.335,2482717243992.7812,2349600074889.7905,2416090112507.1733,173073073423.01685
1634256000,2416189310079.91,2613583265642.4634,2327393772626.9863,2510765184214.3096,229316862029.08575
1634342400,2515638595122.913,2577937426844.307,2439792292029.6553,2483321347870.1284,161633634686.23828
1634428800,2484348482774.9004,2538408643530.5786,2375158726872.4795,2491774737019.1836,144117533153.90344
1634515200,2491327873830.0464,2549931439811.309,2385075773773.67,2484103813280.0557,171772414106.73828
1634601600,2483087464553.0806,2599727270423.7734,2430465387103.1045,2555542530971.007,160269712274.52637
1634688000,2555764392890.753,2704880535817.316,2509830715169.041,2657491056904.412,182511243898.8856
1634774400,2658294439423.6797,2743535110633.809,2437941598083.5293,2550827567171.5503,223380450017.05484
1634860800,2551377963378.393,2664235720812.383,2455417303549.843,2529481262445.0225,189269831328.9304
1634947200,2530003435074.1777,2608840499108.854,2477246730799.499,2580363827306.5146,140377724307.66058
1635033600,2580380984314.6123,2612174787048.2427,2474080094680.018,2552526765478.387,168048986095.10202
1635120000,2551497605655.256,2681614172295.227,2521755833434.2773,2637323324308.3936,169861473857.83627
1635206400,2638498244504,2703736428401,2513511540140,2569198087262,198999516953.8845
1635292800,2569879104705.164,2663613908652.9385,2395735913773.144,2453054453724.1646,320990119829.6103
1635379200,2466461509129.9106,2703111715572.2324,2399733488653.4277,2588290026190.8594,314450890003.1353
1635465600,2589200650245.7827,2718064137000.8345,2543550379655.8667,2659598885660.8496,227274581771.24167
1635552000,2659666572767.6562,2695813981383.208,2551812538749.8433,2626848906525.094,228582743154.39517
1635638400,2627230334714.8105,2709160408777.1113,2525140492582.186,2623672196909.6274,240657405463.83127
1635724800,2624676346311.8823,2715719724412.081,2527457934299.1245,2635719750214.7495,227170735969.03897
1635811200,2635123711964.4463,2799937891500.6265,2588024681336.3315,2736292173351.1665,288965536747.2292
1635897600,2737263111537.551,2808340420652.3784,2595357672119.791,2746616669615.996,236223435487.25497
1635984000,2747146672320.025,2793343769733.2314,2623102978311.2563,2700648223363.1,221246599944.09412
1636070400,2700239736496.9717,2796750746254.282,2637267584097.627,2691229881482.8086,194456532810.51596
1636156800,2691295294553.2085,2745101416233.9346,2615803046759.7305,2718315859027.5757,168095829337.36276
1636243200,2719370025825.566,2821081160236.106,2685636851605.141,2774650209522.178,143285357735.95508
1636329600,2774592766226.2217,2965154808900.6606,2720834679827.0083,2901207826609.5415,218975543918.95227
1636416000,2902296423035.0776,2984108729982.7266,2817985403275.78,2880860461589.5513,247737376634.18732
1636502400,2885879381718.1177,3009141012442.996,2656762946190.7646,2794462676420.2056,299771522673.8073
1636588800,2793646054940.367,2895276019687.1445,2750282921428.02,2828582088431.399,213156320839.71786
1636675200,2828596847252.5137,2889771350302.079,2699399565661.222,2800845377737.4595,213497909652.04248
1636761600,2801182527149.0747,2864240429425.5947,2747669294586.1855,2814900726285.7397,165257099768.42502
1636848000,2814308138245.053,2881147450209.0073,2749073727938.968,2833565009076.2686,137409932657.90982
1636934400,2833835497908.1626,2904338181319.2944,2739192680402.3315,2769929653385.5083,165434097689.83136
1637020800,2769731581136.1104,2788666285793.2207,2502505743871.868,2593412915043.13,259049943919.99304
1637107200,2593239214445.4937,2650738463125.052,2500173100021.2935,2614525497119.1914,214490357745.3726
1637193600,2615348076071.176,2677583609760.031,2409420040552.878,2459472947841.7476,244027824331.53857
1637280000,2459610775201.0845,2604435670552.6475,2391448715261.423,2569026208719.2627,209302982094.64423
1637366400,2574343871098.6787,2667204206443.3184,2513907362074.1094,2636073628560.25,171089925974.13116
1637452800,2638032464159.897,2678414178799.288,2552130977987.5957,2588822363593.017,161895426167.72574
1637539200,2580932673827.5986,2636930114445.486,2439428570040.6963,2494607909583.2256,200459363321.5915
1637625600,2495564283752.9585,2613047132334.016,2434846076241.077,2568083981552.817,211927678945.76773
1637712000,2569158790750.7915,2606950685706.4434,2453450948021.8335,2531466293799.332,222091859929.83115
1637798400,2532689851925.6885,2687712634781.103,2507873777920.6997,2635390781170.1523,235380879846.53043
1637884800,2636979727889.756,2674983368405.3413,2334609747414.0723,2403974000272.8496,268706762677.80756
1637971200,2401539810053.0264,2497345566812.257,2380612459008.4595,2440083011009.284,175445190884.9631
1638057600,2439609549568.958,2565097604743.996,2342752898232.176,2528594242663.174,181313580715.2609
1638144000,2528714328334,2631043968473,2492532000482,2578425763378,182860955997.02127
1638230400,2579790613848,2698453803752,2491413815787,2587092897914,225882807969.31433
1638316800,2585838199249,2711627654524,2541830599465,2593554181304,206988786868.20804
1638403200,2590513707930,2633215733747,2506373551343,2566255155503,189353562296.0728
1638489600,2570882535661,2648610826309,2342792293117,2437894835249,224706311280.64203
1638576000,2440286392996,2494415896348,1945972131820,2283010183777,354394332387.0601
1638662400,2290353035263,2338258034751,2182589955455,2268608316073,211031977862.89267
1638748800,2270357720619,2369816365728,2128009505115,2330940355219,236235787896.52353
1638835200,2331744842824,2419776467994,2284805671122,2328604661885,191013592323.3995
1638921600,2328026848583,2405122235307,2242101506524,2365358485437,175182741177.30173
1639008000,2368595489242,2406732469963,2191985390973,2220613694656,177057729614.62317
1639094400,2226830138833,2315906016027,2138110517607,2156112861062,176554123518.78717
1639180800,2166166178039,2276245343298,2127034523728,2252553418934,143778478739.5214
1639267200,2254939712669,2324279896157,2199436907717,2279422074120,115230399957.54788
1639353600,2276303701007,2295204167072,2053656315985,2107342786360,166884238017.52618
1639440000,2113005355938,2221827892562,2072214687670,2182722220380,434975418362.5937
1639526400,2184368765542,2287936350378,2084665293885,2242217000855,200199477020.7469
1639612800,2244015301852,2302811452685,2175322343493,2196847718721,154150580498.5996
1639699200,2198801040920,2239294487446,2079592433573,2148240310899,177287241721.00488
1639785600,2144262371152,2226502558958,2105371823491,2196198884090,143011411266.18262
1639872000,2199132904703,2273558956086,2154685869432,2188389744515,128158228823.40479
1639958400,2185021109382,2240754542041,2104739168963,2194652627843,169723005481.02573
1640044800,2196748931534,2311266499101,2165422675637,2274911104530,143814462555.76227
1640131200,2272476107630,2342296293343,2234401144656,2270113592516,148286458415.96967
1640217600,2266825240212,2429288881546,2233586595369,2381796772625,176989500367.71988
1640304000,2381804682249,2449645318014,2329322510628,2371515870087,153309671845.31042
1640390400,2372690235350,2423499021272,2338789453771,2382812014015,119382639932.0943
1640476800,2385049277450,2437255490200,2327096672903,2397275093144,128804709608.01378
1640563200,2399744511245,2486732999634,2364807014741,2396835240967,139398051754.85205
1640649600,2387387278751,2407513270973,2212741645580,2249705601979,187564797608.05215
1640736000,2247381845444,2297083613923,2152922333868,2190384851364,159644881058.27148
1640822400,2188481805818,2272648021313,2150342743470,2218805020205,138928577831.07413
1640908800,2217047950959,2291493215177,2134117695808,2185083898934,159501321879.72598
1640995200,2192031639073,2275074796973,2171186838646,2250184197489,114557288086.65729
1641081600,2248128581617,2285801816686,2195578814779,2246356374300,123673578659.86362
1641168000,2244050413486,2281370451243,2161113793220,2216643279538,151663865507.4399
1641254400,2214014534564,2286570803880,2164840568828,2200358899243,180518415071.3318
1641340800,2197371667516,2257929748230,2008317253945,2072113407626,195317713516.06885
1641427200,2073217447274,2105977934069,1991805756315,2056251946749,187385071489.1735
1641513600,2047184873158,2062701227311,1902278216327,1958539570890,259116479782.19717
1641600000,1966308324947,2017161988341,1874166870380,1941052347691,159354681192.86652
1641686400,1941561513223,2014409499919,1915005075615,1964256715663,125963308103.2015
1641772800,1965247705163,1989609299897,1846248244249,1935417225162,176043490647.6034
1641859200,1937691316565,2031768855312,1907317596171,2003460167674,150836137764.66867
1641945600,2008902905568,2110055761234,1984309331993,2080609079924,164342264607.65057
1642032000,2078747910913,2122965547531,1994796482240,2019072026676,181087060560.405
1642118400,2019718189686,2091543210496,1979174505256,2056980489854,151875609162.598
1642204800,2057654539749,2104746620281,2026073555193,2065984935031,106589880776.0122
1642291200,2065413277977,2103043582199,2030928202386,2073609959460,106300814729.44724
1642377600,2068699397308,2072951059953,1971110810923,2005043504848,131370011133.04189
1642464000,2011743153094,2038863881493,1942197754387,1994881099373,134904805202.56895
1642550400,1997089442152,2015164614874,1924194917630,1954289473269,128477155178.62659
1642636800,1953891924626,2043428515194,1888157511803,1901170574673,100115765241.11871
1642723200,1889931923745,1915261869173,1638949556350,1684618630578,225291246865.85406
1642809600,1687636269524,1713882761190,1524139461943,1599964255334,235584970685.2542
1642896000,1609082361036,1698524136748,1584552155797,1673937901246,149329561319.7953
1642982400,1670975972697,1703584199141,1489365691587,1648753461563,230315082593.13123
1643068800,1644741627876,1699779967009,1594813349223,1664030880826,139344259406.20258
1643155200,1666604401019,1770791508222,1620249120253,1654054654591,180434312192.2633
1643241600,1656879619893,1687955049311,1581315062647,1651142329370,139344259406.20258
1643328000,1651834608162,1699784507076,1604400524657,1683515490608,125575183030.7455
1643414400,1684037794929,1735271874397,1666014639847,1709039502479,103048126029.14824
1643500800,1708567471941,1731515011342,1665691339956,1695094423355,89689363716.08415
1643587200,1689848785416,1746316765285,1632795482357,1728624760659,115991848765.34167
1643673600,1723701156656,1764913421403,1706903747366,1738378947195,228976181447.0319
1643760000,1757448466362,1778556788377,1663739174002,1685338099420,111904141857.80048
1643846400,1683054703392,1714550526451,1642431781910,1703509930134,105654171578.55531
1643932800,1703428587914,1871446460819,1689356520655,1862781606070,145455434660.35007
1644019200,1863454416134,1915788982772,1834266426210,1875127824100,130132796613.33977
1644105600,1873110693444,1928948224582,1848106132854,1914315170539,102804549379.3559
1644192000,1912986957922,2018973954563,1879129091733,1985099717264,165481342834.31516
1644278400,1986990087403,2063973245068,1916377560895,1979191630304,181165254516.43048
1644364800,1979696572203,2037352057716,1933851641773,2010580146172,132859617508.07422
1644451200,2008306703690,2057634364095,1930344625849,1946940026421,182738267654.4517
1644537600,1946687008571,1978309585522,1853145819997,1877666096507,158595191353.41968
1644624000,1877573814993,1915573232715,1840774491482,1876749506007,117903791464.21947
1644710400,1876909058916,1902315870598,1837423336054,1854284613678,97143856102.69527
1644796800,1855830307298,1896106666005,1825512269735,1876736012256,117288575646.02573
1644883200,1878816673897,1996532906912,1869542589386,1984717560305,131177892766.18488
1644969600,1987300915991,1996056782090,1922074503471,1958467388714,121191312974.145
1645056000,1959045800084,1978743154847,1803291566925,1824647145499,146312126037.27924
1645142400,1823594992434,1854863791291,1765753699680,1788873994940,131176951430.0736
1645228800,1789366062994,1822268750160,1760454530701,1792833785611,90854681843.77785
1645315200,1791969929040,1795412226946,1689267609029,1713525724502,111110850107.84373
1645401600,1714199354298,1777098629716,1640365468633,1650173031026,169847395235.71448
1645488000,1650993203892,1713737614805,1610666342034,1699190597384,148414588797.21893
1645574400,1700525231348,1761793208573,1655273933451,1664886065658,134561629338.84209
1645660800,1661443667048,1749660640956,1509530247112,1683933048985,265803155866.42023
1645747200,1684982466143,1776349093257,1661618184453,1751371262702,161075900745.27927
1645833600,1752205883558,1808126308389,1724316725228,1754502362274,116136978077.0633
1645920000,1752725856768,1785928710412,1650787773837,1680269841713,140683928504.51483
1646006400,1680192284489,1909622932970,1659568638608,1878298378232,180764576220.19144
1646092800,1879091369605,1952961736076,1846116395796,1914206348576,187290167790.07593
1646179200,1913611328771,1956687305938,1865675568400,1894963831982,167672864016.48825
1646265600,1897037996574,1913448463343,1807921815236,1841134768810,139379022079.0024
1646352000,1841232080347,1849366707403,1693251264115,1718518768518,151760472435.82098
1646438400,1717174939757,1753178336607,1687708282465,1738991227603,96959925796.29582
1646524800,1738370122930,1751333374171,1672062855475,1684651315313,105879165059.237
1646611200,1683602255123,1733738649430,1626360459072,1662595224182,147700825420.09613
1646697600,1661587108646,1725596853877,1651331398495,1695394157676,136573558412.13766
1646784000,1696624883568,1841066440652,1690856310296,1809299030061,164486722667.1997
1646870400,1808770232190,1821691290741,1684634607010,1727236812750,159031978934.86383
1646956800,1726671574267,1765716259674,1671501929020,1696579688812,140028158936.9832
1647043200,1696190238957,1735702667099,1689784701985,1700335066447,90636807482.85268
1647129600,1699566907020,1728842197031,1649470979024,1660913757426,100473737514.87259
1647216000,1662206165353,1734757834716,1647602167244,1719572178220,125131189608.20016
1647302400,1719602863857,1743520897540,1661687689829,1714093443913,125980913747.1242
1647388800,1715841654274,1810705613179,1695458172655,1792506454272,181697630838.68454
1647475200,1793199852608,1821317604938,1767661396912,1795631627860,130337146934.44402
1647561600,1795503073523,1860637895929,1759883133434,1837832269250,165792146968.21622
1647648000,1838122495505,1882492570486,1822571100418,1863037899056,135636679261.76
1647734400,1863360329917,1875054221430,1800467676168,1820398192350,132523554668.57362
1647820800,1820884992777,1860457794761,1793246916433,1829606602795,150487214647.05096
1647907200,1829137572588,1921651285500,1819853293391,1877513561727,171332938863.40106
1647993600,1877256840207,1924432110027,1849096110722,1912673726878,161897376409.29996
1648080000,1912557538869,1975616313778,1892388771942,1958538887185,188179233952.30627
1648166400,1963350817559,2009592469759,1929619428403,1957118874277,158814983632.9577
1648252800,1957782094893,1993620398545,1944171586472,1981269736323,99137717377.2162
1648339200,1981485082583,2076643431435,1966662179429,2070700969389,146114734308.35837
1648425600,2070309145228,2146943593578,2051011828914,2077444757161,209765684697.32074
1648512000,2077916718783,2153396640834,2063645999746,2106933740683,202425553858.53455
1648598400,2107000700823,2147366069586,2061889194057,2108228586753,193801465672.70013
1648684800,2108781849509,2151926836855,2025795395083,2047844916264,213612950190.3366
1648771200,2048006568085,2124666534667,1989184617123,2102678914073,219228687672.2485
1648857600,2103823329810,2159999625343,2075570584683,2092076942068,192309160318.76767
1648944000,2091577184882,2169325428138,2071756474786,2127340704836,158151962310.99127
1649030400,2127332209347,2150848379643,2050099514157,2120520173087,189453089180.7484
1649116800,2126930321032,2161302695179,2063436942682,2077287458105,169450432160.51566
1649203200,2076231735698,2082892046215,1940225904522,1949634591008,223214952451.91068
1649289600,1948742027917,2002560549211,1924548919348,1980930998298,151421508149.1354
1649376000,1980004374184,2014185374695,1912697806490,1925794177644,154958601384.35492
1649462400,1925642613411,1960599160149,1913568504456,1954749687817,96723995521.43292
1649548800,1954892209143,1986333176847,1910864755164,1921606403131,103958865741.66862
1649635200,1921413206560,1933165969870,1779020242506,1798550445282,180018858009.05093
1649721600,1799411078520,1868823165817,1781801149380,1832924903663,165845145580.1218
1649808000,1833306377865,1893839694244,1807853003398,1877467895073,140970954846.9899
1649894400,1877276600616,1900434567418,1804336738032,1828770657240,133963334650.24979
1649980800,1829063853400,1870206053135,1816815578203,1853985227204,107891670977.95613
1650067200,1854421099704,1870956874310,1829437453498,1854116483592,86387163726.32942
1650153600,1853725982630,1869741236128,1806644745411,1814082751041,98509123023.0793
1650240000,1812982226610,1870884639610,1755547259355,1858724661784,166236043483.9622
1650326400,1858867668834,1905836954481,1843689345048,1891145652858,138680909711.02484
1650412800,1891625200179,1928515309673,1855897915085,1880461877165,156558578609.5514
1650499200,1879715304945,1943226755991,1803948846239,1835197407433,182505250404.60706
1650585600,1835592536858,1862595012209,1794353060309,1816701055951,145294245446.4778
1650672000,1816524117014,1831930318162,1790644979915,1801429972292,92554627147.77168
1650758400,1801832254022,1824122875218,1780225304846,1795966928575,95293349824.36345
1650844800,1794755719505,1845927744959,1725074032148,1833588673387,179837737790.06985
1650931200,1834309938239,1852387281812,1707158365891,1729704187641,167994998925.57983
1651017600,1729480428951,1791093416449,1717975733524,1773347269315,148704719496.11908
1651104000,1773365749854,1823610748004,1749905255911,1790692598389,163210701509.2822
1651190400,1790063139560,1808935194205,1708684721994,1734434131113,162303131909.91193
1651276800,1734845338686,1756132303863,1658095779815,1672894049030,135398646949.04225
1651363200,1672425963156,1733407050744,1656934315581,1717289457811,143468877147.5021
1651449600,1716507073194,1751553454319,1683551110429,1719306723133,150609656205.3013
1651536000,1719849656046,1735042436583,1672057576600,1691044645527,124287517402.67075
1651622400,1690724583291,1802811499670,1684526993215,1788129391134,170271218156.77472
1651708800,1788145883275,1803654340888,1618589245579,1660637696174,199652083410.34882
1651795200,1660654013469,1674042505255,1603069935642,1641157208272,794247671671.5502
1651881600,1641261718476,1651728707549,1577175640959,1607681307452,127033667674.97725
1651968000,1607203330028,1615779721524,1532711841701,1554029635173,172747516414.542
1652054400,1553875282282,1568624610623,1353320536220,1361421405484,277765333346.71857
1652140800,1361450603498,1491304593511,1333308323735,1408383743809,293011542711.0648
1652227200,1412889028618,1462967366110,1203729237820,1264276533538,363602599347.6299
1652313600,1273812779490,1329855911740,1081843893690,1236809329955,334173778753.01746
1652400000,1222080692657,1339285290199,1204435426251,1251851146504,208935094350.84924
1652486400,1250263992843,1297010501523,1211080368292,1281941307227,167227164459.42914
1652572800,1281350670348,1344377454277,1250028088326,1334858919565,126919903924.81161
1652659200,1333809213489,1336791234069,1234673395030,1266356993119,151283949794.5459
1652745600,1267900026956,1318017845474,1252405423701,1299741006980,135392729692.65889
1652832000,1299775185559,1312630945715,1210247519378,1215220086341,137043224395.4686
1652918400,1215098808136,1285631736102,1204079322233,1271923112281,145711526602.32156
1653004800,1271300701264,1296988313889,1212939885203,1234847107573,134290847682.1107
1653091200,1234219960834,1258151023543,1221976498203,1248014376494,82571550972.32771
1653177600,1247285676996,1290771163916,1236045366248,1279063424281,97342132686.30998
1653264000,1278723461834,1306838732477,1225419927077,1235948097055,140975966560.79904
1653350400,1235955193675,1263182056179,1208808180031,1252883571793,119974465813.96255
1653436800,1253114806678,1277335949052,1229509299729,1242139179376,118848314483.7517
1653523200,1241985736669,1257866709947,1153315270115,1195922628839,167020232516.92734
1653609600,1194938529408,1211190281003,1146799508305,1169338870316,168903860352.83224
1653696000,1170075261991,1206780903794,1162301041795,1195584469353,91720663940.84984
1653782400,1195922332622,1218138867720,1178388604381,1208976103055,85388591641.88225
1653868800,1210061130147,1315118381843,1201798556147,1299686711018,158647454825.31354
1653955200,1300022629238,1326486691276,1269134257240,1293302221278,154667505117.14993
1654041600,1295120533265,1308829439184,1195577065982,1217025352905,168462325806.80637
1654128000,1216763442523,1254165188992,1202339572402,1239265197569,125279323422.72278
1654214400,1238836002812,1249190086973,1185249978001,1205111504872,108511899939.23816
1654300800,1204876590191,1221720462345,1189560479575,1214626453185,74294120388.11263
1654387200,1214708369191,1228758404697,1195990161750,1213801749462,75012710245.00589
1654473600,1214305881180,1284346250911,1209712346199,1256418778337,127232189994.24677
1654560000,1254533197214,1266657811811,1177250962505,1240884589933,161787378378.3021
1654646400,1240876756772,1254952009603,1201680605828,1217463805614,125050637712.75249
1654732800,1217398897738,1240351383763,1205372314275,1216015519163,98555421055.22762
1654819200,1215455112809,1228144151183,1156305192319,1165335542836,122396619166.8157
1654905600,1165515309385,1181625540912,1104791027503,1118753158515,121813329299.02069
1654992000,1119206727525,1127172612050,1048383556262,1054580582327,145686134878.85095
1655078400,1052963103563,1065815638276,896315262104,923958726912,272490081303.7763
1655164800,924283236658,961549935668,858403191529,920387656375,206804474363.59555
1655251200,919887111465,956999600894,833263451605,948068165690,226648021001.49872
1655337600,948320052517,963221554349,852102842747,860826476830,131230284666.872
1655424000,861687618894,899275303151,853580701808,870151590323,108328570274.2088
1655510400,869938221467,881944722510,762827569514,818799872490,154484781988.24466
1655596800,819095583714,894101837101,782987436076,881392567803,140816681706.02838
1655683200,881139625188,906284233114,844162195084,885835077010,129349572423.59077
1655769600,885748520722,935632215814,874741353739,894627829327,124154965967.78017
1655856000,892650448141,901875379721,852080389326,861491838062,124763656654.43364
1655942400,862196653427,916939495948,858431891332,909469976434,108181377938.14062
1656028800,909526639880,949312419014,898268357577,933517397604,107839126536.0044
1656115200,933556423639,954159587199,912853714257,945057128678,89530632735.18782
1656201600,944643402272,966207195382,916727514838,921097014981,88336501414.56856
1656288000,921127329499,947515155054,901056268073,912053968152,95411869124.22015
1656374400,912192778735,934705781681,881192051195,885912368463,99119296929.46547
1656460800,885835947580,898087570390,861374275173,874811328564,107622113743.22525
1656547200,874076285854,879343025795,816142670095,865795356509,108516410100.84967
1656633600,866374833186,898389188380,832345009905,846199913777,124630960040.0323
1656720000,846844042962,858535338585,832446397065,848434369389,76992642525.54501
1656806400,848676832001,862963329079,829499217796,851058376595,68018846818.66673
1656892800,851103266487,893924384577,837359232724,888302470101,93141019325.25816
1656979200,888554639391,906170795326,849578406550,882134200214,115956986450.25739
1657065600,881832063390,907497055989,867297691864,901082650719,104856882907.61949
1657152000,901309319996,945500345744,889294810474,936040895930,104050904245.40224
1657238400,935790011293,965047237790,913922021987,929853777863,156172779326.89456
1657324800,929061691169,948053433788,921401467906,934010189794,96730332887.57596
1657411200,933784340089,935726671507,895716698902,905156521467,98408493269.99571
1657497600,905001383759,907792132712,862387447615,867195918596,94469333200.4481
1657584000,866581276547,874199670906,838194171711,841834712770,97744519332.52158
1657670400,841751630687,884142370989,824069461545,879605488619,127758640371.39716
1657756800,878873582578,914256063072,854745886272,902884820651,124201966895.65625
1657843200,902858533206,935124049657,893150679748,914351898385,112833137939.42836
1657929600,913800688305,964725642068,896886869298,945797296000,107628139248.45393
1658016000,945114897958,964609118674,925384859284,931287652653,102639801233.87204
1658102400,931157777526,1025868529009,929355287166,1013677214571,97785081158.105
1658188800,1014719203467,1061437417609,978254483777,1034656334734,97766544655.26286
1658275200,1030000000000,1070000000000,1000000000000,1020000000000,172000000000
1658361600,1020000000000,1040000000000,984000000000,1030000000000,138000000000
1658448000,1030000000000,1060000000000,1000000000000,1010000000000,129000000000
1658534400,1010000000000,1030000000000,981000000000,1010000000000,105000000000
1658620800,1010000000000,1040000000000,1000000000000,1020000000000,104000000000
1658707200,1020000000000,1020000000000,952000000000,956000000000,136000000000
1658793600,955000000000,962000000000,924000000000,957000000000,121000000000
1658880000,957000000000,1040000000000,945000000000,1030000000000,150000000000
1658966400,1040000000000,1090000000000,1010000000000,1070000000000,189000000000
1659052800,1070000000000,1110000000000,1050000000000,1080000000000,177000000000
1659139200,1080000000000,1110000000000,1060000000000,1070000000000,139000000000
1659225600,1070000000000,1100000000000,1050000000000,1060000000000,124000000000
1659312000,1060000000000,1080000000000,1030000000000,1050000000000,126000000000
1659398400,1050000000000,1070000000000,1020000000000,1040000000000,137000000000
1659484800,1040000000000,1070000000000,1020000000000,1040000000000,121000000000
1659571200,1040000000000,1060000000000,1020000000000,1040000000000,111000000000
1659657600,1040000000000,1090000000000,1040000000000,1080000000000,124000000000
1659744000,1080000000000,1090000000000,1060000000000,1060000000000,80800000000
1659830400,1070000000000,1090000000000,1050000000000,1070000000000,73600000000
1659916800,1080000000000,1130000000000,1070000000000,1100000000000,126000000000
1660003200,1100000000000,1110000000000,1060000000000,1070000000000,117000000000
1660089600,1070000000000,1130000000000,1050000000000,1120000000000,149000000000
1660176000,1120000000000,1160000000000,1110000000000,1120000000000,160000000000
1660262400,1120000000000,1150000000000,1100000000000,1140000000000,116000000000
1660348800,1140000000000,1170000000000,1130000000000,1150000000000,104000000000
1660435200,1150000000000,1180000000000,1120000000000,1140000000000,109000000000
1660521600,1140000000000,1170000000000,1110000000000,1120000000000,143000000000
1660608000,1120000000000,1140000000000,1100000000000,1120000000000,117000000000
1660694400,1120000000000,1150000000000,1080000000000,1090000000000,134000000000
1660780800,1090000000000,1110000000000,1070000000000,1080000000000,104000000000
1660867200,1080000000000,1080000000000,974000000000,980000000000,165000000000
1660953600,980000000000,1010000000000,962000000000,983000000000,136000000000
1661040000,983000000000,1020000000000,978000000000,1000000000000,105000000000
1661126400,1010000000000,1010000000000,969000000000,1000000000000,125000000000
1661212800,1000000000000,1020000000000,978000000000,1010000000000,127000000000
1661299200,1010000000000,1030000000000,991000000000,1010000000000,122000000000
1661385600,1010000000000,1030000000000,1000000000000,1020000000000,116000000000
1661472000,1020000000000,1030000000000,942000000000,952000000000,163000000000
1661558400,951000000000,960000000000,928000000000,945000000000,121000000000
1661644800,945000000000,955000000000,919000000000,922000000000,90100000000
1661731200,922000000000,969000000000,917000000000,963000000000,122000000000
1661817600,963000000000,981000000000,928000000000,946000000000,130000000000
1661904000,947000000000,980000000000,942000000000,954000000000,124000000000
1661990400,955000000000,970000000000,933000000000,963000000000,112000000000
1662076800,962000000000,982000000000,943000000000,956000000000,112000000000
1662163200,956099080314,963520302943,941016158202,952207888358,109902090586.95218
1662249600,952292280708,965173116287,942227541567,961832327290,109901736780.60014
1662336000,961805346420,974419613180,944256120823,963095075582,109895699512.80652
1662422400,955519793188,979270350073,908313413186,913712522915,109891819486.91553
1662508800,913616233831,952574579221,895324382959,942379445599,119358096593.65083
1662595200,943291770263,957090921128,927632600579,946569430651,119533878706.20888
1662681600,948002756672,1023178030005,944849221680,1008855514301,120279076763.31892
1662768000,1008934515529,1033459438847,998426082314,1023939218612,119810597139.86269
1662854400,1023934812106,1035124925885,1003714509525,1025628282365,119877820105.20728
1662940800,1025041089573,1049224338778,1003935793756,1030363034647,119886539209.15616
1663027200,1029949111822,1049255681260,941161155430,951422009473,119770284900.26218
1663113600,951099896451,975627702147,933437179366,963882731830,119837408076.9963
1663200000,963536017655,971797816529,914051165054,924711618994,119772086275.30508
1663286400,925200818049,936605737557,903742315915,925322970332,119811657671.26225
1663372800,925012081369,945974289947,919368062865,941760737053,119731334496.32458
1663459200,941271474146,944550601162,888205311252,895367919022,119729953868.17493
1663545600,894499094809,915832218425,856778388380,907061562696,120340542983.7873
1663632000,906880265325,914979693204,875028758785,884359780743,120480244954.84235
1663718400,884639664447,927078068321,846987999814,862381162903,120429898152.36105
1663804800,861718278538,913678380496,856734857868,904462083581,120510952849.69656
1663891200,904883995455,921210052341,870631942305,905614958606,120510952849.69656
1663977600,905616184588,915571438554,886997365045,893416646355,120510952849.69656
1664064000,893248891414,908112614322,875844996443,885847079159,120609021487.44016
1664150400,887752149442,909989992629,877020407625,902989171688,139511655588.96188
1664236800,903373930651,943994379356,882394782042,895840481722,171964716755.41464
1664323200,894833588277,917583669109,865053346972,903986511107,159455809865.33966
1664409600,904552658313,917814866565,878646652104,911400867058,126539901409.54918
1664496000,910432434566,933130566410,893287458172,905642351862,135034255564.36462
1664582400,904997335578,909598949483,891539852560,898547245407,65257651330.61055
1664668800,898497603577,904341893573,878715982974,884666729245,71103950429.19005
1664755200,884280236929,911294060431,877125357569,905951820771,97879195617.23837
1664841600,906291536358,937612841593,900618951602,931125435167,107335007560.69398
1664928000,931183145164,936510537037,905894562246,925662958230,100934556591.77736
1665014400,926078886174,940550993232,912426463422,918807081825,106955260320.52007
1665100800,919096795278,927230988465,896471735322,907896983238,94065400264.10893
1665187200,907993623397,913469337316,893837771606,901297606622,56957560981.87302
1665273600,901724847285,911762748893,895870389527,905531793571,55942889919.17583
1665360000,906659761133,913267708236,883045225827,887217622931,89638356308.914
1665446400,886989126031,893707723244,871144376915,881281701239,93337099722.33482
1665532800,881784923051,892456458124,875518029716,885050352632,78589368131.87645
1665619200,885415637429,895872232752,832738039881,887015189953,146198834067.57144
1665705600,886310401540,913863994813,875181533479,882666849341,117975322069.49878
1665792000,882992301806,888084104811,870932431069,876252465445,59173788726.16424
1665878400,875685705677,893171309862,873115429751,885432406930,63525247046.80632
1665964800,885756680704,905556309769,878381049004,898343936707,86907548434.62497
1666051200,898320659588,906433241900,876284022260,888102644790,94130302654.4084
1666137600,886982809261,890519609605,870003436840,874591503022,76169948824.34454
1666224000,874918125482,886482100938,861777332205,870290635738,79984061249.37306
1666310400,869285354467,881117370836,851637428478,876612436289,99347002190.79362
1666396800,877058939954,884888300549,872353983703,880304582516,57317043556.5079
1666483200,880336147469,903700642910,872468241801,898319267006,74704326368.76273
1666569600,898515959112,903357064614,878766293537,888288216768,97347966831.54597
1666656000,889560519503,948841118836,883667975992,928199576773,157704514178.7726
1666742400,926747174520,972418042125,923890883150,959568324371,192158466827.66953
1666828800,959944125470,971693148605,933095922994,940115035253,164611692158.10138
1666915200,940238310016,969396464939,925816613554,959576758852,148202565293.40674
1667001600,960000552119,1002684620653,954615241326,981632897973,164937487319.11612
1667088000,981790435170,996535223846,962267442434,972427353939,127541928252.1762
1667174400,972922305740,994989322421,953961946350,971921639517,160483065769.20184
1667260800,971426854920,989755929625,960893357897,972406256471,136702360809.70796
1667347200,971648529672,989684518414,941606714949,951589796767,184817163610.505
1667433600,951054395673,973864526138,943496256533,956242798234,142817250952.04068
1667520000,956944511215,1021458367672,953015753386,1009718084136,206600300933.956
1667606400,1009385169306,1029953260907,998963412439,1010298242833,132912758819.40051
1667692800,1009945296909,1017500291139,978528518390,982002634807,118036194687.4728
1667779200,982611923624,1000844269275,959834837229,974862691482,168179642307.43063
1667865600,974538395270,993714988306,812793802958,876536622909,385040632792.5364
1667952000,875794662105,883392264804,736401198341,753891220057,335620744492.7629
1668038400,754644824824,870100640757,743264691044,841608589347,272464923563.4012
1668124800,840443139219,848184962233,785587904259,819260935087,177174467659.06396
1668211200,819050967522,824743122847,790075544700,803096163268,98490058695.35632
1668297600,801838360462,816520279312,773661002416,782478607665,94668570833.23325
1668384000,780300213313,817818257616,753122924853,793043480670,153949592621.13565
1668470400,793704778393,819351628062,786250372475,802772132080,113338661485.42175
1668556800,803847270720,813134090191,775113773709,790091957200,107891873102.84393
1668643200,790384077543,797641409933,772960821475,786667118262,88917631775.66293
1668729600,787808193556,803886814021,780471365008,790147674960,81321833155.87839
1668816000,791478301906,799161375980,780926267531,791259055609,55654686795.47701
1668902400,792224916739,797308842300,758314233943,763955786082,78135084230.41081
1668988800,764316427230,768881092087,727580780351,745262564088,126660719020.75365
1669075200,745546424057,769491592028,732184309561,763706974888,104760486337.32088
1669161600,765447551637,794875014619,759190376771,788192817237,108080147146.06578
1669248000,789309643179,802884609883,780521923853,791770083684,87645284329.41212
1669334400,792494983277,798423089675,776208350787,788963041262,62396484609.68204
1669420800,790762357910,807586201119,784474464457,790818252032,59814923975.25573
1669507200,792121672827,805014276230,785487590244,789878036834,64024361914.56931
1669593600,789382424487,793833550210,763751883470,776154165153,87236071232.98872
1669680000,776794278208,800099012487,769680662062,789456132632,75110293188.79414
1669766400,790297937043,827602693324,787172235552,820825557013,91219732165.37932
1669852800,820604738430,826099288981,804092069439,810707015342,72521256927.23206
1669939200,809815553617,820354211570,799985298849,817815237005,63679045719.42146
1670025600,817019911694,822491450799,799779339012,802281351209,51500077899.4142
1670112000,803112480701,819353597677,800113127102,814573179432,52126893797.71118
1670198400,814327107267,830553913941,801200746364,808068601102,69834482401.25182
1670284800,808151378509,816191470410,800329323348,811410972589,60817288572.87093
1670371200,811520869152,815463527444,788351185614,796168218385,62474593727.56953
1670457600,796451701992,819192358704,791174133230,814462914023,62661992070.2446
1670544000,815613063831,822755480780,805071259826,809684237465,60188811097.548
1670630400,809763295958,819429252830,807092406559,810741720631,38646541455.16357
1670716800,810277622401,817701735589,803201878799,805672651667,41307274294.80222
1670803200,805081628694,812515523456,790231586989,807269294452,61108876702.08035
1670889600,808575760930,840981560726,795024686685,827212413212,88692659826.50461
1670976000,828271613828,848133526688,817892936673,824387763171,76837986803.18387
1671062400,823680437295,829140817769,800711802887,805517944618,61691054115.28042
1671148800,805099525295,812739151840,753128770219,760019084770,79001103035.95674
1671235200,760163906774,772211507023,753251617691,769615909682,51552138653.87384
1671321600,769371072001,775866370584,761907422936,768611952781,35150262088.14166
1671408000,768273875075,774271226849,744103432804,752587713428,53896770791.4963
1671494400,753023699402,781015025715,750290135788,773912028302,65383346164.84229
1671580800,773529118519,776372853025,763496155209,769180539737,45121832781.20868
1671667200,769355142904,776402587043,756376403189,770830468760,49937699472.22456
1671753600,771166733888,777629231277,766382950240,770041518133,45587409194.8864
1671840000,770482476326,774778001950,767701373975,771299629113,28344179589.430206
1671926400,771439260983,776296085566,762171545383,769935161734,36114576621.61392
1672012800,769970376907,777112435046,766189771611,774856705995,36047114060.47669
1672099200,775068487926,779461001389,759906519394,767508515745,46530849369.47507
1672185600,766996974033,770230591244,751310844119,756063293133,52564153781.04894
1672272000,755885320188,763422330286,749434360589,758267345718,45723022393.93455
1672358400,758341680724,761563487166,745800514187,757386994374,45726509768.30724
1672444800,757578341037,762827665624,752050700542,756149285783,41849400821.74378
1672531200,756244104676,761696417950,752469737250,759168248517,30775449830.57188
1672617600,759851683959,772717325931,752339446882,765636647121,38405088879.7896
1672704000,765379049757,771561768331,760111288249,766059468470,37628779013.58173
1672790400,765607265290,787827455490,763880945235,780530570159,55841684232.29222
1672876800,780427265929,783693823706,772194855540,777135572458,52397551115.18039
1672963200,776804847314,788921698547,767482756225,785043891962,46848181715.80325
1673049600,784957006658,788610467055,780508994480,783950773526,44525497726.26067
1673136000,784611708126,801964745588,780540260017,797791807032,27783534015.82002
1673222400,798740601480,822823186836,795452754088,806505162223,65817623652.71282
1673308800,807327320360,821921665430,801715965455,816156282125,65309655881.11844
1673395200,816227198076,842457128224,806365124511,837987972545,56654094517.10752
1673481600,838917500948,874336154709,828148656982,863558305551,83519877179.06612
1673568000,864227466521,902728990903,855575240822,896837209080,99333570034.99219
1673654400,897534156045,965173057547,892540693455,939630436398,153996879192.19873
1673740800,940778510521,949688370954,919202396784,938638692326,80997310805.64723
1673827200,938301039014,965840140369,921394866098,946509725696,86920282908.6722
1673913600,945844917077,966079331825,930219512055,943595328924,78146241344.44101
1674000000,942697478546,966616677658,905045734241,917259248608,79085828536.32945
1674086400,916912427493,942284147005,913697021947,936068266302,101314269744.18402
1674172800,935704514316,1000397146804,925986521827,995109591840,66950901658.12792
1674259200,994793756352,1018089686094,978072369140,989137790112,117581356071.34952
1674345600,989652831284,1012391611773,974009027155,991332011552,82635985921.27637
1674432000,992398840926,1014313749192,979684876150,1000362207880,89619637498.26935
1674518400,999773681220,1016351238634,966006710725,977057141779,93008164455.30437
1674604800,977292719382,1025607142617,960739786136,1001216452374,93469596548.4677
1674691200,1002361202031,1016508613041,988784425329,1001239411264,106492458811.06577
1674777600,1000314718627,1021536891292,978093143974,1006173754414,86703944295.44658
1674864000,1005487558548,1015699155573,989690219637,999374633910,79444906732.11826
1674950400,1000284162225,1040846278835,996218987481,1031327721029,71013993661.55873
1675036800,1031329328615,1036761226640,974880877705,991194151940,93587700387.9042
1675123200,991120785599,1015518951384,985373410447,1004665512585,81088244852.34511
1675209600,1004518742520,1036591309070,985062640818,1030500454551,76387610346.17003
1675296000,1031274843687,1062785292502,1018351934202,1026586374134,108487363257.07835
1675382400,1027874218484,1047201021021,1016171818660,1036277029579,102495583711.36807
1675468800,1035669114182,1051557065846,1025222607418,1035635328687,81777274067.47505
1675555200,1035592915361,1044211589675,1003585473279,1015778509028,64825947759.62248
1675641600,1015486300715,1031303266473,999300225027,1007364237510,82693229449.65762
1675728000,1007524522254,1042507678840,1004733614498,1036672508469,82916993705.18576
1675814400,1036802065115,1050533660496,1009143065337,1024672530992,98932476064.15346
1675900800,1025225654524,1032603189417,958262051410,969116838038,107344642395.5809
1675987200,968953511760,980831042511,950293250714,962329340560,113430641004.63712
1676073600,962302288845,978752993487,958126920238,974222920310,75805341227.67384
1676160000,974396783242,986833346361,958470852708,968047492284,53516415285.43951
1676246400,967098642436,975981846212,937852892295,960675149195,89619739378.09543
1676332800,961294714584,990230811797,949743043238,982654747543,75062020027.65256
1676419200,985606388530,1064391914541,977395210608,1061471412075,106200311360.74583
1676505600,1061866499837,1096004647223,1024070515868,1026256533298,121156068423.88187
1676592000,1027956974428,1084825517879,1021066683842,1067808301709,134596106091.1271
1676678400,1067794063670,1085297682502,1059746491335,1070406052671,116315813650.27061
1676764800,1071846827334,1098574874097,1054170939343,1063964234826,70179061799.92587
1676851200,1063519393856,1098352085549,1045327818972,1083320925474,118667947647.71684
1676937600,1085043535800,1100069138548,1048134876829,1064520783768,104747217753.48653
1677024000,1064181969812,1069659847956,1027714651222,1054997232513,107347337126.34097
1677110400,1056743074775,1074660202223,1036440117916,1049306767789,103622766538.4
1677196800,1050739240409,1059726177272,1002817018320,1020229589158,85847833835.76921
1677283200,1021311372328,1024897857227,996088777559,1016048084452,88457224241.86827
1677369600,1016299973970,1042281584683,1010719896564,1034755800158,56792891039.18661
1677456000,1035989506724,1050213946787,1014975232358,1031687433647,62095056718.89719
1677542400,1031042210952,1038707926783,1009005911706,1015399141593,78344496920.943
1677628800,1016162396150,1056631883358,1010529717394,1040372304149,83339464499.71663
1677715200,1040963904153,1051130883488,1015572496000,1031666742418,75660286787.7199
1677801600,1031155244611,1033494571357,969745700282,990260853022,93300107185.41844
1677888000,991551300567,1000893487913,974231062641,985078989622,56301480380.86642
1677974400,986873090744,1003633164748,978688933659,989094116329,50747805538.96695
1678060800,988562464031,997730946881,976235570374,988416827954,52336309441.91587
1678147200,989063654943,998542797026,965984737073,980911988969,57688527594.03856
1678233600,981718644126,988209210084,950688006653,958114584605,80322393730.11086
1678320000,958097600375,970932192667,890827437135,909790243036,76091728752.08676
1678406400,909588879167,917583126960,873246214296,908574244186,134220599083.59361
1678492800,907091157315,948397194999,883203849251,923957983363,170847259280.0616
1678579200,924626733436,994199714835,911265106925,983696371563,91168562972.72768
1678665600,985047563600,1062416822272,967143387800,1041411560718,150767605183.2224
1678752000,1041362229816,1119298139370,1030067058522,1062176703862,168175650468.7056
1678838400,1061713458365,1081493877780,1011134614155,1034531951228,169957315129.4136
1678924800,1034394646459,1067125539906,1024279982868,1056774828086,137482647759.92175
1679011200,1057628500291,1146470266543,1050006221035,1134125505979,132614540160.70668
1679097600,1134983066693,1156485471327,1103332244973,1113623129504,134552382402.39497
1679184000,1114259698238,1165838543519,1109057236879,1141599300992,98656770409.72327
1679270400,1141146615188,1164532565308,1106499036768,1124377217070,141741991357.01617
1679356800,1124915792135,1172639031334,1106897849277,1154024560845,116794398646.87183
1679443200,1154133446075,1180056192271,1094721166491,1119838182806,106277099000.82492
1679529600,1119876737964,1181860821592,1109012400184,1157242392722,117777985841.66399
1679616000,1157358768925,1169390971658,1102482672073,1121235439648,112393311782.76064
1679702400,1120123888604,1135325046776,1101665572509,1116337670385,71830937636.50958
1679788800,1116331434982,1147230070375,1112031760147,1136380155160,55825879782.48019
1679875200,1135596498094,1145611020321,1078852532589,1101530060558,56171177818.49544
1679961600,1100610947999,1128079759606,1084414745564,1117069633077,80236328694.4077
1680048000,1117085263716,1167016662489,1115035680398,1149669478314,82287658996.55862
1680134400,1151679221289,1177787655894,1124148010600,1140733788538,84153290170.61674
1680220800,1137883534981,1165213925442,1121142531415,1153659468555,76190215816.97108
1680307200,1153390026366,1169253072344,1139771281088,1151272386364,65660713942.82237
1680393600,1151442356034,1160011574314,1126917489659,1141308604200,46560046480.05508
1680480000,1140345511076,1163803024651,1107664552263,1135700370852,67481695981.42061
1680566400,1136214123909,1166772738247,1127258214966,1152248329256,88663924159.40956
1680652800,1153087175143,1186336280019,1141217343836,1159762353572,71085948725.50017
1680739200,1159767624634,1165904511076,1132141000800,1144339974507,68990614258.6381
1680825600,1148311700497,1155056539428,1131012921148,1143211581105,57492889335.12436
1680912000,1143352190827,1153874046145,1134178463870,1140485248830,41518992374.82868
1680998400,1141032045906,1158980030304,1131767038911,1150834712593,44321956415.5726
1681084800,1150132910731,1192994533326,1139729040760,1187171019360,48789825027.05853
1681171200,1187687670229,1218090967999,1178392015536,1197449792525,88445412993.19072
1681257600,1197761153980,1213064485563,1174058114284,1193105752891,75664997660.26414
1681344000,1193769892045,1229938831018,1187472649910,1221273967929,84878662794.66585
1681430400,1220811622635,1260338183316,1206249759814,1238390764887,95636738135.3897
1681516800,1238309863528,1248318835160,1224334122133,1235754099351,79274902392.85712
1681603200,1235120253178,1254975323896,1224779524461,1243600208126,55362204044.18493
1681689600,1242601837957,1248133133360,1202993551476,1213930041612,78883349055.95215
1681776000,1213807867214,1251170026057,1201118881843,1241921565088,77536064122.00087
1681862400,1242145826342,1245778537007,1159203206674,1172490159806,97377748684.2602
1681948800,1173683132837,1192305061370,1142724099902,1156455489478,89511183393.86458
1682035200,1156848324684,1166016151514,1107386701482,1116543611082,87953974182.80167
1682121600,1116312542304,1142615654398,1110538657862,1137340960357,71673722687.58875
1682208000,1137206444695,1140092228310,1114630455715,1128920339491,52267056391.45492
1682294400,1127842710942,1147037404656,1103076198617,1123697910260,61427473148.76232
1682380800,1123266032659,1153425280234,1106167310238,1147069429623,62513071049.02025
1682467200,1147244185829,1202683995746,1101948524092,1144444467908,86952176255.22496
1682553600,1144603137706,1190078210204,1140360660956,1172953719830,117242477823.96466
1682640000,1172997483555,1181793929036,1151504797699,1167761755454,80782312024.60776
1682726400,1168218836783,1178141875746,1157303081078,1167595074769,52242634613.6154
1682812800,1167800395657,1192730025561,1155112741452,1162883940336,39964586539.09432
1682899200,1163108343230,1170537384725,1114763887662,1130188703827,70655264190.17075
1682985600,1129546634177,1157312597241,1121122352673,1148584206449,59605394796.57196
1683072000,1148881026846,1175006689864,1126890659116,1162419035988,62884097621.10342
1683158400,1162980549300,1174912786944,1144763466351,1152221850938,73248323995.61443
1683244800,1153268265271,1193514454865,1148669960201,1184204472626,59766496006.64844
1683331200,1184702837227,1196351654571,1135756216238,1154642820546,72326808342.2968
1683417600,1154693271965,1168748787085,1140035905512,1143885750360,55159699309.65029
1683504000,1143131463958,1152166109444,1093730593505,1114432029015,64777833533.71958
1683590400,1115925426201,1125893539525,1100512496208,1112774279316,66670134956.68143
1683676800,1112788132735,1138512100874,1080659989921,1115048936866,57076962802.30506
1683763200,1115261904085,1118080932865,1073612613753,1088634990822,77884199888.54556
1683849600,1090879609275,1103196917682,1053657168175,1091062664688,72859762358.29814
1683936000,1094836013588,1102613153474,1080455065288,1087078341535,56149828911.73261
1684022400,1087376886334,1105191046162,1079405452426,1091068576282,34689544732.66017
1684108800,1091358543211,1117296469046,1083289546589,1099580846590,51385067711.01855
1684195200,1094615102481,1103043979323,1082734901686,1094136839693,51172468491.55032
1684281600,1093496090218,1110543043792,1074809126146,1102870529573,51669676040.45498
1684368000,1103226851134,1109776134056,1069810962193,1086899476672,55361525142.08183
1684454400,1087000583617,1101975229587,1081016963087,1091011892094,52796845415.91113
1684540800,1091126656609,1101007099888,1087243484077,1097427148376,36920876810.92544
1684627200,1096972631574,1103509898723,1078909294784,1083016935518,31149961934.389484
1684713600,1083048398345,1097456362388,1073026678083,1087627933490,38989284885.91059
1684800000,1087956175699,1112407435726,1084482991534,1101567373623,54856717332.31828
1684886400,1101290743407,1102275762444,1058497897283,1070260001230,49309233625.88583
1684972800,1070670887463,1081245933570,1050622261564,1073724533191,62511003128.79342
1685059200,1074212191294,1092032949634,1066387786108,1083306202779,47376821237.41409
1685145600,1083269097932,1092057224285,1075898560364,1087872145649,40269136713.39975
1685232000,1089665079122,1134829204308,1084781322032,1126488029470,39041594265.36635
1685318400,1127437316703,1140299335005,1107196930488,1116798503419,60390082820.24068
1685404800,1116746435972,1132377715349,1109018729207,1119301765104,50757113990.80749
1685491200,1118732207399,1124520152388,1088222860179,1101959508473,59688279745.13391
1685577600,1103247220353,1109999882555,1082434869446,1092365992080,55881577570.67139
1685664000,1092179687050,1115595682972,1082562111795,1111664595800,55226677094.25089
1685750400,1111715524402,1116076679229,1099191197549,1105952136068,40345390437.52801
1685836800,1106640444627,1121704664655,1100155369746,1106884389069,34268707036.928204
1685923200,1107309886786,1109676886333,1037110818048,1054789049367,49959172984.67613
1686009600,1055162874937,1105951872681,1040534471432,1097698849845,84398899699.72028
1686096000,1098500337518,1104825977040,1054481974887,1063372615246,88709761117.57687
1686182400,1063773447489,1081718898677,1057292244295,1069490433774,58726675789.75997
1686268800,1070245082139,1080658399596,1055251057126,1065286731901,44990976442.12632
1686355200,1064999523229,1067960774440,992224597315,1022372999895,85931870686.0202
1686441600,1022856228992,1037526282793,1012077712865,1023794316120,53253512613.65256
1686528000,1024748221882,1032428585838,1006769774679,1022005428241,52118353789.4342
1686614400,1022852313533,1045146290884,1012449118602,1024669945186,57243664614.18909
1686700800,1025625746915,1034208583435,978867485342,992309710309,44549399601.20172
1686787200,992599710909,1012209726186,975257714005,1003034815746,74696684798.89616
1686873600,1004511299007,1035469189098,989341503174,1027138881017,52317235958.84229
1686960000,1028264296072,1050336961772,1022215910572,1035186429918,61076082558.5309
1687046400,1034969239685,1044494066322,1024568364032,1029443032786,33045936325.37983
1687132800,1029677769480,1050138215434,1021648575518,1042416191585,36106096258.24997
1687219200,1042499190324,1086248890266,1030328240369,1082798214015,52250572729.60294
1687305600,1083268050830,1154029956937,1079618941375,1134128999150,95626353806.57767
1687392000,1134668207089,1158526555431,1117985454440,1128328351944,105382857179.27399
1687478400,1128283954928,1177375344938,1123336960202,1152492216294,61014206170.8212
1687564800,1152973965966,1160746046019,1132737795153,1144652521714,81674921795.16591
1687651200,1145180020746,1169853414611,1136339137208,1148312785690,60264396441.30869
1687737600,1148194278054,1157024755594,1122718799797,1136470763307,57001368644.21362
1687824000,1136837464285,1163393185257,1133091009683,1150852923292,65205907864.83585
1687910400,1150646802529,1152391040818,1110479953220,1122524530890,62721501617.54207
1687996800,1122221382195,1151785548164,1120007972262,1136583221060,55108390595.78111
1688083200,1137275136660,1178665252213,1108265061378,1156185825540,74575395958.56212
1688169600,1156221848290,1168079970394,1146435858153,1160420899886,98262951899.71486
1688256000,1160670334484,1174184733223,1142151774858,1163719579714,42787445405.44825
1688342400,1164157088192,1190792880282,1158474284962,1178134999296,59854093737.02156
1688428800,1178706761079,1187483559065,1159805214768,1165752714283,63205396756.05652
1688515200,1165822048436,1172434654287,1140799693893,1153433787330,54513293796.57927
1688601600,1152307091869,1185971616059,1125022148085,1128033044898,66884929199.9511
1688688000,1127644944890,1148153932196,1119653337616,1143306143045,69508602555.58772
1688774400,1142744449414,1147547100391,1130927340813,1141929194243,40297732504.55081
1688860800,1142334295286,1149617186324,1133390172062,1138038676849,32808815460.118202
1688947200,1138007554134,1166828780349,1127138417728,1148190940562,44295092731.66324
1689033600,1148284413642,1160549937457,1141479946542,1153214548033,56225502104.80618
1689120000,1153233798294,1167501537947,1139330627362,1147073068966,48683569381.19669
1689206400,1147313972322,1238787180381,1140476956696,1219843333151,51684515381.50036
1689292800,1219004360887,1235913959865,1156034339279,1177811116160,132494382205.14558
1689379200,1177870521644,1187563060524,1170606725095,1177237983740,82790712099.36542
1689465600,1177080419201,1188945169310,1163552074089,1172938165525,41787188969.05817
1689552000,1172970444844,1182913823647,1149054460179,1170049922765,52426110835.66199
1689638400,1169829812970,1177543557137,1145194092314,1160818915585,62626044119.96909
1689724800,1160630636971,1180537200597,1154674939261,1165044529519,53601893988.37724
1689811200,1164805740457,1189497737046,1151410498004,1163540970038,55989112785.83025
1689897600,1163944450998,1176119937837,1157363239393,1166134411070,58900320623.28073
1689984000,1165828078909,1172778565219,1147242453724,1155455891625,49402637765.07599
1690070400,1155823801897,1177362138419,1150783345875,1166417000182,38107924185.13287
1690156800,1165816222924,1169248370520,1122548210223,1136644115415,56716272872.44547
1690243200,1136140195335,1146769491770,1128322770604,1139279091635,48709219971.64053
1690329600,1139069432025,1158030164887,1130995279951,1145712512487,47163707200.50828
1690416000,1145582015774,1156369050045,1135009683358,1142013299873,55149724827.5333
1690502400,1142894677399,1155444670015,1137386396409,1147181548312,45463517135.61855
1690588800,1146677729550,1153588937051,1142515569662,1150380411059,36692883492.34585
1690675200,1151721266204,1157295421695,1133498152754,1144986280559,29973115243.730118
1690761600,1145463130985,1156025383314,1134974152936,1141344088407,49262379470.0794
1690848000,1139511231077,1155803880971,1114066839399,1153370068750,59475155399.16302
1690934400,1155314353982,1164659683785,1123092453401,1133900764743,71381659363.43208
1691020800,1130424379767,1140101437742,1119014438116,1127917881720,58308954083.02821
1691107200,1127029287033,1135343260149,1111871808862,1122905624172,50451015922.54958
1691193600,1122537849052,1127561465110,1116253615720,1124172171012,46235429217.71169
1691280000,1124059023599,1130037454084,1118118771195,1122740356687,33647218821.182438
1691366400,1122987306614,1132214947718,1105620994122,1125184543645,40821276085.3245
1691452800,1125203702745,1158576366445,1121031937361,1143638503954,59159056317.14011
1691539200,1144003624374,1157584331498,1131257650635,1139985511104,73287241034.46799
1691625600,1140036837822,1146427436243,1129607000434,1135248609528,53962962350.85973
1691712000,1135253751123,1140100256916,1126148051754,1133937102710,42703829191.04392
1691798400,1133510105006,1138235948434,1130542994193,1134570689039,34867522941.90851
1691884800,1139806982794,1144642071266,1131742352624,1134379837981,28316622583.928043
1691971200,1134128424068,1147654927189,1127902589704,1138891111585,44830631493.28792
1692057600,1138715121622,1141607621091,1115634889082,1125063903072,47755742921.72824
1692144000,1128821487766,1132159891574,1103670465835,1108993691777,60317210764.50223
1692230400,1111725430422,1116612335730,992996964960,1040060498004,65976737556.00407
1692316800,1042305922204,1053914229509,1012435508160,1029893510280,132641125765.9648
1692403200,1029744438583,1043768429332,1022042218351,1034576303346,64248478396.47658
1692489600,1034659810179,1046748361716,1029671108128,1040192174609,43377241416.35253
1692576000,1042416492156,1045140001747,1021399161805,1034430189016,46213769740.52547
1692662400,1034434633696,1036753744755,1000664893263,1027057244406,47833361171.71037
1692748800,1027060433762,1057655879525,1019964606820,1045291306565,67114522263.652
1692835200,1045413956348,1050579732697,1023486186436,1035376942930,60881119998.07005
1692921600,1035483071337,1041507423847,1019420722531,1031521424921,49906851264.22385
1693008000,1031757775033,1034618329004,1026863599027,1029492424179,43975841279.79201
1693094400,1029627267708,1037743241465,1027023648628,1033783774970,26017275999.779118
1693180800,1033737739654,1038885914601,1020175438050,1033429889125,40440599203.05442
1693267200,1033483018610,1097794736458,1024731114491,1082814926427,40959324814.06126
1693353600,1082940377180,1084869621691,1058642827245,1067402033885,107208124507.41438
1693440000,1067388345874,1076207560603,1016421511762,1026745088437,54639986267.8568
1693526400,1027499266177,1035076974663,1004181890764,1020717091722,67957112344.10777
1693612800,1020732357581,1028491464656,1017152334880,1023234814216,60396343882.40511
1693699200,1023269420020,1031621871535,1018511759550,1025264778342,33632193338.57588
1693785600,1025286708999,1032040289049,1013735490577,1021995828642,40239361029.67729
1693872000,1021912359529,1027438798503,1011375710840,1022072913236,44456807456.63673
1693958400,1021833512103,1033239754855,1006470606410,1021284494250,41272367126.71577
1694044800,1021374753111,1040556978913,1014767874187,1034313054943,47249610055.10513
1694131200,1034280774666,1040954890634,1014445524099,1024475598592,52054986686.31113
1694217600,1024629305337,1026545234011,1020227806653,1023973059371,28521096557.82306
1694304000,1024016899259,1026770446863,1006513391290,1016323448036,26578951074.638073
1694390400,1016352445238,1018622218465,978422344580,989014179594,45081560615.18931
1694476800,988940834900,1032906885348,986467475437,1010365311587,71479701234.51059
1694563200,1010550306945,1031821508137,1005660228647,1022140278262,55475417175.85756
1694649600,1022099481413,1043190904190,1018907617206,1032643929457,48010066874.58095
1694736000,1032686029235,1048872523235,1022883565755,1039616298073,47724387180.75505
1694822400,1039745160579,1048857651998,1033778006486,1039646989462,43084149011.54084
1694908800,1039715228113,1042165709448,1028747552599,1034554130171,28072733763.622482
1694995200,1034544883425,1065263371465,1027819589097,1044010912783,45340670813.10813
1695081600,1043980535338,1066714480003,1039785039454,1056854367132,50100824865.60134
1695168000,1057410799887,1063639461984,1040587438923,1051702871494,48505607690.85324
1695254400,1051771918701,1054620380681,1024028224514,1031805427654,53936167440.60406
1695340800,1032152275823,1040183537015,1027487964643,1034120546898,43314960716.30696
1695427200,1034130342144,1037847658074,1030596368108,1034240511055,33268226760.827305
1695513600,1034188547147,1039516491106,1018855300614,1023257062088,25106277836.311806
1695600000,1023119747055,1032204315010,1013620538609,1026641066138,43406589852.14072
1695686400,1026574575080,1031798191844,1017972038995,1024497205575,40008671207.61441
1695772800,1024523419843,1047804703906,1018790836149,1028539680310,42966081859.64571
1695859200,1028411026011,1061520363255,1026263119939,1052569732682,46161779954.83235
1695945600,1052706775187,1066637203360,1043176973345,1053432655176,59922497792.44667
1696032000,1052981629002,1063236193289,1050559341234,1055514809503,56389782333.8369
1696118400,1055675676500,1094374530588,1053379549972,1088675374277,43780430257.87374
1696204800,1088973510195,1105232094748,1056218348686,1065857854035,63443021399.56521
1696291200,1065892528280,1075331932482,1053345971723,1064108656876,69133131715.67152
1696377600,1064316093026,1074443631199,1050608519444,1069548398068,54095916232.01733
1696464000,1069441588343,1079105976458,1052413992573,1055823134210,41777343427.0116
1696550400,1055878510047,1083053458289,1049746160819,1073163446454,46139668782.51794
1696636800,1073873775360,1078051682808,1067862678586,1071913536087,41251606746.11997
1696723200,1071983419135,1077058918434,1061900902971,1069914446776,27143358928.51108
1696809600,1070015369344,1072685148144,1036169522512,1050031981691,40136625275.9925
1696896000,1050023957290,1058002391798,1038082705776,1044600959124,43707774903.32241
1696982400,1044368132718,1050775480594,1020186732298,1032022115803,45949854520.13148
1697068800,1031980518863,1034776877817,1015462579144,1024475672147,44548357678.7019
1697155200,1024388860064,1039759143734,1021093528117,1029679996063,38122996055.47729
1697241600,1029779084334,1035765770694,1026978945002,1031079525533,43184755817.23469
1697328000,1031161596827,1044405518190,1028582421167,1039017210209,22567375909.216667
1697414400,1038742718146,1115504737902,1036243038725,1074188295947,58643288808.77673
1697500800,1074366605959,1078489734922,1054385482082,1065280455120,82052098608.79837
1697587200,1065448605771,1082131518225,1056154669261,1062160471575,64125277855.70869
1697673600,1062171302468,1081029016113,1052261786709,1073667666529,57437791079.52679
1697760000,1074009740833,1119449894454,1068935338117,1101079416318,84876563347.03304
1697846400,1101383665316,1128027067623,1094744024857,1114976914906,55204651710.66405
1697932800,1115050171096,1130682411802,1105774720817,1123779348878,63415523793.41006
1698019200,1123780784574,1244572062928,1118880750326,1207617606182,70989619981.71799
1698105600,1208007432759,1268673141556,1194927445906,1225985362649,166142064039.14484
1698192000,1225699201982,1262067238303,1214097595276,1239974205881,106274117087.97964
1698278400,1240395602378,1264745043379,1216360775913,1236286895276,95220487491.28816
1698364800,1236282418540,1242249042551,1207127769461,1225976080762,69252040048.87773
1698451200,1225919970892,1245982673101,1222709901894,1231463504533,60050637014.9852
1698537600,1231502024045,1255873133592,1224365742668,1246844438034,35561015170.46559
1698624000,1247331724120,1265131927978,1232760834222,1252393138378,64149556354.11565
1698710400,1252352944019,1265872130189,1232464248260,1257383898218,71416322979.14426
1698796800,1257317584386,1292792055204,1235975034781,1283098392854,66948925947.64495
1698883200,1283339329000,1304862236998,1245501567778,1266425211379,111597882770.39201
1698969600,1266765401120,1275103826045,1240288791560,1267487319255,86240745811.24692
1699056000,1267744456929,1290253807083,1261834009343,1282521620043,60674108794.43849
1699142400,1282616726527,1307150499688,1267350827874,1293401594488,54973191973.47213
1699228800,1293465845998,1316563018226,1281537057686,1306108478285,69137608864.23618
1699315200,1306105901089,1328098854782,1275021877291,1306765248657,77768086520.67035
1699401600,1307578491507,1336601518539,1296526619684,1317397643880,79322293251.78099
1699488000,1317294556562,1407796572014,1298975685239,1367816903861,107196391612.13872
1699574400,1369832749329,1404795568690,1349584259902,1387507877219,175853161334.9276
1699660800,1387869200995,1405359625643,1361022291192,1383540692863,104581101570.90797
1699747200,1383766278350,1398474145927,1361741723381,1384214143842,90946741667.62437
1699833600,1385425994502,1414868789503,1354529580200,1363557927412,87744452044.18857
1699920000,1363986395980,1382097969635,1304812907706,1335456013765,110433974050.53989
1700006400,1336165925410,1415082324335,1328373048003,1408978476014,122343109725.57237
1700092800,1409383215640,1425576804801,1329881143809,1351565310945,129878249658.24442
1700179200,1351523224479,1376340282719,1326897655472,1362107285812,124212666586.0084
1700265600,1362544159347,1371888157139,1334779919736,1360584371608,92616258271.2297
1700352000,1360762774495,1394682483071,1348304814526,1388889282649,66933966126.15738
1700438400,1389249931174,1411665207955,1364294990391,1386380892431,77802646627.64455
1700524800,1386761067146,1400249601200,1319369857116,1321367971649,94952930720.3951
1700611200,1321903099376,1405010725460,1318301581107,1388265790140,132591755581.83273
1700697600,1388421559632,1402718578047,1370241984309,1386187068269,98009555065.85866
1700784000,1386472767493,1425630183511,1382316652289,1399711280963,78122550386.22707
1700870400,1400523503420,1413728760298,1393964804960,1407526075342,81753915532.86826
1700956800,1407328667396,1412884913913,1378800616096,1394477392386,51021162162.40457
1701043200,1394518612294,1401668861847,1357330069946,1379216957837,90385147711.25893
1701129600,1375867927529,1411313268449,1357602551966,1394074893843,82435547794.03229
1701216000,1391967533129,1413941319065,1379361939822,1390124597362,101100877710.13048
1701302400,1390360974221,1404416840868,1378331203799,1391098384933,82312042139.46135
1701388800,1391670776305,1431501286962,1385897493924,1419352253418,87280784668.6277
1701475200,1419659136348,1461583645595,1417039503277,1451978995130,67103626327.09842
1701561600,1451914491818,1479512867958,1440808799922,1465379900795,81257566814.21205
1701648000,1465472807933,1537830073534,1456315509160,1516840033018,140409128517.98602
1701734400,1517183274406,1581841956042,1488776055941,1566394151741,130074112177.33946
1701820800,1566531238369,1588188878118,1536613662623,1553572453278,171569384617.3521
1701907200,1553653375910,1591347647255,1527811133480,1566272062201,118641168103.57497
1701993600,1566386838011,1621399521769,1558083607793,1602584378156,125107684713.1551
1702080000,1603027340842,1630254480882,1580698133016,1590833230049,121495701907.11095
1702166400,1591182756687,1616671554791,1580600394112,1602827523759,89384894041.1832
1702252800,1602119444997,1608851957958,1471667390297,1520701185258,134834359316.54402
1702339200,1521438474976,1556974695949,1495313361883,1527772087536,143018197569.64627
1702425600,1528440468586,1591763630496,1487540142992,1571176859996,118014430721.8677
1702512000,1571453274261,1604537673894,1531574388410,1588127341226,122380170162.3265
1702598400,1588774096560,1598578131690,1531748114294,1542268883549,120832802840.346
1702684800,1542922984209,1582920738336,1530543644991,1558728297518,93829843854.0866
1702771200,1558534822625,1570469621284,1520841827288,1525613889797,79892181335.7347
1702857600,1526551599666,1566110490656,1480911995178,1558830469225,105931178525.8976
1702944000,1559162886900,1590429234085,1522866265039,1543841150466,105675389646.53032
1703030400,1540476578814,1612327568168,1533058526071,1584359778710,101672069493.4151
1703116800,1589623605268,1633678605707,1575051885666,1615411796183,134985622349.31862
1703203200,1615378123513,1653163697185,1595068947285,1632230022145,137452710871.5935
1703289600,1632598233993,1647086260568,1600006182090,1632811121696,127451005090.99524
1703376000,1633134901823,1655079397295,1593332408218,1612131707224,100088329227.97142
1703462400,1612241432140,1656142806911,1599584196070,1639718098350,106291229003.84868
1703548800,1639996619271,1654532597596,1559528203013,1609350996534,132625997191.16628
1703635200,1609131512496,1669610744652,1583159188084,1652296566402,136277286215.05061
1703721600,1652999050192,1684492944611,1609833184054,1624705292596,142546410925.56775
1703808000,1624609852151,1652294018821,1575090255925,1607040757399,125316971068.30038
1703894400,1607375872848,1630636331340,1582620902967,1606356762904,118466935412.97704
1703980800,1606221599861,1637858616584,1587956825124,1605069948147,78266805997.08559
1704067200,1605027291842,1669598002565,1595363227445,1666127147547,79212428670.88957
1704153600,1666568531441,1725724499917,1654626287134,1677045628697,130566400551.88931
1704240000,1677477945839,1707033532615,1500518868869,1594468153191,174632992858.50217
1704326400,1595445824620,1662303629892,1582758136712,1639719551687,159894005710.4781
1704412800,1640035468655,1649871750050,1576233102308,1628644790985,131211562259.22627
1704499200,1630077025329,1633434949026,1585719098163,1610644131962,103349254731.31943
1704585600,1610827875869,1631113921276,1583257882350,1595821205830,72264676809.02841
1704672000,1595938541589,1701462114515,1557216574743,1688435958436,118229734387.70236
1704758400,1689167835349,1722792555694,1619349367218,1667056543051,140280850148.6611
1704844800,1667483765309,1763522290706,1617941487356,1727810859764,161395754294.39795
1704931200,1727904413064,1807588079721,1696407215130,1730357362200,223574246387.4286
1705017600,1730841045906,1753884651443,1585163129605,1630260653004,178133544439.48523
1705104000,1630587979238,1659154436670,1610852965956,1644900713178,174355936414.66702
1705190400,1644985477366,1661009629445,1599261806024,1602390855015,78721431866.7393
1705276800,1602503383027,1659797709955,1598456803306,1628813926666,97535070240.91663
1705363200,1629090241014,1668368904309,1613891552506,1654096981784,95798138450.51424
1705449600,1654220293493,1663182129366,1616693919595,1637907634694,107483488797.22742
1705536000,1637698367550,1646454473227,1561388413225,1586080224131,95875804527.78748
1705622400,1586533819174,1613238224603,1541363160256,1595406869400,113340102423.67567
1705708800,1595788230030,1607103344559,1580321899152,1597070974863,99860478228.93454
1705795200,1597470093874,1608178219393,1585711644600,1589666895450,51958951572.24078
1705881600,1589360817470,1596181769446,1506992821789,1514588905858,81137740575.20198
1705968000,1514735808553,1538163821934,1455286365500,1509353047028,135557830817.59818
1706054400,1510121795363,1535361332246,1490621987083,1517733686255,114992325849.6802
1706140800,1517861140566,1527436015057,1489110541893,1509840043145,85603168397.43521
1706227200,1510539687000,1581013349946,1501792905742,1566772630247,92606278725.31503
1706313600,1566751903363,1583838692721,1552791280967,1576590180931,84394581693.22598
1706400000,1576750591498,1605435294701,1558314405464,1573148962053,65670749791.79276
1706486400,1573816729564,1620881410076,1562764120568,1617167322170,67763290658.37987
1706572800,1617244998788,1645233124408,1594185720568,1607890694004,101898612497.19823
1706659200,1608317179216,1629769657456,1571334585714,1583962751222,103226251267.24492
1706745600,1584671486243,1608360813444,1556834656406,1600203065687,109752490630.5666
1706832000,1600320166195,1622360758459,1584730842501,1609039731034,86469991138.81686
1706918400,1609604803934,1621769591824,1595014562853,1601532128557,68895902428.3033
1707004800,1601785925157,1610789755281,1576102877276,1588269611357,51926376130.48223
1707091200,1588933075698,1623551706602,1574249220540,1593544408746,67447194057.28624
1707177600,1593031184454,1623143385322,1582658193977,1608485933560,79167221169.52113
1707264000,1608783264252,1656118519051,1595927446800,1650177371747,75207956124.61562
1707350400,1650840891139,1691667890563,1645590575109,1673255172426,102949375928.79988
1707436800,1673447184231,1758657207372,1671737411324,1729299677301,125841902116.61734
1707523200,1729648991774,1763587430571,1717169871085,1746732598395,110916076339.28394
1707609600,1746934238144,1777390771211,1737272020789,1757727930213,78283252817.28238
1707696000,1757975007620,1832377519164,1733796916722,1819522448749,80892738003.94727
1707782400,1820116437559,1839068267342,1767552133881,1810289120553,156206361804.19415
1707868800,1810484112771,1892526332989,1794506914182,1882294029987,164572924594.4406
1707955200,1883327832373,1933836596145,1864324935082,1897485120065,154928032133.84885
1708041600,1898906584556,1927029755196,1871967936805,1899806475348,158571776665.64633
1708128000,1900662992256,1908304389665,1844941487334,1886558827089,112982325202.13382
1708214400,1886545322103,1928281021987,1869567638856,1914962276804,115537744063.62573
1708300800,1915495401438,1949717977958,1898837682963,1921386458676,103391264824.51698
1708387200,1921757399279,1964209405452,1871029733645,1934451817717,126595790966.05003
1708473600,1934903303708,1944864957873,1861087579847,1915261646673,168861312046.2286
1708560000,1916028399718,1939904814157,1879862965727,1903524444139,141715021370.85892
1708646400,1903861887111,1921484255965,1866358441634,1883456511689,119292679432.09267
1708732800,1883811296094,1930021177601,1872705427512,1920037860952,106561488346.75871
1708819200,1920150511579,1951440038038,1906198921492,1940343014674,85573034674.81879
1708905600,1943733866577,2036888840703,1906947403760,2020882304599,99932574424.6787
1708992000,2021451028084,2115281958298,2009474231469,2084934809677,209733954775.45773
1709078400,2085365032011,2287527037336,2051857642494,2224988400057,200424495433.2652
1709164800,2226318209403,2304856877207,2162109577691,2199526682153,364430927320.5451
1709251200,2200184471619,2286765706832,2189182125153,2259516670390,224595930673.6977
1709337600,2260274008873,2298731370908,2232326762462,2275153886343,197185913265.3358
1709424000,2275714483973,2325180410176,2219612176718,2305499410595,161733634570.1858
1709510400,2305433127314,2467622881296,2269931745958,2441517722891,213809118518.68347
1709596800,2442336285576,2520561461194,2120692842231,2315662932328,359291764170.5971
1709683200,2315915889916,2487066350422,2271192786172,2426165733609,485008105928.8555
1709769600,2426833178002,2512707401350,2390770908591,2465617145896,262608316038.6046
1709856000,2466319054427,2574881822621,2429208297016,2503388313525,219955908532.127
1709942400,2504598513043,2547615128911,2491005131829,2521913195366,264787548704.49335
1710028800,2522435004619,2584077328279,2480702990969,2531823478301,169593346766.02463
1710115200,2532516313003,2671812347271,2450504898176,2641037935532,258682682264.14124
1710201600,2641515789527,2684084186532,2505237490741,2617264122433,259525653140.8865
1710288000,2617763180313,2714081192337,2595444519532,2677420625715,285635591775.8872
1710374400,2678317463212,2721321698194,2514258370065,2627870915642,238222471786.35135
1710460800,2628065394540,2672116405226,2404668227212,2558322622371,395962771541.5741
1710547200,2558867184130,2595072626069,2376473607160,2406808247395,252096627499.48636
1710633600,2406901870747,2538900578166,2355274738563,2512429612836,271917324005.59308
1710720000,2513688703628,2544586944697,2417488771408,2463505576216,214523376456.05756
1710806400,2466115915175,2492143765040,2236199991121,2262098626895,330606025732.6571
1710892800,2262036677589,2486945752515,2207573198911,2473993001561,287069604540.3632
1710979200,2474032504472,2509753972079,2371606501144,2417043946821,262777524084.4492
1711065600,2417350720275,2466009435423,2295418663658,2355452249825,197119470166.92712
1711152000,2355736388465,2438186929486,2323133799778,2365208433132,172315686449.7052
1711238400,2365179890618,2485107504318,2351828978165,2467923335341,121504726902.27245
1711324800,2468456644195,2605197376560,2439242083369,2555595743429,145132635619.1813
1711411200,2555923586427,2625252772749,2525606815838,2560488622826,205793346733.77707
1711497600,2560682726757,2622190377485,2487827821655,2530928910256,179379088432.83426
1711584000,2531059192419,2611101860517,2503001577958,2576541169688,215967719946.8734
1711670400,2576790619780,2603999481387,2514948213809,2557936129924,156357373323.04858
1711756800,2558274760624,2590360916257,2534874893519,2546829911426,131852723577.16821
1711843200,2546979648025,2626097227149,2542043550723,2617086017392,101709650119.45763
1711929600,2615096676560,2623622954030,2476430758169,2536634085712,129435202432.35777
1712016000,2536625529468,2541877256360,2352944050016,2390828767402,129435202432.35777
1712102400,2391096339805,2451678466339,2341631294051,2401975587136,129436109577.28836
1712188800,2401903071836,2514569239343,2366719085719,2466445746216,129189966052.76897
1712275200,2472410382189,2487740157862,2377414159709,2445593890576,186131221774.6211
1712361600,2446203753526,2513360712611,2433778391729,2484982642301,131562211732.88235
1712448000,2485367865005,2543207875460,2477091379693,2513494627705,98114771240.435
1712534400,2513672853868,2642995642027,2491471127604,2604006917642,151097482522.9608
1712620800,2603618711886,2619894215425,2476049758262,2508830873000,163252614957.38486
1712707200,2508579368012,2569204771826,2438297553736,2546610283168,165997011395.60342
1712793600,2549305013335,2585500297169,2502465402538,2526464480007,160128065853.8038
1712880000,2526665089944,2571337966999,2280328206228,2376617539674,134327411698.96725
1712966400,2377325352629,2411675601225,2097547039291,2235310398911,250244012861.8722
1713052800,2236078928542,2333785410591,2170997183570,2323019808928,325796588501.4732
1713139200,2323270761426,2383800794883,2205844049111,2253596551308,209376199468.4414
1713225600,2253956464044,2282633942207,2172584095650,2252357730928,215366454510.43036
1713312000,2253431255905,2283962048839,2124468716464,2179129617690,158713491219.75043
1713398400,2179436794559,2271591785683,2152717169378,2248980072346,187757375684.07983
1713484800,2249769977987,2314792594543,2114664103779,2257630306703,207969913936.4916
1713571200,2258445287600,2339352645198,2232529264774,2323924120941,128054024659.09537
1713657600,2324428527689,2354623012060,2290231817798,2318855632543,109302480203.98492
1713744000,2317830970171,2400825577478,2301194439161,2379436233485,118126383297.11275
1713830400,2387009212645,2416716093621,2346490044116,2377729633390,118092802491.88408
1713916800,2377528410513,2416208847385,2281306371004,2307178781487,130353793139.46986
1714003200,2307068600479,2343357069686,2252202998603,2311347108637,160162920100.1863
1714089600,2311424607831,2326559777505,2265670160026,2282793092322,130359103291.5542
1714176000,2283158925527,2314014490278,2231467332838,2293688103009,104932614910.1238
1714262400,2293817390159,2337131045483,2272081257620,2283746577955,93061369387.58829
1714348800,2283895160102,2315941424012,2222668688063,2290490864007,106737453951.62733
1714435200,2290323819619,2319055188947,2119775975258,2177042559326,138212467155.88327
1714521600,2176754959443,2194726078917,2040559891811,2128979011294,183880759247.5016
1714608000,2124235039140,2168324473490,2070344994323,2146222531221,166165636455.54013
1714694400,2146204051246,2278471133542,2135101194588,2260955207064,124168535253.51817
1714780800,2261374213932,2319017616166,2249643224842,2288077104488,130417277191.14944
1714867200,2288353431361,2320606894288,2252684470153,2297205709199,87947778846.89049
1714953600,2297281039334,2359323683739,2250339139882,2269224983140,113320782411.91425
1715040000,2269228176326,2315565636654,2229382372978,2232975759375,123282614070.57343
1715126400,2233181463155,2261553051508,2182563796846,2201175784987,111955529085.57758
1715212800,2201044499562,2277860809286,2181625835225,2263262936891,114102709801.97691
1715299200,2263334098410,2284413308499,2167041248704,2189327577092,110729915310.1653
1715385600,2189337402228,2215949624075,2173618681814,2189962386609,110686595083.27959
1715472000,2190102146384,2223086855796,2177754006120,2203262820120,62272359775.57156
1715558400,2203384773245,2266912817551,2164209612330,2236694728202,106462599958.7791
1715644800,2236780339017,2249040641916,2171868687874,2186898719451,123032840752.32095
1715731200,2186513302167,2336982753155,2175176915121,2326376874410,136716200831.52588
1715817600,2326964765161,2351293087439,2268568643609,2294503122498,171905740055.61694
1715904000,2294765350271,2382814977230,2286551548623,2362379506611,141840636854.86948
1715990400,2362771776970,2386552886828,2346388626619,2364760009426,115893918612.75766
1716076800,2364908490179,2387793909895,2318690663242,2333790197264,84658240515.53793
1716163200,2335013383755,2556846822777,2321061461054,2547978109023,107399075966.6013
1716249600,2548559595395,2598328404458,2483740748991,2538207507487,211493238783.92487
1716336000,2538359663536,2562184220363,2481576640523,2505153515757,201679137427.1341
1716422400,2505476651035,2561064135485,2395103389414,2477520965675,186134044489.61435
1716508800,2477347543281,2519176886752,2412671681608,2479912142495,260182398056.21573
1716595200,2479804565774,2520947412043,2473391274884,2504776627438,126985359392.14972
1716681600,2504867921021,2531915266602,2468104946489,2490752253563,91258316977.72554
1716768000,2490722421462,2574113689364,2481394891030,2530033233519,124378973163.99582
1716854400,2530193778394,2544428261909,2453772502877,2497621520867,171631362085.0643
1716940800,2499017734891,2526212308141,2450440605964,2468000055454,160263517262.73477
1717027200,2461048274256,2515816617327,2426790885715,2467132548977,148342096098.9905
1717113600,2467331298143,2505539828471,2422213397724,2453236076948,134723521390.1661
1717200000,2453604661457,2476770917934,2445192142405,2465703543333,113337706563.90292
1717286400,2465831198593,2491887060716,2437144402006,2458790275935,86067208128.74184
1717372800,2458875784471,2536820473257,2447126613034,2484971636458,134638927279.56715
1717459200,2485127328186,2564399151610,2471313492306,2546899871950,133515442542.0487
1717545600,2547085939343,2599161887402,2536489503510,2572678735515,170564769062.36923
1717632000,2573273346721,2594978632615,2526592331643,2556180325018,133812530711.83855
1717718400,2556753630737,2593655736888,2424309280448,2482776310090,145198396995.5772
1717804800,2482776253144,2498751252960,2460496701600,2470792063235,167119352744.7131
1717891200,2470897866235,2498082552329,2459792697853,2486552205733,85070169676.76031
1717977600,2486778416348,2503558480103,2449080398184,2465951782385,96167900525.46819
1718064000,2465698694332,2469640199634,2336041408099,2378273496822,150554185918.53326
1718150400,2379546986580,2486611903736,2357273620402,2426068054021,146716549848.1186
1718236800,2426406297519,2431082183827,2344426495559,2363989730575,158392799121.4209
1718323200,2363944857581,2394070919597,2296295431227,2343147718230,118759138194.4251
1718409600,2343174922820,2376590690464,2334583661236,2362422690814,122587640390.0431
1718496000,2362562450679,2398158259992,2348085715539,2384821830096,72781887870.82486
1718582400,2384849413710,2402857895778,2302125784147,2345696049068,105626953459.34962
1718668800,2353304816258,2358651344474,2242988432988,2303341777732,173664643591.58194
1718755200,2303989354970,2344933208968,2286481172328,2314529976613,153119456917.80902
1718841600,2315084503604,2370435182335,2289633357913,2305389291965,109255787740.95499
1718928000,2306030659081,2320876054279,2256586448223,2290371841651,125877842094.89296
1719014400,2290762024821,2305714117515,2273889177175,2290048722244,93319118981.51701
1719100800,2290120458840,2305822658980,2245190962560,2250541940130,51808655300.41518
1719187200,2250500596541,2264246593563,2113793279525,2186149924411,126987811888.68776
1719273600,2179173895295,2248846385699,2173610794216,2225579888049,155047369328.88635
1719360000,2225598799627,2252854628553,2185722845271,2200231479563,111411570066.37473
1719446400,2200464922356,2262578484261,2187386093992,2240201574424,102725334268.21098
1719532800,2239877313450,2259183781659,2178307175805,2190195205158,108384878857.61438
1719619200,2189957633536,2217368186159,2183103577874,2199031325391,94566730091.3249
1719705600,2199091905939,2265918798721,2185617019988,2254689046005,64941450478.82246
1719792000,2254818954337,2297056946316,2242871920503,2256259023763,79118781002.2156
1719878400,2258385114195,2282581555115,2228354825791,2248881746004,94829685860.30116
1719964800,2248834080445,2254489839575,2144113553060,2169634919393,118754962643.29678
1720051200,2170036267718,2182149561970,2033988599055,2042923351305,162965357640.01782
1720137600,2043227549191,2068610796882,1903927284974,2024426964353,240534844216.99493
1720224000,2024976297973,2103620069258,2006350641980,2093439181454,126796514135.09615
1720310400,2093647680798,2099982715983,1994686670715,2000434695187,97237945138.23666
1720396800,2000545097180,2094058218738,1941128603369,2043131676373,151648164537.40106
1720483200,2043234748665,2098651936213,2027408329301,2082989330500,175911801833.96313
1720569600,2083245846167,2133228268797,2053930809432,2084519736357,118444783967.5272
1720656000,2084632187046,2146375452714,2055913016553,2072266046655,114220294762.64778
1720742400,2072693134713,2116681556391,2043497878424,2097624621862,116847324045.48412
1720828800,2097322238369,2161712539700,2088300442629,2138022163426,90922692510.5122
1720915200,2138132217189,2208213436000,2132601669721,2188039579638,93848264346.54892
1721001600,2188738773193,2331341965023,2182635677481,2324540055169,116758009401.62396
1721088000,2324921946255,2351246880947,2241186531752,2327302229999,173502460779.87692
1721174400,2327699815997,2372811789006,2284945109627,2297117774006,162977528895.3668
1721260800,2297595674070,2341751616426,2262807758146,2295712839756,129197559208.7535
1721347200,2294599283598,2398386721146,2264504949802,2374021422196,126583949073.45811
1721433600,2375823989241,2411645392930,2358795891199,2393841704129,134519276866.84499
1721520000,2394053013986,2437910484021,2338580933268,2428466328707,86313429385.43823
1721606400,2427634180897,2442108730508,2361247816806,2387346690840,142995555585.98785
1721692800,2388126142700,2413016880640,2321944825317,2351489924185,160465869865.6952
1721779200,2351665944829,2389338022867,2302041403007,2319379822946,140343416659.86017
1721865600,2318952232889,2337940061584,2224340581183,2297222314880,159425542868.4451
1721952000,2297338184409,2379971162723,2293394535707,2369056226239,145316671953.9596
1722038400,2369476073891,2418161543370,2324241396148,2365789428158,101527381844.41908
1722124800,2365932819398,2383492269380,2332481819699,2372683821978,135029811884.37126
1722211200,2372607094332,2441968078237,2328043248982,2345956221225,104482903868.37672
1722297600,2345801971385,2366436950122,2293308947690,2326554897409,144277292793.52722
1722384000,2326640398533,2358617789746,2271752651843,2278432150495,114728499058.5718
1722470400,2278663777066,2305040754607,2185207709400,2283490935574,146939580572.26456
1722556800,2283277050670,2291916611611,2135287820059,2148150375901,161240844180.35242
1722643200,2148275393866,2171363203791,2075378934718,2106497301259,170054613138.03848
1722729600,2106792660475,2126295087997,1975074930598,2011870839799,117796564651.79384
1722816000,2010097409233,2018598684212,1691080967871,1868056302634,395414161137.6568
1722902400,1870878586372,1981505218242,1869955109109,1939608842627,272141216270.37643
1722988800,1940029028473,2007313255834,1879079186159,1905800880280,182114645334.7839
1723075200,1906487480548,2146062710642,1888832487617,2116472207233,177100075778.43353
1723161600,2116901596577,2125755989115,2038315796709,2081058604195,169188369076.4977
1723248000,2081524773769,2109909332951,2061966733878,2087900451918,107837422286.4745
1723334400,2087955962050,2127433214932,2002746675557,2014103757407,76541851738.87411
1723420800,2014476502141,2099449536093,1985327400813,2061849837144,129231683839.0045
1723507200,2062484369423,2117154028806,2021939218665,2088316034013,139467679309.7588
1723593600,2088616289748,2129959619286,2027077235151,2041555701546,122885291561.92256
1723680000,2042127400415,2074357040617,1957837470382,1999936152526,126408813700.60728
1723766400,2000329727036,2061468681768,1978773182055,2028241714749,134481676518.7978
1723852800,2028611823360,2060024839425,2023278517972,2051145402150,94540870678.59282
1723939200,2051250109319,2084249624627,2021074006072,2026919772703,72041878190.82922
1724025600,2027181675215,2069849215020,2004380876006,2061511663251,91941504893.81499
1724112000,2062295071234,2123600642102,2030599099276,2050145139322,113450912575.8068
1724198400,2050435622165,2130945040258,2031746035470,2107271635881,110482665160.81943
1724284800,2107773290770,2125579317228,2067896247308,2097191263102,133847078060.11845
1724371200,2097220678543,2235023821938,2092803606277,2208034229621,101631686679.0233
1724457600,2208770399172,2240727022711,2186808779016,2215956581852,160299605940.46524
1724544000,2216178422813,2238803783389,2186346936070,2206925302717,102375477997.42528
1724630400,2207197726686,2219088066122,2150022597236,2155579606990,97645470026.0893
1724716800,2155554805977,2175309908538,1998927321049,2041293122213,121883889958.63226
1724803200,2041091038360,2080207513463,1992473816404,2039237593867,173813824946.5996
1724889600,2039543999242,2102266861583,2022945193946,2043302059916,139090985000.50235
1724976000,2043380723149,2062423475063,1984996171569,2037444603658,123133901368.79607
1725062400,2037687274016,2049210713232,2018139469555,2028362904809,103043495579.6603
1725148800,2028543436339,2032638883393,1960056223726,1968317205506,67744773963.20863
1725235200,1968411726180,2043700188720,1960403805930,2032245370401,114485638272.78725
1725321600,2032122774888,2053935116533,1966990641312,1971711805759,90148457532.33824
1725408000,1971151890965,2011447113954,1904299122888,1987818870175,130607673418.09608
1725494400,1986057340018,2000465095075,1915859297819,1933532204638,117757466215.26653
1725580800,1935202583086,1963763074487,1813766308948,1862195385702,126414272569.24203
1725667200,1862360140142,1902194239454,1855080741953,1878220973817,165205922501.56412
1725753600,1878369887375,1920802878829,1861693652793,1903706065678,70156022809.76218
1725840000,1903893130315,1995780958264,1892037234776,1968682554366,97122180249.426
1725926400,1968687360211,2002707740915,1945712275234,1988167889354,129538994386.139
1726012800,1988280817261,2000414616879,1917405890684,1973580658405,119270358977.70628
1726099200,1974316042328,2019316988936,1969347688075,2002648873540,126189190209.93027
1726185600,2002745441835,2077367924409,1981740408277,2067806089382,107596108934.90485
1726272000,2068450961909,2077035652273,2033366587571,2054499745234,117069001495.4534
1726358400,2054848231239,2068501468757,1998849779466,2014112612737,61002699161.23423
1726444800,2014205209478,2021294294987,1960653824349,1986678514999,116342167538.96384
1726531200,1986557754108,2074145263910,1966176934775,2039677759095,111828508768.47594
1726617600,2039852463927,2084126512280,1998686554121,2082255651017,140491832241.7262
1726704000,2082692911534,2157504633245,2075564532556,2128924922083,183421047347.8635
1726790400,2129301270435,2181922497681,2108205416103,2151910379214,160525445505.28183
1726876800,2152568437014,2180256254587,2133598267862,2172365265715,104532920322.86111
1726963200,2172467899191,2192042589872,2124517451490,2165786419818,81560011326.79344
1727049600,2166072385627,2220828829762,2134053461849,2176901436703,131562334033.8089
1727136000,2177217950229,2222640257487,2151165901677,2207022749789,123897634759.64044
1727222400,2206859471673,2228169993195,2157440614214,2168416008694,131832419673.71439
1727308800,2168421534868,2257676321309,2149767557055,2232130280960,128450369627.03714
1727395200,2232558821640,2290675861505,2220718470070,2263066959794,162188553835.04584
1727481600,2263282875269,2284423763056,2238243255751,2259838291747,121877227152.135
1727568000,2259908507555,2277104039689,2236847910601,2253619987830,79700789128.87943
1727654400,2253850314493,2259359340355,2164555951064,2181258276137,129966531909.99962
1727740800,2180926724734,2219926629893,2060782402309,2089772941000,135029241513.79132
1727827200,2089710405590,2140062862975,2043807110389,2065330243671,220409108268.7128
1727913600,2065730623338,2096269528514,2027562549664,2062241904615,172410809567.96967
1728000000,2062199466761,2127127746164,2051982028202,2111568322317,137373866298.81146
1728086400,2111684590629,2125396950873,2092228959562,2109665152330,126932934767.40724
1728172800,2109899477469,2145650326481,2100497275308,2137571256024,61093688475.12349
1728259200,2137745701568,2194721385950,2110290759899,2118201738651,112750689553.89671
1728345600,2115842511284,2150188897278,2097479885698,2116954790694,138116436263.3635
1728432000,2119358657945,2141052610613,2056490014747,2069814150847,118437603214.24303
1728518400,2070051668268,2096605232756,2019526919949,2065282371377,123119999741.62784
1728604800,2065253243814,2155393794079,2057349808260,2129593895810,124535006677.19824
1728691200,2129964152678,2166906523208,2126677361568,2154314228326,114024136444.94904
1728777600,2154529877524,2162444140465,2115013619552,2144644757057,78209950518.60666
1728864000,2144729548201,2262792509275,2128284836992,2247209942795,131373921642.84348
1728950400,2247464449215,2299925683887,2192395488083,2259009818034,163939342300.91678
1729036800,2259191037874,2301257863318,2241951110252,2270724984661,207090522297.32208
1729123200,2270928316254,2288979820250,2232148975281,2259056932020,132575811744.59802
1729209600,2259103214145,2314423070582,2250488760302,2293617621782,137770893808.58914
1729296000,2294099148089,2311416874965,2279612039749,2296766929627,112645960219.44469
1729382400,2296694970545,2344884213031,2282578828483,2333545315132,72217859620.22865
1729468800,2333894364827,2354907621290,2261954961157,2281651624606,141198044482.9926
1729555200,2281498080384,2299936684062,2247680288249,2275313972588,153689523302.84225
1729641600,2275148420285,2281170699655,2191903339095,2242211325454,123650195616.18343
1729728000,2242174606034,2303990071579,2231952303802,2281546999048,147221161821.974
1729814400,2281677940897,2301035845811,2170026804254,2212370243524,134466251189.65138
1729900800,2212633659689,2247270402140,2197986236275,2231929453847,176334767871.1236
1729987200,2232010050265,2275651433340,2224219642869,2262838818444,77019905758.19151
1730073600,2262931472977,2329335102944,2239168380259,2315728066312,110135887270.50536
1730160000,2315744650541,2423123539903,2309612748244,2392860849345,187268448318.1415
1730246400,2393135576423,2413570401601,2349492697794,2380804648175,195196349381.4604
1730332800,2381976425189,2394480117324,2287733447158,2307080744283,148746375320.41772
1730419200,2305955837007,2349823091543,2256342984720,2283160740122,179915226642.06143
1730505600,2283392617836,2300196827714,2259333863661,2275368153801,140806120379.99658
1730592000,2275256494940,2278459032626,2203789494204,2248313889644,103631797379.03416
1730678400,2248454490527,2274055045208,2181516319702,2215037494607,139078242803.40668
1730764800,2215137170235,2302951561745,2203055321957,2264220396437,156630300076.29507
1730851200,2265240962729,2496369395458,2263933065837,2468153897392,374639189169.9779
1730937600,2470027481180,2543084715002,2437967116389,2508890148757,274238216381.20337
1731024000,2509934453240,2564312384637,2493387929896,2537593789058,244819243043.70108
1731110400,2539025161408,2598808104402,2513227073170,2582892542430,227620877440.27536
1731196800,2582950894003,2749364334328,2562572029123,2695462406463,278163204717.77
1731283200,2695569387891,2955503501299,2668586668308,2928451978290,435185797132.9593
1731369600,2929035443239,3003767609423,2789395551440,2889905996776,691663493216.7942
1731456000,2890465669275,3037851955466,2794670639323,2930743771058,475991368600.6415
1731542400,2932382584157,3004537277352,2810671414674,2843980745709,566155786456.4941
1731628800,2845250260317,2986020893837,2817147459512,2955664873012,399836863920.8412
1731715200,2956037000804,3045746846124,2921782336821,2979708881176,351717177025.0601
1731801600,2980271435719,3036537487754,2896229621029,2956403864992,318243539407.0083
1731888000,2956837536705,3074221017840,2933794030250,3004865322588,288629074324.4055
1731974400,3006467876209,3101422576514,2964587446646,3024885011617,342347177729.2035
1732060800,3027072895245,3106437344332,2974961355234,3052982088014,334295061570.8889
1732147200,3055502824109,3236740035642,3026142068469,3205899453931,407807756024.3498
1732233600,3207176060153,3297422070606,3158290629026,3257052926984,435199865946.2693
1732320000,3259250713929,3357262309316,3209803212017,3270153356792,412190745473.5511
1732406400,3270695238925,3337653472803,3166808385772,3274550283266,386163245873.9599
1732492800,3274932910726,3347985252384,3109551459529,3148793231578,355730112410.7306
1732579200,3148748148396,3214916488097,3033990117246,3106166316383,478841979280.5904
1732665600,3106023172274,3301588527311,3083867774702,3258066431474,362446292995.8051
1732752000,3259482318668,3303796746298,3199977298522,3254577871873,362770138525.9707
1732838400,3254976499037,3368786103863,3232114923451,3327060306662,268006640717.9341
1732924800,3327511619349,3383878151080,3280911676093,3334695705260,320167024674.5662
1733011200,3336047033730,3425003143504,3293189900798,3387881757238,251147144343.47397
1733097600,3388367367582,3489774008639,3264320900739,3390448719837,423207747794.6568
1733184000,3390997599882,3493537295393,3262106182714,3418799019218,490428338393.0436
1733270400,3424139847785,3584721640184,3354135196089,3499609139336,535064912152.0161
1733356800,3500738419293,3671880105750,3297344440677,3452278149810,672145333045.4437
1733443200,3453482671251,3648288127607,3420881560859,3571363734060,549751517786.9033
1733529600,3573692155714,3633553374971,3533806771415,3590490092291,405485459927.4121
1733616000,3590696962724,3645169119958,3527128833422,3617068383264,277183195804.1233
1733702400,3617115093471,3623627922050,3221881627311,3385548481419,348329715898.0882
1733788800,3385136656667,3446285386612,3221652847647,3359286021411,626211895532.2656
1733875200,3359958673891,3554809171453,3301434631552,3522382622269,498058070975.5545
1733961600,3524903236923,3617979477125,3465746759956,3511807671353,399141270552.1374
1734048000,3513523222947,3588563015106,3469710896939,3554057679693,356253204258.332
1734134400,3555053466304,3603215221715,3486133425969,3526193782273,279403757881.1189
1734220800,3526685624245,3640354809718,3497857468476,3615624526922,227996392400.9022
1734307200,3616115766294,3726971303378,3546322319718,3637800949956,313018415489.6504
1734393600,3638553156389,3730623265818,3581950130542,3625620319914,373014251457.93
1734480000,3625987107852,3646329585769,3389946584980,3405304110583,371015301383.7693
1734566400,3406781435076,3495327127023,3204510475443,3275551894313,485284633596.3083
1734652800,3275682336383,3336026055279,3046660866487,3308057849267,640020050117.6085
1734739200,3308936835033,3393108140057,3218543622951,3254132377972,397652269508.1895
1734825600,3254474300205,3286940749344,3154167523446,3198914806119,263743663912.88492
1734912000,3198851094926,3297079050450,3117890421028,3248985114267,278554062507.1714
1734998400,3256463914622,3394464973773,3201372784500,3361263054221,271915387024.82776
1735084800,3361046246610,3401457702870,3315199326280,3371100605519,241598586167.1232
1735171200,3372761437960,3398796452265,3213746800435,3241768256803,205994435186.1564
1735257600,3242694302198,3322162112857,3178380170815,3210789053178,222715517288.46155
1735344000,3210433275447,3282094886044,3195921828851,3260790195228,182457253901.61557
1735430400,3260623448902,3270008467188,3167644179568,3193090330789,131365039605.8362
1735516800,3193197490661,3254535404339,3120331511544,3173141691965,187381679760.7837
1735603200,3175995669022,3280582171681,3136251953009,3184655720260,253888315192.94897
1735689600,3185335715344,3267219840720,3160784989285,3245739023896,172671141182.02814
1735776000,3240923324461,3365979751210,3230049196701,3324367398236,205272756295.35217
1735862400,3325230610853,3440265073920,3296609261400,3411633570981,203621440685.87643
1735948800,3412527390190,3452191964013,3379782728026,3420493902364,208246198653.323
1736035200,3420739990072,3446071889787,3370569568084,3415981892212,143784143491.5952
1736121600,3416078028110,3543372303304,3390036768178,3510185862609,170537516276.21826
1736208000,3510720893367,3536815339788,3284043416110,3306722192894,239265249944.83215
1736294400,3306582373643,3333188216278,3147578266432,3252314810306,335454139411.826
1736380800,3253749501460,3272736108851,3109148593270,3158266309535,285882047020.7422
1736467200,3157008362755,3271319134525,3142858794533,3227219377186,262630304547.31372
1736553600,3228172588820,3272714644798,3191431477417,3246108672151,221063222401.55328
1736640000,3246253254382,3272480929747,3197211241289,3228665000167,119455113181.62758
1736726400,3227603578587,3281181822470,3018881627619,3199158391539,210297524877.3227
1736812800,3198924339404,3307076695363,3188292037566,3277075548645,283880485086.3557
1736899200,3277279624803,3468770414128,3258538500175,3455162998204,224494764969.8918
1736985600,3455850466982,3501277468279,3334689936149,3433426023989,303892711472.3613
1737072000,3436034892879,3631182421096,3428585221743,3573233763308,306331501661.0343
1737158400,3575352806817,3636526183379,3453541865828,3561740789711,345404626739.5385
1737244800,3564481021716,3650823469409,3349202075119,3419120580497,382798621043.323
1737331200,3420069861942,3692150048297,3345472414018,3455355742649,643294752516.3092
1737417600,3461856217486,3621445338182,3379788978485,3569069564497,630955499532.1141
1737504000,3572276469626,3615770816444,3486529109763,3510234995866,310465955193.4357
1737590400,3509739300424,3593856283442,3414249555575,3513191440222,268118071860.90857
1737676800,3514135793391,3621000032872,3462479575883,3524288783707,372058468513.6943
1737763200,3525135365441,3558199969051,3490362282652,3528512959664,199288104341.1859
1737849600,3528603495405,3567123688435,3440670502155,3447052227469,136772893142.16663
1737936000,3447037760516,3471586381860,3250872336689,3423723205916,294838007299.3755
1738022400,3423630124903,3486784057248,3334714903958,3370215419308,384490667225.0692
1738108800,3371040672003,3487260144521,3353295795421,3433448360743,198913696428.00345
1738195200,3433608999563,3556035504900,3418578142277,3500822621891,237341224313.64197
1738281600,3501921355762,3572632945852,3411414543727,3452775959457,187536888273.01733
1738368000,3453752945085,3475173043437,3325597841762,3341320671461,212380894057.26215
1738454400,3342690371343,3383306583501,3108963199179,3185765756659,213557842866.16348
1738540800,3186111690058,3329896437280,2811513676599,3288743014681,623762461477.779
1738627200,3290636210357,3315781779193,3092764918457,3160485516042,424786257971.4345
1738713600,3161319944311,3214632874365,3092257791362,3121359050124,304831965129.6242
1738800000,3122685958175,3205510664655,3060564758284,3091254898287,216060594078.73297
1738886400,3092513595552,3220102870779,3044770128733,3089313207568,230473861526.3078
1738972800,3089858721284,3127336013826,3058353450796,3105235917469,230416394034.2662
1739059200,3105379894249,3155569987161,3031374075081,3101246990734,129844546497.9477
1739145600,3101551180377,3172908609928,3050642888152,3137093205635,185506953575.3029
1739232000,3137003356128,3200771910712,3060688018469,3098950871521,170177643575.16644
1739318400,3098956124411,3200566169450,3033240480939,3180268760473,177755789834.58554
1739404800,3180395318146,3208053576418,3084443862452,3141256789693,243362952847.44507
1739491200,3141590976860,3247294298990,3125544996037,3187288062987,173680202752.26996
1739577600,3188617960822,3216116235392,3158199663316,3179543962747,170939250603.70493
1739664000,3179755348775,3199096244700,3125795750486,3138694048085,98515230672.4295
1739750400,3138901307447,3196575285146,3092342226138,3130596519547,130531464667.03613
1739836800,3130915317856,3157444372514,3017349853395,3094893437502,174690659919.1147
1739923200,3094657873650,3152463742142,3065893223221,3135160895624,184282300309.3564
1740009600,3135457324559,3205533456567,3120152087242,3182923158248,147397236468.40775
1740096000,3183619379876,3239177103284,3063168198275,3107919547484,172957718032.30756
1740182400,3109014080710,3162862731000,3092554024609,3139170939017,239796642498.40552
1740268800,3139240710315,3163323687651,3095641070712,3136508226527,115739814251.70998
1740355200,3137129710823,3151104193432,2915026958520,2933245670853,156945636796.82065
1740441600,2932756259297,2975457365210,2757388172900,2880728365985,364766876143.3164
1740528000,2880522318654,2906356727886,2685090414714,2753405020146,382756839880.6218
1740614400,2753735188630,2836057294829,2697434655819,2760535419652,288021516801.4287
1740700800,2760216512633,2781721139928,2551418595482,2744231909710,320967552452.9661
1740787200,2746191075185,2817278215094,2710604441583,2785734182908,218902121019.0623
1740873600,2786113721829,3124810472831,2750604079840,3093556590311,118621291779.50154
1740960000,3094037932028,3107271350901,2739813521500,2780956784802,397537974323.9995
1741046400,2792056744096,2877595097921,2632759751303,2823046003745,326131080977.9903
1741132800,2823755188485,2942362574369,2793870825996,2917507081916,280847629426.7437
1741219200,2918330593394,2999795842584,2838183347252,2897538891432,209961389456.85797
1741305600,2898181988474,2947846239521,2742593068511,2804497183350,233505100279.14468
1741392000,2805628260983,2827950220512,2751255841159,2790847620186,200502030404.07565
1741478400,2793255700207,2806639024139,2586157894768,2612024180359,94019349446.28735
1741564800,2612593427552,2724514480533,2483807050241,2530389351571,215160058546.73825