time,open,high,low,close,Volume
1499990400,0,0,0,0,0
1500076800,0,0,0,0,0
1500163200,0,0,0,0,0
1500249600,0,0,0,0,0
1500336000,0,0,0,0,0
1500422400,0,0,0,0,0
1500508800,0,0,0,0,0
1500595200,0,0,0,0,0
1500681600,0,0,0,0,0
1500768000,0,0,0,0,0
1500854400,0,0,0,0,0
1500940800,0,0,0,0,0
1501027200,0,0,0,0,0
1501113600,0,0,0,0,0
1501200000,0,0,0,0,0
1501286400,0,0,0,0,0
1501372800,10627180.799999999,11208778,9533549.9,10692500.629999999,293106.710237
1501459200,10711209.760000002,11415460.499999998,9760596.42,10435129.74,293106.710237
1501545600,10426562.31,10972670.82,9233565,10003653,293106.710237
1501632000,10007316,10488000,9571800,10078685.280000001,293106.710237
1501718400,10078685.280000001,10859177.92,9710390.34,10712573.95,293106.710237
1501804800,10712458.899999999,11041044.24,10203441.989999998,10723380,293106.710237
1501891200,10708393.56,15028470,10083052.8,13015316.559999999,293106.710237
1501977600,13014877.88,13462946.84,12367319.1,13081142.25,551054.402344
1502064000,13056910.020000001,15222340,12931974.000000002,14952645.7,551054.402344
1502150400,14935663.860000001,23034000,14526600,22521906,551054.402344
1502236800,22359497.599999998,26412639.599999998,18436576,24891903.54,551054.402344
1502323200,24718068.06,35328208,23840424,34874340.54000001,551054.402344
1502409600,34843380,41081040,30214260.37,39144299.339999996,551054.402344
1502496000,39234294.56,47684014,33057331.199999996,44426172.4,551054.402344
1502582400,44425480.96,104741620,43664875.86,85942044,4910935.78125
1502668800,86728494.78,155513125.60000002,70021193.60000001,130461544.08,4910935.78125
1502755200,130890217.39999998,145191200,83687400,106597091.17,4910935.78125
1502841600,106471618.75,148023424.65999997,99741554.30000001,144063836,4910935.78125
1502928000,143509470.99999997,219291519.99999997,127516626,196180161,4910935.78125
1503014400,193842864.06000003,282989616,174858700.96,240665900,4910935.78125
1503100800,240665900,245835599.99999997,169653900,204046902.15000004,4910935.78125
1503187200,195719881.70000002,268186749.99999997,180064000,250988771.2,44093712.6111
1503273600,250949769.83999997,293637600,233040969.78,271948864,44093712.6111
1503360000,271948182,284738995.59000003,193996800,248151495.00000003,44093712.6111
1503446400,247714032.00000003,296573857.03000003,243525645.94000003,259271669.44,44093712.6111
1503532800,260133779.35999998,281001300,216376210,236088666.00000003,44093712.6111
1503619200,240043248,289702597.96,234418729.99999997,259572848.19999996,44093712.6111
1503705600,259107450.3,260438887.99999997,187699805.64000002,218822689.85999998,44093712.6111
1503792000,218831356.61999997,235041550,180180569.03999996,200014762.48,24181805.8194
1503878400,199656480.01,224381320.28000003,188443421.01,211461537.20999998,24181805.8194
1503964800,209651235.00000003,238208229.4,195044974.8,228629640.24,24181805.8194
1504051200,227136944.92,241302595.6,203794500,235885655.99999994,24181805.8194
1504137600,235695577.84999996,248267441,210979692,224882084.26000002,24181805.8194
1504224000,229123981.22000003,245259629.99999997,209736612.09000003,243825939.69999996,24181805.8194
1504310400,243870730.5,291324150,170563000.00000003,199631060.1,24181805.8194
1504396800,198002695.49999997,203980000,137061945.00000003,156958309.5,15014083.6014
1504483200,157432044.96,157788546.06,52228836.5,102618061,15014083.6014
1504569600,101324659.80000001,115939665.92,69633582,98389721.08,15014083.6014
1504656000,98408967.02000001,120819540.00999999,65341943.58,100406440.00000001,15014083.6014
1504742400,100406658.00000001,157992692,91003600,138445385,15014083.6014
1504828800,138445385,141920090.25000003,84756086.57999998,100465288.00000001,15014083.6014
1504915200,100824325.59,104895730.99999999,82863600,96476549.52,15014083.6014
1505001600,97215998.03999999,100669627.6,82606000,94240479.78,3283215.51562
1505088000,93665492.23,114061438.00000001,88780525.60000001,104295007.59,3283215.51562
1505174400,104086284.21000001,122556689.39999999,97104000,104188823.2,3283215.51562
1505260800,104139882.00000001,104353125.8,82956223,93614669.46000001,3283215.51562
1505347200,93542699.58,95768890.80000001,65153370,68487248.22,3283215.51562
1505433600,68500159.38000001,87080720,51861574.50000001,79975716.14999999,3283215.51562
1505520000,79973122.35,94886050,71043000,79531108.74,3283215.51562
1505606400,79321624.33000001,83523592.8,71822620,78571135.5,2296858.71503
1505692800,78570277.5,94817977.3,76913689.56,90559226.40000002,2296858.71503
1505779200,91052094,92277160.3,76967000,82123678.4,2296858.71503
1505865600,82049791.20000002,85450950,72976516.56,77485325.53999999,2296858.71503
1505952000,77272272,79152822,67172400,70170770,2296858.71503
1506038400,69732138.24,74860616,66330264.00000001,71828199.3,2296858.71503
1506124800,71837277.99,78487339.75,70247904,76970355.39,2296858.71503
1506211200,77063210.52999999,80961550,72300000.00000001,78403315.34,2271460.70486
1506297600,78466679.98,94285761.22000001,75629896.46999998,92268900,2271460.70486
1506384000,92331543,95283970,84759627.32,86302601.91,2271460.70486
1506470400,86215922.1,122287752.35999998,85140000,114980759.49,2271460.70486
1506556800,115064271.54,146077042.10000002,111586033.5,137166500.68,2271460.70486
1506643200,137121596.19000003,140779746,111816178.02,127027009.99999999,2271460.70486
1506729600,126942220,136636882,118679471.04,127931133.48,2271460.70486
1506816000,127641285.45,152764978.00000003,122474800,151460566.44,6513242.00694
1506902400,151183187.33,200767958,149691392,196536295.92,6513242.00694
1506988800,196519988.90999997,203328750,164033802.00000003,184290256.83,6513242.00694
1507075200,185136185.53999996,187174614.00000003,150385234.41,163713544.47,6513242.00694
1507161600,163671055.38,176446746.63,140276844,167738208.91,6513242.00694
1507248000,167738208.91,177000000,149744000,160975403.2,6513242.00694
1507334400,160722296.64,164952480,147576074.76,158743390.4,6513242.00694
1507420800,157908794.88,167798396,110993400,119621047.67999999,4461479.08681
1507507200,119547220,164826200,116712782,143641410.9,4461479.08681
1507593600,142854861.67000002,151614963.63,130664699.99999999,140365265.95000002,4461479.08681
1507680000,139896873.49999997,153641559,134185000,144173276.99,4461479.08681
1507766400,144173276.99,162800055,114098695.32,135536940,4461479.08681
1507852800,135512048,157876995.72,110021000.00000001,145732847.20000002,4461479.08681
1507939200,145732331.66,156486446,139178830.4,153484729.52999997,4461479.08681
1508025600,153318579.57000002,168481169.99999997,129954585.00000001,155799850.7,5063933.89062
1508112000,155915609.52,164039243.28,134816400,144476129.4,5063933.89062
1508198400,144639069,149023021.69000003,133005257.33999999,139182710.46,5063933.89062
1508284800,139049926.02,145926674,118662734.96,132685328.50000001,5063933.89062
1508371200,132456080.16000001,138492160.72,120581824.56000002,128784695.30999999,5063933.89062
1508457600,128278500,145697038,112410878,123729903,5063933.89062
1508544000,123729282,129780000,113427720.00000001,126282660.00000001,5063933.89062
1508630400,124983243.399,132234581.07710038,112875960.00000001,118746646.60071999,1278266.98438
1508716800,124776582.2099176,128082713.61274481,105684820.715,116265605.276,1278266.98438
1508803200,115930838.4865356,142280741.664,105841366.8294042,123751157.93732801,1278266.98438
1508889600,123641149.9376408,130900468.56000002,113636395.44112,126063959.78237039,1278266.98438
1508976000,126184180.19493301,131616945.74568,106912346.78000002,120522553.7836,1278266.98438
1509062400,120522349.16126761,124325512.09084322,105620538.84592,118300068.70722,1278266.98438
1509148800,118306285.7071674,121474118.721312,110647347.50163841,117455637.70962,1278266.98438
1509235200,118038181.924962,130088715.30134101,108037739.90400001,122144796.18918,1901507.41667
1509321600,122058024.28014001,138787750.5255,116626470.30430259,132100302.38948,1901507.41667
1509408000,132100518.24,146684287.1513548,118689266.5916226,133391154.81865722,1901507.41667
1509494400,131486908.0455104,139808924.1270696,113591317.28783302,125071684.51575619,1901507.41667
1509580800,125135689.78922719,144743417.673972,116047477.434,128271488.4376,1901507.41667
1509667200,128271488.4376,152234025,125276245.03371601,144237290.0478884,1901507.41667
1509753600,144191252.8747016,176138628.471,135703067.37936,162356142.4145504,1901507.41667
1509840000,161828516.056872,166776488.4192,139609617.1830344,151110517.10256,4365271.08681
1509926400,151122404.7234,167451125.5757448,138412862.382011,155910019.08084482,4365271.08681
1510012800,155867730.3994728,184008397.71150318,149220533.91,178405579.348584,4365271.08681
1510099200,178418980.14097762,225715482.848,168244826.4336,202037437.42938238,4365271.08681
1510185600,202429764.6215508,225450917.44000003,182578030.49675196,199232208.268,4365271.08681
1510272000,200791777.385944,207609744.9054408,159157509.08572158,178657964.29193762,4365271.08681
1510358400,178657964.29193762,191697203.2624,153917263,167354490.0504472,4365271.08681
1510444800,167354490.0504472,176684740.188,133646763.241992,150183068.8662084,9871795.30208
1510531200,150174370.5655196,181798886.06328997,144708961,170165388.5752444,9871795.30208
1510617600,169907377.43857998,175774603.5,150607704.6830272,157569009.22553998,9871795.30208
1510704000,157045502.40474,175359338.784,131531088.726,155440852.80668,9871795.30208
1510790400,155419186.5632,185606262.9891,138925779.407976,156052194.550824,9871795.30208
1510876800,156052194.550824,159036034.3143,140833504.02807,150299244.1311108,9871795.30208
1510963200,148954359.52449998,167358987.78120002,143228628.52865398,164567990.69414958,9871795.30208
1511049600,164663711.250876,175238509.42543602,148186827.75,158972981.44659358,45327297.5694
1511136000,157409286.75191718,165357516.8643284,152069562.746,161459523.6624074,45327297.5694
1511222400,161744010.8951368,165954569.75951278,146374396.28280002,156725331.9126066,45327297.5694
1511308800,160291397.78914678,164570663.54737538,151362147.32160002,160136150.8671408,45327297.5694
1511395200,160136150.8671408,162044070.88146242,149627243.81640002,156353575.74036,45327297.5694
1511481600,156147127.985856,184123444.1772,145283123.3832,173188674.9321378,45327297.5694
1511568000,173202193.4323746,202897110.48371997,162117519.3676484,187815722.19949877,45327297.5694
1511654400,187815937.63415998,204858804.961836,165292868.980096,186952697.8975144,11422339.1736
1511740800,187085045.36657178,197079530.834012,169749106.53,195121060.77651018,11422339.1736
1511827200,195120859.7879916,200345355.34048,176472503.679,189557589.1216852,11422339.1736
1511913600,189717028.94994357,219740799.8628,159134063.125,175586946.22636,11422339.1736
1512000000,176897087.196624,211470422.8893084,158807564.45999998,196991719.476,11422339.1736
1512086400,196391550.273588,227680405.7766,172194496.47782403,204431444.00249797,11422339.1736
1512172800,204721250.207899,213862318.88,193803563.72944,204423591.49920002,11422339.1736
1512259200,204492785.650848,273397688.49276,192575754.48439997,228351037.5,24315410.6667
1512345600,227860918.2,260626477.2320468,215075240.38,252301516.07807162,24315410.6667
1512432000,252301516.07807162,278650793.091,242348027.8425,256580903.19776,24315410.6667
1512518400,256580683.46589118,324201540.20000005,210693227.28899994,256307762.68229002,24315410.6667
1512604800,253816439.24874002,343842410.72412,207309968.416,263983640.7376146,24315410.6667
1512691200,263967204.42351604,308296468.0146968,194902456.74648,274696718.50799996,24315410.6667
1512777600,274694458.3451262,287557221.70287,208343570.957849,261788628.68966004,24315410.6667
1512864000,260241249.7892414,278754228.0661,202271453.88954,242746096.79711998,22995868.2378
1512950400,242745931.56255677,295466023.8662,218859041.97339603,265634590.8762,22995868.2378
1513036800,265634590.8762,289185696.9011304,239250498.19423983,258003410.10691,22995868.2378
1513123200,258036381.78871277,290645228.0261878,233088769.376554,272979122.65000004,22995868.2378
1513209600,272798955.983488,320058420.860178,265049114.49986762,310895552.325204,22995868.2378
1513296000,311382849.429162,443929269,274993790.21220005,415164245.00899,22995868.2378
1513382400,411043730.32773435,492292105.79201996,376193573.7692,457600002.35087115,22995868.2378
1513468800,459917830.1465536,662051170.16,439009837.62119997,596499999.02812,71116992.4722
1513555200,596481232.9047,621002975.7856001,491494888.036096,593745813.920468,71116992.4722
1513641600,594496280.4340401,682987125.9816,513641327.69242436,578130468.2639999,71116992.4722
1513728000,578112942.786,586331698.87,457423822.106816,511932319.89292556,71116992.4722
1513814400,511948624.5085028,581749329.7915361,454774321.92700005,512998991.85329676,71116992.4722
1513900800,515068451.66400003,536963494.8436382,333596272.393138,446389808.68390805,71116992.4722
1513987200,445426776.5388,538229796.6425999,421855959.79688954,490610791.63403994,71116992.4722
1514073600,487730295.1587,586047530.373238,384547404.75200003,537390510.858003,31694363.2361
1514160000,534961846.88973457,725248538.898,498992439.61,651515629.0561601,31694363.2361
1514246400,652181603.161,1102721339.9121442,605299183.59631,920946763.6770216,31694363.2361
1514332800,928720636.1059769,1125437664.3389432,771613266.2390401,991915752.72104,31694363.2361
1514419200,993522189.4722929,1018887363.3589001,773956297.8900001,938430052.2967904,31694363.2361
1514505600,936027405.5640066,980011362.87,817752663.45972,861528913.3452,31694363.2361
1514592000,857315921.11276,886277752.3997698,694395083.4000001,768431178.0704001,31694363.2361
1514678400,768431178.0704001,924894289.434456,724767534.82684,856184078.2168,71607884.6111
1514764800,856184078.2168,872403162.03531,771536891.394084,841033250.4440417,71607884.6111
1514851200,837954623.3505921,961808039.9568974,676235600.93548,861849326.7285768,71607884.6111
1514937600,861380794.4212512,982203532.83,766231815.73344,939387217.7336801,71607884.6111
1515024000,938907019.7949024,972987552.244793,813087839.2251799,911671681.9124538,71607884.6111
1515110400,911686676.2658676,1694338261.5119998,871142667.7738001,1474959151.87008,71607884.6111
1515196800,1472896667.7144938,2423066875.271214,1406942502.434,2248058225.460582,71607884.6111
1515283200,2246939438.649676,2302945765.136396,1743411417.80904,1837575777.4382799,520732045.778
1515369600,1843269474.5337198,2039843851.9800003,1472635222,1798439590.039474,520732045.778
1515456000,1798439590.039474,2019726655.994248,1624044100.068054,1729918905.7768204,520732045.778
1515542400,1733341663.710756,1796188220.5,1460773344.8000002,1735864886.3856723,520732045.778
1515628800,1736879649.088178,2616689371.0097,1449628328.96,2087366472.2063158,520732045.778
1515715200,2091354802.167826,2575805213.9212117,1848888388.3352401,2205116888.05984,520732045.778
1515801600,2212776405.15072,2383880449.95106,2032726576.7429438,2183455925.590544,520732045.778
1515888000,2183455925.590544,2233051367.172666,1860344520.619284,2057418319.6318498,158457395
1515974400,2057418319.6318498,2458544452.794,1781776237.7299998,1939959211.580544,158457395
1516060800,1936340778.417276,1948716580.0611842,704829277.734,1364275293.906476,158457395
1516147200,1365076680.1518,1576500363.423,949814013.7416,1428119703.88632,158457395
1516233600,1429095914.5968,1656013308.5879998,1317093337.288,1424714060.0272138,158457395
1516320000,1429755428.0381398,1825530692.6537998,1366305601.126032,1490384075.5839999,158457395
1516406400,1490835180.199552,1699042828.9462962,1413896711.1184,1602251373.431076,158457395
1516492800,1603002681.86069,1621089606.5689678,1279740107.76,1402915785.8338442,151988072.111
1516579200,1402915785.8338442,1460723056.3815122,1150435331.5955641,1284182578.8984141,151988072.111
1516665600,1284195539.7319999,1400873716.5432003,1143188813.1862803,1308074515.211352,151988072.111
1516752000,1307733388.019964,1434712860,1236819799.24962,1374606311.4938877,151988072.111
1516838400,1374608722.8808439,1415819839.841544,1183754648.978,1303153561.3932881,151988072.111
1516924800,1301339397.775172,1377479748.0730002,1170676646.1849601,1304189518.93362,151988072.111
1517011200,1302634745.261724,1370379434.3302,1233592266.229344,1321166741.365492,151988072.111
1517097600,1321280078.1366482,1399108632.5806599,1275468012.882792,1343550224.2409441,94814577.2778
1517184000,1343434520.6391318,1367081711.770534,1224295733.25,1259438820.7868602,94814577.2778
1517270400,1259438820.7868602,1275512907.414616,1070379963.38112,1107616635.6086,94814577.2778
1517356800,1107616635.6086,1149793658.8928,998735315.831344,1105181415.9828,94814577.2778
1517443200,1105079837.817242,1130664233.700056,826782544.2119999,923370239.5097181,94814577.2778
1517529600,924500004.794916,1053830191.1202002,685545905.178,962597188.1906381,94814577.2778
1517616000,962538379.2213942,1043981246.75712,841537070.073588,969486196.2550521,94814577.2778
1517702400,968423621.969268,984021990.3882542,775636813.005,832272494.2587999,54365928.3889
1517788800,832087940.0839199,851087656.5406079,588143160,660910149.65638,54365928.3889
1517875200,661126929.42277,886853545.9,534117952.359888,827319978.639082,54365928.3889
1517961600,827308216.865036,939183266.7162,725338334.6946,799704180.0458161,54365928.3889
1518048000,799629048.123602,918308694.029816,793062024.4779001,869028152.117664,54365928.3889
1518134400,868992379.9436879,1004047615.3554001,767763995.202648,976951127.468628,54365928.3889
1518220800,976951127.468628,1043865071.6506399,869949455.802612,918670110.5760001,54365928.3889
1518307200,918670110.5760001,940706666.4160001,803015619.7080001,860728622.7887999,64544358.1389
1518393600,861822272.0244,976665877.838,828938534.4563999,925974878.3274,64544358.1389
1518480000,925163258.5891201,944419176.04813,857900736.6102479,890309575.1123,64544358.1389
1518566400,888469633.298298,1059600350.787,862870659.8813059,1034653622.9857199,64544358.1389
1518652800,1032586195.219536,1161961746.7892,981142597.82,1076929988.9964,64544358.1389
1518739200,1076606245.8910198,1132027062.0000002,1016831682.1186061,1114438650.7016,64544358.1389
1518825600,1115320089.17184,1245941470.9306,1050684016.3195001,1161476469.2738001,64544358.1389
1518912000,1162355792.805,1183416318.1399999,1015357034.041,1059690267.38068,64412200.8333
1518998400,1060973562.09104,1159191350.91144,1009667505.732002,1097654411.3084,64412200.8333
1519084800,1096290816.640096,1159386610.4800003,955913472.288334,981128831.012454,64412200.8333
1519171200,981129704.414948,1038192546.322764,881341674.1536,932311303.0207599,64412200.8333
1519257600,932181872.712072,987438898.08,850214492.47232,880869208.257688,64412200.8333
1519344000,879966265.7289,1009458912.64116,847021203.84,966322776.3840001,64412200.8333
1519430400,963285272.4187201,1001923141.2671999,846803685.132128,901782045.201414,64412200.8333
1519516800,901333263.751344,958828319.393652,858373356.9679999,929227888.6400161,44385827.2222
1519603200,928284194.72122,1015888984.6767058,878534443.2855879,982931686.7367,44385827.2222
1519689600,982821616.9324739,1132851353.5500002,965696908.89,1046107007.03718,44385827.2222
1519776000,1046510477.502542,1121639607.2247002,995087590.9604,1034290266.35922,44385827.2222
1519862400,1034299290.792222,1127163989.39,958104769.34091,1035300450.75338,44385827.2222
1519948800,1036868796.2742561,1064103210.465,978875333.266064,1013272118.224108,44385827.2222
1520035200,1013531178.0576519,1070415100.677328,963284176.33374,1010488020.5910001,44385827.2222
1520121600,1009128162.315,1051305542.0496,966852105.5250419,1027196915.2809001,37799785.5278
1520208000,1028667377.1456,1053120825.12,981627716.318916,994871807.3738639,37799785.5278
1520294400,992788812.4285718,1010882337.90516,892216156.7147781,932262483.1779201,37799785.5278
1520380800,931241727.157994,1042604320.4478,778955514.75,896920973.961396,37799785.5278
1520467200,896150997.729264,918864277.0300001,773990056.7133001,819900118.301264,37799785.5278
1520553600,820583565.604712,838449420.3689939,690016486.292,821504008.8579999,37799785.5278
1520640000,821399874.547018,846866498.821616,742892328.7266,759666683.4531659,37799785.5278
1520726400,759452666.177376,852107946.1055801,711586389.15,817120670.95968,39482630.1667
1520812800,817309491.4497919,861912909.4399999,741981449.829656,794621799.44595,39482630.1667
1520899200,793961247.644792,1140798697.4079,762121748.5539999,1006602051.7977599,39482630.1667
1520985600,1007766179.891658,1082022172.08128,834181068.3199999,886090756.103988,39482630.1667
1521072000,886015083.664348,959321892.5000001,813945398.9148002,903873827.2431499,39482630.1667
1521158400,903955662.80922,951825172.841724,838457047.3183999,898828018.6523522,39482630.1667
1521244800,898828018.6523522,957302482.1672,832143959.828784,887143066.202476,39482630.1667
1521331200,887143066.202476,940590048.9149679,769558350.47598,888501358.2750238,94256198.7778
1521417600,889648438.8314999,957547205.961712,810968542.8067719,893436761.800192,94256198.7778
1521504000,893251971.7739642,945286143.1272,835615558.5965279,907718666.3138881,94256198.7778
1521590400,907718666.3138881,1036296832.5959401,881587200.1595399,986194828.8548942,94256198.7778
1521676800,986016302.7513481,1099203901.1971998,935594318.535936,996855260.376508,94256198.7778
1521763200,997209934.2673199,1230060046.5361562,923999786.661,1164785425.367822,94256198.7778
1521849600,1161152708.3459,1497292678.42,1096769364.7680001,1311722619.8999999,94256198.7778
1521936000,1314501371.767248,1433548455.36,1206872694.63933,1279605144.74702,262747680.111
1522022400,1277678153.8837922,1291043546,1067716830.3597,1191594173.7189078,262747680.111
1522108800,1191893611.2636242,1224476406.07608,1070295197.693748,1141492733.0704799,262747680.111
1522195200,1141491268.059336,1224143399.418888,1094268660.2530198,1152603327.18845,262747680.111
1522281600,1151268113.794092,1169372132.7744,977179925.752366,1007504034.68286,262747680.111
1522368000,1007185653.18558,1098796111.54313,923004547.4399999,1030730294.2299999,262747680.111
1522454400,1027815465.7393141,1166433255.66438,998326659.7057601,1095247502.75562,262747680.111
1522540800,1094432307.6218,1147940176.71627,1005351260.2151519,1097966622.2532,91692414.6667
1522627200,1098416217.59835,1266487019.5008998,1065641374.736424,1246853892.86172,91692414.6667
1522713600,1246852124.96675,1403762868.228336,1167182491.235904,1316626002.0995402,91692414.6667
1522800000,1316494628.34406,1350476798.514,1111577278.78036,1206132152.59602,91692414.6667
1522886400,1206029275.8618522,1273904522.61242,1153057575.6965299,1237326146.548164,91692414.6667
1522972800,1237187840.22846,1268387657.5900002,1174362378.966,1216053806.008734,91692414.6667
1523059200,1217447334.88656,1302733609.7505841,1153456380.028128,1237464001.166,91692414.6667
1523145600,1452877097.4046404,1498167767.423875,1379554472.9930832,1410387996.5108166,87395052.2517
1523232000,1410469696.562749,1484923413.0291665,1310415714.4656358,1383484430.2772303,87395052.2517
1523318400,1383951706.4745333,1466591304.58632,1347150008.0331397,1405711275.597646,87395052.2517
1523404800,1403465648.3029513,1441600870.9463344,1356026688.2266924,1428327727.2719352,87395052.2517
1523491200,1428327727.2719352,1685488215.9189353,1239203545.4460979,1512109174.8922772,87395052.2517
1523577600,1512109174.8922772,1691682696.4962752,1436582566.6974387,1576025198.4867265,87395052.2517
1523664000,1573825885.6296477,1650966106.2981658,1475764752.057534,1545335425.4666429,87395052.2517
1523750400,1541016431.3668277,1646054216.385555,1431393406.7654936,1514515911.8674107,88460791.2222
1523836800,1514372694.7184281,1533701422.0666087,1386654276.3081028,1416995744.6944742,88460791.2222
1523923200,1416649710.9022617,1466200134.1901321,1332915776.6967633,1366042359.028661,88460791.2222
1524009600,1365950776.6768892,1459928966.7675374,1288866581.2000022,1430317463.4158404,88460791.2222
1524096000,1430220858.5174127,1471673894.0188634,1371769232.1126702,1434974852.8821838,88460791.2222
1524182400,1435268047.9747834,1550151139.78647,1351626481.1587367,1460353460.45658,88460791.2222
1524268800,1459494880.8558261,1654575967.5243359,1403471700.7328258,1549812333.935056,88460791.2222
1524355200,1522949896.5772192,1564766466.5877588,1442958056.05776,1466437844.3692641,131426066.278
1524441600,1467964101.8328595,1596319338.8589458,1450507831.4513772,1555684525.821518,131426066.278
1524528000,1556965316.136824,1830557516.6740556,1520454358.5121,1729184907.0798721,131426066.278
1524614400,1727488930.631508,1822329423.9156005,1464528794.999325,1522831484.9969037,131426066.278
1524700800,1520521517.3137398,1732668196.786174,1483462596.7645478,1669009040.6545775,131426066.278
1524787200,1667933122.665724,1712958564.94048,1571463593.9160433,1627858217.35152,131426066.278
1524873600,1626864272.9261665,1775132221.509362,1607764043.2937627,1730316629.577409,131426066.278
1524960000,1731665304.5671654,1770956885.91965,1634523474.58686,1712477426.4485893,126432369.167
1525046400,1712580703.2671847,1733864523.446413,1587118620.0977252,1633682933.258915,126432369.167
1525132800,1634025211.1986978,1651626856.1707726,1518522551.9746587,1612938116.6923296,126432369.167
1525219200,1612938116.6923296,1657804684.624748,1569097255.5091913,1641791348.8068178,126432369.167
1525305600,1641435289.0911798,1757878547.6463494,1560080581.3715065,1667623055.2321367,126432369.167
1525392000,1666962565.143876,1693880385.4195805,1598154480.349662,1636487259.1003063,126432369.167
1525478400,1633331264.132942,1684192095.6675065,1584805253.7560363,1640620071.7720926,126432369.167
1525564800,1641248042.4163034,1730934987.3391616,1530042094.865625,1592225312.8843431,76881459.9444
1525651200,1591091020.352295,1612167715.3193865,1465069635.81715,1564233277.0281625,76881459.9444
1525737600,1563777018.9245112,1590239645.1018002,1472624985.32094,1536355187.4655871,76881459.9444
1525824000,1538672869.6998959,1709379392.852826,1473807228.5661123,1669184691.154922,76881459.9444
1525910400,1671095485.128516,1735327535.8913999,1545352491.3480413,1577405890.7269974,76881459.9444
1525996800,1573143884.6692157,1619013835.8824368,1405300664.152924,1484438117.7054605,76881459.9444
1526083200,1484069873.1341515,1533549318.4174592,1389236630.1391115,1480767013.3986576,76881459.9444
1526169600,1480787963.6959608,1565875081.5829504,1404888806.77108,1505009763.7135935,40734799.3333
1526256000,1504804488.4792635,1541891509.486559,1393891420.4010675,1466046572.808761,40734799.3333
1526342400,1465580677.0756917,1536683574.492,1415845423.6079998,1432157910.4851146,40734799.3333
1526428800,1433244085.4616323,1439321870.8518312,1346898862.9229493,1402274098.1808605,40734799.3333
1526515200,1400602118.5288208,1540298683.385,1338682805.9682,1413724825.9344912,40734799.3333
1526601600,1412170382.8239489,1895899485.467911,1371994599.3216016,1728087532.2223053,40734799.3333
1526688000,1725478640.1940408,1829451001.4070952,1563086674.8792715,1633238329.6048954,40734799.3333
1526774400,1632211059.3495297,1715109383.66988,1497120342.4531665,1610483815.1593857,122238186.556
1526860800,1610514064.3834755,1728544903.9391534,1548574887.88288,1675815195.4475474,122238186.556
1526947200,1678105728.1000283,1727927396.5832999,1540725281.173783,1584204670.3557014,122238186.556
1527033600,1584184828.3116543,1595638521.709032,1369698273.1435063,1424724922.3817194,122238186.556
1527120000,1426073142.4607704,1518705806.8622615,1367711579.7876418,1486184241.0741112,122238186.556
1527206400,1484699404.547457,1540819059.721417,1426890226.977899,1491040258.78885,122238186.556
1527292800,1483887694.454202,1530006593.812048,1425792051.5504763,1455610367.090851,122238186.556
1527379200,1455610367.090851,1479343328.7767751,1387462702.249505,1438768107.103106,38355765.8056
1527465600,1439012882.47693,1468749805.266095,1327513438.9465551,1358623780.8343751,38355765.8056
1527552000,1358566475.0861502,1465411337.734377,1321918079.4603696,1438563265.1116364,38355765.8056
1527638400,1438563265.1116364,1469774979.44255,1378170839.5225315,1434139887.4353483,38355765.8056
1527724800,1434122387.799398,1647022742.09473,1411079793.1950545,1621706766.3057976,38355765.8056
1527811200,1622561195.5820389,1680637819.5917487,1550181822.0324247,1625288944.6358972,70213200
1527897600,1623344622.751126,1710573733.4840002,1581313277.5246754,1675639852.858686,88126400
1527984000,1675639852.858686,1736851113.9548864,1608496094.9757464,1671767038.3623195,89493700
1528070400,1673785223.6502109,1690710219.5674794,1551061988.8312411,1626472843.3044348,52515600
1528156800,1627507250.605852,1805223784.65627,1594753399.36,1780966746.10811,81886200
1528243200,1778968588.2954032,2007071624.337756,1713223607.960445,1971510475.6766186,165750000
1528329600,1970308432.6967182,2006271394.3249998,1825602608.3968165,1857176789.625164,115381000
1528416000,1852054839.9386048,1901876845.6419713,1776277299.838536,1854843360.9116564,128249000
1528502400,1854582727.1841278,1930037712.5574367,1788560983.6917899,1826444958.5336626,128249000
1528588800,1826368773.2498782,1845950141.7162962,1523907385.0812745,1621061419.6463945,128249000
1528675200,1621061419.6463945,1779482082.8101752,1547420811.23976,1766457299.2389894,128249000
1528761600,1766888154.0750868,1861835734.4113154,1621111078.4699602,1739712163.5918,128249000
1528848000,1741279983.0614116,1810084133.2030382,1544525053.5924,1664397600.9081893,128249000
1528934400,1664109687.5917623,1789794883.0796804,1573330180.695899,1695110036.7694187,74514600
1529020800,1693248147.3502982,1816219768.3184154,1617425378.0184503,1711350003.4217267,82450700
1529107200,1711204244.968152,1828370846.5562356,1678180982.6928453,1799784288.822366,81950900
1529193600,1799784288.822366,1974010125.5004487,1772065479.8172033,1894790261.2641478,102100000
1529280000,1892914373.732845,2057169333.5268347,1810218379.758594,1918908296.4805052,112770000
1529366400,1917622783.1451733,1968099669.8159523,1810968694.8110468,1909464076.5287933,112770000
1529452800,1907097071.5506008,1942895059.4521906,1751645602.5807517,1830623033.8513258,112770000
1529539200,1830705505.7752624,2006036419.0894325,1793375574.8815649,1948056264.6596766,112770000
1529625600,1948056264.6596766,2005541723.939193,1671836188.0968,1775579890.0230508,106771000
1529712000,1776826924.914806,1870569991.224462,1736460490.034869,1788454196.112082,73163200
1529798400,1786361869.388405,1816148290.202917,1516064909.26,1649022759.4647112,108067000
1529884800,1648093886.315184,1756706035.430412,1556864603.080469,1703691219.4942782,62704900
1529971200,1701332432.6735673,1724523343.905703,1559958964.774777,1603093102.048152,30497000
1530057600,1604675588.4821117,1656448641.1991615,1556116381.369935,1604449477.2198508,47967700
1530144000,1603749760.9192755,1719129458.8857346,1500192019.8523567,1613954960.9508395,63531700
1530230400,1611824650.608744,1745580988.2752998,1522582670.0525055,1654581198.0832596,52965500
1530316800,1654519860.4052267,1754534712.07707,1573839393.644479,1671808184.9159164,59924100
1530403200,1673056663.6844444,1688799259.77785,1593324782.9084902,1636386727.1415198,38331800
1530489600,1634500857.4620621,1726058704.6012309,1542508613.1362457,1666602206.2996874,55927700
1530576000,1663577074.2828047,1693799924.727834,1568187527.3833466,1616021806.4027195,56419300
1530662400,1616021806.4027195,1688628813.665816,1527465411.746978,1597714726.6436234,36850600
1530748800,1595620596.2429044,1631685671.1265,1519751060.8588536,1571065354.432721,41382600
1530835200,1571065354.432721,1607735524.5322073,1485862234.087667,1527723706.60169,33389900
1530921600,1530905564.1949244,1688520428.8238,1503006611.3485498,1614687709.0829809,78953400
1531008000,1613605675.6299512,1628899850.4231129,1561789112.169321,1598569752.3558116,61133000
1531094400,1596198781.4777179,1627294192.8517685,1529459971.10082,1543454111.7952359,36966100
1531180800,1543454111.7952359,1561373600.4483805,1412033431.5511184,1459139284.1470757,36540000
1531267200,1458569591.9092522,1481843398.9568002,1383326549.7645001,1447818267.75498,38967100
1531353600,1446093121.1412122,1460259944.4114,1340253838.77924,1382464742.0167959,25279300
1531440000,1382244844.0661378,1437032915.3903909,1347162596.8629467,1388463846.6717029,29961500
1531526400,1386517766.7264047,1416348331.099615,1349996842.3491,1371948224.4310231,21859400
1531612800,1373743239.809605,1418529399.50927,1362560493.0076525,1404647375.2019203,26302600
1531699200,1404941602.3003266,1586610623.1714199,1378139500.2917917,1524061021.0509973,46815700
1531785600,1529235089.7738717,1711823200.5343468,1393584726.8790448,1569816658.643618,74716300
1531872000,1311549941.7931643,1371865680.6721754,1196173001.9145286,1226489780.4574442,75388700
1531958400,1228088961.5299869,1310502692.5379426,1187853529.1596987,1237549701.5785909,49198500
1532044800,1238320577.9940479,1282319403.009659,1110723296.2877166,1153838197.0297484,40435900
1532131200,1153628140.9225156,1196647192.9374666,1119703431.456438,1164161780.0188804,28854800
1532217600,1162314183.4816678,1201761056.7255538,1132461958.9391444,1159596456.3984225,20461900
1532304000,1159110456.2071407,1225148683.7733,1079311217.7629707,1148745156.4043632,28419500
1532390400,1147679687.4667916,1267666228.565785,1049449825.9284899,1158334528.9939551,46308100
1532476800,1157045779.953804,1338294489.9882524,1106766366.4260137,1243070494.2741318,71944500
1532563200,1243148566.783507,1348165782.8804576,1176163460.252046,1273328256.775236,61484700
1532649600,1273328256.775236,1384639072.7688367,1225654789.3506732,1336039264.5323055,66561700
1532736000,1335169040.192975,1449095272.7385092,1290248993.072528,1398471350.5069087,75561800
1532822400,1401741578.3755746,1419027844.5368383,1282939716.5402594,1334712027.0972986,56519000
1532908800,1334633546.940475,1354713379.2295215,1200097277.190768,1259202267.5225613,36001413.3444873
1532995200,1261782529.162204,1428554711.3435662,1166577730.319056,1320649230.8400912,66281001.4079313
1533081600,1321039579.6331646,1375160060.2194574,1237035408.285696,1302164703.7254038,54088821.0674589
1533168000,1302003273.9987557,1390838003.9956272,1241238341.347788,1353617209.2241194,48716043.5337905
1533254400,1353371141.7438025,1390455607.575219,1283319634.6017208,1348750314.841104,72650056.3926923
1533340800,1348041900.3682635,1424475219.8123496,1231088225.528578,1324353741.925235,60764041.6511598
1533427200,1323875619.7978754,1348341270.8088286,1243571444.8496137,1307065553.001371,43147563.5426864
1533513600,1306374161.9165297,1357704132.966801,1243648437.4944038,1307083626.9316106,46459457.0571229
1533600000,1306541666.335153,1357148375.4908836,1211631140.2381928,1253666330.7434242,45371876.9221619
1533686400,1254498572.6177328,1263996454.0480807,1096302213.8362818,1161972746.7471354,45003065.7794399
1533772800,1159987576.6461442,1265859683.6930082,1124802656.4221752,1225021613.9127007,40547565.451161
1533859200,1222499442.2254465,1241368114.2127883,1095859799.8297455,1154477469.7961643,37067898.1516424
1533945600,1154477469.7961643,1226709444.4559033,1034228701.5486001,1120472918.546735,29879129.1579784
1534032000,1117286248.758178,1165610184.7360775,1055513468.6331022,1126140880.5671902,23552507.8918925
1534118400,1126289375.0328484,1171317342.8036711,938651230.0329599,983834638.4176762,34675694.8850274
1534204800,980012529.8308892,986323232.67747,790751998.41792,899242931.3362254,39305358.6067185
1534291200,900347436.050922,1074062223.1438808,880177889.8041469,912463618.893448,43335317.4040091
1534377600,911835975.7318326,966082957.2106253,877724677.3943982,935825603.6941444,24474591.8081191
1534464000,932653494.4076685,1041963595.2551097,922581985.3948876,1038197226.3440576,37112170.7302066
1534550400,1037878516.5278354,1053236171.188215,902481334.8142779,948294453.2516071,28446064.6903297
1534636800,946667151.0955054,997144006.4871285,920349043.9656816,968847146.5517089,21058341.0016173
1534723200,968793338.2347016,978152754.8739189,895792364.5536579,921557325.328918,17729980.5329271
1534809600,920901010.8360986,959215690.5714078,872492391.6405694,929700495.624581,13260607.8777081
1534896000,929660318.8548561,1004307258.8896335,873521718.1618751,905604161.4536237,23816571.0580891
1534982400,907576722.5644035,942636565.7010531,887195501.0821056,931402540.6279938,17493946.0829392
1535068800,931791754.7322938,993479132.1439044,900266272.1832273,974998720.090758,22709596.9884076
1535155200,975581341.8009443,992738061.5573999,945804074.5313463,964478461.9168155,19600693.8948946
1535241600,964562984.8644315,993214844.0261122,927539433.9592966,975070236.8115796,22257003.8119516
1535328000,975022214.2611656,1114316869.0043209,957841462.8853357,1066754094.4811137,44959536.6897312
1535414400,1067864957.0824162,1110731318.1934984,1023294137.0799276,1099896686.4718776,43701130.1526509
1535500800,1098246823.2072055,1106594603.008477,1016274926.0627209,1065574426.1864423,33698618.1722772
1535587200,1065870396.5722138,1071689046.7899553,980340187.4512912,1028673867.1392245,23152099.6953326
1535673600,1028722472.7935915,1062526540.3918678,999672127.4584155,1050005508.8091269,22648432.9946158
1535760000,1048631428.5943898,1129489222.5886915,1047944689.5424938,1097807615.0785038,29781946.95114
1535846400,1097600553.76643,1120648398.929617,1040462178.4132969,1082840858.5037174,21603755.1216727
1535932800,1084475908.06261,1101871027.1719859,1054287859.578968,1080268824.5038307,18864924.4302476
1536019200,1080611106.0466294,1113282058.6315072,1057801154.0199908,1091301655.6946166,18902346.9653904
1536105600,1090186781.5673482,1106303979.604768,933682668.5864999,949598689.1698002,29392052.0635902
1536192000,947661580.11077,1014244838.3324134,885150442.336893,979126618.8968314,23598624.8706787
1536278400,976501520.8135166,983938492.8134099,918727604.272729,951518677.1315199,16802926.2153692
1536364800,949895846.489695,967549759.5500027,885469216.8150933,905163556.5497859,15048630.0990338
1536451200,905753662.525762,948208555.7832726,867313518.7819026,905699641.1203157,13858569.9174421
1536537600,906843170.3416595,938672105.4410119,883784264.6372839,911245120.8421637,12522002.0553666
1536624000,908704396.7069292,926568227.285799,865174229.2917486,894388156.5372535,18622926.850049
1536710400,891942471.5649551,915094021.3602401,845842924.4429022,876340716.791207,21263095.9917188
1536796800,877552110.334493,933429460.494451,874734268.457327,917676296.0218174,24772673.6893589
1536883200,915863025.6347333,972022828.006545,895593184.8394692,943964998.5707982,26182658.7868562
1536969600,944212433.694932,990362838.9431821,939638023.5861108,966579551.6509582,27217502.4465266
1537056000,962667165.7735816,967274820.6397458,914593125.7044587,949062040.2157718,20635946.9902707
1537142400,948897756.9569864,963646933.7120783,878732403.8541399,898407279.4738207,22522209.6809928
1537228800,894031215.5414,924886538.293338,880187288.8094852,909283035.258369,22760090.4228613
1537315200,908947026.405006,953074385.106144,867414169.87864,919346456.6527524,22896217.5876452
1537401600,919224422.2123657,967486508.4829214,907350977.4746302,958892786.0362005,27861895.3892392
1537488000,1128868412.0196164,1180854472.245877,1098552502.5728402,1175431462.272876,35113893.3649135
1537574400,1175251084.6649275,1191574824.6591346,1120126063.0950027,1154076583.1691482,21949313.794324
1537660800,1154001133.601734,1174609003.5062993,1132499411.3054874,1158012093.7566428,22516298.8362282
1537747200,1157457042.1387827,1163263919.5984282,1109410681.2378657,1129387000.0740554,19273244.8750709
1537833600,1127275681.2215497,1134160645.2611625,1049090207.0502253,1101694811.1286888,19079772.6082763
1537920000,1101612863.4629097,1121820952.11777,1064367268.4646306,1094480213.25537,18537573.1046276
1538006400,1089633612.8305943,1148314945.5850105,1081445355.2580504,1129584675.1723266,26966508.3464347
1538092800,1130146726.3856742,1160894504.4647458,1090379063.7904916,1117679523.2136075,25140742.028244
1538179200,1166373387.6005027,1186709437.880088,1129388806.33446,1170646720.186071,26083975.0848388
1538265600,1169741073.7869043,1180865029.614733,1144769533.363323,1171601301.6854649,26889327.8176579
1538352000,1171520263.5763521,1181025505.902869,1140055758.803293,1164560820.0725808,25158473.207585
1538438400,1164150490.5604954,1256760024.1082036,1137450586.1673965,1206142701.27,40909499.8869894
1538524800,1204005233.1917999,1230093970.632639,1164596652.2586026,1200320007.21401,38700533.9664048
1538611200,1199955641.2517505,1228864073.6144223,1178032870.3179216,1200665167.3209274,32587958.2791641
1538697600,1200513496.6966138,1275270679.7025323,1185826184.6300101,1243644068.5283196,40698901.3261542
1538784000,1243642179.100493,1260151174.996372,1200748559.5810087,1214245348.5530457,31087885.8742365
1538870400,1214959710.937358,1240123745.9813402,1197921687.1118355,1234916229.9186685,32045100.1099033
1538956800,1234262877.802463,1253109713.3191411,1211610841.6340857,1228295047.5499842,32234034.0283198
1539043200,1228374475.7463267,1240504693.5283813,1189141745.603799,1210162118.3852804,27924266.6085314
1539129600,1210070044.7163892,1224661595.0421207,1164337151.6546922,1200826329.5953846,26002111.7142387
1539216000,1198070736.2842274,1212154464.9474037,1055420789.5792193,1084406487.3024025,26033162.1554715
1539302400,1084334227.2579365,1127068740.9351642,1066141593.5597466,1105079064.196962,26205130.9508109
1539388800,1102343510.7060277,1126239139.7780552,1096946915.1567054,1113064904.251926,24297437.4190778
1539475200,1113341389.0362537,1142789412.8837204,1085225537.3533497,1099321406.952654,22999425.9445215
1539561600,1099684113.675957,1248330073.1500547,1047178025.8612558,1183151670.180791,52262821.9778363
1539648000,1182501479.8731349,1193851973.023809,1130235121.5523942,1153337595.294582,30811760.8215536
1539734400,1283796929.1127465,1298524109.5156538,1259026061.3165362,1278987553.0111957,35366322.4771641
1539820800,1279539894.974564,1294553520.3837502,1239135812.607975,1255676898.2914052,29815950.6056724
1539907200,1255043172.4710462,1271358344.1935947,1234568320.1480722,1265620537.6810625,24690308.9327823
1539993600,1265027723.5320482,1274194113.1057866,1248417985.9969501,1263816487.3441288,23754605.7489986
1540080000,1263397088.4965336,1277785440.598695,1252355144.5243309,1260311843.9580534,25775334.2901768
1540166400,1260414124.0520093,1267967643.2299988,1246282929.9431036,1259795068.6828213,27660351.3127496
1540252800,1260449935.7272625,1280485885.3243835,1245535697.0003855,1266589776.0395317,30764707.6284966
1540339200,1266564786.8304007,1282441909.2926264,1248530251.0490146,1260955343.626426,26689971.8776057
1540425600,1260284399.64578,1266601709.5150356,1242756174.8020277,1255825674.5334592,25212002.7386965
1540512000,1257217835.865468,1268832642.1207736,1246314489.7250242,1258797438.7634397,24480146.9377615
1540598400,1258713647.4142573,1261530751.1333992,1242062202.0323844,1252818096.927835,23029567.9559625
1540684800,1252818096.927835,1259177537.64885,1241400955.9053504,1253414875.6040866,24655868.6910655
1540771200,1253495566.7479048,1257666020.7647102,1200210702.9479609,1220222666.435898,24652759.5322078
1540857600,1221360440.3657415,1231427547.376395,1209590209.3392,1222271219.9323611,24268770.4377817
1540944000,1222269270.3685708,1238471352.087775,1200393670.2617555,1228450463.4074748,21452063.9730501
1541030400,1228690179.3120751,1253616916.204794,1221364090.0590277,1243598084.3437216,19658761.7486019
1541116800,1243993034.706555,1259089329.860797,1234162172.5790792,1247276851.9635038,21300967.3187689
1541203200,1247285275.0469916,1253599010.4325671,1231071077.387239,1244494856.7424974,19684514.2057325
1541289600,1241981106.8494825,1293255337.182375,1232431964.0798342,1270946213.3407369,24191770.4087296
1541376000,1272226706.850353,1275681685.7365236,1249016013.4142623,1262917780.6850832,21131834.8689067
1541462400,1262345339.575775,1281389244.9074621,1250653291.8777847,1276209145.3538013,24614508.3531578
1541548800,1275751372.8647697,1297278907.230816,1264174528.4946566,1279911217.225938,23553411.7637062
1541635200,1279911217.225938,1288576189.1952157,1244132286.7964873,1253734355.0237632,21781778.8976681
1541721600,1252812737.9491,1258400827.7725034,1226125087.0255415,1237814739.5264752,18983531.764901
1541808000,1237980200.65995,1248542607.3987038,1220303523.4332473,1237591290.3478851,18491393.5136445
1541894400,1237604934.54763,1242479173.89869,1205624386.141937,1230295797.1474054,18818717.420628
1541980800,1229417105.922738,1236398096.2250793,1189953752.895921,1215206601.125985,19462090.2715319
1542067200,1215043246.2538793,1228208258.1303108,1179723381.264689,1190631770.6343215,17039791.8654356
1542153600,1188116718.3725266,1221418603.5511389,995817040.8758001,1073830926.8935008,19505624.5963983
1542240000,1072466436.941376,1087574591.53871,978775483.2669568,1061217940.9692924,19012263.6588678
1542326400,1060839538.0278002,1070591085.2818501,998354298.5449042,1021575224.149809,18907205.9480142
1542412800,1021517123.8788819,1030734179.8752786,957899281.2246633,1002803139.0221909,17037429.4612902
1542499200,1002875122.594011,1056452997.5258465,999097487.696,1036621333.3072767,13731676.4813304
1542585600,1035455911.4106266,1038083201.2566295,813711941.5161566,843860080.7238325,21540911.9710452
1542672000,844339608.2781322,882771354.432306,660350708.931207,738245564.825472,26043430.7701567
1542758400,737806213.7223874,817837758.9618512,702884049.9362903,800249185.7992779,14199910.1528973
1542844800,803039501.55712,817018344.417147,720059679.8514584,739929676.1173583,9820627.21950077
1542931200,738189279.2670629,754802169.8505121,671675382.9501114,719187865.5315734,10015542.4911572
1543017600,719130098.4065013,757579862.2972625,587464157.764143,654304988.0153328,11846274.5005663
1543104000,653345351.8961728,712147334.4654223,561661589.0504832,667395409.0972484,12296414.3941929
1543190400,666604136.2867652,697205995.5592126,580635095.705723,638522649.5382602,10070923.9373552
1543276800,638522649.5382602,656854303.9424973,584860975.1474798,634215095.8650336,9075526.66989141
1543363200,634215095.8650336,742185885.2983307,608170119.3968698,691758927.4096537,15347337.8872023
1543449600,691639805.2034999,734663658.156035,662763452.1949303,696673035.1767403,12999211.5338808
1543536000,696705821.3330382,713282672.5196265,627230064.7794276,657108029.8925277,10718219.9716094
1543622400,657025292.7858242,711126158.4457483,636926328.9182339,682095041.464082,12303368.2432695
1543708800,682096688.8814542,718299349.4471558,659744943.298142,680822369.3610998,11848109.1356662
1543795200,680367096.0545782,710663095.1244231,617777394.483314,662018340.0323026,12126883.6778438
1543881600,661408867.5441263,844226913.1611472,642393498.5681206,764283822.1356463,39024471.1406776
1543968000,762854204.4577922,867412542.3093891,705615419.4132354,779006353.8001554,61535843.7908386
1544054400,778349174.6162204,810768767.2727492,610159053.5191686,628303776.7363696,38711012.3516395
1544140800,628206547.4846053,655414713.8740712,534489164.55480283,586035239.2598239,25291850.6612118
1544227200,585270773.1153985,634420694.7533323,548002133.3391575,603313341.6646813,16508863.932008
1544313600,603313341.6632053,660555898.6649399,584240547.8750862,621617910.5269879,17925003.9694708
1544400000,621383319.8599467,647722576.1978348,579608911.4310591,601335724.0343566,13899596.789404
1544486400,601010615.6663493,653240272.5734597,578829033.5957597,635786993.5238343,19469421.5714066
1544572800,634192511.2891202,674965535.9896713,609346993.7224017,649128802.77176,17944669.474571
1544659200,648369852.3036511,651876131.8563051,583700752.9643642,600071241.6696297,14483937.875378
1544745600,600222053.541335,618900063.0818924,563966726.6528172,585537076.4616067,13565333.4008793
1544832000,585181986.1438335,602036546.7637162,568400103.9016894,586975366.1331975,12590466.1942257
1544918400,588421909.2415603,616048599.9539614,582410139.6433011,597917325.0098182,14575319.4819809
1545004800,597598860.3314139,680875833.8338003,585919743.7221426,661311121.7418506,17794721.5874447
1545091200,661627319.6681272,738698548.5806212,638101067.6664025,727023717.2185054,25966256.0489752
1545177600,727119649.6216482,778201506.3088956,686247291.7357663,704388998.8408698,25390589.8950026
1545264000,704299145.9898846,803821841.4778166,652927869.0045097,745398724.2600734,27969179.6559236
1545350400,745363958.9793606,782229319.223158,687991839.7628936,717241419.0512272,24400078.9923166
1545436800,717473119.181271,792034532.9072133,699622953.023588,769228622.0318183,28148702.4580074
1545523200,768132339.3541343,817056452.4416637,744822272.8658512,782596392.7746387,29723036.2177632
1545609600,783388150.9404752,858972398.7612152,764015055.4715725,803050619.4741733,30446832.1737612
1545696000,802654577.4807167,805577090.516451,687380628.2453059,718787908.1831367,20003034.0675953
1545782400,718839251.8819958,753738592.7853986,697188215.0436192,740044808.5123793,19503378.4310935
1545868800,740044808.5123793,747001592.8649031,671659679.8001297,682229862.012112,16149132.7671125
1545955200,681958238.1518465,804821615.947922,671905255.5013559,778233851.5563672,23853814.8945802
1546041600,778070130.4546372,798039148.6182894,734177192.092384,746431138.8882574,20563080.3769991
1546128000,747128386.0519333,784599650.4956295,731450680.5120587,777663951.7763903,21165040.1243544
1546214400,776348147.2284728,837309961.7167307,734517903.3624676,797615179.6645299,38200583.72289
1546300800,797782274.4728172,831683230.2731694,744229100.095758,789513090.9323659,24017125.6016071
1546387200,789869845.784,813277881.3465551,762895728.880944,796965961.222045,30165214.437175
1546473600,797868371.8094751,799223269.523841,753986857.1972051,762932564.4513321,22929874.6626398
1546560000,762247908.1598669,804533749.5603579,749131732.0624572,785433634.602146,29186738.4841423
1546646400,785866310.9966547,811452178.1929333,770605170.9080945,783632677.3696507,30418489.4475404
1546732800,784364264.0605154,864991652.1272498,758424746.9265817,830625289.6290895,41640608.9468441
1546819200,830149619.7635599,838403030.3462294,801014839.2899839,817299739.1549957,37868579.2537705
1546905600,816893607.3029013,910198064.324547,801891686.983808,860502661.7241287,65568912.1898569
1546992000,860731606.9473083,913397729.3225106,827977803.3284239,864991470.57781,74088399.0023313
1547078400,864622996.5005553,871831502.1598028,726139033.6149127,772304257.4537524,76317265.0673046
1547164800,772476411.9716806,820503953.3529,747888044.497935,785473634.2078006,50138998.9948952
1547251200,785490511.5041418,791252105.9288546,750193143.0737832,773500784.6736908,32904206.0056375
1547337600,773633367.8228996,785213028.3580642,704083991.1979964,723719179.8355693,26572569.2686881
1547424000,723895483.307555,811267013.4602121,719974328.2789285,800358504.4495354,42068682.64561
1547510400,800406432.9784561,806772194.3783171,742369220.2600859,763968544.4147551,26338830.8188643
1547596800,754343474.1586363,816227861.4888324,749018851.1501846,790407861.3423567,35958735.3901473
1547683200,791194781.7652788,827274458.5475508,761095293.9919683,822257036.6855547,36136937.4530866
1547769600,821552124.0976665,858795919.805618,797193375.0522125,841576377.5546957,43312153.8728912
1547856000,841548408.3483727,880244986.7997324,803317587.628143,846381063.6603732,36935955.8592936
1547942400,846151131.2877406,877525079.044619,794234597.5306476,827369004.6723692,36571389.3446506
1548028800,827532760.4413503,851156263.0060683,805815119.0017501,836688056.6486849,36035684.8973928
1548115200,836824912.0093492,858713228.115539,786476498.4323394,836793735.1172525,32205244.6624466
1548201600,836978042.3192048,857240022.081246,818445313.7894418,838543930.8635187,32780689.2155009
1548288000,838797558.1546773,849605800.5987993,819431491.1521529,833941443.281894,26937338.2735772
1548374400,833927430.3247124,875349812.4880868,817633161.647186,861602586.7286472,43649472.3369026
1548460800,862382071.9395264,923803780.9531044,841116156.414253,894331836.4953277,48547332.7826169
1548547200,893809694.9544615,931152827.9061649,848664369.6259084,904643754.541239,52875907.3218641
1548633600,904707110.0813589,936479824.3850744,756035866.585704,793869160.0687503,82765763.7554416
1548720000,794315921.252285,811826332.7340808,758900940.9816996,787162581.7548926,49245123.0989579
1548806400,787336707.0863528,805276318.8604869,760903869.2205037,787560706.4287186,41412698.9827748
1548892800,787709633.4972972,818577434.4808623,762538936.6652132,799730656.6952039,50633830.7769792
1548979200,799822460.8118911,862831562.3428191,777308591.5969458,835434914.3670962,56221577.8925171
1549065600,835434914.3670962,890809423.4235698,825567037.0688953,876998870.2842671,56397994.8384407
1549152000,878271463.0361235,897215150.7288966,839542943.8779933,867180208.4603223,60098030.3757708
1549238400,866511610.5904795,920443738.2431947,847812780.8523589,904465331.2828673,71609367.9630728
1549324800,904140203.1618757,1021571511.6254785,881746729.3791015,1004053264.8751466,95904598.3097405
1549411200,1097460992.5059903,1210637609.1297965,1012043087.9680994,1133354480.855599,119105904.06292
1549497600,1133145637.1293743,1186929496.5864275,1070021981.3529589,1089269020.9688823,85903211.7568986
1549584000,1088727163.0375168,1269690774.5841424,1056500082.7806977,1201955276.950776,103813705.607825
1549670400,1201474523.5833256,1252181761.9578922,1172421995.728942,1241689132.514585,106296393.053567
1549756800,1241781407.920868,1323636097.8611407,1214859395.530652,1281863616.8303587,125222890.864024
1549843200,1285754009.2971754,1386484959.4987137,1252957322.7840326,1328856828.1957507,136159241.585931
1549929600,1328913544.3195515,1379362618.6044998,1237247423.2173815,1291992553.9286182,122804588.023549
1550016000,1292817266.6957924,1308721042.7043686,1208414097.9819946,1246035301.7222939,95214664.3784292
1550102400,1246063185.5757225,1267311199.5788977,1167019779.925186,1225610729.3421786,72597893.201184
1550188800,1225607287.0602,1342125410.5035532,1215643512.4385543,1298355499.5785527,84067702.0319916
1550275200,1297600290.46991,1321394329.898941,1255443894.1286297,1271730373.0325942,65697149.3420462
1550361600,1271911545.3745031,1311035634.7726305,1225738284.5034728,1288776684.4013312,66663754.0674337
1550448000,1286934039.3146143,1407763061.9517732,1229880805.3841734,1346080095.4180298,79415507.3965617
1550534400,1346432422.2890596,1581447841.690884,1319532679.7677276,1472188180.831787,128322086.602834
1550620800,1472631111.0265942,1606918459.3598282,1448512070.0897222,1528289269.656436,117712167.504478
1550707200,1528394092.4579406,1552874548.155676,1396097728.7930934,1464043977.4335575,85471646.8930124
1550793600,1463308051.0616007,1548917324.058832,1445903017.43095,1510655550.2255824,82378605.6208267
1550880000,1510492522.3223813,1594204336.590001,1411585966.6048834,1512103769.9100785,82083133.7276565
1550966400,1512230944.4622517,1597118321.1077461,1321869870.5025897,1397125569.0908926,113731542.151672
1551052800,1398181083.7376926,1471639248.8789568,1291031505.4493585,1366330347.4086547,146057611.369233
1551139200,1363880892.0886707,1377060178.6400871,1304786405.697735,1326511596.1049645,88805695.205115
1551225600,1324787991.3210235,1411404408.853886,1269426152.4217231,1384814232.2769935,94134552.5307591
1551312000,1384038783.4030168,1504929413.0476608,1355819479.080237,1442972674.9091508,100461890.616285
1551398400,1442843272.607742,1627934903.347535,1433919009.6852,1591909142.4576252,118041872.622243
1551484800,1592394871.5552292,1666886277.803847,1505351993.6426022,1656274422.4119942,120725920.59987
1551571200,1656278769.0641632,1672684236.3183231,1558897090.0517843,1608492947.814552,89915843.5628942
1551657600,1608141340.0914688,1655210711.1162307,1513514760.488395,1602613897.8161297,89007228.1074021
1551744000,1602035190.2583013,2004729579.05753,1597402930.896074,1917535428.501248,237128998.395634
1551830400,1917426890.807893,2089602807.0953925,1807294416.433289,2043391678.5814397,190651586.240877
1551916800,2044814562.9124572,2186346460.5618577,2000250863.287894,2121282460.612458,236949376.372883
1552003200,2121359465.3483126,2170392383.726108,1840135925.3175302,2006453928.6833575,226253395.783487
1552089600,2004695181.508157,2136354722.4422667,1949675001.8363178,2027941017.0263608,160710842.758726
1552176000,2027935838.9917297,2038556772.3911314,1936511484.3048105,2020117405.3783588,140831999.874834
1552262400,2019846196.2499158,2094771830.353771,1959234808.8631825,2023097408.9200096,152224518.488289
1552348800,2023001104.7887619,2173808794.7313905,1977372700.1341588,2152957103.2466726,168789107.788366
1552435200,2153811801.6879745,2168894049.4249096,2083224780.7972395,2113479987.1706102,146308277.083409
1552521600,2113271301.5609345,2144565330.5558414,2007793964.460278,2089615491.1484888,136873734.169514
1552608000,2091057686.4512901,2153146052.805164,2060442570.9536595,2095127986.7511497,123987579.978863
1552694400,2094098201.4786215,2278259002.917543,2046060479.8135428,2244373497.047697,143045245.907108
1552780800,2244486155.08891,2249398353.16602,2162299149.3386474,2196330574.195207,132098198.501348
1552867200,2193323402.277512,2235593479.1940813,2126531829.2423165,2183857108.483629,132844522.953005
1552953600,2184049659.8524027,2247812509.401914,2089653136.1576638,2179577193.357017,216509038.931301
1553040000,2180098195.1508584,2210827235.880903,2087427241.967587,2130884468.8050942,136045860.701523
1553126400,2130405215.9919293,2167144906.983012,1959266480.3138387,2023634977.3752797,152727137.724879
1553212800,2022548218.616032,2153079785.594746,1996409714.9497063,2136248600.8262517,149886801.619284
1553299200,2135352701.165176,2175133881.7179995,2094926040.7182026,2125695114.017313,143365764.517604
1553385600,2123861529.1500332,2462976251.2218156,2048993235.7303476,2404115837.8877907,314332345.875917
1553472000,2403364376.564887,2440710146.6413736,2221757640.919517,2352472870.4346123,198683357.384499
1553558400,2355146845.4660826,2372802806.8130727,2170825330.1314206,2268195367.671699,186005329.846304
1553644800,2270244324.643399,2399109575.5697613,2224409761.5615706,2336800730.5116343,201982342.381987
1553731200,2336800730.5116343,2363034670.221119,2302483550.933521,2341105787.157777,189103772.050985
1553817600,2342483234.5807867,2405923402.9828143,2261631353.6768403,2320313063.8282814,172428088.739138
1553904000,2320313063.8282814,2413415759.0487576,2239247132.64603,2389470395.729369,181622665.982034
1553990400,2388834483.1570168,2504142843.754107,2350340920.909815,2469138429.2306204,200129999.307932
1554076800,2465189038.397028,2591046713.220267,2404629374.3217077,2521950320.0018935,203089737.524714
1554163200,2520259672.3537984,3103918210.578271,2167258864.544614,2808748153.6532598,263845526.031292
1554249600,2809222678.3580804,3091300157.023676,2448237999.0255294,2644019157.0883965,255206315.488537
1554336000,2635113570.2714586,2863605514.643975,2511272153.070519,2681448833.688104,214804831.462619
1554422400,2682989151.180117,2801098560.8439007,2621185070.1932945,2749965904.6705647,181742457.013211
1554508800,2754715383.7364464,2867825920.6308856,2539450600.924072,2692510598.143949,155579100.542263
1554595200,2689804119.855834,2802748355.1286287,2582303984.7547665,2688059952.720564,148988735.371549
1554681600,2685979507.5439935,2772057358.369695,2478063852.05099,2560485694.19404,178407255.878293
1554768000,2560977192.851579,2681665696.8880525,2402475862.7819347,2603563778.2996716,203419473.901789
1554854400,2599266789.973972,2755878285.4963565,2446807037.197663,2584407743.2282686,180221002.896228
1554940800,2583205273.649007,2651941380.098684,2313961013.8203325,2487445949.3471947,162742697.004701
1555027200,2487409315.436881,2701179449.051879,2345885563.895619,2595012099.801606,172452569.349596
1555113600,2596348381.1575384,2666801181.9920845,2520637598.8588247,2636190872.8140187,166631113.08998
1555200000,2636383499.570504,2873004508.952255,2576006366.7923613,2751625619.215818,189137765.311523
1555286400,2749370910.54348,2838995786.526281,2577895976.305891,2719696679.147487,176260798.237209
1555372800,2721694759.0136623,2862613181.6760764,2619320076.3205953,2786451122.464047,174075857.141811
1555459200,2785129188.914363,2838762310.641694,2710331550.8628583,2766636011.734081,186792203.878762
1555545600,2762293859.110245,3153631041.834637,2734652763.0075836,3106740481.99171,376361656.040506
1555632000,3107650339.955857,3566258625.23257,2965954538.268163,3451885018.050278,395723816.931633
1555718400,3451885018.050278,3644321017.6483684,3355127963.0768757,3529215445.4783764,311655394.925839
1555804800,3527746813.794447,3547807410.4903054,3174757135.131509,3413539825.4551263,282050858.530098
1555891200,3412842457.6389413,3587797808.7432275,3109733017.258103,3375713008.3661704,254361159.646337
1555977600,3376526802.620929,3570485445.951408,3076333101.4280033,3202182552.7789354,254718094.050449
1556064000,3202165185.22895,3404917583.91765,2927403671.618893,3260860312.275458,259338672.66983
1556150400,3259170428.951467,3380108716.19458,2896389340.0699553,3119723374.9422107,244317873.600661
1556236800,3119692983.388549,3317174650.6310306,2980603082.6168075,3158156631.9611225,252627462.958242
1556323200,3157495005.684978,3210601254.835707,3040421329.1583023,3088992138.368591,205615200.655571
1556409600,3090326897.1468616,3213805180.351817,3043973883.312301,3161266521.612587,222870035.536602
1556496000,3156366263.8760915,3185446909.9352174,2919563034.206768,3010427458.805464,201700274.113166
1556582400,3010852448.8424973,3135020760.7146034,2957141268.6454535,3080669924.9594336,189840248.37366
1556668800,3079929022.4337964,3138129076.8240533,2979473470.037496,3051825856.8339415,180026843.048602
1556755200,3053815396.712361,3359392302.8763514,2996636977.392405,3270053386.319566,228827333.747583
1556841600,3269065087.3001266,3548042918.3137236,3013410321.433144,3281318783.2907634,218469424.195535
1556928000,3282006948.017915,3397389518.3585033,3035820377.5786686,3195004557.118257,192816741.661541
1557014400,3195437875.09746,3266641855.892157,3100991413.2553825,3206493049.904946,169771240.062437
1557100800,3209346101.528172,3234298143.3628993,2990032866.452457,3099343453.263798,176702950.571435
1557187200,3100840108.28254,3270722558.143313,2788773062.7165756,2871798411.4452453,164466522.673174
1557273600,2871311225.557757,3126782992.9778647,2596308323.741586,2892033126.3672915,257159010.9609
1557360000,2893686056.1596584,3005234848.793229,2504334849.4796104,2633513759.0278745,204335518.285279
1557446400,2631357911.033738,2889317997.268661,2485651445.1026506,2757817832.5925226,209228575.887003
1557532800,2756117794.7978697,3363364879.5254087,2473955335.969449,2991679978.2616963,296988021.688108
1557619200,2982870573.03568,3259564188.570075,2665166021.3939724,2957071045.133097,240892572.36266
1557705600,2953947783.7627234,3857762116.936471,2815216150.667817,3332240358.2475295,403752429.080297
1557792000,3332526220.8271575,3627414391.8037496,3083679635.494794,3364018070.28366,325864905.760368
1557878400,3366427559.8105855,4106303720.433738,3220012463.2238765,3806178948.4562745,356620425.553573
1557964800,3804222033.951298,4105929858.7946024,3472144067.250403,3714291007.3415184,371584185.266819
1558051200,3718623547.608575,3990452051.04477,2828137932.7015057,3640887471.8914847,396419302.275069
1558137600,3641120439.826658,4231051226.636762,3511241401.210795,4071207867.956977,330446662.734055
1558224000,4069918112.6779594,4674951550.895077,3582498524.695284,4132192481.8343163,493205572.924975
1558310400,4128891767.1079736,4329901385.287066,3754456738.776897,4170438559.776561,456199606.426473
1558396800,4171496063.021317,4754823866.601289,3846272229.759465,4599323367.128669,742966392.990151
1558483200,4598783790.734401,4679272652.135686,4166529699.720339,4347160129.768868,536666708.954928
1558569600,4346206610.743205,4652664444.060477,4168869555.1425805,4455426907.075656,537222576.763231
1558656000,4453414891.212136,5041033366.220497,4364417653.929732,4832692006.624832,649497412.044317
1558742400,4828852503.686982,5078974184.635456,4741741198.861289,4981521998.912688,638004488.813021
1558828800,4982340850.497035,5440025978.796069,4217549057.9039645,4738736713.654348,609296401.981562
1558915200,4734920076.345951,5079522303.417463,4549564311.063883,4737894808.253622,599149790.566038
1559001600,4739780455.8181925,4893068406.843355,4529118501.231244,4674804356.387809,517486296.91572
1559088000,4674635198.08012,4866989339.187825,4343127805.393534,4755017154.200243,563526448.168191
1559174400,4750183091.109963,5208892803.63529,4182182722.929009,4471244838.362705,516794980.643838
1559260800,4474049518.745358,4668879790.281929,4277447889.250571,4640916373.170462,503214038.446704
1559347200,4640156208.096232,4894748278.283929,4539345832.4227085,4710948886.382378,568266913.280908
1559433600,4713057624.680123,4863846177.57917,4571862411.375084,4684777972.776406,463719399.482842
1559520000,4682788820.283532,4693893268.725324,4189845596.1167345,4340012502.791422,416346291.21693
1559606400,4337719079.282044,4484613036.919931,3925666535.8438783,4124315084.7245154,420856710.751715
1559692800,4126171537.621231,4470494426.256045,4010447112.6663027,4360572435.784512,465360780.784169
1559779200,4359833160.165224,4554848854.414188,4125025693.3899302,4405347972.055693,414705409.7681
1559865600,4399179076.7758875,4628298641.495983,4300863699.070798,4439702769.9608135,344773108.099509
1559952000,4438462634.760756,4609259506.506925,4305871215.30953,4500197487.098901,427307235.628594
1560038400,4500036100.643125,4536757729.500811,4174795013.618734,4254545201.7965484,336776753.274184
1560124800,4252759744.077419,4628856468.210576,4185042890.926347,4545044542.449913,458972060.781522
1560211200,4543282304.2871895,4608337954.129868,4313487562.843868,4525147281.561,395126426.373408
1560297600,4523092696.769556,5039618782.867131,4464207594.24227,4948321195.158744,546181416.873968
1560384000,4945204388.331784,5277020067.206992,4722567685.41714,4994751941.4888115,512268040.840865
1560470400,4992851004.477471,5297523157.441867,4097049102.3464146,4597794688.144073,738120424.844976
1560556800,4595823525.92627,4946680722.268109,4474662728.6047735,4632674168.42924,487283652.140858
1560643200,4640301719.08578,4965226680.164227,4338990998.731976,4554000275.789214,392894454.356584
1560729600,4553786584.237829,4977162867.394992,4460172244.47618,4788107873.965689,437930036.55716
1560816000,4788107873.965689,5076653526.679907,4566655761.319168,4858961426.558523,484857449.915066
1560902400,4857714419.217952,5149150034.028496,4823633557.245869,4979056237.400055,508909130.043173
1560988800,4978110647.495801,5432116631.414018,4823494840.467963,5210779762.296639,635851333.532177
1561075200,5210914372.98541,5635230457.992902,4968739321.748325,5498259776.810828,435941785.401161
1561161600,5499708269.811073,6092863101.903456,4951495234.811799,5328405482.425126,430991304.045867
1561248000,5328627115.803714,5771973852.565059,4860284703.957699,5223767188.815659,370153531.312436
1561334400,5222102358.776516,5460043317.486436,5016575078.462942,5273476027.770336,329386759.562546
1561420800,5274431514.641158,5647896199.0751705,4625877464.332573,5066613236.49548,291831699.052211
1561507200,5067667021.036646,6058235012.954937,4228761405.502369,5027119195.313419,445085993.935223
1561593600,5030533859.977886,6033551325.539066,3815432799.1136336,4784842500.970397,374357061.693875
1561680000,4784680747.740696,5460911729.714859,4148498156.369689,4866332580.501408,335614791.598854
1561766400,4866166043.822574,5279695919.30778,4369674651.541908,4994648644.512006,369400913.78966
1561852800,4998158033.836336,5149480390.04033,4296228410.506076,4500526150.416609,287741730.064539
1561939200,4499710763.984671,5032243383.494903,4087665732.2119894,4673499217.639147,293307931.39608
1562025600,4678408984.250787,5327195754.166859,3927267854.9828734,4507746750.1579075,347332404.375325
1562112000,4508246274.218541,5033233641.32427,4135795350.933037,4601712387.197737,246966881.71672
1562198400,4604390473.400659,5087737025.667176,4221909310.7785797,4661760416.190642,349149648.716237
1562284800,4664271453.812401,4908129681.831811,4399712014.957428,4597634493.209434,233328434.297778
1562371200,4598450068.534176,4918725608.2519245,4382840411.363727,4591124636.109089,187197725.580743
1562457600,4587241074.27719,4858684378.129453,4478642481.486351,4674691423.901443,199366078.745961
1562544000,4679601878.743599,5216050338.873343,4306735572.8366995,4731200662.644772,258608941.855254
1562630400,4736514827.154089,5019975229.863486,4385952945.373299,4593009755.818501,211236905.604863
1562716800,4595805640.403411,4969066670.439868,3944691666.224306,4419302958.914634,270686093.530886
1562803200,4408595162.918421,4663314742.244202,3826332144.697341,4159400816.189205,251002726.178331
1562889600,4159241080.921963,4870438117.497754,3985345328.3890595,4526754446.353519,418131414.351157
1562976000,4521750258.185792,4682862728.476183,4125830408.366561,4449745330.811826,273500106.598724
1563062400,4451815784.434249,4565302791.890884,3893193529.7183394,4034801419.8753295,295886867.88744
1563148800,3120240073.630959,3405319079.92961,2767170103.1140046,3126156636.90015,390312693.505947
1563235200,3126013490.146331,3280120509.0771036,2658904623.575802,2729741764.9786544,440529623.621617
1563321600,2734296180.704448,3163872947.553,2583588525.2705793,3025790264.9928684,573393997.227835
1563408000,4316376687.979413,5180732711.455185,3918917944.495612,4509632713.458641,713633659.771181
1563494400,4505330000.579132,4757273172.358986,4271481958.635518,4523646567.878134,485620788.343481
1563580800,4521761178.439925,5098248326.280313,4440553328.329827,4841048071.149642,342750298.314233
1563667200,4847564625.787985,4948553086.479438,4538480795.0910225,4739594031.0609865,288172083.909946
1563753600,4742890372.568858,5152831602.656966,4458146572.767168,4795278466.770599,417355467.597935
1563840000,4789261637.281747,4810805491.987538,4449100674.813769,4572664717.955289,320850028.40226
1563926400,4570217313.86923,4614785978.847653,4262185735.852262,4484756508.162868,265076707.46763
1564012800,4492803428.337818,4687285816.937697,4380222592.298073,4498040637.51852,250299973.503976
1564099200,4499005417.439881,4548827416.712191,4356897515.29026,4508608331.868858,230608975.521285
1564185600,4509220956.141142,4686925733.893432,4152141085.0320396,4313500789.27017,191555491.851031
1564272000,4307345384.969016,4383166499.590612,4088744180.830198,4308162193.016488,163917059.227863
1564358400,4316303551.35069,4400668203.051055,4120708795.1312404,4189322769.9312577,146052755.405592
1564444800,4194387345.181321,4312685426.936444,4044125032.989763,4202668979.588391,149895861.073352
1564531200,4202222400.400511,4518360923.631783,4084662986.137005,4319408847.26952,202383313.111594
1564617600,4324292717.788904,4718495564.909536,4186705394.3920135,4479652670.313732,287277483.430234
1564704000,4483560854.366367,4592546678.591883,4216074682.660392,4377967472.184364,197426812.720424
1564790400,4375510884.122013,4550609236.897337,4125256819.270199,4316926834.709452,154225367.546677
1564876800,4314369536.78097,4473123141.891547,4081641728.104038,4280733488.877512,137186892.175418
1564963200,4277839645.897689,4659413445.72472,3985120171.8454905,4340563049.691,182780191.155831
1565049600,4343866649.475121,4677072172.0514555,3948616754.39952,4297135488.517557,192565505.697299
1565136000,4295407894.340959,4817099697.251373,4133043250.6021705,4615385620.937113,314689733.039234
1565222400,4614438189.114109,5033720130.462566,4364438551.839567,4837843614.354805,400795480.90998
1565308800,4838533247.342282,4957310911.309344,4524751958.276295,4629291356.654687,227426986.360999
1565395200,4627077885.073229,4887277340.797911,4298586801.58656,4599158948.656967,247762296.809406
1565481600,4597862234.259048,4827799672.154309,4468098062.39009,4698387443.626817,263636481.093934
1565568000,4701089012.744176,4800764304.653303,4548408329.571555,4690678971.494892,278576294.134375
1565654400,4687585894.229161,4826717051.708784,4415455546.05486,4564646052.579622,242675561.399225
1565740800,4565140289.305121,4640997881.174335,4065951107.972535,4189191412.0224404,228061330.370414
1565827200,4185712992.394717,4501567322.987949,3926714410.7452335,4373827828.3497925,248571202.610133
1565913600,4371211171.701234,4518559575.121627,3994071520.119813,4285487303.6414423,204226236.575273
1566000000,4285467423.5609336,4396794650.6474,4114319427.8402905,4270425654.2241483,195881712.676144
1566086400,4275047014.7009706,4426722689.625707,4138193960.6840625,4343562207.667953,229016510.242613
1566172800,4343883204.025168,4672345566.880098,4211562335.8437343,4482175425.560234,258027448.144591
1566259200,4483365142.987009,4519975619.929883,4258882971.300291,4367294934.8908205,210656814.193051
1566345600,4369774691.390866,4509704296.431139,3966606020.194034,4187036329.856263,197958799.475282
1566432000,4180838745.864985,4299242442.025411,4021869540.740022,4199346088.5857573,193512948.317073
1566518400,4200315241.732878,4374568974.474468,4051446990.323951,4196329202.067647,195928753.837752
1566604800,4196276341.20483,4276740985.8841734,3966892069.318279,4097862203.334929,164425562.642741
1566691200,4096785845.108542,4192868071.4343295,3928408913.241848,4054794459.2379723,165922918.348197
1566777600,4055109786.593073,4357665088.968915,3939226983.5936203,4059074454.1141067,277555085.120563
1566864000,4056778706.1000595,4086564538.9504275,3784267710.7505193,3975606582.9284744,196427019.873687
1566950400,3978158976.7843943,4113818925.784917,3566767902.516,3629521519.937958,205895363.678029
1567036800,3630551685.627024,3632668272.7678075,3291611636.428812,3386781595.915965,202017251.08832
1567123200,3386981448.149233,3549985491.1833,3315767110.104564,3444737534.26573,195753109.794061
1567209600,3439938003.3734317,3497430239.1875095,3216443508.634206,3275173959.777539,167494833.644819
1567296000,3274205997.263957,3449193968.278188,3249140548.2719626,3347426235.0586767,174462362.784315
1567382400,3347588437.764122,3730039658.4512167,3269865242.904108,3559668502.6644435,237306474.224055
1567468800,3559043428.6115046,3710531917.2796593,3362566053.9616528,3478733417.5990067,181033803.328034
1567555200,3477283157.0469403,3600907454.3333917,3283422908.4554453,3379218840.686665,149032982.446369
1567641600,3378889530.269992,3712421154.229537,3291866920.3912263,3525019180.358952,258310666.518173
1567728000,3524648036.7879505,3714521371.753424,3291220316.324327,3426097632.270569,241094635.509514
1567814400,3426218189.554499,3583740690.785412,3394380543.294087,3493954014.649416,202522106.20986
1567900800,3497856461.419318,3568017511.842703,3394210965.193247,3486110905.4281535,176593714.056515
1567987200,3483096110.723297,3564624798.543164,3332809578.8213997,3439316840.2911425,155084219.724517
1568073600,3442068386.3095856,3495980297.641242,3298529287.2762,3384778749.6626635,139471188.724343
1568160000,3383903722.6681485,3435021130.2965994,3105056598.689153,3222116253.7406282,147694909.487179
1568246400,3223344176.2723646,3351905520.9916186,3052698052.418927,3240680491.168869,202263111.563711
1568332800,3240842837.434701,3331812227.490359,3142332342.5491185,3240570912.443826,170167682.813599
1568419200,3239844538.1073937,3304742559.4780345,3190953265.392965,3264606645.092318,163323244.984493
1568505600,3266699560.0119934,3288076473.5863776,3142319132.349473,3156952761.063945,152502093.371315
1568592000,3162073377.1249223,3254168524.4891624,3064440061.550889,3153506003.1116657,143968583.73682
1568678400,3149581768.9145436,3351663573.2135878,3096523721.0079365,3274539752.142204,207476220.819743
1568764800,3270121675.0385375,3652504591.4670453,3216832695.5526714,3449217204.8409634,369949559.517007
1568851200,3452602921.6325417,3558641154.989543,3082314591.8006396,3356877148.7462864,249901982.469957
1568937600,3359908100.760426,3401996986.6859803,3215422910.7860403,3307875243.8566575,199222151.13793
1569024000,3307400747.0730877,3363523321.1487026,3210985662.227131,3261463022.1277437,175414135.238353
1569110400,3257296924.609025,3296568696.61494,3067510752.106443,3165451761.4492393,153283227.8341
1569196800,3166176257.3687887,3174288842.0332327,2958289616.85444,2997415028.8134217,147320087.181094
1569283200,2997895967.6165705,3052353305.9167094,2284574101.049151,2471944636.595011,229067640.763354
1569369600,2471912784.698166,2611798029.1125226,2306590789.38444,2493968271.5109763,180264205.582663
1569456000,2497304541.470588,2561696825.575633,2230212536.035409,2364509258.0068226,158131922.777075
1569542400,2364573837.7832804,2490914522.7918854,2287243111.044231,2439117419.105479,139458079.219568
1569628800,2442636169.09181,2521470357.715608,2373045908.075476,2450075985.3034945,123208963.546804
1569715200,2449948164.1439943,2474112082.841115,2304786216.044623,2366083314.5837936,111129169.994002
1569801600,2368638991.5086527,2492581201.9480577,2261847465.3873734,2466811901.1133575,124127851.120388
1569888000,2468601416.9439883,2548222127.973113,2415407595.752356,2473311776.4612093,124980823.565527
1569974400,2476159390.041511,2496078317.399758,2403608693.468293,2473078412.754369,105033812.033129
1570060800,2474336598.0643535,2502453277.3249817,2356909392.4954844,2438006840.313645,118726798.936378
1570147200,2438136030.351756,2484116334.561041,2350150888.834815,2432047552.40945,121326488.196402
1570233600,2434672057.907156,2464994121.7733865,2381556098.3940516,2444811454.85486,123383075.692144
1570320000,2446353541.4826202,2460816343.4475217,2304243003.14125,2341081921.520608,117016056.010212
1570406400,2343830030.799841,2540525221.0845566,2305026324.28995,2494962950.7212877,147159485.10131
1570492800,2496510602.4526396,2551248654.034548,2437961059.0153933,2490827008.1938753,135332006.765457
1570579200,2492798675.7132244,2927362528.86187,2462258153.22336,2762997537.4115386,295862433.997793
1570665600,2762937996.4024353,2826376353.004732,2648475906.023534,2734672735.875076,236448382.020378
1570752000,2736893712.88062,2814179875.0851245,2542060352.577121,2577878057.960613,195399851.364013
1570838400,2577756423.896019,2752472620.3233776,2564601823.648513,2673509741.089854,228704002.383955
1570924800,2673509741.089854,2938160579.3056293,2612154972.8037734,2842772427.9403048,275536576.6199
1571011200,2841203970.5294657,2945477668.962847,2748159873.303903,2875442316.9339037,245331536.829881
1571097600,2873160323.964607,3018714864.6143126,2745744841.2294574,2886167678.8502097,324021552.497319
1571184000,2888758287.143294,2916022984.8175635,2682945897.9207444,2761037240.248057,230986366.354741
1571270400,2760608902.250341,2946953092.244343,2724554121.431889,2884337515.366076,246671881.941155
1571356800,2882761501.359573,2929582818.2396064,2742240776.3974204,2835907632.2008758,210985151.741158
1571443200,2834267777.5283737,2898630787.4465184,2769511986.3938622,2835359946.9948573,209576347.945882
1571529600,2837105224.4514303,2974738239.2463536,2714160884.3690777,2880238399.732811,226312927.963387
1571616000,2880885015.931574,2921287059.543629,2777252784.1874604,2845173973.737439,187251495.054631
1571702400,2844111693.9166307,2948614548.944303,2746159548.7673297,2837685808.7829823,235467513.139621
1571788800,2836279632.6236286,2848055174.5376925,2496960401.094941,2597023085.9620876,202121304.630824
1571875200,2597023085.9620876,2680290761.8004637,2537103974.8860903,2641484196.370251,197871073.097903
1571961600,2637833360.874358,3217315184.745776,2458381246.048342,2898444407.803331,344312735.184978
1572048000,2902462786.1953187,3463817374.4977345,2529149592.5228333,2954415271.2135487,292069357.463339
1572134400,2955293596.5195985,3208521115.973322,2766258229.90479,3011602015.192109,292929419.128521
1572220800,3008377973.6809826,3387365636.2732797,2826432310.759042,3103516205.545124,335597691.335546
1572307200,3101635835.587718,3341481487.0374866,3022908566.1667075,3234368362.7874484,320674608.433394
1572393600,3231142645.2127023,3248702307.71834,2959422764.0233297,3119538357.157561,248690598.180477
1572480000,3123524270.215907,3239693566.863531,2976002558.1466155,3098102716.4976916,250851263.583291
1572566400,3100957247.106694,3181607893.4750123,3031273825.8207417,3113961481.1481514,197473708.977512
1572652800,3114189520.5222325,3212080287.929385,3088363106.6065187,3144976013.4361362,273251104.380576
1572739200,3144831290.4131074,3210404027.245082,3057566009.9772053,3140863758.8390403,257049001.061721
1572825600,3140434150.8840632,3387522627.2545466,3077926974.073628,3213594355.8625927,298129682.231094
1572912000,3213594355.8625927,3289842561.85515,3118336116.8478756,3217440335.49545,262814752.759953
1572998400,3218675721.611897,3272666507.3216195,3168356902.304822,3219260502.63504,241013290.273894
1573084800,3219687680.484413,3251162198.9138656,3071694545.0369997,3172597576.5666904,223904235.69031
1573171200,3175595884.535505,3233400773.2509036,2963627636.8446,3050071283.5509734,184965415.857088
1573257600,3047775795.749847,3111385070.712839,3015688885.4199605,3068548931.358036,175780822.680001
1573344000,3064353855.3277087,3298539070.6909842,3044460265.677693,3173628934.600198,240856739.699956
1573430400,3174260397.7902327,3269139244.1888385,3008789525.690021,3121878871.7483444,209881642.9779
1573516800,3123099574.265864,3284387671.5788417,3046836449.813942,3260242488.523095,226733549.368114
1573603200,3260974061.3630857,3406629478.458741,3188743698.4051504,3317931288.368791,253472297.828454
1573689600,3321558167.944611,3376220625.106657,3201463490.79429,3312041842.5146646,238004771.821264
1573776000,3310189654.5653605,3374351625.6606545,3069908408.085922,3150368789.0373507,225824312.459393
1573862400,3148970496.2562957,3232731357.7030663,3080928619.704768,3134879556.1309366,211032560.86147
1573948800,3135373626.4321537,3217374803.2121625,3037058463.2608123,3137791771.262836,225025245.523121
1574035200,3138005190.1858954,3142338666.8274055,2848882845.424737,2964097989.1969147,224400907.574022
1574121600,2965983783.1861134,2996377369.3655233,2799343091.159746,2874185431.7553034,207116869.884992
1574208000,2873788876.129522,2956176567.2406573,2749277913.658469,2811740343.956404,210012223.959692
1574294400,2809474634.4366646,2839062902.2211294,2481813196.220075,2606880080.499319,218353907.74482
1574380800,2606416285.885898,2718176691.4281254,2216164855.1805,2413072621.37929,340711872.715832
1574467200,2410445713.461515,2560157062.666365,2324507885.8330483,2530173361.2979674,254625340.695223
1574553600,2530640959.7172413,2612086482.2122045,2305339278.7769566,2336508092.5966682,233444877.768248
1574640000,2334521683.463197,2520702628.50024,2150471280.320829,2360402745.514097,244577255.065203
1574726400,2362274911.0654297,2508717336.463103,2314466465.193744,2391621577.4521227,206218454.829042
1574812800,2394355844.4305086,2595271299.138539,2097765536.1342518,2506216175.467224,253441190.957501
1574899200,2502997183.2999477,2566392109.0748,2378258883.8586097,2421168822.739607,195164552.584507
1574985600,2418644055.6257224,2603108977.017783,2374580583.845473,2531118077.9165716,249215151.254427
1575072000,2530515086.1884613,2551739901.8110337,2383283904.411653,2446640838.0113044,214454911.522066
1575158400,2448435362.901778,2469366181.0074596,2313384649.650708,2406072094.971894,203089827.864696
1575244800,2405776718.4665065,2438746865.95184,2298827267.6770725,2359672019.727046,200789844.32325
1575331200,2362465217.0774,2423785214.042532,2322598678.280295,2374753089.924935,220382610.863364
1575417600,2374012395.7899466,2564769953.391481,2259720500.8370986,2352781218.8713493,237057830.301844
1575504000,2354153454.897949,2478866363.4375005,2274905275.7605267,2435636635.319717,254380142.160192
1575590400,2437920532.8360643,2532651803.0461783,2350400949.0967236,2441300101.8835254,235468719.989047
1575676800,2439133857.7806754,2500887019.825411,2409377377.0411015,2433648197.520898,243862970.054133
1575763200,2434572687.36766,2463218436.889422,2376938224.8947973,2431763602.5642204,222566277.509629
1575849600,2427949641.0969534,2499511653.4669256,2334369949.6228304,2384711300.2892246,210817118.03876
1575936000,2381845615.0537763,2407602552.27516,2247601131.487253,2299723443.7761374,193514479.958418
1576022400,2301960570.314129,2339282040.1012754,2248785321.1392493,2296854632.563832,170508394.61558
1576108800,2297342211.695868,2337740344.6483483,2219333250.0107436,2286662894.4014683,166336753.813819
1576195200,2285734450.811461,2344938647.496041,2272482793.6330657,2311337081.148635,177121320.786398
1576281600,2310285528.8504577,2334229258.8890862,2201421235.2576222,2234853456.8092575,173278246.365944
1576368000,2237170932.057818,2287696300.075803,2186339555.044745,2237105419.2166185,166776948.386453
1576454400,2237105419.2166185,2260324188.747536,2044827789.653682,2089699714.2047176,180079245.122018
1576540800,2089024064.2788126,2109793526.2653782,1876565996.0163002,1920434782.1818142,186366090.093387
1576627200,1922637575.8568516,2255291227.7342215,1839054818.1003075,2122031173.5086236,233539238.770949
1576713600,2120557776.8704991,2152005154.76568,1999393338.2724,2075141673.6886394,173139578.3975
1576800000,2077452040.2872689,2119285119.0249062,2029923209.297085,2100265813.370527,205126561.095617
1576886400,2101166813.285209,2110006528.8166568,2054510473.7300446,2070732115.0196714,192929159.591164
1576972800,2071510293.1914191,2205119259.970092,2019667572.4535306,2145211342.8713293,203756675.683783
1577059200,2148807659.016434,2210010898.9261446,2030282285.5522082,2067396735.3522046,159876976.789185
1577145600,2068219342.2749472,2138939891.0732396,2020132603.5838199,2073941303.3968542,175547039.869849
1577232000,2072777279.7018456,2084756715.0040553,1997177909.7280188,2030134155.6530178,154730196.544932
1577318400,2030248898.0413957,2131685276.1586053,2014435293.78663,2039313266.6016097,157961495.747078
1577404800,2041486101.1060622,2079782007.778007,1990773493.63794,2064473445.2286563,163461717.100475
1577491200,2066017959.3178968,2142816684.8619936,2053001772.7466562,2122478509.3826122,165088707.84005
1577577600,2122824680.7566578,2242937014.745712,2098936071.3737495,2191762750.049678,165088707.84005
1577664000,2187979008.432527,2239240678.5397983,2128454452.0024984,2147312003.6748483,165088707.84005
1577750400,2148167848.171012,2185247485.1217585,2093159556.3719046,2125862107.9196966,165088707.84005
1577836800,2123587478.5250032,2158816887.289029,2096729768.6349301,2125349671.6878722,172167703.417324
1577923200,2125510451.5434673,2128655811.6975884,2001309550.57656,2018568780.2338078,157365243.691179
1578009600,2017157348.0223114,2195357885.982205,1973014105.9725285,2122335056.4723818,172417235.683863
1578096000,2120390438.964937,2170738911.657419,2090128411.02563,2143479791.8407521,182239809.234723
1578182400,2146742072.2083068,2234505122.230608,2119432062.8011231,2184005040.7492757,203108310.357356
1578268800,2182759715.2147217,2382055087.2327433,2169956180.3039355,2327487753.0580974,223767783.635197
1578355200,2328149231.2563972,2464970713.49808,2194653411.6815734,2338941077.3406754,192915677.854597
1578441600,2337632063.566102,2427039043.478322,2148820250.3354983,2258176147.572819,183828753.97204
1578528000,2259439354.54112,2308514056.8339014,2171785077.2526145,2234203256.5780177,168297482.561192
1578614400,2235654454.549853,2371735786.25736,2173092710.949933,2347375626.2672997,196561448.994852
1578700800,2346865465.8486595,2406404795.1556897,2262872530.0944,2318954025.9908915,196497976.248623
1578787200,2316605050.2029204,2418396022.473795,2293281201.779604,2386147698.009598,233770980.076673
1578873600,2385763059.1401563,2396056239.902105,2311414822.75282,2357749956.598353,211069372.229495
1578960000,2357749956.598353,2646772055.7704687,2286146364.909968,2585373976.2646766,298498718.929624
1579046400,2585557991.12768,2862328815.396367,2496236703.54534,2744820184.958412,380506649.719714
1579132800,2743353460.8452754,2758274498.541474,2526558568.0135045,2647990637.700442,260898414.300929
1579219200,2649583660.890806,2912224373.579576,2633206531.260097,2805541784.7499356,347859089.164106
1579305600,2806276655.1237783,2870384162.8615003,2709732928.3510857,2766911576.9548078,257640662.204082
1579392000,2763748375.339875,2886040939.4485483,2553278756.8525076,2699735330.18067,265449986.215539
1579478400,2703582984.0107055,2734039893.85208,2604510137.4292154,2688158997.977711,243406483.609769
1579564800,2689692594.3229194,2838811292.035876,2630912210.450928,2810346021.716558,297025483.514731
1579651200,2814163926.817183,2871888770.896286,2708886482.6274157,2764657647.474638,238326054.67993
1579737600,2766343476.7775245,2767723194.4310937,2588566407.1164002,2643189322.3354363,220166985.83766
1579824000,2646684349.8623013,2726650112.2456007,2538208643.2828298,2653042578.8588448,213576275.901718
1579910400,2656702154.7403245,2683727835.4148445,2567715324.5955634,2631507045.056125,207431662.531122
1579996800,2628893966.06304,2741443442.3241005,2602831742.9367466,2715694432.8089776,248470710.969086
1580083200,2718703974.8835,2849471545.661974,2622181706.11127,2744028476.4924645,226774026.135186
1580169600,2743346015.613897,2920449063.1963553,2637252944.522456,2817945729.9802794,253788276.179752
1580256000,2811583734.9733047,2888557428.5874934,2740992486.955263,2781689850.6128793,223006649.990436
1580342400,2782509475.274687,2917135535.8149176,2724009324.2315574,2881760887.9570503,265136964.532703
1580428800,2886824270.551597,2960325709.8578286,2758199632.033429,2834618228.1840043,245918910.929918
1580515200,2838085586.0407,2897385503.9068775,2790154101.918976,2837938012.496332,237636340.850387
1580601600,2838965210.233841,2932018675.2800913,2748591520.811797,2866574274.7452106,257114389.458032
1580688000,2860521198.04754,2977362072.9809957,2798843698.858821,2868619639.7586713,226108449.630856
1580774400,2865852484.0757113,2899231322.161174,2761591279.2843375,2816185461.273161,215043499.348098
1580860800,2819702560.2372847,3111440007.8352375,2807307482.932632,3000562161.463925,300087405.814423
1580947200,3000381224.6724715,3255367102.2203307,2944848227.4390078,3209946570.597178,395589249.914344
1581033600,3209794850.2885056,3522946055.775102,3161188965.511755,3427274355.6937304,485719766.690944
1581120000,3425393451.778788,3502917498.2091603,3241134117.1030674,3391354219.7414517,375339942.976576
1581206400,3393152322.1318617,3797944834.7189097,3381240595.5381656,3796081376.2683067,514179967.404911
1581292800,3794960329.8556886,4122076002.5003724,3563674339.509115,3799148274.838799,738299458.673039
1581379200,3916983205.902493,4150749622.4901986,3623636276.6858172,4014251292.811184,564864558.404674
1581465600,4015033113.65275,4239722921.563075,3913034462.6967463,4118683437.1162467,490790503.3094
1581552000,4118683437.1162467,4279018727.7240295,3816204617.741508,3956015763.688108,465104577.20733494
1581638400,3957489689.306594,4146520454.8343587,3881509716.3299546,4107186046.9498253,467825963.57153
1581724800,4110248825.5083265,4187109822.5085235,3620608148.9073114,3768917647.2732606,451965442.749682
1581811200,3773006334.6365285,3930541460.937972,3373993740.661216,3630211250.7580266,473878332.325453
1581897600,3632527469.114409,3775091897.0247073,3313248115.269172,3645018796.8920946,414806753.755028
1581984000,3655550196.594918,3931917337.456877,3519118627.006004,3752735251.007057,392753496.26166
1582070400,3754308411.070414,3838459432.7844005,3320070748.738589,3483314820.383185,297548983.925717
1582156800,3480016838.896212,3551676299.994054,3249788651.868312,3445094890.2848077,360831057.778749
1582243200,3445444911.3480363,3570390688.52107,3363608943.1759887,3453558592.8573794,394221447.084412
1582329600,3453860213.6951838,3493004408.1120915,3345596326.6547527,3420578216.6556525,328706914.278399
1582416000,3418995017.319618,3617920449.620797,3414786283.454985,3563038870.626573,436737958.890421
1582502400,3564986573.2047205,3662727326.5409427,3330721031.8392363,3436245397.560044,356075465.526782
1582588800,3440620544.5089436,3446978569.2857823,3102605980.1258473,3153879699.3512006,359156746.651221
1582675200,3158221693.3386517,3191656605.519885,2761034434.5212903,2909771218.3680177,436506326.265072
1582761600,2911627673.6225796,3072243165.7963467,2744830409.7863874,2985297089.4681168,402097322.95805
1582848000,2982005994.835722,3079233525.8575716,2770203611.651096,2957574031.0110316,468202399.14840907
1582934400,2958177008.2742276,3193834481.2802796,2874660637.0085998,2991509893.9710555,577918742.81369
1583020800,2992802824.6273575,3130727830.6711097,2864005594.484535,2940861612.287939,381542058.084036
1583107200,2936396331.3472447,3148325362.0113344,2913232348.223652,3100995915.3999867,427311260.36183506
1583193600,3100995915.3999867,3191635125.89982,2984715714.3879156,3059950924.3891554,358417499.323673
1583280000,3059814744.9977717,3164573293.20495,3025615289.459662,3103984444.464583,360797582.470316
1583366400,3105583727.229962,3356506903.555339,3092098364.3194933,3230479147.6812572,422904785.207246
1583452800,3230853241.472631,3397132878.3502755,3198697562.1404586,3326165703.3851614,448532281.111768
1583539200,3326705486.0818653,3376291966.375102,3070957209.872866,3155520080.204402,332655932.543644
1583625600,3157240384.2197266,3173161570.10814,2596244258.5801,2627897670.9818172,360884876.128567
1583712000,2628581329.3375382,2781571001.1220584,2425833010.40589,2583800528.92501,425062019.573366
1583798400,2583986367.3004375,2730745602.3180857,2506282534.4281416,2618439101.777194,361377413.135624
1583884800,2622840752.337525,2674834332.6439176,2397681751.1344705,2577823457.730735,287974669.648252
1583971200,2583271218.0485826,2588557880.593793,1337357487.8184009,1445870279.482963,439917560.126402
1584057600,1445945585.2266865,1924279970.9104867,997987320.6603299,1715502563.397341,691143241.986084
1584144000,1712919421.4886274,1779228041.3939826,1525116219.2027917,1577098603.665509,301839610.542008
1584230400,1575928881.88302,1851616979.474607,1501243656.8536372,1610651092.4251049,336281170.53165
1584316800,1612402017.108653,1627555232.3887203,1273705156.5603693,1469312190.5368698,316156466.747567
1584403200,1474642242.8478327,1685346588.4768667,1431814986.6613197,1598652328.1089606,287647121.583956
1584489600,1603360719.464615,1660487852.4425516,1484067881.1974335,1620221595.4916794,264166338.917703
1584576000,1621369974.0598001,1994034872.6702428,1560824460.6473353,1910879474.1188793,407876235.708146
1584662400,1914515016.6230028,2240295816.270283,1596932139.035268,1852025792.3265932,433046366.058364
1584748800,1850127568.7765117,1965905655.595179,1733648909.762268,1882218409.5191357,384745678.850006
1584835200,1885683055.5932403,1955347129.8229997,1688868412.4907942,1733813847.1142018,308330913.877828
1584921600,1734924355.758978,1986044483.869,1647790163.9978423,1901386844.2405493,356939039.676747
1585008000,1903351555.0693364,2020078259.0562978,1818363888.4665763,1939416609.8653657,332475672.313342
1585094400,1937732174.638037,2039092720.5197504,1832896769.6750333,1921267196.938605,289153346.163099
1585180800,1922200238.3493853,2081008993.5121207,1860332606.5721297,2060387801.8743975,295280820.487663
1585267200,2061737882.6294508,2105836427.6274087,1851211334.283318,1924506115.5363302,262758663.141642
1585353600,1923712750.1377788,1951877221.7863572,1795360152.3297992,1899358335.3628237,258938865.229441
1585440000,1906049896.0222173,1912469008.3096976,1752662339.70624,1755238646.7096376,219177760.675894
1585526400,1756678983.7083411,1997966288.930625,1714988610.3714912,1892725639.438905,305738832.996195
1585612800,1892476091.359393,1995425630.9418466,1865538612.9106905,1954101440.0214639,372425800.801188
1585699200,1955514381.250149,2062632702.9149883,1820878883.9864666,1985269347.373212,328872862.94281
1585785600,1988011968.0729167,2202088321.4876456,1937456097.1279986,2029165681.2681127,400203193.235014
1585872000,2025478453.2921124,2184649926.135496,1965517131.107574,2083696154.9526818,405076413.869459
1585958400,2081981287.2565503,2246452332.6589346,2042308229.5978754,2147982088.497162,414851493.281044
1586044800,2150572359.27558,2191521770.6432223,2068469830.8849628,2128555143.35976,400300821.056866
1586131200,2130347691.5341482,2393216818.7515507,2097756874.7613146,2369482830.7480865,490584202.763967
1586217600,2364367758.637708,2421222871.1252275,2207410595.718665,2290094669.1911106,449990463.416901
1586304000,2291306766.79552,2405582286.6876864,2253608265.7506385,2350803506.1065755,444271227.311642
1586390400,2351802463.976325,2382431911.471113,2263315780.485548,2337356570.0964212,444340410.974126
1586476800,2340154998.613044,2355006512.4872894,2093177940.811381,2139582171.9972005,394559926.960814
1586563200,2136053059.066292,2201780317.267604,2099401860.7455149,2149953199.3506165,363170319.207304
1586649600,2149176577.1681457,2336608031.15624,2118650392.208022,2222679551.466197,426230381.107127
1586736000,2222669899.1688614,2371755859.0478563,2084173240.0226917,2343999703.4670024,458647840.7601
1586822400,2344149955.0424943,2503096183.662066,2286474278.140348,2432660084.4484625,516192930.671769
1586908800,2427213938.757232,2489153561.63532,2247223216.158842,2266335803.868086,425655932.117893
1586995200,2266232854.117751,2548157254.232267,2187037231.768872,2449404917.800228,476936802.722841
1587081600,2451742039.9797645,2496834613.4224267,2361481943.840863,2430637214.709803,397779899.098473
1587168000,2429559866.492238,2621843374.8763165,2429013922.5197225,2589714812.747909,476814282.446909
1587254400,2591027097.148483,2608609497.877268,2464213553.6245074,2501253422.015253,404980282.411432
1587340800,2500395017.2292566,2564987352.499026,2302491953.717258,2335857712.720525,400380477.705938
1587427200,2333126114.7521334,2421736982.1763773,2293440653.0405965,2357370536.7633157,390352739.707056
1587513600,2356077395.199231,2484429059.9424696,2315288566.000022,2448742542.1550946,395897421.200721
1587600000,2448692022.586418,2681697207.5049415,2326174260.9149466,2498798544.0790615,446381351.237732
1587686400,2499212777.2299585,2553483610.679856,2425783658.606855,2478826297.491305,376046196.79549
1587772800,2483563073.9860086,2591989171.6642585,2444748166.03312,2527807692.9988837,361148800.374967
1587859200,2532942667.898132,2588972451.259358,2475189242.2371106,2548296432.371477,401472317.285276
1587945600,2550778768.603445,2600772181.7764177,2489234451.3025765,2557058724.5268545,389480920.158749
1588032000,2560714588.8357525,2586717152.122893,2494413813.26898,2549252465.3747096,362724296.116356
1588118400,2547254532.9927826,2958585447.6825657,2330979860.5387125,2706680443.212251,460423846.263312
1588204800,2705833680.1936865,2979675856.0990624,2487049772.055282,2637167274.278789,499515413.280346
1588291200,2638035121.2320213,2854749993.5356874,2609100577.518567,2718688228.346676,453253411.876325
1588377600,2719921454.058179,2780965258.882715,2654289378.414828,2732438075.8382792,394370292.779263
1588464000,2730108003.8268695,2806449089.5008154,2593246247.99748,2665079638.9578533,380986976.452391
1588550400,2667518748.2710075,2735147196.418591,2509704727.0675063,2649103619.223419,389340542.098298
1588636800,2651003319.4390535,2758405031.9501762,2547907088.360931,2630770156.437895,374052182.040449
1588723200,2632410340.070544,2755358371.0390964,2478160161.435061,2549230321.3018064,365965020.445848
1588809600,2552535544.733673,2840747723.179506,2373607001.7904496,2648323612.2509995,418758015.372361
1588896000,2650336925.191866,2741781428.889697,2572167004.9394627,2664620696.934341,383517309.065537
1588982400,2666711320.4871607,2753687479.0155153,2576373622.882652,2610646677.6156693,365670509.762178
1589068800,2605234298.478222,2646837819.8034596,2118895305.6045601,2389703363.857076,433748183.940746
1589155200,2392496923.7635083,2523786608.890237,2125620790.8430364,2349599856.3231964,404094920.084252
1589241600,2348605300.920109,2571916940.4780636,2305736798.419285,2460259811.002194,395568052.922885
1589328000,2457898642.2246814,2645638855.7190957,2362383549.8821154,2525001950.990479,373318793.446801
1589414400,2526507632.8507314,2695103748.919826,2393261073.456964,2547785940.815175,388539077.486158
1589500800,2552055013.903323,2628162076.2392287,2360289030.7567825,2441281505.603045,341685150.663961
1589587200,2441456781.3247557,2566292772.131235,2409753949.776607,2500256821.6154623,338563918.867071
1589673600,2497253020.712091,2649725759.5428762,2420210770.714303,2530775089.601358,330425273.771021
1589760000,2532522910.860872,2667097837.929022,2456090338.6478767,2584958755.6111884,337201178.842086
1589846400,2586353119.69041,2721919483.339478,2502091427.383656,2680229883.1756287,349257538.47808
1589932800,2677121822.591725,2729921315.2877703,2474940616.80138,2628935862.2097373,305923561.20884
1590019200,2626504325.668066,2702084778.022564,2401287761.72736,2501381743.225286,285321929.599418
1590105600,2501321019.82609,2648039434.233412,2454251260.1104274,2580962222.1950045,306294585.313463
1590192000,2580962222.1950045,2634134705.3049808,2528466212.7333655,2563344156.275782,282438352.067486
1590278400,2563332501.754341,2664666539.047447,2417317873.0866213,2484083513.670474,250836065.73428
1590364800,2481619023.565419,2588901313.744006,2446979781.90537,2547949556.7271953,293951438.457755
1590451200,2547852258.247791,2591877659.3067994,2466830777.048847,2521632855.9408083,266698396.282838
1590537600,2519897655.085724,2648605822.5736313,2449510912.6483297,2563159951.657989,285811244.629106
1590624000,2562154424.5396295,2699167479.63981,2485579553.498814,2655421932.677768,309444740.69945
1590710400,2656561470.228049,2715136740.3708453,2578271587.6196427,2642700281.9359813,299800759.184244
1590796800,2644651852.090034,2807721317.754007,2614958647.41819,2759213867.963423,333939035.981807
1590883200,2759817667.704757,2839788683.8071485,2614330702.1575284,2657101266.767521,304528202.663511
1590969600,2657685120.0141697,2978560283.0233746,2562337745.7088923,2790652237.1721864,343319108.807181
1591056000,2791287053.422681,2898744711.245176,2488623173.978228,2687327409.7430134,287895506.469766
1591142400,2686718048.942043,2766952754.210818,2626359028.7145658,2735563036.2637334,277135401.43997
1591228800,2735282944.195596,2809060228.6400156,2599012252.76148,2724500157.5027037,252606474.146077
1591315200,2723635033.0640955,2819115532.797396,2659531440.029903,2750278490.5098643,264961800.570702
1591401600,2749186382.9469934,2797058976.203074,2683780020.15957,2729790281.828536,247707808.961976
1591488000,2730702108.0316625,2786883368.442143,2583564719.7144313,2709662854.7068515,229199174.184053
1591574400,2712164071.6959476,2750089609.836332,2667719584.7405953,2714258020.15708,200837120.626824
1591660800,2714506834.103307,2756328637.0513983,2633742620.8930883,2704489465.3502274,203308406.738822
1591747200,2705391218.9958196,2779028201.5482783,2608369372.522902,2708516817.899482,217675342.298972
1591833600,2708516817.899482,2764756889.385271,2448588022.1855874,2522640613.1445594,214961453.206409
1591920000,2520074286.620961,2630491328.10555,2498668520.053095,2586343259.284952,219541363.751944
1592006400,2587416649.8708553,2630864616.2167497,2547726497.327591,2614968680.469398,216868772.904572
1592092800,2616626002.2258434,2625359853.715565,2537227107.7024508,2573044662.6819406,200941258.219857
1592179200,2573334893.8773255,2624080798.48943,2393137637.96616,2550536234.296469,205713847.243094
1592265600,2551046784.0235014,2619027519.0931487,2499982968.5914936,2556542705.973456,197409367.962821
1592352000,2556628547.3075085,2603609014.9516044,2469898509.76273,2549508793.766152,190681438.802831
1592438400,2548671271.961389,2585894637.9000316,2458043885.984625,2509720388.9923587,177413402.356005
1592524800,2511046091.7007,2550901420.1892157,2456749327.481085,2480872130.0481243,160942737.939581
1592611200,2476558422.589447,2518080279.5190597,2421885799.703376,2497127136.6068134,158670856.151883
1592697600,2497107068.326883,2545902239.4169135,2467079233.8827806,2482559082.1705427,151904161.26056
1592784000,2483714330.328666,2631453947.3108945,2437822613.920712,2568168735.266952,181287654.360848
1592870400,2568477156.1698484,2583137368.5971594,2522801394.244448,2549179844.039116,166484883.630806
1592956800,2547574650.4120336,2622807437.306821,2429575069.739324,2484524853.1375656,167979521.495486
1593043200,2485022374.331834,2518492167.176325,2398474024.8208337,2472349591.669904,143295989.689777
1593129600,2471948213.6283364,2499661357.553188,2393517920.8744173,2451186086.9086933,137076750.780761
1593216000,2451293735.267591,2469989852.1192474,2295783794.490926,2353024184.6371675,152730475.215921
1593302400,2351790054.479678,2419110622.2144427,2315883238.2248907,2392904064.2847567,158729433.734361
1593388800,2392544066.3190722,2452895218.255312,2350565977.904244,2405786148.5018787,168787217.94309
1593475200,2406659717.495246,2423091108.130263,2363165713.3710604,2393418273.4795723,152253524.869244
1593561600,2394306072.0602016,2494040525.1577797,2374048953.13897,2459802736.196921,159830286.700235
1593648000,2459160704.2872376,2492379207.3521047,2335775698.21176,2391693792.5258217,152483381.777049
1593734400,2391084819.633413,2410765889.3625703,2363307647.4652877,2376655860.4352837,138265590.753747
1593820800,2375226423.4494276,2436828709.438768,2366533251.18716,2420175829.7028008,144574977.772859
1593907200,2421139819.49766,2430060180.970336,2343789105.202233,2409906321.6285706,139127599.943186
1593993600,2410001902.0494432,2551409748.6964498,2383307344.4164486,2538232806.5333414,172041957.338847
1594080000,2538165156.7732425,2656905225.961405,2481726142.321809,2612280372.41219,196645052.975781
1594166400,2612294481.9251094,2752154534.369135,2580910918.0991483,2686853381.4360237,212302160.74701
1594252800,2688163047.2204976,2731965268.338949,2545307180.372239,2617346108.5882783,179035751.70708
1594339200,2618067126.551388,2717689097.831175,2533304862.19774,2689752321.976079,173670545.306391
1594425600,2692061142.5397806,2775268341.038042,2646191826.0626216,2741738997.852244,187782233.220473
1594512000,2740627243.8250065,2919180303.567401,2714145858.2783074,2850175946.0826664,224015107.068686
1594598400,2849075607.3614063,2964460488.3484807,2731123611.5906725,2859965318.389798,261085687.529156
1594684800,2860015696.2645283,2932163256.609174,2740941369.814536,2810868172.771477,203764212.679076
1594771200,2812452275.153667,2826662601.5270433,2695181174.47341,2740575735.8205194,169497603.190399
1594857600,2740853071.622566,2759794830.2491875,2560530749.418161,2669397173.241818,189647202.927159
1594944000,2669856060.049797,2739849041.700606,2621428511.0240483,2655510948.2050586,153592516.065922
1595030400,2652635173.614112,2701606998.325593,2615775116.24009,2669146300.767195,149460280.145426
1595116800,2668785866.676567,2845028576.3072233,2613191523.897055,2802705253.4715085,213588166.084353
1595203200,2803058178.094096,2860959659.929905,2678115506.678147,2717084688.074852,203357458.416719
1595289600,2716888967.518829,2839028166.8291616,2665945353.191677,2755580660.220898,187498617.808769
1595376000,2560630617.579471,2636797387.463712,2499622690.6597247,2618756431.8758254,189728889.514255
1595462400,2618543704.9838176,2734511212.65888,2589242234.4439497,2713967103.651495,221202353.372163
1595548800,2712193177.366815,2843646365.684124,2627274367.6206408,2773004021.9680433,248125616.442854
1595635200,2774108831.2149434,2928689234.239554,2762005045.6358557,2867763246.778896,257203206.643583
1595721600,2865252017.4225287,3057248610.5471997,2707906412.314656,2828057962.0130467,248825115.509851
1595808000,2826086163.36156,3269053424.5030446,2474515179.84132,2855464229.451357,325537581.929555
1595894400,2857889627.30303,3057470829.8600235,2702535222.4456067,2922133406.3107977,327760422.900469
1595980800,2919851651.2528286,3059043085.885368,2769724334.691108,2874989395.2297034,327760422.900469
1596067200,2874197327.703015,2927927756.210064,2776006784.250624,2889356240.1270647,327760422.900469
1596153600,2887418938.3254757,3110653911.00576,2822330589.1759677,2987893693.047015,327760422.900469
1596240000,2988219929.993479,3168830487.384899,2888356358.708352,3126520932.549294,327760422.900469
1596326400,3123213156.89678,3313441732.7088003,2718392999.08117,3027046538.53184,327760422.900469
1596412800,3029377200.6259236,3323863554.1439996,2959525206.8649073,3189399123.557687,327760422.900469
1596499200,3189399123.557687,3296596707.4848,3078044700.9150186,3220719050.797391,327760422.900469
1596585600,3221024075.2866297,3538982935.914909,3145396880.9470487,3366209466.652435,327760422.900469
1596672000,3365166406.5170302,3416173563.118392,3203598869.126177,3286664958.0146456,327760422.900469
1596758400,3287055161.57974,3361233661.36704,3058095468.3776636,3226677532.759534,327760422.900469
1596844800,3226927860.0872283,3335187871.091134,3147044393.007072,3312718762.7102256,327760422.900469
1596931200,3310195595.5523562,3333652499.389344,3179590887.906432,3236544481.6631737,327760422.900469
1597017600,3237316884.6265535,3358553475.61344,3107997263.52144,3269361904.063638,327760422.900469
1597104000,3270220839.481154,3301714505.574545,2963277630.09936,3075319929.3472047,327760422.900469
1597190400,3073662502.765992,3212578443.762,2955882425.7552004,3106409080.17456,327760422.900469
1597276800,3107051025.0963845,3181951796.965354,2964498511.606309,3148550970.474017,327760422.900469
1597363200,3149014852.2877154,3411169854.1534076,3066082338.4564004,3341593818.7292333,327760422.900469
1597449600,3340571139.9913,3470464510.020278,3208877614.103304,3335440246.825882,327760422.900469
1597536000,3337412577.6155424,3461284711.790037,3236683936.2334175,3398257814.371914,327760422.900469
1597622400,3398887228.9921207,3566342385.3023996,3180632663.4010797,3396536408.17548,327760422.900469
1597708800,3398400391.734019,3478204936.4413447,3216930005.481696,3322417235.801664,327760422.900469
1597795200,3320166746.2079997,3365741509.396801,3143939680.848384,3231720713.091595,327760422.900469
1597881600,3233163184.443173,3392238183.0187206,3179774246.691927,3334889168.4322786,327760422.900469
1597968000,3334273334.0937877,3374777040.4193716,3134716390.539216,3189636905.1322618,327760422.900469
1598054400,3189215758.129491,3239420167.039393,3069547717.2624,3208035167.893248,327760422.900469
1598140800,3210745254.9023814,3231215467.751664,3087502281.6257668,3155286406.083466,327760422.900469
1598227200,3157402060.3839264,3322733822.635349,3125207662.613388,3266858504.286547,327760422.900469
1598313600,3262674035.397427,3285222546.447384,2988854324.3294997,3090991495.31212,327760422.900469
1598400000,3091214997.388416,3285697766.7753596,3067233503.941939,3210128551.8140254,327760422.900469
1598486400,3206850274.955962,3429490693.6260633,3109751686.5449395,3337861315.2244797,327760422.900469
1598572800,3338527119.8645864,3454221189.8193116,3224647727.43696,3334747792.24394,263166343.85589
1598659200,3335372158.8440285,3411699595.178112,3266139174.199724,3315168265.0493007,212544399.36708
1598745600,3315333924.067143,3459776993.944488,3268032295.680721,3411294069.0661564,229647400.154157
1598832000,3412669362.6304283,3476557028.99616,3296921110.034732,3345078682.8900003,215382880.23885
1598918400,3344730622.0689373,3702565064.5308003,3218429797.5731997,3569494647.6531653,448862935.896387
1599004800,3567996380.0617146,3794008457.9691887,3334726961.020034,3572005237.1440644,582412930.936519
1599091200,3574907824.3071604,3707614160.4775915,2880153839.9596786,2948279420.3711996,570205633.006841
1599177600,2948132703.30624,3199916627.479884,2792200333.7198405,3037739945.095618,492806535.506104
1599264000,3037507682.162141,3114106778.716214,2591621210.3519998,2814556524.113189,397556032.938858
1599350400,2812465624.4184623,3397608919.306764,2665311877.92,3347311722.9725795,744696662.733245
1599436800,3344225705.8315563,3439702576.5155225,2897417119.43424,3242962475.552101,553180069.670895
1599523200,3243074979.23724,3484627882.7532477,3030850302.052943,3359306019.786689,548216141.326629
1599609600,3360571150.3517537,3585991196.020802,3230990122.470036,3542154991.206413,457948461.175601
1599696000,3537595373.713705,3737605605.12792,3427479304.32768,3547301731.8365397,455237196.733429
1599782400,3547185398.6338353,3727914726.377472,3329317804.355856,3670713270.8906426,417780626.888605
1599868800,3673033558.528642,4139143893.539067,3622642531.866,4116771416.3962555,686055318.266197
1599955200,4117981613.550643,4693566265.374807,3982471118.594851,4499466993.889936,1138918925.10453
1600041600,4501823091.466685,4917945751.308037,4087829711.6955776,4516775748.72312,985644813.20364
1600128000,4515189081.64512,4634528299.821885,3805676303.2486863,3913383810.1330223,872227850.767417
1600214400,3914898593.0695195,4189533227.1792,3726266903.1213117,4022321526.3216443,665260012.072096
1600300800,4021020365.3090134,4180631429.1945596,3721956627.2371197,3913351954.0458865,507802542.08292
1600387200,3914232026.829216,4161375079.549004,3812479154.771858,3992435751.7492228,475156556.751231
1600473600,3993844685.9768987,4132206131.6312814,3831009440.3638844,3925155492.9711795,331268085.669426
1600560000,3923534253.807464,3981071928.055404,3593069652.517963,3803960527.75284,338664613.422945
1600646400,3800435648.967517,3870361466.394543,3173656968.200486,3336625613.4166846,470055444.41507
1600732800,3339493407.985246,3567562422.8974123,3270824656.8833475,3474474403.3641024,340812134.620278
1600819200,3469513233.9723763,3528565920.9076514,3239035519.0834746,3293955970.715261,307860869.5498
1600905600,3296837169.2451286,3608958486.8167915,3254072909.1994944,3552175205.0016623,334078482.154631
1600992000,3550181893.9605255,3638220372.9192452,3421251237.123408,3565125932.6002393,314343017.12501
1601078400,3567372191.803728,3857103405.3902397,3528532564.147544,3783515090.303837,340620074.992723
1601164800,3784220371.9428773,3898433533.274323,3633233308.9764,3789869112.3754983,306875075.224784
1601251200,3789944918.59917,4032192171.6000004,3649053596.369328,3896124732.3117313,364984808.152888
1601337600,3892103635.3293557,4211762595.3993597,3861051948.906707,4171577489.65694,429674088.881461
1601424000,4168729151.7062397,4307737938.9,4017223218.640896,4228240315.606485,397234988.077663
1601510400,4225994877.7875094,4298901360.982932,3767957048.112,3968276167.324153,433984611.760274
1601596800,3963658758.90376,4097627087.251488,3698934467.00256,3953914441.4949384,640133441.4475977
1601683200,3951015173.372217,4124605589.967602,3896811021.6,4076442640.278478,492408275.7365633
1601769600,4072390786.864921,4241698736.0917783,4036877852.698237,4185641016.661788,517168414.15386117
1601856000,4184279753.494479,4274957573.533336,4038232615.69306,4135211306.08104,425776800.532223
1601942400,4136115344.8658805,4214272260.3994627,3908064985.8371997,4002898355.763065,503899189.22758585
1602028800,3999543929.7157493,4039381215.3628416,3861663788.093309,4000257396.7518296,396139657.9676946
1602115200,4001012743.2787833,4110085532.164992,3811392493.3861647,4004285621.208787,433086080.2297147
1602201600,4008108551.2349734,4154766852.977919,3941964781.0373373,4100714355.097728,464852622.8501955
1602288000,4103693618.100799,4325739450.124835,3980087252.5030527,4101950099.794273,425117786.8219015
1602374400,4102519391.320848,4172057011.2787123,4014072507.2165856,4120923642.4774714,407815148.84446466
1602460800,4121089065.0816984,4605165676.822774,4042139578.2725205,4426386361.298352,718711971.5183035
1602547200,4424690395.483835,4618178248.777869,4313312455.683126,4439570584.711378,600104786.0603195
1602633600,4444183714.682963,4572386096.534688,4355951880.711176,4456243634.534109,460086715.520905
1602720000,4456886989.590001,4659918609.965874,4370107433.772738,4531374754.5406,501193948.05774057
1602806400,4527577884.965007,4623700549.893509,4229379355.6392,4337197656.240532,551942265.7305226
1602892800,4345127129.670911,4439659963.708183,4278763266.566662,4367981283.990246,374314081.88130546
1602979200,4366894847.005577,4521557527.209294,4353964626.06878,4433219043.649239,443733166.49963397
1603065600,4431852452.015755,4556546860.01424,4185082296.507379,4323664235.235825,387159046.55033445
1603152000,4322018451.856476,4473827874.449023,4008199335.4498367,4165825174.599929,491034899.0525213
1603238400,4165902053.4760075,4683255530.43658,3823407372.9024286,4298990329.075939,510979365.8449763
1603324800,4297867627.27163,4644798099.339682,4223967674.7146254,4427125633.358092,529397381.7880641
1603411200,4430125422.039485,4520092511.674066,4320484869.486813,4430483890.965594,515292498.772754
1603497600,4430510420.905743,4530013926.028554,4315338334.892772,4429202920.436979,411137785.72544277
1603584000,4426086458.041489,4592879752.905867,4288579924.214084,4355405716.469405,391717318.33709925
1603670400,4354953856.932231,4601121555.2000475,4242712030.7297106,4487288117.862213,625055363.2630333
1603756800,4486728354.276978,4821991881.078905,4273552526.2163267,4548910350.816661,716905385.7664651
1603843200,4547244180.985481,4655071016.014562,4219705155.786139,4383316405.582172,477942436.85479623
1603929600,4383101188.975321,4519057472.738992,4119172918.2515817,4313273702.882849,427316697.51425356
1604016000,4311472092.982949,4433122151.901105,3944716240.9950805,4116292387.7285075,535573624.30400205
1604102400,4116937392.051732,4320062343.687573,3955807171.883635,4122342973.8207994,358890094.15021366
1604188800,4119370779.500316,4193794525.4123034,3997927032.93606,4119522035.553213,335392013.98954725
1604275200,4122701752.498982,4294139705.3305726,3908216853.6926255,4018056990.553118,394545257.12263703
1604361600,4021549713.0518355,4171297846.9351583,3670723816.3852897,3884660528.247177,458302236.864208
1604448000,3884660528.247177,4002297583.7124147,3641026358.1792936,3897136310.401216,383971235.76661366
1604534400,3900128878.754564,4566592793.546875,3587258253.8100424,4002839043.6216507,298710460.72170544
1604620800,4002778816.8437357,4365536841.641798,3896654505.4199142,4201976318.2604446,342035859.3879843
1604707200,4201797203.4382257,4387543841.514315,3819593175.405967,4012476560.309266,365154458.7889359
1604793600,4013293509.6689606,4256846757.188248,3856350295.3505254,4108210959.1730704,319616311.3746934
1604880000,4105460111.6623545,4263718962.02638,3868172070.1543007,4056355816.4584227,336261024.5061465
1604966400,4061814155.72045,4139606149.141416,3957012485.0712695,4077142566.3062716,308208045.6407543
1605052800,4078149492.316476,4281962093.987887,3895307554.8115916,4049182269.6408587,281890443.46248466
1605139200,4047663944.546388,4241370307.2056727,3773174740.572557,4001035037.150466,266140441.61116713
1605225600,4002447333.316068,4183837046.9632955,3879985254.3561745,4076055499.2757783,283576009.4231459
1605312000,4076923829.2118735,4139222738.169701,3896724143.4622164,4038024029.9878287,251523550.58456305
1605398400,4040807584.5737433,4132812233.453835,3903248230.003306,4001893173.571834,257795300.48768842
1605484800,4001893173.571834,4253684489.6092644,3813617595.814285,4040778859.509462,274934252.4132562
1605571200,4041317687.7535315,4448878136.883941,3811039180.5677757,4129799338.5773816,319699560.55808187
1605657600,4131597635.2131476,4336432285.871853,3791508746.1387725,4059368641.4421015,329744770.59089774
1605744000,4061225507.790496,4190718562.270036,3878438451.2770486,4066071768.2916245,281553312.83880055
1605830400,4064592543.872835,4347594982.922199,3932491856.078506,4189876275.190759,321574868.41490513
1605916800,4189030241.916481,4489328696.215694,3975971142.7332354,4408892956.576001,417888710.149249
1606003200,4410852188.692035,4514488597.16884,4093429242.945504,4340924343.649901,427226005.9821415
1606089600,4341376838.720349,4579861088.72678,4233708053.4952297,4481624616.3001375,431709290.35370713
1606176000,4482494936.447454,5317820477.088125,4358177844.308562,4901932964.708628,841592012.155413
1606262400,4900878901.797627,5194411434.054309,4390409690.799968,4520468869.684938,601654785.1639323
1606348800,4518945996.650239,4619826734.5816,3770596823.528682,4080075706.1611733,660446872.0023323
1606435200,4081534294.44919,4232425680.634502,3870761260.8739786,4112658171.92685,362523921.0210548
1606521600,4114342044.2695174,4408047581.940046,3984513316.5947585,4216590419.1934566,338694039.8489889
1606608000,4212203861.238638,4440703733.752741,4086384109.8066273,4348816067.183568,348135476.2455877
1606694400,4350732705.140399,4775788270.49972,4102937757.930917,4546617993.125956,385616164.3369755
1606780800,4548242429.316628,4714816738.418509,4100203354.717323,4363442200.360047,471292526.34112155
1606867200,4363855963.569171,4544426462.117764,4159300873.3262825,4377612890.406138,371992479.0551268
1606953600,4375309387.850282,4512191301.784598,4240727341.036649,4440201439.790953,324683854.213543
1607040000,4437427788.029358,4535402959.672183,4145595302.083383,4198896819.6123466,361843907.68963623
1607126400,4191148367.8928237,4359879857.725442,4095709422.542115,4295987372.836633,308155969.7909828
1607212800,4295159471.827766,4398578581.355112,4120262500.411146,4264633012.2349105,248658476.027418
1607299200,4263114818.8392224,4331285852.651218,4129680127.351195,4240939093.618917,239390311.87263805
1607385600,4243069129.5263705,4283255312.0701513,3877217279.794116,3993440120.508183,324314154.05425364
1607472000,3992323832.3768716,4152366425.2170177,3827182793.193905,4067249516.432881,323476163.4490455
1607558400,4065000726.7792263,4118041943.2509937,3886807136.973592,3998524552.1942687,264324107.7688644
1607644800,3998788098.5001087,4033465234.8620677,3818429749.5074205,3950108955.273133,277308859.3315548
1607731200,3948444647.42015,4184172753.2276154,3869507713.295685,4068314458.0677404,238128245.0378598
1607817600,4065868556.635401,4271446340.7852855,3999252521.552488,4205269018.4662423,260413635.73158005
1607904000,4205168485.2178617,4388531345.564112,4104780005.425526,4335051596.692269,336491551.52150625
1607990400,4336721600.517639,4432996562.092716,4146224281.610544,4261143473.467641,298492581.4755866
1608076800,4263037846.243285,4732939248.8793545,3946900822.2931232,4418834343.224302,345627592.6808965
1608163200,4415281320.877951,5015393494.197142,3964797264.2828794,4365905772.967651,478079563.48412734
1608249600,4367911639.7384615,4556470305.475297,4213284011.772492,4479626757.595162,359667366.58707756
1608336000,4479100121.741435,5082056287.113628,4381950398.939666,4813087385.668635,535418210.3987293
1608422400,4812275648.230536,5303545748.035577,4646303688.064295,4953527322.748507,577325940.7908081
1608508800,4954544126.167477,5225458989.054371,4437766792.828344,4632477636.55035,587279134.9026663
1608595200,4635829495.503139,4958086977.959744,4383372548.109325,4843848944.774491,564995604.4930522
1608681600,4840249343.514296,5056077414.531309,4281975135.199995,4505593234.751513,585090360.0855255
1608768000,4499589013.418136,4757618334.469362,4355208425.482179,4692565289.719019,489470510.6152042
1608854400,4695678010.3961115,4991971688.661808,4453722745.374013,4792694693.888235,420444059.55637157
1608940800,4794413496.445105,5327526694.330649,4427933501.133577,4854200873.210355,434642815.43335474
1609027200,4855413218.41988,5301121988.46122,4318262749.125638,4854214119.913,567462180.8282228
1609113600,4851491219.259608,5345610363.469997,4729801467.59887,5179255043.451963,611373175.0686675
1609200000,5182767133.036595,5948268267.63233,4928457324.98798,5634552234.405126,928500656.0758485
1609286400,5635737956.676675,5986900822.298511,4972458867.645444,5506091083.505409,504640785.5826716
1609372800,5507944434.998112,5598607708.518385,5124817139.719762,5408023805.747879,404231698.1377697
1609459200,5408880896.954559,5715354636.743599,5289538389.60782,5464941810.718237,454130375.21919745
1609545600,5466877609.548414,6199311665.700406,4795736111.226564,5529232761.251549,525224601.5461087
1609632000,5527833646.083605,6353045345.284345,5052284192.809851,5969172256.257152,758330945.7155768
1609718400,5965852267.399135,6709745262.1411705,4886465800.356732,5934929218.1474085,799514407.6055869
1609804800,5944820646.046307,6470655824.74374,5071302329.07934,6055357818.646795,645221130.7225691
1609891200,6063355340.63646,6591671780.589954,5452827281.071175,6113725560.0718,638853394.1752568
1609977600,6116977478.276327,6965666640.766727,5688685777.483147,6305800363.109168,815847642.3216594
1610064000,6310951352.501206,6756494171.3892,5393690062.066087,6128636719.596832,657106650.1867926
1610150400,6130413759.009208,6564339263.144367,5769862859.395037,6355835832.829247,589770946.3034025
1610236800,6356416911.256092,6846987264.80999,5269076646.65338,6131043724.83318,703786966.5314968
1610323200,6129622335.386438,6456743747.786557,4682790961.2447605,5517843800.059224,890609257.9431962
1610409600,5440521968.745136,5953357752.608343,4952364691.217058,5447814610.585231,566475193.8170396
1610496000,5447814610.585231,6183953645.06304,4895098394.936591,5713809031.660106,537326411.3611747
1610582400,5713809031.660106,6262990994.157519,5429036515.324503,5958638983.942898,533603002.8278934
1610668800,5960714302.668037,6472325507.022429,5172068445.968952,5829001924.140185,565299431.1601446
1610755200,5830410034.519092,6467979492.32747,5528921202.201705,6136583526.6119995,604516532.8209599
1610841600,6139399306.051879,6830442121.484057,5699353558.823002,6528126969.6850195,668561972.0033579
1610928000,6530443162.557389,6974635729.316644,5935188670.540662,6453979129.498337,588891280.5831287
1611014400,7026120799.783672,7468239198.081368,6376566272.06429,6590312976.28649,749912356.2773224
1611100800,6569109876.311657,6895392324.811823,5998573291.0817995,6584169264.341579,684732622.0054389
1611187200,6587741718.95893,7073418906.828075,5543048134.264228,5963025060.325591,628635879.5455445
1611273600,5967725513.0991,6723130046.702583,5360235444.1152,6321960094.212004,555154774.0600687
1611360000,6325981004.82582,6625299121.16367,5964100996.85008,6327590280.042113,471397740.58986425
1611446400,6323825345.414544,6675341819.083658,6039894747.077233,6471618623.106141,449110939.511405
1611532800,6471165749.9445505,7072898687.660651,6091568324.669522,6460102278.3958,500193073.4774279
1611619200,6461686165.884444,6708168638.176066,6011104570.963349,6471150927.932478,547511002.9649447
1611705600,6474559256.060472,6825034818.369882,5767826079.444279,6332116578.539311,521345873.6194129
1611792000,6336444295.144744,7140903172.217759,5838500098.3911295,6595430721.903677,531226841.780443
1611878400,6595659719.09272,7897528712.16111,5619280760.536905,6622745817.990031,653123940.897863
1611964800,6627441776.332021,7190195914.187372,6271772728.88001,6930244003.366563,533899666.4665844
1612051200,6926698479.177654,7210626621.370878,6467974254.8028965,6861179436.266978,513209117.4453609
1612137600,6856795811.863393,8352399920.847906,6556920181.570318,7952673748.541916,1247745734.2861373
1612224000,7944235543.612254,8592175423.481672,7204390111.323674,7890374892.566024,1013365613.2998846
1612310400,7885863312.852999,8451984473.613707,7502297769.84496,8074632659.120644,712658077.3640214
1612396800,8074926152.576432,9121992316.36164,7627042217.166484,8666047427.48355,944703165.444423
1612483200,8658654941.273996,10782722274.207268,7922797887.820934,10464229569.19252,1421306756.4883807
1612569600,10460676551.3998,12044317236.351349,9358135050.695665,11283001019.378468,2108134456.198869
1612656000,11274834995.51555,11665692532.217585,9937283911.683794,10589632733.372032,1500166870.4900985
1612742400,10594096129.60816,13823530903.975796,9408783797.918924,12355974300.448404,2113048161.6919794
1612828800,12364427754.827826,18421769993.69813,11681287750.935,16623992398.421963,4433537103.943083
1612915200,16619953041.229603,23311985586.359715,15620119239.663845,19912844496.411182,7023130001.330979
1613001600,19930173273.64629,21943653220.002647,17119239399.108253,19184083666.32984,2807600209.335453
1613088000,19211659776.63483,22474011988.120003,17946305530.35447,21166970231.05562,2978055849.8856006
1613174400,21180390990.057663,21779451405.183563,19149370672.60487,20619294311.359104,2123393647.613907
1613260800,20633200778.803436,21932897335.454212,18917186523.339943,21022776832.914726,2318561419.1221585
1613347200,20993353507.546665,21680833021.214405,17880242158.99845,20099800013.03316,2417552983.115368
1613433600,20074230034.825886,21552012668.924206,18840956634.770084,20105406350.59123,1927373562.4565363
1613520000,20098523389.880375,27542961786.34616,19154623296.053497,25577102700.875935,5182529815.905264
1613606400,25560095033.03249,31307282288.26506,24666316416.70313,30236167050.061375,6111872040.018534
1613692800,30224982265.022285,56913178362.22914,29631029757.87331,51568939947.10667,18080308050.46557
1613779200,51597309753.09416,53248081922.85851,34262792744.301003,39227983161.86663,9556497520.2229
1613865600,39213102399.82822,48901693636.53544,38480229185.61443,45638102503.879196,8589009305.245286
1613952000,45612867379.82759,45760511957.72871,32643944376.5094,41370797629.10394,7842593160.567793
1614038400,41374138633.78789,41649613216.36487,28489780902.49005,35778720374.52042,8157382225.2458515
1614124800,35833262316.41934,43710755474.09081,32941521979.2725,39368062413.89227,7146085656.523078
1614211200,39340379409.39657,42209823309.4148,34832581223.18339,36291232581.981,4084052452.011939
1614297600,36242137024.15411,37415682853.61518,31925157198.535988,34294961974.933823,4194709053.555958
1614384000,34273228799.91643,37012124410.56588,33068084330.187496,34818060916.59263,2738473506.2413144
1614470400,34857288998.85205,35474125428.25491,30082236303.775276,32556673922.167377,3156587361.8488493
1614556800,32573596583.071125,41545526300.99401,32346362191.849224,39415134563.47422,5021464990.658383
1614643200,39426643854.071976,40997532407.2215,35046546137.282036,37099969296.80336,5869392659.526644
1614729600,37049786669.44655,41089763909.15368,35357122456.257935,37197443436.58466,5832941699.463933
1614816000,37191649353.90092,39571506829.94406,34646250397,35489125118.41558,5588743834.140265
1614902400,35482192897.28886,36476247326.3012,32853042100.668316,34829329838.3973,4965337763.806747
1614988800,34854669765.65648,36064892269.857,33413188274.01332,34995907115.42507,4489085386.784139
1615075200,35016294416.04913,38285660729.71155,34138372766.68655,37079192147.514206,5045960274.041551
1615161600,37070036151.08804,38385584292.01963,34582983414.45161,37206770362.96059,5008233407.416182
1615248000,37208390725.749664,46427110314.12542,35775945446.76238,45375240571.34889,8702953833.300833
1615334400,45354288915.13961,47746157679.214615,39766191069.22704,43025584462.80333,4592908065.169716
1615420800,43086642639.02503,49586710370.17155,41529154239.78508,44808928540.345985,4657520241.312189
1615507200,44867743463.8015,45788427347.544754,38013085174.14546,40681074369.555885,3962938333.210188
1615593600,40699990334.9454,45478650494.81461,38903231387.954185,42663614972.927505,2909494545.8820643
1615680000,42673764317.53109,43171091660.04911,40122932230.06244,40716093150.74688,2061143458.971428
1615766400,40675050308.554436,43014168124.29387,36487360178.8014,39310637365.25903,2498381211.04846
1615852800,39294329574.23538,40778655261.20319,37009752077.182495,39959984782.120834,2424804290.6377034
1615939200,39973176769.706245,42261564809.72927,37637696049.03,41702000504.242805,2265242835.478042
1616025600,41724300578.764114,44078811220.08712,39138224844.6585,40395655446.64965,2453504735.843603
1616112000,40387609760.711586,42352627230.96442,39079983646.265495,40677473622.149055,1863449136.9594383
1616198400,40633663968.26044,42972564318.35631,40298643809.89495,40868624599.57416,2008655661.8318195
1616284800,40816285127.694145,42598630023.601295,38730072852.916504,40929109632.85836,1723778331.6152883
1616371200,40946067621.65662,43809845162.19229,38124416140.18645,39408964288.65118,2332916829.59901
1616457600,39438048862.39218,41492005992.95345,38036481731.40675,39491431247.449585,2018557628.837875
1616544000,39487821435.6132,42080342210.01488,36732192057.36427,38390342573.43381,2384027039.142225
1616630400,38387736679.97185,39124387767.99781,34584412557.754395,36174289503.49177,2326429060.358432
1616716800,36153085044.317924,40376792259.614845,36039768479.87756,39454254623.76266,2085534163.6218007
1616803200,39453324645.77158,42904960564.972084,38142475988.074814,41620357401.136024,2466175168.819838
1616889600,41604280029.466644,43624523241.31084,40296357348.37127,41522994702.672615,2528477306.4780993
1616976000,41523380518.49562,44380168321.11105,39699783825.6456,42494759982.32248,2065937091.7841911
1617062400,42520155759.58456,48640723644.25594,41591452880.34227,48111790690.80518,4008246813.525872
1617148800,48124010211.45576,49630518798.30612,43880909080.18191,46769945367.42335,3565718879.4120636
1617235200,46781268198.14461,52896496738.96813,45712723432.63416,51720271777.549644,3676073692.8319016
1617321600,51752051442.15784,56313406817.9787,50195985943.40523,52317206654.17658,3980060973.015638
1617408000,52277093919.1646,54417249860.61871,48494965261.69479,49767973730.99863,2975851655.2750044
1617494400,49766838983.46857,54913630690.13767,48818719277.21867,53952552121.21662,3162503520.0708933
1617580800,53951252851.12967,59441972837.05824,51809848310.88879,56877188109.29443,4088821799.2443886
1617667200,56899034100.66245,65225247483.91604,54657916714.22861,62352165668.42007,5291453970.560062
1617753600,62350291927.49538,64398530569.87521,54587580190.24821,57955236777.53483,6047931601.662072
1617840000,57956512120.07442,65548379963.17,57457057169.70892,64707705379.10093,4554504281.147326
1617926400,64671131795.19129,71051953423.9646,62171050456.78316,70070528186.65184,4649764923.052817
1618012800,70111959410.06606,78630934741.80382,67040686447.91397,72842091594.12222,6173303724.798174
1618099200,72850644780.87045,82919881255.95564,69303601965.67604,81251822233.70076,5636742701.886574
1618185600,81230291592.133,99465773540.19485,78732064093.76295,92188624085.3375,14427392841.86727
1618272000,92161829716.83142,98793328016.16663,77876086149.939,85179358846.99823,9434416371.55656
1618358400,85239496745.40631,92309776041.62984,79162596882.0809,84989267648.6132,7377299182.806272
1618444800,84923861867.88023,87356214165.29416,81924040637.80423,83831678244.96468,4643971410.036024
1618531200,83248512404.53308,86822392183.32732,74722893433.76082,78117024567.43098,6880483278.422712
1618617600,78111356049.0436,84467458457.82,75620581988.0376,78956997351.00551,5218887999.080957
1618704000,78978738303.51976,81523196466.60373,63831887399.01102,74032115405.44684,6720325822.453744
1618790400,74006109731.70552,83315959915.87575,69989676423.93617,77397180898.48872,7166750326.416939
1618876800,77414271650.79594,91262346605.75336,71351498480.2083,90162260566.99088,9232426974.34975
1618963200,90146032276.34096,95949262138.94998,81379079855.69278,83504221106.5027,8564502701.06969
1619049600,83465736094.51262,90250385490.9294,73536566285.80022,77476277588.34377,8401166046.53467
1619136000,77489726642.14102,83304470420.50284,67165025192.107864,80901812946.19862,8884671865.778854
1619222400,80903583480.81741,82491122020.69484,73994865899.5852,76309895695.1301,4102074783.846574
1619308800,76353465081.766,80634881596.74217,70529661849.40858,77590044555.42787,3424977490.598714
1619395200,77571275796.67067,86925679535.1767,72813063003.5229,82236295154.35446,4063947980.5012126
1619481600,82201262867.77837,89722779611.1797,79929568167.6796,87393972252.79913,4049317361.77778
1619568000,87386306357.46336,90622935239.16766,82601305429.44316,86409199759.94308,3645649341.492144
1619654400,86427040232.94923,95761712746.854,82308610405.13686,92101339819.62833,6572614673.838654
1619740800,92138820651.28223,101825256377.2817,85817149997.86302,95681018394.38132,5747795703.549041
1619827200,95711556129.67868,99249413584.46803,92375059565.879,95265733407.88509,4073387996.3584785
1619913600,95291452056.77734,98531744744.60074,90993048010.40137,95466552009.47945,3764650709.648905
1620000000,95460596711.42873,108112404354.6146,92942865795.59679,103860047759.98148,5237466756.895867
1620086400,103858962049.2396,104342641312.6712,91729321656.92291,93564047304.86882,5736209105.370808
1620172800,93522846790.67058,105076263082.15479,88296294909.1034,100066643043.85905,4273631166.6423674
1620259200,100051343095.88382,101873532354.01314,93918616105.37924,97361246046.76074,3969195924.860311
1620345600,97348640633.62108,101316181523.6762,91551551594.36807,95883375122.40987,3970919868.0346503
1620432000,95903215597.83142,102591799155.63528,93035984773.14452,99328136333.42027,3970919868.0346503
1620518400,99309761967.25047,107355662474.24805,93969298184.9641,101685316657.69774,3970919868.0346503
1620604800,101722216855.54099,107384725601.6455,90116484291.01585,96969009688.67873,3970919868.0346503
1620691200,96957417710.56404,104252280998.77272,94245665024.21504,103234554286.11247,4839595825.41193
1620777600,103209177837.45969,107468263919.17012,86270028000.39368,90837383921.36543,4348941927.594959
1620864000,90980244622.41116,97945553037.10274,78206884153.99072,87637827925.07924,7492044867.580755
1620950400,87653411668.67812,95730862377.83646,85706511949.3358,92576819842.316,3744007179.35542
1621036800,92587197382.94046,94726864387.40558,84923573074.99226,86424829312.08409,3483417839.3727117
1621123200,86446006121.67879,93988921242.13478,79216439210.07323,86561838887.9609,4010869302.8043966
1621209600,86642576254.19553,87013712814.10612,73958135061.35724,78642761967.21446,5161030808.115313
1621296000,78636764688.77238,84351475584.14548,74527245505.98909,77981515520.56113,3529786218.5851035
1621382400,77997199290.90137,79660345950.45657,39396887287.28589,51496402085.01282,9009282121.266127
1621468800,51519741728.06842,65505548210.54871,42957835636.266,60150880088.98515,7093255370.024559
1621555200,60152308479.06065,64634271832.9058,41887779815.51942,50106874665.10552,6176621412.29989
1621641600,50126449426.20321,52858575010.09947,42198285949.22766,46029300852.05998,3899814722.8709655
1621728000,46019732258.38345,48213118168.80105,32367207323.90172,40072916965.94724,5308538546.877141
1621814400,40064755944.18717,54896756211.49268,39212783374.73539,53116136205.17134,6077922603.901996
1621900800,53116927450.56595,58123437143.97067,46748908417.07945,52757624569.69475,5647501729.01531
1621987200,52706080972.06489,60686710467.60227,51469888868.90376,58247524607.01589,4487906644.685643
1622073600,58241943820.6384,59978719565.74912,52026047951.40726,56762233885.64081,4003090007.9736567
1622160000,56791568995.86312,57442326103.77874,47315489897.46562,50498537252.81401,4481288731.056079
1622246400,50490469351.01348,54339847424.78427,45193116504.69456,46828373131.84841,3366693637.297256
1622332800,46878725200.67035,52368411045.66726,44586815614.74251,50004816167.60825,3249513109.490391
1622419200,50001809482.74966,54763765737.85574,46857106561.10247,54295446021.87389,3862290459.85786
1622505600,54276663930.02808,57593456560.64278,51452153125.35726,55589276259.53528,3429631275.7003584
1622592000,55584783898.12761,64539705777.53928,53717506222.49609,61622064156.05481,4517361613.340325
1622678400,61612801666.37794,66598333709.54052,59840289966.87625,65740283991.00137,4366130870.978993
1622764800,65757649407.37335,65897692471.6851,54938210979.72813,59979261905.01015,4979842870.1937
1622851200,59974077265.49509,65511232206.24948,56559403450.0368,59885241224.57452,3915562903.798729
1622937600,59906604654.21824,61895754487.68479,58041161232.43005,60416280461.90366,2106585253.2118852
1623024000,60420908950.51189,62697946233.18274,53696703636.88794,54940861916.98964,2915605819.7718387
1623110400,54932491278.27435,56447682344.77325,48595868889.3874,54136110912.30405,4517951034.578147
1623196800,54132125093.87895,60940700231.21426,49470899705.19453,57639058721.73343,3535170376.0793405
1623283200,57651337350.0368,59301598347.81373,52408841650.08241,54019624335.45973,2516860408.2148
1623369600,54029801293.25795,56541599489.45715,50819728629.53358,53047391757.92469,2273259288.7496653
1623456000,53053127522.65205,55778706754.29179,48720459921.50205,52745887915.09852,2162186392.7544584
1623542400,52757717905.61108,58845210001.98039,48916137646.86298,56149033317.38986,2148296565.891301
1623628800,56149371421.35451,59313443362.09199,53261206562.02796,56832570374.8745,2251296363.808162
1623715200,56832142743.58161,59632763158.58023,54782607725.30154,56284627293.35746,1770797088.9358528
1623801600,56265295250.06102,56773621428.61276,52073140310.33093,53285553401.52694,1626957879.2013845
1623888000,53296037121.16837,56292961903.34344,51609306035.16594,54131021364.74482,1376747297.674671
1623974400,54133568664.2217,55440511782.82212,49451459012.99506,51745941283.10544,1618905681.3160117
1624060800,51772282544.28177,53413934114.95864,50087309126.85928,51239408828.713684,1137440641.5701218
1624147200,51252284130.31917,53151419436.23704,47496383720.700325,52021761613.17278,1755181676.9445167
1624233600,52028695360.47932,53145032286.33801,40861160601.65373,41569802943.53083,2893827708.5425262
1624320000,41530107996.53887,44996730273.77951,34483182903.57099,40230186137.99928,4113091997.5394425
1624406400,40243650901.94428,47768864144.56281,38747061289.20722,45454433960.71343,2946367599.9984417
1624492800,45453577862.68551,49861872969.91323,43032871841.87812,47344473056.78788,2324914628.9951587
1624579200,47358741858.21169,48800454199.94189,40896720229.42515,43110034195.91263,2329297435.6163583
1624665600,43102938906.39692,44971249375.68204,39605214503.98912,42924936390.31807,1913280188.4403307
1624752000,42930074721.09973,46579803738.98579,40362067877.13742,44641796708.42065,1501843636.1747668
1624838400,44661601202.2935,46633282153.8319,43009946309.99212,44497460208.83576,1736539883.939908
1624924800,44500279837.89587,48828512320.76695,43819305123.21649,46163293100.20533,1944856422.552944
1625011200,46142477037.43509,48083247875.87093,43058905073.85549,46592390555.29116,1909442520.4814029
1625097600,46639012395.35854,46776588737.0136,42691214926.74597,44146306142.98692,1363540043.9507325
1625184000,44147681027.55901,44857098005.33602,42128292282.02021,44093305625.58507,1133601407.1773481
1625270400,44074057016.02938,46686218303.44837,43295800815.50522,45777916468.03014,1111983310.506639
1625356800,45769236115.80629,48759580558.80381,44866012642.30552,47220156528.4006,1387531955.149612
1625443200,47191422392.97165,48723314905.72103,44083779475.66726,46351444300.61889,1511399152.5296156
1625529600,46361905175.25271,50849284710.74551,45802955256.90654,49109696916.54339,2190593191.2750673
1625616000,49099862750.08484,52605775371.00085,48371060632.40664,50308099317.65583,2075278970.5963533
1625702400,50293009329.9419,50634568730.79636,46148435169.00781,47603047937.36395,1886526797.5793817
1625788800,47601821062.98669,49478591753.55118,45795573755.58267,48665944448.71855,1362115142.974368
1625875200,48680247006.53044,49676246757.14826,46870542853.27193,48518864181.13365,1184106379.327927
1625961600,48516978830.68339,50942879670.89498,47841667778.77726,49400544431.17125,1190797444.7922046
1626048000,49414198797.51722,51669567757.89738,47031161709.04021,48510651953.8293,1606702436.1007907
1626134400,48510453401.68744,49018818291.74269,46371736100.05771,47398868906.76401,1235471791.064965
1626220800,47415974585.023445,48408392859.69679,44456292432.99832,47464869373.88967,1642212417.691212
1626307200,47449195319.68763,51519421861.1379,44321715138.695816,48463310811.13481,2225534253.8761115
1626393600,48491439140.93564,50110694613.363014,45399416124.84304,46502663528.770546,1689642589.5466757
1626480000,46500710487.56196,47565568692.20622,45042407070.001396,46118782017.70645,1302871867.2772415
1626566400,50921826354.90746,53219913353.7748,50002564120.64545,51198124772.57598,1253620355.6051443
1626652800,50808845548.49887,51155675696.57181,46403262876.02043,47161231109.26569,1519577421.7849627
1626739200,47163663349.3638,47846186717.34738,42804843305.78821,44466149263.36523,1827008439.0211003
1626825600,44469735120.67096,50989225536.57906,43893655837.3085,49292907373.73606,1956008265.1436465
1626912000,49289298709.90241,50632923798.41708,47901285956.70172,49337141510.39281,1500597918.1991491
1626998400,49346678459.97152,52510859401.35541,47196925273.72591,50355823725.22495,1818209045.1586487
1627084800,50345448964.76889,52381959757.23692,49186878052.91809,50751821257.35793,1655911603.958912
1627171200,50743890233.79013,52649107933.77783,48707457892.38173,50936630046.84492,1345650249.1114063
1627257600,51344073175.14056,58999169576.93423,47201498943.04921,51514315445.71713,1252688162.5595922
1627344000,51513482962.14504,55784524797.6808,49002009042.60791,53159270446.95354,1252688162.5595922
1627430400,52740291888.401306,54986354844.86168,50604019521.12918,52796263993.10331,2544123633.2325006
1627516800,53183196952.06707,54773531371.38605,51714773434.14032,53737117160.40746,1252688162.5595922
1627603200,53329813845.06756,57934155360.3245,49201443286.83759,54245342083.74141,1579121049.6113107
1627689600,54671550948.40411,58041156599.7431,53091121316.44118,56377272611.73018,1252688162.5595922
1627776000,55937410612.00314,60072644495.45934,53057801021.45443,55938473429.74689,1784099806.6595168
1627862400,55945667843.27858,57811992347.65356,53699349025.54469,55585532214.5774,1355556694.3932102
1627948800,55581198943.59032,56738010373.23797,52752884158.62475,54341243523.07603,1370237229.7815797
1628035200,54341026472.87453,57305795582.29698,52890301189.93243,56290425534.66614,1277945367.2796304
1628121600,56306326816.15868,60506936965.56969,51543277776.17547,56850273758.01808,1548969837.0497499
1628208000,56856735194.95502,61275197862.15977,53345229776.3072,57580327329.47747,1620549446.002468
1628294400,57576563969.06213,61286428926.0451,56853671916.38436,59963821929.19463,1892587738.0322793
1628380800,60429133013.85966,61711643139.223,56698725223.23479,57978812503.38041,1252688162.5595922
1628467200,57962445599.94736,62252899339.83228,55441942925.33942,60071742946.96225,1252688162.5595922
1628553600,60072357140.1209,65161481413.99607,57677696649.5786,63044658043.68403,1252688162.5595922
1628640000,63045840149.16871,69378305457.41856,62692457078.11644,66285150679.40179,1252688162.5595922
1628726400,65769707365.56793,68463913382.70547,61882307870.39948,64872019864.89348,2208697887.216403
1628812800,64859213295.61079,71499532272.65758,62875497636.27138,69108961914.13538,1687245803.8507385
1628899200,69108994418.38719,71171057854.13536,65878505340.95044,68792819859.60635,2039883249.1504493
1628985600,68806644791.20045,70302026301.59416,65868661226.86479,69708852590.51433,1820809568.149288
1629072000,69708026117.95798,74708785107.77174,66602121760.34568,69939872649.31197,2615996314.9440947
1629158400,69938486579.70966,73549542280.39255,66966915505.41126,67522559774.07224,2573662755.5839067
1629244800,67522791914.15235,70090662397.14685,64698079222.64542,66663928438.77503,2301611120.4236436
1629331200,66645333871.40534,76066626223.45343,65262575232.02226,72518316258.31554,2545346646.276719
1629417600,72511864498.92604,77400856520.99231,70805477564.01537,76517833433.23077,2441951220.4973445
1629504000,76512614878.29456,78798026031.04488,73689420494.48737,75533266960.28394,2132445193.2967365
1629590400,75534696562.24625,77566554088.68301,73214074553.26431,75505491293.60266,1823517120.9472673
1629676800,75501385624.25676,87477448827.16293,74751055360.55273,84011919939.60805,3863861629.84888
1629763200,83973602543.14642,85168291472.3284,77195722611.59087,79340785151.57939,2972121054.921594
1629849600,79283779698.51193,86229639565.54654,78243949495.64674,84661477817.23085,3302243136.098461
1629936000,84665019758.40382,87469890245.20462,78866073888.99571,80401856338.23157,3304903191.2763166
1630022400,80411495580.7016,84924794256.64764,78090127801.57787,83180412050.61578,2563929673.803842
1630108800,83823817988.77629,84384361753.91986,81268785836.41103,82423011191.76318,1252688162.5595922
1630195200,81797912032.896,84163555778.22864,78552860737.91818,80729974440.74709,1766015739.2567751
1630281600,81335145889.97064,82758679161.36755,77418580329.92303,77986134757.61395,1252688162.5595922
1630368000,77382152810.82845,81045394118.04012,75921602837.83176,78056109549.74945,2401490775.4177012
1630454400,78630947682.8135,84468332520.78537,76924122559.22581,83020633053.9535,1252688162.5595922
1630540800,82374347515.40991,87201267863.3085,79139062682.10905,81338230686.2396,2332221702.2234793
1630627200,82003119001.02008,86491983218.8675,79232628322.34875,82805883657.08559,1252688162.5595922
1630713600,82811598815.5187,86948375078.42477,81267446181.24655,84345402049.17676,1252688162.5595922
1630800000,84372621956.11765,92154522681.7718,78223937981.67508,85567483083.81012,1252688162.5595922
1630886400,85585074900.16833,87864679509.16298,81229787653.26012,84100652008.59921,1252688162.5595922
1630972800,83462008641.14494,85452191489.80966,60277751059.89393,70417490007.55818,4464179159.160652
1631059200,70430372750.48433,72552707226.23714,64320947173.305145,69796022296.94249,2948936884.580229
1631145600,70344126741.33502,74246049500.0189,68110721997.66415,71380588433.16089,1252688162.5595922
1631232000,70831272467.12349,74051536722.82808,65190159148.65559,67503805394.1312,2299181807.985889
1631318400,67488109282.27715,70311494982.49213,66983248838.13667,68086628360.60849,1567372658.7270257
1631404800,68081246526.11524,71470873979.01266,66872834458.86349,70023665106.4753,1692614910.7103724
1631491200,70034448220.51001,71559199794.01901,64003392298.57141,67145778705.75051,2223882200.655828
1631577600,67158879577.05689,70705089655.213,64885397225.78596,69710194478.7477,1597721259.324718
1631664000,70237073704.43033,74584331115.89696,69003817149.11935,73098137573.72054,1252688162.5595922
1631750400,72551154169.65616,73478028844.06636,69643869262.07368,71365407850.85117,1719779633.7391787
1631836800,71928449372.83592,72599847758.5527,67474690045.05743,68893210728.67833,1252688162.5595922
1631923200,68393026640.19083,71023568621.18481,67268918615.61774,69099092703.91573,1308759388.1895354
1632009600,69096395738.77992,71607385248.96158,66838498639.88972,68694926243.55659,1242154473.3219674
1632096000,68699680434.26405,68978732121.11139,59533531360.13636,61196328011.84737,2334744006.106908
1632182400,61213387607.45566,63558683322.9417,55908698712.48808,57859172755.05659,2029580970.21404
1632268800,57898907469.38866,64917141673.04528,57064707926.70955,63726978221.12342,1698403274.46361
1632355200,63744867897.50887,65851962436.52204,61560635117.88965,64527585767.9437,1577472161.9388812
1632441600,64530912246.54913,65098848929.84354,55711182856.79595,59748074833.4539,2079034556.69574
1632528000,59751659367.10085,60888663008.01224,57215352222.55733,58837989706.39574,1393720878.454254
1632614400,58835406645.69496,60625415400.53523,53210945133.35645,57905087114.11774,1948351535.9720895
1632700800,57866911758.14275,60253506891.39432,55820818065.5051,56435312763.3364,1496348299.7631588
1632787200,56428400118.4734,58896117447.27655,54537079393.85734,56021319367.45257,1291540301.6242092
1632873600,56704821255.99552,62075019228.78298,56229953294.73841,61823618545.09295,2382696938.202777
1632960000,65222297796.55855,65973842574.60294,63505533744.75125,65155985022.02522,1801035441.9413607
1633046400,71624400125.16241,73106451823.81741,69875093202.1598,70895522240.578,2157614983.69071
1633132800,70714248836.41887,73533126373.83221,69874239484.16946,72410421566.0753,1252688162.5595922
1633219200,72401810793.0871,75702062963.04662,70557270441.53091,72982554087.29216,1252688162.5595922
1633305600,72986467131.26799,74936056250.45908,68385479376.27934,72269060836.82166,1252688162.5595922
1633392000,71725177432.6147,77215346518.93906,70347317396.8393,74392720656.8917,1525367294.2660785
1633478400,74975133303.33278,81394737908.43861,66452489422.01933,73689754345.80945,1252688162.5595922
1633564800,73152180055.1797,76940156484.15726,69816645587.29349,73730049924.83595,1964131938.4716167
1633651200,74296621330.83437,77708178344.15347,69174995713.21729,71035373521.58078,1252688162.5595922
1633737600,71049805503.28932,73681654456.28383,69496970242.55833,71497905052.47823,1252688162.5595922
1633824000,70956744328.39098,73020808359.47571,66245696235.91471,67962723898.01115,1430103503.0102158
1633910400,68452843728.14302,73465067819.645,65357279564.72673,70020186395.71692,1252688162.5595922
1633996800,69477354415.55977,77484596152.86166,62628314078.28703,74695052081.56288,3104251708.3231163
1634083200,74690877716.4682,82949931208.97397,71480822311.15872,79154327349.2846,5114306863.464241
1634169600,79149270205.90294,82390472938.28345,75478276444.64223,79494032521.47932,2479238877.1434407
1634256000,79487645294.76561,87190492660.12134,72445044792.91055,79746237115.41685,2807213173.865484
1634342400,79771922147.69743,82599843771.52657,76702626159.3257,78295810274.87296,1912021834.0286973
1634428800,78288990070.07098,80572560515.71777,75023874600.91621,79207722422.67993,1639508475.35952
1634515200,78562235835.54378,82552976701.97682,75030676675.26831,80925101040.97746,2008150029.204821
1634601600,80906617412.11687,86115622587.201,76692105172.82129,81412436499.07774,1841078981.130921
1634688000,81416689101.01805,85480334972.86392,78794200954.51132,83630666238.98155,1889938297.6593227
1634774400,83627138649.9071,85979845725.476,74099764690.82425,78561997601.80414,3091065493.755196
1634860800,78555538115.59108,85072188384.7968,75607160938.47449,79937018548.52844,1967311627.970086
1634947200,79932194809.44931,81660512126.94101,77579056853.15489,81003160382.00871,1169939969.2224324
1635033600,80993212843.5973,81466402795.39389,77074838536.79524,79374361343.21425,1240101991.0951936
1635120000,79358007369.69489,83258921776.33813,77377925795.42912,80912372028.37071,1337950881.044406
1635206400,80931917010,84217899625,76645127506,79747628859,1486394969.1719053
1635292800,79764254769.89894,81784187200.0841,72812615187.68248,74906818282.65953,2339731922.8051353
1635379200,74937822327.61522,86799265437.34045,73479152384.93718,82108681863.16931,2624207139.117118
1635465600,82130829451.0509,89812853843.52585,80525003685.83676,88466557000.24966,2665502280.652278
1635552000,88459862994.95853,90514326290.22054,84833736207.38641,88185168108.98564,2182954988.0011373
1635638400,88152135446.8161,90731664226.20526,84526443718.33826,87617752452.22966,2083669477.3748484
1635724800,87619798039.7923,94374399425.7679,83732907936.73459,92002714764.75877,2532499547.2664638
1635811200,92020146323.73454,97092177099.92767,86877571927.6327,92527463560.22633,2397736886.0670958
1635897600,92542276472.95145,96666220639.5411,87014064167.78925,94870238760.01164,2567479161.2745376
1635984000,94871538878.21564,96077132442.90501,90200203367.55428,93306400788.59625,2261218912.219416
1636070400,93274572142.1493,106109040791.51088,92098151774.6509,101409258831.25633,3670834410.6747665
1636156800,101396735611.23393,106591901812.1521,99059363927.96608,106484760070.46678,2776262897.31424
1636243200,106477125438.47382,114422505735.00974,104520935661.67007,108404993231.03304,3007249845.1440053
1636329600,108405506895.1683,116108341619.04523,100875733254.61902,109067767943.16463,2832079861.6880484
1636416000,109059203187.93814,110953859482.47697,103081723670.05437,105917637585.07652,2203950563.8243155
1636502400,105911684900.7995,113351194603.84802,94978460439.04958,102573766457.58997,3614976556.928411
1636588800,102562721057.37456,106947562527.476,100829467508.4415,104912675396.9179,2358467510.4254375
1636675200,104864707319.92416,106929800043.36264,99936673200.89632,104622197496.08723,2203369819.8855214
1636761600,104612677614.13516,110162305130.0424,103062836524.19658,108387689455.08072,2109339869.2964
1636848000,108371612172.9737,112370392229.23604,104899486928.88097,108526837486.4356,2087282952.1888947
1636934400,108526841628.10812,110790597546.25545,103281340857.241,105753784824.17664,2157634313.8589897
1637020800,105733446928.67018,108549844724.0657,92934767752.45572,98327262897.35979,3769651337.588218
1637107200,98307074891.03291,99718661233.1486,91732024994.52689,96423481872.78848,2708664349.5313544
1637193600,96449386014.34436,98684784776.55704,85848339330.09425,88742458866.00153,2900831679.2431655
1637280000,88715126664.75711,99330318740.2181,85645087527.54457,96925219439.0745,2484302909.3138213
1637366400,97215606525.02014,101127195933.2495,94952905248.83134,100861378144.32475,2329748953.5232806
1637452800,100842993703.76682,101595927282.01997,96431479170.50946,97726357116.27782,2059359968.381092
1637539200,97258625777.08585,98891776921.37744,91118038422.22104,93394350938.9685,2262848260.532637
1637625600,93450447931.46503,101317431533.31586,91576018080.90962,98635640336.13509,2925508705.8733015
1637712000,98612528339.04398,100756223771.59738,95201842079.36179,98543982414.7523,2270430013.961552
1637798400,98511676590.2532,109584137129.34398,97752021259.3379,106628579121.10571,3254870674.220745
1637884800,106648870797.6821,111117875086.33363,91804610832.61504,98069128361.29465,4247002743.3872633
1637971200,98012453000.82948,104304538999.5756,96376072913.24286,100174144384.05907,2475727497.8539243
1638057600,100146639114.94753,105784968490.61656,95047149497.07436,102040373457.8411,2734498273.121617
1638144000,102032262232,107136377360,99380123978,104133956696,2431726306.530675
1638230400,104133956696,108537507004,100013968341,103967155548,2783979104.357031
1638316800,103850394745,112390613522,102566025905,104717760714,2813557470.7517905
1638403200,104651040255,106152250587,100797933736,103500112334,2384217622.347341
1638489600,103500112334,107219777934,93725565061,99413484208,2491791795.1161737
1638576000,99413484208,105701887488,78146337838,95009933901,4441046809.516851
1638662400,95193415164,97595351695,88488009014,93075040584,2388095020.4500966
1638748800,92958279780,100297530292,87170279945,98195835828,3544855823.6190166
1638835200,98195835828,101198256492,94526210572,96627905036,2119984640.3239608
1638921600,96577864692,102782867398,91940792778,101381737754,2232037900.1721687
1639008000,101415097984,103183190153,93942406554,95210095278,2145455877.765195
1639094400,95727178837,100464331440,91240227956,92207674614,2072124446.003687
1639180800,92808158747,97211709054,88788251080,94109207702,1855308337.0250385
1639267200,94242648620,97845553417,91473749563,95226775393,1310286965.9183059
1639353600,95043294130,95760539067,84985184906,86903398108,1901193238.9944763
1639440000,87070199256,91874072318,83717496181,88137726603,2219945048.221157
1639526400,88154406718,91590510367,83667455837,90306141527,2078527756.0134025
1639612800,90339501757,92357795648,86269553746,87804124307,1499602067.7325845
1639699200,87870844766,91340308645,83584055263,87720723733,1810238786.2208457
1639785600,87620643044,90823225086,85602349154,89188573836,1298490025.2451627
1639872000,89121853376,92107593926,86719916845,88437968670,1201031388.9072547
1639958400,88187766948,90122660264,84368020658,87420481667,1470831503.6058948
1640044800,87420481667,92174314385,83767536526,88254487407,1462408001.5791342
1640131200,88187766948,92257714959,87120239600,89055132917,1595051757.3645806
1640217600,88821611310,94826452638,85985991794,91557150137,1862483758.972858
1640304000,91523789908,93658844602,89438775558,90456262560,1678987582.5922294
1640390400,90489622790,92741438288,89255294295,91356988760,1308730273.63505
1640476800,91340308645,93391962765,88354568096,91190187612,1572644667.0422916
1640563200,91290268300,97328469858,90156020494,94025807128,2173114504.470633
1640649600,93842325865,95243455508,87120239600,89155213606,2807075534.2157493
1640736000,89171893721,91023386464,84317980314,85835870761,2147301715.6328084
1640822400,85602349154,88838291425,83500654689,86503075353,1958714061.0136468
1640908800,86536435582,89955859116,82232965964,85302107087,2024169468.039436
1640995200,85385507661,89088493147,84217899625,88020965800,1613654274.9935262
1641081600,87904204996,90289461412,85835870761,88638130047,1471161017.9304695
1641168000,88554729473,89739017624,83967697903,85368827546,1944865494.3965003
1641254400,85302107087,88071006144,82916850671,84568182036,2183192855.862218
1641340800,84668262725,87203640174,76194764406,79047064037,2838689925.0808015
1641427200,79147144726,81065357928,76244804751,78880262889,4402458451.232587
1641513600,78730141856,79013703808,71991375477,74710234189,4636663126.145513
1641600000,74843675108,76912009343,67387663792,71724493640,4063863968.865985
1641686400,71691133410,74776954648,70840447556,73175663628,3351645446.378439
1641772800,73209023857,74576793271,67054061496,70873807785,4159916664.4801726
1641859200,70873807785,78630061167,69589438946,77329012213,4595416324.947692
1641945600,77429092902,82483167686,76044643373,81415640339,4124031246.642487
1642032000,81398960224,83066971704,77228931524,79280585644,4157354771.478429
1642118400,79197185070,82783409752,77395732672,81782602864,3124384342.2339964
1642204800,81732562520,84418061003,80164631729,82549888145,1764532873.8538733
1642291200,82516527916,84501461577,80998637469,83233772852,1778643359.891148
1642377600,83167052393,83367213770,76811928654,79347306104,2138033762.212371
1642464000,78595578184,79206510199,75507894755,77869064436,2104156314.6657183
1642550400,77935111140,78116739577,74913474416,76333478559,1771974916.645633
1642636800,76383013588,79057905114,72453234679,72667886468,1882994114.8217208
1642723200,72651374792,73460446920,62265530532,63404836182,3646462878.174161
1642809600,63454371210,64263443338,55974581942,59161335427,4237365062.4569783
1642896000,59177847103,64213908310,58897148609,63470882886,2772359937.714137
1642982400,63470882886,63470882886,55743418476,61357388347,3227941890.481398
1643068800,61258318290,64131349930,59078777046,63652511323,2328223758.8068757
1643155200,63635999647,66409961230,60564827894,61984832038,2226760334.6626725
1643241600,62001343714,64973445410,59409010568,64461583451,1951013293.6193955
1643328000,64461583451,65336702284,62133437123,63751581380,1595303122.7283964
1643414400,63768093056,65617400778,62959020927,64296466691,1331031944.0061622
1643500800,64296466691,64346001719,61572040136,62348088912,1287071063.4477327
1643587200,62331577236,63735069704,60416222810,61852738629,1379035234.5788186
1643673600,61852738629,64098326577,61770180249,63470882886,1401392034.995673
1643760000,63470882886,63801116408,60515292866,60630874599,1286220926.4226565
1643846400,60630874599,61522505108,59409010568,61489481755,1202379128.071478
1643932800,61373900023,66030192680,61060178177,66030192680,1680941309.416225
1644019200,66030192680,71231370648,65501819045,68391362361,2069536002.8903725
1644105600,68374850685,69893924885,67285080063,69415086278,1419950652.6641614
1644192000,69398574602,72552304735,68308803980,71611139198,1758357439.6972787
1644278400,71677185902,73509981948,67384150119,67433685147,2245664289.02852
1644364800,67450196824,70719508689,67285080063,69794854828,1609888126.1864345
1644451200,69778343152,71594627522,68143687219,68771130911,2033253054.8666604
1644537600,68705084206,69464621306,65716470834,66773218104,1711973647.1708927
1644624000,66789729780,67730895317,65964145976,67417173471,1376958723.3045995
1644710400,67433685147,67433685147,65237632228,65732982510,1148981665.159229
1644796800,65782517539,66855776484,64527630156,66624613019,1271847641.745296
1644883200,66690659723,73163236750,66492519610,71462534113,2532770209.5752635
1644969600,71313929028,71611139198,69827878180,70570903604,1676281482.965637
1645056000,70603926957,71247882324,66030192680,66492519610,1646152777.8124952
1645142400,66492519610,67896012078,64841352002,65931122623,1553429445.4576652
1645228800,65914610947,67152986654,65006468762,66030192680,1194009504.3265433
1645315200,66030192680,66079727708,61968320362,62859950871,1436073267.0494223
1645401600,62925997575,65039492115,58649473468,58913660286,2150804154.3342533
1645488000,58996218666,61984832038,57642261227,61819715277,2049169338.9066415
1645574400,61852738629,63503906238,60350176105,60383199457,1653347800.094353
1645660800,60333664429,61258318290,53448295500,59673197386,2969912300.346955
1645747200,59722732414,62315065560,58996218666,61935297010,1834402161.7186513
1645833600,61935297010,63718558027,61241806614,61720645221,1325118525.0451806
1645920000,61737156897,62959020927,59095288723,59475057273,1593380121.7757244
1646006400,59458545596,65799029215,58798078553,65353213960,1865196349.570521
1646092800,65402748989,70075553322,64544141832,67516243528,2886438856.4121537
1646179200,67483220176,68903224319,66674148047,67615313584,2051426947.6798415
1646265600,67532755204,68275780628,65600889102,66492519610,1601762030.755728
1646352000,66442984582,66591589667,61390411699,61803203601,1733109828.541776
1646438400,61803203601,63966233169,60647386275,63520417914,1594425351.7017412
1646524800,63503906238,63949721493,61522505108,61918785334,1594425351.7017412
1646611200,61935297010,63652511323,59970407555,62892974223,1594425351.7017412
1646697600,62876462547,64164373282,62249018856,63008555956,1594425351.7017412
1646784000,63008555956,66492519610,62942509251,64956933734,1740117323.9806733
1646870400,64956933734,65155073847,59970407555,61456458403,1740117323.9806733
1646956800,61456458403,62760880814,60251106049,61406923375,1740117323.9806733
1647043200,61423435051,62628787406,61324364995,61472970079,1740117323.9806733
1647129600,61472970079,62265530532,59508080625,59689709062,1740117323.9806733
1647216000,59689709062,61753668573,59359475540,61687621869,2105366799.9678197
1647302400,61654598516,61885761982,59772267442,61406923375,2105366799.9678197
1647388800,61406923375,63867163112,60795991360,63685534675,1241837412.898584
1647475200,63685534675,64989957086,63058090984,64742281945,1357202676.9927201
1647561600,64742281945,66145774413,63454371210,65600889102,1357202676.9927201
1647648000,65617400778,67103451626,65270655580,66063216032,1357202676.9927201
1647734400,66046704356,66228332793,63834139760,64544141832,1357202676.9927201
1647820800,64544141832,65931122623,63685534675,65419260665,1357202676.9927201
1647907200,65419260665,67780430345,65237632228,66773218104,1357202676.9927201
1647993600,66773218104,68011593811,65782517539,67466708500,1357202676.9927201
1648080000,67466708500,68837177615,66921823189,68424385713,1789700012.0028648
1648166400,68407874037,69646249743,67020893245,67780430345,1649103902.350088
1648252800,67780430345,68787642587,67334615091,68738107559,1649103902.350088
1648339200,68738107559,71264394000,68028105487,71165323944,1649103902.350088
1648425600,71148812268,72833003229,70669973661,70983695507,1649103902.350088
1648512000,71033230535,72965096637,70950672154,71743232607,1649103902.350088
1648598400,71726720931,74236495696,70323228463,73014631666,1649103902.350088
1648684800,73014631666,74698822627,70042529970,70835090422,1649103902.350088
1648771200,70835090422,74005332231,68308803980,73955797203,1649103902.350088
1648857600,73955797203,75012544472,71974396072,72189047861,1826202796.0755613
1648944000,72205559537,75276731290,71412999085,74335565753,1826202796.0755613
1649030400,74335565753,74368589105,71611139198,73955797203,1826202796.0755613
1649116800,73939285527,76003245038,73344865187,73410911892,2119053972.538904
1649203200,73427423568,73443935244,69101364432,69365551250,2119053972.538904
1649289600,69382062926,72403699650,68787642587,72040442776,2119053972.538904
1649376000,72023931100,72816491552,69134387785,69629738067,2119053972.538904
1649462400,69613226391,70686485337,69316016222,70471833548,2119053972.538904
1649548800,70488345224,70934160478,68903224319,69002294376,2119053972.538904
1649635200,69018806052,69316016222,64626700212,65138562171,2119053972.538904
1649721600,65155073847,68870200967,64808328649,68292292304,2119053972.538904
1649808000,68325315656,70125088350,67763918669,69893924885,2119053972.538904
1649894400,69893924885,70521368576,67929035430,68490432417,2119053972.538904
1649980800,68506944093,69365551250,68143687219,68919735995,2119053972.538904
1650067200,68919735995,69200434489,67995082135,68870200967,2119053972.538904
1650153600,68886712643,69051829404,67004381569,67186010006,2119053972.538904
1650240000,67152986654,69035317728,65468795693,68837177615,2119053972.538904
1650326400,68837177615,70125088350,68473920741,69761831476,2119053972.538904
1650412800,69761831476,71247882324,68539967445,69101364432,2119053972.538904
1650499200,69084852756,70389275167,66228332793,66855776484,2119053972.538904
1650585600,66855776484,68358339008,66624613019,67152986654,2119053972.538904
1650672000,67136474978,67384150119,65650424130,66228332793,2119053972.538904
1650758400,66211821117,66954846541,65584377426,65881587595,2119053972.538904
1650844800,65865075919,66954846541,63107626012,66773218104,2119053972.538904
1650931200,66789729780,67285080063,62909485899,63751581380,2119053972.538904
1651017600,63735069704,65204608875,63322277801,64659723565,2119053972.538904
1651104000,64659723565,67466708500,64180884958,67235545034,2119053972.538904
1651190400,67219033358,67813453698,64362513395,64874375354,2119053972.538904
1651276800,64857863678,66063216032,62199483827,62315065560,2119053972.538904
1651363200,62282042208,64626700212,62067390419,64395536747,2119053972.538904
1651449600,64395536747,64824840325,63074602660,64279955014,2119053972.538904
1651536000,64296466691,64725770269,62694834110,63355301153,2119053972.538904
1651622400,63338789477,66542054639,63190184393,66442984582,2119053972.538904
1651708800,66442984582,68259268952,61142736558,62447158969,2119053972.538904
1651795200,62447158969,63256231097,61175759910,62595764053,2119053972.538904
1651881600,62579252377,62826927519,59475057273,60317152753,2119053972.538904
1651968000,60300641077,60548316218,57724819607,58715520172,2119053972.538904
1652054400,58715520172,59276917160,48758979491,48940607928,2119053972.538904
1652140800,48907584576,54901322996,47735255573,52655735048,2119053972.538904
1652227200,52672246724,53316202091,42913846155,44664083821,2119053972.538904
1652313600,44680595497,46860136741,34311262913,44234780242,2119053972.538904
1652400000,44251291919,51681546159,43739429960,47900372334,2119053972.538904
1652486400,47382978038,48803487717,44362354007,48427950675,2768943460.344674
1652572800,48411622978,50975071479,46566593164,50942416085,2768943460.344674
1652659200,50942416085,50942416085,47366650340,48444278373,2768943460.344674
1652745600,48476933768,50648517530,48248346003,49946426539,2768943460.344674
1652832000,49946426539,50305635884,46746197837,46876819416,2768943460.344674
1652918400,46893147114,50387274371,46795180929,50044392724,1581321667.371349
1653004800,50060720422,51513885496,47970775146,49309646338,1581321667.371349
1653091200,49309646338,51236314639,48836143112,50975071479,1581321667.371349
1653177600,50958743782,52754790503,50811794505,52101682604,1581321667.371349
1653264000,52101682604,54959029660,51415919311,51726145563,1581321667.371349
1653350400,51726145563,53881401628,50909760690,53554847679,1581321667.371349
1653436800,53571175376,55024340450,52852756688,53113999847,1581321667.371349
1653523200,53097672150,54093661695,48395295280,49456595615,1581321667.371349
1653609600,49423940221,50501568253,47431961130,49179024759,1581321667.371349
1653696000,49179024759,50648517530,48460606070,50191342001,1581321667.371349
1653782400,50207669699,50256652791,48738176927,49913771144,1581321667.371349
1653868800,49913771144,52869084385,49619872590,52509875041,1581321667.371349
1653955200,52509875041,52999705965,51187331547,52346598066,1581321667.371349
1654041600,52362925764,52918067478,48574899952,49032075481,1581321667.371349
1654128000,49032075481,50452585161,48672866137,50321963581,1581321667.371349
1654214400,50321963581,50599534438,47840153567,48705521532,1581321667.371349
1654300800,48705521532,49391284826,48085069029,49179024759,1581321667.371349
1654387200,49162697061,49325974036,48150379818,48819815414,1581321667.371349
1654473600,48803487717,50958743782,47023768693,48150379818,1581321667.371349
1654560000,48150379818,48281001398,44672580259,47366650340,1581321667.371349
1654646400,47350322643,48068741331,46354333097,47072751786,1471798792.3450913
1654732800,47072751786,47856481264,46713542442,47285011853,1471798792.3450913
1654819200,47285011853,48672866137,46207383820,46697214744,1471798792.3450913
1654905600,46697214744,47382978038,43284725974,44019472360,1471798792.3450913
1654992000,44019472360,44346026310,40966192935,41586645438,1471798792.3450913
1655078400,41570317741,42027493270,34810650991,36361782250,1471798792.3450913
1655164800,36345454553,37700653442,33341158219,36394437645,1315837994.0565479
1655251200,36378109948,38239467458,32377824069,38092518181,1315837994.0565479
1655337600,38092518181,38680315290,33896299933,34255509277,1315837994.0565479
1655424000,34288164672,36198505275,33879972236,35186188033,1315837994.0565479
1655510400,35202515730,35725002049,29912341752,32132908607,1315837994.0565479
1655596800,32116580910,35382120402,30924658995,35071894151,1315837994.0565479
1655683200,35071894151,35806640536,33406469009,35316809612,1315837994.0565479
1655769600,35300481915,37259805611,34794323294,35904606721,1315837994.0565479
1655856000,35904606721,36018900603,34467769344,34941272571,1233774868.6455767
1655942400,34973927966,37912913509,34924944873,37357771795,1164390841.6595533
1656028800,37357771795,39692632533,37259805611,39186473911,1050976535.6531357
1656115200,39186473911,39496700163,37488393375,39104835424,1148438317.8977325
1656201600,39104835424,40002858784,38092518181,38190484366,1148438317.8977325
1656288000,38190484366,39300767793,37586359560,38108845879,1148438317.8977325
1656374400,38125173576,39545683255,36818957779,37014890149,1148438317.8977325
1656460800,37014890149,37455737980,35137204940,35806640536,1148438317.8977325
1656547200,35822968234,35953589814,33553418286,35855623629,1148438317.8977325
1656633600,35855623629,36982234754,34826978689,35333137310,1024982709.0787156
1656720000,35333137310,35822968234,34859634084,35578052772,1148438317.8977325
1656806400,35578052772,35871951326,34810650991,35741329747,1148438317.8977325
1656892800,35741329747,37863930417,35055566453,37733308837,1148438317.8977325
1656979200,37749636534,38566021408,36378109948,37667998047,1148438317.8977325
1657065600,37651670350,39121163121,37357771795,38925230752,1148438317.8977325
1657152000,38908903054,39790598717,38402744433,39431389373,1148438317.8977325
1657238400,39415061676,40427378918,38680315290,39284440096,1148438317.8977325
1657324800,39284440096,39986531087,39268112399,39708960230,724632929.3736707
1657411200,39708960230,39741615625,37847602719,38288450551,724632929.3736707
1657497600,38288450551,38337433643,36737319292,36818957779,724632929.3736707
1657584000,36818957779,37243477913,35937262116,35986245208,724632929.3736707
1657670400,35986245208,37667998047,35333137310,37619014955,724632929.3736707
1657756800,37602687257,39186473911,37063873241,38925230752,1134143658.2415998
1657843200,38925230752,39594666348,38419072130,38941558449,1134143658.2415998
1657929600,38941558449,41031503725,38190484366,40786588263,1134143658.2415998
1658016000,40770260565,41733594715,40247774246,40443706616,1134143658.2415998
1658102400,40443706616,43366364462,40427378918,43137776697,1134143658.2415998
1658188800,43137776697,44884840326,41782577808,43839867688,1134143658.2415998
1658275200,43839867688,44443992494,41896871690,42158114849,1134143658.2415998
1658361600,42141787152,43431675252,40949865237,43382692159,1134143658.2415998
1658448000,43366364462,44313370915,42647945773,42860205840,724632929.3736707
1658534400,42860205840,44492975587,41276419186,42337719522,1134143658.2415998
1658620800,41834751801,42947978902,41495943552,42189693775,1171368343.3730383
1658707200,42189693775,42367164762,39430826610,39446960337,1171368343.3730383
1658793600,39463094063,40269780368,38672541483,40253646642,1171368343.3730383
1658880000,40253646642,43883735016,39947105846,43835333838,1171368343.3730383
1658966400,43835333838,45319636640,42528502023,44738822500,1171368343.3730383
1659052800,44738822500,48707719123,44335479348,47400887308,1171368343.3730383
1659139200,47400887308,48433445779,46013386863,46432863742,1171368343.3730383
1659225600,46432863742,47917166544,45545508806,45771380971,1171368343.3730383
1659312000,45771380971,46868474347,44851758583,45722979793,1171368343.3730383
1659398400,45722979793,47045945334,44287078169,45803648423,1171368343.3730383
1659484800,45803648423,49336934441,44916293487,48046236353,1171368343.3730383
1659571200,48030102626,50546963899,47965567722,50304958008,1107227062.5157065
1659657600,50304958008,51853795714,49756411320,50982574504,1930489247.870768
1659744000,50982574504,52079667880,50482428995,50853504696,1930489247.870768
1659830400,50869638422,52579813389,49772545046,52111935332,1930489247.870768
1659916800,52095801606,53854377752,51837661988,52450743580,1930489247.870768
1660003200,52434609854,52983156542,50434027817,52370074950,1930489247.870768
1660089600,52370074950,54338389535,50627632530,53047691446,1930489247.870768
1660176000,53063825173,53999581287,51966731797,52241005141,1930489247.870768
1660262400,52241005141,52950889090,51305249027,52934755364,1930489247.870768
1660348800,52934755364,53725307943,52095801606,52321673771,1930489247.870768
1660435200,52337807498,53418767147,50982574504,51240714122,1930489247.870768
1660521600,51272981574,52821819281,50643766256,51547254918,1930489247.870768
1660608000,51547254918,52015132975,50337225460,51030975683,1930489247.870768
1660694400,51030975683,52499144759,49111062276,49514405429,1930489247.870768
1660780800,49514405429,50079085842,47771963009,48078503805,1930489247.870768
1660867200,48078503805,48094637531,44593618965,45045363296,1930489247.870768
1660953600,45045363296,46658735907,44706555048,45771380971,1930489247.870768
1661040000,45771380971,49062661097,45722979793,48675451671,1930489247.870768
1661126400,48691585397,49127196002,46594201003,48401178327,1930489247.870768
1661212800,48401178327,48643184219,47400887308,48255974792,1930489247.870768
1661299200,48272108518,48449579505,47513823391,47804230461,1930489247.870768
1661385600,47804230461,49546672881,47755829283,48610916766,1930489247.870768
1661472000,48610916766,48772254028,44738822500,45093764475,1930489247.870768
1661558400,45093764475,45916584506,44125740908,44819491131,1930489247.870768
1661644800,44819491131,45803648423,44464549156,44561351513,2132887764.768474
1661731200,44577485239,46239259028,43964403647,46142456672,2132887764.768474
1661817600,46126322946,47110480238,44625886417,45416438997,2132887764.768474
1661904000,45448706449,46771671990,44819491131,45061497022,1930489247.870768
1661990400,45061497022,45222834284,43690130303,44900159761,2132887764.768474
1662076800,44916293487,45739113519,43496525590,44754956226,1930489247.870768
1662163200,44754956226,44964694666,44270944443,44819491131,1930489247.870768
1662249600,44819491131,45271235462,44383880526,45013095844,1930489247.870768
1662336000,45013095844,45416438997,44109607182,44642020144,1930489247.870768
1662422400,44658153870,46158590398,42173560049,42334897310,1930489247.870768
1662508800,42334897310,45206700557,41737949444,44980828392,2132887764.768474
1662595200,44996962118,45610043710,44464549156,45255101736,2132887764.768474
1662681600,45255101736,47739695557,45206700557,47352486130,2132887764.768474
1662768000,47336352404,48191439888,46868474347,47884899092,2132887764.768474
1662854400,47884899092,48110771257,46803939442,47675160652,2132887764.768474
1662940800,47659026926,48385044601,46933009251,47449288487,2132887764.768474
1663027200,47433154760,48239841066,44464549156,44771089952,2132887764.768474
1663113600,44754956226,45610043710,44125740908,45077630749,2132887764.768474
1663200000,45093764475,45255101736,42625304380,43722397755,2132887764.768474
1663286400,43722397755,44609752691,43319054603,44351613074,2132887764.768474
1663372800,44335479348,45142165653,44319345621,45029229570,2132887764.768474
1663459200,45029229570,45206700557,42447833393,42964112628,2132887764.768474
1663545600,42964112628,44045072278,41415274922,43883735016,2132887764.768474
1663632000,43867601290,44141874634,42770507915,42964112628,2132887764.768474
1663718400,42964112628,44609752691,41947687883,42625304380,2132887764.768474
1663804800,42576903202,44609752691,42512368297,44416147978,2132887764.768474
1663891200,44416147978,44835624857,43335188329,44642020144,2132887764.768474
1663977600,44625886417,46061788041,44270944443,44287078169,2132887764.768474
1664064000,44287078169,45126031927,43754665208,44238676991,2132887764.768474
1664150400,44238676991,44658153870,43706264029,44561351513,719236200.724874
1664236800,44545217787,46239259028,43012513807,43932136195,929313813.511134
1664323200,43932136195,45787514697,42980246354,45432572723,856257738.737228
1664409600,45416438997,46061788041,44722688774,45835915876,801416313.7713019
1664496000,45852049602,46771671990,45271235462,45948851958,903613355.794721
1664582400,45948851958,46045654315,44819491131,45642311162,595517413.1772237
1664668800,45642311162,46432863742,45077630749,45916584506,553520516.4515187
1664755200,45932718232,46642602181,45690712341,46319927659,702584914.0990002
1664841600,46319927659,48159172435,46190857850,47804230461,792191817.2196853
1664928000,47804230461,47852631639,46481264920,47465422213,659632753.7126784
1665014400,47465422213,48094637531,45013095844,46303793933,988484699.4059016
1665100800,46303793933,46303793933,45045363296,45545508806,965178154.6764373
1665187200,45545508806,45610043710,44432281704,44593618965,602696297.4298129
1665273600,44593618965,45077630749,44383880526,44884026035,572577799.6122901
1665360000,44884026035,45045363296,43738531481,43803066386,651903087.1157658
1665446400,43803066386,44190275813,43157717342,43770798934,637999977.9449914
1665532800,43770798934,44012804825,43448124412,43690130303,548788877.0507743
1665619200,43706264029,44158008360,41383007470,43851467564,1122604088.7465634
1665705600,43835333838,44658153870,43189984794,43480391864,809073339.0926117
1665792000,43480391864,43803066386,43173851068,43286787150,490821152.8365571
1665878400,43270653424,44190275813,43238385972,43964403647,564038059.0844439
1665964800,43964403647,44512950335,43512659316,44464549156,595176363.308885
1666051200,44464549156,44529084061,43593327947,44077339730,599476089.0704005
1666137600,43969498506,44098299674,43534794566,43776296755,496919165.8284779
1666224000,43792321774,44017723430,43035616214,43309318225,540694470.5337659
1666310400,43034870001,43386828046,42138976796,43210849023,593970324.591835
1666396800,43210767555,43370748182,42938800487,43258761743,391370846.49160326
1666483200,43258697727,44266574191,42986731063,44154587917,481580401.6300627
1666569600,44154516617,44362490789,43450604033,43850554365,535591785.0931828
1666656000,43850484661,46394164727,43514526916,45482279420,929246452.011197
1666742400,45482206948,46730048011,45482206948,46458082651,1025784868.0246614
1666828800,46458000073,46921940157,45514121973,45882074453,875406152.8533809
1666915200,45882008098,48153711428,45722028991,47673774105,1072662251.085919
1667001600,47673700004,49337480138,46361873359,48713562588,1395016803.8948445
1667088000,48713484440,51001178454,48377529374,50169289722,1448994694.6631927
1667174400,50169205153,54040680805,49065354657,52104942979,2164002620.191336
1667260800,52120846375,53512655348,50761033010,51816888093,1333169835.4135938
1667347200,51816800676,52728673982,50472987383,51224882916,1413082450.3596654
1667433600,51224786083,54136376048,50904831142,52744572054,1508083154.8781826
1667520000,52744451816,57399785598,52536481579,56743879464,1940557122.436512
1667606400,56743783261,57751637319,55415975533,55895906037,1229931411.8291876
1667692800,55879822465,56903672634,54040091694,54088084671,1119424537.8605502
1667779200,54087995831,55079849052,52232270449,53848031342,1823798256.4558537
1667865600,53847920798,63670447052,47864818487,52408136820,5386452132.783914
1667952000,52408031759,53271900414,41689661405,42617520332,3197582100.562579
1668038400,42649441248,49896326801,42073529813,48520538374,2459428551.4594517
1668124800,48504466933,48808419727,44553080610,46248817251,1622124523.4754536
1668211200,46232733883,46920625771,43305193987,45144904850,1196375699.7300856
1668297600,45160834224,45752740304,43689067752,44168991602,945419790.1925642
1668384000,44168922449,46632527686,42793142902,44552860928,1544086574.8862681
1668470400,44552792878,45096704892,43161018020,44248842047,1121861498.395084
1668556800,44264767445,44776683801,42329083722,43464898138,908918212.974581
1668643200,43448834371,43688794796,42089058626,42824937264,855435204.7044187
1668729600,42824877772,43928694196,42696899057,43800715480,684993787.4103186
1668816000,43800656234,43880642823,42584860078,43544699148,550915399.1472882
1668902400,43544631248,43752596055,41832920909,42216855938,716354101.7151227
1668988800,42200795610,42312776493,39929183412,40569074172,1096003012.0999286
1669075200,40585013995,42728645006,40281066314,42600667035,799579603.4985331
1669161600,42584608289,48151641979,42344649940,47767708621,1911478972.1750865
1669248000,47767645543,48583502851,47031774245,47991606372,1222332611.2759292
1669334400,47991543342,48919379846,47063706837,48071529247,950973273.0480976
1669420800,48087463114,50822977483,47991480154,49767164920,1223494072.227312
1669507200,49783098292,50678938107,48999238454,49207201268,787765612.8023591
1669593600,49191137026,49479085145,45991713480,46935543426,1160046142.0615716
1669680000,46935476587,48807136697,46215607315,47239421392,980404447.1375118
1669766400,47239347996,48823057936,46871415384,48103189781,1011772457.1831732
1669852800,48071121433,48295080069,46407428711,46759363710,1438099295.6078792
1669939200,46759275428,46999230656,45655481379,46951239610,852241960.066101
1670025600,46951179069,47111149014,46263308302,46471269231,636569543.2664293
1670112000,46471210874,46871135236,46071286512,46711165492,632932177.5549375
1670198400,46711105460,47542947064,45767285178,46167209026,705715741.3724829
1670284800,46167148466,46519080991,45863206740,46423099393,608371033.2071222
1670371200,46423041333,46519022811,44999316082,45463226557,760996359.1283095
1670457600,45463165102,46726919515,45207214841,46470969254,639943428.4037814
1670544000,46470909964,46742856770,45527094581,45751050774,648370992.3049514
1670630400,45766995947,46358879502,45719005389,46102929857,439432720.36696833
1670716800,46102881278,46694764209,45351029987,45510998347,494140909.08645874
1670803200,45510945918,45702907729,43495346908,44167213245,969281398.0132596
1670889600,44167172218,45094986774,40599885219,43511303308,1929007251.5154192
1670976000,43511232719,44503032876,42439448678,42823371319,1027989673.4478455
1671062400,42823318927,42887305956,41015685368,41399607540,707449977.9833381
1671148800,41399551314,42279371763,36008651471,36984452333,1255330680.4540818
1671235200,36984408938,39159962405,35192776672,38760044489,1186935765.2480323
1671321600,38760002929,40599623373,38328092042,40183709186,936007850.273948
1671408000,40183658052,40519588314,37928126290,38472013382,752829696.3223339
1671494400,38455975024,40471554414,38280011744,40231604486,669969905.6935976
1671580800,40231568519,40247565166,39255773020,39351752905,474809449.60483074
1671667200,39367715581,39703644889,38439910825,39319725680,547303099.1899313
1671753600,39319672510,39751581036,39015736880,39367662346,389579472.65863097
1671840000,39367614580,39383611173,38951703170,39143662282,280536531.8877578
1671926400,39127627074,39303589420,38647729767,38887678420,297073386.10971117
1672012800,38887638655,39143583624,38711676489,39063600821,273330869.0909484
1672099200,39063560242,39719418543,38743629364,39431480752,392337066.091033
1672185600,39431433026,39511415649,38663599848,39095506011,415803223.9713498
1672272000,39095462665,39463382322,38919501090,39399396295,342344405.29758567
1672358400,39383371728,39431361214,38823494388,39287392755,348347982.5973797
1672444800,39287347378,39639269871,39159375562,39367329763,323180904.01396847
1672531200,39367292422,39415281807,38919391492,39079356110,304179497.65536356
1672617600,39079318494,39639194117,38519442871,39223286512,352310661.9460093
1672704000,39223246398,39495185708,39063282098,39351217838,298048668.8456966
1672790400,39351176045,41750637999,39271193980,41414713325,567784417.1893073
1672876800,41414668863,41430665259,40790809425,41046751758,455101898.5795495
1672963200,41046696453,41654558677,40694776219,41574576805,369307465.094088
1673049600,41574532350,42182393924,41510546921,41814477708,405975930.4225493
1673136000,41814435060,44213886192,41638475310,43973941079,277061280.4939842
1673222400,43957892157,45381564792,43398020895,43605973078,790170801.7868475
1673308800,43605922431,44597693228,43270000065,44357748680,585464377.4804777
1673395200,44357700757,45877347916,43877812181,45557422199,435727863.08475655
1673481600,45573363929,46197218332,44597591658,46037255665,545821919.0322944
1673568000,46037202980,47332899103,45589308024,46996977886,624071869.6178792
1673654400,46996917398,50292140333,46932932486,48820487372,1143204335.547498
1673740800,48836424254,48964393921,46708928536,48356538002,586759317.4795464
1673827200,48356480997,49316252370,46916823938,47844602931,559499638.7095418
1673913600,47244994485,48318744359,46613376911,47276575363,543916173.7271005
1674000000,47276513784,48192358073,44418447988,45271130601,488967207.0639402
1674086400,45271080923,46660636249,45192128916,46534313038,833388028.8647891
1674172800,46534256743,48255408418,45286816539,48192246888,479425847.0767337
1674259200,48192180875,48965908550,47150017068,47213178511,877199937.1675327
1674345600,47244697653,49202699828,47134165272,47860520917,468564537.9642421
1674432000,47876258498,48586823021,47528871398,48207855275,632957180.5982708
1674518400,48192011188,51081637023,47244592881,47434076543,817706789.403277
1674604800,47434022654,49723614293,46328702552,48444601033,673787549.8890007
1674691200,48460332960,48886670200,47655029284,48128737328,627253433.5566671
1674777600,48128678993,49076093934,47181264052,48649757210,500769299.18552387
1674864000,48649700285,49502372734,47970720372,48381266366,494661116.7145156
1674950400,48365418349,50623418618,48160145598,50102341633,551673120.0395181
1675036800,50086482742,50654929582,47686373859,48491673550,664059636.6518373
1675123200,48491605104,49612707013,48223172252,49281113490,521433181.8617137
1675209600,49281041782,50449512494,48286262662,50054758875,457254949.8456998
1675296000,50054688055,52786379233,49975737443,51065255890,932192880.159526
1675382400,51080974619,52959996560,50307259702,52470503450,786057817.6202453
1675468800,52470427076,52754648469,51665133131,52186205684,672108398.399591
1675555200,52186136492,53323020554,51159782824,51759804968,550615827.794201
1675641600,51759733951,52296595133,50654431518,51207082735,584338608.5373054
1675728000,51222803217,52707064469,51080693097,52596534376,502491169.410161
1675814400,52580667424,53054367130,51112198333,51822747893,517968832.23224944
1675900800,51822674835,51980574514,47590963422,48348881884,651386512.735929
1675987200,48348813295,48838301607,47733005418,48301443458,670414431.0877191
1676073600,48301381401,49154037365,48206641849,49027717963,413988744.27164173
1676160000,49027651050,50685590940,48364475094,49390818835,342412141.01337415
1676246400,49374962301,49832868891,44701157107,46516993584,1185010979.2105994
1676332800,46501136434,47622216464,45822172473,46769564047,735905342.1041685
1676419200,46785295853,50164321608,46453709214,50116952088,662701366.6348768
1676505600,50116868887,51743219705,48001033843,48048403284,922956537.4775152
1676592000,48048329860,50132582092,47827272805,49453621137,838916126.9151202
1676678400,49453551007,50385147275,49437761240,50006192861,649413127.8211398
1676764800,49990338717,50369292643,49027164156,49248220613,446173142.7872771
1676851200,49216571985,50479749963,48679721344,49800791800,671643028.4088719
1676937600,49800719113,50195461656,48884916416,49200710449,597803117.4474792
1677024000,49200637112,49405902928,47905883504,49342744216,551711506.4318446
1677110400,49342669231,49768989894,48284762403,48695293411,499882391.27897847
1677196800,48695223507,49279439872,47116260358,47732055986,440279503.5149496
1677283200,47731985988,47842513246,46689871838,47747775596,413646171.45773566
1677369600,47747713871,48916143377,47495080465,48742457910,305720463.4557102
1677456000,48742386746,48852913700,47447642427,48126593716,361204375.0356605
1677542400,48110719836,48268615208,47384401125,47573875571,378908200.49644095
1677628800,47573799732,48379064846,47463273148,47810642413,384484382.1943576
1677715200,47794776889,47984250732,46721091779,47352671256,366776154.51054525
1677801600,47352599855,47368389318,45063127705,45868390323,469877259.3292915
1677888000,45884120673,46405172284,45157806306,45726226245,288216233.38186926
1677974400,45726170834,46215642966,45410382361,45599855445,307390426.5523558
1678060800,45599800433,45741905075,44762961990,45473485197,342444217.04593325
1678147200,45457633859,45836579052,44794479770,45678685222,326669810.92245126
1678233600,45678626047,46420726090,45015472817,45315470707,390610936.0465185
1678320000,45315411043,45994352742,42804905693,43720687519,453071335.9429145
1678406400,43720622187,44036408552,41841693317,43957461961,632554243.566094
1678492800,43957393573,44999486956,43531082644,44131075804,561473251.5547856
1678579200,44131019219,46057310577,43909969391,45978364210,369579084.38584983
1678665600,45994091791,49720355321,45473046467,48820367943,946609646.3188092
1678752000,48836089145,50604482932,47983470712,48867667605,832939283.1851723
1678838400,48867594111,49593897610,47446565526,48551809981,790120736.4501013
1678924800,48551739445,52656927171,48014907204,52120094930,852096723.8889269
1679011200,52120021750,53841040341,51598979424,53635781243,1317251353.0500672
1679097600,53651497414,54772526348,51946270304,52404155361,796705811.0790753
1679184000,52404093664,54109318766,52309358936,53288284458,821569945.5311716
1679270400,53288215577,53730310402,52498760531,52656651540,693011814.5216438
1679356800,52656578008,53761813528,51867124065,52956570506,647610028.4085304
1679443200,52956490839,53730154539,50003937533,50809179344,1057251010.467455
1679529600,50809101276,52530105639,50493320659,52088012775,786132496.884517
1679616000,52087943079,52230044167,50130105873,50903767350,539586961.1440717
1679702400,50903699078,51361579746,50430029422,50951066044,439597830.2364274
1679788800,50950980298,52056207636,50840457564,51945684902,417844244.4968514
1679875200,51929836433,52071936928,48219434620,49056248646,371127885.3243652
1679961600,49056180399,49861415417,48408834601,49482481291,740360783.3130714
1680048000,49482411089,50492900658,49324522094,49529777787,490968062.5931278
1680134400,49529714443,50634935996,48819214874,49924436427,590851995.3983037
1680220800,49924370800,50540136284,49403338467,50050681668,436241252.3377999
1680307200,50050613431,50334812498,49434848786,49719047853,395846555.8156784
1680393600,49734775094,49940029722,49071644760,49561098102,449264489.07802254
1680480000,49576820178,49687341752,47303233520,48755802774,499292202.3686914
1680566400,48755727563,49355700894,48660994932,49071503000,760314080.2428768
1680652800,49071438765,50050341340,48992495009,49576678804,580953079.1813864
1680739200,49576608918,49766073665,49055580862,49323989255,562201607.4523299
1680825600,49323908890,49402852406,48913402606,49039712232,497233036.8101387
1680912000,49055439139,49418578856,48992284406,49071227823,448775307.5674564
1680998400,49071171778,49560620402,48865919129,49402733749,460483672.7036694
1681084800,49402671184,50334201257,49213207440,50302623967,467248812.94177645
1681171200,50318339225,52860307413,50176241624,50949884116,894989357.9060025
1681257600,50949816583,51123491198,50065654907,50523524346,704292766.536589
1681344000,50534619819,51513422202,50203089979,51308189444,685647746.8205409
1681430400,50656485145,52386598945,50438272594,51311122799,860671986.4421518
1681516800,51311063757,52417711851,50999331899,51950114065,756310504.3433989
1681603200,51950058384,54880334705,51529220828,54225698506,746600260.4402143
1681689600,54225637615,54646474699,52651395189,52994299480,1070809831.3461012
1681776000,53009814506,54069699066,52557804915,53492997173,766164714.3096483
1681862400,53492900803,53617592879,49939176624,50282079834,802539699.9701791
1681948800,50275858332,50930410734,49138183918,49558967606,683809496.7080154
1682035200,49580549315,51840586929,49190887657,50079316236,975054785.89311
1682121600,50079256488,51965216661,49876632668,51778179289,774195136.4262966
1682208000,51793708355,51809294785,51061146124,51544325468,654586493.082224
1682294400,51544257193,52058608717,51061078490,51622189242,648923661.8683562
1682380800,51637692483,52993707951,51232446481,52744325796,645589708.7565025
1682467200,52744244095,53850875693,50390703652,51544094332,791875320.4237205
1682553600,51544014199,52510367050,51216701136,51575186871,900209487.7041796
1682640000,51590704199,51621876830,49564483188,50546421063,1079876604.890689
1682726400,50546357998,50655462070,50109941709,50203459485,638908615.1368514
1682812800,50187813242,52853066678,49954019081,52619272517,459605497.5900382
1682899200,52634800951,52993284938,50842381019,51216451266,1156682000.9970508
1682985600,51209399961,51224984075,50087343723,50149680181,719297124.2744293
1683072000,50172044116,51107217352,49953837028,50826665381,794694781.5399175
1683158400,50826606226,51091571667,50421364962,50530468379,634646640.5585223
1683244800,50545993675,51356475226,50374545654,50982406818,433316564.59530795
1683331200,50982340451,51294063719,49906895177,50374480079,533965555.7888188
1683417600,50374419674,50888762449,50187385938,50296488951,520974802.8713016
1683504000,50312001474,50514621058,48706630919,49143042332,659966704.6838417
1683590400,49158545982,49532612279,48597446535,48768893588,513089799.4936478
1683676800,48768822585,49423437654,47911588567,49064957973,475155795.8074272
1683763200,49061733190,49092903287,46646050647,47955194735,525972005.65273744
1683849600,47958208230,48207584678,46991874492,48114068510,521564012.9771257
1683936000,48114004560,48737444853,47958144487,48456896721,443174947.0451686
1684022400,48456844771,49064698404,48254226893,48675048639,373087117.72869647
1684108800,48674976739,49345173345,48441187225,48862008350,434921246.37538105
1684195200,48846353541,48955455160,48222915717,48550220575,435161315.62022775
1684281600,48550155915,49033319586,47879961146,48986561811,388200355.8715696
1684368000,48986494521,49064424038,47724036342,48222785252,395656774.95938534
1684454400,48207134449,48581195628,47973346212,48175962684,368741830.0609109
1684540800,48175891914,48659053560,48004447458,48456437386,300606215.10498244
1684627200,48440808455,48581081066,47677102015,47770617089,309934070.6205556
1684713600,47770560238,48503094114,47458843695,48206963398,318675981.4575687
1684800000,48191313342,49173219144,48191313342,48861503016,390725082.116089
1684886400,48861443573,48877029360,47318450618,47692509516,366941232.9793686
1684972800,47689382612,47829645502,47112746287,47486780660,425952607.4775676
1685059200,47489773020,48113202926,47037786339,47848245216,471414647.2281192
1685145600,47848195113,47988466695,47396208905,47957295233,357058098.5590353
1685232000,47957248647,49079420211,47848148634,48985905914,344269054.8709952
1685318400,49017025552,49422253745,48409183264,48596211660,496255143.7751031
1685404800,48596138139,49001365718,48471452730,48564966787,474792986.85304224
1685491200,48564923613,48627266262,47551855566,47816811824,449086251.881418
1685577600,47816752490,47957023276,47255669345,47520625275,394772780.86815846
1685664000,47520571783,48081654297,47208859275,47910212418,378089896.27894104
1685750400,47910164485,48050434973,47536109850,47801065217,285134727.60041004
1685836800,47800988811,47956844660,47473691528,47567205038,251643312.68524715
1685923200,47551568620,47551568620,42439502246,43172023952,394856109.29541045
1686009600,43187551446,44543494057,42595300650,43842144431,983607028.6173716
1686096000,43842096566,43935609747,39571661280,40428865443,722260842.8436744
1686182400,40428818265,41691244741,40101522511,40849627090,955427578.3238842
1686268800,40849587382,41239224805,39883286574,40615804928,523398776.7133144
1686355200,40615755941,40631341419,35815428685,37249292670,985216597.1774114
1686441600,37249256134,37311597985,36423226605,36688179473,462058972.7596186
1686528000,36688138972,37311556797,34365907576,36049135702,901508295.8482872
1686614400,36049090420,38480416881,35659454769,38044024952,802411149.9025245
1686700800,38043979682,39431080949,36298414043,37077684418,759196202.683653
1686787200,37077637719,37498443192,35830806690,36828271514,628925520.651605
1686873600,36828223222,37965955044,36173637790,37295784244,471026513.5364225
1686960000,37295751512,38869872240,36984044437,38121775260,514688215.0028755
1687046400,38121741219,38760740152,37778863743,38043814520,389243118.4538253
1687132800,38043778463,38184046389,37171000260,37872339888,310387584.1520695
1687219200,37872299191,38667149915,37108619084,38620393990,375758574.719304
1687305600,38620350019,39680149777,38230717755,38791788215,670141918.7348365
1687392000,38791736021,40054142858,37342305949,37544914454,781872718.4437327
1687478400,37560459522,38916376525,37389021740,38105943374,460733376.70137894
1687564800,38121488217,38791653382,35970725595,36859084069,524329790.1803577
1687651200,36859047704,37747405302,36672025052,37233093009,590586130.5997082
1687737600,37248640109,37591514621,36453794651,36796669162,397672908.23855054
1687824000,36796630767,37560305018,36562852935,37014823410,387921380.1216971
1687910400,37014784697,37045955042,34957541927,35939407794,386969853.17938614
1687996800,35939369838,36874479200,35908199525,36328998739,437189440.09379226
1688083200,36328954136,37684861047,35908155439,37466669130,449336040.06561714
1688169600,37466626450,38806946698,37435456212,38635510387,657402024.0817689
1688256000,38635474207,38713399730,37887389188,38401697638,522483574.1474046
1688342400,38417208795,39726355058,38245772975,38386038646,665297185.7365271
1688428800,38417204210,38495129574,37482099848,37793801302,504707290.09829706
1688515200,37793756935,38011947696,36780728398,37248280030,463665852.6664173
1688601600,37248239426,38105416484,36110531694,36219626956,456999788.7297849
1688688000,36219588772,36811819570,36048153541,36718309444,518489717.0324762
1688774400,36733853123,37029968189,36546833082,36842948147,351457807.37125564
1688860800,36842916366,36967596286,36313026706,36500046586,286854640.96804863
1688947200,36500007621,38697488866,36094798314,38370204425,604992434.653053
1689033600,38370161055,38868879639,38151971675,38759784949,674939343.7277055
1689120000,38744159913,39055858706,37824648475,38027252690,504630788.50245726
1689206400,38027213147,40177932579,37855778989,39959743651,450564040.68382907
1689292800,39944135324,40801305610,37996021038,38681757267,762242693.9539711
1689379200,38681696077,39351846332,38541432071,39133657877,615857157.7219357
1689465600,39149206644,39273885646,37762152746,37793322497,392784749.8070537
1689552000,37793283936,38182905420,37403662452,38073811404,640714129.107321
1689638400,38073770065,38447806283,37014000779,37450376367,711711346.4032391
1689724800,36971875004,37556532204,36894946425,37079575015,596895175.801322
1689811200,37079559682,37694988059,36987245426,37356502451,497954096.62707675
1689897600,37343777371,37728289082,37251494560,37497582055,475031886.4791644
1689984000,37510256728,37679499068,36940987040,37094843712,331042315.85695606
1690070400,37094809834,37540993776,37033267221,37325594632,282835007.6225795
1690156800,37287980943,37380239865,36196250367,36765180386,405151374.7208451
1690243200,36771638828,36879338189,36371612632,36587011353,383360687.05049914
1690329600,36584142899,36984137733,36399529899,36784140316,358601716.27746606
1690416000,36786950489,37602386866,36694636937,37033119961,481794091.2721018
1690502400,37033082926,37433107918,36909998313,37233095422,398434822.9363243
1690588800,37233060344,37386915965,37125361409,37325373717,333039130.5951076
1690675200,37340727138,37509968176,37002245063,37325341589,378849467.67544115
1690761600,37325306236,37617631388,37032981084,37079137687,1543467938.7391016
1690848000,37079097141,38125312330,36494447477,38109926813,744282758.8974789
1690934400,38125272635,38263742149,36309783462,37032902031,584019031.392371
1691020800,37017475544,37202101358,36648223918,37079017482,563837730.707765
1691107200,37078978015,37448229249,36925123335,37155905356,391372411.6714896
1691193600,37155863166,37402030375,36894310506,37402030375,941134540.3976256
1691280000,37401919677,37725013183,37294221842,37371148867,389673132.48192406
1691366400,37371109279,37617275499,36848006061,37201870002,387956516.5759594
1691452800,37201828242,38155721274,37124901385,37709545501,433922116.31058586
1691539200,37709505088,37771046508,37294100503,37509495473,510134666.8231301
1691625600,37509455502,37540226179,36970968651,37124822037,371552517.9034935
1691712000,37124785671,37232482935,36617069994,36863235171,357968349.14994925
1691798400,36863201695,37109366648,36817045766,36955513552,351703685.2721109
1691884800,36930841400,37164281769,36868019058,36909798115,289913981.53028554
1691971200,36909054744,37098027665,36839221660,36956085845,344642700.60706884
1692057600,36953532604,36987897070,35985735436,36379915445,379676995.8117974
1692144000,36382354414,36465942513,35466528401,35648279482,506497683.98814654
1692230400,35649510795,35700848410,32892646012,33522459390,489730116.95131457
1692316800,33522252661,33857976557,32839732677,33216025974,875505588.3108895
1692403200,33215637239,33693482293,32868884821,33344334372,414671777.4144808
1692489600,33344090383,33509100053,33129522780,33303279798,440918150.04192907
1692576000,33303763691,33343668161,31754023254,32347837976,424937406.3034248
1692662400,32348317249,32699905917,31288074866,32419392076,518463907.202068
1692748800,32420344345,33618566581,32408637975,33309857018,720706330.5007755
1692835200,33311882877,33965177708,33148910728,33662901069,476358325.86440766
1692921600,33667251465,33741525837,32869789569,33578232593,381707146.21423936
1693008000,33578025563,33683900958,33222343598,33279779276,391773082.200116
1693094400,33274372823,33781815720,33195908834,33571237276,246854511.34514037
1693180800,33571276958,33726467315,33090820044,33619804587,377159579.39865625
1693267200,33619779286,35951638051,33362014721,34895906350,285616871.58139825
1693353600,34891777086,34941516296,34110723206,34416635325,630632971.479695
1693440000,34417065069,34717477279,32999895976,33305545539,363998289.5352965
1693526400,33305517241,33537035099,32486749736,32845504785,468913119.31924593
1693612800,32845478886,33168564303,32767528119,32977029753,377510086.3726968
1693699200,32976927916,33073725153,32791394965,32955150543,275498917.68698186
1693785600,32954909994,33274970394,32765447868,33079944614,317057288.9742494
1693872000,33081699214,33198503382,32835623610,32984895952,331634822.2131253
1693958400,32985129967,33547698643,32592040056,33078718042,281948625.51655734
1694044800,33078692358,33479460551,32833875265,33387202532,386788056.5006698
1694131200,33381645893,33631145730,32820198038,32999464186,473103004.3255414
1694217600,32999594441,33109924644,32927836713,32928383789,243987750.0238894
1694304000,32928873586,32937747855,32485079839,32643473044,269194380.46794647
1694390400,32643938788,32691745634,31372403456,31688855204,397665625.46576786
1694476800,31689415469,32908857702,31521608092,32402393598,498794231.85115623
1694563200,32402684401,32783140639,32170308593,32688387834,366930174.3574335
1694649600,32688292459,33047686961,32472339808,32633217300,336180543.8027253
1694736000,32633586143,33051797796,32438054885,32916836773,371737818.28595066
1694822400,32916768586,33179975601,32819728476,33037922227,613238348.3331095
1694908800,33037915667,33336882403,32818278312,33286500513,325588110.41268176
1694995200,33285556144,34018411014,33081450957,33217862966,622581935.0521281
1695081600,33211314150,33794764795,33132392913,33401645232,388107805.9544025
1695168000,33402101082,33494375392,32840019263,32962513161,386730891.8362763
1695254400,32962483686,33082227104,32189100666,32418106958,446945270.1712963
1695340800,32414765582,32609796581,32250839732,32455692498,286331434.19306046
1695427200,32455674447,32541158817,32285813771,32370031647,241281518.14149833
1695513600,32370439014,32477600670,31808753635,32034616458,207309784.95374653
1695600000,32031003175,32369980009,31784334707,32278994960,342724522.3072011
1695686400,32278882051,32842979401,32251491275,32670066173,597806404.4509983
1695772800,32669857319,33190849994,32357114564,32592087178,743325754.8513118
1695859200,32592476485,33350660064,32512707294,33063214565,338076964.17739105
1695945600,33063252122,33446505226,32968081888,33083223913,381517081.36271226
1696032000,33083351915,33282509268,32941651178,32999512338,285910833.86729693
1696118400,32999454117,33734309855,32789737210,33539579473,266447290.50288203
1696204800,33541996129,34071350055,32790258347,32998294840,458356961.0897083
1696291200,32997596100,33178015537,32679403044,32819018145,391527998.0713056
1696377600,32819253676,32869391291,32414645195,32811295435,335547361.2496205
1696464000,32812217200,32887587621,32337801935,32389733134,331515130.30731833
1696550400,32390288635,32957924477,32321061856,32814307473,351244217.4014223
1696636800,32814476673,32887627686,32542771953,32647738567,269157241.6292285
1696723200,32647712994,32720883479,32144342224,32510324817,248164619.00840005
1696809600,32510343210,32626560435,31123403131,31652745220,306947130.7374133
1696896000,31652476050,32702752710,31613173745,32070112045,509936769.2739088
1696982400,32070083602,32100720894,31434910332,31757235352,341704126.4239099
1697068800,31756981587,31839957847,31209800946,31554799065,295194542.99006397
1697155200,31552207421,31933106445,31417481075,31673064923,288577041.23862594
1697241600,31673169108,31827694497,31633971872,31757576499,263756027.11029792
1697328000,31757093565,32558824345,31732545707,32256042620,228076910.32254377
1697414400,31807638155,33174997457,31795525642,32560178631,427606774.68801665
1697500800,32560641051,32608673672,31729756757,32068074443,470966107.0349724
1697587200,32067798312,32433645087,31843363233,31891045307,336939644.1503106
1697673600,31890998866,32067647197,31581880003,32029113619,270065415.6877472
1697760000,32029035961,32855647658,31938180982,32165561217,355769099.1187416
1697846400,32165542847,32720517991,32072545816,32488329350,239076123.91282472
1697932800,32488351748,33071906076,32407416023,33028467936,291474846.6084403
1698019200,33028441619,34997866845,32915173974,34666994338,410479504.9150959
1698105600,34665483926,36025926408,33628499420,34138297046,786523288.7435082
1698192000,34137532099,34730182184,33610949471,33682811928,453384449.85937995
1698278400,33682925785,34582678785,33263716973,33845597877,477973549.3198428
1698364800,33845930667,35070263532,33357251018,34017518049,388989895.5528768
1698451200,34011249186,34555221247,33996818376,34220205566,487104594.07374907
1698537600,34220192905,34591295209,33936423908,34434247045,188865459.92870265
1698624000,34433743805,34760368153,34068839999,34579128671,264016957.96005908
1698710400,34578839709,34776054542,33969178844,34313358203,285813570.17255425
1698796800,34313259921,34747086768,33735206757,34579821425,309336568.3228903
1698883200,34579721386,35433386592,34518556682,35148026081,476735236.395443
1698969600,35152815429,35243121237,34260490754,34928652782,456524753.34198266
1699056000,34928873915,36202407718,34799408349,35983719737,274002599.8332818
1699142400,35983682455,37243490763,35836275766,37017684097,353696841.7985798
1699228800,37018299382,38762672190,36667570756,38686589260,352770930.18115115
1699315200,38689759042,38761986640,36734512195,37341848832,625575821.4942719
1699401600,37341676650,37641309751,37035520790,37408282673,468393359.73358536
1699488000,37408765135,38795135474,36475817770,38147272498,776837438.2663208
1699574400,38151998824,39115573756,37645157550,38072340368,1183819012.3235965
1699660800,38077553047,38695715749,37331181656,38145110702,782939068.2486796
1699747200,38148058861,38205321712,37129908162,37534437009,896508017.3232135
1699833600,37533994668,37953346289,36477240769,36585489148,767256576.0653579
1699920000,36585501903,37819164885,35556752482,36721982130,901809450.425702
1700006400,36725492606,38591116578,36721563017,38480159755,896988315.777793
1700092800,38479739019,38818124016,36463932750,36831141133,957357899.6399152
1700179200,36830269942,37302451815,36165344297,37143364976,885630220.978081
1700265600,37149088659,37206694855,36209179866,37137056659,756476892.410237
1700352000,37145071528,37470373979,36721366189,37397534352,617196424.6724626
1700438400,37397673683,40641766192,36298709222,38416738341,649756617.7110517
1700524800,38416699691,41239815215,34005447438,34217116343,1648072629.2169738
1700611200,34236085507,36164320397,34112902320,35837381220,2608861335.6590977
1700697600,35838808479,36283125963,34955674243,35462489709,979704721.377442
1700784000,35462659158,35904050073,35139967090,35315191820,715946091.8963916
1700870400,35315159349,35781445695,35256218769,35579798695,643045081.8435719
1700956800,35579499033,35579499033,34606967468,35158787834,528266139.91748005
1701043200,35163774036,35337864647,33799285931,34485181206,760648834.0525825
1701129600,34486661336,35149547859,34025176465,34826497536,705153985.0309474
1701216000,34826460728,35086501123,34319386137,34485086524,643858804.0752678
1701302400,34490463961,34771799271,34284480651,34522236697,594100932.6727887
1701388800,34522404261,34888984509,34441509241,34668154029,612655028.5032932
1701475200,34663706151,34913462512,34353862846,34761917573,572414202.1060168
1701561600,34762775555,35183664515,34311710985,34599188131,674075599.2257053
1701648000,34598772114,35995688061,34216460641,35422411237,1107836304.116891
1701734400,35418774491,35631131298,34593737345,35066127869,1792852496.4077847
1701820800,35072141194,35619144712,34700559287,34820473833,927159906.0599214
1701907200,34821943872,35616400002,34665491607,35290336754,787717280.4561144
1701993600,35293108125,36402212469,35251643272,36248936846,839703606.7021936
1702080000,36243701660,37247369019,35867691800,36050500689,885082033.6019161
1702166400,36050399787,36616555684,35941089599,36384516403,697945746.160828
1702252800,36386970940,37587019639,34601717238,37372884733,1082320291.7589483
1702339200,37375732079,38974371606,37246167837,38577487502,1335546473.9610505
1702425600,38587904507,38796024894,37031984434,38217135301,1340793736.4818933
1702512000,38214568450,38537296298,37654200611,38421046029,876287828.366763
1702598400,38424675237,38443818100,36862918388,37147698255,800398971.4996873
1702684800,37148748030,37634225088,36839727989,37058443531,728781817.3321409
1702771200,37059181948,37065608639,36217899242,36225395736,651007598.3908967
1702857600,36222557617,36630966333,35176636739,36630433994,849400019.8514531
1702944000,36630192450,38627167509,36614472026,38334304533,1024771422.6774104
1703030400,38339417620,39686243229,37967433453,39466890643,1109650768.4316015
1703116800,39466834535,41670749077,38884210229,41241594009,1153402000.8275099
1703203200,41250699069,41928171405,40198668862,41122124288,1146840756.7169352
1703289600,41129886483,41289447997,40329282991,41122536430,763193287.26498
1703376000,41125251275,41353893751,39756331000,40124395085,752429475.7607404
1703462400,40122825308,40689083778,39720086865,40487458948,771354928.079902
1703548800,40486479728,45969868894,40092851702,45189399802,1358605841.8400154
1703635200,45186679267,49169935140,43268142941,49153502911,2050004466.528998
1703721600,49151253453,51335070093,48585607250,48971892855,1946976296.6192992
1703808000,48972149608,49394199699,46640771516,47588866842,1655777147.117807
1703894400,47593710503,48659115192,47400682542,48084649291,1115077019.4419467
1703980800,48091940307,49362367306,46661399376,47301437929,979147179.2418082
1704067200,47303364369,47911270538,46588320148,47545654355,881876114.6750745
1704153600,47544553648,48739602947,46542528529,47363305065,1000382606.29708
1704240000,47364471971,50669415710,44638494355,47929885634,1670644928.7866378
1704326400,47927293511,49197362590,47207188728,49109862691,1555708238.5212457
1704412800,49106916584,49674886067,46881248033,48202307872,1280581045.5830855
1704499200,48203830017,48212154701,45582022655,46678734748,1219337812.8350594
1704585600,46680578940,47022855240,45532150446,45893473777,755295465.4003485
1704672000,45893519903,46747517692,44022232524,46103833730,1044423539.141208
1704758400,46102977114,46560095101,44908097631,45707556562,1206317202.6328335
1704844800,45707005836,47026616496,43849999854,46377971478,1143039063.3343294
1704931200,46377495095,48062436877,45764759931,46784019519,1416495589.117057
1705017600,46771189616,47481196867,43924596384,45002893869,1246390727.0206838
1705104000,45007792229,45951784559,44112619786,45809937881,1070407182.4405361
1705190400,45816060361,46507655058,45311262508,45432379926,757646278.3332849
1705276800,45427354894,48564641954,45404038672,48117716757,1341095464.9574149
1705363200,48127681661,48392900921,47472927107,47772562366,1406831071.7052848
1705449600,47774403536,47957981833,46552727750,46907311421,1192477813.0252848
1705536000,46248128423,47120520104,45677560833,46754247868,1029141819.6202962
1705622400,46754199090,47231698745,45649443920,47008089568,1101086698.4636245
1705708800,47008438321,47410565909,46657166742,47406275728,892266820.3899184
1705795200,47404275456,48062985407,47252837205,47618157941,701464449.0479443
1705881600,47619073230,47863973573,45398253278,45719138459,820986690.25404
1705968000,45719203303,46541806341,43388514940,44630922436,1050140586.1024346
1706054400,44632148060,44924165243,43392162237,43790403343,1012217339.1760375
1706140800,43794838289,44324154152,43000338004,43659026330,1042874523.963067
1706227200,43661074179,45444545279,43455553635,45170459047,1021314067.6933106
1706313600,45166607844,45984968956,45148637999,45704903904,793683249.3948416
1706400000,45707213175,46203211684,45335759919,45649186571,743269533.0418615
1706486400,45649141853,46500228017,45519088973,46451092928,759938011.6843796
1706572800,46453611573,46826042693,45821271970,46000728649,820355107.5525699
1706659200,46000673695,46082924575,44656245683,44935898673,767304655.7085692
1706745600,44935850181,45148206768,44307753233,44853599390,837238633.9231215
1706832000,44855050890,45604280086,44820655139,45052452595,711325269.1400582
1706918400,45055397304,45409822727,44784717972,44796681699,653852453.2820278
1707004800,44796644332,45998997930,44555874519,45545872134,603042085.4935441
1707091200,45544323289,45855379576,44787619050,45022406729,963360243.955021
1707177600,45022365976,45366322137,44938620128,45231730596,704791040.1951292
1707264000,45231688475,46152891943,44964001103,45949509359,700836588.8121407
1707350400,45952453979,47918982128,45952453979,47711113373,1098610826.547791
1707436800,47715548242,48774331836,47558525251,48454304026,1141379019.2290668
1707523200,48452757757,48668103347,47736434579,48328634951,882667739.5752647
1707609600,48327082536,48578318761,47885923687,47968173642,710063884.1422555
1707696000,47971124481,49584717701,47214425529,49050841168,733072893.2003843
1707782400,49050791307,49237722676,47686940036,48570751550,1013026150.5323892
1707868800,48564725894,50030266506,48388262841,49952503127,925075012.6707184
1707955200,49955444729,54833596523,49888149563,53022608840,1128952529.029212
1708041600,53024050078,54857467609,52536534486,53957208756,1779773646.5192738
1708128000,53948169658,54410262089,52131204277,52790695415,1268108014.4642806
1708214400,52801109247,53563785290,52246299812,52303126655,1071551967.2590866
1708300800,52312045425,53276605309,52265686733,52606647436,1190725263.395793
1708387200,52599113471,54030249615,51601654946,53040268291,1320103607.1311147
1708473600,53046191729,56715997618,52507833897,56708520426,1933193546.68435
1708560000,56709955415,57910791189,55920364770,57210926753,2288454763.043837
1708646400,57212349634,57640044025,55166594647,56129654744,1644497385.5767527
1708732800,56132589080,57302018019,55583765012,57067234971,1511867350.67893
1708819200,57062700220,58451956694,56522849212,58097539273,1125389876.566795
1708905600,58091488461,60511094813,57135908450,60059474839,1549994696.1629004
1708992000,60059402742,60407837602,58326201015,59063447306,2119782906.3519733
1709078400,59052898720,63866676759,58975136540,62045247231,1756079082.2366872
1709164800,62045153530,62809315339,58589228010,59769117770,2494806122.0399394
1709251200,59786986064,61116416544,59692774455,60951920085,1751995248.4167113
1709337600,60951828919,62067412333,60748451782,61484198484,1571403827.5618007
1709424000,61485618351,62363428887,60230962407,62023968935,1707724045.6803105
1709510400,62020888769,63384708284,61434685644,62608587310,1769901846.806348
1709596800,62606986468,63940895414,53480477167,59010516721,2519535712.190615
1709683200,58998442331,65043928501,57740897471,64264878713,3965280515.130357
1709769600,64269679041,71316045267,63332057729,70991541559,2606434601.392977
1709856000,70992917104,73289861130,69458630275,72767964343,3550859474.9415174
1709942400,72763369479,73938757050,72062024987,73171614781,3492449360.84878
1710028800,73171504504,80501964030,72657086291,79226386312,3493531478.4505954
1710115200,79233746730,79833401962,75764419705,78240801409,4510184586.696549
1710201600,78251149367,81956743851,77709815549,80379099710,3497782796.604738
1710288000,80377475418,94707844664,79543045069,94295115674,5246358334.534098
1710374400,94294964660,94453476265,84649683057,90252918742,5076391924.819788
1710460800,90251276231,94934837896,81228092615,94631273714,5388847736.262943
1710547200,94638602502,96430076988,84927554662,86215083487,4888423456.288377
1710633600,86214949166,88215774815,82000953142,85407441056,3748777083.815324
1710720000,85396876726,87752106047,80755205734,82978841290,3807787290.6802087
1710806400,82969728588,83784711323,74462505137,75895080293,4769502460.545505
1710892800,75893467519,83552798001,74758474970,83204374728,3137172166.242865
1710979200,83198296120,85386032828,80884947735,82818470334,3009398441.0349197
1711065600,82815383951,87848817482,80054920999,82780990318,2765676727.6462617
1711152000,82783892990,84908819145,81293005322,82540147062,2479630338.8574862
1711238400,82535585532,85663904642,82094450667,84893787844,1704753304.459472
1711324800,84901145834,89405201267,84477956031,87758798534,2153807414.377427
1711411200,87758666526,89291418809,85566456921,86794154115,2157350608.1279807
1711497600,86795540574,87538737577,84280334619,85865422795,2060393718.2243705
1711584000,85859334537,88408930743,85823445793,87184227346,2267775694.540189
1711670400,87187121754,92708000813,87070483464,91573020529,2554940016.601934
1711756800,91575922897,91688074991,89305964521,89865229628,2122792587.3163764
1711843200,89866645885,91047980232,89833747967,90756385045,1495314045.7094793
1711929600,90760095589,90869257730,85062729059,86139396750,1738943613.7738185
1712016000,86142387493,86495295236,81747489794,82460782140,1738943613.7738185
1712102400,82471249742,84938613200,80669326732,84009987317,1738943613.7738185
1712188800,84008491945,89385848912,83905311291,87539064748,1738943613.7738185
1712275200,87534977914,88445647932,84491934420,86447856233,2240945803.2136655
1712361600,86446293089,88412680832,86051520189,87579769826,1455975768.577324
1712448000,87579711703,88387201190,86467170630,87337464856,1321773459.758177
1712534400,87338878884,89857047461,86395313343,87681313922,1696266446.2261095
1712620800,87681231107,88238995947,85512976364,86795985032,1927317834.6242647
1712707200,86795911319,91278961111,85719261602,91156342671,1979840226.81352
1712793600,91159254546,92388428576,88533427786,90399619014,1724010937.431817
1712880000,90399547585,94214171033,85282479206,89064205077,1653456382.3123617
1712966400,89054877709,89756061902,76034380614,82742724909,2524116344.676957
1713052800,82770121915,85355566719,80278883602,84796309139,2592994530.9852133
1713139200,84797742814,87625430823,81552854933,82720715502,1520134062.513606
1713225600,82720648106,82873172665,78222668939,80419321664,1489921368.2805145
1713312000,80410369717,81914541084,76733672509,79875088058,1184752217.6426263
1713398400,79886843778,83097330705,78817678360,82556018983,1731018676.0267622
1713484800,82557436505,84398193693,78434798352,82865475482,1420681690.4612584
1713571200,82868349903,85870978050,82104234872,85389480907,763222478.917274
1713657600,85389418674,87109050074,84734463410,86690357211,774368254.9472599
1713744000,85465949819,89714627974,85302312318,89133788559,1215310863.551476
1713830400,90409117533,92486130223,89591172291,90661828221,1268367839.268436
1713916800,89485782799,91247987982,87499243287,89860657268,1286900712.573721
1714003200,89856165556,91132804080,88631182927,90464229223,1439449856.899555
1714089600,90445081822,90728395942,88076752845,88196275989,957685002.5801446
1714176000,88216344017,88455436698,86319837257,87955113125,835270771.4948292
1714262400,87942034732,89680422075,87921374781,88502804843,645885544.1567779
1714348800,88512901284,88936478604,85747103725,87465027075,850922555.5659635
1714435200,87467929234,89165189314,81999800021,85324953899,1202911824.9866197
1714521600,85323421100,85583175513,79166060814,82840995405,1758074223.0544727
1714608000,82843896144,83375211662,79813921820,82581190139,1132413484.6486144
1714694400,82587047837,87066330338,82504398803,86635374658,764367489.6185971
1714780800,86635333261,87603507204,86039079796,86447897147,766740653.8463364
1714867200,86450804849,87810084952,85556425108,87377653823,511063740.0257596
1714953600,87373185782,88881528477,86074417121,86810877987,1452857729.222471
1715040000,86812307338,88602540908,85020597896,85079632803,1519202071.605829
1715126400,85075154854,87060202444,84816877287,86838821672,1531601395.2308075
1715212800,86855010504,89222307647,86543601715,88034231462,1862072952.4809043
1715299200,88034175888,88074024381,85849888133,86416622253,1564332992.1475682
1715385600,86416580657,87709442247,85786384426,87380323372,1563988010.3992028
1715472000,87377332799,88428151341,86704336654,87749251721,1178303261.8754306
1715558400,87743302224,88243621464,86348606997,87296114230,1637634248.1836746
1715644800,87293116555,87486455157,82951115289,83678717812,1529791297.9545033
1715731200,83680150598,86611221323,82794630741,85719798001,2095131832.6284757
1715817600,85713865055,86586101814,83477928185,84029902040,1881594781.894904
1715904000,84028358168,86267244957,83930951096,85743312979,1691003290.4203672
1715990400,85747698439,85905615887,84789862703,85673905239,1428684322.8890111
1716076800,85676818198,85881963201,84364775695,84810486422,1324125697.0868585
1716163200,84811918784,88832168440,83960346078,88513382124,1435074150.9838035
1716249600,88498886532,93171091751,87592779772,91286566778,2147745851.7704587
1716336000,91298210250,92409533253,90048156354,90715245328,2248288613.4155135
1716422400,90710767495,91022173902,85595437620,88403998714,2137774841.2661605
1716508800,88405418941,89289458372,86807063843,88532342799,2513555812.201135
1716595200,88529346893,89481275354,88454078131,88855511528,1559279923.905456
1716681600,88867274711,89279038913,88262173196,88558820524,1321137554.2993102
1716768000,88540144667,90588202675,88435380893,89044781439,1478261526.3288786
1716854400,89067906318,89318801829,87580243525,88713700891,1908876091.6210227
1716940800,88716603733,88982257657,87465078580,87811904537,1696287154.3628848
1717027200,87814806490,88759353240,86455544683,87699689855,1809085089.7238224
1717113600,87699643917,88354922881,87034033978,87602237584,1590407028.065311
1717200000,87603673812,89669867811,87448709263,88743032217,1527977165.1828938
1717286400,88747424112,89343668426,87915043435,88909767860,1716956735.1003892
1717372800,88911200793,94146046242,88701629873,92407493115,2617635697.149712
1717459200,92401184609,101525751782,92234424769,101175998844,2694981387.6464586
1717545600,101177228966,105558722443,101109344594,103139972760,4062607511.6616383
1717632000,102982538755,106336308475,102007057404,104753729969,2762591790.381901
1717718400,104906647709,104989283903,97432499132,100879608920,2990744529.702748
1717804800,100879554578,102495386421,100019253241,100695098889,2622585407.79621
1717891200,100690627021,101019695825,98910999320,99304996498,1888863340.9957137
1717977600,99318481857,99570851394,90578526294,92234424663,2486588446.5471053
1718064000,92232900360,92752397614,87947048009,88854692360,2877917323.0339303
1718150400,88857599584,93704270409,87259260820,91384244058,2241634919.972812
1718236800,91393045496,91441748311,87898249583,88476779988,2123695356.849766
1718323200,88478214215,90323016934,87064357412,88988855608,1748344754.088782
1718409600,88990291781,89906789362,88715785258,89694268184,1706282835.7483099
1718496000,89694233196,90235866821,88675902946,90097137773,1445715490.062682
1718582400,90097102817,90347995680,87263489310,89123048174,1576003176.5841045
1718668800,89124480124,89260257371,84832738445,86842832037,2191981176.0363593
1718755200,86842788470,89385658897,86552048206,88396846833,1935003507.8684936
1718841600,88396801125,89670449439,86296683455,86681877209,1722758326.5737681
1718928000,86680358494,86912064967,85223706972,86456031208,1799793434.6539094
1719014400,86448587773,87221833595,85703379491,87183466436,1519162443.328875
1719100800,87183434706,87471188295,84980275179,85188343159,1378477905.3006623
1719187200,85194091270,85812466426,81371676823,83775813168,1774299897.7519774
1719273600,83775777432,85503980293,83576539699,85276701693,1799958479.4798906
1719360000,85279620398,86247767826,83732945849,84552033993,1530883668.2894084
1719446400,84556428267,86191652244,83563192043,85796128755,1587552307.1707509
1719532800,85794617230,86235891387,83393436451,83628093946,1644911007.293529
1719619200,83619205472,84538649250,83526228011,84004397809,1541631655.641781
1719705600,84008794023,86200404780,83744620066,85791599272,1397002123.33117
1719792000,85797487677,86663801004,84937077678,85010869273,1556801394.5006053
1719878400,85009338321,85782673737,84638904754,85496362533,1520219981.118965
1719964800,85497799878,85609962979,81144100547,82025171225,1724227993.3550692
1720051200,82025128847,82247979104,75448832509,75705626846,1924547157.9247367
1720137600,75707049338,76084861429,67209228954,73415087710,2853532879.675868
1720224000,73416532138,78311853111,73212867895,77658061374,1642051609.6856053
1720310400,77653603162,77724442871,72111871785,72427698819,1641644346.4276135
1720396800,72423237571,77294941099,69551279054,75335043406,2166787076.394191
1720483200,75339456220,76855129819,74749125705,76275130087,2294250405.156924
1720569600,76269180072,78113961803,75481089316,77435082126,1630668112.7813268
1720656000,77435048033,80363084307,76793064273,77458661228,1586172153.9753108
1720742400,77449768251,79316685624,76314859587,78779485684,1700004570.2247252
1720828800,78779451687,79605912776,77843779668,78580215531,1453167254.2212064
1720915200,78580186104,80823436792,78434079645,80424964630,1504569558.9467955
1721001600,80423455588,86607150654,80298010700,86388728966,1775799889.1685581
1721088000,86378350408,86714837686,81978926830,85063393545,2061225318.5885005
1721174400,85063351742,86215967685,83324834994,83972720268,1867549527.323476
1721260800,83978587464,85510488661,82904190478,84396244534,1626715160.5486567
1721347200,83315960372,87189935447,82322334573,86443987633,1668248033.9614224
1721433600,87554405835,88276081061,86623164388,87573591475,2007806723.7774627
1721520000,87570602783,89071509520,85919162628,88910645376,1513368103.074404
1721606400,87926193890,88382979873,85686045380,85716692363,1996010580.532796
1721692800,85707897380,86595200103,84290839907,84970910743,1997428366.849363
1721779200,84963576052,85970547444,83267777853,83888013855,1719682447.9948184
1721865600,83898188406,84044126217,80761984838,83266277682,1858105197.9954135
1721952000,83266232519,85021863438,83203479294,84756256765,1794654777.5428402
1722038400,84751843022,86506013826,83642716723,84868593158,1595231782.479944
1722124800,84868556184,85350150288,83868883573,85210050185,1729199766.9315755
1722211200,85169141963,87085841499,83500417252,83764437508,1631975047.907057
1722297600,83804598357,85825832467,82712986001,85806860594,1801263783.5240295
1722384000,85812663649,86495650785,83874614681,84100817686,1835625509.0414836
1722470400,84094936666,84321139554,80787996390,83916893103,1822468159.5614204
1722556800,83918315722,84210190288,78794457723,79170975913,2074101707.7787375
1722643200,79168039844,79464292463,76007038990,77196427585,2059813597.7600367
1722729600,77191997100,77615214840,71053880493,72447580293,1735115493.8257272
1722816000,69885693552,70326253099,56377546666,65295710537,4163256533.096907
1722902400,67711797812,71951264441,67684069803,70776472484,2634272994.323718
1722988800,70776439668,72619621722,68374319586,69301018403,1933786483.9400415
1723075200,69305363600,76124988028,68254618984,75472650746,1787507678.3015547
1723161600,75469696126,75628767110,72816567233,74274474694,1729893841.2430298
1723248000,74274444745,76672183476,74061377274,76364257200,1456982623.3718429
1723334400,76367147952,78188436351,73312695532,73477603857,1469524337.7568302
1723420800,73473194947,76472190212,72906961291,75660783221,1702307774.2775717
1723507200,75647612378,76879315921,74907714634,76495503087,1808673740.5889668
1723593600,76498388288,77571020643,75272522740,76400610917,1611402309.243322
1723680000,76399117102,77909557899,74459623556,75762834795,1632679355.5784228
1723766400,75759877698,76534799106,74437695408,75841601990,1615405572.017711
1723852800,75843027236,79920483809,75667903833,79063838495,1503689708.983384
1723939200,79066729593,79179100404,77493538237,77522725460,1605843251.962022
1724025600,77528532141,81827808483,77235200659,81525720838,1461116072.7081785
1724112000,81522767779,83904443283,81521308419,83114929529,1850730197.6818097
1724198400,83123629306,83927736115,79740835143,83199515974,2043800149.2038684
1724284800,83200871042,86077264026,81737135799,85098035364,1896128241.8320477
1724371200,85092095373,87234429118,83851643272,86357356515,1980802900.1489348
1724457600,86358769109,86488651670,83984399139,84775369344,2090770646.5614493
1724544000,84784087706,85232109375,83072265497,83777133465,1852814991.3403945
1724630400,83778550061,84017883990,79814946696,80049902565,1685730449.4543455
1724716800,80045488162,81485869143,76122748469,77836028379,1794530652.6495433
1724803200,77838907435,79760873783,76283238394,78346761869,1972831393.8013792
1724889600,78348187722,79600311049,77494467271,78300029132,1679194883.6162674
1724976000,78301453860,79283596781,76221879323,78095685432,1589856354.5655477
1725062400,78098570957,78990233765,77506074884,77749786323,1495643883.8050177
1725148800,77749750207,77780396542,74121807962,74758084237,1367925505.5277107
1725235200,74759510426,77319207882,73206763508,76806976521,1707122497.6866047
1725321600,76805486584,78542110735,75592768375,75705138173,1521206991.420877
1725408000,75697805949,76401211368,72374872053,74079389747,1748343727.2875845
1725494400,74070600687,74832379661,72507640381,73317577794,1619450408.2277298
1725580800,73319007386,74346387041,68793575132,71061398970,1572803815.4711597
1725667200,71070119890,72840305833,70464491559,71990966824,1788214916.965516
1725753600,71990939394,73945002110,71612969085,73397747802,1320646512.661603
1725840000,73406477331,76690001993,73225518639,75680135741,1421613742.5238786
1725926400,75681581204,76485679763,74950449847,75456842224,1599090866.098879
1726012800,75458244624,78123004805,73927393896,77368524513,1469839502.6911132
1726099200,77364106461,80062430133,77359728434,79478693265,1729712053.5547943
1726185600,79477199369,81622431426,78630781278,81175872916,1692245977.1563177
1726272000,81180215819,81647204909,79967503528,80793490480,1642994147.9449234
1726358400,80789084981,82006174881,80555590515,80765735534,1370780670.6878734
1726444800,80756942488,81009408263,76917419634,77873287163,1839130924.7705784
1726531200,77871795284,80631405577,77193202588,79687213160,1673540181.2118874
1726617600,79687179546,81689391987,78362100176,81658745878,1564969854.1913176
1726704000,81667465839,83471207445,80726192913,82737160497,1890713085.7333612
1726790400,82738556530,84216864660,81613407893,83049395258,1912177308.6397233
1726876800,83043524399,86103752334,82684527702,85916957305,1766440844.7684207
1726963200,85918375649,86731225504,84142364385,85884810933,1523346633.5662036
1727049600,85894990010,89893567502,85149269901,88221169763,1888728519.1131663
1727136000,88226966404,89477615794,87437466613,88421057849,2124838108.4904604
1727222400,88422474719,88755202752,85279070409,85743138455,1859177829.644817
1727308800,85737262910,88835426502,84774103244,86999585805,1854758572.0235972
1727395200,87000987223,89696373160,86990771900,88577065627,2222058554.0440974
1727481600,88575478094,90239114001,86800933126,87723229524,2104783739.0073423
1727568000,87723187247,87977110500,86482757564,86920556275,1581154882.443969
1727654400,86920515512,86938027452,82276932684,82818343504,1942093637.8163257
1727740800,82818298725,85052529229,78336703768,79852945110,1707865916.3200755
1727827200,79852902889,81443569095,78117763330,79150966700,2168701500.269753
1727913600,79152386367,80357789695,77968872929,79482194057,1785673698.8514283
1728000000,79485080460,81383662899,79060416748,81033424786,1538641578.1086068
1728086400,81030490538,82459169900,80521186047,82146874309,1516935640.1924808
1728172800,82159996954,83431069020,81891481156,83226763522,1368008003.791477
1728259200,83223764612,84868422290,82263529695,82339414521,1570653699.9182343
1728345600,80145828348,83298245136,79503695681,82465745705,2013130962.5423312
1728432000,84715114654,85402455423,82593260134,83239739881,2047988486.5934596
1728518400,83236781304,83521349002,80430506006,82194825733,1631349914.0129144
1728604800,82194790868,84179467304,81684028550,83629303322,1636854687.595545
1728691200,83632186178,84469836021,83630726857,84088953427,1580827725.5447817
1728777600,84088922498,84373489849,82419460707,83481845483,1429894465.4805105
1728864000,83481807557,86369800026,83138867572,85932004300,1661498641.025762
1728950400,85931963914,87484678690,84290230715,86743344944,1819095748.2424731
1729036800,86743298845,88335414372,86039907750,87671424853,2107972938.2017825
1729123200,87671386342,88438987074,85386095947,86482043001,1807340714.341958
1729209600,86489300838,87880029299,86337531940,87418885339,1653056560.2536814
1729296000,87417393386,87745739437,86881824493,87221845071,1561875723.7305896
1729382400,87058982454,88415045909,86425376007,88228605391,1447960721.3397489
1729468800,88395068685,89232715317,86299492791,87348740053,1871961254.099514
1729555200,87348704578,87531118840,85623795315,86617588215,1825903662.9997523
1729641600,86616091615,86681760721,83571963719,85310006060,1656103270.4336843
1729728000,85309970944,87172054163,85041457376,86670050536,1687330161.615007
1729814400,86667097380,87138455248,82543080858,83868136414,1499550937.3468595
1729900800,83869557190,85499608265,83271239427,84952366409,1721137741.0543575
1729987200,84956716428,86131461893,84777221158,85880460377,1354081658.833086
1730073600,85878972862,88102962303,85343405851,87589284952,1527218290.5157325
1730160000,87600924442,89301020679,87497313427,88426893944,1748373723.0537672
1730246400,88416641667,88498362997,86697575121,86894581898,1842667781.752306
1730332800,86891629012,87003995797,83333833948,84114564202,1686617094.9994302
1730419200,83054891584,84243716220,81716202993,82465522764,1797053454.627351
1730505600,82464043714,83062058255,81007193832,81877557164,1553279698.4138322
1730592000,81880410965,82011541819,78815407373,80337101681,1505762765.952388
1730678400,80344277132,81331360671,78308147144,79590635247,1573255361.550858
1730764800,79587725298,82390465167,79394631652,81125269483,1579774440.7325351
1730851200,81122345729,85709037971,81122345729,85311322904,2246392026.8291306
1730937600,85311280851,88142837814,84672919663,86270984127,1941664370.6935005
1731024000,86273828954,87353134425,84821305702,86197456203,1852223426.6097796
1731110400,86197419987,91990218616,86155631142,90063608724,2705282337.4517694
1731196800,90065009755,92846128261,88209009426,90455519141,2524331468.345834
1731283200,90451145817,95915392192,88400612434,95124286902,2939477041.900086
1731369600,95121338021,96229461045,88413519196,90263753218,4052432793.3143306
1731456000,90246408702,92051970913,86373023849,89523031025,2866968022.454948
1731542400,89525852623,95237938636,88135296871,89743442176,3793737130.636912
1731628800,89749133980,90537355105,86982434604,89246228729,2726258985.8008323
1731715200,89240412430,91322640687,89001208353,89737553432,2230076784.166542
1731801600,89740387799,93318360131,87254684105,89187048542,2542689999.8485312
1731888000,88257533779,89887311653,87293640652,88281773695,2130782335.9763663
1731974400,89162847727,89537275812,87211501365,88680411542,2140835846.1908257
1732060800,88684687114,89473865909,86533166823,87316585189,2065246953.4154131
1732147200,87315097729,90695027705,85490482782,89629348888,2553572864.5471888
1732233600,89632169270,92175395667,88687460031,91250847905,2733801526.480733
1732320000,91247914432,97999125298,90985815376,93730654947,3041074567.1051044
1732406400,93726281616,99094988926,91862787180,95088619898,3240478310.0803823
1732492800,95081356979,97510810651,90365019828,91708635877,2645813133.802742
1732579200,91702802038,92960010904,86423388862,88348804960,2756055219.7614727
1732665600,88347304964,93043473731,87519246994,92742492660,2432490256.109061
1732752000,92745307416,95654309015,92242712585,94254532008,2782684584.0423803
1732838400,94254477285,95592329224,93412019391,94267438176,2109615210.306334
1732924800,94265940834,97543604089,93357238939,94173774556,2355708203.2545757
1733011200,94169398170,95688700751,93000039216,94517901700,2006297636.5421033
1733097600,94525035190,96113461312,90600773011,93348476584,2382509507.0214677
1733184000,93345536667,107789692436,89802902251,105890206747,2547206082.267303
1733270400,105884339187,114342010270,103971894577,106579904509,6387873189.368587
1733356800,106579813811,106661899089,99579523644,103443292111,4386694289.217016
1733443200,103441787256,107518686877,101703596567,105275023998,2953142014.902303
1733529600,105276399108,109730600006,105249037382,108104737473,2642856710.5680285
1733616000,108110439228,109141543694,104873116825,106923805037,2275167923.8743806
1733702400,106926620382,106977023503,93107524770,99373352720,2340248096.279684
1733788800,99340149850,101504602102,93578357795,97508357925,3393073177.0381036
1733875200,97506853892,102712768569,94931978252,102480914554,2636348393.013448
1733961600,102482275443,104557439274,100798814985,101691668265,2481091835.725356
1734048000,101691599669,105100280777,100412804222,104525686877,2389667224.704751
1734134400,104525620725,105429993509,101570568250,103101377597,2189965844.9679785
1734220800,103101325305,104230350629,101193214904,103495908135,1807850710.2248328
1734307200,103497295244,105094346830,101380373845,103734908870,2095096759.377689
1734393600,103743471923,106181529918,102623088509,103360410241,2156264240.3105335
1734480000,103364656814,103982451341,98121323776,98854324742,2585197554.6834893
1734566400,98848494880,101485280389,93428035756,95760964497,2798187678.6795273
1734652800,95766650094,97824522051,89031403669,97627231317,3329434892.6782284
1734739200,97631492170,99781527833,93903131599,95459855345,2264421708.084224
1734825600,95482850914,96374258442,92029546792,93514265954,1231561472.7536426
1734912000,93514219836,100472667412,91827890756,99876475918,1565316413.6904092
1734998400,99867782805,100508616319,98200175594,100222041332,1414095977.5091717
1735084800,100226312317,102638437279,100155748661,101111958199,1049116212.1857007
1735171200,101113349425,103567235366,98237521830,99185090462,1112689630.680256
1735257600,99186479161,102269675803,98636371213,99503295257,1202134056.0424607
1735344000,99501810921,105123854048,99429807295,103843629576,1647195792.0755446
1735430400,103840704118,104140239072,99212313051,99866105691,1890207510.4739776
1735516800,99866059263,102366022908,98878170403,101381014191,1705995376.729858
1735603200,101386727460,102737513642,100407479481,100966226857,1823965697.7675836
1735689600,100953225289,102165764206,100650810595,101725102794,2233063778.6266
1735776000,101722176663,102855511219,100381472124,101504726195,1790203363.5769281
1735862400,101526275107,102933222111,100309417155,102820896762,1732829411.852501
1735948800,102825172312,103872101717,101916489432,102681165517,1737980436.1602533
1736035200,102684005565,102789130485,101164734464,102112298809,1427267617.173687
1736121600,102115134483,107282094045,101654313118,105038470021,1597298757.8043017
1736208000,105032687509,105615914426,99530193556,100535359947,2059963936.041603
1736294400,100532374881,101848594254,97146782161,100192519550,2388275452.2074685
1736380800,100192464948,100998900886,97184170887,98660236666,1992359225.2662404
1736467200,98665937246,100887954924,98393765282,99830948459,1816588701.2487829
1736553600,99830902906,100985833148,99419044989,100319084143,1559105622.870376
1736640000,100317607181,100549457181,99302363388,99797744756,1284321833.5948904
1736726400,99796257841,100738058023,94956211338,99122309086,1671714679.0564528
1736812800,99120820169,100771129766,98811207111,100604082721,1842314025.6178727
1736899200,100608359588,102902375345,99120777493,102863493722,1598368625.6380923
1736985600,102870642839,103338662142,100909281944,101972045777,1980909996.561866
1737072000,101977749582,105099796621,101964789055,103907428103,1938963010.9837277
1737158400,103904496281,104193947915,100141625038,102234029139,2143240622.4051812
1737244800,102233968695,102792710823,97248491259,98275251921,2373258143.2988405
1737331200,98265099743,101967483662,96526952179,98147015153,3043601490.12051
1737417600,98146988873,100260990482,97094308235,99571203853,2856613865.9192023
1737504000,99563936746,101375525464,99366649262,100150038978,1857074307.9333344
1737590400,99097069554,99352110825,96897160489,98235058553,2002690587.479158
1737676800,98235005782,98504295024,96733255193,96966924165,2056945532.0009737
1737763200,96965460829,98243515613,96553690670,97787576337,1530899721.21409
1737849600,97791816676,98404484866,94684306628,95061881210,1464419066.7885864
1737936000,95061837569,96926912666,90865774804,96839999311,2092307410.1429627
1738022400,96834278809,97285943191,93946191421,94202657001,2289090424.2780523
1738108800,94204029829,96762984977,93907669767,95104508478,1760234978.588491
1738195200,95108750167,97268758335,94910701924,96533557665,1627441738.9393861
1738281600,96532103142,98226198737,95979278003,96533527949,1462916783.2222378
1738368000,96533495374,97074921874,92687942416,93005674283,1632191286.1697996
1738454400,93007067463,94443272007,85505463373,87986050785,1673553856.7945292
1738540800,87987406655,88159808057,71805896512,87916166406,3893555821.452594
1738627200,87918977536,88275178625,79602394515,81682608874,2590391998.456498
1738713600,81682575886,82611547951,79988484192,81152548880,1887730498.1847444
1738800000,81165330951,83999264231,81061320328,81463114790,1504608717.6573822
1738886400,81465900552,84050491272,81302048329,82320781716,1738936046.806942
1738972800,82316465886,90282529527,81746545397,87266225337,1528550224.861272
1739059200,87276012222,92355417716,85872586019,87750470014,3028271100.506184
1739145600,87751783010,88667927069,84986253275,88139327620,1989603289.1618185
1739232000,88139235088,92155731810,87663353603,91507450147,2010197877.695243
1739318400,91505949272,100470751104,89351661229,99279623588,2028623678.6036673
1739404800,99279344645,104314551361,93983401418,94712893732,3832032193.056323
1739491200,94713703665,97573237982,92899958182,94001313452,4721253317.983324
1739577600,93999706039,95652448124,93129166890,94360174787,2051992855.1679685
1739664000,94361482565,97695458152,93123352314,95923036942,1782125109.9811082
1739750400,95924339676,97192388607,93764382172,95115067999,2082244335.483792
1739836800,95109267904,95201878121,89799140549,92340934807,1954723938.8250785
1739923200,92342223352,94550617572,90794922627,93066006748,2017108128.2971091
1740009600,93067335842,93896551400,92044351701,93504739925,1758783146.8630314
1740096000,93501805166,95225774084,90499819619,92253708659,1676461896.9739017
1740182400,92255080804,96802936712,91877517578,95192950128,1911381569.8543973
1740268800,95198587650,95630291739,92423143546,93779520747,1861344959.8444664
1740355200,93782308925,93940457844,87047444603,87501944649,1613525352.455148
1740441600,87509004855,89460931535,83533913297,88794141983,2574903180.3079515
1740528000,88798391488,89921105207,84569693118,87024560804,2589091809.8066816
1740614400,87017354095,88145765793,84787601182,86143974839,2110334812.61247
1740700800,86142489471,86296363685,79703993417,83703298224,2200627362.9775996
1740787200,83701829719,86780737154,83519460375,86569872601,1694370761.422419
1740873600,86562708748,90383914635,85703578565,88850873049,1533003707.4661343
1740960000,88853653045,88932014775,80879278468,82067527244,2442907485.027856
1741046400,82064629274,83777188249,77922858110,83147445265,2109080938.0941188
1741132800,83145974036,86296111954,82715697396,85220420354,1780025765.2628052
1741219200,85220379100,87274877824,83979416279,84983869538,1619978048.604909
1741305600,84983828775,86914372766,82286766210,84734496525,1653716164.5934834
1741392000,84733032916,85791625926,84061973283,84475152251,1690874901.0915778
1741478400,84476544022,84482243040,78377169992,78978416393,1097870781.1846075
1741564800,78979799466,81656911765,74535992515,75682919285,1783061244.452464
1741651200,75681435760,80595407634,72273427433,78590780662,2564469459.391411