time,open,high,low,close,Volume
1435449600,64706254.05126524,65746986.97158241,58771323.400542736,62588620.36686611,6329740.811549123
1435536000,62517621.09659433,67098684.11285734,60845470.3765645,65464437.40253353,6329740.811549123
1435622400,65157240.2321167,70060420.84056091,62795908.843660355,65831833.822770596,6329740.811549123
1435708800,65494508.26759386,68493912.49160147,59515400.40591335,64858894.490335464,6329740.811549123
1435795200,64641381.458361626,67534391.06788874,62359452.18991661,64553445.46022701,6329740.811549123
1435881600,65329504.52326822,67484475.16222715,62935107.04943657,65243087.414176464,6329740.811549123
1435968000,65451685.0545702,70471732.58716965,63629474.31187534,67472112.14158773,6329740.811549123
1436054400,67963274.290555,72433918.18246174,61665684.212228775,66896268.482020855,4992390.829916485
1436140800,66445242.919706345,70971806.67353106,63328348.27092981,65375093.23217249,4992390.829916485
1436227200,65783698.23842192,68025907.53400421,62121402.82053089,65020518.681352615,4992390.829916485
1436313600,64868422.490366936,68052191.83958721,61514236.56150389,64883839.57331419,4992390.829916485
1436400000,64217830.74867678,71381764.92629194,61344050.270700455,66606181.54862547,4992390.829916485
1436486400,67339619.52905607,85717764.01380539,63073189.10272074,72599429.7973566,4992390.829916485
1436572800,72883817.68843174,79852480.73213959,66864655.05206537,69798008.5322895,4992390.829916485
1436659200,70210997.04262829,79962263.68524265,66636079.3394227,75268667.81483078,22636125.54305032
1436745600,75087580.94520092,82306079.14608097,65643753.58477545,74215796.57760859,22636125.54305032
1436832000,73073458.72469616,77539076.80790901,68736444.9297204,72282532.37102842,22636125.54305032
1436918400,71766177.7335124,76944361.62256145,68608543.25145102,71666480.2337408,22636125.54305032
1437004800,71613044.11072111,78061304.30229807,63009012.74176788,66392300.414079666,22636125.54305032
1437091200,66059988.27207184,72007640.34267187,63222259.06416178,69119766.90615702,22636125.54305032
1437177600,67838261.95049477,74300745.29970503,65232658.4452734,68313317.77019739,22636125.54305032
1437264000,68343059.08095026,71106404.18088627,64704624.46864748,66987154.76967716,8519478.232164387
1437350400,66884444.75647974,69775801.21407652,64883544.39983463,67567828.41317797,8519478.232164387
1437436800,67411921.7302022,71005412.5105691,64451653.514624596,67133244.56713295,8519478.232164387
1437523200,67117993.73323631,70633408.67579699,65030995.576010704,68378763.41709995,8519478.232164387
1437609600,68570472.71795368,70508495.91925383,66443524.75963783,68385044.72503996,8519478.232164387
1437696000,67938204.82375431,72768875.26701641,65439681.87940216,70258437.92062855,8519478.232164387
1437782400,70094099.9474411,73638972.73849392,68070279.12974215,69931146.81724882,8519478.232164387
1437868800,70360780.85068798,75364206.00259113,67924859.06869173,72728019.4906187,8969147.240483575
1437955200,73079473.02279139,76044502.1138649,66860905.31807661,71931393.58745956,8969147.240483575
1438041600,71786221.64310265,75627544.8474617,68753731.26698923,72827179.12434578,8969147.240483575
1438128000,71500763.2259922,75530044.48175097,67422583.41728163,70942067.33583736,8969147.240483575
1438214400,72257994.74002934,74468358.81060505,66346642.83277798,72632522.6228962,8969147.240483575
1438300800,72644194.91032457,78012895.71403551,68365093.19621038,73922628.029706,8969147.240483575
1438387200,73923138.38255692,76035520.84204483,67777764.14756203,70305429.44401455,8969147.240483575
1438473600,71395064.48283195,75248858.17317867,67205407.44113016,71615305.14435291,8102584.738043886
1438560000,71870919.1001687,73405985.84820509,67211548.83589935,70724780.54995823,8102584.738043886
1438646400,70769868.62625742,73312172.43103075,67701747.11490107,70554159.25249338,8102584.738043886
1438732800,70828238.7191019,75897624.27739525,67443354.44352913,70491563.22446394,8102584.738043886
1438819200,72437397.94243622,75834864.33607149,68049922.97458982,71397502.19414663,8102584.738043886
1438905600,71035278.66718674,73846968.56668997,64543975.45541382,69534009.06368303,8102584.738043886
1438992000,69623930.6095419,71470995.74602938,62954775.232299805,64924626.0765686,8102584.738043886
1439078400,65006694.69640446,70911593.72933578,63561619.32721424,65816015.990036964,6953450.440344594
1439164800,65633906.6899147,69269885.42471695,63788958.313216686,65949320.11551952,6953450.440344594
1439251200,65384596.58731651,69481623.76904345,63700836.51268387,67273000.50839043,6953450.440344594
1439337600,67176371.08190918,70526499.8563447,64522663.97736025,67146710.57896757,6953450.440344594
1439424000,66885190.62546396,69988498.4872694,63459057.87316275,67134367.23314238,6953450.440344594
1439510400,67076040.33538103,69673237.5249362,63392182.47469139,66340802.33191633,6953450.440344594
1439596800,65800532.20544577,68380904.52385807,62923014.18658447,65096140.49185324,6953450.440344594
1439683200,64927734.41681242,67613424.69427109,61424148.24501896,63408206.42466545,5518244.065683849
1439769600,63372172.05773735,66694200.02630758,61519661.84655857,63012051.0582633,5518244.065683849
1439856000,63243809.72651386,65707168.72740793,52249680.90764475,56264845.40297794,5518244.065683849
1439942400,55683706.650698185,61290557.17487955,53700865.73386097,56336528.77900076,5518244.065683849
1440028800,56151669.42990112,61165564.625554085,54528049.040922165,59042659.6874609,5518244.065683849
1440115200,58951181.72566414,61396015.01667261,56495192.173945904,58046623.74899292,5518244.065683849
1440201600,58294004.19179821,60531133.57492733,54287160.50637388,57030764.87595606,5518244.065683849
1440288000,56755160.788564205,58469451.44655037,54422597.62197113,55751930.14441681,3948635.5900244974
1440374400,56129337.799478054,57492708.263869286,48025174.55398846,49848552.15638113,3948635.5900244974
1440460800,50071090.75194883,56417306.87984657,45704476.906887054,53569416.75771427,3948635.5900244974
1440547200,53643589.742278576,56955102.92040205,50774061.01608801,54290622.16526127,3948635.5900244974
1440633600,54310533.02190828,55680851.907560825,51915739.80443716,52649588.52311134,3948635.5900244974
1440720000,52834438.77080536,56123507.59924984,49729758.67103624,53408615.80885935,3948635.5900244974
1440806400,53676867.96524906,54983504.208415985,50470549.52655792,53567584.22234869,3948635.5900244974
1440892800,53331474.343826294,55616068.19773817,50922270.691982746,53405276.78521061,2826403.2806787603
1440979200,53182879.18520594,54550950.602124214,50146699.518350124,52763857.74505806,2826403.2806787603
1441065600,53024076.53085899,54035059.7882185,50241983.887652874,52295845.786735535,2826403.2806787603
1441152000,52188719.78284454,53838652.97918081,50498825.87740135,52089261.95087767,2826403.2806787603
1441238400,51743167.60127783,53174421.730370045,47529148.06254053,50804314.402646065,2826403.2806787603
1441324800,50880154.34815025,52510835.84503889,49619363.94788551,51630043.856696606,2826403.2806787603
1441411200,51483534.282869816,60920138.3838253,49649000.0199213,57342569.64433479,2826403.2806787603
1441497600,57447493.20998049,61577332.062120914,54595468.242972374,56648757.447989464,5474170.356343914
1441584000,56623695.196157455,59628983.46424866,54221915.94613886,55725550.75257397,5474170.356343914
1441670400,56037157.51237917,58911599.482578754,52858292.51243925,54849543.33150482,5474170.356343914
1441756800,55101938.21217203,59338330.233594894,52562990.84354448,55630834.50548887,5474170.356343914
1441843200,55935889.05114746,57921189.59234667,53024364.44170666,54989606.261258125,5474170.356343914
1441929600,55435584.66821718,57322079.477948666,52965105.43161726,55081929.25380945,5474170.356343914
1442016000,54838246.47018957,57046419.11944771,52283352.220664024,54381597.1858902,5474170.356343914
1442102400,54395861.47124386,55855729.535404205,49673118.136861324,51724554.95805645,2444274.1631081086
1442188800,51848540.19015312,54097497.934885025,49291487.20389986,51363902.90992403,2444274.1631081086
1442275200,51360383.93332434,54910530.060389996,48941664.23263645,52337194.57506418,2444274.1631081086
1442361600,52111808.09315348,55986168.51766157,49257546.55891991,53656515.744121075,2444274.1631081086
1442448000,53501125.07818508,56698042.45145893,51483452.69274855,54325929.51311636,2444274.1631081086
1442534400,54308443.35592604,58595426.35144949,52565033.57496309,55171737.82175207,2444274.1631081086
1442620800,55433095.87243414,57548826.3832922,51085338.16334152,53728283.27800751,2444274.1631081086
1442707200,53575002.12019396,59231723.209686756,51417155.59316254,56125017.53568792,2269859.1877756845
1442793600,56881039.20825672,59252289.24476099,52488401.001066685,55012686.02599144,2269859.1877756845
1442880000,55097431.22849941,58116075.37035227,51609006.65961313,54342303.88309288,2269859.1877756845
1442966400,54265829.861792564,56877992.05384159,51193168.69518566,53977649.18875122,2269859.1877756845
1443052800,53760683.21296549,56692017.229619026,50521127.4440217,54001617.77765989,2269859.1877756845
1443139200,53950306.700838566,55916282.49691486,50447459.57914591,53100104.3289628,2269859.1877756845
1443225600,52917426.845263004,55412202.96438217,51155908.26416683,53013688.14832449,2269859.1877756845
1443312000,53222875.82385397,54988446.76925135,51431081.85679245,53199701.89131117,1495752.1022080388
1443398400,52821389.94384909,55578742.634317875,49937984.12379074,54065392.84853315,1495752.1022080388
1443484800,53756807.802206516,55722339.32903671,50510250.96104431,52849132.11248684,1495752.1022080388
1443571200,52756607.48892546,54439909.758547306,50378310.065840244,52919888.86029291,1495752.1022080388
1443657600,51817682.38226843,54577031.12286377,49232320.45731068,51138153.77874422,1495752.1022080388
1443744000,51747967.914741516,52931969.361959934,45691346.42664766,49519502.81877661,1495752.1022080388
1443830400,48995572.91639805,50901293.37064791,47062881.85177803,48642488.15208197,1495752.1022080388
1443916800,48148126.294668674,50901702.61330557,47068616.20893717,48534445.32872629,2009387.6702943463
1444003200,48332304.41787338,51553745.956305504,45514207.16891432,48759241.77978277,2009387.6702943463
1444089600,48690279.44593954,52211375.02587652,46775227.40889788,49034341.29362583,2009387.6702943463
1444176000,49325256.56024885,51381235.43888664,47929643.59042883,49109595.61041975,2009387.6702943463
1444262400,49073807.50867462,50748927.60523653,47434256.870541096,48617046.80315733,2009387.6702943463
1444348800,48423813.88312292,51641874.27040529,47388422.56481123,50434033.30946112,2009387.6702943463
1444435200,50250846.48748493,51839928.721535206,48103926.594479084,50860721.47241068,2009387.6702943463
1444521600,50001987.344974995,53038460.85707855,48821570.14420509,51015089.31093407,1170200.1193949003
1444608000,51051928.63615608,53472704.62738705,48373872.72888136,51229924.88457489,1170200.1193949003
1444694400,51128160.64537382,53238691.12011719,46889118.254880905,50530994.68851566,1170200.1193949003
1444780800,50799313.07731247,53265945.69057989,45412973.89369154,48041618.048956394,1170200.1193949003
1444867200,48271474.698163986,50026441.77153063,44463020.25279093,47791361.31166792,1170200.1193949003
1444953600,47350256.12519789,51164651.84932375,44226851.75089979,47193154.71612072,1170200.1193949003
1445040000,47937637.824860096,50255380.282336235,43796449.67476606,46960601.97153282,1170200.1193949003
1445126400,46936509.85737753,49869088.441572666,44665363.05997419,47103742.71861124,2830968.3349456266
1445212800,47054553.57059431,49274886.08261824,44866403.37144089,46791793.04034042,2830968.3349456266
1445299200,47124533.42889452,50035471.163666725,45284731.331635,47670681.647603035,2830968.3349456266
1445385600,47570338.89023161,49432331.01133251,44011219.97256088,45388984.59462929,2830968.3349456266
1445472000,46020859.37920284,50240368.27226305,43395814.857458115,46680115.217030525,2830968.3349456266
1445558400,46630090.626543045,48865447.35407925,43760010.32538509,45497971.3178916,2830968.3349456266
1445644800,45362362.146000385,47600572.25516081,43541481.0785594,45799744.30359459,2830968.3349456266
1445731200,45680390.37257576,49431782.41273117,43058914.65014124,45458775.48861933,1715613.2171270363
1445817600,45251819.30114269,47267905.92111063,42389021.044508934,44370868.984787464,1715613.2171270363
1445904000,44889494.169582844,49251948.59417629,42289985.22132683,46006680.095472336,1715613.2171270363
1445990400,46050659.985928535,51033730.32432175,44352819.192406654,47456343.23067284,1715613.2171270363
1446076800,47188265.03356838,53186620.66599274,45075919.03311062,50257636.38985634,1715613.2171270363
1446163200,50480637.8824358,58073418.787649155,47104245.28359985,52892623.64040947,1715613.2171270363
1446249600,53338205.45635414,56104949.76797962,45707971.65563965,48145259.711779594,1715613.2171270363
1446336000,48886536.45029831,54510607.57153797,45960701.19394684,52305159.448698044,6178554.450803682
1446422400,52419013.88081074,60305622.97921944,44895144.62601185,53043292.24197197,6178554.450803682
1446508800,53113717.68497753,63360379.60982704,44477856.155786514,52463218.556033134,6178554.450803682
1446595200,53369123.11368179,67460150.01075172,37070188.781801224,48720116.63189602,6178554.450803682
1446681600,49314187.67297363,59824734.36868477,39776617.80430889,47055449.65159893,6178554.450803682
1446768000,47734005.60330486,55866996.448960304,42002967.19377804,49619854.074064255,6178554.450803682
1446854400,49806619.926301,55279412.670954704,46154203.27761936,50029331.259058,6178554.450803682
1446940800,50091176.54760647,55256638.83720589,45219562.269807816,49390874.13165283,4539871.957948193
1447027200,49424305.44503975,52989451.4482584,44087952.760902405,47842230.15906811,4539871.957948193
1447113600,48634039.66144371,53632219.95823479,39455256.37497234,45410965.63542271,4539871.957948193
1447200000,45251961.66132164,51868296.4383688,38860111.78487778,44402833.81677914,4539871.957948193
1447286400,44372654.57873726,52513320.63715267,41420218.21199417,46852058.65029335,4539871.957948193
1447372800,46605413.23242378,51030015.033745766,43612056.0460453,47397774.133859634,4539871.957948193
1447459200,47708479.39786625,53263675.70657349,43889291.66759205,47317091.11164284,4539871.957948193
1447545600,46778811.82213879,50191253.415584564,43206888.23473072,45485434.31576347,1626087.112054851
1447632000,45600447.866086006,49578326.355861664,42724556.663666725,46555812.64290333,1626087.112054851
1447718400,46602610.62529659,50778545.59951496,43781636.592092514,46130044.45231438,1626087.112054851
1447804800,55298011.02132416,58672120.550169945,53572138.95534229,57013300.466347694,1626087.112054851
1447891200,56419369.13374519,58032852.39893627,51181354.77238846,54231129.197369576,1626087.112054851
1447977600,54058245.40802193,56854612.68163586,49787102.59866142,53519554.14849949,1626087.112054851
1448064000,53823579.492194176,56112253.43776131,51327771.39539242,54197829.51554775,1626087.112054851
1448150400,54331831.596961975,55347914.178860664,51232789.88730335,52363304.50090599,1585425.147588767
1448236800,52625585.39012337,54629095.87646961,50343022.872265816,52476354.55527973,1585425.147588767
1448323200,52809915.1195488,54105166.3142519,48711883.79804611,51418889.89381313,1585425.147588767
1448409600,52008429.465634346,54860201.16737747,48731410.955631256,52096347.05173969,1585425.147588767
1448496000,51562965.38186741,59560056.4461422,47682929.276740074,52277242.606687546,1585425.147588767
1448582400,54877992.90701294,57813213.66305256,48962660.415857315,52378682.23464298,1585425.147588767
1448668800,52538674.86203861,54621178.65847778,48944711.008574486,51071922.250398636,1585425.147588767
1448755200,51637150.92308617,56596430.12221813,49426119.79352093,53349185.722023964,1968637.4182690755
1448841600,52809367.14928818,55993461.86408234,49633448.465250015,52170701.11067581,1968637.4182690755
1448928000,51574318.3889761,55072108.36382866,47005685.373542786,50354438.732097626,1968637.4182690755
1449014400,50489633.83226681,54313598.39118481,47167245.20620823,50978344.52651501,1968637.4182690755
1449100800,50712782.15905094,55850203.77801037,49560326.880464554,51808472.30570412,1968637.4182690755
1449187200,52465843.12400246,55645823.18132019,51122835.68197727,53684350.80698776,1968637.4182690755
1449273600,53359012.32085037,59619714.20960617,49970073.37918377,53979138.087376595,1968637.4182690755
1449360000,55185394.26166153,59044390.09194279,52269282.55966759,54240118.488316536,4520371.5693555325
1449446400,54320591.81200123,58143770.66216278,51505850.92405987,54819625.29394245,4520371.5693555325
1449532800,54513984.27841568,62745514.66133118,52235230.17684364,58956842.24629021,4520371.5693555325
1449619200,59538280.629590034,66476153.60436344,53795198.2463007,60269999.37150478,4520371.5693555325
1449705600,61264929.585258484,63074154.182377815,56101784.97128773,58207773.351914406,4520371.5693555325
1449792000,59582317.37847996,67355010.45011997,56034487.59445763,62788570.21362209,4520371.5693555325
1449878400,62542861.60423565,68258407.05306816,53902232.510445595,60990397.48536873,4520371.5693555325
1449964800,59498559.70477009,64146060.75774765,54840729.32572842,60954911.41380215,6366622.444756076
1450051200,60999202.42940712,66352449.66113186,57650716.42746353,61124288.42800522,6366622.444756076
1450137600,61447826.02560139,65073071.825618744,56957739.81184006,60820449.62569332,6366622.444756076
1450224000,60754591.84964275,64744267.53223038,56122473.71835327,61243947.16433239,6366622.444756076
1450310400,59886512.80224514,62855631.117619514,57773501.16981697,60351429.99370766,6366622.444756076
1450396800,58651966.09961891,64763733.94829655,56246311.202980995,61177472.863370895,6366622.444756076
1450483200,60355229.502202034,62613030.287815094,56657470.84939098,58723292.767131805,6366622.444756076
1450569600,59103965.156526566,62919365.30757046,55202916.446619034,58231499.023056984,2247270.5255056843
1450656000,57045785.83738327,60782938.91343784,53774706.664746284,57582002.06527424,2247270.5255056843
1450742400,56851708.48529053,60711166.49298668,55317705.782422066,57173816.30192375,2247270.5255056843
1450828800,56893920.751662254,60171900.59328842,55038120.360464096,57568522.97779083,2247270.5255056843
1450915200,57142106.31236839,62822676.27449894,55479568.99254322,60103469.70155239,2247270.5255056843
1451001600,60216775.757823944,64841373.47148895,58001094.203471184,61635422.79327679,2247270.5255056843
1451088000,61884475.131420135,68558209.22235489,54290213.835041046,59514626.398376465,2247270.5255056843
1451174400,59367834.44957256,64087192.11219406,56977116.04786301,60419352.33819008,4671498.966405883
1451260800,60319248.67660618,68194042.7222166,57216481.27338219,63674773.34102917,4671498.966405883
1451347200,61218441.97848797,65663636.89233112,57609607.24586773,62851601.77572441,4671498.966405883
1451433600,62041421.84333801,71522232.46408272,59393931.841685295,63655590.31059265,4671498.966405883
1451520000,63707826.13297081,67250970.93280125,56398127.21505451,62325658.52710152,4671498.966405883
1451606400,61916891.91987419,66461439.98294163,60259848.568798065,63131031.199567795,4671498.966405883
1451692800,63239197.98929596,67406596.90673923,61434603.77076912,63786519.141441345,4671498.966405883
1451779200,62975283.793673515,66441804.38823509,59763193.94024944,62907027.799809456,2766627.6003472097
1451865600,63436143.08936405,66202117.44968605,61159327.14292812,63979448.53271389,2766627.6003472097
1451952000,63696138.16491413,66865083.98182583,62127172.49695587,64050096.47253132,2766627.6003472097
1452038400,63642022.27611351,65586689.62205315,59850586.047263145,61458657.91112614,2766627.6003472097
1452124800,62910848.37450695,69475665.64745045,54332437.911533356,63576213.988695145,2766627.6003472097
1452211200,63580723.99698734,69523555.7517891,57981806.09727383,64829537.54184914,2766627.6003472097
1452297600,64678338.81453419,73156590.37285995,62883125.417640686,66543763.3614521,2766627.6003472097
1452384000,67381923.54947758,70324005.5462513,61279421.53456211,66397981.297159195,3019382.018552549
1452470400,66226160.12674618,69239373.99918175,61763274.535889626,66370011.185380936,3019382.018552549
1452556800,65580216.55307102,70256501.24716091,60873196.27867794,66201956.65058136,3019382.018552549
1452643200,65416816.94513035,69426601.31786251,63070883.827960014,67357792.83658123,3019382.018552549
1452729600,68307287.78300858,75926221.95750427,65179729.25586891,68443943.05777073,3019382.018552549
1452816000,70440801.64831829,76384063.53986454,55712418.9004879,61111315.229239464,3019382.018552549
1452902400,61059382.771868706,73486333.34767342,56583728.24825287,66424830.0723505,3019382.018552549
1452988800,67566175.32461834,85610862.53867626,62227933.55258751,78600166.63335133,7148691.376106039
1453075200,73666316.70509243,82023184.42400932,66537453.27592468,73104777.23633575,7148691.376106039
1453161600,71634799.22736168,75276381.2426033,63935458.28360176,68440986.41301632,7148691.376106039
1453248000,68027565.0390091,81646558.39215088,62976929.726439476,75041218.57534981,7148691.376106039
1453334400,75427274.37310219,82729236.04229069,71121207.9323864,79854727.00485992,7148691.376106039
1453420800,78625691.94863796,94205518.33738899,70255065.65303326,77023327.96151257,7148691.376106039
1453507200,76766493.44719887,82362282.45028305,68984290.91744328,73602426.06708717,7148691.376106039
1453593600,75677086.40563965,87152829.9547987,68722775.090065,77625256.23285389,11866548.902549282
1453680000,76839690.352561,81911696.62853241,67706496.3559475,75816902.00580025,11866548.902549282
1453766400,75410084.02865028,103271297.2670927,71983103.99307632,94945043.32269287,11866548.902549282
1453852800,94734476.69684601,115156557.30519009,87683017.39247417,104351845.99537086,11866548.902549282
1453939200,104337258.95210838,120228328.28021717,85179459.9095068,93152879.3410883,11866548.902549282
1454025600,94046972.26270008,98290427.58749962,82456036.86733627,90859097.28518581,11866548.902549282
1454112000,91519659.2817564,94319175.13541889,78231581.70401287,82323341.99913025,11866548.902549282
1454198400,83668145.31750774,90985322.62184906,71279353.2735672,81535933.35796547,6984259.028950747
1454284800,82183733.73409748,88664043.75566006,78505710.05560684,81990436.82137966,6984259.028950747
1454371200,82773902.0385971,85982558.71630478,79133676.25831127,81744979.48007965,6984259.028950747
1454457600,81557454.84359646,85204081.84502316,78234834.08989048,81865147.20152283,6984259.028950747
1454544000,81862201.44349098,91197936.7199049,79055497.16372013,86416202.60632229,6984259.028950747
1454630400,86002019.13804626,91363370.55764866,83893389.76626682,89247187.96597767,6984259.028950747
1454716800,87552269.93305588,94025377.68815422,83870760.01391602,86122518.26800251,6984259.028950747
1454803200,87120848.60475159,90952971.32264614,82560636.08941269,85613826.28507805,6203136.753482256
1454889600,85841521.77359581,89148943.79909325,82705233.47988892,84484199.4751606,6203136.753482256
1454976000,83960606.09726238,89197057.15444374,81000016.4612894,84759473.02697372,6203136.753482256
1455062400,83711714.89841652,90242475.34411144,80287697.46559143,83527164.05764294,6203136.753482256
1455148800,84319233.26453114,90207436.24016571,75832424.7428751,81273481.11716366,6203136.753482256
1455235200,81797653.87775421,100694887.13467121,79233239.08110142,92245938.11741924,6203136.753482256
1455321600,92857606.15350437,99255405.15582466,84707019.02962494,93231736.72637558,6203136.753482256
1455408000,93977678.29129505,100284037.42240238,86758679.75910854,92873063.39412022,26061272.37180309
1455494400,93932363.10658741,101529666.49752045,85554363.58335876,94190105.35576344,26061272.37180309
1455580800,94316471.17262268,104950944.3161335,88437092.24880981,96804146.38563728,26061272.37180309
1455667200,96400197.35286713,104892660.084651,81894164.15768433,90240545.32872677,26061272.37180309
1455753600,90314515.86264706,96156994.79991531,80181176.39017487,88544254.18780708,26061272.37180309
1455840000,87149404.49832726,95636188.98523426,82228484.78573608,90147772.02758598,26061272.37180309
1455926400,90532268.50823498,100800833.83617401,84583795.33912754,89067443.36493301,26061272.37180309
1456012800,89907095.25851917,99817679.31463528,84235974.34840202,92927459.81088161,13681153.045169592
1456099200,92477147.3461647,96655856.24458122,87042066.31933022,92692037.35359573,13681153.045169592
1456185600,93602423.28208733,100837973.43610764,81821411.9139309,87414362.31923485,13681153.045169592
1456272000,88427185.6585846,92903766.18723202,82843061.54443169,89305381.553895,13681153.045169592
1456358400,89226653.81479359,96987649.83351326,82839902.02412224,90952384.12213898,13681153.045169592
1456444800,88744077.24226761,92680233.96559334,83236021.16327667,88540100.69826126,13681153.045169592
1456531200,87719413.63787079,95727365.07937431,84776620.25444889,88041363.77689457,13681153.045169592
1456617600,89127212.75247765,91863912.34717083,83105971.59768295,86988120.2772913,11061081.036499552
1456704000,86992807.1755228,94601932.27805424,82644266.54747868,88262350.23253918,11061081.036499552
1456790400,87891494.27696514,93620667.2048769,81914946.65822792,85554435.02471161,11061081.036499552
1456876800,86107091.14962673,89732053.13396358,80691000.9441824,84615643.09902191,11061081.036499552
1456963200,84073293.89046383,97605839.42576504,81058094.63155365,92829016.16337872,11061081.036499552
1457049600,92793247.18417549,101231335.11955547,85272864.85840511,91586935.71729755,11061081.036499552
1457136000,93533874.88628292,104210968.77458286,82103091.45525265,93082332.00813961,11061081.036499552
1457222400,93004996.15923595,104323850.68249607,84560114.53734493,94048600.15469933,63126058.74546677
1457308800,93697620.35488415,106028282.43014431,85053699.00102234,94264234.0745964,63126058.74546677
1457395200,93993300.33209324,100170262.58486748,86740105.2472496,96346066.98279476,63126058.74546677
1457481600,95647980.66973782,102296208.98855782,91290993.30969715,97158919.226511,63126058.74546677
1457568000,98216495.27776623,120034401.08848381,93157338.58928871,108612459.51378822,63126058.74546677
1457654400,109088214.27341843,121646828.95079994,102097893.20057297,110154705.38275242,63126058.74546677
1457740800,109782348.50558376,120043910.78138351,101763090.71229267,110939670.6348753,63126058.74546677
1457827200,112490726.84399891,122905058.58283806,107562815.66111279,115104019.0044756,49897255.034376964
1457913600,113661638.2970581,119342911.84451199,102194825.34259701,108763075.15919018,49897255.034376964
1458000000,107733894.94100857,115626351.8749628,102257206.5382185,109567680.01571369,49897255.034376964
1458086400,110895246.31216812,119392004.18272018,105177147.03699017,114137705.78391743,49897255.034376964
1458172800,113791201.93131924,120560647.09440994,102537531.38404465,110469544.32361126,49897255.034376964
1458259200,109234635.0708065,114597402.44296455,97980666.39447689,106212309.1570673,49897255.034376964
1458345600,106195672.0483284,113572292.21512413,99124694.98911953,108833434.11186981,49897255.034376964
1458432000,107600235.50470352,116205153.66016674,103550001.29097939,111403425.86489964,23633736.346871443
1458518400,111247786.22577286,119474726.1885786,105460246.86002159,112922024.3130951,23633736.346871443
1458604800,112785393.41939163,117315534.17405224,106606383.63757706,111705478.96889114,23633736.346871443
1458691200,112207875.58437252,119494722.1491499,107208043.32181644,116844614.32953167,23633736.346871443
1458777600,117559457.6015625,127211365.59945393,110284157.46085739,122667834.02143192,23633736.346871443
1458864000,123963655.59670162,133140380.15453434,116156753.22933006,127170988.63571739,23633736.346871443
1458950400,126246246.79825592,130614267.93300152,119888587.47088051,126415125.91329765,23633736.346871443
1459036800,127109909.30700493,130984317.85291672,114449795.68183231,119788895.93319988,11504528.860322021
1459123200,122018255.51574802,129675545.59085846,112510979.06515026,120780353.20548725,11504528.860322021
1459209600,122023396.77111816,132517607.34996319,114079124.0666771,125840680.84985828,11504528.860322021
1459296000,125808117.1391468,128916510.75771904,113653996.08998966,120919435.0649023,11504528.860322021
1459382400,120584050.59134293,126179483.40982246,115047495.92372608,119623675.28760815,11504528.860322021
1459468800,120624415.29602432,126479427.4533596,116074214.46426105,122716123.9908514,11504528.860322021
1459555200,122934289.1905117,136543876.85026264,119946243.92768955,127533670.84362698,11504528.860322021
1459641600,126080290.13221455,131727570.85416603,117996242.23793316,125912984.58971786,9275662.878268354
1459728000,127612144.45009327,134753533.49076557,121438802.84214783,128411040.74422073,9275662.878268354
1459814400,125923949.64516258,132320860.83735275,119867351.71943092,123310642.77096367,9275662.878268354
1459900800,123797490.05488205,128274798.94680595,120228261.29759693,122850005.95966339,9275662.878268354
1459987200,122877552.50614262,127092366.75115871,117874092.92699814,120050702.24005222,9275662.878268354
1460073600,120748976.96907997,126000386.79876137,113392220.20293713,118840070.52392769,9275662.878268354
1460160000,110950573.3566494,120790418.94342804,107146567.19011307,110916658.57821941,9275662.878268354
1460246400,116074151.37599564,117397403,106819240,110074311,22087278.008393385
1460332800,103946760,111590330,99218145,107706446.1550169,21205956.705371298
1460419200,107552301.1550169,109007816,99052980,102874344,21205956.705371298
1460505600,102107696,108362187,95629777,107777893.37696743,21205956.705371298
1460592000,111631528.87696743,112947010.58405113,105571263.7842083,108932599.48212337,22087278.008393385
1460678400,110016240.58561134,113681230.04656792,101325591.86855793,105312538.65922832,22087278.008393385
1460764800,104683371.04581642,111765702.62817287,91081151.52867603,106511847.49397755,22087278.008393385
1460851200,107961488.15439701,111785461.0748434,92323011.0957365,108023502.98101807,16826268.506282717
1460937600,107977244.8831234,111192791.51635075,101943510.45220947,106895305.76697922,16826268.506282717
1461024000,106883630.92780972,112712502.93383598,92424878.88779163,108411938.1493864,16826268.506282717
1461110400,107582247.44772625,113797560.43679905,103268696.89196014,107403873.81937313,16826268.506282717
1461196800,107874090.4915514,112961201.36396694,100943072.79717255,104927815.88055992,16826268.506282717
1461283200,104649726.18644905,111559060.59146786,101694320.85737228,108529312.3719368,16826268.506282717
1461369600,107648930.74380112,112548426.21646881,103241004.32059288,107999527.40682697,16826268.506282717
1461456000,113437778.56500149,121300473.52495766,106374185.4150343,112428980.24073982,17706526.37945606
1461542400,112058875.16400719,119696746.29437733,90182035.28326797,106114443.40753078,17706526.37945606
1461628800,105722542.20777893,113932914.22082996,99202644.4795866,105756209.3779459,17706526.37945606
1461715200,105963149.00058079,118283545.60758495,90013422.06560421,107334965.67393303,17706526.37945606
1461801600,107410145.5862236,114430120.98049545,102109372.42260075,109816660.33298492,17706526.37945606
1461888000,109690148.79112339,115190392.14056587,104143511.1789465,110210728.11922741,17706526.37945606
1461974400,110901710.58969784,116785425.60320854,93294181.94922543,112165124.06226444,17706526.37945606
1462060800,114051127.24416924,120299987.69891453,110578239.82170773,115154366.65933037,41111632.15635964
1462147200,115284383.22891903,123379967.78425598,107674217.07094097,114770656.24425697,41111632.15635964
1462233600,114964731.37197018,120476270.23508835,110412947.21723938,114297304.25924778,41111632.15635964
1462320000,115710039.01705456,117818906.53816414,110837883.67304707,113939587.67061234,41111632.15635964
1462406400,114103847.46822357,117162363.02750969,109399499.93008995,112345469.09515381,41111632.15635964
1462492800,113500054.83886433,118816641.97917652,106768494.87555885,110320086.67084312,41111632.15635964
1462579200,111033707.31331635,114112917.72627354,105561612.34730148,108429194.79421234,41111632.15635964
1462665600,110994070.42954731,114187430.91811371,108217645.1361332,110953198.43440533,14788667.572413564
1462752000,110726899.31274319,115191971.94755554,104908978.44464207,108139600.97317791,14788667.572413564
1462838400,108342278.8305769,113172947.61929226,102363923.59048271,107420365.13738632,14788667.572413564
1462924800,107723531.5510664,113413303.32667065,103672788.10175419,109942728.9149313,14788667.572413564
1463011200,110076802.59840202,114211884.4445982,105492750.76593018,110334043.63600731,14788667.572413564
1463097600,111148309.6841507,121968775.14705563,108079885.96519375,114495699.79735088,14788667.572413564
1463184000,114488689.97393894,117075606.36268997,109658283.78375912,113729788.09448814,14788667.572413564
1463270400,117232949.16260242,120710692.7613802,112658491.45047379,116517566.88636017,18332388.004082058
1463356800,117280776.87225151,124636695.41316986,111431973.99724865,116680034.1683197,18332388.004082058
1463443200,117536318.43526936,120868886.24876499,113414771.59389973,116282517.73037338,18332388.004082058
1463529600,116879264.58552456,121143452.02165508,112643083.98839378,117020019.61477375,18332388.004082058
1463616000,117060958.34876156,126302411.48859596,109448285.36741161,118062720.80953312,18332388.004082058
1463702400,119608320.75065899,134405923.96243477,116402174.3864708,125213195.88164425,18332388.004082058
1463788800,125273958.93001461,133698435.87622643,118110520.64571762,128261481.09287262,18332388.004082058
1463875200,130770124.69056988,138156185.41000462,123275960.15993595,128255354.4428606,21740637.343721084
1463961600,127968204.57035446,134690930.0126686,123634233.58841419,128347815.65225983,21740637.343721084
1464048000,127375629.37994194,135961105.89041138,120690173.74872017,127816132.7895174,21740637.343721084
1464134400,127265635.09498215,134154232.60709476,119180295.14231491,126715936.33301258,21740637.343721084
1464220800,127892982.51512337,137971649.2556858,119028991.66515732,130133233.1639328,21740637.343721084
1464307200,129112466.43579006,138985044.24416924,104533660.05208015,122508317.19860077,21740637.343721084
1464393600,122712534.96500587,141384173.2055645,104712923.12596416,121802950.84331036,21740637.343721084
1464480000,161294326.58399773,182857510.99220085,140882598.3314619,164718566.30126762,60977850.34122455
1464566400,163637816.56567383,177338028.94659615,152678861.4947405,162439902.7508278,60977850.34122455
1464652800,163783232.58277798,179966533.1455269,148747732.59147453,161797593.51855087,60977850.34122455
1464739200,160595453.54283714,172426293.2280197,153776842.91620636,164574260.1593628,60977850.34122455
1464825600,164891901.80359268,168306957.7273426,154502494.92759895,162829191.18401623,60977850.34122455
1464912000,163276156.9871769,185437982.04149246,152435620.12183285,169371711.69002914,60977850.34122455
1464998400,168845013.7352867,187201249.71705246,158076209.7391262,175513254.51842117,60977850.34122455
1465084800,177576487.82749557,188941016.92573357,166161225.02674294,177955342.76376724,22623573.307553664
1465171200,175879386.58184433,185569181.16625595,166707938.06282234,175903094.00862885,22623573.307553664
1465257600,175309267.38075066,185906843.41056824,158018018.69898415,173133286.60587502,22623573.307553664
1465344000,171591837.3004589,194172889.19858932,162461421.05131721,178980462.14331818,22623573.307553664
1465430400,178865495.71261406,192628459.4882946,171362226.87417984,183661958.42067528,22623573.307553664
1465516800,182998865.63093567,192682447.19568634,174436033.2567215,183355160.88057137,22623573.307553664
1465603200,181763588.86842728,198601812.3056774,171942501.28586388,183550787.74716187,22623573.307553664
1465689600,185963952.1157055,212194941.41511536,156753770.0118332,180402728.73077202,27320879.99007234
1465776000,180871734.83099747,212177043.55628777,168436692.24261284,191292698.58640862,27320879.99007234
1465862400,192857506.71053314,215659197.11498833,173562394.68991852,198123727.3880291,27320879.99007234
1465948800,198263743.62940216,212349471.81491852,185930333.301836,195824787.21553993,27320879.99007234
1466035200,197100603.96634483,225162490.30127907,177435654.50172234,203041722.74076843,27320879.99007234
1466121600,207591883.60383415,222709237.90036774,167641778.61039543,194932266.4025154,27320879.99007234
1466208000,195799325.1451893,219836850.74858284,171078051.3808937,190208860.1670761,27320879.99007234
1466294400,193079084.07874298,212430696.8991146,177545841.45697594,193003415.81963158,164910572.45096093
1466380800,193253868.4394493,206445638.950325,167993953.80216217,185843707.3661728,164910572.45096093
1466467200,184204899.9020157,205239738.57065964,150422897.11855507,173579468.01930046,164910572.45096093
1466553600,173675473.7764206,201918609.6500702,147045412.48818588,167261396.3309021,164910572.45096093
1466640000,166454394.35767937,190688683.4197693,141592495.75020504,175131164.24885368,164910572.45096093
1466726400,174460691.61130333,198155081.88746452,152429481.5207672,174522514.1119976,164910572.45096093
1466812800,175189447.59476852,187107735.0266838,153093974.1292534,166800079.84275818,164910572.45096093
1466899200,187362480.39440918,206149657.26156616,180067595.18989563,192986445.03478813,24601668.562211975
1466985600,184077003.5144024,208384415.12555504,169639461.88319397,190805897.72141266,24601668.562211975
1467072000,190339431.66739845,209278149.69338226,171175995.51026154,189244772.54361534,24601668.562211975
1467158400,186799763.1398716,204568570.60116005,174483510.19524956,190492168.4385662,24601668.562211975
1467244800,192363371.37723923,213604920.97590828,177920619.68711662,193491267.26664925,24601668.562211975
1467331200,193674506.5392475,207213096.8863392,181783354.0764885,193081276.8665638,24601668.562211975
1467417600,191979876.25514984,211371961.0137291,181093612.22043037,197348369.60849,24601668.562211975
1467504000,197821812.59060478,220319195.06159782,176142314.126791,194852796.76515007,20945069.221020192
1467590400,196072300.50681496,219222127.7047062,179899585.06219864,200907400.63876724,20945069.221020192
1467676800,199107390.81466293,210858708.8620224,185641299.51626396,200088802.33984184,20945069.221020192
1467763200,197299793.0803852,211786761.65787125,187810932.53103638,201125884.38752365,20945069.221020192
1467849600,201829678.3699913,230365769.62763977,174986075.04640388,198582755.26997757,20945069.221020192
1467936000,201650173.53194427,222442341.48565865,183269226.02306747,205109438.71052742,20945069.221020192
1468022400,205439143.51736832,234234393.85965157,187832542.77162552,219929726.3162098,20945069.221020192
1468108800,225460313.5283184,255739633.49018097,213773740.39445686,229979645.91845894,19715839.653629154
1468195200,230260340.24195862,284441367.020319,220544982.75318336,271078958.8750458,19715839.653629154
1468281600,269384319.96564484,463061906.81230354,253248508.89923668,411145028.58309746,19715839.653629154
1468368000,412145213.0933018,601281328.3302879,340941865.197361,507401011.6984272,19715839.653629154
1468454400,506721518.3425865,573045026.1456013,446266032.3954506,485191221.1841526,19715839.653629154
1468540800,491250742.07824326,544028979.8523083,409103823.7240753,448389601.0554409,19715839.653629154
1468627200,448961943.4247875,506231114.2584686,393395898.1210251,452524338.95163345,19715839.653629154
1468713600,468874751.78502655,526548080.539526,429145541.3522396,476581201.87913513,16160549.169743255
1468800000,476592727.3277855,491572334.30153275,392459767.3106556,410253720.4721012,16160549.169743255
1468886400,411282468.772871,603522473.6831074,389891212.17721367,564693445.9820004,16160549.169743255
1468972800,567553954.9382,602341877.8895798,501891893.99952316,531230213.82346344,16160549.169743255
1469059200,533202503.84749985,545071304.3334751,472281838.64191246,488130255.2176552,16160549.169743255
1469145600,487797649.66892815,517619484.47330284,449539343.5074806,480147082.03446007,16160549.169743255
1469232000,486789002.7924061,546460629.8150806,463964725.54244614,522523610.40722656,16160549.169743255
1469318400,555944844.8309174,575388135.4638195,508276711.54024506,528750297.4133072,37514018.47427161
1469404800,526599633.854496,539346510.8305645,445403824.2654667,502931595.3467159,37514018.47427161
1469491200,507663925.80846405,522188783.4204197,430210632.50907135,449736472.9805012,37514018.47427161
1469577600,449283986.45967484,475099323.69322777,421307979.8009052,448645836.7315445,37514018.47427161
1469664000,449797381.57372284,465494388.06098366,430894772.09695435,436386586.3710842,37514018.47427161
1469750400,439207032.28523445,448715662.50216866,384578755.54361725,398372420.82746124,37514018.47427161
1469836800,395584061.1791878,436849846.0857582,387113390.62563515,419859758.1647644,37514018.47427161
1469923200,438067859.599844,468831154.1283531,391126735.36725426,419402839.2927666,25985003.55990062
1470009600,420387180.9745617,444484491.2243252,377526875.51584816,393697606.125124,25985003.55990062
1470096000,396428341.93102646,474409121.5437565,279515771.55962944,367423749.1239748,25985003.55990062
1470182400,368579979.11368465,415952641.1861973,340423517.0608473,381613989.2647877,25985003.55990062
1470268800,385145479.17516136,413498606.7940006,355984348.11083984,380784212.08470345,25985003.55990062
1470355200,388998170.05750084,401674211.30410767,366722107.4516792,382828894.32730865,25985003.55990062
1470441600,383909698.31894493,412749324.0249462,365894594.70744324,397674961.12384605,25985003.55990062
1470528000,414633498.4462395,453880075.5997658,382146194.75030327,417605676.2938595,46227313.27087048
1470614400,416526119.2348461,433011116.3173752,385631413.6561661,405607102.96842766,46227313.27087048
1470700800,405725912.4588852,421780707.49703026,370342096.0205288,382824901.2149334,46227313.27087048
1470787200,380854946.45111656,417974353.99204445,341763132.1583328,366972129.72541237,46227313.27087048
1470873600,366900909.8399601,397072215.58218,336980626.4739151,357168013.36068916,46227313.27087048
1470960000,356378374.74845314,392201986.06243324,330020475.9059944,357310875.9664211,46227313.27087048
1471046400,358789819.0075245,406632274.5042343,347382852.89211464,392098599.15488434,46227313.27087048
1471132800,401038559.4605293,433585815.7794018,361252643.38087463,391899803.3707161,18843382.115594894
1471219200,394011737.1048527,415218696.2416115,357614886.54986763,386180548.9561844,18843382.115594894
1471305600,387360810.3988762,409577908.6689205,350262490.38464546,378662952.355093,18843382.115594894
1471392000,378956540.3806114,431920276.7665882,357914724.52511215,396729142.7645836,18843382.115594894
1471478400,400631549.2451782,425067401.41357803,376776753.2962723,398953977.73591995,18843382.115594894
1471564800,400329807.8021736,424316804.59400177,364935797.21400833,398380493.2693043,18843382.115594894
1471651200,395607034.9608612,412696287.3368206,371353476.1343403,390994376.445631,18843382.115594894
1471737600,395508101.70170784,434986543.26091576,386333554.66236305,403370083.8012409,15419132.813530393
1471824000,404017986.36665726,455412496.66200066,379252336.18039703,413262850.29626656,15419132.813530393
1471910400,414899811.287096,438704282.84749603,359946864.636137,384735225.1293373,15419132.813530393
1471996800,388802766.34869766,409946215.62124825,362664081.48259354,380840763.2110634,15419132.813530393
1472083200,382977436.9970989,391876837.51490784,339138015.95611,353134630.18779945,15419132.813530393
1472169600,355720663.91872025,382886341.7021904,336427878.5633526,357941891.3399143,15419132.813530393
1472256000,353713630.27056885,380102572.81933594,328164789.25650024,355013266.2662945,15419132.813530393
1472342400,362378821.53801537,425237275.1579609,330854174.0928936,399918990.42149544,31120003.490737446
1472428800,392686438.174881,489004187.86203,356683939.4511528,422946130.20773506,31120003.490737446
1472515200,435767376.0092716,471491915.55420303,378999982.71902466,412661482.04929924,31120003.490737446
1472601600,413770619.5071869,430029210.0547867,377174242.8795643,407511678.559515,31120003.490737446
1472688000,406056657.6525974,419663279.9141598,358854865.6457977,375831812.0512943,31120003.490737446
1472774400,375457829.0688057,433982197.1480236,362617237.1295929,415345896.2843914,31120003.490737446
1472860800,409951618.1986408,514503749.64050865,382692049.2632065,414947881.6038685,31120003.490737446
1472947200,437081915.90901184,481018789.800663,393133550.3536539,445779843.6016941,88172340.91190377
1473033600,446342846.64408684,488585550.0021515,427428615.19475365,468917342.69480896,88172340.91190377
1473120000,454359141.2812023,477734613.4383564,418949521.0156746,441112360.9347534,88172340.91190377
1473206400,445301100.61943245,463962511.89993095,399331887.8467541,437509094.70718956,88172340.91190377
1473292800,433090615.88650894,462905935.69465446,391805769.94535255,424364339.0747776,88172340.91190377
1473379200,420538573.2077389,456383822.8089695,398147107.36236763,435169305.9856987,88172340.91190377
1473465600,434963001.2426319,458478854.02000046,408903888.46557236,437472656.89694023,88172340.91190377
1473552000,443307201.80979156,464865145.7786522,381308999.9921417,411179217.97722626,21172627.06618835
1473638400,411518455.3931122,448019347.98641586,382654083.0812664,417724422.13222504,21172627.06618835
1473724800,404839356.6246643,442380690.73467636,381596876.2493706,420229160.8405781,21172627.06618835
1473811200,419964930.73441124,429219695.2760258,398746963.60133743,408452407.3505192,21172627.06618835
1473897600,410592520.66701317,422487231.43759346,377337344.51192665,389059613.6819687,21172627.06618835
1473984000,385273971.2469044,405303723.92230606,364594591.7005482,379596597.5805416,21172627.06618835
1474070400,378836976.5394211,408480773.7607269,368272198.86888695,391621633.18421555,21172627.06618835
1474156800,397084387.99614716,406762063.88145447,376926597.98814964,391010661.7061901,17691581.54481297
1474243200,391499501.0220108,412585951.98519325,366636266.68281364,398618527.38500595,17691581.54481297
1474329600,399448252.5552654,421691519.7256737,373569289.7325554,398020920.67437935,17691581.54481297
1474416000,394596292.74682426,409470272.15794754,365059887.7116413,377216580.7477646,17691581.54481297
1474502400,381033032.0418167,415011332.76179504,368322479.4220276,391911957.1153412,17691581.54481297
1474588800,391125589.8201599,414015147.9508858,366895685.3907566,394034420.72590065,17691581.54481297
1474675200,397439994.7999191,436774672.8021126,382079972.0076237,411397406.9464531,17691581.54481297
1474761600,416423467.6545601,442649342.267889,404303629.3886471,415335974.5101185,17536240.81074989
1474848000,416488506.16910934,427167204.5392399,380380230.06357193,398780264.2488289,17536240.81074989
1474934400,398136141.0109596,412001168.9018421,379050162.23695755,394630260.99448395,17536240.81074989
1475020800,392373913.014204,405261842.888607,374682964.8993759,391814285.8235016,17536240.81074989
1475107200,392200110.45261574,404274461.41371155,362177404.5850735,384085252.80927277,17536240.81074989
1475193600,381362469.9723263,402482606.0384102,361299998.90880203,381268295.7093582,17536240.81074989
1475280000,376958449.71417046,391796450.85931396,337063080.9712715,351906309.8457966,17536240.81074989
1475366400,358047687.42175484,386899005.19403267,343526296.65000534,367613757.0991287,20119582.29703398
1475452800,365574763.0702591,393537360.0371971,357364959.1408787,370701848.1499748,20119582.29703398
1475539200,369516246.7394333,379449625.1538563,347251077.6798973,357632095.8304844,20119582.29703398
1475625600,352705014.6240978,368235809.7815418,325868474.33314323,344285942.5256729,20119582.29703398
1475712000,343452057.71399117,360742825.6548214,330386991.7784214,346699472.0436802,20119582.29703398
1475798400,348559727.10424614,363082405.07655716,324616844.9568825,340507319.8320503,20119582.29703398
1475884800,338382221.0495453,351774070.21731186,326114795.388916,335700988.6778126,20119582.29703398
1475971200,417262068.9667816,443563442.87944984,396387054.44631577,422092171.4917946,19754163.338210046
1476057600,420812035.6774311,437080945.6081772,393690612.7950134,403599097.08540726,19754163.338210046
1476144000,406748577.5442028,436674043.30840874,359392973.08550453,388223877.5068264,19754163.338210046
1476230400,389028378.07796097,422028082.965168,368502638.6592331,392166675.45202065,19754163.338210046
1476316800,390150639.07437897,418391899.1129322,375507063.61953545,395398170.1231766,19754163.338210046
1476403200,395374855.5590439,420189060.7815685,366459534.5071602,383890201.85677147,19754163.338210046
1476489600,383684477.5498276,396135306.2133846,363869213.4956627,374126326.8207798,19754163.338210046
1476576000,376475031.61364746,395095103.57704735,363283119.40971947,373326352.78233147,11299141.356516793
1476662400,372361072.67635345,383052586.7500515,341188893.85004807,361096254.08319855,11299141.356516793
1476748800,361514873.45933723,381828050.6307812,342729433.6041069,366712533.66874886,11299141.356516793
1476835200,364195486.39928055,384284194.15496254,340757432.89004326,362461235.41311455,11299141.356516793
1476921600,367021899.765707,383169322.46387863,344343632.8140812,369488161.90748405,11299141.356516793
1477008000,367855087.3839245,384701404.00156784,358146027.3308239,372192014.4304619,11299141.356516793
1477094400,371868542.7689991,396747216.5175686,334796741.9600296,368563549.2742729,11299141.356516793
1477180800,386812616.0350876,398718077.26029205,361244492.94706726,375169007.5905895,21070301.74622996
1477267200,375272655.2014847,399203633.0001564,357321028.27939415,376359940.23727226,21070301.74622996
1477353600,375017055.005888,387734464.4689846,340467785.095747,362360641.6388569,21070301.74622996
1477440000,364063875.6274376,389335497.09012985,325094874.8289242,358879877.5112324,21070301.74622996
1477526400,360258525.3249779,381859161.9198303,332800908.0364361,360606861.07421494,21070301.74622996
1477612800,358699377.09498024,375560027.79733086,326644947.12498856,340442574.8369694,21070301.74622996
1477699200,342367902.39642334,371778934.43863106,278705986.6895542,313728382.8764057,21070301.74622996
1477785600,324989418.4415455,364363242.1801357,304461837.58862114,347724684.5470886,58047642.464715034
1477872000,344119860.2891197,363218137.1918678,307085657.25190735,330711763.2390251,58047642.464715034
1477958400,322495370.4645138,358579380.27287483,287935084.33787155,321259824.0552578,58047642.464715034
1478044800,320467261.72917366,352389856.80898285,303599137.69428253,322167636.07411194,58047642.464715034
1478131200,324108477.33052635,362267162.82001686,281426922.43857,316475896.64307404,58047642.464715034
1478217600,315978663.51353455,362012869.8966961,300853631.537241,332887489.37491035,58047642.464715034
1478304000,332357029.75834274,387137545.4443073,321275513.99473,362171390.6325016,58047642.464715034
1478390400,368852987.120924,384551734.2157097,345792524.624382,363585062.6164875,15737094.488877766
1478476800,361452010.0529938,396442009.0062313,337731549.7259159,367986048.16786385,15737094.488877766
1478563200,363166745.8542175,397498376.0640564,344736313.2851887,365994311.67190933,15737094.488877766
1478649600,358309770.9253311,396416679.7577915,316959415.3262119,354382988.66228485,15737094.488877766
1478736000,359044689.1417999,386594112.4380436,339714425.0559616,366978191.956974,15737094.488877766
1478822400,367278817.3583374,394266746.73950195,347029316.38113594,373656559.34664345,15737094.488877766
1478908800,370774964.7353382,412527010.808651,350708964.0072746,371656334.2057705,15737094.488877766
1478995200,384151403.7003937,405909279.64580345,350782343.703907,373276133.3880806,28691781.7985394
1479081600,373325076.7670326,404343875.0735359,358079635.8188095,381081544.26088715,28691781.7985394
1479168000,382803673.0645313,400444648.839901,357589781.36899376,375207686.7153053,28691781.7985394
1479254400,374072887.21339035,400210232.9751644,322753914.48428154,353135964.67705536,28691781.7985394
1479340800,351633959.7941208,369186903.4700508,330849251.25084686,349152462.9223976,28691781.7985394
1479427200,348807386.73033905,376827610.237545,321376698.13355064,346820572.1231518,28691781.7985394
1479513600,346287673.65249443,375063319.6539173,322249904.1824856,346117795.075634,28691781.7985394
1479600000,348829050.8108635,372451691.46461487,317093304.69464874,336441158.2795124,13835604.47234729
1479686400,339270386.4282379,357711873.7332611,329328958.7644043,345411413.6016712,13835604.47234729
1479772800,348954802.5854759,381069697.1802311,330854222.86426735,355236034.25312996,13835604.47234729
1479859200,354487776.4564762,376354639.02082825,336455716.1739807,357969375.6491337,13835604.47234729
1479945600,354352749.4304352,378622224.2703171,330116733.99041367,357811457.297575,13835604.47234729
1480032000,359546899.4486904,375738387.85414314,336850721.1870537,357831208.20186424,13835604.47234729
1480118400,354365201.46299744,373380646.9596195,333149327.4688282,355117598.13184166,13835604.47234729
1480204800,356024714.7852249,388252474.85391235,343107696.7837963,371763505.1491108,11654999.9310712
1480291200,369411187.1591301,386768562.1184387,345935138.7318382,364756487.71468353,11654999.9310712
1480377600,363382996.5138416,375916262.50201416,338703548.0678654,356182132.25201035,11654999.9310712
1480464000,360274669.32868767,395874789.91283226,335316725.5223675,373022413.27101135,11654999.9310712
1480550400,371541779.34835243,388919490.5511551,348269059.63199043,361584343.734272,11654999.9310712
1480636800,363016195.01950836,385646910.8026123,331318116.6461086,357544987.08600044,11654999.9310712
1480723200,355883798.0139885,379280092.57234764,338941276.0878525,363411257.3207226,11654999.9310712
1480809600,366896632.90592575,383737073.89873505,344034982.4192047,358868414.88469505,16779425.539654605
1480896000,359469177.23630714,383522551.74622726,335158849.425724,358550324.24621964,16779425.539654605
1480982400,357897669.17173576,406491301.08695984,321570263.25706863,361977742.3731003,16779425.539654605
1481068800,366130443.2858715,398523778.1514969,338305396.6662979,376487775.23545074,16779425.539654605
1481155200,374142785.7932358,398289726.8191986,357564546.9215069,372638907.47079086,16779425.539654605
1481241600,373540273.2082577,394556997.0992527,366510045.6287956,375487137.5253506,16779425.539654605
1481328000,376633775.93758583,387618348.2410736,347030500.0565338,364476350.7202587,16779425.539654605
1481414400,371117744.6726074,393257221.66420174,353890559.33332825,371083067.6924839,17186628.669381708
1481500800,371337129.3595009,385872670.22323227,359458651.1128998,373151600.2626095,17186628.669381708
1481587200,371091119.8860779,389114040.04809,347045475.3334179,363213404.24420166,17186628.669381708
1481673600,363461712.62090874,383391255.0616665,349965666.068388,365065470.54226494,17186628.669381708
1481760000,368646691.77861977,388282968.85287666,354035807.34246826,372702241.4147873,17186628.669381708
1481846400,643102193.9399796,661889537.2949848,630465387.415739,652107700.0530491,17186628.669381708
1481932800,650021374.6271877,658067525.0259609,624340622.3639259,638628109.5160999,17186628.669381708
1482019200,639797840.2864456,666601716.9046078,628967007.4023476,651938373.7831669,17275989.55863431
1482105600,624225044.35602,653222247.6948891,607981515.0221043,633246635.6625366,17275989.55863431
1482192000,623541723.8612766,649225504.1226959,604529649.698288,621429149.2750721,17275989.55863431
1482278400,615111534.8816109,649345901.0138645,584221838.2923336,617348816.7126694,17275989.55863431
1482364800,603775723.5333481,657209126.552496,553177453.0019112,590381413.6273975,17275989.55863431
1482451200,609979826.2318211,666021000.1431236,559679567.8750935,596673823.925417,17275989.55863431
1482537600,622124524.6289845,663580315.473177,577535202.6606541,600784640.4427376,17275989.55863431
1482624000,627580608.1816769,668092598.1585541,584989554.5050144,606640385.4491234,37232147.5455527
1482710400,633672733.1861305,672060918.0608368,596840555.1501331,618538002.185709,37232147.5455527
1482796800,642391560.5166092,717610340.0600662,596761514.4386559,653544023.4303799,37232147.5455527
1482883200,673576126.0802612,744251273.6089649,625662515.5229836,673606990.9941826,37232147.5455527
1482969600,695064121.0412331,751166521.7697029,635274048.2618542,676555707.3028507,37232147.5455527
1483056000,700586573.0273132,746159679.5812874,643118893.082119,683361097.445507,37232147.5455527
1483142400,707813789.848362,752140848.102005,665045868.8344231,698147734.0911503,37232147.5455527
1483228800,724911770.5690994,772501476.7476501,668396974.7684555,705675933.1928711,31573872.87465909
1483315200,726917500.8162975,804238433.2553234,680869041.6331997,733806251.7492504,31573872.87465909
1483401600,763025729.7640991,811550970.4112434,702397251.1648273,748924063.9123764,31573872.87465909
1483488000,774423574.955471,882661586.9801674,725218073.2709122,809952079.9070702,31573872.87465909
1483574400,837877028.3006516,890056444.4238663,675670537.0883865,767390771.6731701,31573872.87465909
1483660800,797031829.516779,850847149.5359764,666391242.8111534,711421112.2727165,31573872.87465909
1483747200,739270542.3606796,766400477.8528309,631862293.9578819,700641682.4877853,31573872.87465909
1483833600,729436578.1447945,773082645.8160591,672961655.1366253,714078553.2144775,55294587.74211162
1483920000,756577085.9384918,777928322.7243595,715884797.3408947,749951421.4731159,55294587.74211162
1484006400,748892545.8317566,771091115.9288387,727589590.9481716,744691346.6291637,55294587.74211162
1484092800,745718797.4808273,777249533.4662247,657695248.847847,689135647.8073978,55294587.74211162
1484179200,692522828.7496834,740663961.7488155,664323272.776413,711224126.226532,55294587.74211162
1484265600,712429530.37747,738412107.5387726,672128328.8660202,711696661.5455742,55294587.74211162
1484352000,711401514.2899952,732695908.5401402,691353331.7952824,708328573.7941761,55294587.74211162
1484438400,716365353.345911,736755010.1838264,684922607.9557743,715158823.5112286,39388708.91967246
1484524800,714147958.5574112,752054448.5874863,694627683.7459087,726268983.7025394,39388708.91967246
1484611200,723906236.4836578,800443660.5096512,680458530.5704975,749528070.541338,39388708.91967246
1484697600,748439255.9586086,787978719.536911,697185424.3590508,739886904.7870407,39388708.91967246
1484784000,742687552.0183048,775932608.5501442,711313448.2410984,753502959.0213737,39388708.91967246
1484870400,750261778.418087,766620131.1014938,713571831.5023842,737356669.1422081,39388708.91967246
1484956800,737644953.2927666,772038718.7494411,712889670.0533028,746508868.6162434,39388708.91967246
1485043200,757293854.4526882,781641760.1008968,721845149.0389538,756708259.359026,24722543.685177952
1485129600,755472603.3679504,776882585.4095268,737195579.6200256,752933767.1097965,24722543.685177952
1485216000,748416601.2684898,767797137.9584064,706805931.1929035,721211131.690382,24722543.685177952
1485302400,723151740.0245514,746100353.9377689,705833805.5124035,725520253.1437473,24722543.685177952
1485388800,725432967.5209446,762418295.0226231,699004861.4665661,726307720.8414478,24722543.685177952
1485475200,726419854.4073963,759548456.4053249,587821183.7003098,738113357.4291115,24722543.685177952
1485561600,735856279.1742058,767514904.4549847,721656379.1837368,754492680.7684956,24722543.685177952
1485648000,755880869.6158638,777591638.0295868,733195888.2084789,752954974.0630131,20528783.990135968
1485734400,757286316.5284615,783641826.8198814,741065415.5132465,762020424.621561,20528783.990135968
1485820800,764538674.3555107,804023003.6914501,719759779.2080231,761058503.1970787,20528783.990135968
1485907200,757342916.81246,795328613.8873634,738709539.1621532,775744616.1647682,20528783.990135968
1485993600,775295678.4177971,798912349.2158985,741078240.4965591,765743274.391901,20528783.990135968
1486080000,770730562.6274014,794839674.9328537,720066253.0129547,768166276.6376476,20528783.990135968
1486166400,764289197.2710686,798266390.5213871,740578360.1896973,768665725.1531467,20528783.990135968
1486252800,769457775.3297615,786918012.7975731,733876110.1174526,756113266.5680599,26758125.131200343
1486339200,760198659.2155781,788145463.2473412,736584905.2467365,770972676.953434,26758125.131200343
1486425600,775378769.0768318,805462360.2362804,742668153.2300491,773010385.4079342,26758125.131200343
1486512000,766542879.5547123,799264820.7267609,726594975.5481224,769988161.7185421,26758125.131200343
1486598400,770023462.4515514,812589437.1171417,676292636.2839737,744940741.3733082,26758125.131200343
1486684800,741412674.1951542,776110304.8419838,700412724.7409592,747275571.5472221,26758125.131200343
1486771200,747930509.370533,780649108.50527,732092397.1637745,761339008.4122391,26758125.131200343
1486857600,765690856.5174122,781024597.246109,735552993.661356,757443549.2726879,18426746.28583561
1486944000,758867052.9416409,773866349.4124603,723509405.8478432,750525168.4228401,18426746.28583561
1487030400,746966734.3225842,801770358.5246391,729264506.690752,773118297.4399529,18426746.28583561
1487116800,776379624.5276585,811868379.9599819,737402752.6647015,790705992.6189384,18426746.28583561
1487203200,786788122.9774361,825656481.2002869,712703808.5877724,777125534.8016949,18426746.28583561
1487289600,774178514.4618549,810851170.8452377,740705674.5328999,780667339.0460358,18426746.28583561
1487376000,783547066.6209564,809849386.1498108,722147454.1585941,767116570.7107334,18426746.28583561
1487462400,772790893.5326214,816991762.5502014,746503266.18017,789471652.2744484,29308412.74165441
1487548800,789618976.9447403,820063736.5028381,728093491.486763,767734347.9613152,29308412.74165441
1487635200,767212305.5278244,807394344.7449379,713893137.1051826,756459114.9403801,29308412.74165441
1487721600,758005029.4389572,797464098.5122643,726572893.0488663,768818823.7517853,29308412.74165441
1487808000,772311452.2766342,839556626.4618912,740027733.8347435,804525239.2310829,29308412.74165441
1487894400,798289777.2654343,858658315.5690689,697686707.9150505,778560431.1936073,29308412.74165441
1487980800,779197006.7835655,826619438.2183876,720093343.1911163,786530572.8961792,29308412.74165441
1488067200,790656997.2027626,828568874.1841278,756193799.007,804720704.5443802,37330690.44143048
1488153600,806828099.7661972,831116674.1768799,775388034.3412857,807833117.996273,37330690.44143048
1488240000,807621173.8812714,871233304.6176109,752985286.018692,831913846.3524208,37330690.44143048
1488326400,831109331.4146347,1010769817.5701675,789211378.5646515,897452142.6462975,37330690.44143048
1488412800,895900219.6286812,1137196047.4648628,820505630.6847076,951418323.4986534,37330690.44143048
1488499200,946110219.8562546,1080983123.8249512,883138356.8435287,1013820887.132431,37330690.44143048
1488585600,1016365659.7661209,1051672419.1387749,925938305.5067482,962162219.9218445,37330690.44143048
1488672000,967613309.415741,1035990880.8430862,915140160.5611801,990711790.099144,60868026.93279329
1488758400,983294964.4611778,1057114082.8013916,949757819.0301094,1026323542.9529266,60868026.93279329
1488844800,1028524206.8851662,1077539140.5963478,920074425.518116,1011682526.5284386,60868026.93279329
1488931200,1008298090.7064781,1042058851.8275223,917979510.6939278,940478197.4960327,60868026.93279329
1489017600,935988606.6453705,1069873181.5010681,910111559.3200684,1014848017.7073021,60868026.93279329
1489104000,1015742682.4598045,1223565290.38089,791756001.6380539,997615676.4858627,60868026.93279329
1489190400,992202623.7466698,1241444938.1942368,949531494.3435097,1196637910.85215,60868026.93279329
1489276800,1195633665.7752228,1351159253.103119,1105347022.083706,1287011169.4123306,170259466.3755015
1489363200,1283450842.9191666,1418455345.5420647,1195849588.0834503,1321910575.0445442,170259466.3755015
1489449600,1318428948.4353065,1532732540.5406609,1254840377.6456947,1419213630.6685524,170259466.3755015
1489536000,1417622350.8051414,1595963624.9473763,1356228058.1661034,1505901719.385048,170259466.3755015
1489622400,1505259018.8501015,1660230560.5524216,1251006493.2544289,1506601396.313446,170259466.3755015
1489708800,1502991059.6306496,1755674895.0667267,1283606196.4413605,1512487378.6515045,170259466.3755015
1489795200,1515682660.8307114,2015279554.6887245,1291009041.645422,1614618673.164896,170259466.3755015
1489881600,1616907169.2973423,1934379443.9813118,1450905278.8562183,1683236045.041069,520552102.333794
1489968000,1676696063.2031403,1840922469.8513165,1532226397.4877052,1630424150.4511375,520552102.333794
1490054400,1627857379.5139961,1814640540.354416,1431425646.0850945,1601264365.0666466,520552102.333794
1490140800,1608225027.3519325,1859885100.1046677,1401287419.884203,1657929144.1410084,520552102.333794
1490227200,1656286882.9048557,1886225330.425375,1466443809.9143257,1797678607.5393066,520552102.333794
1490313600,1783142531.332138,2067384865.2611046,1502038944.2138405,1727640713.6125603,520552102.333794
1490400000,1736205261.7562408,1874561136.2018528,1507085700.066927,1641333400.993946,520552102.333794
1490486400,1660746844.4304028,1808788064.6227684,1542994862.8271008,1683554064.4751797,257989383.9267673
1490572800,1681848157.6314754,1890178679.9052658,1444846065.4247074,1656627150.1075726,257989383.9267673
1490659200,1636496517.8829594,1887771094.2686844,1539610044.0416718,1739333956.9618187,257989383.9267673
1490745600,1738852878.9909286,1907118237.1228142,1602384485.8727493,1746415861.2458897,257989383.9267673
1490832000,1752713510.874178,2046839433.761055,1629966438.8554726,1898634959.5164566,257989383.9267673
1490918400,1885584006.403057,2396809178.909691,1669220970.013752,2122804878.080639,257989383.9267673
1491004800,2139287194.7857704,2319489138.6066513,1943235234.51725,2164167484.292511,257989383.9267673
1491091200,2170315020.6654587,4071872677.8884354,1396515968.5567741,3512507306.1502647,229491907.09700966
1491177600,3509802789.4770584,3754715013.75045,1924841184.5939217,2477678563.4618416,229491907.09700966
1491264000,2487430281.8123055,3048281888.141056,2147292067.7453957,2735095061.2351494,229491907.09700966
1491350400,2740690119.6183434,2995268911.257145,2487024458.3496437,2641025306.0223427,229491907.09700966
1491436800,2638189954.625103,2811564666.3328667,2196428530.153679,2481269149.6647644,229491907.09700966
1491523200,2460378255.720043,2767415282.695446,2307929233.3751144,2611711168.2969856,229491907.09700966
1491609600,2611539690.4547005,2773139433.353592,2490050166.9028206,2605277778.7275505,229491907.09700966
1491696000,2626449499.6158447,2722731313.5440216,2405181709.8545074,2548711889.675785,161903023.7049669
1491782400,2562102766.092289,2681920975.2901382,2424962330.9937134,2537636197.725094,161903023.7049669
1491868800,2543606379.058563,2634621341.4116364,2389075962.900276,2488385997.190628,161903023.7049669
1491955200,2483082151.8222656,2696831859.7146187,2411134417.585434,2613633194.2965584,161903023.7049669
1492041600,2613314023.432186,2826646360.968109,2463661383.81995,2649611486.485241,161903023.7049669
1492128000,2650469606.3739166,2763330225.555294,2474974409.8733826,2604933395.488209,161903023.7049669
1492214400,2602129378.3602104,2834423187.51252,2543878790.728863,2694477571.235935,161903023.7049669
1492300800,2686135055.2918587,2815344014.531868,2582164831.0742607,2678061084.0897675,165636877.07249457
1492387200,2779408175.2557793,2932802252.707157,2662770277.852337,2773633570.5321846,165636877.07249457
1492473600,2760616987.872921,2956708986.5814323,2634141074.3856544,2780516623.4790154,165636877.07249457
1492560000,2773011086.610241,2889542141.5053596,2517285207.180195,2671584642.057419,165636877.07249457
1492646400,2645870436.8410683,2794506947.804405,2406750043.088688,2627906647.4255943,165636877.07249457
1492732800,2627305112.7984924,2879643854.136715,2564357281.149605,2776142500.335575,165636877.07249457
1492819200,2764947611.054798,2883697515.0889664,2567408546.90596,2694658103.491932,165636877.07249457
1492905600,2707550225.420555,2810474391.038658,2638882664.926304,2713443983.9595222,306310762.8843666
1492992000,2718999185.231243,2870587617.4421654,2641702359.2097816,2764136461.1658745,306310762.8843666
1493078400,2757028221.37912,2978925245.0457077,2665529454.0062523,2786115808.4994164,306310762.8843666
1493164800,2797453981.433819,2982536278.9462624,2726747400.3795204,2822674643.7830124,306310762.8843666
1493251200,2873445566.576874,3261693362.860317,2767737457.8879433,3091517993.8168526,306310762.8843666
1493337600,3087315727.7156754,3690010508.547928,2977492986.3288,3541250641.932678,306310762.8843666
1493424000,3546973525.2950325,4445890025.334724,3491014395.915058,4090024212.300152,306310762.8843666
1493510400,4098110947.8499527,4362403538.210838,3781842790.5193214,4068789589.2277756,431161112.0221385
1493596800,4053503221.6566696,4562185306.946449,3607762877.5473976,4015061692.9594955,431161112.0221385
1493683200,4030759040.869999,4296144165.461948,3689396998.8515778,4054594522.4530945,431161112.0221385
1493769600,4046831809.211849,4609885481.924828,3881771167.6385612,4472661659.40403,431161112.0221385
1493856000,4467633826.001007,5806230640.765633,4288431078.110012,5298914056.41724,431161112.0221385
1493942400,5298623161.89777,6704398826.806099,5083893054.125954,5834128745.226181,431161112.0221385
1494028800,5793559906.7837105,6711883128.033707,5695546630.643581,6428393997.181858,431161112.0221385
1494115200,6476146522.6030655,9407244924.227066,6137388048.911354,8264950006.106174,683078510.4565675
1494201600,8269918092.809666,12080963857.485813,6767981465.821171,10298445816.863102,683078510.4565675
1494288000,10291805502.643383,11303286281.172516,6278254045.358803,8609609949.411076,683078510.4565675
1494374400,8615285785.567501,10742997907.892101,8250066184.671967,9967844268.18951,683078510.4565675
1494460800,9979940013.67918,10789098244.971344,8709256485.371407,9860758836.887726,683078510.4565675
1494547200,9903831327.042152,11186048137.141083,9371578578.640713,10671934396.283527,683078510.4565675
1494633600,10539483064.667309,11506037004.4957,9864187245.24136,10808955934.674015,683078510.4565675
1494720000,10909974232.545551,11492628781.694908,10680909014.087578,11220270844.102509,353169528.78992623
1494806400,11214164596.18438,13261650631.27832,10863171529.793259,12988065071.861298,353169528.78992623
1494892800,12989902030.79837,16050148039.992538,12173488317.92492,15317329275.712162,353169528.78992623
1494979200,15310348928.81223,18772927846.98258,13383107639.284775,17512249999.371567,353169528.78992623
1495065600,17240798960.85215,18848971997.27622,14545372942.710636,17087077947.633297,353169528.78992623
1495152000,17086257107.171093,17817104741.565327,13977705722.644146,16056206255.765846,353169528.78992623
1495238400,16052909893.388557,18152881688.181473,14560710043.384758,17241690385.704174,353169528.78992623
1495324800,17137534819.27272,19266468235.90788,15940339745.692272,17416041853.667297,959575897.8515424
1495411200,17359438135.582115,19084610458.00952,12744345925.300217,16361300265.784622,959575897.8515424
1495497600,16281625998.797066,20142151211.43345,15419347262.511902,18338831984.78959,959575897.8515424
1495584000,18343371622.193916,20223116097.30519,15925204676.606697,16995209940.738777,959575897.8515424
1495670400,16986769691.304375,18613789957.207237,13142460747.658607,14297161815.08886,959575897.8515424
1495756800,14358186624.822464,18983524663.89283,13347126427.285374,15449833215.68634,959575897.8515424
1495843200,15449307146.079987,16263307709.343185,8329977733.617889,12241936886.663464,959575897.8515424
1495929600,12203209290.406212,14898878142.555588,11729883034.859444,13347438656.339333,2648416429.8504705
1496016000,13398776106.356895,14745410702.959587,12299499249.165474,13832283997.764023,2648416429.8504705
1496102400,13859955353.691696,14874507183.005035,11458569813.292831,12745140714.949295,2648416429.8504705
1496188800,12737956044.064621,15240979280.489708,11863464196.709175,14623588370.579689,2648416429.8504705
1496275200,14619147927.15268,19223691409.966545,14384562546.487228,18502600704.289955,2648416429.8504705
1496361600,18403703143.123367,19790592254.789284,15942840861.826347,17565195802.490395,2648416429.8504705
1496448000,17667322418.515823,19326079886.51628,16290251705.92691,17786747059.633553,2648416429.8504705
1496534400,17902141337.02733,19409357201.34424,16532449504.872948,18298531997.92666,1796067876.3498702
1496620800,18300019029.468628,19684362838.339455,17648408491.895927,18594159526.2296,1796067876.3498702
1496707200,18624855327.64676,20066219177.25688,16877970636.41423,18892467091.47,1796067876.3498702
1496793600,18860048986.378235,20465694779.3926,17207677734.56137,18096212073.37153,1796067876.3498702
1496880000,18075587805.254013,19959532196.026863,17358353541.8985,19091811315.299774,1796067876.3498702
1496966400,19027543555.326134,20633810789.712288,18390384165.497505,19274484356.127518,1796067876.3498702
1497052800,19247770028.32216,20804553721.922165,17303340814.283974,18232506535.88353,1796067876.3498702
1497139200,18183236303.387756,20497435923.11281,17295644032.919098,19350675085.395493,3643335952.81357
1497225600,19349580550.614075,20509982771.782135,15882994486.291115,17556483946.294495,3643335952.81357
1497312000,17537246486.304123,19932105096.16416,17117929184.245316,18819867373.460754,3643335952.81357
1497398400,18775834975.439026,21055613468.50408,16392590499.450493,17843904134.051888,3643335952.81357
1497484800,17767908348.717636,18517984760.939392,14414600920.266415,17180060624.87047,3643335952.81357
1497571200,17122374950.260162,18262123633.328682,15944803074.58963,17517302342.256416,3643335952.81357
1497657600,17522686044.253494,19131739429.870377,16441137664.500313,18447557793.56048,3643335952.81357
1497744000,18469966037.753418,19591167805.18605,17082222503.74733,18291494606.320663,3695536990.0858917
1497830400,18293792170.4765,19822346632.17234,17687116124.311623,19395280811.60933,3695536990.0858917
1497916800,19387007103.764503,22126111200.53859,18256237657.368423,20511136625.704346,3695536990.0858917
1498003200,20460900086.65767,21088785645.57081,17245892680.54384,18611924698.329292,3695536990.0858917
1498089600,18617114998.833885,19633225498.77182,17247492966.345657,19031389360.660866,3695536990.0858917
1498176000,19029381746.337242,20299394314.370804,18530048559.697662,19697698509.009865,3695536990.0858917
1498262400,19720235980.11693,20523768147.489693,17448434845.09075,18579853282.81642,3695536990.0858917
1498348800,18611422141.17656,19151430950.46205,16501457234.699364,17308718816.603607,1833983355.1149435
1498435200,17330124175.18199,18054635693.117447,14126749760.058449,16307662726.654663,1833983355.1149435
1498521600,16308690351.985184,17587475901.386726,14471595624.756866,17237321849.829994,1833983355.1149435
1498608000,17270266185.083054,18083895232.67286,16121822021.853287,17745764516.605515,1833983355.1149435
1498694400,17714666250.778145,18009999030.154457,16430437043.172546,16846740059.854164,1833983355.1149435
1498780800,16849641730.665512,17369758259.007812,15942112866.431427,16286848906.503967,1833983355.1149435
1498867200,16316188471.152687,16788272786.383392,15112398489.802292,15481982658.622948,1833983355.1149435
1498953600,15474255710.54676,16633434459.455544,14978553304.27304,16265383216.396103,1693326079.483341
1499040000,16270813720.698402,16926050560.9944,15594348014.831223,16429046094.56733,1693326079.483341
1499126400,16396539902.38134,17285595553.446144,15985768038.116486,16400247394.200363,1693326079.483341
1499212800,16381687400.605156,17251748982.867195,15757115000.581223,16654893065.68232,1693326079.483341
1499299200,16647071316.45546,17232192990.395256,16051876771.132889,16739982079.210655,1693326079.483341
1499385600,16731230836.23278,16874882833.983345,14684603297.9488,14917428900.172546,1693326079.483341
1499472000,14909829939.976067,15511584258.080338,13635208801.436867,15211181859.076874,1693326079.483341
1499558400,15246815143.021492,15989075319.552773,14547553449.43724,14658882920.748787,1828684719.1589134
1499644800,14668773015.47322,14868155422.118813,10974947519.86161,11938628903.039238,1828684719.1589134
1499731200,11919704661.134163,12903884688.499992,9662728027.282455,11381442742.672592,1828684719.1589134
1499817600,11326870828.633125,13138744251.207138,10543966558.345024,12970469626.279572,1828684719.1589134
1499904000,12939732771.088516,14044301985.899574,11663475990.105751,12431759122.978851,1828684719.1589134
1499990400,32495353229.310402,35417558335.5836,28878054355.958855,32895377098.35296,1828684719.1589134
1500076800,32775838349.52703,33949285833.476234,28410841188.834713,29001276379.548355,1828684719.1589134
1500163200,28987475115.10379,30295630410.25112,23239209185.78472,26534292796.939484,1866567677.4240384
1500249600,26579290868.718857,32737614054.7334,26018890674.422302,31936556145.268845,1866567677.4240384
1500336000,32016079776.87182,39774267235.272156,29961964142.05316,37558220108.156525,1866567677.4240384
1500422400,37560940277.31969,39584969242.28609,30258259070.094086,31630125725.648834,1866567677.4240384
1500508800,32360129877.415466,44328650882.857895,28732766516.18151,37801732429.57556,1866567677.4240384
1500595200,37681291597.76781,41218049454.96713,34287535676.547943,36150028247.84953,1866567677.4240384
1500681600,36126454218.00145,40769121238.66977,34992825574.49483,39060034627.409195,1866567677.4240384
1500768000,38974543509.61836,40532940132.92386,35779582478.36163,38267723442.82312,1690708301.7157195
1500854400,38308670278.05234,39429812855.28328,36757791743.24391,38116777025.90851,1690708301.7157195
1500940800,38082796681.35428,38599578097.36539,31122924070.448624,34085874766.307373,1690708301.7157195
1501027200,34024530974.429886,35545394112.86539,31106012846.89926,33780374362.28473,1690708301.7157195
1501113600,33802621902.87433,36442710030.48733,32359711455.712578,34331131359.59311,1690708301.7157195
1501200000,34194140806.963257,36290745751.03319,29767818389.146667,32047117069.96775,1690708301.7157195
1501286400,32002830080.864906,35013221761.752556,29022521504.209335,33489803676.67199,1690708301.7157195
1501372800,33660516300.28631,35003687982.54755,30130496119.64302,32032831299.20323,1324365835.6374462
1501459200,32140013802.51561,35016102768.79196,30137691802.954414,33713853635.702873,1324365835.6374462
1501545600,33679677913.21192,40061738039.47823,31102803098.125374,36803514620.43201,1324365835.6374462
1501632000,36789817767.50467,37924532306.69159,34233815133.819855,35316321876.59747,1324365835.6374462
1501718400,37053450414.222626,41487249475.021385,36191124640.91594,38530564201.03134,1324365835.6374462
1501804800,38445977057.20961,40357644088.22382,36429186738.92963,37813470605.85689,1324365835.6374462
1501891200,37773226422.7393,45101476954.5543,35216481665.07395,42728885596.837,1324365835.6374462
1501977600,45482183216.067444,48243473275.69822,43200594772.3219,45399627283.01947,2892406954.1053066
1502064000,45270104760.8022,51294993982.89534,43780337881.63268,49113879844.00064,2892406954.1053066
1502150400,49161809020.91234,54862570509.831245,46411042093.480515,52290032356.37676,2892406954.1053066
1502236800,52178633192.96372,55865938348.263695,46021511538.89892,49725158385.86044,2892406954.1053066
1502323200,49776371375.20952,55288686891.09019,47557824593.02026,50719859494.95531,2892406954.1053066
1502409600,50736873888.04314,56513270313.71323,48493884991.59657,53122963039.864624,2892406954.1053066
1502496000,53170907775.34917,58502284083.60739,49011265960.45739,52788871056.32732,2892406954.1053066
1502582400,52872586065.328606,57828235798.844284,45657293057.61223,51716266123.20221,2623750092.2362685
1502668800,51647314230.53638,58729444134.65471,47192573795.84634,52343570047.327225,2623750092.2362685
1502755200,52462559746.51482,56635782734.02951,43960703381.77027,50009721178.9928,2623750092.2362685
1502841600,50172095907.42067,56563186051.617935,46386534463.95677,51921557399.89966,2623750092.2362685
1502928000,51808073635.43692,57123084811.59961,48082756748.642456,52972224787.480774,2623750092.2362685
1503014400,52801147771.77135,64681032881.74039,48706570463.27234,58234923132.07216,2623750092.2362685
1503100800,58138477945.73454,63970255591.59157,52476600882.79436,57364795353.29304,2623750092.2362685
1503187200,57445567185.35853,62440783386.48807,54838257630.3571,58403672795.83624,5460509441.999641
1503273600,58494921436.84035,68455807054.90352,53058731481.42294,60256410922.502365,5460509441.999641
1503360000,60439440594.04094,69130143632.9403,50785613634.121445,63322773604.59874,5460509441.999641
1503446400,63213625147.85164,70652536944.18536,59908049768.04561,63863280715.952934,5460509441.999641
1503532800,64170812789.38427,69969816185.5091,59585420979.997734,62883731207.50893,5460509441.999641
1503619200,62968392674.6022,67725050311.02765,61031478423.29849,64601164368.14023,5460509441.999641
1503705600,64537066703.53659,68758108234.98022,61696402185.84798,65740315886.8721,5460509441.999641
1503792000,65797243168.048065,71296623044.65025,62557487940.691925,67218834909.22272,2376517556.5689087
1503878400,67181766893.20868,71845382725.62933,63201469319.72342,68085090496.1349,2376517556.5689087
1503964800,68167631899.140366,74150537183.65045,63700329386.50159,69186368069.16524,2376517556.5689087
1504051200,69342865728.66118,74061039595.50812,66330843824.958374,71660054284.762,2376517556.5689087
1504137600,71596186959.92877,76683026404.41026,69349861853.81813,74096469674.08449,2376517556.5689087
1504224000,74092552493.83592,79839249980.17538,70817551190.55943,76544329700.39865,2376517556.5689087
1504310400,76466884343.93524,79190768446.6503,64768330861.20108,68576706448.86444,2376517556.5689087
1504396800,68843636305.15749,72892656947.83975,64109036050.006516,69202634759.14667,4551813510.222171
1504483200,69231357262.69324,69855953218.81796,53442048589.67378,59974576256.01039,4551813510.222171
1504569600,59923085543.90004,64474666735.47148,53058492130.17411,62785839251.89226,4551813510.222171
1504656000,62713747683.85326,69658793942.76727,60816214481.389175,67783826916.36142,4551813510.222171
1504742400,67764620692.47562,71242254814.46123,61342202734.206635,68045412768.98285,4551813510.222171
1504828800,67929455754.08157,70737989430.05861,57108036041.04881,62899222702.08768,4551813510.222171
1504915200,62892631089.06015,64499694814.93121,58950291587.68111,61950114353.6823,4551813510.222171
1505001600,62151917293.698105,63481453406.47008,56180554026.38748,60848970234.889435,1988572443.5581148
1505088000,61013854169.311066,64150786776.37344,57903529184.526054,60846943367.27873,1988572443.5581148
1505174400,61963196313.1539,66032093787.94803,58270368744.66429,61093340189.668304,1988572443.5581148
1505260800,61236120080.923294,62109455430.12404,52348767684.94324,57075200841.196915,1988572443.5581148
1505347200,57028249120.59128,58367772616.71799,43976295298.03907,45269811122.13373,1988572443.5581148
1505433600,45269424797.50679,55627537017.70783,38376516708.383194,51996473602.4256,1988572443.5581148
1505520000,52067378679.51274,55730107949.44957,47978558860.127716,51592867015.128265,1988572443.5581148
1505606400,51493430418.390434,53865201308.20299,47658804815.193695,51758689711.98363,2104466467.8534205
1505692800,51839501960.66783,61063154132.209625,51245096883.756905,58662233773.79794,2104466467.8534205
1505779200,58810496570.65079,60700919692.275635,54238352009.191055,56522234780.40528,2104466467.8534205
1505865600,56327495581.217766,59195924054.7877,53912035930.32513,55720246364.37718,2104466467.8534205
1505952000,55606304966.996704,56856021548.2071,49506512681.29262,50839282303.38743,2104466467.8534205
1506038400,50740751999.203575,54065241750.81025,48668941862.18331,51487307855.11287,2104466467.8534205
1506124800,51386776664.12976,55563218979.501274,49967708297.827324,54486445143.953255,2104466467.8534205
1506211200,54641899360.98666,56072382219.80034,51949298530.375984,53680922062.57238,1346137957.120911
1506297600,53726876887.83625,58834238905.34589,52303900008.93784,56853377392.99091,1346137957.120911
1506384000,56879693856.81628,59012213132.507935,54915983317.36383,56487035134.770294,1346137957.120911
1506470400,56449728208.809326,62767838455.55818,54677923535.3995,60663567570.75693,1346137957.120911
1506556800,60871361306.05574,62869673798.176834,57435125191.65883,59784685649.28703,1346137957.120911
1506643200,59702192702.15271,61226524101.51674,54579108920.54419,58223276034.85237,1346137957.120911
1506729600,59002471483.990845,69073317386.46533,57141240857.79666,60997549587.825836,1346137957.120911
1506816000,61046287733.64351,63046976293.17346,57677720983.57237,60745807651.820404,1415113141.5648556
1506902400,60714164986.0249,62593064139.022385,58056518921.75839,60178585781.09897,1415113141.5648556
1506988800,60045985259.4305,61320821843.89758,56204677912.66436,58909095975.71356,1415113141.5648556
1507075200,58735126536.114685,61551043017.72107,55485266818.750595,57692101289.61661,1415113141.5648556
1507161600,57747501858.76851,61557632881.651245,55293394858.976974,59131741899.637314,1415113141.5648556
1507248000,59061788766.782104,62422447713.30469,57793692112.58252,60576434074.16832,1415113141.5648556
1507334400,60405094165.80432,63173728350.37416,58834719145.21295,61254591081.61014,1415113141.5648556
1507420800,61226884424.25789,65388661172.477936,57271097992.37814,61234828725.17987,920403562.4471037
1507507200,61215682552.483826,64815124410.75745,52020773798.808136,57611182644.5632,920403562.4471037
1507593600,57655761858.9583,63384000540.682144,54947590488.2829,59058065185.00867,920403562.4471037
1507680000,59075714190.5126,62460030502.41263,57470228038.11383,60292320664.90991,920403562.4471037
1507766400,61367283578.87732,68744621226.15395,54362546171.04738,60704813628.90025,920403562.4471037
1507852800,60717962458.15309,69658980361.42493,55005128434.49214,65311927784.66635,920403562.4471037
1507939200,65319345114.98303,69510910494.86035,61748489487.88757,65331104799.198074,920403562.4471037
1508025600,65373832054.03737,68943471776.84846,60383845754.59036,65469225815.700424,1866095258.631657
1508112000,65380666835.41661,72085735051.79018,62160270397.899506,65350018137.80919,1866095258.631657
1508198400,65194545262.75496,69915420913.35283,59575079870.5262,63441577223.06972,1866095258.631657
1508284800,63290804706.96385,65284289940.546616,55743115597.936325,61751866895.16766,1866095258.631657
1508371200,61783486947.656555,64436007279.09175,57476337295.596664,60526014293.27925,1866095258.631657
1508457600,60514140352.78407,65342389939.69284,55176439210.76071,59107250295.14397,1866095258.631657
1508544000,59077824234.27998,61785658341.78,54219827546.40816,58832682210.58423,1866095258.631657
1508630400,59180353167.874374,62214282228.87932,55109555416.46454,58026931381.5974,1513656769.3223495
1508716800,58214184871.37361,59494479192.54997,52583806825.2861,55805538101.21295,1513656769.3223495
1508803200,55810487405.7287,65187028012.821594,51594105058.25705,59323458510.85806,1513656769.3223495
1508889600,59307917477.75601,62169157129.75917,55302448688.5845,59186832550.52525,1513656769.3223495
1508976000,59193717372.53987,62476713806.38275,56212908907.9509,58740434381.011185,1513656769.3223495
1509062400,58779420234.44859,62051076686.496796,56046926945.9438,59206530704.21681,1513656769.3223495
1509148800,59200917222.9742,61708168222.69072,57013546010.20087,59260251515.51315,1513656769.3223495
1509235200,59440575480.37741,68607454411.24893,56282460875.31787,61497566612.19534,2155690725.9431515
1509321600,61491867559.558014,64677470262.52469,59591683145.82007,61608597294.74179,2155690725.9431515
1509408000,61891494566.68234,65621860032.43527,57519055568.06775,60814506142.29855,2155690725.9431515
1509494400,60845383744.01602,66288317442.92096,54355354037.779205,60160454239.04611,2155690725.9431515
1509580800,60196817687.6149,66771658691.91321,52160502440.78177,60532056322.69751,2155690725.9431515
1509667200,60674612435.418,70231037389.64511,58048066161.400024,65011458572.55249,2155690725.9431515
1509753600,64968324462.66907,68906659106.88303,59797971313.99478,63593751562.69501,2155690725.9431515
1509840000,64154799950.42314,66859917993.62013,60450293941.79965,63811353057.70688,1814347656.4900875
1509926400,63843113002.88214,69153730870.77383,59901593136.187225,64156840310.875015,1814347656.4900875
1510012800,64050644837.423935,67858649524.43884,61603069579.663086,64577153075.79033,1814347656.4900875
1510099200,64573387584.037796,77602189117.95663,60380195165.34187,68797120039.97797,1814347656.4900875
1510185600,68901802209.3494,76618842624.82764,65314357133.82953,71665479834.96187,1814347656.4900875
1510272000,71718463128.94484,82555403268.29585,63383966823.55246,73436600428.5916,1814347656.4900875
1510358400,73198209620.01964,90589643095.75165,67805767039.09146,82668040120.0187,1814347656.4900875
1510444800,82909967340.41595,113104936492.69272,68330147701.51941,83106993882.78198,12787365692.96199
1510531200,83236644733.48383,95648350281.28616,70192131072.21497,82982723962.3314,12787365692.96199
1510617600,83017616157.17589,89862647470.02972,78486799148.3937,84873969878.14719,12787365692.96199
1510704000,84782084918.73099,92744253949.2673,76644750037.83911,83884840816.72682,12787365692.96199
1510790400,84015437063.31255,94240820195.78934,70618746578.70114,79254407213.92343,12787365692.96199
1510876800,79261761216.58789,90405528234.23816,73687285425.86456,84386698473.10866,12787365692.96199
1510963200,84585663554.10579,93045725636.12115,81529270283.08826,88929264320.41808,12787365692.96199
1511049600,88947630217.50156,96438304070.45346,82946983070.01436,88196702828.17946,4659267784.791273
1511136000,88224496161.34047,95167418510.72565,86123053233.89624,92062297152.54947,4659267784.791273
1511222400,91893858772.1951,95849071843.60574,85051254147.38834,89652887375.96898,4659267784.791273
1511308800,89697795844.89674,98601840057.85681,87690181861.67407,95282650029.55429,4659267784.791273
1511395200,95283090544.17062,108929138000.68997,91569759125.47021,103058200373.70071,4659267784.791273
1511481600,103147025854.63742,115743838097.95087,95217089109.49701,110205574171.21858,4659267784.791273
1511568000,110218058059.12587,119399302199.88837,103013494500.26848,109940258169.33109,4659267784.791273
1511654400,110254415067.28302,119957444458.37103,101414522881.86142,114153946342.80524,5293133474.63582
1511740800,114389401331.82733,121516757835.11453,108207942376.07306,115510344078.76187,5293133474.63582
1511827200,115493313614.44681,124152278592.86243,97968664237.71368,116789636931.74942,5293133474.63582
1511913600,116837054450.79898,135287283608.71057,96198534532.60117,105904789270.89948,5293133474.63582
1512000000,108245700039.21841,122854257743.41492,96196852173.01239,110605230208.80154,5293133474.63582
1512086400,110669656535.94357,125752240734.39703,102120197007.47559,118838539307.94733,5293133474.63582
1512172800,118901432197.49792,125167214192.65033,114182682083.02972,118892915858.76257,5293133474.63582
1512259200,119093615330.77255,133938860770.22894,112125789791.45105,123301866959.29968,4498925871.560726
1512345600,123292650415.94812,133098007832.59326,117043410457.33899,129240601377.90836,4498925871.560726
1512432000,129349016655.51346,138657617953.37427,114585892644.79852,129624079968.88995,4498925871.560726
1512518400,129595772970.6648,156247745214.48273,106364753660.60336,124499121135.32669,4498925871.560726
1512604800,124469469771.72134,152680654683.5874,94628742439.36935,117083595610.11908,4498925871.560726
1512691200,117289095524.14685,153436638819.903,94059043165.90814,130782787420.70932,4498925871.560726
1512777600,130830406922.13168,155800670958.4062,106469056822.96732,132580612866.16693,4498925871.560726
1512864000,132892884779.24744,143437619108.6527,108292594498.5827,123603991614.21191,8961291528.376713
1512950400,123596915208.73236,152987026040.20276,115204960516.3342,142258245600.26257,8961291528.376713
1513036800,142231484789.3877,195061120752.9436,135206950934.67865,172559055151.4193,8961291528.376713
1513123200,172541468501.31592,202464994142.02264,151285995322.81714,183900630504.0545,8961291528.376713
1513209600,184038298872.18866,232422404076.0359,169210031262.2463,208590035981.03766,8961291528.376713
1513296000,208517303061.2287,226999806679.75726,164983603599.32367,202475112088.46472,8961291528.376713
1513382400,202618143055.3144,242329562361.88477,185136802457.4231,212997348514.95673,8961291528.376713
1513468800,213237606128.55548,246365605948.44263,202280505452.71204,224541970341.6006,14489145740.219107
1513555200,224688486618.46948,268509874966.34528,206451875186.8175,251808877134.05908,14489145740.219107
1513641600,251819939614.77246,305552934344.5154,224392111389.71692,272035779481.3454,14489145740.219107
1513728000,271769735984.60944,321404147399.31726,226920932039.16626,287385370802.75714,14489145740.219107
1513814400,286413108817.3033,331458334960.102,248881565711.03052,288725628157.2827,14489145740.219107
1513900800,288960046041.6212,302305398413.29956,172876184748.23944,244377944206.17944,14489145740.219107
1513987200,243874633202.45544,297658135139.13916,230947886990.24768,266508014120.98605,14489145740.219107
1514073600,265090156734.74182,274610311293.4867,219323941969.29486,259715942506.85678,15533817880.506336
1514160000,257862502999.4921,283941810512.5353,237100554418.6814,259180861557.1961,15533817880.506336
1514246400,259361685108.31134,298787236715.4774,231399409720.69513,269948352224.72073,15533817880.506336
1514332800,270079099226.51352,293583501031.4457,241913666548.7473,266409569432.66934,15533817880.506336
1514419200,266672996529.04422,285193503816.3705,230279248745.2397,261658877226.7214,15533817880.506336
1514505600,261077803844.89603,316086485204.8345,246144857640.52924,292818588530.1105,15533817880.506336
1514592000,292751594533.0337,340881167025.8758,247993283431.7032,279175939030.2495,15533817880.506336
1514678400,281399222346.55164,326901833130.7805,259592486484.59637,303777216938.7452,20072919286.389343
1514764800,302912480320.4098,329032346372.7473,277482428308.8632,311766310436.32336,20072919286.389343
1514851200,311492365118.12305,381603159104.5486,277338864666.9818,340107535551.09717,20072919286.389343
1514937600,339130780903.25183,416987346882.0702,325393063286.0348,389941538149.7168,20072919286.389343
1515024000,389645991412.16895,454499308285.1715,346923525070.1166,390110571751.7998,20072919286.389343
1515110400,390157964473.44165,474512294663.72766,317547855640.4575,379018156561.708,20072919286.389343
1515196800,379244397509.12366,438388899213.58606,351664335950.4259,401298402158.40186,20072919286.389343
1515283200,401740979802.9508,456023755143.2775,370903278699.6904,421117457459.0989,24834214188.261078
1515369600,422015592002.4348,455252845080.7019,332157215641.67224,397770488835.23303,24834214188.261078
1515456000,397789434678.34314,446554248041.2246,350917098818.7942,392802164795.84863,24834214188.261078
1515542400,392480624020.46216,439585557099.51294,333478789330.0574,392747992492.06915,24834214188.261078
1515628800,393263823386.9849,430468176236.067,319548163016.0112,357724434585.5888,24834214188.261078
1515715200,357818887307.335,413939589791.3092,339802434215.9138,393860098810.7462,24834214188.261078
1515801600,393880684299.66565,445590989537.9584,379257494535.7534,411827755789.1173,24834214188.261078
1515888000,412292619295.9096,430679821371.4116,365144203709.8092,392698753406.1396,20985444649.69953
1515974400,392675573694.85785,424080080446.3097,353211044230.1748,370960947677.3131,20985444649.69953
1516060800,370304793524.42285,378477780463.4094,219489745642.69568,285591677900.33545,20985444649.69953
1516147200,285613992536.10986,318814703676.3649,207985326186.89398,292208561416.61255,20985444649.69953
1516233600,292302008130.06165,342372367881.16736,270728766943.42798,305346616751.9514,20985444649.69953
1516320000,305797568309.806,336859869495.71484,288828753585.01587,308976965601.4148,20985444649.69953
1516406400,309124672345.7477,355469551316.27795,295912316161.4004,338632092482.835,20985444649.69953
1516492800,339265591836.90466,345404029539.04486,283362478284.8439,300922556033.16156,19391423011.739223
1516579200,301076239314.6266,318805805282.90594,253802438007.7162,284976157278.6683,19391423011.739223
1516665600,285205076797.18054,306127180640.7771,253551517626.38336,284408360208.71765,19391423011.739223
1516752000,284389842312.8966,312439258233.4523,270300209502.94128,300836007591.5784,19391423011.739223
1516838400,300558930679.98444,318449186137.805,282667233063.26404,296770305721.0273,19391423011.739223
1516924800,296185497974.7404,314755641786.8477,262073573077.29614,292514513318.79126,19391423011.739223
1517011200,292497403121.33936,312080132748.2002,281002963973.66113,301380956830.3213,19391423011.739223
1517097600,302499992463.11475,335791465266.7006,295063146607.3415,324000283984.7667,11229178109.541927
1517184000,323813252244.2612,331729184018.6582,297841332366.83453,308255199442.14746,11229178109.541927
1517270400,308420531691.5221,316673893108.11145,260516316288.2255,271909159030.60358,11229178109.541927
1517356800,271882789434.5384,293319040678.37854,252266820909.45325,282003112261.4725,11229178109.541927
1517443200,282044516870.6,300429268013.0839,223296361903.51233,245796709346.23862,11229178109.541927
1517529600,248041667739.61752,256759568035.93604,175264637607.5362,231405456116.7566,11229178109.541927
1517616000,231490536836.15567,262760426614.15375,205256191485.50153,248195889860.8543,11229178109.541927
1517702400,248893732190.0944,256246728454.21747,199184564316.93335,212968897363.4885,13997850502.62724
1517788800,212739716986.2811,221678735475.90186,158677123255.1758,173372535613.49768,13997850502.62724
1517875200,173727517535.71527,211538400673.47296,139735114137.11014,199578434104.9643,13997850502.62724
1517961600,200494891364.07745,226215406158.1764,179207379241.7954,190657929949.67664,13997850502.62724
1518048000,190809012042.38525,225527755145.68274,188371830821.80212,214037062058.90033,13997850502.62724
1518134400,214385383449.74396,238125813032.51932,197539487534.16376,231574788808.6744,13997850502.62724
1518220800,231568218530.73184,257007889879.5384,213206123032.30975,229052102511.91498,13997850502.62724
1518307200,229528357916.3274,233723355168.358,204544348954.10468,216021047107.2178,14044982599.40536
1518393600,216083593054.35706,243378632848.5376,210864988096.46576,233163573225.46985,14044982599.40536
1518480000,232895672956.70517,238954005519.68982,216129440273.1671,225338103643.85486,14044982599.40536
1518566400,224826568456.61505,259974128551.32733,219867416392.37164,252992588423.46326,14044982599.40536
1518652800,252962376648.5154,272660597532.02084,235279416238.48553,254090411724.96173,14044982599.40536
1518739200,253735357878.90393,269685993779.14078,242571039331.98322,261734003712.46628,14044982599.40536
1518825600,261711278525.42358,286516388019.9664,247956360883.7641,271998451837.41852,14044982599.40536
1518912000,272295413141.1141,281382132546.7808,240696292300.7472,251457850150.8596,12132143423.69438
1518998400,251749955714.68478,274440263147.0008,241745025155.85565,261383061044.85544,12132143423.69438
1519084800,261358577245.68692,276534074361.4959,229396588284.85196,243779594929.7696,12132143423.69438
1519171200,243761354066.9209,253816297215.64362,218680955775.4475,228741462877.71088,12132143423.69438
1519257600,228622535333.449,244224105315.8258,207690622901.14972,216165394285.76355,12132143423.69438
1519344000,216033420738.2891,241009425608.5558,207844183010.5913,228914346128.5314,12132143423.69438
1519430400,228477486255.7528,243151877528.71048,205932523554.1425,221197037255.58002,12132143423.69438
1519516800,221100215583.08282,233907665009.11108,210021673395.1759,223652638061.51672,8677309694.01799
1519603200,223422684645.1026,247107662207.6781,209722757782.37402,231299496397.88733,8677309694.01799
1519689600,231733240313.37115,248151977687.96198,222088390401.8733,232585323585.7945,8677309694.01799
1519776000,232696250219.1812,250348205571.2779,217935762741.59387,223579686903.26746,8677309694.01799
1519862400,223599802784.28455,244909942309.95,214301983541.38104,231440043732.5404,8677309694.01799
1519948800,231519965314.8443,238856615613.7575,218920213198.69092,227838302128.36414,8677309694.01799
1520035200,227874820532.2572,239316055856.7411,218040413267.68585,226875909990.00238,8677309694.01799
1520121600,227360757682.3552,242381986506.50757,218900179578.22928,233688595233.83063,7598985955.2060995
1520208000,234387180777.28674,244477150894.38553,222827460571.72577,227193069961.24094,7598985955.2060995
1520294400,226998259734.90527,235198228920.6003,208644599181.70718,216475221080.86313,7598985955.2060995
1520380800,216233302427.6586,223229807151.3906,181635591056.43036,199734506779.90128,7598985955.2060995
1520467200,199766580586.78314,208162370880.36224,179079226663.76288,185564145725.95694,7598985955.2060995
1520553600,185276439490.2721,196096437261.73352,163754116711.02026,190878988837.2777,7598985955.2060995
1520640000,190764587757.45596,199520945761.81976,176053704414.54865,179265127946.4298,7598985955.2060995
1520726400,179727039937.8165,202945839816.95334,169000219160.61102,192359024912.51535,6862898866.680165
1520812800,192252228319.58823,201052159153.50574,173138329663.7818,183308264290.89142,6862898866.680165
1520899200,183103296743.73047,192802967309.35846,173424858001.86206,182305353726.3705,6862898866.680165
1520985600,182507390164.66986,189186542133.82275,153412411444.85046,161032788193.8306,6862898866.680165
1521072000,160976388357.96735,168977198135.65988,146074750505.35553,160479519390.1114,6862898866.680165
1521158400,160424061185.02512,170426027049.9074,148192828674.51044,158672954054.9788,6862898866.680165
1521244800,158561944242.27393,163218391327.2669,143340547219.37442,146641217654.19843,6862898866.680165
1521331200,147061954171.8416,157954309517.41632,123548656386.80359,148126709515.77527,6056845442.6138525
1521417600,148351359663.03705,165172377978.6873,142234083006.19855,159952844054.84204,6056845442.6138525
1521504000,159872729864.45227,171283964278.28278,148657737511.91,163284213491.0727,6056845442.6138525
1521590400,163370738982.8882,173897316696.39532,154536405770.07947,162648077635.26074,6056845442.6138525
1521676800,162645718857.25226,169119125719.8302,150297154201.11746,157639020388.56387,6056845442.6138525
1521763200,157783149410.9041,163566815348.9469,144925894500.65833,158887475742.54126,6056845442.6138525
1521849600,158955698305.26196,165633040479.6266,150032577309.851,153765181291.99594,6056845442.6138525
1521936000,154171826400.81912,160411932878.9554,149581332780.39807,154167277943.87137,6377110970.918307
1522022400,154320339374.23715,156978920632.62274,136108774622.07991,143571873716.33612,6377110970.918307
1522108800,143843525099.5495,147725677970.46805,131553349981.51196,135595222025.58504,6377110970.918307
1522195200,135558138068.23341,143186124279.23572,131675354362.85406,136188866643.22691,6377110970.918307
1522281600,136313327641.24329,139086657086.59955,114189002128.56192,118552387339.7588,6377110970.918307
1522368000,118675882114.08167,128508424388.71196,108809322240.087,118955258368.795,6377110970.918307
1522454400,118923987020.72032,128314805980.39944,114928191449.69846,118830267130.88773,6377110970.918307
1522540800,122096489493.96552,125256978466.86234,109440664878.32835,117200162305.61241,5156391761.512861
1522627200,117198353598.98738,125202533384.13274,114159869327.7301,121231253440.8007,5156391761.512861
1522713600,121224152712.86096,135444225342.17181,118745750293.44875,131787127967.75407,5156391761.512861
1522800000,131677777134.78545,135154418265.80623,114400423751.9614,118703211254.78957,5156391761.512861
1522886400,118735746354.2198,124775783673.11931,112831516525.51462,119530052121.4429,5156391761.512861
1522972800,119483199438.23233,122520787804.08835,111835338978.23053,115324228073.24263,5156391761.512861
1523059200,115504524499.80074,124338891373.33588,113190680428.74117,119617047603.87032,5156391761.512861
1523145600,120092233112.86426,126291036903.857,118622925008.7669,123792968085.41704,4370731325.026035
1523232000,123672212554.09421,131240752072.3025,115971088205.27185,121657627600.26414,4370731325.026035
1523318400,121843217470.36609,127096222397.38068,118061186200.99336,124614673768.98105,4370731325.026035
1523404800,124509522777.65134,135324139873.31847,122767530098.88403,132616152535.18378,4370731325.026035
1523491200,132580803645.90063,159833261911.49597,123000856044.4631,152142790215.69632,4370731325.026035
1523577600,152286364782.24744,167991289117.56537,145653812145.85306,151437206414.61948,4370731325.026035
1523664000,151386286653.8212,161118460624.78763,146993910377.32153,153577150271.51175,4370731325.026035
1523750400,154498697838.9869,168202475359.5433,152198310309.16293,164876333055.52982,8000378605.307452
1523836800,164886447996.1711,169906591097.43176,152310398859.98212,159860969879.90314,8000378605.307452
1523923200,159959073391.48206,168773093444.20224,153309947928.43536,158429177461.49112,8000378605.307452
1524009600,158387562710.45035,175431782738.90768,156957548846.18262,171980782576.53516,8000378605.307452
1524096000,172049296484.67566,187194421093.24588,167835022209.9873,183749055151.57233,8000378605.307452
1524182400,183835182992.94012,211137002738.33942,179244736299.01093,203792760723.46115,8000378605.307452
1524268800,203851576780.32373,210025036372.75574,181764944845.5148,197629766796.4926,8000378605.307452
1524355200,197914695332.8817,212867759724.16418,190306558853.40448,200823708884.44202,12874804696.184847
1524441600,200450810626.88525,216223327081.34308,198332114116.568,211813259299.88287,12874804696.184847
1524528000,211813906536.79553,244117918264.6576,205174611893.25092,227522070082.12762,12874804696.184847
1524614400,227432132611.14,232934994826.5755,187626001034.29547,201131202504.94952,12874804696.184847
1524700800,201054565100.62335,222033709379.18945,193131263209.79126,217654326021.18036,12874804696.184847
1524787200,217709185329.52515,227671763309.9312,204255375296.6842,210581307097.46112,12874804696.184847
1524873600,210332819548.27484,233496007877.2649,207783141749.13867,227053213392.5459,12874804696.184847
1524960000,227686228635.1939,243523797495.04968,219637300665.28293,234521430942.2212,18270962483.985073
1525046400,234562190199.39703,241034389610.49966,216934046342.24774,223375564852.76312,18270962483.985073
1525132800,223668552928.0959,231450599098.20502,206504233642.10022,225363407987.34348,18270962483.985073
1525219200,225314937184.9324,237750886886.18646,220226903750.7555,232775045638.09973,18270962483.985073
1525305600,232753886259.34415,257678500764.69626,223578113944.123,244730470370.6571,18270962483.985073
1525392000,244833602037.80164,254865324596.13196,233021957221.7848,243941761451.1875,18270962483.985073
1525478400,243848236530.04477,261917011575.0913,240017952205.94562,253197162695.35117,18270962483.985073
1525564800,253891941783.44452,261952968775.61694,233329189076.64417,246457415739.0708,15558997483.160553
1525651200,246328573202.06165,250619484685.7157,222513749456.91357,236824029991.1208,15558997483.160553
1525737600,236727001347.35052,248799650480.32355,224149968780.45325,234735273027.70312,15558997483.160553
1525824000,234845169909.2445,242590542166.35828,219375656168.4095,234125523498.3587,15558997483.160553
1525910400,234992313565.29724,242248277440.17328,220434437757.64038,222618753877.97736,15558997483.160553
1525996800,222347702350.48853,229401676413.63226,193278569085.41028,202772795021.69147,15558997483.160553
1526083200,202652763730.66064,215522056389.36078,187961911278.74634,206682047358.5907,15558997483.160553
1526169600,207412063778.84415,225035462942.6654,200749033652.17014,218592391534.92194,14622962521.902199
1526256000,218468143968.5146,226760563054.75034,201511108921.59015,215502260488.67883,14622962521.902199
1526342400,215433253805.98468,224659416046.80893,202254156843.55136,207007894010.29843,14622962521.902199
1526428800,207219907500.2743,212038786828.66403,193221832602.53143,205065242434.32544,14622962521.902199
1526515200,205009813621.60406,213420271713.05362,190004804184.22845,193779414914.5741,14622962521.902199
1526601600,193551014895.7359,203191093982.26697,187496969130.94604,199851143652.76837,14622962521.902199
1526688000,199982810741.0686,206459289049.3429,193487450575.15985,199110217693.45392,14622962521.902199
1526774400,199686121708.47852,214100323249.48676,196287066421.89615,208335562914.04062,9461551454.912872
1526860800,208475569562.9182,211897767994.26855,197551280722.53568,201574044507.387,9461551454.912872
1526947200,201893380458.8385,204430046550.75485,183985598454.0394,186083342089.33936,9461551454.912872
1527033600,186163159321.16287,190085820163.62085,162573644490.11554,168836068718.6525,9461551454.912872
1527120000,168695384449.07077,183306760613.70093,160634452606.62314,178358150379.7529,9461551454.912872
1527206400,178365254195.2556,182160219339.97946,166721247822.20233,172225629077.06042,9461551454.912872
1527292800,171900881092.874,179544123821.09137,166667960956.3091,171474608768.39386,9461551454.912872
1527379200,171611251489.87552,174633856655.98022,164366807705.93353,169047908770.92996,7512138409.141754
1527465600,170756015123.66193,173949721961.10828,152456923335.03802,154218641311.09888,7512138409.141754
1527552000,154361484949.5631,174786507816.74194,150989958984.8684,170453391508.81323,7512138409.141754
1527638400,170463746150.80933,177199925208.51093,161704533159.16858,168067139806.46088,7512138409.141754
1527724800,170667730222.60257,180981391453.26508,167833031131.5976,176155070836.45123,7512138409.141754
1527811200,176269222218.4958,182005676822.43262,170401241374.68475,177070156830.19745,9366953646.193182
1527897600,177200017614.6167,189501906792.70865,174174268457.29956,184860706353.71704,10805135714.73348
1527984000,184912736275.68103,196923504605.47284,181944299106.4051,191279118675.98193,11238572092.034481
1528070400,191879777102.49756,196120584909.0951,177728329229.547,182303502887.0564,10192580554.29438
1528156800,182411075908.62396,191306451641.04987,175226013779.2259,187332174854.06213,9702201642.747381
1528243200,187390953306.29553,190489566056.3357,180442625720.85217,186471818078.75317,8544574995.040878
1528329600,186518713493.37134,191543628906.7376,182617442883.25824,186660712764.52753,8795073921.468409
1528416000,186519353049.5885,188646788183.89075,179347209319.66827,183880207112.7722,8741895578.292978
1528502400,183982447707.5611,187959744094.40387,176925016593.44098,180635016914.01056,8741895578.292978
1528588800,180590570140.15002,181585392741.8305,150662770147.6011,158243833671.34018,8741895578.292978
1528675200,158277606673.95236,164878303964.90875,149917227339.79248,161065273546.39935,8741895578.292978
1528761600,161110614592.42426,163637622540.14233,143305438409.56287,148241959045.14493,8741895578.292978
1528848000,147977803305.4021,151750334562.58868,132574927307.57428,142204958976.79535,8741895578.292978
1528934400,142373107987.81497,157684214203.73526,137690847175.40067,153497155160.40787,10447246365.627611
1529020800,153494649460.19736,155308078641.45456,142525342916.95227,145269111241.22696,8701175787.099981
1529107200,145366385954.0802,150229227261.83987,141711623730.4901,146771095829.07095,6638743557.27528
1529193600,146837871420.46786,150601611160.1346,144054577727.976,145831423960.4037,5420649369.222279
1529280000,145990477809.53836,154761397668.84833,141299810622.93094,150791276630.7732,5743429363.690189
1529366400,151013822721.24936,158389082126.43738,148243494788.4345,153798511143.9476,5743429363.690189
1529452800,153742164844.3703,156089249730.68283,146239511525.34048,152218593715.9786,5743429363.690189
1529539200,152365257584.7295,155912123824.03925,147879850000.3972,150176765970.41443,5743429363.690189
1529625600,150289889906.50473,151336842659.17896,126848921204.67078,131952451547.33328,9722693184.392733
1529712000,131967105931.71494,138040771588.94418,129079975865.03067,133983212850.89627,8583947427.180132
1529798400,133905345526.4369,136369690691.78233,117439770139.01663,128831625582.59898,10784379519.279331
1529884800,128974804316.03784,137160527420.9567,125418533783.44302,131283994126.61124,11378187813.690582
1529971200,131266867626.84094,132717333737.50912,121098240151.79294,122340205000.76465,6033328234.723831
1530057600,122447675662.34613,128617254374.31906,119511301646.4823,126376240543.82816,6866626399.240231
1530144000,126668123112.51619,128435277521.9014,116839870822.24693,119001181689.1814,5675606348.954731
1530230400,118923274307.00171,128705375348.37704,113798338272.73438,124299508416.8653,7483282968.398331
1530316800,124361027953.24261,134719850991.07501,123264913206.8919,129839010874.83109,8168037924.109133
1530403200,129829654735.64719,133860331692.50201,125054039992.64603,129855567777.71451,8892503770.970531
1530489600,129667389386.98439,142721904461.1843,126578344191.88812,138614224916.4549,8779729828.610733
1530576000,138541606930.06277,144922539040.55255,132760844122.00885,134836055478.56195,8949897285.999834
1530662400,134892693610.14082,144497442051.02106,131437868887.17995,137111599831.35442,8281916239.385332
1530748800,137004589101.43976,141711410160.44498,131030012563.29211,134939639360.55531,9450109789.047003
1530835200,134883189215.36699,137833994726.6762,128463818776.853,134120887865.31557,7679124855.94133
1530921600,134320074529.6047,141699551495.66687,129648880367.57617,138363776594.31744,6856378917.812222
1531008000,138320293669.5413,141863367193.75214,135021879994.78375,137168788241.11893,6549704257.35812
1531094400,137164678161.65375,140706576540.78992,131150160821.04617,132837801993.25735,7256136882.612822
1531180800,133184820110.85077,134538639653.62576,120716275017.09451,123236821603.10092,8438053390.499123
1531267200,123519409935.61087,128231913665.64026,120217117038.29741,126016948860.8721,7146118529.73542
1531353600,126089175120.11694,126935376068.44629,117334216539.85147,122115629352.2761,6704794183.9375305
1531440000,122137135647.18268,128318196346.19775,119220694540.0485,123368413627.37051,7097598564.141571
1531526400,123213683240.23297,126588387167.59262,121180919315.4101,123795674167.2195,5172053206.428801
1531612800,123768869363.87788,130122679176.40952,122620217668.12624,128028361334.95158,5928689107.77832
1531699200,127996882961.38353,139898347507.10242,126369939459.97246,137869367378.18103,8426658876.138521
1531785600,137786683952.6662,153223405835.37402,131520716624.0265,145257808759.22064,10652320971.34032
1531872000,145101015133.02957,154757509101.8681,137155770582.83475,142224919813.0797,11926069244.196121
1531958400,142341103649.95905,147527950134.8424,135213149207.12292,139963680672.75363,9945315918.112621
1532044800,139896723471.06348,144089477340.57886,127417918545.82831,131074810865.45099,9054876025.213022
1532131200,131048594816.1164,137735720508.47968,127304882969.76869,134696704209.06914,6844067793.302322
1532217600,134447564875.59808,139859044972.6363,131052000349.94951,133240658804.56247,6713303408.285822
1532304000,133236953226.27078,141770672304.83295,126168090531.13014,131835679910.15814,8144912971.468424
1532390400,131899947125.86533,147134560666.35413,126629756329.80167,139805978346.3739,11779897637.765617
1532476800,139693221092.23007,145834117231.9787,132665592775.51407,139199093297.58435,10141116132.909122
1532563200,139100099120.2968,144567672951.95178,131918899037.2479,135180251930.51476,8193767353.866423
1532649600,135127887228.59354,142054701509.52545,130038530979.68634,137464084416.4774,8994751027.32412
1532736000,137422227383.56836,139776771620.8059,133535673151.01227,137766148587.98248,7168979064.984722
1532822400,137659385524.76068,139828307833.13678,133947805713.61835,136823193403.61063,7545185207.107231
1532908800,136808947866.98444,138924284057.1462,127269404062.61766,132983878039.61548,10652289881.988731
1532995200,132919572227.53143,134381322474.42032,121296787532.5878,126142500436.39212,8756111056.46458
1533081600,126064715802.19916,129784385041.9433,119479818035.3577,124530948844.03937,8516149079.491117
1533168000,124569457220.79128,126899140798.03745,117996093599.0147,120423543039.96155,7109088770.48126
1533254400,121206272474.71564,125560959209.02063,115626280673.47433,122125211648.18164,7993678558.484426
1533340800,122152363830.26358,126843501094.43018,113584536141.81659,117952540245.70554,6848616829.986187
1533427200,117994478005.42734,121774970812.17694,115496738293.79813,119801727903.14218,6252159105.658854
1533513600,119817739762.81073,123369786477.0852,114031756772.29562,117309239186.84053,6836474507.667633
1533600000,117241171032.58057,121723883130.84558,107846166805.06842,110157706330.70059,8468546510.2051735
1533686400,110153075483.28017,111778386272.26357,94140145449.70544,99726672657.01077,9540030124.126205
1533772800,99811997181.97922,108055769132.2557,96910234231.7205,103813217096.90352,7611416917.414741
1533859200,103767860058.26048,106127794509.39879,92364104634.50534,95679053329.21371,7797360754.6979265
1533945600,95684783900.39282,100502977653.10242,86867357381.90067,91860677236.9693,7428994041.305564
1534032000,91925584859.91998,97117151081.4736,89700399027.51459,92445729861.94878,8356078990.186142
1534118400,92502954469.0463,96827399154.32774,80221003779.992,84308954552.72028,7409536728.309069
1534204800,84300782510.0524,85094595762.49619,73451152817.30646,82264990651.00009,9304120061.184624
1534291200,82337227380.90164,91274566986.62404,80737531990.67703,83255881391.76863,8497269117.344961
1534377600,83330296517.39746,89121637831.07297,81239401490.69106,85331006244.9198,7718113830.553845
1534464000,85697892251.75623,99856949462.83427,84866999559.82036,98624334447.0359,10702534510.980362
1534550400,98650994610.71265,100605887173.66663,86629339081.89932,90723412787.9296,8984314363.033758
1534636800,90770510281.03578,96659442668.83174,88157659218.87428,93194185154.65732,7268698025.460366
1534723200,93212850241.61035,95026796931.71497,84098204744.84137,85235655789.27173,7050382910.005568
1534809600,85321483615.99683,90770125433.00397,83420257904.3558,88838268640.98987,6039934167.574215
1534896000,88877033145.05315,95650804327.74905,82173293110.70065,85160332712.52618,7865292653.171386
1534982400,85227959173.2138,89928046079.3674,83834824415.25514,87872823111.49991,6156245705.423205
1535068800,87882783860.83365,91138865730.61295,85100343251.42035,89348745512.3169,7059529434.592797
1535155200,89345989793.68213,91717692713.74689,87287143311.2963,89308502025.92953,5577230050.846857
1535241600,89328138261.86292,90731868000.02452,85560225083.40799,88595543906.27118,5697707298.703125
1535328000,88629182211.20428,95640330543.9845,87280823976.90698,94172350374.84076,7327953583.085221
1535414400,94237940926.60149,99712528832.297,91524398586.06984,97744635569.46573,8231407155.97775
1535500800,97783376376.42143,99779937750.75104,92536121562.38876,95579050475.0917,8067840879.710271
1535587200,95602401701.79477,96996928409.02628,89217953973.38348,93904502356.47766,7599767266.187104
1535673600,93886663141.6059,97586083222.51375,88544821337.65182,94789958700.45486,7574963632.0722065
1535760000,94790312279.24792,103808967744.64917,94324626101.3956,100256767711.95969,8269952296.664261
1535846400,100434466133.79202,103444960582.10341,95974729842.20352,99918249563.57016,7969021613.053938
1535932800,99846854608.65579,101801688669.91483,96259147063.53366,98696089582.68231,7261445986.891909
1536019200,98636491499.22899,102424012688.58571,96467281431.4229,99034271577.4195,7774262548.492593
1536105600,98931049778.88678,101523915201.27963,79750497297.09613,80796264445.4556,11006265303.205782
1536192000,80727684229.03928,85822411139.98029,74863294366.51248,82396376142.67819,9828908379.41925
1536278400,82411016735.99307,84383123395.67444,77194001103.7807,78894094502.80637,7610694489.764782
1536364800,78964769417.6071,82976920109.33704,72229274788.71806,74381795376.26529,6562406009.881855
1536451200,74401462594.52336,79048991941.86429,71209169034.55391,74848151897.58893,6648210726.689791
1536537600,74886256156.82286,77825042352.75714,71935287012.80763,74732385307.1214,6390412575.89139
1536624000,74824331920.59355,77172082186.11374,68490745886.31621,71883699847.26645,6793328759.047573
1536710400,71793801318.89815,73396242958.87317,66185206552.71126,71538981881.93384,7830044267.504158
1536796800,71570845697.9164,79517349545.12253,70935922465.95042,77193368476.2019,9049941612.428703
1536883200,77175254995.28114,80677847211.25504,73850031704.03972,76377996241.94473,8370559410.106699
1536969600,76375909781.2787,80655131424.17203,75789540303.84319,78552265308.67883,5625548802.105326
1537056000,78485156249.07112,79713961061.1167,74718389922.95714,78573051436.14282,5557652507.622763
1537142400,78624644292.49684,80171252254.432,70985684591.23302,72588526909.12253,7943282055.952194
1537228800,72547795360.5613,79945207370.34406,71270440345.61946,77208326126.38818,8139216078.883268
1537315200,77199443391.02696,80980121389.5061,73202903413.89284,77797008488.28763,8033979988.893333
1537401600,77842989924.4051,90294366496.68213,76379551207.89262,86946661625.75754,9079728950.400808
1537488000,87221024066.30785,107772903654.89896,84229096960.76857,97563401727.30176,19379904105.180405
1537574400,97642766204.78194,102172188936.32623,89834285319.79436,95589492771.8533,11351914573.503847
1537660800,95634812353.05559,101104280774.38834,93701020458.47292,97679586549.91232,9187831460.024807
1537747200,97685804074.5118,99229848537.8783,88510310293.94536,90350211664.89352,8871265751.721884
1537833600,90309242551.1043,93450962894.46936,81591195514.53694,89665898166.73856,11359670534.098343
1537920000,89792431256.75691,95339204836.2948,85167433344.35524,89650949338.78156,10909069588.627966
1538006400,89651369336.51839,98329860444.13528,88037011702.05608,95483144066.64835,11275409982.807396
1538092800,95498047568.38084,98006600399.35168,90058789451.30565,93340582287.78345,11294327336.562843
1538179200,93331427320.38496,98728523077.84265,89793737989.12068,95554228840.32257,10248234044.709427
1538265600,95477036153.50179,99781873333.4555,93035297036.70558,96212983536.74973,9920005424.115196
1538352000,96197213001.50053,98451141092.85114,91723562315.56871,95526421482.19644,9516728642.339462
1538438400,95681200925.4705,97323827571.17725,90674745878.76698,92213462767.323,8225566959.404078
1538524800,92181906581.09215,93605106417.29413,88624127192.82051,91125061732.22885,8447227998.496862
1538611200,91142026133.58525,94648744936.11896,90147497742.42406,92022653595.45215,7489726544.896448
1538697600,92020914267.83638,94731923287.7781,89880186712.60439,92669790203.51767,6989112370.4206085
1538784000,92419355242.50192,93460058116.15482,88348885753.54846,90315743518.63855,7053545001.668343
1538870400,90332769257.50613,92281667601.70296,88204422581.72118,90982780968.08676,7127934504.887693
1538956800,90993700924.9084,94220505892.5509,89731934638.68388,92364922416.58069,7686111091.651968
1539043200,92333832537.10461,93123871474.46756,89770404269.87057,91211503137.77017,6734114433.883116
1539129600,91272235267.22531,92002336520.44586,87454176478.17465,89790853818.91568,7201350266.338262
1539216000,89697174680.15085,90197300946.49203,74913763755.46393,76446452033.4685,10179635955.700886
1539302400,76517164387.30034,82367523769.81102,75129280107.65617,79537526415.67332,7989201524.163658
1539388800,79451756288.01846,81900347890.34018,78770791259.3913,80327658691.08081,5447007302.963453
1539475200,80137169785.7265,82373343113.89441,77140069449.81339,78235830129.53821,5433685314.774265
1539561600,78234631215.19052,89359518367.124,75663821476.07104,82870182801.94336,13836879572.412079
1539648000,83755326096.20126,86515349611.23576,81907215312.6156,84875529841.53404,7076205901.626268
1539734400,85002430399.64343,86868956028.6319,82983000168.8792,84952916802.68512,7247735409.89641
1539820800,84891829549.77072,86646648622.65851,81262903273.72171,83212554460.64029,6868326522.403704
1539907200,83144207108.74399,84731689750.03397,81761579012.49756,83611554881.36743,6117627266.749706
1539993600,83617793533.29044,85704855450.4899,82844820664.66104,84536464497.21791,5700438133.740133
1540080000,84547434224.91989,86383365204.26215,83570038920.16629,84340203690.2963,5955965136.668419
1540166400,84328521681.62688,85452920681.65901,82834297187.25026,84345902874.86707,6176122677.735836
1540252800,84312113938.41281,86280285479.40912,81926519551.83789,84413257568.43369,6076634644.7816105
1540339200,84432421095.24121,86127499543.23422,83078180428.23929,84028870550.30112,5280865253.060932
1540425600,84002078108.0027,84894870576.36435,82496487786.81644,83685602060.2782,5106755922.9938345
1540512000,83674605137.03949,85187190438.7331,82510471357.60193,83895625314.04651,5490604739.8769455
1540598400,83894650592.01077,84616160165.3269,82632147195.23373,83419741953.16908,5147780274.450346
1540684800,83444054612.7193,84921817678.61893,82756961221.84744,84130430398.83667,5178101676.635931
1540771200,84211081616.79013,84831490863.2089,78795488281.8396,80578655210.88623,6759186185.474497
1540857600,81063050335.61188,82355402234.4943,80073068229.3583,81405219400.00912,5883326896.5842495
1540944000,81313181066.1753,83563325326.17438,79397281248.5169,82313938522.909,6512350856.303606
1541030400,82270113194.84438,83772176243.49312,81311059188.8792,82912974958.72476,6017754465.47871
1541116800,82958706925.64404,85684697445.29062,82199655473.12247,84386720834.20566,7069649085.935782
1541203200,84336175558.48499,85251600093.98822,83078770593.8421,84195266981.15884,6203439586.8070755
1541289600,84145849367.2531,91259722650.49791,83161545583.57268,88650281572.55013,9338299761.368689
1541376000,88733408926.47336,91109547920.71162,86201092719.46779,89360500038.0928,8170337933.85453
1541462400,89410418661.03268,96318274526.48718,87003638397.43903,95125168944.6672,9875447743.382328
1541548800,95197583370.56448,96897905289.27689,91602307987.89087,93418643258.80426,9603495215.19258
1541635200,93468189132.56946,94766967611.37802,88464807402.57893,89538610278.90488,8662223605.590038
1541721600,89497124530.76175,91865326749.16959,86903114889.80865,88276991868.5166,8078082395.983034
1541808000,88281245326.24097,90597684704.68958,87611480885.79984,89314983570.07388,7084305434.916763
1541894400,89308030811.98445,90275178083.40697,86560111876.31125,88823572847.19774,7609695167.60319
1541980800,88837650397.58185,91222177657.38654,86786197593.80011,88500834725.96559,8123565886.253061
1542067200,88529756513.3707,89897699404.9704,85219047633.47534,86330127270.41269,8224377245.688823
1542153600,86323268619.00676,87634168597.32387,68749418169.82526,76791316560.63068,13347569593.54808
1542240000,76818153262.4559,79816162131.28497,68422828601.97699,76837132915.77618,13330107262.82661
1542326400,76884173349.2003,78517886369.47842,72728610049.53456,74620832767.11168,9367688050.775906
1542412800,74741275529.4077,77031026280.65527,72725635719.64616,75276496092.48088,8169988354.917572
1542499200,75410958622.24821,79440817679.67151,74369932643.49684,76795108368.0372,8484625228.292922
1542585600,76885440362.18895,77736437661.5139,61973256643.77962,65300731941.77847,13154164772.674397
1542672000,65396959250.8427,71995529080.34914,52880191580.63989,58989114186.07193,14799394865.035366
1542758400,58827196012.885574,64450256333.36302,56337578406.00372,62154036499.79617,11108281187.208824
1542844800,62343590186.83855,63387430448.70035,56887456339.43178,57907278358.00163,7944171921.77199
1542931200,57849302496.596634,59623151820.46237,53360791336.33658,56623098277.35031,9529926842.560001
1543017600,56652772720.401855,59196734097.250854,48134827688.89067,51300600724.855675,8517071387.763329
1543104000,51159299441.88521,55441781983.450134,44384757708.31874,52232823680.31297,12489960253.898178
1543190400,52120042610.61876,54858547663.58945,46030624898.307495,49462633088.42856,11486077741.291431
1543276800,49484891354.61299,51642284843.36209,46451613787.4767,50000450527.74216,10130925042.72815
1543363200,50028732238.44116,57952910708.49011,49120701593.52786,55404185873.78647,11977317346.483566
1543449600,55326079410.3819,57940135428.40564,51724647416.497955,54145957839.723785,10558354590.433815
1543536000,54213846326.20706,55847008700.10474,48620803117.45387,51150493759.1469,9850420396.354225
1543622400,51068978707.67987,55126903106.31528,49740241727.49161,52736111516.15639,8838378064.04338
1543708800,52813212356.85138,54757812406.22121,50957639593.828384,52283574325.76018,8257108015.260521
1543795200,52331750742.08536,53122159500.71573,47037098037.8107,48761911689.71017,8068747565.905231
1543881600,48768502994.92107,51891719283.87851,46631405577.40282,49277650418.58244,8071878974.4664
1543968000,49096984859.968414,49703044198.081566,45121388662.4613,45795510263.38125,8441580153.457955
1544054400,45817104347.272736,47639163938.5441,39680844266.20236,40842881539.05873,9666734220.115147
1544140800,40996759430.46796,43561925849.8065,37253205674.89072,41111092080.56862,11740547323.37539
1544227200,41069139328.439064,44019863966.61917,38400714806.763664,40935769715.77977,9062936376.885824
1544313600,40929076184.75072,44319312322.12016,40031668516.68147,42303738738.18674,8385875670.2480345
1544400000,42299790748.34791,43261342632.2892,39532729866.99466,40631327405.87599,7996039347.372138
1544486400,40579689923.43215,41691061044.46668,38556260978.33427,39919387348.32777,7783452692.465116
1544572800,39796233691.021706,42171745768.68434,39331742390.98139,40917102695.41633,6685048646.121355
1544659200,40892930139.94908,41592948575.152756,38288979925.11366,39270616107.72125,6924637380.072071
1544745600,39259230499.64578,39988670659.85669,36934975631.99745,38048138640.16196,6821316526.82018
1544832000,38027745852.63785,38917892515.959854,36750429978.08494,37895360441.86189,5764672738.520462
1544918400,37897196420.40094,39866957503.519714,37664330909.357834,38400982269.29892,6293426536.574156
1545004800,38301753520.5289,45077859009.41127,37786030107.05705,43299638293.2666,9826368978.317123
1545091200,43325226457.12936,47264823470.27763,41895946202.1562,46536200761.28248,11155113780.040836
1545177600,46604800053.84725,52405487407.48695,45060032590.77047,46392348653.92734,13200938721.302715
1545264000,46400146303.15628,54975121754.0394,45299968240.83005,52579872182.0867,17265221180.68569
1545350400,52570325921.22838,55920869667.5632,47808251872.42258,50209653056.63582,14975718068.82483
1545436800,50228255807.21945,53450562046.91353,48470692534.822266,52201915116.69264,10852152446.354305
1545523200,52115827013.791595,56997665766.82985,50996352045.03763,54654976373.23534,13751401299.309036
1545609600,54721301070.67317,64199517091.06973,53722000505.17743,57343363587.24327,17800476414.02968
1545696000,57157897990.65718,57867360367.27695,50201091591.76596,53308996476.034454,13780081101.26233
1545782400,53297376487.024826,55996078321.65939,50515763364.813156,53616103638.505005,11480780609.625475
1545868800,55341409766.06464,56045292521.8965,48296437086.13844,49431897511.8383,10277164763.731318
1545955200,49461007268.64497,58004664740.370926,48484022653.19153,56199978223.55362,12058499252.711903
1546041600,56113507662.874115,58751488473.2738,52550645546.956924,54163850386.21714,11159710157.525606
1546128000,54153714335.83792,56571498784.55629,52735992429.40381,55569107583.51698,9711155937.531158
1546214400,55531772638.059906,56210767804.8159,51455949426.67678,52721957229.248856,8858648448.234226
1546300800,52677362998.2897,56545682644.754974,51526101427.94525,55425483745.75737,8340862988.513543
1546387200,55442555517.54787,59213440460.5368,54248808011.78226,58052345581.64482,11177438507.26469
1546473600,58028323749.39794,58662193003.08233,54457197718.8456,55599483398.67238,9108826376.249329
1546560000,55566462643.059326,57995198117.8548,54219330197.5289,56678969416.38986,10172160789.031103
1546646400,56612587991.17203,59132952819.964386,55543460929.67685,56529938086.518005,11079105060.538902
1546732800,56511940904.88844,61257038754.246185,54877695253.61893,58920659814.8578,11530701832.038689
1546819200,58886293253.692474,60259498852.71881,56567871598.67526,57742507579.99397,10106397255.245499
1546905600,57683982892.06348,60075984110.51007,56125404411.92128,58035332719.882935,9989951215.603806
1546992000,58024193444.8139,60313106716.61563,57010702007.43204,58705866930.981,9795715340.387234
1547078400,58956812444.051926,60964725908.79086,48955240291.72809,51417691770.161575,15280506057.318636
1547164800,51444695075.92969,53204242289.97562,49655824369.97738,51225882886.85867,10885109754.761316
1547251200,51231187063.64042,52453391265.24162,49889033320.5367,51170065690.32627,9043167055.39678
1547337600,51142497592.76474,52045811101.92975,47292516432.22693,48285750091.71109,9121558893.723007
1547424000,48398469161.035355,53344364384.98195,48000254110.45807,52031527313.95163,10941792085.078533
1547510400,52080310928.207184,53037680798.86734,48815074660.427795,50103155278.313446,10383461229.773407
1547596800,50115723970.39666,52593394990.6786,49606812932.4306,51030883666.32292,10469748343.243034
1547683200,51144299111.52521,52415136238.65454,49490189002.373474,51530169634.43738,10582650631.205885
1547769600,51481216310.076866,51850038107.70422,49603503718.71576,50567521754.69481,9672542285.570965
1547856000,50605899199.84137,53488814645.13147,50087871472.40335,51700426181.019424,10333820998.841433
1547942400,51666900829.9936,52367160658.28847,48316197098.97966,49719004769.04803,10633513373.37782
1548028800,49718300879.932365,50826818844.16124,48582952832.0892,49734979792.37871,9305403343.92503
1548115200,49671095770.22383,51482982291.88785,47325546162.50531,50486900913.40678,10267443041.591137
1548201600,50545580064.33349,51585049151.30894,49211357393.130585,50083744796.81829,9874774834.699203
1548288000,50104324597.13913,51115413866.24498,49011390273.294205,50286445253.49596,9660838004.424992
1548374400,50275824484.497574,50918328068.63704,48948254786.37013,49952101315.83812,9906956797.983433
1548460800,49953071241.40062,51607758638.24754,49152757807.5007,49836126076.58711,9453908030.475662
1548547200,49821439629.885376,50395131251.36798,47480201319.15939,48747621639.165535,10759459786.828466
1548633600,48643289332.71022,49007153205.6877,43913270601.041855,46059249072.22992,14355991734.776218
1548720000,46099447406.02838,46864894063.12862,44023962439.63081,45497594484.01005,11219417311.742786
1548806400,45448727301.90869,48833616241.87721,44780366349.87552,47797160622.52982,11553370477.375343
1548892800,47917341615.12395,49312766390.92352,45725855441.373535,46573546581.65781,10953212673.241405
1548979200,46510705836.06254,47628040297.00503,44877327520.46917,46699321245.65821,10613222364.116253
1549065600,46696765210.50269,48301318756.63145,46024249393.6034,47623450789.89952,9875464479.627417
1549152000,47659460690.624695,48148913106.63759,45696145501.428055,46460892257.76354,9893591231.991943
1549238400,46380268297.59385,47529395899.20972,45720617169.16826,46405808144.60698,9802503343.5694
1549324800,46358282643.59045,47219371060.47626,45311021907.40567,46488596323.41157,9592878089.405525
1549411200,46637118408.718376,47393160107.398224,44172228696.30278,45429333461.18094,10706522666.853151
1549497600,45421407483.66797,46573175444.6402,45007111612.62883,45700074804.919685,9254957195.363739
1549584000,45942309120.31978,52993122194.05488,45115532703.446884,50558065864.77069,15739897283.379494
1549670400,50686229259.84743,51854882032.94858,49591558067.665596,50650048177.71805,12630401980.795193
1549756800,50717995644.15213,52609381291.99446,48794484068.10651,51807134906.62935,13164710703.496359
1549843200,51739777516.047485,52408958164.18618,49456976148.35769,50291044176.45415,13463019896.929066
1549929600,50254544999.66786,51810263318.90138,49134773057.54532,50811076960.6098,13155089963.438152
1550016000,50863536703.0175,52410456477.032394,49565549708.50334,50541755154.422516,13361738256.441784
1550102400,50617309633.790504,51424441156.09976,49170251470.25534,49834587356.41533,12653286365.676418
1550188800,49867134566.976395,51689895303.37602,49252382102.52162,50342869462.12984,12797750242.458525
1550275200,50383956158.38823,51702556612.77307,49862437704.74481,50489516224.48244,11787734734.509537
1550361600,50458390887.37488,53356705154.70134,49573122709.79227,52146283022.66614,14672842331.62463
1550448000,52130339779.10314,58403858106.56829,51448531682.91559,56403850236.94628,22233765408.12715
1550534400,56505844392.07832,60391404851.822815,55335209368.42151,56691337419.103775,22738191245.22599
1550620800,56735695859.74411,59423623330.92113,55400457575.48147,58470440987.80354,19621338276.31569
1550707200,58418099329.5509,59360403754.784546,55572155166.555756,56766062211.90057,16636658250.284264
1550793600,56843253175.368805,58359201005.16539,55909557789.55202,57614925899.18977,16303159952.230408
1550880000,57603679368.802536,62312392600.6559,56556975261.06619,60910987421.34506,19459687055.808315
1550966400,60912237050.6203,63849410672.72359,52232123180.15139,53132384886.68557,26909845306.78488
1551052800,53219094817.37871,58032886127.96006,52441147229.59059,55928362454.44907,23947484774.717438
1551139200,56012966012.51824,57062067671.71717,53774578111.20625,55140208563.86135,17355385680.363537
1551225600,55068529462.93811,56273733351.21773,51718724677.92331,54639731267.043594,17986656546.61957
1551312000,54709828561.0148,56812332449.95581,53446152227.14566,54883402570.15589,18332800696.922955
1551398400,54975248776.74162,56943975009.46179,54346568803.326645,55427626618.79693,15837577194.920124
1551484800,55393763611.10658,56175949462.96687,53717271273.964005,55106076827.140976,15939444625.136757
1551571200,55113438867.811264,56005019004.510796,53552917098.46335,54548832131.357735,14416026186.244062
1551657600,54568544257.45703,55114172246.66994,51279674574.29288,52594738599.546265,18992879790.58519
1551744000,52683170636.800545,57603600681.29698,52177673050.309296,56544953462.709114,22455090260.548645
1551830400,56534136350.84927,58237649595.99404,55095004856.49083,56886207623.12724,20727878797.96406
1551916800,56902519470.42573,58479825497.86194,55808365847.68489,57056638889.006294,21087250303.371918
1552003200,57032873678.77054,58487572013.2549,54137145472.50458,55900053834.24573,21605081382.23726
1552089600,55870635372.51694,59119273687.37013,55442680911.45366,57499350917.57306,22148775322.25331
1552176000,57514116862.85803,58568804850.85693,55949431361.9066,57432165479.95814,19494971327.755135
1552262400,57125558076.680466,58101656285.451645,54983846539.57826,56223457970.207214,20872682340.99228
1552348800,56404228430.462296,58449522896.36333,54956975075.437195,57369453978.39184,20035118970.475243
1552435200,57365590467.960724,58928143002.93038,55937709608.63347,57155337111.15587,19069400868.871025
1552521600,57340439470.10582,59361233030.6454,55448580456.04086,57619725594.83528,21418423983.8034
1552608000,57647426631.48984,59817445633.91321,57038397156.55107,58964295408.803635,19466986068.435196
1552694400,58964695336.83755,62222831715.50299,58477336133.52727,60589874517.84097,22102350208.160034
1552780800,60569078335.653336,61016074283.70526,58782935375.929245,59906525570.4193,17042397770.404469
1552867200,59905025326.85742,61544444781.128876,58449790698.69017,59749062457.14308,21009107892.161102
1552953600,59968400395.37129,61401793512.750244,58912408121.40759,60472871983.09683,19683524827.060585
1553040000,60527738403.67229,61996175348.05638,58946295241.4937,60938990932.78383,22156594070.947456
1553126400,61058429960.081024,62071015271.019455,57738485251.315735,59655828105.9691,23378702108.476715
1553212800,59607277768.71344,61124113544.03221,58796855101.48599,60293267722.646286,19687901510.550438
1553299200,60293102076.40024,61842879225.41397,59573638520.133286,60961056377.96924,20170732959.96194
1553385600,60887043490.91054,61639352246.94652,59235921056.42923,60599326580.35806,19685100203.732697
1553472000,60575855090.388885,61325674304.382385,57786217234.96982,59343926505.47832,21517297766.688442
1553558400,59386841069.97751,60287154124.21265,56950034212.27977,59457150690.3913,21345191363.61332
1553644800,59547164547.56711,63036546043.918365,59000965198.67815,62261124960.38486,26414487400.39191
1553731200,62247115606.11636,62856462259.11603,60829104654.403305,61831865770.76651,20426892650.11045
1553817600,61813506587.989365,64211675730.99394,61059769778.8931,63189166793.030594,23857603472.58357
1553904000,63242572568.872665,64887606661.40535,61517973264.31763,63132159767.15776,22471906222.805347
1553990400,63128895303.11919,64287686245.69072,62090820269.28659,63484964113.21033,19758694143.06598
1554076800,63449119260.90015,65369746476.43768,62089411122.793915,64119247335.82341,22378850937.149944
1554163200,64164541069.68138,79190372596.53702,59265533123.8555,74585804195.61218,50368638687.75508
1554249600,74638297126.42795,86237766444.89615,69307279089.30084,75106290500.37018,62891622833.43741
1554336000,75031402195.89822,78992486780.25198,70098144615.66821,73720661806.80453,45295607502.79739
1554422400,73760884114.73837,80449290099.02492,72911194569.89487,78097644306.26831,38217325922.92792
1554508800,78102916017.72607,82254926084.07428,74146908018.54057,77627971863.82031,38201911169.81918
1554595200,77512130822.30737,82504135149.50327,76010493407.9774,80127788072.57744,39020654057.01397
1554681600,80283328286.91835,84196569393.96716,76510936578.44212,79981202709.98343,42775075496.43332
1554768000,80002984238.79868,81241085759.8435,76218877174.13315,78142092061.5724,34425880282.149376
1554854400,78221791482.5605,83692380530.50557,76105531972.42902,79518331918.78049,37295156782.25269
1554940800,79546615417.44412,80319607829.98651,70186813118.52621,73303908644.08054,40922252995.40375
1555027200,73431547153.8121,75955379758.12961,70195614910.16277,73716016366.31369,31377659562.456017
1555113600,73707892049.64546,75616417882.27106,71908310493.53812,73456149658.08357,25084509590.668854
1555200000,73517480753.68721,76623876244.4078,71999410980.39386,75708988766.15916,23696085689.739277
1555286400,75708188419.29623,77554885616.77036,70505441437.56357,73022035210.69418,30701623723.504494
1555372800,73003577470.52731,76491280747.01309,71749573651.74438,75051813515.638,25983481247.04541
1555459200,75184714641.25864,77212823585.8229,73399278950.38965,75531515045.02206,26642340746.07689
1555545600,75492117977.20735,79351454464.14067,74765513196.10371,77199660518.06572,30174861310.640152
1555632000,77299335243.05832,79140009441.88449,74516092918.64594,77223892739.68103,29508592236.282806
1555718400,77316383188.03308,79051984157.18901,75204833392.70464,76977812341.05026,26762807017.268356
1555804800,77073143412.3418,77948600275.0815,72489245483.63162,74949903914.57043,29739330371.806465
1555891200,75163590916.74947,78170215318.03749,73294069063.3684,75666854606.35217,28978323994.62101
1555977600,75705472078.31017,79028642699.01932,72315656881.52371,74426251435.47388,32043310883.234787
1556064000,74570257192.49808,76039396901.75931,68512911870.74104,71685391078.94817,36397825712.14772
1556150400,71758482154.2722,73898434673.20975,64873014300.65793,67408143632.090515,31978342823.325817
1556236800,67339939736.87927,70278370683.4601,64901316889.90497,67971475852.476746,34932324103.38016
1556323200,67990963861.384,69926166740.36865,66586900067.56641,68319142485.515656,25052313709.836563
1556409600,68389398568.50864,69556543379.25537,66213244606.115265,67540122404.31166,24619332343.13511
1556496000,67444159565.02667,68611867916.61273,64524945703.522095,66307499355.48703,28379370463.620457
1556582400,67107778574.30359,71714097996.71382,66397505959.52408,70862373535.3233,30511515057.90004
1556668800,70890060434.74576,72714192740.8876,68902237612.07632,70369187349.25543,27824890193.12946
1556755200,70446555286.14761,72306849462.81232,68563534050.91672,70310683290.7204,29150040333.90374
1556841600,70360703843.10162,75875858990.97655,67696389174.13333,72897046463.56793,37789550281.52205
1556928000,72905119632.63417,75957657885.8602,68577830316.93681,71829507603.8975,35748385272.46044
1557014400,71807294093.83401,73075605416.22775,69718743797.03537,71302966694.1466,28912371047.302094
1557100800,71285105149.67535,74573757394.1402,68513383245.793365,72363972784.29297,33405883556.561043
1557187200,72503547810.32324,76859461947.18347,69560658966.66782,70712123171.8671,36581812959.99692
1557273600,70394411474.00171,73644648035.92061,67981899721.17111,71520999113.3811,29664303804.892883
1557360000,71505567420.75134,73978630234.0683,67457772292.36876,70212176208.83295,30522889675.605667
1557446400,70273766913.38855,74571173054.23218,67825959859.33743,71580250308.78891,36997540005.349945
1557532800,71656887320.67029,86883255032.20697,68430305322.4223,79743660253.5592,61580632135.52088
1557619200,79770960031.11198,84988648973.4591,72930578683.37897,77338829595.61829,57828129613.48334
1557705600,77352532310.88063,90037047582.28387,71816864991.94197,80964962875.31555,53953934331.28493
1557792000,80941332379.177,94903760981.98782,78208662535.56577,89514240051.49377,68982941402.41249
1557878400,89647176584.20581,103177226365.25049,87491230537.55756,100351405696.47177,64877707085.5332
1557964800,100296681202.05579,110595689656.13599,90541053182.49228,98670839442.30139,81863449855.16544
1558051200,98612646996.73007,101357238469.5737,77216961636.10587,92240614923.99454,73124296358.221
1558137600,92348691988.27393,95666783729.63086,87756995945.44518,90013174302.59993,56072480064.09823
1558224000,89984370081.19952,103639588897.60391,87406014625.85394,99337354327.55917,58668506798.411545
1558310400,99349810579.09866,101186923909.98523,90330630580.92422,96469111514.82602,52465688864.21319
1558396800,96514023440.91833,103674095703.89914,92365034084.54297,98146030064.27386,51061835798.41752
1558483200,98140256042.01572,102080558365.84131,90101240590.62158,93035961646.3894,48429066928.75098
1558569600,92875312422.51593,97897340246.8797,88638422848.49411,94844575023.0571,48018611027.9494
1558656000,94959268457.23557,101539531103.51416,92747225011.96219,97225148359.97263,51781540072.4801
1558742400,97255379550.81458,100969239520.84683,95186783281.96027,97635449239.96707,43127435290.884796
1558828800,97616167442.11432,107474720273.203,92165949134.09131,103029588602.06424,50900699385.31293
1558915200,103099757414.77472,111244990235.40665,101548182530.03116,107013678318.41147,64756387289.324646
1559001600,107064642433.93805,111164438544.59268,102856265210.29129,108063219711.51584,56820275683.8786
1559088000,108000943633.33469,112838875594.36707,102071039331.69415,109740816768.3414,54244133910.38818
1559174400,109774321044.18344,120643867564.2622,97468244474.96817,103477468291.5426,71838113321.01347
1559260800,103534940879.3782,110693046157.44983,99906758215.58545,109352161007.30322,58810109061.67259
1559347200,109392636070.36386,112785740043.21307,104765812619.25995,107724185849.70108,53408394321.58115
1559433600,107869953241.15668,113189046965.77457,106327928589.55112,110089823018.85764,46805945496.078354
1559520000,110193178373.18607,113512419092.22162,100408097603.70276,102812041682.38013,52891635779.84777
1559606400,102709888507.52686,105289307745.62595,93166741007.88507,98542857992.94162,58175639603.78958
1559692800,98822685010.27747,103651545751.72162,95405830216.00949,100262236601.46179,48965979880.52818
1559779200,100265896983.8775,104379577588.58694,94664461312.58813,101789408235.77872,44327363033.03244
1559865600,101868824458.11945,107436437975.10178,99570595893.66943,103541975911.11191,45214211288.69512
1559952000,103508761659.88086,105519289107.60022,98991041281.21808,101736335118.22986,39263178637.95504
1560038400,101739932300.28506,103112320574.80359,94016931325.31046,96908166820.50223,40097738101.258026
1560124800,96961518195.18304,104933350779.33606,95132046270.5694,102888294744.61322,44904919457.43646
1560211200,102955100025.60065,105025558211.16138,97944378691.50537,102172189167.96143,40108425797.62067
1560297600,102336185075.86258,108906303161.90173,99857197505.89523,106299965061.37811,44586070961.98741
1560384000,106372693137.36911,110748826958.01935,102100842959.92471,105876082361.58163,44466116904.70212
1560470400,105810759277.3912,111370692225.52844,100288239257.71423,106859771224.36981,44550908638.348145
1560556800,106769867038.017,111331960213.6402,105054498721.40576,108634414863.0607,42282777187.38327
1560643200,108707730023.23566,115753001561.12015,104791804286.84592,109687096676.74435,51123301001.96428
1560729600,109655665314.80252,116964067757.3186,106799980451.39703,112424565191.09247,35748158476.73118
1560816000,112307639076.58325,114593480870.15686,105542108754.7102,109010035351.66815,36762572656.484116
1560902400,110631657322.4614,115007448731.40875,108923756900.54453,112218418058.7146,32067951568.000732
1560988800,112262098653.26398,115829873063.94351,107108756254.67001,111814621126.60425,37757719296.37511
1561075200,111852325298.35535,121018681357.63025,109388860333.07928,116747311492.4054,45776967393.95617
1561161600,116746587365.76132,131385955833.05133,110685307366.38681,121956946291.38693,65840237474.79412
1561248000,122137467649.995,129657608615.82294,116413901819.31403,120643756442.39832,46837362652.37308
1561334400,120614667703.45132,124837288896.80219,115591433166.34631,121855565099.27094,43254084645.60281
1561420800,122177516546.89026,129788612434.48492,115406209904.62335,122704199701.9054,52274309814.08543
1561507200,122764121592.2356,141863703565.39355,109986397044.53699,122643478695.88422,87395657871.90207
1561593600,122649145142.20712,132382490141.01544,98013335312.47882,108956947867.32855,78385697941.25055
1561680000,109161384350.08282,122312506540.26929,101382547631.34814,114615581751.6308,65491578786.30651
1561766400,114680082678.41559,122978297789.58179,106008435026.17896,117700273397.6164,60102538211.685356
1561852800,117648803172.04202,122685432371.57016,104443539177.28677,108290768312.98706,57118453488.292694
1561939200,108137269999.50458,116886929870.87885,100318156914.70435,110239714289.75958,58862558601.533905
1562025600,110427482558.18988,115882631966.20813,97744436808.5043,108757317934.24399,59532708077.331024
1562112000,108897314958.20471,118252632210.52728,103170241048.08002,111930128472.04755,54582740031.95406
1562198400,111934162188.79797,115711652588.48242,103397136694.30457,107320531534.09247,49243418673.63412
1562284800,107327614426.42957,112757168777.37604,102950851924.7478,107856905369.01227,46631606032.57805
1562371200,107987315116.86426,115168671593.8097,104665822735.41296,108563293606.1654,41968660873.532425
1562457600,108555823298.21344,114989479417.81378,106220373887.65814,112181333291.37488,40822528817.83208
1562544000,112356411179.49426,120215407588.0094,105744194539.52402,113400630000.13751,46039212514.83511
1562630400,113547358388.93314,118687981626.7692,107070933607.87946,111789948170.1719,51882949042.02661
1562716800,111827876585.56567,116969194389.97455,96597377314.34961,104480070486.84839,64383264630.57074
1562803200,104431732008.00122,106662891480.94275,90664151199.8508,96602142717.86575,58907952387.14573
1562889600,96726151904.18106,104705111660.25928,92824227060.62018,100279281400.66992,46650834242.73772
1562976000,100333672003.36829,103224063889.35199,91993622706.96906,97294704801.4209,41006215926.32413
1563062400,97275157490.57898,99619419002.19568,83401690774.70569,85579689671.25275,46728716053.820015
1563148800,84439235247.93124,92354442721.03995,77075524379.68994,86307033153.20758,54821445195.08639
1563235200,86451527265.95459,89446881953.14441,73179389414.74527,76581570265.81433,51519988343.39733
1563321600,77014046040.65906,85988385001.65097,73786909387.51791,81466846503.38327,55667499851.55482
1563408000,82903960818.094,93503624563.56879,78015143628.82089,88325143461.76727,52848380882.904526
1563494400,88149923643.3288,90662080924.82349,82915078965.20065,87674553357.24777,43021592696.09209
1563580800,87765137916.73923,96615593119.55759,86224377744.31458,91261590047.48917,39476863171.288666
1563667200,91332886542.36682,93558277902.17654,86841814704.1536,90469715496.93292,36698363869.186264
1563753600,90611723314.82037,92697051055.284,84516935526.09125,87914860062.00073,35551496583.65012
1563840000,87790024982.85278,90148817444.94196,82685965411.16464,85144044679.30801,37868017976.229904
1563926400,84995281499.30246,89148190676.43231,80775028354.53659,86925290800.61017,40664631671.843445
1564012800,87055735908.50061,90771234532.6741,84712712935.29169,86894315695.44553,35508998201.19902
1564099200,87535789297.93317,90098023024.9357,84410351294.13867,88236293402.92264,31798421011.905052
1564185600,88291902363.03482,91292260013.98837,81494684633.11563,83974930409.36435,36397186174.500114
1564272000,83874596737.51486,86354324500.02252,79649061791.16919,84672719157.80707,30344739121.9766
1564358400,85331912596.35547,87970797883.07126,82443926873.05978,85122629491.87653,30720803696.439503
1564444800,85095931077.91211,88644245388.42123,82857618763.23666,86038652816.44778,30294189764.17939
1564531200,86109880200.22412,91095997675.67834,84065493587.29733,88321098680.85104,34154678585.036926
1564617600,88187676777.72266,91388912185.46057,83849392790.49524,87941158764.79166,33598494638.46921
1564704000,88050629263.07419,90575112251.18176,84815188092.89633,87221850911.14893,34195227342.64355
1564790400,87251157697.02585,91125636147.2486,85450089565.11536,88337503531.30652,31503020124.953896
1564876800,88238674154.099,90994011003.45667,84967631472.17383,88264132984.17377,30890217257.718582
1564963200,88367987592.71643,95505842564.44763,84931037653.39697,90489915395.6771,44241541562.939964
1565049600,90506401872.42596,94724101834.33759,83223083668.5328,87611782054.18988,42723468317.348175
1565136000,87659789996.11694,92437343137.69113,83855936624.19525,87991714413.63467,39352836310.603615
1565222400,87874343993.49646,90575566226.2843,83417964488.69553,87244881896.90875,36519515635.70885
1565308800,85847404006.41327,87059134927.34119,79849467604.97168,81926550250.96426,37281148515.5431
1565395200,82116152004.63467,86225649265.79568,77834929289.39307,81952308880.22943,36532846081.897995
1565481600,82072780156.61493,87212091063.26175,80387543211.1922,84994775518.29016,32936615689.38967
1565568000,85047710841.73685,85874297488.53894,81794015547.40771,83476144250.48419,29452192310.156498
1565654400,83552589681.73029,86437243708.90509,78793260332.91052,82620001477.36731,33198817696.66752
1565740800,82637311632.95667,85082961824.11206,71877519219.80338,74948277927.71283,41461475037.54654
1565827200,75181890700.5856,78924587647.58566,68258308506.9762,76048916023.26282,47121293661.709915
1565913600,76056277189.15186,78267415274.39655,70734490377.0119,74981283650.75943,38340116737.68242
1566000000,74998871051.83752,77296272609.5586,72310141029.49469,74961336745.73816,28445064989.67968
1566086400,75050546479.61624,80408168849.16147,73704775326.71786,78222821338.93121,30166673570.2205
1566172800,78147300672.83002,82506794073.78049,75656320525.94266,79888610442.72821,32627412130.674046
1566259200,79940790791.52771,80747305819.60187,76061295761.48395,77926179990.30386,32499286436.818474
1566345600,77979302873.70981,79715469466.25635,71492084465.63306,74885218149.05246,41043265303.45786
1566432000,74837603470.88785,78339594502.91217,72401985231.39297,76394841831.22675,39420057104.464226
1566518400,76327035013.48145,79575616700.66287,74555571876.70386,77619415004.85559,35687851300.47886
1566604800,77683923413.1929,79278996697.56866,73614647396.27359,76509767195.22266,33447207028.64991
1566691200,76510907852.2738,78751157444.8541,73517489292.94366,75358086633.57211,31427295993.05426
1566777600,75420141144.31448,79502563399.31769,73982861469.19888,75913109794.97598,39743803254.70358
1566864000,75822989017.2439,77283766312.06476,73303691850.9299,75375343957.18121,32071076912.443512
1566950400,75436241985.96133,76624194251.66193,67760307297.6438,70659964069.46487,38991592494.84897
1567036800,71376952893.12494,72892813355.1224,67245747513.94748,69656415257.98969,39024675076.79959
1567123200,69722437156.77008,71627390437.21228,67798008613.28363,69804356445.1109,31529007727.324066
1567209600,69816851529.2193,71653852336.86938,67973915987.403076,70188030325.59207,28679331860.156105
1567296000,70121763806.04816,72115414548.14993,68354228994.17731,70344663138.26773,27958449054.180153
1567382400,70369022704.28528,75052871462.34863,68517308832.63144,72477830098.76321,36402128783.03087
1567468800,72493791389.1838,75512200390.74448,70350697059.03818,72811195228.89966,39766309171.29349
1567555200,72705576566.00555,74383399786.21094,69773873155.09836,71438294168.28723,33600578208.485146
1567641600,71480723155.92816,72736668757.79382,69254231597.53412,70989684493.40305,31905561353.961586
1567728000,71094180230.66043,74018689121.01376,67695603391.84494,69612072159.71964,39654556959.64993
1567814400,69690926866.30978,73991629588.29181,68890407474.15536,72564466608.65326,35990172381.228676
1567900800,72633940135.7449,75541137914.35352,70760986693.52551,73626789342.20206,34257892257.782166
1567987200,73663604261.97433,75904778469.32288,70693542134.03305,73283924573.97806,40435294363.36459
1568073600,73306749212.76404,75130936644.17657,70278870673.21631,72676800913.36703,34774475676.68749
1568160000,72687444636.13702,74164702109.41272,69365933472.34683,71682931990.98495,36978981006.430855
1568246400,71759889032.61496,73978992232.3097,69647821054.10513,72105370766.30582,32590468027.609245
1568332800,72185692837.23376,73570635751.3446,70263072350.85645,72258423377.42535,31727999465.358727
1568419200,72314494291.90024,75156668628.33475,70437990188.74731,74095665703.97717,33707793601.451416
1568505600,74174820483.58542,75348595067.62637,72838414238.29099,74014536370.64993,30861731559.02639
1568592000,74172740656.75171,76853658604.84146,72106957010.20111,75295972201.41776,37551143134.537155
1568678400,75493020155.18124,81587301366.33963,74290851308.76404,78865030692.67746,43419118844.99166
1568764800,78575078188.54889,85086182632.72778,77662444070.0411,81733415017.94257,45858805827.622765
1568851200,81716476955.40283,85650063045.70065,75071458354.74649,81803302878.14087,52147435925.65036
1568937600,81974268748.10754,82837360906.8663,78029630135.14053,80665023249.8941,39277287083.04681
1569024000,80792499454.10245,82152771527.86893,78333757924.0108,79661433114.66626,35828132668.04838
1569110400,79465351559.79211,80419133358.77444,75353131356.42596,77736465976.66092,35455818993.45572
1569196800,77672466911.82224,79517856317.89105,73048081169.3504,74415937062.47153,38555338561.379166
1569283200,74418628358.78104,76152506993.86679,57675128605.19122,62617025630.20233,62279379081.05594
1569369600,62662806654.883514,67270088991.14624,60396465186.353485,64347990159.17178,53608256811.465996
1569456000,64343366069.93674,65831289048.78967,58390695045.29407,62636562017.64334,44033997765.938866
1569542400,62616032670.32895,65864873796.53616,60493990802.18753,64236174727.88626,39781485600.751396
1569628800,64376813947.36615,66018079062.947754,62396001541.68631,64374000344.11444,33861815799.213448
1569715200,64325416340.84857,64892960843.14441,61001510760.82181,63051279560.17697,31715507666.221535
1569801600,63063080572.93466,67666185202.881836,60685074510.20297,66363223653.107635,40702859492.13444
1569888000,66469322791.921234,68874793718.29617,63705911021.355896,65192927204.04828,38044788180.0017
1569974400,65217211049.9617,67135180379.773224,63794612089.78897,66343137981.86774,31633981191.771523
1570060800,66376281595.16025,67124299782.032104,62869255416.85315,64999737523.03961,31957528353.677444
1570147200,65108038916.56369,67032319996.68976,63364796794.9733,65640088641.532135,31535302095.90552
1570233600,65676048534.71643,66845125574.88022,64083948663.45444,65936880107.49094,29174395883.497116
1570320000,65924081746.111206,67028674763.24228,62892556779.437744,64337719418.522705,31106040214.64218
1570406400,64458101323.22162,69810945962.15674,63493762631.400024,68204039021.343506,42692582137.393555
1570492800,68253592841.39441,70449327361.09851,66692133830.45026,68374233372.78769,37486434263.99047
1570579200,68415306941.033264,74290967236.57104,66841986036.71231,71305530618.65399,45414178347.34422
1570665600,71349579193.78262,72365415126.16885,67669564288.21835,70018308529.15692,41662958426.846115
1570752000,70039485657.40024,72538947985.0072,65893094826.337524,67601674397.34827,43838269551.53374
1570838400,67652967482.329865,69716007047.81784,66719603493.5466,67994500467.843475,34740959420.927414
1570924800,67984947202.88461,70594368034.95685,66464436887.834045,68653844077.44171,33011464972.212837
1571011200,68634882948.77042,71761674865.8378,67825204925.203735,70770827618.28568,36088630191.31888
1571097600,70713470772.46115,71875237186.85754,66790167327.793274,68691059881.47824,39140504951.17781
1571184000,68788893518.76587,69740340670.0842,65393450084.3244,67082321441.581635,40162857372.296585
1571270400,67053173986.96762,69900695302.8493,66112130147.88696,68930964481.6322,36174556032.7155
1571356800,68937560994.13895,69828629596.67331,65428368424.36725,67473760361.59555,38927573709.28489
1571443200,67436988996.183014,69127843315.09137,65944090282.14258,67336917777.595,34715927889.69782
1571529600,67340038823.058716,70269953549.52347,65326537948.81479,68581752275.198364,37617385976.25235
1571616000,68520878458.146454,70463651394.74121,67003416841.280914,68831941772.16855,38826594423.52727
1571702400,68781054699.28513,70653083401.35202,66549105708.614105,67774615937.816895,39591264310.13575
1571788800,67767141367.53586,68942337375.50943,59939213193.86969,64061055130.73743,52387694128.189095
1571875200,64117974459.135956,65959603910.25108,62434677200.046936,64619255408.07428,42462180826.298485
1571961600,64583689122.112946,76066163683.0586,62327586191.50842,71744825674.94852,68016541807.11182
1572048000,71921808738.70941,82614259593.64145,65659101058.1857,71380402227.40689,93406691760.65805
1572134400,71486010710.22449,76965148804.20364,68966005799.37872,73751535452.50333,74046909634.50644
1572220800,73710204479.0639,78820109329.22107,70586558627.9639,72994194195.97467,71093147483.4726
1572307200,73255799119.84012,78063990090.82587,71585587529.5184,75623993970.54535,66385629433.80151
1572393600,75600141513.59702,77438797426.081,71353030482.49197,73633457140.32016,62316161235.799614
1572480000,73733445739.98642,76120756797.87195,70747846835.55002,73378577809.09518,57073487976.53032
1572566400,73419210200.48212,75133983133.84802,71267839229.53879,73678061575.15207,52931154371.828064
1572652800,73727660048.72922,75848898791.49081,72794086479.93442,74335501427.01608,47179066800.93851
1572739200,74387146622.92407,75831292002.27011,72102252817.78146,73699986763.84387,48563200891.5437
1572825600,73765144148.98941,78013723124.90057,72511827607.71243,75572548550.08069,59018044023.62253
1572912000,75607506963.9429,78695274243.8804,73712418869.69519,76660330571.7349,60506275332.484695
1572998400,76656494824.59085,79447124895.0517,75458835850.87411,77797650569.91415,56322401669.51619
1573084800,77776062256.95041,78970404134.9527,73230455381.01434,75682828394.91885,54154085559.64245
1573171200,75664810028.7337,77539920027.87286,70712563818.59378,73399990049.96335,55495780350.717964
1573257600,73344243978.59167,75324257243.66068,72618025853.04428,74442510077.82788,41830102965.2242
1573344000,74388898077.52261,78675287653.86307,73178269899.87338,75856360419.97223,49622233943.200226
1573430400,75851279008.73987,77689384545.12027,72344479003.95929,74447313218.07605,46539118610.63428
1573516800,74461372669.15866,77567972228.4971,72383833054.45041,74990487061.4159,46986975400.56019
1573603200,75000489142.72144,76616469618.18402,73518552849.72296,75134095936.79013,41690382931.234695
1573689600,75159594266.97409,76147521208.79147,72448653396.37476,74084285985.2109,44549613629.38501
1573776000,74165658589.00089,76145501821.5311,70156046883.38974,72409024828.55841,49726771450.85507
1573862400,72435475163.50266,73978354030.23853,71570807594.34073,72817058369.5864,37801538721.729774
1573948800,72864751212.32239,74693857472.69202,71393025288.95538,73184123953.45389,41452447378.97485
1574035200,73364433276.70413,74518592360.06583,67740245024.30524,70380531067.20193,47605938390.60448
1574121600,70325110718.57239,71238136541.86267,67294582043.744446,69627163522.59692,46941332416.372406
1574208000,69597476659.65009,71186490534.08762,67650069323.31897,68893616339.77536,44100414494.52431
1574294400,68713843692.82892,69844235031.32376,62292498582.58548,64815606844.47803,51005288798.17853
1574380800,64832841969.17157,66494440196.739105,56814208623.35599,61276956364.59,71992658702.08066
1574467200,61101659064.10611,64055536933.45218,59383076853.50375,62688494722.320984,48646249619.40734
1574553600,62725335613.78964,63456129224.45421,57544025785.235,58457173488.76155,51402454936.97398
1574640000,58285451727.43405,63374063660.22522,54404114530.96619,59697232844.96655,71602309099.1796
1574726400,59756197779.143326,62348602679.0284,58535832087.48396,60646664738.55859,44944454511.69849
1574812800,60602887996.16606,64751955788.3562,57097632729.967224,62261105482.75328,52698162443.021
1574899200,62338180389.92372,64247116685.938385,60617461181.45317,61893315401.19115,42009607384.93016
1574985600,61838487359.56943,65725674250.24747,60822188730.93843,63779922005.6416,43778297978.01616
1575072000,63841513608.418915,64832344072.6319,61048870325.93869,62392463043.55655,38204946112.81189
1575158400,62298162669.4986,63600742076.99417,59564428294.62848,61956829021.95212,41044758303.00408
1575244800,62019252818.92421,62895903985.522446,59308945909.952835,61105375374.80786,37916593934.50582
1575331200,61166200136.84442,62515824063.61894,59852242844.86386,60796262240.24133,34139354914.67623
1575417600,60663599479.09247,64495751381.71799,57509903851.96373,59614785602.47743,46198420248.509415
1575504000,59696897443.42236,62584647788.56067,58162440888.36444,60902828190.57376,40567856223.12964
1575590400,60974108924.24222,63190977459.68643,59546565425.57294,61637634183.422745,37408708363.15597
1575676800,61668920870.62755,62957043412.84015,60748247100.47809,61580217112.72577,33372538721.85494
1575763200,61521901130.89374,63199579020.49872,60318826159.00165,62316902846.630035,33485286183.724377
1575849600,62236191675.41058,63660561168.25552,59671451576.38997,61021501452.52055,37763356738.80789
1575936000,60963755200.871735,61867364214.55875,58580451800.20145,60021855969.03641,37849904572.06884
1576022400,60015512752.877075,61237434685.00502,58690375057.82709,59845223555.35837,38169637861.261795
1576108800,59824900233.77626,61219541776.53783,57885760722.79703,59851877342.65848,41709502458.877975
1576195200,59921234993.386215,61300946002.26111,58998657683.754974,60366107873.40404,38956828780.068596
1576281600,60439206110.1723,61077098920.16321,58171372793.43878,59134511316.86575,37701206239.72395
1576368000,59108578166.13806,60657333813.369125,58117023123.17752,59391590656.054886,38651582884.20428
1576454400,59387354567.95651,60011087947.90033,54861825324.50098,56271606569.245056,46757889639.0675
1576540800,56222433467.29938,56948401704.82999,50642780873.03117,51888630593.70154,52460857742.63835
1576627200,52158630005.20953,58648548583.79233,49814055269.91354,56144895297.48674,66829155705.11193
1576713600,56207735879.004974,57245918673.92398,52940744968.87109,54743198688.93512,54492439840.50038
1576800000,54781270181.96118,56551418565.25244,53633668763.20642,55698172844.644806,48982962988.1263
1576886400,55614221554.72357,56142739379.858826,54284161806.60068,54981376142.85007,41441136385.594894
1576972800,55043071281.003174,58217805515.96765,54193902252.163055,56791751799.34503,49390231699.32884
1577059200,56904300041.57144,58546829863.47833,54060443597.202545,55159671672.46228,56349340541.664375
1577145600,55165649779.75479,56640614646.49275,53795408189.69556,55052022863.93536,49068792329.01293
1577232000,55034149294.4964,55501619342.38684,53273717203.49994,54246784216.448395,45088957083.01932
1577318400,54255703693.69061,56896556327.526276,53483179856.69339,54475577466.35712,48457274207.870255
1577404800,54587890056.02002,55803503985.90088,53145732623.94774,55101157785.853775,48474977079.03765
1577491200,55278465695.32605,56829883203.34187,54746497896.96042,55875822062.27231,48200419732.4004
1577577600,55865623276.99811,58659746657.53607,55174869878.53467,57318458411.47522,48200419732.4004
1577664000,57258859717.105606,58090148936.62096,55376174144.56633,56246447468.35542,48200419732.4004
1577750400,56232737975.45828,57197069377.87091,54704736094.000534,55585656240.466705,48200419732.4004
1577836800,55514353593.94913,56903525858.71817,55165100314.381805,55977588859.30023,41190717283.72672
1577923200,55889066976.124405,56363476191.54971,53313898448.97652,54189229769.56311,44431618373.18078
1578009600,54161549553.01865,58234235488.83487,52860513539.50476,57128431716.906006,58353962438.26501
1578096000,57208650684.24446,58273695178.23801,56190475363.88194,57508579419.3241,41964316321.62225
1578182400,57632890260.58185,59443248323.40338,56875329658.180954,57974670308.711136,45520321800.97373
1578268800,58498458875.764694,63943252331.782166,58054836339.96956,62719561615.6705,55813026270.76512
1578355200,62790691080.00491,65451059769.41638,59063937989.07892,62247442838.36789,59629099833.37224
1578441600,62108163864.8114,64619137975.58023,58550198493.151306,61004128817.77017,62055634698.90745
1578528000,61143651302.163635,62169918058.550385,58776867571.62576,60276386058.58243,49727078384.82687
1578614400,60478548265.57709,65555059944.52783,58787950336.37265,64398153771.30261,62615183809.8176
1578700800,64238561415.27301,66942209380.2482,62134751540.30542,63449401368.21472,58920875571.62039
1578787200,63409048198.70206,65962706142.224,62555811921.11194,65214378869.99725,53781360906.86897
1578873600,65190634939.565,65891195131.913574,63030471561.70929,64406790626.16995,50845006227.624695
1578960000,64481862413.93027,80536953000.9006,63303381100.91513,77177733403.45474,112631861549.95877
1579046400,77129398643.0596,81866843229.6423,71207745264.42172,76519630899.36194,101657439857.3834
1579132800,76503329769.88943,78444460798.3772,71690343839.97589,75664765685.33948,83934412986.94196
1579219200,75791103730.28082,82253717623.71161,73360385778.18646,78109173282.2507,98110951929.0697
1579305600,79810124873.35324,83703097445.63058,75661062794.35782,78648934884.16318,90999398101.58655
1579392000,80046419578.11554,85558623992.75809,72097087786.0014,76224896952.73212,84905937147.60104
1579478400,76395966224.8522,78815825705.27649,73035912473.90039,76683753782.2926,68091506515.85516
1579564800,76774849465.2197,79649761530.14615,74737509739.3451,77991119615.30566,62006275533.934326
1579651200,78309631916.82639,80018376288.62863,75809966675.09006,77591964787.27429,58287993533.16995
1579737600,77940654265.6406,78633487903.24133,71456488309.87054,73661218398.32983,65573943956.4769
1579824000,73821483581.9477,76144814211.11154,70089280000.14227,73923142628.51807,66791854358.45354
1579910400,73874794747.1626,74699105022.20728,71224590586.62167,72918041529.97137,51843514452.18089
1579996800,72975124899.34482,77157942601.86835,72115293102.23953,76320932099.0051,58735081828.6163
1580083200,76657931440.70132,81456921998.44925,74806769175.18481,78479087229.44727,75702238208.70335
1580169600,78560219656.51242,83668879986.86829,76574022224.3942,81055281642.77036,84051365073.33398
1580256000,81013987618.74887,83718961892.89856,78858497051.82709,80596528181.93869,81822026571.84126
1580342400,80375258136.49695,85934632089.17905,78580862572.55527,84154262835.33487,87438179484.56152
1580428800,84356602122.7124,85723173373.12543,79238030621.37268,81767184643.98438,80175873574.5432
1580515200,82178292880.58652,85021612589.3392,81025678748.94522,83448048207.07584,71643061873.67168
1580601600,83616195288.73978,87763449087.58817,80766026473.526,84871886297.0029,81196890827.56285
1580688000,84511511988.15167,88671278702.26761,82529552762.38672,85306160757.6643,78051985426.50417
1580774400,85287211100.92255,88043737664.12146,81900291830.0581,85523861910.68466,74292130169.39542
1580860800,85533028335.89948,94289704362.91852,84313384607.65057,91473814000.18756,93511065344.04237
1580947200,91558922274.83911,96128071165.08633,88505036536.04669,93501183847.49481,96080856588.65967
1581033600,93698329976.82803,97870145223.67023,91764988498.2846,95131222465.24841,89826080957.43466
1581120000,95099969173.87964,101328620281.21088,90968233601.76846,97069437724.98795,93022096128.14569
1581206400,96587932216.90167,101573499950.68042,94930006672.30426,99418076376.95428,92252828166.17886
1581292800,100468393788.89322,103151574739.68726,94588734739.2255,98355073361.37299,99708307593.93991
1581379200,98810362972.1217,106361023548.77908,95420172954.93298,103930542386.06638,95546002578.30823
1581465600,102478519305.58557,112399809325.76566,101548628404.38904,108605174109.6214,116675263980.03088
1581552000,108755104164.0221,114918397112.23029,103000751478.38965,109350849552.26874,132947134667.63956
1581638400,109388735015.75247,115693471238.26483,105932813131.9643,113870630273.42236,114417983994.62872
1581724800,113909744423.33578,116193478687.24213,100994835253.48468,104562396938.43896,120175132505.24846
1581811200,104626746264.72241,108763032451.95422,92457170937.76132,100848813819.92725,127052939905.75452
1581897600,100925614526.81845,105064152100.4331,91514395257.61108,101429650701.85547,129862021481.51746
1581984000,101619085840.83533,109599281765.68213,97588312505.99286,106054009057.56033,123227330303.56992
1582070400,105923173553.21332,109118900217.14166,93977061813.65683,97884069545.7095,110802384322.24982
1582156800,97830827551.52545,101331307362.79004,92896395030.2359,97527029383.40234,117957606249.2479
1582243200,97477952101.0733,101803310527.36646,95873029601.30698,99241713819.33395,100306189242.43143
1582329600,99404963256.86203,100900961194.6063,96322239606.24548,98563235900.19016,86058811566.87093
1582416000,98600686138.49106,104341109608.15823,98129790382.24628,103042288631.21521,96957640694.01512
1582502400,103080865151.19565,104567812013.5354,94978230845.36838,98331830650.74466,111838012324.91507
1582588800,98270181834.12546,99145632967.6694,90482360545.9271,92017959901.17184,110069765140.53308
1582675200,91963935748.4898,93815986113.77606,79591815961.13934,83827351352.90662,136049465840.88052
1582761600,83670236415.52954,89376475894.37247,79602393754.95135,85508584413.71082,120856863375.07326
1582848000,85250057357.60443,87605411570.71707,79755077729.44745,84362337375.47198,111032680729.75916
1582934400,84491226635.69098,87198130119.84674,81168616724.78271,82100018815.93173,89513454712.47603
1583020800,82354223672.362,86086236100.44162,79736766088.54364,82026256167.15378,91070237960.24648
1583107200,82044155138.0744,89036720896.79553,81335927414.42679,87286680402.89325,134294139127.26657
1583193600,87239852988.09048,88291098601.23322,83397550878.29205,85493357578.7193,127327404562.12396
1583280000,85543854350.58127,88023885971.49005,83181591294.87924,85512081791.93088,98632137977.87822
1583366400,85696233460.35153,90579493582.56964,84395757758.22,87655975490.55807,95946889821.31842
1583452800,87709973065.1723,91921848577.38568,86583781388.76913,90996323940.38428,95796288050.32948
1583539200,91056104068.62228,92836414692.3872,86427019833.70547,87408714883.91452,91693000785.40778
1583625600,87388549169.68018,87973230391.41031,73644668802.6354,75157566112.42151,104094651253.96362
1583712000,75349742990.48355,79494094786.51773,70783689691.12555,75887428749.262,120689638220.75337
1583798400,76445915483.22952,79556096084.19647,73684711675.69516,76509062486.90948,95114470667.66443
1583884800,76342752129.77142,77850807778.21024,70094407922.57898,74810695363.55566,87939402394.74265
1583971200,74741577538.58173,76804731236.72333,43013648707.88077,47230578628.18271,132273377865.06519
1584057600,46719334842.56703,61204336472.239716,36867703695.566864,54629192027.732895,177504058109.25763
1584144000,55796756602.73302,58094365733.263245,49942377623.15219,51536711998.282684,84721159949.96506
1584230400,50093697942.25807,57288657732.06505,47844494090.370636,51314148607.35681,78718284259.13824
1584316800,51460618440.805786,52644679582.76114,42045941533.402054,47390729436.53494,99808444755.25677
1584403200,47779052870.97589,53666964940.61221,46267288711.32146,50062858917.90744,79896195809.07443
1584489600,49991018844.26178,52338036370.75879,46792395849.08298,50944220077.50009,78015474222.98964
1584576000,50861313867.04489,62045618880.21417,48760024126.44623,57601955658.87941,111047560757.87958
1584662400,57740491986.45296,65956509349.23505,50538575021.44643,56325011683.88748,124062144932.41437
1584748800,56367061500.24405,59484226910.276794,53317278305.37207,56650205833.332306,92083073720.76785
1584835200,56833556996.92403,59227592001.66794,51510568348.002396,52839137352.59146,85822083002.65555
1584921600,52773378776.35553,59551679864.78772,50885432593.69125,57494985745.28369,97477760620.97386
1585008000,57619041698.097015,61172918945.601685,55831714186.47803,58910015800.08856,96919748140.6402
1585094400,58826829208.43283,61292547194.583374,55706614118.03198,57981725781.0486,89096282168.63403
1585180800,58073050237.1626,60573997788.38321,56352920909.03371,59851102977.089905,74415720025.07239
1585267200,60251689750.10983,62386126603.77667,55457918314.21588,57267220192.685394,74568911577.71237
1585353600,57306730799.61426,59107415281.79007,54113053339.13675,57279587148.68106,80643285822.52103
1585440000,57598349044.826584,58341807252.39305,53742568221.57504,54414369405.85208,64026454806.65672
1585526400,54404359342.36957,60708318126.50876,53162957774.27066,57865721445.50589,79302724749.50516
1585612800,59370956398.63075,61833619383.04285,58278371189.97928,59755059800.42201,71206054779.72508
1585699200,59827287146.36981,62486570530.7856,56824741767.705734,60668077554.82228,81393194705.75412
1585785600,60777997600.03041,66450131526.81561,59459892557.14011,62149507024.67499,99017502453.58661
1585872000,62165592808.897675,65164684786.03192,60640252434.18756,62674188051.22443,83619699671.09274
1585958400,62638719101.86345,65191451091.89743,61344728825.64349,63547428382.474,72172318461.13222
1586044800,63619402265.612915,64442988879.85321,61367572334.448944,62711599677.263306,66828232061.53871
1586131200,62984818734.515625,71484651342.86922,62544960819.38249,70771558849.08296,110998867727.5886
1586217600,70493525288.5056,73413417602.5979,66712851777.861145,68911956050.40283,109626236012.97131
1586304000,68732940324.32587,73628643622.17168,67912215069.70892,72427372998.99966,97504322335.1561
1586390400,72297602315.8693,74181805696.42972,69180861264.69897,71643920700.47308,85202480873.62804
1586476800,71395764796.09558,72154795252.26596,64188159811.42865,66824210441.387695,102481968788.37137
1586563200,66875761427.04909,68527030168.42523,65234453418.62668,67042690179.430695,76817284854.05164
1586649600,67096547945.49191,70518008277.57278,65514474847.01541,67221007213.767914,83019701177.70544
1586736000,67288900858.7673,68139707681.32559,63259406022.13507,66540706088.30286,92756441186.52216
1586822400,66684242941.68591,68618116529.7334,65281692793.009155,66805807590.525604,80266181952.03072
1586908800,67572559755.84537,69014890257.31458,64690420426.37581,65359855180.15784,77997603187.94887
1586995200,65536298830.43851,73972982415.7237,63369528877.44055,70757810601.99774,117359227384.55609
1587081600,70806236504.65486,71916507256.6469,68835111111.91934,70157309616.69264,84180680519.37503
1587168000,70291568785.70183,75300676048.76599,69713358590.61485,74085151290.5667,92574984200.01471
1587254400,74206495695.27202,74993402949.35875,70592446985.49481,71944865437.29224,90932935879.04196
1587340800,71835020909.60458,74199194675.66193,67463271195.382996,68853020334.95566,105477441175.22162
1587427200,68812733458.73453,70808446408.18983,67853983397.38573,69243122177.5002,83458089919.7617
1587513600,69165399526.65488,73257404616.54358,68514806662.95969,72353054125.96619,87525321033.61417
1587600000,72289736980.64001,78309959925.74454,69566686563.99649,73763902534.11453,106171518798.37314
1587686400,73891762052.61533,76622768187.05963,72737748125.22104,74732161776.86734,88229345496.38672
1587772800,74614580409.44843,78270678025.33835,73457806122.61823,75950222323.88596,88795533054.20198
1587859200,76091834347.14975,78383289144.07928,74603858111.01135,77019985241.88943,91372906278.02203
1587945600,77231316233.20734,78794444804.48245,74684508081.34033,77134239795.91138,97625572471.28499
1588032000,77260205851.19223,79640701127.36136,75251325017.24387,78410294122.31,91147741724.53395
1588118400,78292452142.26382,88899615388.95209,75035722016.29434,83649875224.6932,143488153276.52478
1588204800,83778140800.12543,90096857274.91351,77327852242.96552,80202003125.9624,158226243729.64963
1588291200,80210910851.28854,85596581388.3035,79278734941.1861,81927507690.5261,106909013097.05455
1588377600,82112446059.4509,84806828118.8533,80529308363.64905,83289646310.56927,95730806550.90048
1588464000,83342290143.81882,85639684151.28723,79543641649.28342,81587876837.25394,109616388761.3981
1588550400,81698023895.12036,82897533401.30447,76415163415.22171,80886912860.2109,114048888375.93272
1588636800,81142922130.8292,83771194320.01196,78689514229.12988,81027531164.639,99941570487.57591
1588723200,80920526045.71567,84755471185.86087,77382513413.18097,79072508700.64664,106720248451.54524
1588809600,79028786500.29523,86520884217.26245,75922161102.55707,82820296002.61633,129384836588.20813
1588896000,82730853714.44211,85753123915.54703,80414386932.90747,83122616666.91565,116069261867.10281
1588982400,83206520781.99664,86466759971.43396,80803119537.38892,82753742471.07031,107793139600.3888
1589068800,82579540199.12149,84999066821.23633,69586116894.76611,75575154887.86606,140991662948.04398
1589155200,76291577192.05487,80452062612.75815,70302506733.73843,75369590198.09692,120087864806.41357
1589241600,75388187477.99692,79582111263.72446,73878895717.70865,77127439092.7962,92037955999.36282
1589328000,77160811583.81631,81923967547.94113,75362154928.25037,79590482793.8357,94955956798.67828
1589414400,82014039502.6665,86654078809.06784,78692757053.04324,83037607161.16061,113574171997.10754
1589500800,83113871606.10754,85298994630.77844,77955549991.88696,80536654876.50262,95590183298.41089
1589587200,80536109514.16208,83995780333.26254,79338522171.63013,81925804878.36386,81048831399.48419
1589673600,82004428730.21594,86105882246.37247,80175650504.38394,83113839393.70319,83300433010.1232
1589760000,83201392315.85004,87995484771.43344,81061455545.6766,85131963844.06189,93246834355.29211
1589846400,84627034579.20828,86645126525.86948,81665599352.5459,84989352424.4805,83593616121.09738
1589932800,84909857447.08704,86662086262.10263,79456237004.88907,83619518812.65515,79853707222.32503
1590019200,83607085094.72052,85455590321.13916,77304281265.69241,80311491322.6824,83203803963.9729
1590105600,80134909633.95108,84849337880.73425,78704736343.5138,83117979016.30737,72025010638.76291
1590192000,83190701921.0824,85111303052.01102,81481443919.27838,82787522975.21118,62626536157.28377
1590278400,82817028604.09366,85609080753.14523,78749449894.08197,80223064602.81866,69963647530.3994
1590364800,80099768963.75739,83780892125.60117,78392470063.78482,82095921532.11182,66097279197.35887
1590451200,82174879563.2554,83696106862.16629,79541569041.71933,81353961432.8338,61622129857.36903
1590537600,81464370570.4379,85316380209.28146,79863600483.6962,83196118159.12003,64932414232.27358
1590624000,83275539287.63608,87253904446.64368,72351753040.57016,85916030852.96692,70205106310.77286
1590710400,86056833165.76492,88097753870.53949,83778775000.81552,85820533061.62354,69268711156.24944
1590796800,85811283508.936,93218852561.20901,84542820816.93521,91163596499.42178,78549891064.86118
1590883200,91128430265.97919,93195965397.39087,86603305444.52847,87945529903.62619,70374598201.35979
1590969600,95052689042.93,105225314438.38,93293679364.5,100473846859.32,74161913442.81671
1591056000,100917367634.48001,104900441107.32,91527841157.76001,97770839511.86002,82794462792.4695
1591142400,97732718695,100851182168.75,95677933058.75,99742641058.75,57988756370.2271
1591228800,99802607892,103103855072,95928458670,100089182394.48001,58903410426.602005
1591315200,100009217587,102211683979.36002,97552298116.18,99200022294.43,55175815346.8548
1591401600,99187570775.45999,101406750773.82,97796812986.88,99857037959.29999,45801547824.657394
1591488000,99824817911,102012549145.75,95866352700,100209932842.99997,54257878392.2348
1591574400,100157780149.75998,101654661572.48001,98270962880,100463948352,45596425807.897
1591660800,100534887218.32,102862833904.98001,96093690411.53,100161204150.91998,48364441070.459
1591747200,100159832390,103248232020,97476095400,101268585976,49572124731.7829
1591833600,101283148142.08002,102999658818.56,91596205543.04001,94129421533.44,68099980085.369705
1591920000,94115945255.4,98580596260,93187528360,96807371915.23999,52059902734.7711
1592006400,96862514616.95999,98135311000,95067842867.98001,97111749497.48001,40999920815.3134
1592092800,97129127495.84,97742980253.91998,93692453630.88,95023355089.12,40388223021.832504
1592179200,95655303307.75,97809746315,89604602500,95827752008.75,58158178734.5821
1592265600,95810946255.29001,98293303237.39001,94352737548.1,96930331550.70001,45498364591.0956
1592352000,96900159288,98963142372,93906961568,96914358195.99997,44550517239.703705
1592438400,96886086007.5,98025719971.25,93949531250,95823534217.5,38898132425.173904
1592524800,95720354573.51999,96977900012.56,93407852011.6,94992391214.08002,41464107197.5467
1592611200,94861355240,96667060000,92741506200,95303045854.00003,37658112899.257706
1592697600,95276860498.84,96699069084.88,93969934021.75998,94747023273.63998,34122055649.9925
1592784000,95053186654.32,101394093170.88,94075129113.59998,98911246674.56,47355950373.1783
1592870400,98939979316.44,100824965278.20001,97287076674,99008104014.14001,39351624304.3072
1592956800,99041521703,101180006028.75,94128936787.75,96173580523.5,45368999849.7703
1593043200,96167156426.90002,97362023336.87,92688828007,95526329731.24002,38404060964.0991
1593129600,95540362663.5,97033719795.75003,92631715238.25,94782460274.5,40703148917.647705
1593216000,94798014952.97,95748496641,87998428855.47,91376947261.70001,39595522043.023895
1593302400,91356307433.25,94615726693,90010590776.5,93055278775.25,34172109369.438103
1593388800,93147522050,95661584385,91357822845,94282762330,37627035957.7345
1593475200,94233234495,95224522365,92158142000,93587269872.00003,34218747173.985703
1593561600,93680690311.66,96720154200,92416102521.20001,95339314985.72,36720921074.0001
1593648000,95512421567.36002,96777332875.51999,91669892032,94040483688.95999,37878635853.8189
1593734400,94107061693.91998,96152358506.59,92881486266.73001,94390940360.51999,31395611517.7356
1593820800,94310384135.5,97193873400,93703481301,95979847558,31416857663.194702
1593907200,95987589551.04001,96955598656.28,92608109820,95425436972.08002,33639150663.254997
1593993600,95398071956.76001,102011953823.88,94635406261,100866073766.04001,50993660579.5995
1594080000,100876048285.80002,103429080252.42001,98074075553.95999,101035626063.12,38819380754.9953
1594166400,100448845597.25003,106743356728.25,99402337479.75,104904857461,55280186319.209595
1594252800,105648593585.44,111293386971.5,100524203772.09,103806667793.1,47971491189.6995
1594339200,103874073137,105364827644,99419966998,103114040571,38755190779.3943
1594425600,103281547250,105742445262.5,101561305000,103843821425,33158351191.3537
1594512000,103810667355.41,106965220020.88,101690040745.24002,105170775167.70999,35410442962.2842
1594598400,103117015313.57999,106086897342.69,99669574079.93,101764180466.69998,44742738238.8513
1594684800,101815834064.97,104158075923.04001,99201528485,102718099221.16998,41736700261.664505
1594771200,102750627337.04001,104568967054.24002,100503398577.44,102517058346.16,37584172931.7895
1594857600,104716157604,105958636570,99459490618.44,102936769970.28,38957136490.5525
1594944000,102975095321.07999,106520270349.95999,101287001199.70999,103119408345.5,32628870582.4069
1595030400,103309516540.57,105791381433.41,101919861123.04001,104240211533.01001,30083701765.3769
1595116800,104283417083.29999,106717960799.84,102117953974.70001,105128333599.31,31439690451.167297
1595203200,105202940300,106408428260,101669064020.00003,103090115660,32105966257.944298
1595289600,103101129397.63,108121619282.91,101949035368.37,106063797933.75,39308435389.694305
1595376000,106775126117.62,112470933787,104753008575.20001,110351478703.69,38779014277.7744
1595462400,110544538514.86002,115241380580,108218775949.16,112456850290.4,46995403291.4552
1595548800,112572503353.75,114924140911.25,109068537616.25,111714979037.25,42573458867.5748
1595635200,111744898658.41998,119666674014.66,111099120990.76999,117942863141.74002,48691517684.6655
1595721600,118072224845.9,125498136400,113473912374,118437663186.30002,55179548710.106705
1595808000,118414105562.5,134498827171.5,109421069300.5,121682205473.5,78493454750.974
1595894400,121583932813.6,127621540669.4,115253527161.12,122819209739.88,60313968307.8405
1595980800,122862960200.04001,128903335704.68002,119301575691.64001,123075624943.48001,47057768307.8405
1596067200,123023242176.44,129000100716,119691735808,125968102805.28,43775368307.8405
1596153600,126009711580.95999,132385491169.79999,122452326127.20001,128773244440.56,45363668307.8405
1596240000,128827373439.12,141530077683.84,125849770832,138897007413.56,61134968307.8405
1596326400,138865171037.24002,148636292400,118327162825.95999,132513361449.04001,79405568307.8405
1596412800,132613232848.48001,142743793120,130175060319.44,137349022685.16,44534768307.8405
1596499200,137480022685.16,142885454480,132648512958.75998,137732021018.48,48382168307.8405
1596585600,137789470001.12,144705958833.84,132806859011.4,140264168574.56,49547768307.8405
1596672000,140370217875.6,144893164794,136355066017.08002,140759454331.52,47595268307.8405
1596758400,140818134347.44,144418276480,129768770036,137339792697.4,57521168307.8405
1596844800,137262192777,144276523009.8,135336908388,142202663823.6,31604768307.8405
1596931200,142268109696.92,145888879932.31995,137035939580.48001,141430035521.31995,33170168307.8405
1597017600,141612077882.4,148550179520,136264462440,144189172057.28,57026668307.8405
1597104000,144194116612.28,147392245362.2,131987317720,137744092060.16,66485568307.8405
1597190400,137683340406,144166361500,132312430600,141716567335.4,58439168307.8405
1597276800,141860485324.56,152690682006.84,136270323516.04001,148387914159.44,76637568307.8405
1597363200,148575787872.2,155194049128,144972179444.44,151304728521.88,61182168307.8405
1597449600,151328594498.68002,157560795732.91998,145893787498.8,152463803816.8,60549768307.8405
1597536000,152656759938.4,157775133676.2,147140809114.68005,155034573728.88,53883968307.8405
1597622400,155002745088.52,164545547612,147249370007.36,155357301056.72,71684568307.8405
1597708800,155324996867.88,160097655243.31995,146628379012,151556546516.4,65319568307.8405
1597795200,151546945800,154411632183.91998,140751645913.6,146344562112.2,63741468307.8405
1597881600,146460164743.91998,152429616413.28,144083794836.75998,150443557784.28,45755168307.8405
1597968000,150416950923.91998,155103582509.48,139904533605.56,142212482140.56,67324568307.8405
1598054400,142188968459.64,148050332048.88,138266005348,146203787498.8,45766868307.8405
1598140800,146455675091.48,148911709467.96,141319330406.8,145507929904.6,35539768307.8405
1598227200,145591008482.8,152231235412.2,143389551614.84,149358173599.2,41813368307.8405
1598313600,149363439257.6,150823983409.68002,135638482861,141638104198.72,63224968307.8405
1598400000,141708113054,146830377071.2,139036412790.16,143073147729.2,50035868307.8405
1598486400,143124007164.04,146577612880.48,134992592631.68005,139851446520,52870168307.8405
1598572800,139564293670.44,145457213770.34,137578595212.3,143384766492.52,55046762626.8732
1598659200,143470547870,148458596000,141095962820,144928893605.00003,55137679020.6733
1598745600,144957716237.00003,153227112543,143449557914,150733266559,64570768735.3638
1598832000,154204803632.93,158153928140,149761303466.57,153826457765,66636428009.547104
1598918400,153925933344,166577430696,149325042000,161846606288.00003,88161812563.2047
1599004800,162026816143.71,165242604950.15,144671959595.24,152169565625.08,95591739460.4666
1599091200,152401949868.8,157321059356.8,127547213991.68,133383254080,99387223365.25641
1599177600,134745679040,145197657807,128466043911.4,138402757742.08002,99648559382.9475
1599264000,138646778091.4,142841412840.30002,119607666450,126793791296.82999,133023820980.832
1599350400,127258174943.04001,136774118684.48001,121893320000,132364970453.44,114368172984.9036
1599436800,132457028760.5,136457001701,123594418000,132754953379,101732810140.1841
1599523200,132934119297.5,135811663520.41998,124492031570.83002,129483459101.24002,94664036968.59131
1599609600,129725140342.38,136455120634.82,127004562544.44,133130173966.40002,73261266335.1075
1599696000,133378144432,140937288587.5,132158679000,136565535425.5,152810157288.2417
1599782400,136770988671.44,139857803470.72,132530354394,138159980627.52,134448189836.8053
1599868800,138357693358.74002,143208459415.98,135324132725,141776135048.27,99695959627.1083
1599955200,141916733600,145195202970,133152821350,137335419970,132902489011.6581
1600041600,137516684570.24,143894245792.96,133365524356.16,139803088164.80002,93531126922.275
1600128000,140610752644.80002,144894001174.32,133910439555.44,136524858084.56,86189122013.8938
1600214400,136551902875,141240072500,131979382314.75,136976324301.49997,87246667462.84601
1600300800,137179850954.45001,144979390602,134074317950.49002,141221859680.61002,90740447826.89151
1600387200,141456617303.94998,144401852424.26,137001770744.78,140191289638.4,79635022200.59311
1600473600,140533486646,144203703254,137460003862,140906246988,64132878886.3581
1600560000,140818356275.88,142723809179.75,133466326841.30002,137212482214.5,68097256552.068405
1600646400,137503946978.81998,139863393146.12,124900609896.64001,128285553176.25998,89518822804.08481
1600732800,128468692698.04001,132578052663.40002,126175150251.32,130361634656.28,64849023192.4272
1600819200,130380178868,131818313641,121745712770,123732173498,62783242746.4457
1600905600,124018715860.68,134370900760.13998,122483380541.59998,132155782292.75998,64012557988.645905
1600992000,132038565169.22,136928050338.55002,128513983871.98001,134522589828.67001,62418422215.581406
1601078400,134695585481.5,138279711500,132114012474.49997,135417642364.5,54879774056.7621
1601164800,135952612686.36856,139404325266.5858,132415769659.84378,136865367209.71402,57991645836.72838
1601251200,136999614062.22668,141711470354.2931,133285496922.7775,135908149061.39291,65228313678.98782
1601337600,135905840907.26367,140135530908.72375,133444708156.95734,137831245019.97607,58557421569.80789
1601424000,137852195332.9682,140339125395.69873,133951448444.15991,137947887040.46832,54853280953.21998
1601510400,137970570991.90326,142292356105.83575,131942860728.64954,135681843752.50534,67278743614.555046
1601596800,135618717210.24554,137277218809.51947,127942168402.00677,132672569704.39499,83543589988.89102
1601683200,132700262158.78128,135437174820.81912,131203904573.9892,133102298231.23059,57136178538.91893
1601769600,132919233208.3222,136743600986.41187,131094987635.56616,135121203639.57092,60075308500.641754
1601856000,135197136096.85431,138216262143.5478,132759692660.62411,135455864878.52942,65253392032.59612
1601942400,135233438215.3265,137402470719.90628,128313650593.64758,130420439014.16064,85561687648.62949
1602028800,130406598709.45862,133126577122.98419,127275213113.69492,131577506382.79529,69753003868.80734
1602115200,131700598486.35843,136502185917.97638,127850427530.28802,134320459649.8158,76171479647.76404
1602201600,134391963488.1756,140704044597.8404,132495145138.4165,138309740105.16736,81125544660.71165
1602288000,138481129462.5322,144925271058.858,136618197803.3866,139873806664.0083,78128787787.4108
1602374400,139811226496.14084,143510974127.37427,137987911859.5753,141136626633.53827,72164360459.08493
1602460800,140818478692.04895,147569591493.10693,136964723651.82275,143444141644.03516,89676115190.80565
1602547200,143684542954.7267,146115958257.8706,139586286995.384,142644620335.896,79888249546.89082
1602633600,144937358655.8126,152571654304.5289,140048135423.81937,142964264767.01834,78737388266.66325
1602720000,141576101466.9024,149010631378.18307,137705189644.094,141931561024.19498,78829715452.5051
1602806400,142608940650.857,144790607538.2539,135681980616.34521,138446392936.097,81584963329.9016
1602892800,138547925547.01102,141162552133.2097,136564924164.0346,139043281205.39438,60847341390.71286
1602979200,139092850865.58704,143077146612.72736,137977103809.03665,141392480005.0496,60451895077.58484
1603065600,141407462593.06036,145370465883.69147,136856713796.26407,141151301147.39627,68966948392.88992
1603152000,141146523604.27216,145046338229.3341,131383438739.59808,137416837946.08878,80485003882.86296
1603238400,137537284360.99448,151375170978.17328,133518211615.75043,143065669268.98898,107217816881.6785
1603324800,143221658584.4237,152957823343.31232,141265801354.78238,148369506750.30316,93224038054.45505
1603411200,148517515732.3047,151854829104.54138,143929368172.89865,148141600603.62933,82361129754.38208
1603497600,148255762360.12943,152910072094.6327,145929757557.35715,150250788801.97177,71979629385.53807
1603584000,150192814786.51196,155542214518.17447,145832395657.89984,149241698896.78143,71208176337.4239
1603670400,149411658253.9466,153444078908.0719,141572384751.81805,146379528204.0426,98640377449.28967
1603756800,146563044069.77963,154856433644.4558,142441539804.93408,148571072654.64798,89557870466.83401
1603843200,148551524919.16708,153249806449.79462,138793034150.86182,144567608309.77744,96352303428.25876
1603929600,144875809677.42462,149972375730.2155,137714341357.5736,143041973349.13776,89040053870.69444
1604016000,142996099050.74875,147534399648.10724,135891748935.74298,142037228482.642,87284663535.49086
1604102400,142132709134.5927,149566550740.5481,138932878090.45602,144335581419.5337,73155763982.25922
1604188800,144214294710.6863,154170255108.0841,140904980467.0906,146131828516.781,62303315587.495514
1604275200,146201855873.16632,149601820471.67877,137846411304.17883,141615247903.05392,84779611467.772
1604361600,141622945546.62546,146545495521.68817,133143472741.32642,140808099798.97385,81732697746.47816
1604448000,140819265922.09647,146243647239.29547,134193358334.96652,142585649992.77798,92291476711.40689
1604534400,142915723337.2287,156540265185.38678,133407954580.92432,145949871911.636,88803364539.16974
1604620800,146129816211.53296,160182047486.24786,141984504205.60864,155403465701.99402,97318379809.04146
1604707200,155786798696.63135,162950150611.05292,143200767201.35193,149562235399.70947,102412334659.20364
1604793600,149477179617.05475,158861740465.38806,146090066353.49286,154222427580.8106,68185155881.0338
1604880000,154312957387.25043,160370727674.17834,146544941934.68073,153288165468.98535,81720036407.7845
1604966400,153590054326.97723,159884463266.02942,149511382178.82947,154925164731.25525,70887134842.26231
1605052800,155122884196.74,164460895893.24597,151805555444.60217,156874333870.4928,78898057899.01646
1605139200,156943751011.9843,163308093125.22418,149279177688.04388,156308517306.8686,77762455244.32776
1605225600,156595709215.4511,165335142874.62885,152507375563.5017,161452757796.1654,82508514593.46796
1605312000,161592198821.97864,164443863918.21423,154001902683.34796,158571334366.1524,72005258901.01659
1605398400,158715132611.263,161722125406.19836,152499734730.99207,155668620830.93732,66442367888.56618
1605484800,155419581429.57935,165639370424.12512,151110084580.03516,160192072358.97858,225169252136.7848
1605571200,159338847339.16608,172209972149.28558,153439317664.52008,164980260235.48145,100738462177.59747
1605657600,164567337387.66907,172060686053.0686,152483614617.8672,162034252655.3355,121241909215.72052
1605744000,162257627134.07288,167944935095.2849,155207479342.95514,162246137229.30292,94157272979.49902
1605830400,162321212098.4627,176360763795.1781,158975695398.68713,170878651299.39008,109796192089.84048
1605916800,170890408763.68103,192172545162.12433,166448844308.1037,188757412091.74554,153174299154.79697
1606003200,188995899315.4342,197028738352.23334,171802089877.34723,186241946133.2765,167732747337.2717
1606089600,187033593318.69263,210290529029.76794,181812900054.0484,205820484255.81085,173725156372.6483
1606176000,206202288703.03015,232610443136.9771,191914153837.36176,213795578734.1411,212204255561.20285
1606262400,215458655274.74884,224487541667.458,194508516529.19904,203143326585.56714,176017085980.63162
1606348800,203378694898.58435,210126813144.29517,166298778299.48242,185018487106.14484,214672878110.542
1606435200,185303075304.82513,194243119205.89838,175219718805.68365,186791414753.10083,139328189740.12738
1606521600,186903240339.9256,202292355011.82092,181453043156.7149,195166168685.46948,119530236670.48361
1606608000,195133863828.94128,205129671928.2849,188943977671.45258,200317844490.47784,112443397925.01672
1606694400,200509388447.2552,220724536805.01288,193778201508.46692,212225750109.68555,154711937242.78326
1606780800,212271830566.17676,220253057561.34717,189157743401.49377,201294124644.55988,176508634310.92822
1606867200,201540519998.61707,211536221811.10022,195630532700.24683,206944905051.4301,122993225000.07504
1606953600,206920429249.53302,214742547999.25488,201540097439.7992,210092781683.84668,102442730763.29564
1607040000,210271835766.67194,214131819696.65942,192542111226.89288,195467904071.69885,107183515607.27257
1607126400,195182597217.78723,206084880530.09882,192551295993.12292,204062204282.97247,88439776697.4177
1607212800,204164350054.17914,209939037040.87408,198646086495.97125,206094321750.4649,83901900406.48006
1607299200,206176030574.0647,209131924060.68054,198814743069.651,203668263390.0105,81076552972.29924
1607385600,204300759185.4831,206770954258.73987,188074989942.6419,192474490979.73254,92830240798.20226
1607472000,192672718751.72803,203289693816.41266,182129340790.25165,198227742915.6032,109449783500.68555
1607558400,197505621754.7931,199718794070.26038,188355330016.2434,193142960205.6281,80576466260.71263
1607644800,193184642095.76862,195737503249.19275,182742375427.09833,188220830430.1057,85651649897.3518
1607731200,188216321246.29846,198865367403.9699,184177571236.72516,192792893499.09045,72833733253.63806
1607817600,192476865223.00378,202615202311.50977,188690976739.19458,198283225798.20056,77053830574.20651
1607904000,198395402552.8069,201847558373.46265,192500734829.95,197641858588.02216,67997511602.25251
1607990400,197672263322.59125,202699482851.45337,191648592050.65863,196929803150.45905,79049196995.56302
1608076800,196827505545.82214,220009714577.48523,188427378883.4602,212855939093.30005,123361020021.62521
1608163200,213110110197.95874,237569631350.99548,197217351729.1184,214066066682.19,197761839466.05804
1608249600,214099258426.78857,225635060912.43286,207155043645.5459,217563541305.1101,131402945321.13998
1608336000,217725993121.26984,230762969320.46747,209180274878.4151,219195863501.97552,116468062842.35251
1608422400,219353254161.6391,228077391331.40656,207132698108.47595,214866839420.05853,116291728552.568
1608508800,214765811021.86584,223343797075.24506,195519253910.00128,204918090389.46484,133919299172.81155
1608595200,205067239645.53833,215876705988.98297,192501836101.30353,207886043576.62256,140146546178.77124
1608681600,208362667342.2077,212797639954.60388,170867479499.22394,184390111150.91888,169401022326.801
1608768000,184173359616.19714,202309143272.0042,177328637468.1328,197910076444.8286,142436715790.61807
1608854400,198094800851.2177,211999941782.94788,188207040305.28546,200839122074.64233,137355818072.04749
1608940800,200938068958.29694,217350695605.25415,187785002271.15503,202061957970.49384,131584315377.71405
1609027200,202281130208.49512,227064778545.1446,185755519747.38342,207090951978.85016,179198064366.5476
1609113600,207242880869.22327,228048222714.98413,199744408161.17444,216420187626.5686,150023453225.0902
1609200000,216641086723.08276,225403776932.08057,198708768995.65405,216219517277.84473,148602125262.99036
1609286400,216125684187.56543,229810589583.85614,204819626699.4203,217818195157.83636,134631335129.96877
1609372800,218088887189.5882,227926696750.08228,206347227274.93896,220316206715.61676,115021283236.63411
1609459200,220876035624.98596,231377395590.06555,211326453580.156,219471619375.26355,114215630281.98288
1609545600,219489204335.67017,246211266329.14636,200418639154.31934,226477626563.9441,156895394038.94012
1609632000,226852859409.21448,277954353310.06946,212892039635.6665,259340268386.91748,230692516443.83725
1609718400,260264840879.18286,299209973994.3911,220101408990.26233,268665296070.32764,255021241958.48798
1609804800,268685812367.0443,301764186483.52954,242977775023.10754,280773781002.87646,205568484741.0753
1609891200,281293197020.6266,327692247019.449,265916516791.14575,306713726861.1072,241192508514.95905
1609977600,308152201114.52136,346478319658.92456,280649583968.2617,311108880975.10095,260315128310.34
1610064000,311801928691.9795,334345533208.8811,273148545364.0807,309872235812.18567,254806265675.4467
1610150400,310410495558.152,343505708638.6948,292322464045.9917,329021527747.12256,213411688592.46252
1610236800,330225625563.8157,360870901184.91284,281709512813.2189,323201693168.1404,277231853408.26117
1610323200,323058363310.0963,329365849495.5447,241183616285.0802,287025149770.25,346882082078.96954
1610409600,286740212993.2368,311818926701.4364,262961342179.93384,282116128883.891,226823712346.8103
1610496000,282092315303.8148,319569989966.90234,264018781692.20532,304760002383.07983,185416086405.3677
1610582400,305268296084.7152,337157270762.18774,288754344127.4503,322936332372.4949,190657409276.46295
1610668800,323216850917.1781,343194424155.43164,283306427417.37354,312727804773.56384,220804877689.71985
1610755200,312792029284.2886,351886257723.36707,299818366041.50903,327702007571.0657,203795797892.38858
1610841600,327832951774.15015,347991471274.1947,305623611607.74817,331020381312.3408,182800597180.52277
1610928000,330766943601.145,352054559949.33264,311434046919.4479,336527444757.0785,160952124001.93726
1611014400,338042720268.8729,375759418655.2195,325108587848.1283,346994146692.75146,215252696984.78925
1611100800,347241892511.51636,364559523747.7655,314550549567.6271,351924958738.4623,225855068037.84445
1611187200,352323689802.29114,360749982789.58936,289238538774.17615,300419429454.4087,235676752117.96283
1611273600,300377337275.515,344776433719.63525,276684603337.17456,325798060124.91187,228977825244.7595
1611360000,326085471274.3253,348190516158.3866,311205843920.4468,330418711793.6848,158007058182.10513
1611446400,330536562828.6382,364853737823.0559,316928990128.6836,352092659646.6698,167403635964.6253
1611532800,352380379257.01526,388936812091.3025,329596945862.3319,339221116045.96814,199124041550.2763
1611619200,339082055956.65784,356670327359.7002,319592203004.5597,346726525032.2915,195413823959.04968
1611705600,347242051847.04004,354007884735.7396,304801677074.1763,322037917618.8517,198762347468.8575
1611792000,322388993177.46155,373918322788.8983,309965416888.2024,348870362789.45593,196827172127.09384
1611878400,349187417318.37695,417304032418.80493,307444364983.7849,357956894890.90283,341235515718.4325
1611964800,359232080797.7905,388571645714.1493,335519070831.2422,368965022842.1459,230918541201.9806
1612051200,369114492736.07153,385594148245.0226,341707115971.6138,360942660500.20483,207313539398.46655
1612137600,360980737472.0552,405048872526.14026,337010216812.1133,370336647064.536,243910094600.92566
1612224000,377863645961.8678,418226227214.4186,357065170257.7832,391261094726.3324,228365231086.76105
1612310400,390918025982.9341,408479735973.08167,380273367028.41626,389405469530.452,228592451139.4692
1612396800,423982354251.8528,454509656758.80676,394511585119.12695,419712939970.4348,260684387346.79468
1612483200,421127645581.09717,470969459550.3082,408486015096.2516,452599949299.02515,240191601537.605
1612569600,453378088359.3967,492636621223.5242,413256992476.2517,449723601081.2095,242524659813.2996
1612656000,450485183628.5725,472105377897.74414,408666728808.9752,444969886723.5073,263128183594.8097
1612742400,445397649741.10645,541524688727.0028,397606887693.47546,480909765039.0127,303581756730.7573
1612828800,482677381189.6787,533865159312.327,454720747038.6282,502078669440.4114,306328989347.47205
1612915200,506664029665.61816,564771318803.3905,469720671027.8225,520507250018.7009,345837426039.55493
1613001600,521093112303.5077,580166680822.9393,486436063607.1931,539281468417.141,293685789632.4569
1613088000,540494719020.6394,597927646929.1147,511631293267.9396,568026238872.8942,305311180281.8279
1613174400,570264237851.9404,607207205953.1567,534023460881.52075,577227071230.3505,326236290642.7923
1613260800,577149827379.0529,613060409955.0084,531595202166.5254,561753779327.7971,290718079665.01404
1613347200,562051242402.0211,592340343033.6907,494582763034.2915,553221883452.1289,336503000840.13
1613433600,553677320951.2163,595377211662.9587,520615258231.29236,555059441658.217,283478200136.5604
1613520000,555280285492.9714,605632874943.269,525490262340.8943,581309010917.1965,278788559859.5832
1613606400,583107146066.3466,625726605870.1649,562689811980.912,602637245495.6777,200861456602.78586
1613692800,602442649761.2122,702931937096.9763,557032536098.0873,640905861114.0901,241665954252.57916
1613779200,642699681528.2526,705867936986.5693,576687137900.2734,627657859651.8564,286509316100.9723
1613865600,627732927504.7158,689544242607.0748,604706011232.2384,645576355136.1703,215451977539.71863
1613952000,646141781081.741,676216926157.7257,507097309091.9409,611349773450.6583,343099658871.9735
1614038400,611479574797.9756,626998459797.8302,455225238879.1465,543945514228.5073,384697086155.57806
1614124800,544896683208.3125,607223071438.5049,514005582457.76733,563634916280.7593,255434988515.25983
1614211200,564490077738.7399,605760848145.3627,511244884030.8452,528154967021.10205,203712380364.18903
1614297600,528204176780.1294,565284548087.3416,485719361952.9324,524875337105.7095,511875256973.5931
1614384000,527311635412.6919,579762483144.4185,509778109314.4407,538515431076.4509,186675705700.88934
1614470400,538940840788.91724,553301688801.2415,476889348352.3501,522943291953.843,209318404771.74048
1614556800,524796611018.7339,590090450085.1624,507302506190.89233,569210756973.4688,187813510862.1991
1614643200,569941525741.5481,597066816830.0718,528590253304.46045,555657717664.6741,181300103745.14917
1614729600,556026250757.1321,619172328932.8383,542189998755.23145,575578184103.5648,181674966826.87573
1614816000,576209056037.6085,616113290690.0981,537045595296.9558,564751734264.1628,200524370560.8116
1614902400,571011987006.326,593698807277.9626,528709716881.77734,566880840351.821,168122455183.98325
1614988800,567597569140.1176,600413398207.2737,543405621009.86523,582947901760.9503,134833096853.66272
1615075200,583218447217.7559,622873420853.639,564453271630.5386,604958187680.9385,142134256973.83997
1615161600,605205169992.9573,643611323751.5696,575762600708.3494,626694593393.645,177853634559.69543
1615248000,629078664835.1077,682134650742.626,601962094219.0176,660093133325.5988,191594487142.60638
1615334400,661238224577.0723,694739700192.2954,599433625722.2947,638891797044.655,184680093310.20642
1615420800,639909244140.3351,684811825186.357,605472020632.5139,650886711084.724,180697689502.11572
1615507200,652837083208.3246,678471059896.6384,596697968772.4692,635097972813.2559,196026065361.06674
1615593600,635720355352.9143,707930150980.3159,608235389440.1353,674188862483.4983,207847394118.48993
1615680000,674392497613.0181,696119483808.3313,635953619360.3782,652764991813.971,168177548863.23047
1615766400,652799822326.6545,697948835897.0979,597050219543.7966,638378365676.0481,210981238103.06476
1615852800,638520206132.8529,684357599324.8748,600133836595.3562,656228100339.3019,198575621820.48993
1615939200,656687633638.1495,708474672097.3337,614411961858.9724,675495167414.372,192117357617.6618
1616025600,676089977215.9429,710548752129.2764,638438829293.6116,661245729520.3441,176649509043.38855
1616112000,662522438249.0555,705942672485.737,640241253026.4135,678694303565.4019,160239814191.65103
1616198400,678822556266.789,722539910479.8867,661658005917.7736,676083655082.2267,164019695833.89127
1616284800,675680125477.7285,705106130049.7563,640865123163.8137,675678521236.5654,153586379067.15192
1616371200,675846856265.7644,711393040096.0916,624079439783.8955,647647422041.1854,172080979409.0484
1616457600,648087840150.4685,689340332057.2117,618740127139.2916,647359856440.6937,171577197388.87503
1616544000,647862469641.4705,696329165167.6107,584747808708.9672,613089898211.8544,196359668210.5608
1616630400,613132490948.3077,647035120995.7299,577379088239.7334,613564709560.9567,193664981880.57394
1616716800,614325567933.6144,683313321685.2635,602824794538.6144,662125910063.8407,165846832852.64307
1616803200,662542934470.4895,694349671815.0325,631910913316.0742,664824168557.1243,148541825808.5827
1616889600,665085883034.4851,691028765806.633,642260968266.3711,666059193566.178,138703428840.81467
1616976000,665581669350.0066,722554247613.1957,646624605282.6118,695879022053.9769,156088134290.2902
1617062400,696758840047.1823,734991965678.1023,673641289582.8528,709408806867.2609,162961636915.5669
1617148800,710044974396.2849,755578959599.165,667359048550.6335,725815631083.9186,226214620671.28754
1617235200,726643437989.2014,769623934495.5044,701119841404.1157,740945208266.0068,228808266283.47473
1617321600,741632821157.0642,807231052655.0808,723050382355.1458,778617041741.3975,221602836250.27774
1617408000,778966615355.865,815555574948.9026,725650934627.3545,747016273023.9236,229991369580.59274
1617494400,752175382674.7083,811419727047.0149,737079020815.2397,791979131918.8109,206841091779.00015
1617580800,788657215327.1687,850693840131.3025,754536671908.4805,821877903115.1909,285961063710.4657
1617667200,823118133854.6531,881126198657.0027,775273381614.4229,839356370951.0452,323300079252.7319
1617753600,840103698799.8843,869732656621.9443,746919413635.5394,782441660671.8156,333335816838.969
1617840000,783123907709.0991,849026394295.2097,769953399345.746,834265600588.8925,207247232081.24774
1617926400,834967538263.9879,870036781706.794,807270807212.1864,836722935938.8813,173877327326.6043
1618012800,837588514235.012,920779564358.5947,809176353796.9097,872487426169.4761,231235195421.2509
1618099200,873578772370.97,923557124481.9517,844619212751.0383,889487796058.0073,214210732917.12656
1618185600,889595981006.3191,949296296562.9055,849916320457.5325,905674165214.9973,223642359889.35568
1618272000,907406516282.5117,1004054155573.81,857678243484.602,956690251062.1299,289147990516.27423
1618358400,958527868610.2915,1046412371646.7178,895251642921.8704,988295898616.1421,363452849264.80493
1618444800,988839848003.6018,1062115652549.6943,953422690401.8115,1022975281483.449,287713463814.17664
1618531200,1024828223454.0933,1116945540175.3347,927791481076.7373,1029530801601.8262,494911222610.7186
1618617600,1030977025820.5339,1107435459819.8665,964043214212.062,996874610781.6953,385224174045.69275
1618704000,997993598063.3259,1053664572348.0659,791674868410.7892,953705076356.1511,467852866843.0798
1618790400,953020126058.3264,1022820171721.3889,871786541886.0281,927166592333.9883,358018962693.5554
1618876800,927829639982.4039,1013142901389.8564,839163320987.0789,969757481798.2327,357736389269.4764
1618963200,970334935907.5149,1031996771560.654,901653591803.1885,942223235527.3861,277438327734.4912
1619049600,942578393124.5912,1035756608537.342,851528405327.5166,907684627427.8501,345414428092.1886
1619136000,907683806465.9097,944909817680.1837,753921046752.4563,906007412089.7449,412173243624.7285
1619222400,906055182259.1764,930503048367.2565,820424684284.3978,857076461432.797,218257097326.86557
1619308800,858329184397.477,918486697234.8873,806127090633.4604,872468345327.9645,191268245595.71387
1619395200,872458281282.1736,990297996491.4995,851109076241.7908,966180878855.1917,236498392354.83533
1619481600,967081593687.4424,1038402259353.7394,942822669823.2543,1012824235622.4053,215996629344.94336
1619568000,1014092182355.8036,1068063271788.0524,955779340120.352,1024356286335.3676,229338196907.9312
1619654400,1024766268241.182,1066700301328.6471,975685352234.5298,1027531325276.9581,198178065713.89047
1619740800,1030963004480.1033,1113485148791.8906,995168401364.227,1072706336685.6447,208317395309.04352
1619827200,1073927481589.4645,1134844491998.4229,1046213091577.3071,1112091224771.0562,196301649905.3348
1619913600,1112821090439.2617,1139470904278.7747,1061632545326.5924,1101744263403.92,184910346574.85162
1620000000,1102051513593.8618,1228978127096.3237,1080021805713.2688,1188899929316.7249,250381469625.81906
1620086400,1190532494073.806,1254378465184.2397,1071759642670.7655,1132975807924.3003,399052593615.09827
1620172800,1133659783068.7683,1307968382746.6938,1100355156794.083,1263327276447.249,426745122947.41846
1620259200,1264817776263.2937,1354619263122.4573,1181569353761.729,1266600971189.7087,465680846958.621
1620345600,1250650648741.065,1349028439567.4253,1172076610242.4316,1256161749953.0557,473118434053.60754
1620432000,1256375570119.6594,1368037420344.6548,1205265861045.5496,1307692432330.1118,440654482291.12634
1620518400,1307676425764.878,1372107747990.0635,1200309027243.067,1311963547365.3892,443191392037.1277
1620604800,1305347351251.0244,1416912563570.829,1135532148464.8052,1245824380117.2876,443855194217.74585
1620691200,1246323830891.4805,1338306055413.8389,1211078456788.7812,1338306055413.8389,377252131912.9764
1620777600,1398132975119.111,1491609795952.0803,1176892273349.8684,1230466348869.42,399062410706.8886
1620864000,1232713418278.7085,1383271410883.3281,1115143782111.322,1267369325246.9795,506718477212.79736
1620950400,1268920832583.6978,1422206810221.4617,1235755372729.2412,1358859474784.209,337054652934.45154
1621036800,1359548553974.9438,1422185227513.4443,1218340943390.0044,1260715206013.4336,336810444593.143
1621123200,1262545114183.6135,1387016155050.1777,1151790871627.371,1260471721873.003,329335496201.5164
1621209600,1259604300223.2412,1288894864999.0542,1096682578037.7095,1173385256944.868,357430284808.18005
1621296000,1172671579663.562,1296906114921.6455,1130594178573.6296,1202543397076.9575,291231809149.8243
1621382400,1202732475963.3936,1240698980852.7896,649385689789.0051,857315344369.4702,575457658807.1521
1621468800,869956067834.7483,1091234242706.153,770971799001.731,993626981828.966,425209635969.7598
1621555200,994778356409.0686,1061776457241.1987,755452279972.0889,872863507106.6576,352571175641.08746
1621641600,873384640411.6426,909170843513.9945,761898817144.1277,821395844986.5514,254677277023.18213
1621728000,821298382398.4353,860854990632.977,613276378801.48,739990512869.8306,340080910583.57935
1621814400,747609706329.2804,945615126370.3187,724448327860.6842,913053548322.5122,321629794566.6896
1621900800,914797158023.9674,968991294226.9733,822311676439.2408,915794726722.249,287798040873.75867
1621987200,918009932497.899,1021513317705.8022,893144577461.595,987316348634.4607,249153469844.4264
1622073600,987900569088.3264,1013845373744.967,898162276560.4725,946736938563.1627,206783726586.04803
1622160000,945927825044.71,969585951524.8916,816293848509.4906,857681016670.5996,239520230808.9795
1622246400,858086615666.6364,912618637936.964,777005358749.6658,814083559861.5161,195493537044.6922
1622332800,815142023296.1968,890527341626.0839,774214345865.4407,851592834385.0238,157753564674.50314
1622419200,851620493507.682,945694810831.688,809225475491.0281,933532938354.8816,180267725039.99844
1622505600,932443385179.9917,971407059365.8755,876641525423.6233,923351455207.8478,171759198814.81018
1622592000,925001387098.2063,1000157108963.8958,890994208764.8539,960748084427.6481,170127026935.19513
1622678400,958535672205.075,1032662874374.2676,930992933762.3848,1001538940037.5737,169576587512.275
1622764800,1001395652241.3368,1015822861224.4844,883567195733.5321,939942841899.3782,195980980734.66846
1622851200,939450077674.6677,989225262141.8243,885229299378.888,918084709693.507,154133023702.8605
1622937600,918047109471.7534,956307824181.1036,904784626880.1283,936199523863.8182,113899991753.67165
1623024000,940232166879.2177,983537890619.189,867714248822.1554,881528871812.9199,145835009781.83496
1623110400,882856426478.9727,907395624083.2451,792909709460.0499,870344890558.823,204840203398.80353
1623196800,870207484289.1002,947038632709.6896,815059818136.219,908965585751.6292,185261733555.7086
1623283200,909690700735.5742,934205284679.4758,842949967738.8682,866384266085.404,146336408605.37573
1623369600,867065094675.3473,891616170309.2605,808084137197.2958,832643712565.7778,128282659639.75879
1623456000,832765740936.3542,875658898529.6863,781024872724.3617,830863843488.2025,127209168924.88428
1623542400,831715561771.5845,908316981947.2986,794880012102.0101,877486451596.4937,126503555743.23999
1623628800,877865145054.9529,927255501932.1039,850396974360.933,901296618201.9724,138512681471.69202
1623715200,901355416501.0715,933361446550.2078,864504176925.1313,889107243609.221,126246622560.00195
1623801600,889105062969.1411,904976654734.8651,829228232441.9904,847232768835.4598,122720821175.6581
1623888000,847168350003.667,887384278354.4497,821758978653.0132,851360805220.7168,109232893038.94043
1623974400,851848261544.9747,865388806552.8154,774378853897.4164,809908579112.5784,115432256251.4378
1624060800,811110263216.3065,833103751453.7366,780850552964.9492,792762025228.0801,93764923635.6334
1624147200,792614808883.5554,826288887187.471,742341631160.5432,807342451744.1024,114118841355.18228
1624233600,808042418598.8224,817838644986.6316,656203063890.6418,669957631669.4727,179341337369.96948
1624320000,669207122355.6705,717713297504.8451,587947672413.3566,660087619804.8722,203656407091.41556
1624406400,661349092774.377,740430675055.7734,640534766323.483,707068634659.1821,148918441822.95642
1624492800,707571084786.5629,754438881598.2034,672421094547.6501,725952934757.1445,111568296772.89267
1624579200,726779442258.8738,753844043108.7542,653613653178.4869,670470747052.9202,132872870866.37936
1624665600,670141538107.5912,694623836826.8701,633280848268.4594,675133507314.2489,115462640749.03513
1624752000,675849064831.2595,728868266716.8679,655869159012.439,714711666325.5853,103169719314.62155
1624838400,714816552681.1982,758478166259.1504,697143248613.6893,733918569670.8322,116647403976.00647
1624924800,734108467699.583,798162430648.5781,723498440578.8015,763753550539.5732,132159800887.64197
1625011200,764069418417.9479,795892830110.4943,722144179266.0541,778111770366.5695,130798347613.19608
1625097600,778747597865.2585,786736820636.5114,713976148130.9375,735676437622.2373,118338538208.8296
1625184000,735677572097.3754,755730672321.8853,706173310852.5282,746351806424.1573,105371088144.67436
1625270400,746698369301.4698,777869423175.3043,729617652057.3834,765646595766.8424,84880817728.99915
1625356800,765796540257.2052,810492576491.3002,750069626677.4391,787464493491.6643,90485367003.6022
1625443200,787149579892.7183,799428265670.6852,736983099968.2583,757706872633.1246,98563003773.94223
1625529600,757857231547.7985,807644923204.3427,750147237973.8307,785448288703.4559,107164311133.5777
1625616000,785186752146.4492,818571995074.4321,769393494867.4285,785290345478.6959,108979540357.27686
1625702400,782952671056.4382,791797179899.3552,718262136492.6332,735190215577.4824,115848758602.39166
1625788800,735204506963.0095,768349211190.4738,708237826592.4661,749394565069.4084,107272546771.09285
1625875200,749469833300.0284,766149474821.565,721677435983.1421,738726343393.2767,86031479099.05612
1625961600,739087499283.4498,764838696843.6211,727442560388.162,748908518147.815,73042560640.87383
1626048000,749847490530.4363,769701479253.4381,706869260738.4465,724792702664.5325,86310024853.29494
1626134400,724458522222.8606,741838098467.3881,690514519380.6675,707829152984.0393,84631949305.88832
1626220800,707791524998.8124,732200622160.5137,672425213325.4675,715385023902.7758,94127951205.21297
1626307200,715041803375.6095,746617258066.3031,673628732635.0088,702414946098.169,93433026556.21654
1626393600,702469964083.8948,724760971625.5898,666095153610.5651,678769285038.6868,90953622986.15604
1626480000,678967695969.2234,704650011212.4926,663166192793.7467,685984272847.963,79884344397.61874
1626566400,691133487423.8833,722320836063.0162,675155092429.1267,687924262677.7488,74463635420.2735
1626652800,692434951725.6206,705628605635.4069,653365950001.8843,665227109493.9406,79937458967.87923
1626739200,665359038329.8518,678050896854.6007,608896274721.6655,640538539426.1356,93880457273.55145
1626825600,640838153283.6544,725872310770.5343,627146183134.5452,701382291457.8911,118411622224.74353
1626912000,701777882810.4912,726708365972.4294,683226068271.3027,711653758540.0602,95347243315.62866
1626998400,711676849913.4368,749472104896.6797,693784554220.6453,737469063496.421,100350758629.4225
1627084800,737943646872.5037,768518332348.2845,725359690921.8174,751737156158.9697,106395815586.02406
1627171200,752090398435.8564,771018114765.6013,723563910008.9102,754711723396.4136,89888024327.0984
1627257600,754811427650.6594,852699738237.1403,723466337913.7388,762387485019.5334,213766270724.38644
1627344000,763260524500.2457,808394184545.9613,732001386776.3474,786690504818.3563,151754583468.2602
1627430400,786003267915.1368,818541223531.9243,760261563382.5372,791699160648.3737,115276076455.50992
1627516800,799287847899.1603,830651449244.6777,771652381800.2128,807550716202.0703,107669757862.03683
1627603200,806849450114.7405,854248142664.4744,769312676409.2883,827900031176.0259,118981350293.95715
1627689600,840468083629.3085,872453951506.5697,809059955422.0131,842677002968.1654,114107358287.06375
1627776000,843520890580.5986,898212234211.3745,814605362515.0822,842228966335.7471,118452083750.64005
1627862400,842515386492.4293,878258405281.0029,817015254164.2322,850827841928.4161,109481572689.30899
1627948800,850746070294.2539,877089605977.5504,806151210258.5728,836493123487.6843,111304359260.8082
1628035200,837237364611.698,900105529164.0569,815381561020.5483,880325604296.7794,115660322483.97203
1628121600,880411958914.1586,930441452423.2618,821648968390.601,900786660961.2467,137120470166.2557
1628208000,902203181622.7477,953969682766.514,858496621340.7556,915550035297.9939,136483897699.97112
1628294400,915402992916.3197,999516617678.0095,902235203605.6376,979990188451.6079,171703224715.67603
1628380800,981783596706.1022,1004115979247.0321,916823586573.8452,939293904083.9696,169640018509.69116
1628467200,940024568162.5063,1003899035248.8177,902222875376.31,979526255197.24,177518377025.66754
1628553600,981309959776.3037,1031066887655.6077,945199041249.5936,996323464728.4998,170420762404.8205
1628640000,999435825806.9711,1077946882214.5535,988237632794.6265,1029810930383.291,203275084209.1838
1628726400,1027819703822.5901,1072803497900.5974,969051949674.0038,1009249748048.1719,176772022644.59442
1628812800,1008331721271.9723,1109536536189.334,992409895588.7129,1093142394883.3191,156948490416.37573
1628899200,1093165315772.3572,1130290660168.105,1047824887252.4803,1099627921924.0366,166484220603.45105
1628985600,1099812095161.768,1140666496446.9858,1049292717624.6525,1121574903553.1262,168414445828.35452
1629072000,1121529780570.0283,1170498197882.7168,1061399197584.2384,1089638840348.5034,181653535503.42163
1629158400,1090132757396.2728,1155952945209.1692,1028296647440.5417,1048853366040.6804,188678301369.631
1629244800,1048791320885.1467,1116765385877.6348,1013102195410.2908,1066840757402.2285,174011462498.41064
1629331200,1066908544935.887,1150121272487.9673,1033101702532.6573,1127747839050.6104,165472987515.15298
1629417600,1129566313409.2344,1198125889717.6055,1102005964895.3503,1166230328583.5073,160590874037.3955
1629504000,1167181967554.3694,1204888774247.5564,1126319356093.7493,1153390176827.0774,157232163721.92804
1629590400,1153296205935.2666,1192588180623.317,1115058950420.5156,1165125195724.217,132279965341.39607
1629676800,1166687986947.1758,1239284573624.358,1149602288453.0752,1204051670959.4922,166965104352.43228
1629763200,1204537690027.951,1230331633331.8008,1113451120442.5605,1140772712310.3162,172703914858.67892
1629849600,1141031146493.9653,1193510205102.872,1104176668389.5315,1167960078299.1292,161043716247.0302
1629936000,1167735970346.2097,1200268635585.6636,1083308063394.1818,1110098834076.537,154749619404.66473
1630022400,1110704481418.2847,1207100088706.1943,1088835566222.8104,1195170656562.6726,161284851295.05362
1630108800,1197170043642.3203,1219716311389.2097,1155828993202.3481,1189913410858.9976,143316702689.15607
1630195200,1188416898188.2695,1225167528931.084,1143892744576.5977,1180582644963.6826,133283547523.41116
1630281600,1182871480389.338,1231642631614.1675,1131363059084.972,1169682799900.29,169562106903.9173
1630368000,1167823716443.8801,1263356293404.8865,1144366846660.9702,1213315140115.7449,189670961002.45633
1630454400,1216165049648.1934,1327142835431.6362,1187794784668.5078,1301763184085.618,206226801892.40723
1630540800,1300618709494.958,1357176905179.2512,1260198875843.2358,1306306048170.911,183285793632.20322
1630627200,1310340964718.1465,1395491164075.2173,1267969653481.9717,1348620185918.1553,229128325633.38574
1630713600,1349691153773.7102,1409949872992.679,1304686606778.5107,1355819719483.5942,198147234626.91345
1630800000,1358421389299.4426,1434863843688.8218,1319025672914.574,1396544462882.5625,187114671354.1068
1630886400,1398168269706.2312,1458834473664.7695,1345889473143.213,1409914072773.3833,222564594948.69
1630972800,1407575585043.5957,1461039169066.079,1047540291120.977,1237165874614.0908,353003386988.7236
1631059200,1242221967454.463,1314684226476.2974,1137011207287.0247,1263600267868.929,278489819739.23535
1631145600,1268395177393.936,1351567627426.618,1228676990327.5806,1279318650953.3303,243466884123.24118
1631232000,1278299132257.3403,1351996962947.9727,1166595695017.6318,1231666142522.6492,212952144894.67203
1631318400,1232216990965.012,1309160069723.067,1202684551349.5632,1253289222403.792,167557962189.7381
1631404800,1254144494570.8684,1336043647352.7266,1209498207020.336,1284981795407.8928,163592439075.52237
1631491200,1285190514260.851,1325683651848.9521,1158422054551.838,1232792842029.9556,215099566221.13565
1631577600,1234042056973.7056,1314935185548.014,1194340520275.2773,1273539136958.3252,166459585103.82996
1631664000,1276018818245.9922,1348243063424.789,1240918301238.1,1318563553342.537,159328773238.12357
1631750400,1316307002258.3477,1350692751505.663,1256082225987.6763,1296451320856.6533,163773523300.73282
1631836800,1299289633395.821,1326045212163.2056,1221239727080.513,1257118956738.9224,158361267480.3729
1631923200,1254125716424.1147,1331953935107.269,1231829806861.8032,1288637043229.0583,127717230928.92029
1632009600,1288750706531.5566,1313312192207.0376,1227558998240.0156,1253168238439.5903,118176054607.1426
1632096000,1253754799222.433,1267458072924.7124,1076265422268.4469,1120709677464.1821,214953625016.04596
1632182400,1122717882619.132,1188134041636.8374,1013405419166.3419,1058009800735.0227,204615209924.77
1632268800,1058921863596.5106,1202673709534.2632,1041398069039.2821,1176263145069.0542,174654254509.7802
1632355200,1177568342184.647,1234876413402.9329,1146946426404.171,1212702737956.474,148974748435.59317
1632441600,1214774463625.1797,1244618863491.7146,1064619594100.953,1150936576841.4678,196931899439.01968
1632528000,1151301311767.1733,1178168306940.3872,1098569855557.9977,1139778134989.267,139606750693.3953
1632614400,1140499378070.2422,1193827705331.1162,1055900907710.6581,1149467319704.5576,165761052530.76627
1632700800,1148240829124.1484,1198967746442.886,1096932083140.1476,1113729260122.4468,143748798078.34442
1632787200,1110229147128.039,1137851142194.8118,1056041953529.0952,1071333665275.7742,131949199386.89401
1632873600,1072794956550.7854,1141333921934.0295,1058847676273.8694,1096705524397.2235,129272412598.82608
1632960000,1096418080443.4474,1169741473562.2197,1072624398590.9751,1139319847010.317,130692536187.70882
1633046400,1141473012413.315,1277227931549.2437,1107066054420.497,1244233500557.4438,165129233511.37662
1633132800,1248414277201.716,1307217467352.4082,1214308871739.5864,1258298566300.9338,153986943158.47278
1633219200,1258364099987.7844,1321380821925.394,1234214256231.3682,1278158926056.6465,140513076691.99915
1633305600,1277948391387.69,1317953271483.183,1206673288174.979,1266869450576.4624,170732102820.36804
1633392000,1264074569019.1802,1345365115919.8228,1224399112942.015,1290113134044.7815,154705138624.6184
1633478400,1294672815797.7493,1381276447730.3335,1182796333147.3457,1298583447940.227,227368191528.47415
1633564800,1294015120735.9685,1359476297991.317,1240727104898.3638,1300096880099.5479,186995134784.7186
1633651200,1304958017548.105,1371280159307.808,1270974933366.901,1303387416676.4272,177563572676.08304
1633737600,1303935749439.3242,1364498247131.357,1282580053066.1426,1325548340535.997,145795845123.777
1633824000,1320400778198.9434,1356160949656.6477,1239564897924.851,1267286127717.666,133686711943.55019
1633910400,1272578235691.9626,1352286699613.9956,1216740712012.6187,1289685934911.3896,171107773757.67697
1633996800,1285908562075.2434,1320647667763.3784,1193411874746.0464,1274027580126.3071,149657511537.81744
1634083200,1274547454828.021,1345543144066.6426,1218026812860.4692,1311702239994.7705,151772149612.0279
1634169600,1313089002548.3872,1379638236558.8987,1278816134701.0305,1335263090390.9507,136399445409.83105
1634256000,1335264603360.6401,1428054069793.1433,1255493281030.1562,1348632246471.2595,177714614950.7599
1634342400,1353081199591.663,1402591955556.8071,1306343754645.2803,1336160686621.691,127524450662.27802
1634428800,1337077338398.3752,1375461918865.6436,1264555515360.2095,1332101481434.6685,115170241527.21419
1634515200,1331684776639.254,1368574041211.3591,1260222036878.5674,1314637423796.5205,133710900207.2315
1634601600,1313977968353.2405,1384257234926.0935,1274510074755.6045,1343953732707.5818,119747045315.59789
1634688000,1343893240770.4404,1442004378489.061,1312228770810.0386,1412993141924.7346,141765202503.4791
1634774400,1413623651296.1548,1487177852080.764,1309662511502.7192,1378146452899.7402,177127760568.16367
1634860800,1378731437047.553,1462410877151.1829,1324392780388.1829,1385327571011.9924,150815333584.42825
1634947200,1385862284547.3179,1444971985550.1714,1352976833384.989,1424406534595.2297,113446475210.14511
1635033600,1424653697612.7773,1453061035861.11,1352025856871.1206,1404830719517.1648,140773930289.69952
1635120000,1403969555744.4758,1480290920981.137,1378135490212.1675,1447841692687.7737,138906750573.70102
1635206400,1448935278611,1510339801692,1385298271932,1431862810564,164199642444.22382
1635292800,1432225003534.684,1504171708472.5134,1299997106127.0015,1350459188320.6746,277421451133.93695
1635379200,1363638573397.4382,1524532800207.0874,1317672795145.7876,1445538918263.8643,269105657483.88504
1635465600,1446359402727.4229,1530588638554.6494,1408525701029.1968,1485116412803.747,190453405864.9143
1635552000,1485211504440.7363,1519498351971.748,1406948180544.7932,1459467902476.8042,196531553097.0658
1635638400,1459820873976.0305,1531453060558.2312,1393285230398.186,1466456987027.7876,208404938329.91373
1635724800,1467380430059.6948,1536951689519.581,1405512186431.8645,1486193923542.057,190949690341.30826
1635811200,1485448054121.5261,1586893606762.6265,1443681314285.8115,1542966188802.9365,251339419632.29926
1635897600,1543815379299.5308,1609425275312.2283,1458816515000.871,1559430014066.206,200123910550.92548
1635984000,1559888676663.46,1602463236782.6614,1477957273446.609,1541442985981.2651,188584336882.9671
1636070400,1541117637396.9893,1608560317967.8296,1490623000264.2595,1540167331168.051,163864120412.10715
1636156800,1540314675606.3784,1582968711065.6045,1481564848040.1604,1557239359479.2258,139027050414.8553
1636243200,1558318309537.2659,1626481883191.556,1527266723326.226,1580139748023.3633,118785015111.3311
1636329600,1580020042799.6616,1686074641150.2607,1526261956400.4482,1626571948420.7417,177895791210.31104
1636416000,1627698153237.75,1690841217506.8967,1567512384060.2822,1617659508942.5188,205326227432.37888
1636502400,1622687499709.7976,1707183690957.496,1471354512224.1746,1569143845128.1807,251117390648.6744
1636588800,1568393395710.1172,1657251944002.6445,1540113607148.145,1605352354841.149,177358830057.2008
1636675200,1605618075197.5437,1654045484643.8992,1521017882061.0671,1590179514560.877,177492238971.8531
1636761600,1590565051988.1348,1637820145100.5547,1551070714412.1956,1599386427939.9797,134739721140.06429
1636848000,1598792481825.8132,1644801742606.4673,1548582678397.4277,1597313573886.9485,112716839980.16745
1636934400,1597521395171.7424,1651944344403.3743,1543004798748.5515,1569194761227.8083,134623282288.01312
1637020800,1568926201359.5203,1587812915662.9956,1396202053023.1133,1458494610131.305,212083484699.079
1637107200,1458496815447.6836,1502162584972.5117,1396756577076.4934,1475381967721.9915,175422699423.2384
1637193600,1475846421685.2383,1526571658892.8433,1342597390165.9404,1385001495435.56,202718289840.27063
1637280000,1385306269081.3044,1501970426666.7,1349863260770.6729,1472829761372.9053,170639607549.0981
1637366400,1474810054501.3037,1537094062794.5684,1429672257559.8594,1508265902260.375,140425916472.5506
1637452800,1510269615384.647,1545142288058.2256,1446838529600.5957,1478804710147.017,135842490307.35522
1637539200,1476065638890.3486,1518672899045.4858,1388176916146.6963,1431398589756.3506,164915961915.34842
1637625600,1431775107311.5386,1520399614962.1963,1389134429939.207,1481016674910.2368,174342878061.72253
1637712000,1482080186548.2915,1517251400147.4434,1397492580883.7085,1451767242417.957,189080660987.221
1637798400,1453193120719.6885,1565627923670.603,1430653696708.5747,1521813601308.2773,200328138329.33313
1637884800,1523140142022.1833,1557161282030.1013,1323572749067.0898,1386666937112.9373,226939778154.13654
1637971200,1386560644203.8315,1452381034123.4644,1367474144146.942,1405651284637.229,144966751159.11682
1638057600,1405413936269.018,1480098033015.5261,1332753809948.2158,1446010347984.6638,153228812454.3281
1638144000,1446133328069,1519108731322,1420856732962,1486043334255,150536930514.73
1638230400,1487369718996,1580307396107,1434274557777,1510235481225,189118470803.45895
1638316800,1509908178871,1595254251199,1474071495605,1512887337504,170190829793.4672
1638403200,1510425586161,1549725262256,1451436032418,1498018589711,156906064448.98398
1638489600,1503022500264,1560666551654,1360040921707,1423798298409,184868039849.24835
1638576000,1426056093289,1476532388732,1123850543869,1352958008258,293187003065.7667
1638662400,1358069847202,1398033242891,1276401499090,1335143409206,173923002013.14288
1638748800,1338117841157,1406502031446,1236313483628,1375915905258,198631022043.43448
1638835200,1376763164272,1438489782013,1338595351488,1371708411248,157401036739.00018
1638921600,1371540056776,1437731995143,1321836218065,1410778436617,146693863961.98907
1639008000,1413655889280,1446698191376,1297760543116,1320028104349,147440122404.4809
1639094400,1322720718256,1374979841100,1249754950387,1263605336641,145839994568.44745
1639180800,1268633346129,1340891119452,1238102170135,1319664114966,117740942835.58891
1639267200,1320961221690,1364872217453,1279427640166,1332340325318,93231427798.77434
1639353600,1330909203815,1347092583454,1187050332106,1224350178227,134750893014.07639
1639440000,1228339302783,1301642619208,1196755613158,1268321739035,400281455093.20337
1639526400,1269426376270,1352884535390,1203743800737,1318002818239,163635163195.25174
1639612800,1319472127278,1367881993975,1276853758879,1296017807324,126828159150.81082
1639699200,1297233231236,1331865601080,1218544219591,1274575800907,144420394894.88116
1639785600,1272420085190,1331270939938,1244222079534,1309703575314,116861312523.28139
1639872000,1313222191179,1361250548212,1276404777919,1305055070576,103043217867.19666
1639958400,1304188344646,1342742968652,1242735163499,1307542601681,138671928958.49338
1640044800,1309513314580,1378477501427,1283138673410,1349430318854,116723135949.21591
1640131200,1347476806006,1404484628000,1318063863874,1350703734434,123866862985.99895
1640217600,1349852522838,1457368347267,1325055853726,1420733853901,148809897305.6854
1640304000,1421088155113,1469800871814,1374629031480,1410209348611,128958675997.849
1640390400,1410903460624,1455908277367,1388885393957,1428935702641,100328107152.09195
1640476800,1431405460546,1467437724319,1391872582651,1436522893464,107803330400.16017
1640563200,1437876267232,1501313353880,1410113109414,1437710849584,115108997740.73889
1640649600,1430164095535,1449594067535,1317448374740,1349733108231,154007473742.58633
1640736000,1347540867259,1386461934753,1279961516740,1311408275603,129830120423.13647
1640822400,1311666816311,1366138349717,1281139063825,1327362863233,112131617472.80756
1640908800,1325277222537,1372480214252,1270782470189,1311050837803,122509353737.15677
1640995200,1317102129720,1367935044569,1296429098086,1346958238662,90109544553.57458
1641081600,1345980192331,1378617012749,1312673305543,1351076631500,95636048051.99684
1641168000,1349654596580,1381254817392,1296461856869,1337911735571,118507833266.7521
1641254400,1335866927022,1387790341475,1303264254383,1333086332871,138108591672.48288
1641340800,1329083876020,1368392181393,1201467590644,1249943236800,158564796457.92084
1641427200,1250448835713,1277979318193,1188328746055,1240418199810,157032593007.7097
1641513600,1232893336830,1246643063043,1132966435204,1172418710942,174409186252.92017
1641600000,1178724875120,1217140587134,1106555825568,1152181900019,131263425228.5014
1641686400,1153038663602,1204954254212,1134007177315,1171969971044,104682408195.05766
1641772800,1172584960360,1190045212166,1091187276945,1143629023925,143943004042.13644
1641859200,1146003889271,1215526159829,1125696539948,1194644560269,124472007265.38368
1641945600,1198919568086,1271884591977,1180417172083,1249149713783,131478424179.96117
1642032000,1247391575512,1281723672735,1193015183675,1213353812899,133139700763.43689
1642118400,1214651615756,1268689833003,1187963670337,1241293208126,128326480929.63303
1642204800,1242468226101,1276144156315,1220795402961,1249868761069,88214601155.25642
1642291200,1249481399534,1279727462430,1223601080686,1257494445225,88416347982.22444
1642377600,1253133413341,1255568877712,1183723825702,1205239993886,109718002268.49635
1642464000,1211691619088,1230764905777,1160246337547,1192545443007,112460038439.17108
1642550400,1194545453876,1208891105618,1145105615467,1164893575405,105451006974.42075
1642636800,1164153448875,1219932187360,1120135796055,1130954801149,79796456858.59253
1642723200,1118084672443,1136579348644,966528809911,994152477971,182371652248.46307
1642809600,996684087028,1017018392659,878092245037,935948121186,195802783243.43063
1642896000,943571702850,1007463364057,928952360401,986636147061,123473150064.29945
1642982400,985902505481,991116027916,864519589182,953676790158,188378270057.03204
1643068800,951220448515,989117743239,917618417106,963744347039,112977353013.10764
1643155200,966254550818,1036238853961,933028799533,956238506778,149099606944.38498
1643241600,958331917699,982469235413,908393804220,946893968958,114523597837.42917
1643328000,947695320244,979653160746,919448145634,968457527444,103254128934.57465
1643414400,968796130407,1001892413314,959238619058,985760127030,85899574687.63635
1643500800,986479957250,1004833291905,957110988030,976666397060,75075269725.61005
1643587200,975638783468,1011631271990,937712446654,999202455879,95323127299.12622
1643673600,994327491942,1020539452469,986272255329,1004717180661,208688691688.5587
1643760000,1023451137352,1041818746019,970150551228,985903505706,92810025332.15501
1643846400,983463368970,1006068160520,955252231218,996316416073,87095329629.47963
1643932800,996150559616,1079745507645,987114167315,1074586392215,117208627923.3812
1644019200,1074974772701,1120488771658,1058344373949,1090268521998,109902746641.72902
1644105600,1088134069008,1119718329095,1068697787016,1110472195633,86799241422.19034
1644192000,1109071636914,1175018677205,1089068828228,1153712880548,136703695391.55753
1644278400,1155372320381,1201345409000,1103202275287,1142757087187,148067270392.99164
1644364800,1144043789291,1187221370173,1115626285686,1168661192249,109641038333.62277
1644451200,1166421494554,1188264129410,1111143324405,1121886782113,150709977978.81113
1644537600,1121505637047,1144725970420,1057188720494,1074017381512,131590264867.96269
1644624000,1073931635380,1099651936408,1049239874274,1075993608825,99756391519.1259
1644710400,1076169559303,1091454885883,1043348839404,1056680270189,82420963865.231
1644796800,1058167924003,1083491866767,1037316147792,1070055541963,96476394442.16626
1644883200,1071904834255,1147602557534,1064569345122,1139634256287,108550594455.48462
1644969600,1142154813368,1150806018374,1100914182761,1126326185355,101359894977.63162
1645056000,1126746402965,1140809968844,1043105881046,1055838986690,120046153543.58533
1645142400,1054892025181,1077832639852,1017955005673,1030515269574,107824920032.48474
1645228800,1030909433756,1054974000557,1008664370480,1032336729503,77138127068.48853
1645315200,1031490863308,1034117330236,968743969789,985563459008,92788761568.10245
1645401600,986112894683,1028072790457,942259841806,947857604998,140739778717.7346
1645488000,948766697651,984496736252,921002150476,973565720337,122966786942.28465
1645574400,974845538188,1016743641583,952137802494,958156135186,112601592590.11972
1645660800,954677684757,996100018363,858390537574,956473559106,219422679067.455
1645747200,957520156465,1022943815050,940295539945,1007203555361,134643447115.06052
1645833600,1007911087924,1043500994017,992120994474,1012170489729,98632467815.39348
1645920000,1010245223519,1029412035517,948572526429,964889272492,117218945359.42883
1646006400,964755596436,1070425555736,948915843921,1058965436670,145177811559.96512
1646092800,1059471322371,1099656344598,1033122090378,1071128511661,154911588178.1362
1646179200,1070462811041,1096221405169,1043164476282,1061549096990,138409911348.14825
1646265600,1063606989310,1076535027770,1014400605177,1035385214951,114418067559.50288
1646352000,1035433776480,1042572619834,961103764086,975440037723,123359145245.94347
1646438400,974159185971,1001503377024,955295208005,991210425077,72048341328.73859
1646524800,990770708737,998050395632,949164699554,955614985793,80967580591.67978
1646611200,954767046558,983280661362,921168536661,941133375459,122789240952.53891
1646697600,940574366810,978487150236,932806864399,960179620103,111661973944.58044
1646784000,961293645976,1032890058063,957107549089,1013086282796,136003876453.59273
1646870400,1012739071244,1023842748641,952929403438,978920730252,130549132721.25685
1646956800,978431579663,1002166849637,945797802265,961563808024,111545312723.3762
1647043200,961224450947,986693065274,956073320616,963870100269,62153961269.2457
1647129600,963284286142,982953906542,936173543032,943708136048,71990891301.26561
1647216000,945041850076,977290956561,934484335946,966544854791,94109352363.75952
1647302400,966492029501,986060852097,937811373640,967969057741,94959076502.68356
1647388800,969691453269,1019033435758,958063088602,1011669498125,164424595834.96292
1647475200,1012302801409,1033827664503,998548318893,1018093859516,106465356531.345
1647561600,1018080919944,1056286424853,997861853684,1044563299179,141920356565.11722
1647648000,1044956230832,1077491074855,1033894447515,1061387902693,111764888858.66098
1647734400,1061662303118,1071651778610,1023397112973,1036799286751,108651764265.47461
1647820800,1036988792069,1071145165731,1024071569707,1050723602560,126615424243.95197
1647907200,1050440619101,1098252993873,1043393077435,1072907130669,147461148460.30206
1647993600,1072693503651,1107386935143,1055863021095,1098060638610,138025586006.20096
1648080000,1097962349879,1135619685121,1083053472230,1123010648857,148612762656.3764
1648166400,1127533026987,1152595067655,1101459564249,1115291277059,133517544631.62527
1648252800,1115839976331,1142587602291,1106504361659,1135315382418,73840278375.88377
1648339200,1135475652078,1184914725434,1122495156151,1180762632723,120817295307.02594
1648425600,1180488368615,1231096464642,1164554903120,1182283069713,184468245695.9883
1648512000,1182511174940,1239336842525,1171846453842,1205701472410,177128114857.20212
1648598400,1205824838585,1241165892002,1177654324190,1214287510710,168504026671.3677
1648684800,1214616858599,1247516079010,1166827200299,1183234218780,188315511189.00418
1648771200,1183475446792,1237129727676,1148874855031,1223180631797,193931248670.91608
1648857600,1224342039160,1263326951084,1208437689290,1221796550578,161477181053.09647
1648944000,1221286917107,1268006151659,1206398271857,1245765071954,127319983045.32007
1649030400,1245670158971,1260246012090,1192896653666,1235436749631,158621109915.0772
1649116800,1241810187216,1264541834359,1201322165906,1212694459270,144088976679.4053
1649203200,1211522445504,1217702009064,1121014278297,1129060721727,197853496970.80032
1649289600,1128357417121,1168295082607,1112332636391,1154900936085,126060052668.02505
1649376000,1154220005969,1178374867180,1112401767839,1122372903737,129597145903.24457
1649462400,1122481474912,1147175309243,1113141352999,1142078310409,71362540040.32257
1649548800,1142093519300,1160986421376,1115257424481,1120758360563,78597410260.55827
1649635200,1120257143907,1127150182545,1033778091225,1047477194451,154657402527.94058
1649721600,1048138688238,1095578359386,1035670091276,1071193321783,140483690099.01144
1649808000,1071503919062,1104180704563,1055698546960,1095640140306,115609499365.87955
1649894400,1095360867255,1111868374476,1052242707496,1069575253080,108601879169.13943
1649980800,1069804793022,1093741382205,1060811535758,1083223583315,82530215496.84578
1650067200,1083604730470,1097571074108,1069124360168,1086631519752,61025708245.21907
1650153600,1086338878348,1098027219217,1054896168617,1059950771449,73147667541.96895
1650240000,1059091380571,1090144931117,1022900678343,1083332265588,140874588002.85184
1650326400,1083400025288,1111930669947,1072492368638,1102506302770,113319454229.91449
1650412800,1103116202823,1126287922378,1078727895260,1094275476668,131197123128.44104
1650499200,1093496601293,1126593301588,1048096438605,1065942990762,157143794923.4967
1650585600,1066269333469,1087264562064,1049949460934,1061978308656,119932789965.36746
1650672000,1061923931690,1072211412869,1043838785867,1052000762042,67193171666.66133
1650758400,1052235447402,1065309978419,1039233868753,1046062101869,69931894343.2531
1650844800,1044924429982,1074344840854,999034396467,1065165397898,154476282308.9595
1650931200,1065793363637,1077217207331,990928818407,1005228974764,142633543444.46948
1651017600,1005183643502,1041115242579,997936123893,1027469125914,123343264015.00873
1651104000,1027496917362,1056382879276,1011403633009,1035389914449,137849246028.17184
1651190400,1034769386492,1050343288992,983636413140,1001112794194,136941676428.80157
1651276800,1001455595085,1019057530328,943701051546,957493362505,110037191467.9319
1651363200,957101474073,998635302156,946203335168,986087017855,118107421666.39175
1651449600,985400972647,1007256455356,960770863107,987534987571,125248200724.19095
1651536000,988129795551,1000809200595,959271735479,974191077092,98926061921.5604
1651622400,973822370104,1042121219498,968824367198,1034123963903,144909762675.66437
1651708800,1034176179534,1046614697291,943289885937,966266173665,174290627929.23846
1651795200,966315934227,977564627009,932979174749,956891822877,768886216190.4398
1651881600,957001843619,965440194545,916301350281,933864282597,101672212193.8669
1651968000,933355712185,941259057941,892212101101,907473813047,147386060933.43164
1652054400,907130391689,918269367390,782747245663,789893081644,252403877865.60822
1652140800,790113628348,870977223240,768157592824,819301315378,267650087229.95447
1652227200,823754345083,852043634337,677106290098,713293396442,338241143866.51953
1652313600,722888738166,758092914978,599850035099,687226819665,308812323271.9071
1652400000,672223985585,750650545495,659474547377,696264999811,183573638869.7389
1652486400,693605320892,720501244553,666967345276,709984117522,124607991657.40118
1652572800,709282482474,746443456441,689434026757,739056162725,84300731122.78366
1652659200,738122785776,741089194263,681372465280,698390406529,108664776992.51794
1652745600,699795977797,732654818625,692432989955,720670034127,92773556890.63092
1652832000,720713922665,728747450202,665674510812,669412199349,94424051593.44064
1652918400,669186175656,704786356166,658521265404,695248471289,116696135644.52132
1653004800,694718798372,711883265456,666503196766,679438817280,105275456724.31046
1653091200,678776060634,694265480691,671273666740,687952614027,53556160014.527466
1653177600,687424244059,710582186918,679716169484,702752118597,68326741728.509735
1653264000,702478996135,723555882973,676191764703,682274599556,111960575602.9988
1653350400,682232946785,695493299091,663584323131,688634503206,90959074856.16231
1653436800,688929150385,702444088536,672900174819,680161146888,89832923525.95145
1653523200,679998944525,689387298668,622451536662,640127961534,138004841559.12708
1653609600,639465684257,652023146038,608990510002,624965461783,139888469395.03198
1653696000,625527422042,650128361457,619625864012,643096001004,62705272983.04959
1653782400,643418820516,655349805319,629699351294,648183099717,56373200684.082
1653868800,649233469039,701952726718,644483707626,695638715496,129632063867.51329
1653955200,696247896905,709796607497,675092074294,688201924440,125652114159.34969
1654041600,689911312006,700365815197,637363210131,649822756740,139446934849.0061
1654128000,649495910645,666407868985,639298003388,659740431028,96263932464.92253
1654214400,659297906360,665150098485,628457852446,640051977654,79496508981.43791
1654300800,639720135472,651315830962,628686735058,646289671961,45278729430.31238
1654387200,646475751706,654581598730,633965474571,644442183156,45997319287.20564
1654473600,644882140871,679986335455,640885785934,659360988510,98216799036.44652
1654560000,657527965325,665905351315,621341657959,648512835350,132771987420.50185
1654646400,648014652674,658307813632,632972770579,642080939398,93226598039.26497
1654732800,642027658172,655779843098,635253461230,642673987622,66731381381.7401
1654819200,642151320229,649527551625,606763983923,611418902246,90572579493.32819
1654905600,611645175392,621124023538,569476263565,577755059625,89989289625.53317
1654992000,577977811054,583733297985,542959954953,548070556401,113862095205.36343
1655078400,546984663296,554055894241,478514474568,495870260656,240666041630.2888
1655164800,496370214631,517389648697,461504902266,498924391691,177886851378.87515
1655251200,498443864650,522830136943,450513601399,517957181663,197730398016.77832
1655337600,518246244532,525486240693,467087160434,472393648981,102312661682.1516
1655424000,473227528614,492603718377,468088975509,480459161907,79410947289.4884
1655510400,480246746283,486362465139,427570017832,457464757087,125567159003.52426
1655596800,457851597276,497739264138,441172221205,489558418067,111899058721.30798
1655683200,489349324117,505182000746,470180934020,493994826590,100431949438.87038
1655769600,493941442770,521860388282,487157474175,499932840162,95237342983.05977
1655856000,497845283153,503939411897,475425184641,480961699904,91668644920.02736
1655942400,481407869779,512477704396,479385862516,507073855762,79338702947.3063
1656028800,507059616305,538589052220,503041776008,528832024216,79363485380.6771
1656115200,528716223086,542338771462,514250763473,535291679210,63396373802.29675
1656201600,534935751039,549071994100,516988628450,519963150075,62202242481.67749
1656288000,520040580646,537055363756,510032134664,517060831870,69277610191.32909
1656374400,516923431747,530583767114,496438740127,499659164590,72985037996.5744
1656460800,499490228381,508929957532,483158077982,491565349677,81487854810.33418
1656547200,490729207745,495216529906,461188450235,485236709408,82382151167.9586
1656633600,485596101986,499992345038,470920181418,479103386261,101308182791.9602
1656720000,479434305410,487910716217,470599929148,481591358327,50381429642.0982
1656806400,481768370708,488294722030,471552476908,482916283397,41407633935.21992
1656892800,482936748713,506102761718,474191357082,502689554017,66529806441.81135
1656979200,502925313045,510675657629,481595263913,497365840172,89345773566.81058
1657065600,497111598415,513842729891,490483156833,509066679383,78245670024.17267
1657152000,509312430360,528737126861,503171649732,523464583661,77439691361.95541
1657238400,523296131968,536306435817,509877901056,517664442470,129561566443.44775
1657324800,517159426981,529037468819,514584044593,522131017700,80357978115.28055
1657411200,521931313589,523644250819,501766724589,507388145404,82036138497.7003
1657497600,507169838415,509825279149,483233016709,486511493346,78096978428.1527
1657584000,485936165109,491753376156,471241335961,473223635676,81372164560.22617
1657670400,473131965625,495988512208,463343475670,493466939838,111386285599.10175
1657756800,492788074896,515382384125,480377284436,510029587573,98456413211.84021
1657843200,510031174794,530579403553,504206109575,516674157163,87087584255.61232
1657929600,516197597730,552777217378,505926922587,541087502046,81882585564.6379
1658016000,540533212915,550974276690,529205476822,534305441625,76894247550.056
1658102400,534229788451,591185450344,532965317330,585166847051,72039527474.28896
1658188800,586263057900,607136492660,566122773612,587832502561,72020990971.44682
1658275200,583249100172,606479433803,562680665250,576622889373,146254446316.18396
1658361600,576703267690,592636812132,557376709185,587852238513,112254446316.18396
1658448000,588077250563,606646855000,570363962031,577084121344,112627645227.70459
1658534400,576788932808,590835400544,561976946890,581210503975,79254446316.18396
1658620800,581009533102,600446418428,574662873687,588598675944,72677067823.00185
1658707200,588593136817,588593136817,546003785189,549122109017,104677067823.00185
1658793600,547996810151,554431055207,528444084053,550861868942,89677067823.00185
1658880000,550865116017,598416232980,542984125256,591379474776,118677067823.00185
1658966400,601267355211,627766177526,578989279881,614250202874,157677067823.00186
1659052800,614406062440,642807131067,602319946502,625589525517,145677067823.00186
1659139200,625637467613,638696144012,610693735296,618375706262,107677067823.00185
1659225600,618301787571,637973417267,606017218092,614664143135,92677067823.00185
1659312000,614865461741,630875762461,593424176557,605398363934,94677067823.00185
1659398400,605365893191,621844536625,587164233126,600780103063,105677067823.00185
1659484800,600773608914,618351639711,586488459664,603903215517,89677067823.00185
1659571200,603980227829,616310440277,592089729746,607899263298,86911253080.93092
1659657600,607539774650,641312173985,607539774650,634263133331,98949312671.90439
1659744000,634299064702,643671221343,621325176586,621325176586,55749312671.90438
1659830400,631219484842,642692091503,613226098973,626936006807,48549312671.90438
1659916800,636976525160,666416327512,627252699788,644722398900,100949312671.90439
1660003200,644810889456,652807142190,622691333154,627380944200,91949312671.90439
1660089600,627395469648,667084115851,616594856061,662058126019,123949312671.90439
1660176000,662050863295,683778423638,653840933583,662172418356,134949312671.90439
1660262400,662173182854,682488914066,648868840806,673426187682,90949312671.90439
1660348800,673313042091,693938012436,665464146200,682652134227,78949312671.90439
1660435200,682602633030,701317507022,658234110824,675301690536,83949312671.90439
1660521600,675273404138,688219381957,655420767129,659297717610,117949312671.90439
1660608000,659373593961,676531002098,647551038688,663874189213,91949312671.90439
1660694400,663923308160,682867531324,636834137549,643887382938,108949312671.90439
1660780800,643852024940,659037030199,628347650960,636652569455,78949312671.90439
1660867200,636734561784,636734561784,576593310974,581771858690,139949312671.9044
1660953600,581764595966,601592004566,565120814069,578953843569,110949312671.90439
1661040000,578885612190,603457371684,575337201325,589174855417,79949312671.90439
1661126400,598715201452,598715201452,569518656589,590908735158,99949312671.90439
1661212800,590914086638,605726972865,578604280280,598656526289,101949312671.90439
1661299200,598611229827,611383290672,586752016297,601564482665,96949312671.90439
1661385600,601592386815,613117743785,592613946252,607766460377,90949312671.90439
1661472000,607939619002,611937742295,557630473532,565024684689,137949312671.9044
1661558400,564151400107,570531468065,549303043053,562038295199,95949312671.90439
1661644800,562037745764,569755629608,545896464624,548368793348,63870905518.17764
1661731200,548292155832,578780497896,543399945256,575084019044,95770905518.17764
1661817600,575177474768,587799088296,554383509280,567487690708,103770905518.17764
1661904000,568183625152,588511296540,563396910608,570751645112,97770905518.17764
1661990400,571811082188,583911088004,559067403416,578347324744,85770905518.17764
1662076800,577255296511,591373063623,565308739172,574624626972,86949312671.90439
1662163200,574748362322,580296375589,565249328051,573086826567,84851403258.85657
1662249600,573196065077,582515872512,567737995180,579504390701,84851049452.50452
1662336000,579430393251,591186702983,568923333980,584829295078,84845012184.7109
1662422400,577191132786,593705341046,551540516963,554574272232,84841132158.81992
1662508800,554396511391,580657109741,541081894507,573813004063,93129002111.82848
1662595200,574528670363,585330931232,564169529591,577314207051,93304784224.38652
1662681600,578700709652,610313384177,575951576116,600430302037,94049982281.49657
1662768000,600452159581,616687235283,594626641714,610063186912,93581502658.04033
1662854400,610013294798,617309420077,595461683893,608200742037,93648725623.38492
1662940800,607750388301,619499821662,591900209136,602217135691,93657444727.3338
1663027200,601860547666,613659316160,561507501386,565876631381,93541190418.43982
1663113600,565535406759,583255278303,558393052126,577251050394,93608313595.17395
1663200000,576918096571,582705325477,541378214026,548240237466,93542991793.48273
1663286400,548629865085,556504489841,534461291655,546900676676,93582563189.4399
1663372800,546595138961,560182181099,541817640401,557296693289,93502240014.50223
1663459200,556797492350,560038013934,518522178928,524209562294,93500859386.35257
1663545600,523329271121,539705227929,507992261728,533659313012,94111448501.96494
1663632000,533500758445,539731836308,517146274997,523592209819,94251150473.01999
1663718400,523898849763,546557129869,500087423618,509637023891,94200803670.5387
1663804800,508855456490,540664096292,505738283560,533641237709,94281858367.8742
1663891200,534016899511,548705474509,516374546805,536953341302,94281858367.8742
1663977600,536974061116,546560843434,527473003701,531741847779,94281858367.8742
1664064000,531605244746,541623794822,519691730223,526380625963,94379927005.6178
1664150400,527373266853,539930893163,518892239172,534567425558,95433911518.36368
1664236800,534891579686,553441231881,521636194252,530202971308,113353340207.75687
1664323200,529149626558,538662866817,510937487840,532045931734,106358864339.30739
1664409600,532638407017,541409496717,517445735583,535883372279,85558951283.99051
1664496000,534865201625,546427567649,526181674718,533338191151,90998627940.73889
1664582400,532712486838,536156452115,524139169377,528345397541,46479314488.03704
1664668800,528305598633,532559574679,515878101891,519414530393,50621026197.39413
1664755200,518907560402,533469836214,513456169463,529603365357,67278537163.77911
1664841600,529935258148,545210507387,526808358025,541147827236,71430509514.67145
1664928000,541178624610,546078707442,527362398010,539123494164,67719328678.32197
1665014400,539545069144,548509804677,531620680869,536178289705,72218242518.16202
1665100800,536402494871,542665839801,525842469751,533415971257,64819555401.13257
1665187200,533474507153,537176476609,524992873677,528979804850,40554752138.48468
1665273600,529335370411,536505331884,525284089028,532666212174,39118003941.91781
1665360000,533846464632,538859194653,518100056184,520380589874,62271460560.54155
1665446400,520118560075,524307384438,509527615294,515849569649,64632266762.21774
1665532800,516301179825,523620492268,511845023680,517680121190,53617251819.917465
1665619200,518039172676,521834750076,484445932306,515326477475,102051328864.90884
1665705600,514649323108,531300059710,509316631300,514766448053,79489936991.36009
1665792000,515078510859,519334245982,506603240409,510504318558,42999003402.72796
1665878400,509866342865,520595576660,507371640693,515940236367,45597886862.3092
1665964800,516261577375,528190801067,510850765617,523325738523,59396370651.54712
1666051200,523296642145,528530242668,509885440394,517266655759,63550824133.0529
1666137600,516164405108,519155806123,504156358121,507690842483,53809561684.166565
1666224000,507967523088,515346325044,499037611001,504926044315,55441159364.27524
1666310400,503911923769,511821588849,493619653528,508885095986,66883775632.62184
1666396800,509263043409,515507968383,505545241587,511797819663,41208040683.1715
1666483200,511801487305,525912178337,506412813759,522784771919,52712716608.2836
1666569600,522929830617,527367978417,511048585769,517329193999,67073631103.8681
1666656000,518582292492,557136596941,514564729328,542745565046,110092095521.8912
1666742400,541227378738,569068247719,538899009770,560896525019,133284654103.40707
1666828800,561253324198,571077485018,545590241394,550682188412,114939791352.30736
1666915200,550784858795,571170909367,541854387960,564211200633,104139325762.84479
1667001600,564645934716,598141762297,559930457878,582039325633,124606649912.97281
1667088000,582179302612,594781682122,568349567416,576489334102,96078134118.69646
1667174400,576970824207,595124973366,565384929244,578496966327,114971765312.3878
1667260800,578043422817,592742960385,570573187568,579270641823,96774159566.52542
1667347200,578476901665,590057468520,556552355721,564729232456,129284180295.87376
1667433600,564167991607,582480318008,558755951388,568324523544,99632627816.53375
1667520000,568973382092,612459450396,565544549948,603630024477,142531768099.62723
1667606400,603277018295,617672521121,594125297967,601312302300,95080539772.4081
1667692800,600966081464,607341800577,577345152437,580440257281,83167665057.92352
1667779200,581180683481,596287477167,568169842915,579900679550,114606618474.75372
1667865600,579494888069,596747629018,481963827689,520406619750,265984559210.39252
1667952000,519679957668,526488317355,437535416785,449026615518,233329069195.61823
1668038400,449437601035,521461544470,441162363831,504438483245,189041916973.6516
1668124800,503271050072,509307297018,471486319272,492983906845,121697563273.39159
1668211200,492579525842,497339046645,471672659220,480900704907,68495615408.16099
1668297600,479589688341,489957795173,461853445563,469226519191,67567197467.61726
1668384000,467177023739,488430023397,449814540446,474377026510,104270778049.58974
1668470400,475043493125,490881961076,469081579343,478651629437,76693448677.18077
1668556800,479611693244,486850802081,461153823337,470277974786,73981760749.00546
1668643200,470496520013,475945981140,457842962765,466283745650,61072770623.790695
1668729600,467403577507,477731959656,462909209407,469696760386,54527746322.28494
1668816000,470944967300,476415399710,463118533974,470702666648,39497530994.56025
1668902400,471673200196,475827799332,447825641272,451662720849,56914501439.36689
1668988800,452024632910,456189844944,430272213565,442434861977,89249760458.39542
1669075200,442747043045,456592871364,432463669807,452523341565,74056310327.84668
1669161600,454182900824,474441375247,448922041856,469253939941,75245508778.80339
1669248000,470463646184,480205371695,464376951432,473012865385,61404172929.97717
1669334400,473735362508,479348503095,462196085346,471762107307,43726225573.87616
1669420800,473468386702,486885517096,469392829117,474642940231,41843732684.16225
1669507200,475942704431,486151256593,470317591418,474236801172,43680822503.32806
1669593600,473785706394,477135563362,456234403536,464619648876,59392088290.09028
1669680000,465293420607,482091367675,460292290378,473595377793,51574777686.86231
1669766400,474338686630,496139754466,471430375067,490853209575,61830961606.05444
1669852800,490596372668,493617821600,479771875845,484359285927,49474089377.04745
1669939200,483456458311,491589961155,477089380849,489219570432,44212832090.6417
1670025600,488435338322,492678104915,475457022232,477517468337,35255728739.917984
1670112000,478297071258,488673583313,475435941318,485569727696,35340314586.29562
1670198400,485401449567,495446553279,476743240637,481880049363,47606303068.92308
1670284800,481939481799,487221575310,475247158150,482879434849,41015027729.443756
1670371200,482924936305,486005636173,467233698656,472416018893,42742423220.28321
1670457600,472646259820,486600542105,469341707536,483178429949,42274179343.972595
1670544000,484320035623,489054175917,476877032185,480267026789,39771988234.12725
1670630400,480313863001,488093141909,478246610553,481326517485,26013154718.435993
1670716800,480841868933,485619391258,474791530249,476936719747,27163405519.49054
1670803200,476422553381,480907406669,465719132467,476259678844,41653961025.34743
1670889600,477515732636,493998105676,466288203161,485387839163,61922253588.91059
1670976000,486394247754,494678654043,478141117177,481939725059,51321324606.85182
1671062400,481183284050,484052923520,468374493714,471598377260,40796260341.7072
1671148800,471160848443,475855296961,434847568453,440068608958,55021928864.12688
1671235200,440177033387,449070999859,434160011572,446704317010,37033146358.21541
1671321600,446434184819,451493796240,441174179924,446466107487,24214483540.418022
1671408000,446136814044,450717265023,431083402143,436295440320,36722450627.585434
1671494400,436756767089,453108773681,434779110897,448727158420,42611020383.78581
1671580800,448369275709,450770488651,441587306689,445445808764,30263761493.707787
1671667200,445636676522,451874654694,437673662701,447216480634,33498763050.75918
1671753600,447553869222,451747377328,444225532906,447174079559,30279484279.73442
1671840000,447591058458,450380486365,444861525571,447246743784,18587190083.90702
1671926400,447373343257,452004445480,440535077617,446094389074,24472176097.173233
1672012800,446103322325,451300391911,442953149650,449366037242,24368107672.00859
1672099200,449499536714,452992167444,440621543992,446173401173,30637474028.191154
1672185600,445646419703,447578830066,434525195161,437764926260,35557189928.374756
1672272000,437564398438,442969457116,432147946277,438194593885,31253287952.97203
1672358400,438265542063,440930721129,431438467339,437935040560,31450726780.89514
1672444800,438116028577,442748639843,435088540807,438017026085,27353017107.114517
1672531200,438049005411,441740404796,435024778062,439372580932,20479346110.018547
1672617600,440037900079,449677605098,433759211396,444751015947,26992578178.430546
1672704000,444522654465,448748694488,440565120645,445132421759,25955250055.648834
1672790400,444667498405,460857750266,443333150332,456152385000,39383610573.48541
1672876800,456036667351,458819589944,449689895096,453187792719,36899324446.92042
1672963200,452838808124,460984346231,446459485862,458679199668,32455346538.699585
1673049600,458553923434,461705596420,455100628741,457676506794,31810592702.708645
1673136000,458283923964,471446082975,454860055539,468033179212,20189067920.807816
1673222400,468937204635,487805774960,466025060572,475674984164,50618904372.06948
1673308800,476491767779,485054145581,471447558765,480221231004,49463249361.94533
1673395200,480294509076,495948555808,472972504098,492461801362,40665249711.24878
1673481600,493262192918,506294822331,483257390891,500456570754,58585997192.10888
1673568000,501061502446,517614953175,495008715125,512940839507,67168198693.26675
1673654400,513562148262,553600570909,509223202894,535908496666,108715909794.41652
1673740800,536982181100,544064187989,523339479549,536355846444,58668085063.47424
1673827200,536123079558,552332499878,524038854953,538285789342,63262746388.1601
1673913600,537629667502,549652424166,528393654902,536350066409,55032866788.427765
1674000000,535399823035,549591564937,512326260180,518926512911,55390551048.34713
1674086400,518600893495,533939462839,515857137524,529827123827,71174964097.84558
1674172800,529473746541,562005838729,523851061177,558119994390,45677749150.534195
1674259200,557863269017,567591395035,545644893564,550090482615,80682495083.16519
1674345600,550560625256,567582032215,544185513930,553578824386,57117031806.422516
1674432000,554667121269,567795186868,545817995226,558667563984,64982008103.99713
1674518400,558052677095,569998614009,533052330889,540786973380,65511958140.988174
1674604800,541040937541,566516032990,530424957563,556898346472,66563287331.63371
1674691200,557752757837,567704216803,548182285629,557753048408,74398273348.32016
1674777600,556680310728,568558770167,543804376714,561326232710,62003255677.92912
1674864000,560613100540,568704243154,548452010376,555437524307,57958461234.86661
1674950400,556302429290,579071181050,553229587196,573517520345,50260107260.377396
1675036800,573547583740,577916930769,541040265077,551061510192,65948328945.08371
1675123200,550907570449,566091132008,547252224106,558721580478,58131894873.60354
1675209600,558511331264,577602451638,546072065972,573029402241,53926521032.7547
1675296000,573756585434,594983907599,567657089684,573710628390,77771048286.05074
1675382400,574722989353,589883301556,568580087391,584400040829,72482822198.38803
1675468800,583898362671,596822792050,576645981486,585726178194,58649627445.37256
1675555200,585723435599,592454191571,564695267378,573471886298,48828723381.89206
1675641600,573152031104,584807521841,562903399341,568406429954,60142289929.075165
1675728000,568565685071,592335832324,566030867507,588287508127,58618252746.37703
1675814400,588428587275,598391155285,571768690858,581782887695,72530081278.8949
1675900800,582289893728,588439310087,539828103943,548749683884,77303339697.56354
1675987200,548560119636,557721884950,536339700075,545042656032,82173812178.0824
1676073600,545037508373,556236373896,541310770924,552498830997,53482079860.65028
1676160000,552645079838,560771598360,541057548188,547803774051,38521116418.943245
1676246400,546824587475,553538865816,525628012054,540359814436,67033031241.477325
1676332800,540945203742,559561013231,534153106575,554187937552,54362651280.24749
1676419200,557148500493,594160175787,551934852311,592101429361,76445875972.90564
1676505600,592372501276,608616692599,570467507851,572454810728,86135206491.21011
1676592000,574176867908,602136117153,570480842294,593595009267,94604548379.20065
1676678400,593601712348,605420508087,588279528677,595017810451,80287501470.22238
1676764800,596439090724,612490540764,587244701512,595284195552,51792646972.10079
1676851200,594927066619,613650189897,584959026677,603970039395,85841390942.86661
1676937600,605628546813,612614336787,581906979337,592695777888,75892968030.54987
1677024000,592358599653,597445100425,572453993207,588228767440,76892400548.29575
1677110400,589925864690,599918157125,580529350560,587210838667,73665854085.25078
1677196800,588579578970,594000334733,563536540398,572623196839,60241837113.10454
1677283200,573691640593,576737300964,557033451939,568935592852,63910801308.714966
1677369600,569173938178,585180175548,565531028861,580016014337,41696001382.03459
1677456000,581220064704,589078693493,568708080453,578189107742,44429205604.00946
1677542400,577568439606,583175180131,564291761817,568827937284,55412959340.2968
1677628800,569388680600,593546413973,565843257688,584032385418,58989310777.75313
1677715200,584681357548,591692379015,567639617337,578607724811,53628128568.00754
1677801600,578043709731,580195758819,545049978137,558448386822,67123885928.60156
1677888000,559169378778,563264241291,546289779032,553566698441,40350775830.96452
1677974400,555340304634,566201286048,549916562189,556016224039,37437389669.16557
1678060800,555463285744,561364918697,546227714938,555549175440,37848599749.79098
1678147200,556200931294,563043182817,542546845400,552183708884,41399982489.710495
1678233600,552928258397,557886628681,533774744479,539014844058,55460193617.67799
1678320000,539028899162,549105663884,507303425301,516845391796,53943135410.767715
1678406400,516568457974,524547641350,495489331484,518006039805,93091591910.87297
1678492800,516507821715,538660404876,497486182939,523645820050,132484165127.92567
1678579200,524441654461,560349912345,514876073685,554081073254,70524884853.09015
1678665600,555287833577,586187288149,543257769239,573659599889,110182738712.97656
1678752000,573390542607,606730105480,565388008166,583805538508,115795436374.74521
1678838400,583410028442,592946962762,548805418696,563627591981,119043132432.87444
1678924800,563518947556,579856629729,556412265811,572778184865,96435154401.96078
1679011200,573618973393,608869693295,568004423964,603751369073,89724551271.02736
1679097600,604474468014,619790687035,588134735841,592415255513,90633945777.5547
1679184000,592860738585,615674878117,589319574188,599617300926,67145847374.015656
1679270400,598785976368,612481697904,580383718647,587057529880,92922227455.37402
1679356800,587648566587,621545065060,577344094996,609321546677,80120165477.69077
1679443200,609449782623,621197226613,579313570925,591900016635,77506586968.26607
1679529600,591920870938,624882996169,583597684178,609502691951,86438401970.14926
1679616000,609550227122,615441132223,580034427118,589882158512,81943647838.69048
1679702400,588718618986,597686946279,576206888963,584930081430,53973545433.44089
1679788800,584953171482,601614636200,581516911909,595127606435,41955325662.851425
1679875200,594447121353,603459787509,566092235022,576919524083,41880623238.77434
1679961600,575965869222,596222264169,569549372066,589840834724,60017764108.34558
1680048000,589795585919,613370378342,588076182691,601638382149,61557690973.59708
1680134400,603408707753,613629639419,588610930200,599190926190,63165020331.129906
1680220800,596207075129,611307397528,589000687453,603093932534,56021372405.87441
1680307200,602823687762,612116233196,593847446576,600846606667,50007494659.352005
1680393600,600982444257,608225470223,587934100844,596256130891,36398665429.09842
1680480000,595317618516,612441818651,581114721383,597920577892,50701717611.622154
1680566400,598457125392,616761587345,592946850819,607402439329,70111992178.00383
1680652800,608224210719,629677250275,603256818027,614790517266,55513755496.98822
1680739200,614804429985,620633443240,596264899846,601914993158,52980093640.13233
1680825600,605753728403,611247677996,593513817840,603089246043,44969754368.04469
1680912000,603192873056,608980743664,594818103930,599702585358,32029414294.046455
1680998400,600243638463,606825762058,593671166834,602752611547,34326299428.017967
1681084800,601909249787,616672029681,594739229319,613577336146,36145983340.29271
1681171200,614022726789,626488114531,605358047052,612596939686,63906199637.3988
1681257600,612764485415,621498152700,599998634914,614648571732,57134268297.01893
1681344000,615189664915,637423955142,609439308220,632993343383,66200050844.81726
1681430400,632504029756,659717244538,625913301788,648433731537,74660492879.11165
1681516800,648315379726,655862446499,639240618598,649063501543,62445646143.95746
1681603200,648421064399,663576935381,641403324626,656841234568,43759735472.18423
1681689600,655868415321,661157658024,636912003277,644102964904,61872123257.645256
1681776000,643930021868,661183365999,637718163444,653788415188,59457368194.767555
1681862400,654030584218,657053751582,605799810771,614656061372,74592864382.10394
1681948800,615978148339,629167141562,600870708029,609825952409,68476443033.4702
1682035200,610137155355,617011146006,582085830966,588955290669,67224391143.17031
1682121600,588669679881,602715174486,585200775612,598921009272,54342113965.10976
1682208000,598705134341,601590337329,585416847495,594813791418,38756759927.37595
1682294400,593711516661,605035280863,581016175854,591007313244,45761634141.59729
1682380800,590544134418,603634946382,579733375519,599160297442,46934171426.54004
1682467200,599280724941,621225421091,574514832254,594134001083,62781246302.43059
1682553600,594232829419,611376939695,590737748370,602203183226,85003078126.60095
1682640000,602218074968,608633040855,591809471143,599823203073,59009355233.13012
1682726400,600253910127,607629849278,594839866784,601327182160,38400475923.26123
1682812800,601469260877,612448700746,591540436027,596819782797,29390592956.977882
1682899200,596790550773,602330519399,579117730526,586400191508,52062466084.97697
1682985600,585739403272,597432061173,581109718277,592913198022,43654383868.64054
1683072000,593186033128,608051907549,582009136430,600051159007,45920916012.57889
1683158400,600524375024,605849609726,589184616708,593167547344,53664520983.10101
1683244800,594148963868,618082256893,590519672739,611878192841,43237084507.59141
1683331200,612402419477,617893148054,585509808520,593760013336,55264370608.78996
1683417600,593813205837,602447468929,587067811319,590114722901,41360743114.021454
1683504000,589292965576,594125659958,563445564959,575833156671,49251215030.762695
1683590400,577320745724,583515319911,569010583644,576359386525,50229667776.63611
1683676800,576338548507,589622075220,560912455643,579678991122,42493984375.264885
1683763200,579826715356,582224440263,555991896090,565831363861,57469820462.44829
1683849600,568063344105,578145027399,553424184093,571727008829,53920908111.53785
1683936000,575442941878,578169010318,563106714722,568112230072,41124543369.10968
1684022400,568293795652,578132076147,564167328398,569329635958,25492413291.51874
1684108800,569594549200,581139867399,565295939951,573121547199,37863947903.053246
1684195200,568170678215,574024040561,562176786448,570213486263,37833743403.76282
1684281600,569526999833,577525945956,560105829374,571779599201,38863169478.79282
1684368000,572035265989,577155883217,558774162547,567032193776,41208357029.38252
1684454400,567084252438,575090033222,564664223121,569835805262,38649866413.36041
1684540800,569954460128,574610812062,567056109623,571937780481,27469588223.70862
1684627200,571426751212,574776269108,561880939341,564496157618,22858604193.241837
1684713600,564554517255,572198105383,558748637158,567092898140,29425416263.433548
1684800000,567399844935,579256792302,564816854488,573834837190,40700699086.61508
1684886400,573569920462,574472370581,553188914550,559922455127,36792689471.39555
1684972800,560318443593,565223501410,549112844009,560399474101,46112150290.431244
1685059200,560820830975,569751185429,555760817247,565383962022,34947041965.3896
1685145600,565294895711,570321716559,560893779249,566901770780,29549425299.435932
1685232000,568638840630,586881807034,565441872452,582085971309,28666778798.93638
1685318400,583008243648,588489200669,573194440138,578771636360,43772056129.7906
1685404800,578700762659,588408775968,574464857207,582122547098,37584079943.475876
1685491200,581554145327,584682881285,567630390500,574197741447,44443799641.56074
1685577600,575389383964,579606047685,566289084153,572222407514,41050237498.609024
1685664000,572039132693,586125612322,568519977561,583213126133,40176611602.32474
1685750400,583247868969,585917287526,576989986129,580908288015,29980238657.321053
1685836800,581590833560,588997132282,577274232837,580858751313,25389654689.33641
1685923200,581338998430,583435264633,544654235281,555740613910,37494079058.87552
1686009600,556055184406,575227564897,548876184152,569511528364,63293557952.14908
1686096000,570125748097,573534135883,547537674594,552269955987,63539806766.58725
1686182400,552671781665,561389875773,548639737403,555243091261,43723560017.81619
1686268800,556002329531,561069761581,545345920246,551486624812,33021004359.246704
1686355200,551166344229,553182710043,499517977242,520766300397,68940371879.65463
1686441600,521214489455,528968699579,514330960967,520583562736,40451284314.0268
1686528000,521512637278,525914956875,509625257054,519304899939,39773961507.87627
1686614400,520150578249,532409708612,513421957529,521472705016,44018908298.748215
1686700800,522407862308,528081576143,497234421854,504727632564,33786195420.448143
1686787200,505028403686,512640666666,494638835994,506646271398,57163249687.06123
1686873600,508141412157,521080110984,500935732518,516116176839,38696736841.429596
1686960000,517219548537,530199177909,514220609599,520666496988,43626932384.690796
1687046400,520393197222,526404069219,514971782363,518256749526,24301497574.593906
1687132800,518489902581,525155807411,511913480557,521450156527,26758657035.366257
1687219200,521521665554,534738887972,513080621306,533250492620,36969242921.96619
1687305600,533670015150,556494981372,530764434526,551804826278,66564190124.954575
1687392000,552333522569,566528154706,544079494637,547995506527,75237466692.11148
1687478400,547981458794,567096296542,544547072666,556547138424,44249836262.145096
1687564800,557001431585,562560887427,545149707022,551650016551,58559324276.21038
1687651200,552201836470,567123055702,548414753099,556796486148,47162799499.40614
1687737600,556618581425,561788626274,541736732377,548744965974,43015179343.72177
1687824000,549113118714,561227188365,546159702768,554874569262,49382262566.71739
1687910400,554610690740,555981787509,531041844082,538467776198,46675710826.028595
1687996800,538160106821,553139355270,536657479122,545341899631,41697163333.47195
1688083200,545999490628,571324046862,536421899930,564433905494,56673421112.78151
1688169600,564445033930,572779379381,557507112778,566376969799,76881743240.84361
1688256000,566603895775,576166586991,556097684807,569043617644,34876170475.7835
1688342400,569422527317,581205305907,564512978712,573032961983,47513259343.01914
1688428800,573520000005,579034302167,564871041017,568075907882,47237513261.52222
1688515200,568130569349,572807332981,554356996203,560946049438,42199259447.9685
1688601600,559831094377,573180587653,544994134756,547047942513,49753323231.332184
1688688000,546752857948,556725183489,542385668097,553792250529,51553044367.90086
1688774400,553201515185,557269176456,546923245492,553408136556,30903681550.453903
1688860800,553781968773,558073075218,549092038146,551906273233,25447078079.583443
1688947200,551830844175,563806697395,545047124002,557203264961,34381250073.83531
1689033600,557268229487,562023213826,552456743026,558149460234,41310601203.168785
1689120000,558095830254,565600684813,552092632304,556542123336,35707991400.85904
1689206400,556779332370,620404838209,552607486549,608198520039,37808942045.83855
1689292800,607329498892,621106431534,574340710572,588470976106,108814554024.61382
1689379200,588509971110,596816963821,582521164599,588525614670,65598268934.098724
1689465600,588316672144,597130209696,579109145578,585148093952,34025717449.59845
1689552000,585180233789,593304412813,572356276664,584099703455,42369951434.57363
1689638400,583892385742,589825507668,571495795282,580381148953,48529583440.567924
1689724800,580267059169,593615146156,576127827061,583556130608,41160083578.72204
1689811200,583332162539,598317822856,576709686511,584153443047,43912443712.342926
1689897600,584511430770,591821108419,579384170218,584665354052,45311924967.49958
1689984000,584349634810,589637174821,571042639655,576439408813,39924233230.24121
1690070400,576741876072,587420396537,572541874027,581505542513,30122579718.118336
1690156800,580902731387,584114842737,561300277929,569271322573,43013592060.70964
1690243200,568746329867,575688862356,563324543587,570961494106,36949897206.58881
1690329600,570735370453,580848135239,565086706629,575007393756,36672551067.585464
1690416000,574847464478,581470729889,569530291266,573848006643,41833693033.43709
1690502400,574734001671,581234600484,571066823629,577004019155,34243221646.62656
1690588800,576476501105,581734918173,573481268423,579359883839,27273984868.97135
1690675200,580681884062,584577906714,568614257526,575537537365,23950702186.382584
1690761600,575981366393,581946045198,568713509214,572785532911,38103174075.51624
1690848000,570982414742,577840742932,557706699683,575747995888,45565058624.09445
1690934400,577652007208,580629564259,560507917530,566674673635,50811000783.02344
1691020800,563157353871,568203131182,555968557636,560343594709,43731901252.546135
1691107200,559430288590,565228493522,552007786300,557234486738,37836441901.61596
1691193600,556862195004,561259956949,553004945353,559106034302,36038913795.68733
1691280000,558965336810,562723993806,554685100767,557664174464,27205891246.159744
1691366400,557885091868,563266383150,547990520568,557414878003,31878985078.27137
1691452800,557367346647,570628624345,554561653085,564489602644,44278128361.522064
1691539200,564798956309,571500943582,560031535066,564705537674,51839311231.36856
1691625600,564730019182,568416041849,559293229762,562673212033,39844647580.9483
1691712000,562640664728,565473084338,557631810806,561832741840,31708030389.755222
1691798400,561377247920,564821583911,559307795421,562156122105,26417956875.57721
1691884800,567502247953,571807940216,562484029338,564696596900,22139045899.39804
1691971200,564404412311,570607708591,561963733000,566653261888,33914539338.036545
1692057600,566443601415,568466519512,550161631119,557450256859,35209121116.34325
1692144000,561191804413,563508220228,545279149191,550506442140,46405748648.010895
1692230400,553212721791,557094709188,492723180236,521709477712,49246669470.005615
1692316800,524015903725,532019068931,513539499993,522941444767,98112415670.67949
1692403200,522771271303,532675592250,519901800529,526732805220,46993966461.05492
1692489600,526788260573,535132547872,523899600684,530471069797,33648325857.4212
1692576000,532669040777,534488648617,518750959452,525943801256,35312924383.02394
1692662400,525923458801,528047727402,506717851456,520146074509,36233793917.59831
1692748800,520134840347,536034632491,517694826945,530882891496,50843273891.49698
1692835200,530984948873,533509106787,519916235786,525976938449,44650528211.23105
1692921600,526055643267,529880171893,517855620763,524384539136,37780691507.99931
1693008000,524599553905,526452818707,520999629619,523188860851,33156562811.850655
1693094400,523290209204,528278876527,521508182177,525823780126,20006480675.504395
1693180800,525759569688,528430222129,516704120027,525146239174,30859672975.55422
1693267200,525181263788,550020057881,520068625776,542948851496,30608105698.620724
1693353600,543126535881,544400951964,532202829469,535818429876,75349285917.25848
1693440000,535783065252,540110398283,516371563762,521767467546,39404687467.13641
1693526400,522501435399,526253227188,510926646780,518306092389,48752271323.60198
1693612800,518296102524,522656558079,515661945651,519478787135,43058891486.43869
1693699200,519488663361,523040663708,515867772475,519520723041,25324085531.822422
1693785600,519514841385,524043653052,514435959728,519235373855,30196634011.92116
1693872000,519133121415,523655325960,513416252631,519866493869,33442188442.3266
1693958400,519603456984,526538547791,512088976317,519671304224,31099073725.084785
1694044800,519740960733,525920569924,515953039273,522948677980,35548897132.24129
1694131200,522855991288,526082801382,514737723730,519815692785,37968963385.61095
1694217600,519948776485,521426006844,517633432445,519496879779,21427426900.499695
1694304000,519512943773,520011515044,508016926532,513065330446,20709987524.295345
1694390400,513071388210,514342302635,492929819217,498881548886,35054523273.9337
1694476800,498778760050,516142083710,496860090850,506906257091,51715050303.326614
1694563200,507067339598,515283364173,503559078991,511107387944,40109122148.86727
1694649600,511041869252,520149355600,509508578885,515659916527,35183342286.34545
1694736000,515667723115,525061292935,511799422574,521162436232,34976758067.041504
1694822400,521263708243,527210092020,518048166135,521928856117,32633093815.363514
1694908800,521970456904,523463087065,513942010566,517435908611,21606542099.771034
1694995200,517390691709,530902266375,513408906987,522359758601,33852518130.679596
1695081600,522307309372,530926243259,519768676920,526371172825,35869954911.83208
1695168000,526902621345,529822872615,517692074690,522910684994,35190375659.45996
1695254400,522977950018,525308122217,509937780203,513914451511,39885755752.3255
1695340800,514238556154,519144542814,511292142089,515982270610,31294056233.97973
1695427200,515968302389,518651869741,513608821127,516076716871,24314439673.489426
1695513600,515998676854,518510425552,509127662350,511511144056,18727424805.65751
1695600000,511367427400,516899724855,506936457590,514018468479,31687909501.244656
1695686400,513927339531,517300551832,509360755694,513620634164,29892388060.87153
1695772800,513621809319,524882181800,510003715944,514623580637,33186653730.27807
1695859200,514471435757,529299964666,512942600107,525609970307,35009960266.906845
1695945600,525718270306,535649413995,522708023644,528682267668,45775574764.71936
1696032000,528214169208,534900218672,526255008364,529628825063,48759708803.20814
1696118400,529769671282,547450772079,527607126385,543061105770,37377883964.4183
1696204800,543271230757,547773864121,523563632467,529415865340,48108945826.31088
1696291200,529467314112,535773192513,523280642810,529152983812,53257423586.5559
1696377600,529334691006,531732480786,519537630527,527496866373,42828385104.013885
1696464000,527355843779,530674593292,518638003556,520960151773,31559462220.149723
1696550400,520986458397,531936172389,519402870219,528052335204,34306676666.435005
1696636800,528722153869,531265015507,524316452827,526240502350,29400542705.107864
1696723200,526285229623,528778117758,521112971455,524994025276,20216376043.930172
1696809600,525070170608,526494137428,504025792945,511819551988,30084195200.289726
1696896000,511757392223,517000589644,505453031234,510150459494,33717424686.452026
1696982400,509872575705,514731561412,502417427846,507851184448,33676486179.030518
1697068800,507784575318,509322244633,497379992251,502435949219,32416279740.829575
1697155200,502323504089,510665988643,500620973435,505538905657,29090646882.972855
1697241600,505613375785,509393098754,503839250026,507035775616,29576075810.616695
1697328000,507089292241,511751544789,505266886448,508767415446,17728216575.213737
1697414400,508455361029,530431796916,506798158448,517647159189,44496681143.648346
1697500800,517802798001,519905799306,506079977851,510801763953,56011149687.600075
1697587200,510969421710,516641713118,506542876466,509244419021,49895979372.891365
1697673600,509227723020,516545105733,503070776393,512855324751,45934191243.175156
1697760000,513161731417,529275964385,510704825662,521700855708,61733407219.48554
1697846400,521977570657,535651191871,519219065553,530889175106,43562797592.80101
1697932800,530922863582,540653178057,526278729034,538208671563,50846025287.03454
1698019200,538164641176,569280080675,535136160072,562164275752,52965432153.69404
1698105600,562504975419,584027865943,553295754295,563805248380,114435923170.35962
1698192000,563383566353,576149726332,556150754053,566452418342,76010304129.34677
1698278400,566830006126,584558489863,557469998126,569327808150,71344011139.25595
1698364800,569312453924,573605754412,554883442358,563915768421,52582235983.102684
1698451200,563807083852,572522995021,561196280070,565812043285,45396376165.94325
1698537600,565819268342,577093796253,561440048994,572459528338,26985272935.236023
1698624000,572910194277,584294200586,566894234444,578700597622,48585274647.723145
1698710400,578624354242,587696734514,567316412000,580498603543,54967908554.132
1698796800,580411581341,597216347036,569904585327,590943595569,52428238671.62444
1698883200,591139048106,602701319484,574942659080,583987327018,85182364754.72614
1698969600,584234793087,592540990253,573754480412,589060769809,65896434825.61641
1699056000,589286229938,601283175637,585757036606,597142695859,47845063503.72484
1699142400,597209002406,615920478979,593215965386,608888721762,44767026429.89871
1699228800,608904288601,627346509048,602349919417,621526800026,56131858800.09744
1699315200,621494435277,626457561104,600185082963,614625127111,63917832617.83517
1699401600,615392117369,631055826741,610588634085,621079671054,61618511099.06941
1699488000,621111153524,665884516658,604005750115,650833789409,80832128728.1218
1699574400,652748071549,671450279525,639485720984,658346924945,141874498866.11664
1699660800,658662404457,674139099881,643377536123,657773805406,86081964112.08835
1699747200,657959485726,670880979717,643676208635,659739412992,78185672666.59428
1699833600,660916486420,683416282047,643936359775,650620736328,73344920734.0515
1699920000,651003034351,663880655934,621547559726,640550042140,91428929661.91736
1700006400,641228785744,672982769722,637154736292,668565087127,97433481521.6679
1700092800,668928537456,683804091531,635562775025,644378706075,101438206577.04518
1700179200,644324373068,658658405979,625781718471,646476044872,98757789793.4993
1700265600,646881847841,651570840292,627114929297,645558663747,75033025787.4232
1700352000,645688372987,661312259915,636679644523,658377195221,55527681354.44951
1700438400,658608191440,673523764260,645442716474,653953266876,62112172652.80091
1700524800,654293505012,663836522523,620148789480,622146904013,75145725958.05829
1700611200,622556652783,664736905751,621193177645,656742390637,103882422667.56696
1700697600,656852310219,666612203487,648797833972,656882178035,76196082190.682
1700784000,657107612552,674666613544,653876872777,662268593697,61338461268.96317
1700870400,663041404046,672391087477,658379892520,668247680351,64086779867.74465
1700956800,668013508345,673055887752,651882403307,661922479757,41866569976.60202
1701043200,661910138004,666979607897,638878562657,650723307943,72361514518.41492
1701129600,647322878684,661160653851,636575907397,654526109762,65273200322.960594
1701216000,652387577711,662464752059,644224170918,649515595700,75903355887.01811
1701302400,649721707542,658347971220,644682186694,653375454366,62645182888.6447
1701388800,653792875459,669062693017,650082371331,662672305804,65474362160.547714
1701475200,662948755304,684761460155,660900045794,679961056156,52182738580.94696
1701561600,679871567128,693140875532,672251223699,683215010910,65327694951.519516
1701648000,683268777546,708081365789,674148057621,695176619825,107108408265.95874
1701734400,695481258214,711879609924,678711941423,704251243937,102927057174.7998
1701820800,704346792162,721862849743,687531413160,697268697711,129284715330.42183
1701907200,697349424934,729657717273,689563544579,719606374553,91767887560.9396
1701993600,719729843872,746582763366,714879283728,738144215857,100349078061.53055
1702080000,738543833193,762189201909,727535151425,735330856984,98686043945.57724
1702166400,735660041802,754649803657,727790893812,745820924875,74978682596.92255
1702252800,745067409163,751685260312,684407024850,713474793826,106997460140.52109
1702339200,714193932760,733618222891,699442212061,716232217542,111730484250.57278
1702425600,716864584101,741909754413,692833282206,732674605598,94403344601.78375
1702512000,732910129025,754964853987,718742884323,746024860228,96539616221.54779
1702598400,746640485482,755302183989,715934823588,721435926572,96374887156.93063
1702684800,721988517700,747221275405,715693787299,731374548157,75882222975.389
1702771200,731137254528,740877968987,713575422110,716439159824,65165654044.33093
1702857600,717303925473,730085051643,687892931272,724654141685,83834371829.37854
1702944000,724944001750,739997552859,704349476609,716506038523,81758040557.80013
1703030400,713078882520,745780268158,706992550158,729788370137,80920240971.33456
1703116800,734999781238,767615674649,727362823284,756757572628,104747440993.49716
1703203200,756680854616,784027161688,745013542241,771324028949,113585363868.77065
1703289600,771660654082,785245522745,751657601470,776523640108,111528966595.79181
1703376000,776804910848,794336187020,758210344258,770205179629,85331337849.21167
1703462400,770130246564,798130107164,762258678788,785988239837,86351767272.18253
1703548800,786233004171,800754100651,742992306435,776743294798,105904469080.3819
1703635200,776490801584,814436963255,758463181677,801762989041,108946441552.64078
1703721600,802458676769,826479142192,781036507803,790575404457,118374180114.98254
1703808000,790440265687,807842519429,764860555216,782913769214,102101552588.75665
1703894400,783211956078,796145803973,769280851846,780935901308,96366286318.91731
1703980800,780755540120,797880733471,765612137276,776938667302,61187710615.356224
1704067200,776812280130,804396184472,769185617090,801061848272,63918819171.903145
1704153600,801463734197,826770719061,789536964025,796346429650,97168985307.99942
1704240000,796676361724,815588756817,699761200738,755011923155,133619335818.57861
1704326400,755937790030,785748615146,747440873161,774496837871,125281956682.68456
1704412800,774738169878,781123877480,741830721877,762995264907,100784652224.26405
1704499200,764358891857,766641446737,734754225537,748393666201,79648657331.29297
1704585600,748620826074,759225040459,728406884673,734802613185,56007129335.4825
1704672000,734887576314,775688304659,710403737924,767977690412,89069879228.22183
1704758400,768665521396,782778608474,737436318657,762851510794,102515095355.05449
1704844800,763246191683,829026138657,748904055841,813553192468,121840962215.82877
1704931200,813588609720,848081491525,802016609778,822006067584,172369994884.58014
1705017600,822454549555,842423060543,771375375717,791628361331,135010877188.35156
1705104000,792101045922,811785271775,779342003235,805453496237,131067045909.80229
1705190400,805499195698,816900444870,781569489471,784384569899,63991794509.34926
1705276800,784552281579,810598494845,781449407238,795997946536,76725312954.74216
1705363200,796267346735,815040744980,789417922030,809137294387,74848734437.7762
1705449600,809231471266,816791459711,789508677308,799749094531,82679796795.79196
1705536000,799501516210,805829964594,764610903989,776994090587,76029344357.98341
1705622400,777299782128,787097004570,752047254959,779557566218,86644391123.70518
1705708800,779901718934,787184212906,768221593561,780395425911,77554087962.75607
1705795200,780776211832,787758359678,772585730234,775081251012,42219815235.31004
1705881600,774734369410,779406787518,734137212849,739368125590,63005085729.98204
1705968000,739471883436,751393809915,700170542392,727932583132,103392780080.77405
1706054400,728709604250,740861005736,716779119241,732421641758,88495058910.6914
1706140800,732506476114,737547548382,713849773768,726578943538,66176099303.15402
1706227200,727226654769,753196553807,721296728770,747179325859,70417954463.44019
1706313600,747102737884,756533528581,741036965777,750783428352,64517593278.350174
1706400000,750899833947,765572544437,741847598022,748857097280,51100628574.64725
1706486400,749481081765,771695905338,742702367315,768039869597,52975524066.6402
1706572800,768069639748,785300135012,756925561472,765604854946,77826124460.0836
1706659200,766040858026,771949256324,741835596307,748719611339,80817472646.9929
1706745600,749461674347,759985889745,735659679870,755743467187,84903511175.6273
1706832000,755806048096,769918265689,750160245616,761903156579,66673683791.40635
1706918400,762422097952,771218442186,754171498919,758245761046,52946469992.46795
1707004800,758386173534,765207497710,747028211890,753123557737,38615686306.75929
1707091200,753745516006,769377265283,745515921442,756031015893,52174465558.56712
1707177600,755476844766,773016381629,748415114263,763989268641,60616657513.981224
1707264000,764218418820,785528780923,756573937108,780215309185,59296301990.156006
1707350400,780849277476,797021877845,775824417720,784786151457,77431789223.15015
1707436800,784936400663,813783997932,783736234131,804265991533,92371516240.35132
1707523200,804574445100,818195684969,797257191647,809245550716,82285971229.75778
1707609600,809402321538,823768662575,803400917733,809604303084,59147308258.720215
1707696000,809801778798,844587846720,797047081048,839517938649,60640411964.28552
1707782400,840055254695,850429993216,818686119075,834535619412,116780908096.37822
1707868800,834689596376,871094340129,827590936766,865364213033,121821848510.95789
1707955200,866295085121,896298635617,856160193024,878212553267,118342188292.73346
1708041600,879590554081,894340581881,858318532203,875594470696,123087504302.36948
1708128000,876404027989,883615913624,850417576038,872101290086,91543702081.72108
1708214400,872043858758,899773688276,864615962739,891236707623,94138574349.77913
1708300800,891717297889,919055512202,883814284642,904696694073,84383589768.86816
1708387200,905019380482,923955733538,874025097102,908228770631,103006054510.02489
1708473600,908625476794,916507719861,866344510132,897086670860,134231935620.83502
1708560000,897803768630,917915448508,879512479107,896392565933,114603579161.79585
1708646400,896682084501,910057098350,874682829824,887725383709,95977452762.70844
1708732800,888030583973,915084813327,879523193586,907572534963,88086518360.4159
1708819200,907636873148,931110170262,899091820918,924600417142,69891889851.22714
1708905600,927919462837,958664078463,907169398587,951076656516,83186251521.86266
1708992000,951598552488,984091448497,939635110465,963954474694,157376613231.1801
1709078400,964343929712,1030576453358,937867477040,998236140570,153021300095.17157
1709164800,999514418923,1053315421038,974536837787,997176550497,273467802019.22302
1709251200,997987748003,1046494284973,994667280185,1033463696841,172486872146.13885
1709337600,1034190588407,1071503374683,1021841354082,1056582591382,161550455341.44855
1709424000,1057085432481,1082426911125,1013838654015,1064964847630,138554143166.09772
1709510400,1064825037408,1121404274065,1043429299520,1100495838622,170121901252.15906
1709596800,1101080308666,1163106549368,952609504788,1062058836875,282935668409.0893
1709683200,1062349567405,1156685033829,1036048191966,1126483302781,380038428870.85187
1709769600,1127060819844,1176820590095,1101619084651,1152070668448,209630036038.00632
1709856000,1152696674194,1197798226138,1127958246624,1162835991130,178927837055.91153
1709942400,1163974450853,1198018584030,1154592318331,1176699830990,209065865692.16443
1710028800,1177164863179,1208226907850,1139583764325,1174196485599,139958565086.22778
1710115200,1174795882976,1239950260383,1129304176938,1223221981183,206194567456.67523
1710201600,1223644540443,1250111693466,1154707059743,1212691910133,206862373894.2197
1710288000,1213193785684,1266995339207,1193328231835,1241059696345,222475727283.8519
1710374400,1241877262709,1270743695955,1164395769435,1224073465187,193865151147.91656
1710460800,1224207732743,1249337102285,1114934188861,1192916957220,309882843544.0563
1710547200,1193401194318,1218282373043,1102546181516,1123005383353,201989411632.3219
1710633600,1123055628134,1185885051596,1087338805262,1169014013203,217351220440.3929
1710720000,1170217853134,1190479729695,1109820999517,1135477190546,173710150371.2631
1710806400,1138032291564,1153195106066,1026148918712,1044593458864,261376578219.50128
1710892800,1044499562757,1149121768275,1013034867139,1140962617589,223331637636.47034
1710979200,1141049968262,1168668435805,1102354458557,1129083932037,207281056152.0709
1711065600,1129351666053,1156378649148,1070451129926,1101534532787,155805394134.0024
1711152000,1101752478120,1140383007663,1084012755213,1106534556423,136232917081.51218
1711238400,1106539783622,1155437073410,1097451433868,1146651399590,97845333421.32278
1711324800,1146876545858,1206659610940,1133762091497,1181428571081,114926641372.59305
1711411200,1181703064632,1218244519963,1162222785344,1183968694564,160897369103.14532
1711497600,1184093112927,1211637489060,1142373356378,1164881887972,145580163832.1144
1711584000,1164928969760,1204907653485,1148476411622,1185243025647,172389677737.44916
1711670400,1185400876644,1209318978509,1157025410711,1184081895907,126670813737.61656
1711756800,1184345143436,1206598472858,1166264793418,1177460414169,110153803923.25876
1711843200,1177525484983,1221872068953,1173190284796,1214225318537,84228234637.3736
1711929600,1212755171067,1221279678821,1137605345963,1166873643157,102366165836.95071
1712016000,1166869412886,1171295272274,1082106017090,1103387651484,102366165836.95071
1712102400,1103504994655,1135992878419,1072810147551,1104587093767,102367072981.88132
1712188800,1104525196764,1151868587501,1086578638536,1119325478107,102120929457.36191
1712275200,1124573602131,1135230279567,1078777413625,1110763208750,146471285620.8533
1712361600,1111303947756,1142355414489,1106066158688,1129187288473,106199858256.67499
1712448000,1129459093611,1159842391740,1122505408501,1148501762526,78406726255.94034
1712534400,1148608902640,1211449027959,1132595518025,1194649001011,117688702218.29044
1712620800,1194279798862,1208060957149,1133284046324,1148194267476,129790057072.98694
1712707200,1147906591527,1169792728900,1109913173307,1157220201957,130539656797.6162
1712793600,1159862875090,1182844471514,1133299772319,1148827164818,123775773793.65643
1712880000,1148960411668,1169490594083,995235010079,1055459872362,105776069833.34511
1712966400,1056137491375,1074245369200,901338658205,976587774546,202579200476.56488
1713052800,977360483699,1037084727008,946312912532,1029022877676,263452337686.2389
1713139200,1029245286430,1067317695263,978216929390,1004084983727,166635532298.95047
1713225600,1004331022546,1016037592391,959161001445,996295957888,169207771662.16687
1713312000,997307640643,1014189520639,948555496367,972470122761,122326735614.44577
1713398400,972711186382,1009693246041,955758173072,999571307156,143851098568.03644
1713484800,1000305397931,1026111560287,940449245135,1000760864740,157635224500.82895
1713571200,1001532949041,1051038839628,989581993235,1044907825557,98224527850.94815
1713657600,1045385401640,1060827002038,1025036710646,1039876099057,87337032809.56772
1713744000,1038820738611,1077115715962,1030823135529,1063592919335,92980210694.75111
1713830400,1071162506910,1093585228428,1050215825229,1069590598493,93110632478.79607
1713916800,1069355862243,1095656917894,1028772420311,1041330591970,106442858992.64465
1714003200,1041182748479,1058726534586,1016131941503,1042037559437,125955348441.20602
1714089600,1042082008365,1050828031207,1018854580177,1027408636368,101169590490.90012
1714176000,1027726637975,1055756758211,1002480489195,1044603170947,82094727525.25725
1714262400,1044684214549,1070547021173,1036125912535,1041695191547,75319683440.04108
1714348800,1041820913967,1051969973005,1005906783707,1033460945095,84904967557.95996
1714435200,1033241176262,1044982741570,954360922811,982604612180,107334827458.67645
1714521600,982338146169,997650566907,927192527829,980935725111,139015861571.4287
1714608000,976084738405,996168595371,949730833088,984575628824,125312392600.65747
1714694400,984612999057,1031594540450,976814502683,1022731315433,95367059550.2774
1714780800,1023116158333,1047842244898,1016954988991,1029375041457,99027355301.3223
1714867200,1029587126343,1047824352903,1013824769689,1036393560297,70371532407.21915
1714953600,1036439697704,1069503478131,1015027322665,1025066084580,89168970489.0849
1715040000,1025047349616,1047315034332,1003002962403,1005663588864,96165855040.60054
1715126400,1005847858345,1020533292820,983350925943,995803366869,87232176330.7667
1715212800,995697916982,1029332596438,987641409015,1021492969632,89132864540.31903
1715299200,1021533056699,1034656705577,981179279379,991949533570,85902623256.4155
1715385600,991930847348,1005079491181,982344738068,992113046765,86283032334.5918
1715472000,992225440110,1004957789890,983898304626,992607890904,49206531199.111176
1715558400,992690474433,1017768011552,967805997044,997510853633,82548582038.29494
1715644800,997575049270,1006157510022,967644560113,974211674217,97114838056.5942
1715731200,973799944561,1029115870224,967336992639,1022769027082,108211739316.32358
1715817600,1023333398531,1036779592600,995289908649,1009003317483,132519335076.85643
1715904000,1009225035694,1054497375854,1003799502550,1041944663762,111634264364.86502
1715990400,1042323008484,1059046021689,1033835793489,1046121074979,91755344925.05379
1716076800,1046252147674,1054190112450,1020389919877,1027963126454,67945906050.11979
1716163200,1029163807365,1148323217674,1019632759443,1141315841929,85071026107.9213
1716249600,1141585931385,1180741157148,1120849321562,1156168760485,167555291646.8203
1716336000,1156259841022,1170617890538,1122737919223,1142757835457,165280871028.27307
1716422400,1143061954237,1181192434627,1086653994927,1138803307164,153939031821.4398
1716508800,1138699688259,1155621134649,1100690199371,1129963544343,217770865451.16614
1716595200,1129832949250,1150183881863,1123890961440,1139903400586,103698517178.1734
1716681600,1139920236898,1162106661187,1123965630993,1141077950631,76775826143.75339
1716768000,1141062605585,1182401504174,1136999847833,1162558431023,105048052828.61035
1716854400,1162705501086,1174333659275,1128838048130,1150939510850,139592367178.83096
1716940800,1152306252826,1169435107249,1128658340067,1136261433596,131694573645.65915
1717027200,1129276141499,1148002449770,1105533829360,1121942515838,121105161803.00845
1717113600,1122112626179,1145537178144,1108672005020,1122720194924,107778894093.0272
1717200000,1123034235747,1140569593775,1117491949632,1131650016549,91091749075.2985
1717286400,1131755046004,1143905805570,1111695088554,1124395464746,73073532034.49535
1717372800,1124461201171,1152886262756,1115342949612,1129661440079,109123787892.01083
1717459200,1129794574555,1164290943759,1120215309183,1157004730019,105524808803.93034
1717545600,1157177404871,1185051816583,1149204094655,1171283039301,132369192598.24127
1717632000,1171853534044,1182827370771,1144308877275,1160854056688,107356360322.90343
1717718400,1161365958114,1175936533801,1074435894892,1116427096733,114853934951.24464
1717804800,1116387800925,1127948083948,1097555429913,1105339809274,138515235576.65158
1717891200,1105409386228,1121599691330,1097232321036,1114025516464,72926644524.38484
1717977600,1114226289620,1120513527258,1085369958202,1095503148477,79757009327.49649
1718064000,1095222494364,1098785354314,1033141281232,1052077712393,118037905241.38863
1718150400,1053325770344,1107202992700,1038663712033,1080642940746,116971130007.03662
1718236800,1080950688823,1083363079931,1038098031922,1048185061395,123298936015.75296
1718323200,1048120471332,1066864021632,1014051465166,1041857205133,93797593280.34624
1718409600,1041869352755,1067246062040,1036869469824,1057637116427,98052442444.97528
1718496000,1057728930510,1078648182179,1047017780844,1071166526054,60040713210.633934
1718582400,1071182064225,1077162360369,1019028340740,1035595461329,85788222568.94382
1718668800,1043194242836,1046492296794,980362403662,1018981142786,137153867135.72006
1718755200,1019575703832,1049945333838,1011750061920,1034302288486,120047278816.10522
1718841600,1034832727279,1060267443751,1017221694851,1026926026692,88806804480.36119
1718928000,1027531739402,1038876348265,1007239061541,1026575357120,99063351442.85498
1719014400,1026943908386,1034067653262,1013781871494,1023702317788,74354682567.36902
1719100800,1023748662330,1034336630383,999974224539,1004935621438,43864551918.85734
1719187200,1004792303455,1015783578442,960396565676,998132474435,100320116368.10855
1719273600,991130501012,1019638383995,986321163640,1007818526613,117600553201.10237
1719360000,1007807613623,1021185387066,988837863638,1000507437308,85711623872.4884
1719446400,1000714173065,1033288001638,992725675685,1024317378365,80719935403.59567
1719532800,1023971904806,1034172957571,995602874768,1000342311036,85593524958.80782
1719619200,1000087266982,1012570857967,994427549659,998822843465,73595442843.00697
1719705600,998868021334,1024841001437,990337787066,1018886187993,51798078356.99156
1719792000,1018997458302,1039967076870,1011634271826,1017898921048,61820474184.85007
1719878400,1020042287588,1035887619781,1010516879702,1024888431345,72749791502.82076
1719964800,1024825666825,1028109381975,973478791097,984128591318,91860976296.49359
1720051200,984526392631,990626441764,915518696742,919172780958,125943400254.17775
1720137600,919448441703,934518598026,848102297791,908051733201,186803648235.78366
1720224000,908572476119,950666212337,901577622656,945118635875,98303902805.59273
1720310400,945328006055,947767430111,895505333561,898782686718,76457608363.73645
1720396800,898908319111,946648168198,870487382513,924886212708,117967059325.67664
1720483200,924996795333,949878042916,917361935195,938509991291,136314621413.5555
1720569600,938735147945,961228551226,926576739437,946178577579,90402047587.5345
1720656000,946282662692,974363937863,930445957654,941650497727,87530698918.8888
1720742400,942064523871,962708320764,928310086307,956086865530,90393910102.67232
1720828800,955739694451,981514134550,949040147226,970223413685,70023806303.52402
1720915200,970366236459,997239123236,964910034473,988890536974,72501056303.3471
1721001600,989210039315,1050869307446,985804462889,1047274240081,88643265899.90627
1721088000,1047609793773,1061420105578,1009784607000,1043724382355,132800007441.33331
1721174400,1044086718582,1068307149304,1024408502398,1032267689820,125456228907.16043
1721260800,1032710631279,1057535216225,1015261222535,1033407731166,101170385888.49092
1721347200,1032265780376,1069411146842,1015848883920,1059211546722,98336361675.70044
1721433600,1060973799713,1077865347044,1051380098793,1068688825904,102322361798.05261
1721520000,1068916569203,1088907741916,1040211902612,1083312868478,68224342448.5531
1721606400,1082446845681,1091092587740,1047537502335,1054852755986,110117992763.54256
1721692800,1055603417579,1075992194923,1030213398784,1050189513127,116418605243.22551
1721779200,1050340716872,1065469112585,1016882618820,1029126469216,109683050155.63757
1721865600,1028781525958,1033154953586,972207686229,999167972298,123499402582.80508
1721952000,999248447748,1034620350111,996637255829,1029531089105,111252716342.14575
1722038400,1029915225053,1048756945036,1008750773296,1026018633010,77345398766.84393
1722124800,1026100496418,1035605244807,1009086455138,1026014474121,98674311886.59854
1722211200,1025916950683,1060362406774,1016414458191,1028120098322,79622625900.16934
1722297600,1027943400987,1044516084027,1004418062084,1020618787975,105442803386.07297
1722384000,1020667801331,1040035137264,998633569349,1003356862652,87072385646.03111
1722470400,1003564550822,1010283114664,956107110962,994174209983,110369073768.78836
1722556800,993924009530,998753801115,927871757841,935630347620,119881316361.23343
1722643200,935742057188,945450470919,895287811738,909921118654,127068377848.48793
1722729600,910181849399,920985681742,845700021081,864814154793,90749226534.44142
1722816000,862945004532,868418197612,721813128724,802975120858,307058548915.19617
1722902400,805711037897,855633890634,804787560634,833367516926,205453767368.36926
1722988800,833925337974,868095438520,801754642047,817407570351,137915778221.25037
1723075200,818019573852,908274641044,808347081147,898794732853,136621778746.22125
1723161600,899204982923,906889133928,862729522295,880132623463,127191751521.38391
1723248000,880484801752,896296869368,872274710078,884940173286,81816114777.99611
1723334400,884966124356,907818470341,851311695418,855016772356,60008775994.73043
1723420800,855336486981,901624423398,846941068811,890306683010,98884412166.9482
1723507200,890911667382,902005957386,867954460611,892178520382,106239410997.86478
1723593600,892468896092,911474865348,872883430629,882779697250,92892230180.1427
1723680000,883338531678,892828412780,849420341295,863736227525,94360993108.82402
1723766400,864160598833,880480622232,851363602650,865814075684,100146305267.09698
1723852800,866154905014,881333765818,862261323519,876443032952,71373809448.76816
1723939200,876517792911,894431714909,867574047788,873324067344,55921781824.54012
1724025600,873544156966,893069229190,862563736724,887900480287,70691569221.8715
1724112000,888690052002,911502050275,873433085006,884704047374,85270488366.42714
1724198400,884966013808,910459830117,870695499222,899834761295,83424199083.41875
1724284800,900294073654,913128111883,887516468714,904985169339,97402779372.81989
1724371200,904935188419,952888396626,901255751396,943627124983,77293857329.62436
1724457600,944295536958,967002067188,930997598936,948397631237,117414977982.0246
1724544000,948585262714,955424575740,926492789526,938302840981,82990416030.04932
1724630400,938675703090,945516758555,909231552394,914270246395,75889518272.03242
1724716800,914241832427,927011293813,852006002338,867736405531,92558744523.51582
1724803200,867638681784,891040521828,849435181799,873637716996,129969732420.32526
1724889600,873789258959,894473095433,862449207193,870991995351,103987274716.9696
1724976000,871051696012,879491048869,843958190529,869981457707,90528552395.27844
1725062400,870166602924,875315524930,858188241436,863986442608,77707939371.93413
1725148800,864137298882,866246292805,830466236963,836804156750,50920789428.50015
1725235200,836938822963,870295486568,832142206785,864499009328,85442713970.32375
1725321600,864344442945,872962650460,833070255892,836092015705,67121519312.1514
1725408000,835838860809,856131631190,805565058776,843226555299,97149378151.33868
1725494400,841433042075,848608943294,816496446959,824000478926,86261438585.36972
1725580800,825680212935,838537364365,775526662204,796787888363,91869037839.2091
1725667200,796931829454,819349391164,793843373887,808960791796,122425599499.75359
1725753600,809037202507,828512923306,802473693941,820127078035,54024816108.66803
1725840000,820288215429,849972018205,813809376088,842087262387,72872158067.42096
1725926400,842080143206,856114556010,831458418487,849567195407,94981164245.83035
1726012800,849657132284,855246655588,819796967653,841095528708,86536296830.088
1726099200,841795783512,862938894875,836869305903,854253218460,90895976214.13776
1726185600,854336489178,879915442970,843236084630,872855592966,78351093247.86424
1726272000,873483547877,879143657209,858344203806,868798739284,85892027901.46078
1726358400,869093286468,875585540573,839151924819,845771994359,47999860869.00824
1726444800,845838209592,851731731397,824712440177,836726001337,88317311802.00949
1726531200,836598095275,863108826384,827984898218,848402519151,82656678792.51395
1726617600,848551477454,863504460519,829217431734,862337496058,101312326619.69788
1726704000,862530380984,896114436709,859097779561,885323136895,134114835087.38763
1726790400,885644889359,914959062738,876153269253,903145732676,120768827476.26862
1726876800,903776286532,924859939069,893535935679,920693535690,81113251664.4297
1726963200,920755421300,927486810211,891867116482,909654802927,66295733784.95741
1727049600,909829198336,941824416669,897316199137,925602055386,102104512243.86552
1727136000,925843042190,944717883861,911785079354,937403609198,97169312528.76302
1727222400,937165165293,947803589145,913664259320,920594444298,102892179353.99094
1727308800,920621762511,958154505877,911661246656,944747719653,100874437935.62923
1727395200,945150789538,977671659481,939672036036,963276979570,123820075582.05339
1727481600,963448607281,975256426835,945226403648,958285294349,97460849286.94589
1727568000,958369079151,971401673492,943657279927,957125604511,65840857967.72221
1727654400,957328180261,962559960696,922045099148,929654248477,102098159721.15102
1727740800,929363162355,953075884768,871728535091,888082085684,103335655400.18205
1727827200,888109586122,907950489719,858380204807,867057127345,168745200726.93143
1727913600,867429019545,881641277444,844513905868,861899445209,131252018765.89935
1728000000,861823871099,892546845428,857152277334,884877335404,104582511455.74046
1728086400,884917075199,892860390965,873031696905,883225901874,97379116345.69232
1728172800,883414258928,901358300496,878942537192,896064347694,49119087410.4554
1728259200,896210537762,921215658990,882308186589,888352425506,88517774649.92514
1728345600,886156560077,901475556319,874794039020,888731435797,106543860470.13991
1728432000,891104543589,905621131947,864899299600,871997176422,91908364314.9726
1728518400,872219413776,885715361530,855291611689,874001655807,94495214115.18379
1728604800,873943299826,903172642934,870622451271,894811045766,94164643650.88037
1728691200,895034405286,912764039836,891943303477,905424717841,86116644706.73328
1728777600,905610308744,911849509495,888790807402,902286869819,62255642738.142654
1728864000,902339395606,949011330019,894112419104,941434788589,100306668417.23743
1728950400,941650670952,957660807129,911421513955,933574577229,125420794549.45029
1729036800,933726119508,949236048181,922524653765,934260323798,153368964365.6775
1729123200,934429996918,946194998664,914309903991,926528202784,99786177718.24258
1729209600,926535058594,950812923222,922554336837,941367126261,102824434994.68048
1729296000,941780919055,953565270731,935025590010,945192638957,85506819450.34923
1729382400,945087372902,973203393779,936429030901,969033418868,58750105820.63178
1729468800,969341182774,981046685049,940760990531,949987567346,113243377546.12575
1729555200,949770623616,959699429781,931526150428,942718552458,115310661568.47662
1729641600,942604503053,948348197197,902444040689,924918812443,95219956603.04892
1729728000,924857848031,944227947350,918202268651,934552235981,114137583608.66782
1729814400,934660684710,942270993190,873453445987,894284901320,103774805336.81772
1729900800,894598325672,916398877808,886691202264,907941585467,137217878292.62984
1729987200,907991648768,926561970292,902390782066,919618977535,61817366118.01711
1730073600,919655589461,941501967249,903691251763,934074572422,86083599332.24957
1730160000,934036514730,968382949908,930982945741,955452420836,139030785919.33176
1730246400,955685205336,971543445332,937027163513,950533086890,142524411108.71753
1730332800,951682365209,957408514703,910053146944,917381142989,111811515513.92961
1730419200,916238788428,935468193689,896974771758,910499523181,132230917724.76776
1730505600,910718680626,918456466116,894881688537,904283668925,102905324757.40805
1730592000,904300929626,906618441147,869560240358,888682110501,78788866085.05626
1730678400,888784173753,900310806153,860102365380,873640671026,103715263761.16942
1730764800,873723071388,908670588255,869204539945,892968764463,114776248557.59958
1730851200,893959885053,985771487180,893413458486,973542712465,269443609160.7937
1730937600,975371503047,1022384397027,964767155190,1007378981224,205795629967.61118
1731024000,1008378916848,1036756205958,997269558543,1023318502609,185259584567.58997
1731110400,1024707671242,1076836403360,1014548921748,1065321068154,179932403743.9995
1731196800,1065346016427,1137895151006,1048811257381,1105090112708,221825000422.73627
1731283200,1105237255564,1183617011800,1080790822463,1173886691579,356776166831.0293
1731369600,1174397875435,1222858856929,1104144026083,1147544628039,535465066789.6527
1731456000,1148499356712,1191776419449,1089338284099,1141312674596,374792044543.5735
1731542400,1142908988712,1187366196837,1093845137852,1114598188614,446146851741.338
1731628800,1115760206243,1169353336390,1094345471686,1154603924485,314417606484.91113
1731715200,1155101634321,1230132507739,1139394504175,1187847374588,284386962574.3375
1731801600,1188221730529,1226866039861,1140372019303,1178375308417,273679515738.99902
1731888000,1178695784952,1242501448556,1165204943304,1214948578520,236427449487.3273
1731974400,1216497031206,1242808606891,1175857086407,1199055847461,270584254933.99817
1732060800,1200111869551,1228198335795,1162301271197,1185088618328,258130444344.07373
1732147200,1187551748563,1277490303559,1164100107954,1259085652878,310732983123.7275
1732233600,1260389310427,1325517544477,1234246361050,1298549178165,345711984750.56726
1732320000,1300650188457,1398331155038,1285848865554,1335639268421,347664371538.26953
1732406400,1336150168872,1386127658110,1270627146992,1335769673067,339890628833.5756
1732492800,1336087836451,1389967809046,1274643764676,1306413313005,300130051847.40314
1732579200,1306343022727,1335748976287,1237283108639,1286552864907,381002519507.2766
1732665600,1286361864908,1379088714096,1268178530642,1362114517684,284930183212.50757
1732752000,1363460862040,1391323495779,1325451535981,1360281975672,291232039505.9152
1732838400,1360635366631,1417156016212,1344781447291,1398293360442,220753852651.15952
1732924800,1398765215713,1454469603957,1378471722627,1426000415387,270495375895.9511
1733011200,1427290344372,1488045482198,1398314821363,1463428924043,220477665112.7123
1733097600,1463887492154,1546929305321,1394650330399,1492762965427,370992487414.68335
1733184000,1493268357927,1587333930126,1409331611782,1521204155220,427239213078.1801
1733270400,1526565961789,1624309930108,1480774674229,1546952759142,466662219568.04846
1733356800,1548057498795,1611665154967,1477593994755,1530941728816,542635296413.55853
1733443200,1532151395805,1629898563235,1511660925595,1595385950629,429699315990.28326
1733529600,1597727434058,1643062970120,1573918323957,1611756076455,330267533840.77106
1733616000,1611962748982,1638053450553,1572728508376,1614534626163,236152362535.95624
1733702400,1614579753124,1619578603251,1356393199685,1458130418879,282949995139.5462
1733788800,1457665448753,1500686456502,1354828010051,1446669114613,512936862152.91406
1733875200,1447243908519,1537127261983,1406602163276,1519686291545,403395810646.8369
1733961600,1522162302355,1587676066035,1498600718151,1531124952520,319340145757.9641
1734048000,1532747311492,1571415882148,1505418877969,1546120194919,288841928065.28107
1734134400,1547103935429,1571205738488,1494070645485,1518281071189,225014579055.29288
1734220800,1518707286437,1559112787462,1494141061886,1548378838029,185870689573.72937
1734307200,1548686393116,1593921063815,1500787883292,1538892383772,246175371429.6601
1734393600,1539592051920,1585237399049,1495928963444,1523766824071,294834852697.3958
1734480000,1524224773644,1537958747256,1409340426997,1421470911852,293136938791.9148
1734566400,1422789433769,1461293142316,1310575433928,1346843059451,389451653842.85535
1734652800,1346946819085,1392908373591,1221033362945,1373365302122,521395370046.3928
1734739200,1374170029665,1423255268063,1310338163908,1329074083845,324922862613.36163
1734825600,1329301179377,1358734131800,1288934919674,1315366978359,220388594041.28085
1734912000,1315274894712,1387682171647,1287471075427,1372167866290,225167412764.58795
1734998400,1379597513484,1427359152576,1350955503267,1410089512171,217371339228.5704
1735084800,1409861423789,1431614052614,1382838668793,1403618020064,195285688750.8415
1735171200,1405233649436,1421185008481,1330053496919,1346634317215,165239814755.95874
1735257600,1347515799345,1394239901278,1328763892025,1345650715474,175472422900.0298
1735344000,1345297165156,1389575971118,1334501816301,1376419526591,143855371376.48096
1735430400,1376208788282,1385490832029,1328717927556,1340267664712,109030678148.78012
1735516800,1340317121746,1376513661980,1310745729949,1338819314702,148774383747.70856
1735603200,1341668428599,1378274424624,1316573739320,1334898789553,195542201751.55527
1735689600,1335571005499,1386870240526,1323768984292,1376361500859,137483003294.34485
1735776000,1371501462525,1432542828374,1364419919112,1407673101411,171839961953.49954
1735862400,1408469689768,1482171874346,1395132737449,1469273354329,164439001772.9395
1735948800,1470124228716,1497121561195,1448442953485,1476137318309,174074276461.5083
1736035200,1476332301546,1489234538544,1444155448851,1468136473141,124113614339.88864
1736121600,1468187490126,1514197833035,1450978150622,1485747920902,139690797595.26038
1736208000,1486306620115,1502300459652,1378064482692,1385715150474,187499821543.79755
1736294400,1385467452117,1406915268467,1314596446988,1369384653772,267519642424.75336
1736380800,1370923032349,1384093893603,1302541259573,1325557346219,223596971066.11542
1736467200,1324307979667,1373696910945,1315640138524,1350967450914,203191008334.8598
1736553600,1351884506234,1390906081740,1332799265706,1372543490443,171122998102.61255
1736640000,1372628997338,1382776229855,1341492440582,1356588627135,101188295358.5701
1736726400,1355484847039,1382071244157,1250009280235,1327425549285,166828477706.6599
1736812800,1327190110484,1379034324774,1319948404720,1365050951364,217943417205.4785
1736899200,1365127927953,1475028644610,1347439532445,1464958984919,173885605704.80392
1736985600,1465549880068,1503085208155,1405609397904,1452448448027,245562354320.91486
1737072000,1455018872221,1534617173612,1448629107614,1511606997304,244430037161.7627
1737158400,1513675790447,1555938428673,1426378551677,1489660212478,277213478639.4442
1737244800,1492344738876,1544936820571,1376691295159,1413992298994,326462153653.12067
1737331200,1414940359580,1524713478168,1374850460027,1431596376342,530177643205.90845
1737417600,1438346853682,1499365518553,1396938892484,1468518065309,505108265298.45184
1737504000,1471656813937,1507961810872,1438593509320,1455425873670,241801842258.52173
1737590400,1454837128283,1477952050405,1408526806524,1455322512771,203995935425.03226
1737676800,1456222725797,1498386217871,1426087586642,1446152682968,278285992180.0458
1737763200,1446937614425,1472176935103,1427556909925,1453187570174,157555837421.9201
1737849600,1453228571451,1477378317692,1409528464153,1413810759174,115827545936.36081
1737936000,1413845134688,1426275024962,1313690291880,1401476217516,234101937908.9455
1738022400,1401492297546,1431036800200,1347960826098,1362380741774,295740036844.06024
1738108800,1363163017748,1412066702622,1346482282974,1378902638705,156702887605.75516
1738195200,1378992893959,1447077036160,1371152091408,1425402680887,185171399113.322
1738281600,1426454054900,1471655840891,1398157649348,1422725436052,149373354297.7912
1738368000,1423640927311,1438864919209,1338669703361,1347461177767,169399943056.67374
1738454400,1348787443925,1373025732652,1203043723418,1249985540530,173868057672.25412
1738540800,1250238679011,1299758850883,1002700890008,1280885857816,521546009268.00665
1738627200,1282734805352,1298114591118,1185164055346,1221008014423,344589333591.3798
1738713600,1221780440592,1249579469461,1185910063915,1206177544666,240937781138.30292
1738800000,1207395837366,1240862073620,1163829551742,1177357164090,171381372356.6877
1738886400,1178569125459,1235339392760,1148873808303,1176286644928,183057818718.42004
1738972800,1176804587807,1206677772882,1161100590396,1193120132003,179267311139.4524
1739059200,1193226050576,1226246403314,1153468729181,1188878277535,106752317469.14027
1739145600,1189139252171,1223448359850,1161926765474,1205446882588,147265282967.64316
1739232000,1205336233333,1248353143852,1179490410084,1200102888308,137638624375.90085
1739318400,1200055645057,1256189337447,1168248736945,1240435995563,140364708816.2282
1739404800,1240551844107,1263651258508,1196427130279,1226015649758,192677217324.2744
1739491200,1226307142217,1288010210869,1216630456443,1254276697439,143402970261.57108
1739577600,1255556642106,1273781353593,1230575644498,1245051504352,140793621039.32422
1739664000,1245222436067,1261746973882,1221191450290,1232698816698,82815600441.39346
1739750400,1232955134279,1272670724125,1204567565583,1231607333288,109112903626.6174
1739836800,1231890920766,1239562109442,1165869515387,1198435710230,146202731909.35385
1739923200,1198186456795,1232848976738,1182464004209,1220222779801,146615874381.2899
1740009600,1220413636283,1248509923724,1208565397024,1234005409508,119322194092.54462
1740096000,1234660851211,1266454071264,1181252224778,1200643971186,140008617443.33102
1740182400,1201721018224,1241190663986,1194447306011,1225899644795,193571976262.91248
1740268800,1225942790182,1246788841458,1206816096121,1227729312940,100068527040.115
1740355200,1228298535673,1237744202586,1103701145648,1117544316127,132799903199.71448
1740441600,1117355578707,1140866690166,1051167492273,1122558396603,287455106211.0938
1740528000,1122342150897,1135566652649,1055643615171,1085509235963,293741298596.98584
1740614400,1085425655641,1111978897845,1059237140578,1083175743247,218615545257.2749
1740700800,1082819447340,1095573731746,1000290132198,1073029252721,239847322053.8422
1740787200,1074978232547,1101660111725,1048924845488,1079740745936,166520979329.50525
1740873600,1080079216184,1241427649670,1064409156321,1224795548299,97045256982.64005
1740960000,1225145194729,1234846794519,1051259722440,1070977661107,321175556502.3788
1741046400,1082040612767,1114842646834,1016834817915,1093352268444,254052516930.8378
1741132800,1094022927210,1138323933801,1080769736114,1120911196959,218825073862.48203
1741219200,1121686448980,1159239413016,1095706149949,1113943682881,161576404394.61108
1741305600,1114548818047,1137940661734,1062586412369,1083046506207,175519077178.4217
1741392000,1084136939272,1105209758457,1060993424741,1081456378660,151913506780.26813
1741478400,1083811440583,1091477093956,999218599555,1011442567223,77968873774.36812
1741564800,1011789197834,1058095942197,947592193785,965920350413,170493649500.61438