time,open,high,low,close,Volume
1562284800,562725036.2648559,591382363.8404548,401344216.31591606,462753093.1286973,187964213.306901
1562371200,475985645.55658996,507936980.9278122,396152250.2813704,418940400.5929245,65087720.8593818
1562457600,418735836.0490889,447396115.578396,399836950.36363655,427561070.25949013,44745195.415432
1562544000,427925874.2838573,477118188.7212698,381589346.7627541,428487167.87007546,41682875.5825019
1562630400,414224433.5951078,449371860.94950473,390678582.35110146,423225944.891556,42604792.4564648
1562716800,408405984.92873436,460464775.60295254,361226677.4126611,407502425.0519269,48977715.4725046
1562803200,407633410.0254946,422314899.77737296,356220387.9687214,382295776.56855243,44098986.2046755
1562889600,382457943.9709999,416691086.5303223,360053002.06117433,397825673.7262177,35560767.5120185
1562976000,397944806.3577937,427652036.6390501,351208207.6189998,397072014.1926781,27322954.3254651
1563062400,397230702.53192616,427807065.2916227,339996371.4106262,355694342.76785976,35946702.0044791
1563148800,355735838.3906093,400084074.2766629,332116464.9913988,365648264.3487242,43640417.6445789
1563235200,378690170.4891049,398748325.9408739,315673215.17760134,328581296.71196896,40931027.8086776
1563321600,340479860.64904445,384965492.326164,315936962.19020224,350299745.57131666,41943733.9025819
1563408000,339108549.6205406,402986182.49711853,324031161.61714876,371805552.9917978,40294312.2117385
1563494400,384303504.8855916,389308491.5755479,340616334.9351918,367896287.92638594,20985814.4760184
1563580800,355192852.9186449,401745361.63849187,349307427.8833611,375435845.4991111,23224389.5706769
1563667200,375725078.7440716,378587074.0636766,348195419.2292989,357477482.87953347,18672572.0248753
1563753600,370454773.3367497,373314305.81759566,339036618.72514033,348364952.97936195,18386633.6749831
1563840000,360395101.8266747,360795468.2394865,330630134.6920334,344015364.2484155,20933954.4352312
1563926400,343859454.0375715,358249707.87016964,320989039.4360012,341142867.14752704,23778758.2767719
1564012800,353592297.1571075,368249999.09415454,328422606.7311449,357295402.085664,20743343.57976
1564099200,357412688.3681758,357824110.9334018,337248403.27623624,344131066.54475665,19529226.8316221
1564185600,344170645.90714914,370069794.57154006,313811472.2428954,342820581.1584527,20927260.1952568
1564272000,342370704.2734464,348397369.4446166,318484628.3574209,333242725.73929113,19881529.5020944
1564358400,344973991.18230337,351716707.55188596,327226441.27860636,331959687.84748566,19043895.9681411
1564444800,332445949.2537643,353559330.95303005,316434021.7904349,335432232.5316646,16879207.9165338
1564531200,346989455.48125416,366919104.0315272,323243364.00110984,352665212.7630542,21163842.2982014
1564617600,353078964.8198796,367172383.11411303,321633159.9387909,351428750.64257807,20371895.3836666
1564704000,351775843.39832675,360326765.64086884,336010727.270997,355582406.9431289,18547571.8947595
1564790400,342922356.75870365,368777802.0712369,329383862.3024036,352432462.8697296,15884620.3682172
1564876800,339137811.8098096,374460528.4189345,331371182.1099281,344607260.5096938,19201456.1507707
1564963200,344634130.060021,389578789.17408645,331378971.21155864,370151024.1803157,30981600.7974288
1565049600,355955392.2373519,386664086.24562514,337855965.5134188,359840735.84075624,19780696.0200368
1565136000,359931336.55281717,381073684.1477213,329823924.1923362,361172097.17201525,26557867.8001382
1565222400,361270717.7577512,378471648.4713637,331684431.4082993,347108677.2752219,16810827.9001707
1565308800,347210868.6396327,363319564.93809736,337488871.616917,357867357.380538,21687157.3237816
1565395200,343592307.2337741,375908543.41148126,324490260.9102605,353828622.9227391,17890257.3189259
1565481600,353863785.7674204,363805093.5571222,334438587.214842,347971428.17264813,18848500.3158872
1565568000,361891334.95436573,362648869.8374316,337908276.5801701,357423040.71869373,21026446.4234475
1565654400,343579771.5163011,359405560.0667487,324196933.4516797,341048684.364716,27198166.3988499
1565740800,341087269.643603,367324751.9238802,310512586.4327965,326838666.3928131,34440341.3253766
1565827200,326860269.4922671,353243877.96326,285891233.76448387,311071520.0575021,32201089.9273662
1565913600,323346060.3622844,331044252.6123107,294059685.2572585,325212974.0601284,19848435.1029867
1566000000,312645245.4228513,328975463.75893337,301268370.0720772,320744268.6183766,18736776.0895881
1566086400,321127863.6058503,343039677.84008986,304048449.633541,336645078.9572143,20827452.317239
1566172800,324213842.09361345,356945654.705218,310190341.7991323,330121559.7417165,20272620.6129023
1566259200,343365561.2666688,344251053.7045533,318751535.17385066,325473581.5508683,19725908.9992221
1566345600,338736624.2257032,352704518.77777654,297747918.35580647,318498063.53904164,21014230.2200588
1566432000,318182761.8169029,334165206.5882579,294822697.5175169,317819746.1486019,21877966.7483575
1566518400,317870303.4821798,342061208.5373954,303787222.32908154,314383958.98698384,22416711.5631142
1566604800,314428280.14018744,340566175.49500525,298818815.7283469,319077898.8332305,22336274.834222
1566691200,319104548.71921015,338120363.1535435,299529777.46055514,318707451.51225525,22719737.2941701
1566777600,306484462.42611086,334882670.0699538,306484462.42611086,313263750.2812106,22989198.0357284
1566864000,313122634.66725045,326289708.29434556,302962207.93353707,319740975.95438665,21298883.5759962
1566950400,307602646.70007753,323345044.3050746,288961812.41887695,305451270.8150641,23544960.467421
1567036800,293991367.2083893,305751021.8967249,281887156.8879435,287028875.4148695,28660190.364383
1567123200,298561943.17407364,305150681.1809329,282830034.11080897,301367756.49928266,23750503.4951067
1567209600,301073798.83256555,304642586.62285095,285678910.52211994,290245808.81945574,23993485.2160921
1567296000,301869908.69916004,309374570.5248493,288603019.6330962,307345951.8753643,22702302.693845
1567382400,295559624.96288264,329519043.27240354,295126311.6451791,314227198.423614,25949633.0101429
1567468800,314250590.3842924,326323312.1612071,298831412.90314096,321318154.72836447,40648730.5950292
1567555200,321358270.5077959,327908788.93227893,288994115.0783521,307589851.3575443,27636451.7954212
1567641600,307624913.7753565,309887729.16395324,291345968.8978859,307258771.8221483,32191334.6189169
1567728000,294472903.38483304,331460736.88573223,271843165.5366603,299663223.11766374,29699285.262175
1567814400,299638041.5535434,307513646.24024045,274362871.0283265,304734687.85488796,34713432.6009317
1567900800,292437951.77009916,307981338.43397427,284969864.7641989,302321626.70594203,31628168.3469135
1567987200,289400154.59414846,306506407.8483191,280280452.74552107,299660480.86975414,34584261.3973411
1568073600,287491054.887207,302097772.4107442,276133095.9981295,293546938.50186795,29754055.9548524
1568160000,281275351.88458836,297855500.56964344,274635135.7781009,295280563.65408427,30369192.2857389
1568246400,295586410.93784493,304345692.2615187,279471842.13060665,290419925.9066295,38477574.940886
1568332800,290554279.9858461,304180054.1099698,283025059.2066842,301577482.5946263,34164745.5767662
1568419200,301529487.7156352,303730350.0737688,284817689.112762,301225800.12617034,36308068.9503452
1568505600,301468457.38067716,314656337.48224443,286006913.1075556,299816602.5220062,35913011.2657977
1568592000,300276511.78095245,301955615.75551134,280531801.2875326,298810678.1604659,31073758.9371039
1568678400,298472965.8074861,324081162.7380999,282505892.53415567,309046102.1356096,38928618.0004971
1568764800,321042282.09097457,348477476.55179644,305573289.1287375,332379378.51760346,45508472.9884453
1568851200,332728646.5898399,339882502.89647573,302697854.22113705,323871884.43417037,46515874.74605
1568937600,324324538.60195947,337562230.31704634,317080410.12713057,320675985.29994965,45039952.5147444
1569024000,333047866.43180776,333421557.9139749,300624407.98692364,314917928.2610839,48178406.1837729
1569110400,314566374.7646991,318358960.83726573,298505229.3755964,316067133.6247517,38019804.7935668
1569196800,304000157.9816616,316970250.6296492,291370464.65728116,293681469.83136386,35612713.633253
1569283200,293821077.7040408,308612405.86731195,232919052.7776381,258969433.521557,55961717.9124553
1569369600,258995960.5942743,275985641.2511388,249265913.0089411,266056969.75157887,59004615.7459545
1569456000,266443276.45004934,277492320.0182281,234668939.57729733,254186514.63188472,47039815.0687203
1569542400,254222686.82226294,271826518.31035036,248249980.39091527,258403423.524829,47740436.6983269
1569628800,268773915.5575123,284046126.9775584,252818476.05452994,269367515.47882247,36212484.2568883
1569715200,269398328.8400055,280259923.439358,249464034.88788733,263810114.92635483,42057235.3286492
1569801600,274038394.1356889,304845796.70788443,252926388.37020788,292217563.6773845,56788340.026407
1569888000,292462802.1592351,310809755.5422448,278669837.8684197,282872283.2906382,40627762.1347795
1569974400,283156522.23933816,295628396.11615634,267944555.75060484,274585364.6672439,41998983.0217103
1570060800,274756030.1326088,286345331.01559705,263325244.1939695,270238026.2567066,36831594.7626427
1570147200,270382556.8460546,290465147.8923899,261961504.62789485,277290500.02605665,42790256.4172091
1570233600,287431465.995138,288738983.22117066,272701981.13156956,277087319.4798355,39523178.8505698
1570320000,277307777.3822044,288118288.32763827,264446612.0625311,267216379.45228454,39888306.1239279
1570406400,277131065.0595057,292988019.1492879,264165039.48080444,289175936.1980895,48340111.3871497
1570492800,289402908.7825477,294093391.24284285,275976236.8426302,278317515.9828706,49686030.1264979
1570579200,288547857.7908955,306946381.38636297,266158715.93589863,281791520.22059727,39866985.2852368
1570665600,281831064.73814213,295001478.6796183,267095634.41710833,281684677.2343155,49677182.6176776
1570752000,281945591.80441844,300248961.0495048,259927480.5543551,281374467.1204914,40375006.1853705
1570838400,271343708.80198544,286929312.8703053,270999652.2963346,272600105.9843572,45555606.396974
1570924800,272631094.3258738,329774546.0912712,267032317.16939172,302176657.2578961,63022219.356317
1571011200,302044419.4518904,337798657.01603293,289754986.8846012,315302163.19192064,62587719.1547843
1571097600,304813483.0974341,317519868.0979995,295058596.31139344,307500525.70964193,51021747.8489077
1571184000,307811662.1453784,328338870.71444887,288766362.2411657,320984153.87474835,50453503.5729636
1571270400,321014578.0177031,366001520.98784924,308989118.2750775,333951792.3830633,69284578.4418634
1571356800,333821845.5148204,355714721.2072146,313658583.0248006,329098267.6005033,60974753.7544711
1571443200,319270506.0262317,344850469.7984056,316239426.41910607,339046571.26128346,69854266.4985829
1571529600,339294219.03382355,354176429.97968274,306679159.3693669,330763774.1291316,73929041.1746248
1571616000,330831863.37143785,345637311.5168191,307744377.16456246,329914458.0495831,82871965.6117667
1571702400,329665980.54284924,344135748.5544902,301483050.4048014,302869869.04037297,75401114.3164151
1571788800,302744043.0324241,333303117.37622267,275267661.450207,300146885.307491,79098132.0578865
1571875200,300181108.80776596,310984359.7654952,286612911.1614337,307796687.28121096,81089549.7806242
1571961600,307500428.41813874,363696369.7790726,270086930.5184516,316465162.2348514,98393333.4559325
1572048000,317028566.26363367,390755485.5590483,284186983.48314047,315523637.00228006,118806014.68649
1572134400,315899611.80990225,346863396.51282835,299024822.22371155,325938586.2938943,99570088.95246
1572220800,314012554.22542137,351497990.7556968,301860310.6078189,314356901.6592347,92641728.2745794
1572307200,325619058.97597206,338230610.71066034,297738046.95381504,321573127.3159598,84668273.0135847
1572393600,310123538.74807656,333453237.2696398,295593005.4223486,312500620.6034164,88417561.79392698
1572480000,324038250.6011857,333546430.578039,305766887.4040607,312199861.3439082,71984478.5683258
1572566400,323669272.91333085,328809836.84651816,308977135.2412269,315660276.620967,78345890.483744
1572652800,315704698.9579337,332147878.530656,302800215.94168264,306208252.33294505,63265560.6887736
1572739200,317585176.4773639,331740342.9749075,298417895.11596215,314248821.2823654,57458628.343524
1572825600,314284589.5162271,338926078.38958716,300273118.9234985,309767159.99536335,64099227.4190211
1572912000,309802341.2368921,323811001.62923753,301718502.8525182,306819129.6617497,78253832.4438089
1572998400,306819676.92817765,322590907.06171787,304698729.2414146,307665158.7132766,88245385.7879658
1573084800,319138596.5751452,342938864.30020374,298981424.0880938,336568496.512365,97202346.3847473
1573171200,325737925.9983886,349869648.5549694,295780663.0928826,320799954.49807584,88247110.9056504
1573257600,331266479.0604843,335674098.455909,308466024.06485415,322477149.0736177,93088817.3857298
1573344000,322317599.78595847,356902046.2694273,320268083.1497022,330282899.79872304,96571790.9034425
1573430400,341534895.48661447,354326256.7796158,314526670.0486083,340467610.68157274,84628525.4326799
1573516800,329865350.00861573,346445646.5311293,312951589.8822381,322649099.0266647,72622178.9105755
1573603200,322798734.9045319,334408384.0399819,318515253.9037572,320537642.71130246,81019734.1524101
1573689600,331648899.6225531,332642083.561812,313241976.05013245,316240750.7828625,77499879.1244558
1573776000,326636599.58194935,343694810.8481808,306246793.30313987,330588439.25585765,78784124.05846702
1573862400,330465266.81906646,333596322.6571478,308478828.65126455,331451656.8366778,71846150.680978
1573948800,331527420.94385797,337231157.9979523,306755585.750996,321685712.809585,71622803.2551282
1574035200,311351751.4792574,332455119.09935266,293445105.2675721,309281147.83971906,72495226.9122379
1574121600,309553077.7631948,320354223.27584964,292689118.07162046,317378807.9421402,85672406.1946497
1574208000,307587980.61790425,321690448.49674386,294119041.6941095,306238604.98038936,77325985.1803457
1574294400,306163305.45759696,317266091.32941234,270949529.64431405,288213905.4563522,95933924.7261305
1574380800,297573392.6386477,311003444.1379587,256947124.64616957,284814713.0021415,109212965.919547
1574467200,284470102.32441777,296596495.1216119,268988412.40690553,286197359.9380234,112149301.020127
1574553600,295601628.7939513,296355654.9212149,268305149.85514006,278560638.31779397,101179313.291718
1574640000,278291340.561566,297611919.2198637,246806238.25753373,278509814.15489,129709191.779946
1574726400,270025889.29265875,287254007.97456145,265921201.1653413,271242065.1177177,100444495.19103
1574812800,280395936.3000429,309630040.2863845,251099678.20188722,276039061.4036927,99940917.23861422
1574899200,275702833.70657593,299641708.18535876,270362109.4443977,281819588.22262037,98419024.1043607
1574985600,281570900.1003351,298285917.6350827,271822273.45296925,293864508.78397584,98095813.9020541
1575072000,284416949.70111895,296221421.96958953,273353443.65440387,276969872.35751605,89686126.2044886
1575158400,286596061.2402768,286596061.2402768,265379391.25064126,271938422.7734226,76892025.1007341
1575244800,281000250.8422291,281732726.2827488,253235931.4383065,268189329.74556205,66717550.2678111
1575331200,268524424.1389686,281155474.33068156,256739488.45326138,267881912.35741898,62591103.5146258
1575417600,267867014.10150328,294752078.7414318,251413540.62586796,264145089.42891252,72642151.5618629
1575504000,264241008.53734565,275267107.8076905,253676061.1941876,271245271.8512149,67133838.1754528
1575590400,271530451.6114749,279666069.00083286,250283755.53449252,267604586.7556546,67099656.9860486
1575676800,267410454.48158723,280428118.2747703,256518727.90451065,266246127.81652087,63007965.0795322
1575763200,266390069.9447598,278297967.58081704,262018650.15873984,276251486.2202689,55352444.1482245
1575849600,276008757.2311426,281487219.6857624,249082579.37297127,269535946.49722576,62622763.6757539
1575936000,269255663.5082182,271750998.692155,245073423.48919377,256163300.20199308,69806011.6509734
1576022400,265336178.63599524,267043996.79733148,252862519.63407713,255885247.59782547,64069557.2711514
1576108800,264795021.42916715,267999471.12981436,251112932.1467959,255239561.0563432,66346200.5483984
1576195200,255152080.6777339,268255834.60384887,254956770.01007524,257720238.4022927,65721950.9182664
1576281600,266580995.90855905,267060816.27732804,248870897.12736487,250701697.1791547,71948537.9771489
1576368000,250990253.53067812,274332388.8133307,248882196.11107028,270150139.5800484,66475885.3020529
1576454400,270180618.12446284,271427270.2623202,250621508.06757692,252906867.5377708,68416368.0219759
1576540800,252931702.6713921,263515692.09163725,232702791.997143,243016689.36920902,84826028.6161399
1576627200,243310084.23925588,273823408.6642858,220415871.19046283,258912550.65124157,98325243.1970045
1576713600,250012740.2500986,261969720.64057395,240168903.1085453,254061363.02721992,79141145.4546893
1576800000,245601336.02858743,256525776.3923244,242687416.63802284,255672835.85339993,67264616.7633862
1576886400,255702438.69906273,255702438.69906273,243988709.69264284,254041504.72088787,66545887.1608234
1576972800,245309163.51739365,267670571.7028632,235790892.61679283,257743826.46368906,70875725.0321244
1577059200,248969754.2265124,264063916.6269569,231014675.38243702,251129796.89387512,77743567.4020593
1577145600,251202830.03516045,255103656.08253682,236886134.90705615,248938819.84573448,71441073.7625572
1577232000,239940571.9659495,258402374.91075948,235414197.172169,247053613.05221313,79734472.0646203
1577318400,255906390.26083866,264306441.59350637,236741205.54928553,246824504.63505834,71890876.6831937
1577404800,247088458.04303896,258054199.59857982,233522878.96516883,239947076.146003,75468722.7332203
1577491200,248897878.92597678,261407488.25762188,239450359.86913443,250559290.62300715,75486037.60892738
1577577600,250600156.26830414,258396565.8916363,240888519.0627614,253625931.06419808,75486037.60892738
1577664000,244145653.2622812,253603952.90202153,238390698.47848135,247949383.86454684,75486037.60892738
1577750400,248035236.06054884,259725153.15396586,235527957.0027952,246167779.09311366,75486037.60892738
1577836800,246043043.94333133,257558425.12789968,236901599.63265768,246661184.70358494,51421177.4279755
1577923200,246551963.49207336,255721846.37192088,237112150.7652315,238849598.64098367,65251099.8331963
1578009600,238709175.95601675,263487688.62059814,227129289.98530263,252222980.91126463,59536808.0007979
1578096000,252033289.9471539,263295744.36266533,240494916.65519634,243426516.35615566,94187641.7506119
1578182400,252868710.81837714,266846816.27430263,242311224.16350725,261922878.3569262,53036329.5027684
1578268800,261789432.7485622,278342572.7267116,243414744.0664697,266879121.2972588,54582295.583582
1578355200,257556980.75097245,282631581.65829426,245746514.76040518,260496356.56809103,52685500.8577207
1578441600,260295074.93070272,280644783.62300086,241696120.21163872,256867278.5456375,76872258.2690832
1578528000,257040079.5548971,276812393.3668123,237605155.31732312,268484229.76046073,70836370.6856116
1578614400,259120902.492352,292111991.50424737,244870431.49890533,271966336.9177476,87024894.5808688
1578700800,271997005.95143795,285029274.4208727,255534675.87126955,265900955.98146778,83598072.4641689
1578787200,275501109.5590503,281758979.94388455,254285882.12622687,261338162.44509447,79597062.18345182
1578873600,261367157.6172309,282024894.62550616,256838380.35448083,268906849.83415234,83205945.2308365
1578960000,268937018.694175,295150133.2243497,249015758.050162,281599809.2265717,127987341.894171
1579046400,292468514.27840865,317340759.1196635,273385257.2611891,281507563.6128053,130290094.387108
1579132800,281585601.88758326,293800795.026028,274020399.0048338,289081316.80242616,98566046.9992176
1579219200,289287805.8861786,321405914.80747,276851574.68111265,306103144.97820455,116431587.925134
1579305600,306323469.7091027,320902949.19267815,292092577.9391314,317637976.24153614,108015454.844699
1579392000,317405954.9728745,327643085.2740774,280919741.08812433,288729098.60412633,106804293.303365
1579478400,299537979.79134315,300969389.9260978,282496911.5348729,286389743.03540814,92058778.0146824
1579564800,297184900.35277146,302316104.8443231,281601289.64181405,300223331.03927886,84828389.1104847
1579651200,289884669.60838944,302842956.61357874,274005920.0858228,287475514.97608936,83813310.5495776
1579737600,287697303.28643614,298501562.81688046,264835429.1517706,278291106.14828944,91806203.3811379
1579824000,278443428.37841785,283380420.4287921,262718883.42466047,279773845.0896107,86858871.5236969
1579910400,280260330.65892243,290696845.96006376,264022236.26691395,266478593.35894832,82445681.2835709
1579996800,276443298.66252077,285746678.90597105,264803883.94175088,285430363.9776937,73072116.4897267
1580083200,285778498.3249307,310297111.96803844,273483746.1082358,295566079.5919801,88887172.6155993
1580169600,295600722.635585,312838118.8008183,284058252.7981378,300827802.6478701,91115597.6910241
1580256000,300431698.5377577,313894267.92547286,283611863.90141064,297314580.8770369,81273107.1336685
1580342400,297080480.03486425,306336846.37404746,282122114.1230372,304096137.9888663,83787048.1673827
1580428800,304477644.7423222,305070219.23670757,283073264.45962054,298619448.80890334,76380520.4829158
1580515200,287517649.4001865,303017322.3806982,285703435.52465963,300232133.11150825,78476861.3222867
1580601600,300343698.0522712,315043727.7657082,281260936.3474883,298735926.1772227,91679618.99248222
1580688000,309605439.37250656,319758907.07065976,283634914.2111421,297446841.1106182,78859460.4350577
1580774400,308685717.80681705,322450168.7704737,290655122.23905665,304640308.4913507,89319592.4949242
1580860800,304978189.8247211,349238381.23254436,292850836.986825,308094742.75044703,106063019.373299
1580947200,319960732.76474947,340150705.9507222,305008037.3516633,324511383.2886602,108699734.809141
1581033600,336568198.8287992,352997204.45168626,322961204.1459838,350332036.2488105,129988994.380679
1581120000,350382086.326903,416879441.817674,333291895.2953327,390504767.7478037,203679157.968543
1581206400,390773193.24437463,451637428.5314751,365511986.2091201,401275244.99858385,219479820.131983
1581292800,388761169.0287777,414914004.9304514,347868228.53929985,364257326.2178094,195764701.76585
1581379200,364371640.3538887,396845574.5637619,347040127.14820904,379793837.3223355,169693109.368172
1581465600,367246743.5162357,401136525.76714045,366401834.7977601,370028542.0053345,181121713.329645
1581552000,370070249.2493463,401391982.2350727,360029614.06488675,365775140.29569775,168723552.748776
1581638400,378449337.93431604,397517961.4777956,360972991.2579214,396219662.7692184,140546078.588341
1581724800,396263994.0109453,397946312.4636415,336330486.4388813,354093031.2150679,143513444.440495
1581811200,354488102.44992703,371949190.78172034,307835700.8484768,342374206.52121806,149825587.669135
1581897600,342864095.3659824,344504502.5295143,303671006.58801687,322997628.6720175,148274775.408052
1581984000,335979721.2463834,368102632.6672186,319884040.30191284,339290747.3769431,144578760.999758
1582070400,352073366.8279587,368572895.9034966,310237936.9924364,319690332.5555264,136591087.468259
1582156800,331339325.0404617,335387987.4503845,301505694.85336435,320294121.4308456,187517321.494247
1582243200,320251219.16076416,337738352.98355585,318658360.5621747,323108034.38371557,157709900.467497
1582329600,335112686.0587008,336020270.74825233,307080381.11106485,322211215.6512336,156439261.720748
1582416000,310181995.02396595,334111180.3963177,310181995.02396595,332148992.82499623,180063670.752813
1582502400,332339125.3090037,334268199.56048054,304308009.33383906,321765051.6385182,159643759.666374
1582588800,322210776.73246324,322806199.585791,285049337.7725759,298736766.0056773,178208557.847605
1582675200,298770329.6581543,312415061.8591498,266359470.6400864,292722222.48729676,201481159.782857
1582761600,292721871.0853638,299270321.5429936,273583857.7086288,293993346.8769384,163369188.06483
1582848000,283136513.1228388,296842415.69836813,270451008.2117457,290269217.7963321,154059534.347706
1582934400,279747504.0861266,293677585.7761721,263274692.25627372,273893683.1797274,146041560.413231
1583020800,273835999.18587327,292077281.89690167,259751945.99066028,273962879.20895654,163253588.708981
1583107200,284099502.76677716,299590198.2945748,272636676.21358675,297488475.8105088,165488337.62875
1583193600,286502342.0976523,319720132.46136254,278235633.34574586,302939571.28354126,175516989.450892
1583280000,313793772.127432,317182427.3255826,289093300.281667,292080413.52594143,146716516.118976
1583366400,303088220.5362341,317319311.6181971,292263641.2313686,313777198.89662194,103420626.525735
1583452800,302349300.2165753,318007140.44905674,300046719.55403626,316828265.8261912,100530981.505209
1583539200,316874401.955363,319125452.5621028,284770857.86644965,296873166.2944834,88144367.509327
1583625600,297146389.9262355,308151811.7753554,257027698.4740366,268189278.73687783,101212891.018055
1583712000,268288545.90166435,283603534.2246975,245498620.68060434,274778760.4995593,137067783.178205
1583798400,274842208.0795684,282502414.8617286,258241148.36899632,273066530.45643675,114278067.209613
1583884800,263601320.5337624,286540167.88388157,253528299.33492178,274782125.7107036,108330652.241364
1583971200,275564833.3086984,315469958.2683452,159527987.70630303,185657302.8610854,168583633.52565
1584057600,185678014.14241034,244551167.83947316,138121832.25635964,215632043.74504998,222453102.338527
1584144000,222629537.6432701,231213737.21017244,193727568.4052699,204663294.83902135,114324707.686698
1584230400,204607326.46100724,243602223.52395192,189033793.3882437,204974430.42383787,120464394.872243
1584316800,205358024.46726778,218606929.27160764,170173510.22112828,199325399.90812045,134137540.946631
1584403200,200059861.09826326,220594531.09749883,183271008.9325977,204304463.70567122,102726994.082307
1584489600,204939542.51787126,209217182.3010358,179725569.9656378,200778291.7496063,102145930.924317
1584576000,201026243.24044916,246907837.2006265,182542375.962472,214251019.38175988,252004062.813205
1584662400,222349973.22057602,256317106.06298336,196554640.40921044,222967518.2863112,189416034.141389
1584748800,222903386.89183986,232032943.94187972,203387103.71922824,222189539.91384658,166695006.107373
1584835200,222623262.29863665,238466638.00236472,197812020.32766137,208760594.9234042,160904194.121507
1584921600,208906639.6129847,246324898.950656,197186937.1688196,225177416.11917365,166711865.370832
1585008000,225243835.635169,247595110.5844731,214032736.65776286,226360668.60070533,177129220.299968
1585094400,226385725.36063498,242414959.22418344,215968217.28248677,232119752.9874296,163456061.110001
1585180800,223963441.5303114,235845908.21803582,218363912.27961293,234521833.5063281,163188515.768989
1585267200,234701509.4229729,238431671.54696986,207747489.94558176,221201875.0694601,166578806.622445
1585353600,221226458.21896076,229127403.15535218,201765305.54367954,224709103.01906824,171099084.244755
1585440000,225526024.8541505,233419154.83613536,203657057.56460306,210998809.4736558,156912991.70044
1585526400,211294386.7174753,246524699.85361448,203228567.04674444,222377376.20647502,162031448.767525
1585612800,222443213.95139393,234639879.0036411,219960535.3388376,222866307.0911544,155987967.811586
1585699200,231124959.25413847,241244320.47908497,213052867.5624221,230907388.7045757,161443633.745563
1585785600,231553576.3068107,260190146.73206168,220109603.45022616,236137468.87205502,167148351.941949
1585872000,227315340.55941647,244703586.77252993,221301367.09920022,234100514.62619781,161292177.445095
1585958400,225590534.47335798,243551690.35487536,222850912.7920748,230353565.32354784,160701666.771064
1586044800,239175870.4686692,240106219.95218438,223644756.68837258,226882636.32382998,152461480.967875
1586131200,235498425.849383,256199011.7551032,218457160.9683926,246239905.56593555,173707294.905542
1586217600,254812621.89648867,259437621.12705058,237042065.33354864,241253355.26916924,128305146.612753
1586304000,250287726.5013689,258075195.32759425,239580831.54675657,255935612.84551716,116539655.365317
1586390400,246939431.4189521,256284761.02434728,238112616.0589934,253412905.8248211,109467683.292549
1586476800,253621069.27987295,262930159.16255614,226169470.92637503,247488891.811729,121691346.68649
1586563200,247120341.80066022,250343761.7116812,235304937.3459676,247737600.07973585,161155791.557144
1586649600,247749817.14417645,259232824.54196998,236008955.98146817,240092612.89188185,170136456.577273
1586736000,248694224.08914304,248903022.96753806,227421305.2574409,238589537.6788357,167365600.711975
1586822400,247153380.28945455,251702091.815702,235234580.63090536,247696676.60836443,188570446.543693
1586908800,247332601.1184447,249893469.06075025,229405581.87211958,230116547.78876564,169645612.681974
1586995200,238361502.2832825,260155068.37359777,225054256.86529458,256103390.98699975,180685382.944874
1587081600,256480464.4612745,257808363.6271191,243256204.2602691,252981178.24067622,161171034.544865
1587168000,252863094.58484185,263165453.98746777,244143677.5301922,252564391.7677327,167985042.525063
1587254400,261746224.1026387,262116187.757931,245469239.3748302,256719473.52235836,172936776.387007
1587340800,256671298.4654137,260120233.3600898,235071020.13418722,237966904.47826198,170092279.925729
1587427200,246204766.7693192,250455789.5094691,235679080.29863036,246996744.052151,163283836.637986
1587513600,246866396.71066955,258421615.05201823,237274827.6246391,257215499.0478863,163651403.409265
1587600000,257262185.9693932,279549167.2777279,235922279.57716322,260440929.18881923,179832425.89208
1587686400,251490087.30784133,264935743.96727878,248046033.55154926,251870299.03013292,208827120.958501
1587772800,252343936.60429868,278424424.08542746,249457296.0338712,262690643.76863787,228078164.554348
1587859200,263326986.30866396,307031657.87257385,260542299.07737604,296809903.96635735,287838893.598997
1587945600,306702563.96713436,310872500.1224198,275358952.49856573,300106684.10253125,276345016.338333
1588032000,300441011.07092637,300602906.9689762,275857181.1240646,280104660.5181304,255051867.880401
1588118400,289582151.0896313,334646801.08192694,268712203.66420925,317011971.7060871,294784198.311205
1588204800,317027725.03493583,342111745.4643257,292765451.74345803,311167801.8187468,300047841.829516
1588291200,300555155.21801895,327351305.2836267,300083236.9688516,307615470.1605428,282885398.889844
1588377600,307891315.28067964,325475222.46366405,294228665.6261928,312921018.2269837,270082380.335093
1588464000,324088078.0621083,332215391.4854832,303897877.4418447,321685891.576588,266070732.786189
1588550400,310912175.7721721,323827584.86715245,286513881.3242609,298421696.0467282,261062973.675101
1588636800,309730574.8438465,317771017.834582,294329805.45106316,314804109.7020585,246075842.116831
1588723200,315018381.3722881,328188867.7926041,299770020.66564405,307609176.92014474,250797135.303597
1588809600,319361878.56462216,351089204.2411145,292226797.48896796,323616640.7962852,284530925.128855
1588896000,323917573.3780932,337726730.1982984,314752058.17455065,329424035.22051245,292617132.969847
1588982400,317507439.6580498,345589865.5712461,308002647.69255775,332781358.38892823,294303903.884332
1589068800,332128569.0269668,345358349.03348356,272589404.5961077,304374581.915691,289748159.05323
1589155200,315630653.74852467,331594396.0394251,275040200.3812699,298858215.79449517,278033052.786713
1589241600,298968483.71665967,324477113.6584156,286972339.0181706,307729872.36135787,263576204.216846
1589328000,307468856.18210274,328443507.7273408,296066817.1220735,313251159.3430014,265819420.657217
1589414400,313562694.82078594,346855513.0262831,299718580.9169122,317162776.51283157,283665369.025164
1589500800,329949439.1046749,331118230.9701342,295124773.1731248,313007843.0577158,261139659.34339
1589587200,313083560.1208638,322588656.75692254,298528847.8039347,315829768.45638365,255400319.737935
1589673600,315485354.66551065,332881172.02162427,302140104.81764245,313127777.548122,258455507.413041
1589760000,313397610.05502695,335315219.31334823,306213046.9145473,327098648.60092324,265864376.672797
1589846400,327407182.6486608,333258450.37638694,306371791.4805592,317149022.46785533,183127074.220767
1589932800,329001471.87044483,331275402.6473529,294899677.0517485,320258768.3550839,178517133.519297
1590019200,308077943.76205975,334138495.9904281,285209040.25161207,316309241.20739836,200848115.947528
1590105600,316336660.1773114,323692279.4807474,300416003.547461,308731804.3428079,214998299.406337
1590192000,320201862.22651494,325234625.17560923,305832925.5232616,320603338.1831921,209122430.433363
1590278400,320655466.12226605,325088952.77647674,291866881.9455597,293542532.5066891,185810173.79756
1590364800,304146463.0429394,324919724.4737967,290586316.97396374,310901145.16109926,214749121.866724
1590451200,310923815.8760101,325962795.4491404,303477613.7130756,319774493.7765491,184801027.852791
1590537600,308603501.0290332,333892767.43369275,296746704.35871214,321673358.519996,185588859.885398
1590624000,310218688.79835767,336205068.03296995,295349345.8616903,322593430.14743936,221432359.659826
1590710400,322767475.4212516,323727879.35887086,302655062.1454307,317362466.23882383,200601514.183961
1590796800,317649820.5562122,340935469.0924899,302568088.45173514,326967888.2242488,200311534.822001
1590883200,314892978.979564,339346132.9640455,304148766.03386605,318280517.641748,188091904.821144
1590969600,318262641.9971051,364459601.6959718,305562974.5529921,331105462.7162844,195204989.941888
1591056000,331142319.4511624,345146415.1087452,285080228.62463367,321031939.5068407,201141774.529141
1591142400,320959352.49951047,326939683.1172449,304478336.7385708,325896167.1620791,190140972.937177
1591228800,313828546.5399629,345659856.10435814,306102936.89199936,317851057.2440622,193927985.242523
1591315200,330081440.11585957,332288950.34962386,311419865.10772276,312304512.3851623,188217972.539461
1591401600,324223108.69527644,328546231.8302572,309279441.380019,313957711.1147642,175876705.908787
1591488000,326178007.2276577,343721892.97798,303801345.15419227,328773112.34787184,187949257.20418
1591574400,316923514.02111715,330955216.55100393,313220080.32897437,317701611.80491,186713402.246505
1591660800,317855061.16951257,333817952.72595996,310715319.8387909,317536772.19602823,175984516.300024
1591747200,329970585.9822233,337698447.6557077,311113364.1826303,321388095.79238695,183172974.695483
1591833600,321423538.7400643,336718238.3776938,294934404.8001841,300955622.3174537,182204248.126034
1591920000,301043719.91629875,322374533.7358257,299875731.5577396,319272922.9680251,194941613.989636
1592006400,319404171.8426567,320554117.5612342,303668426.4049249,319658590.58438414,188602420.368771
1592092800,319878940.4830127,319901213.0497178,300105038.29683185,303191551.0929667,173736136.749374
1592179200,314887179.4769222,320807267.2960996,289250015.59471244,318436329.66827214,198282882.751692
1592265600,306686762.69868684,323913418.826331,292999958.8725954,321685320.2366933,197095961.285928
1592352000,321730181.51456153,322942414.38274723,300052321.63192475,319389772.0255247,184597302.353303
1592438400,307546782.9094143,320012580.4303895,300725356.4985467,304782060.28058875,171819461.062813
1592524800,304817449.38459575,318403675.2055179,299950686.379412,302524855.454241,173564181.370785
1592611200,313630539.91909736,317426146.1776471,297149894.4761813,304221268.52441835,158342788.11714
1592697600,315972958.0866929,318179314.2000674,301525103.6839275,301899427.84473413,169563715.476631
1592784000,302090867.33184105,330965000.55352014,289824923.15444726,302832517.9013393,173547015.394121
1592870400,303026758.4465723,316352696.90091586,299359132.09308416,313018816.413386,171057418.189028
1592956800,312892667.4062269,326564493.8254381,287598567.9402658,302097768.22899306,178801851.388273
1593043200,302139010.8269913,315692042.2447829,281217364.9027046,300615675.5387797,160369327.650676
1593129600,300599971.15889907,313909522.1283494,282362501.33857024,286544149.99750394,151628475.546786
1593216000,286571817.44314694,299039298.1650709,276323844.30751437,281914700.3690212,151948709.284457
1593302400,293192318.66342837,299161076.3931835,279560116.34184104,285348126.6672417,173631005.996269
1593388800,285404803.36433613,300777827.5615547,282153514.7108415,299102130.666318,171822508.062545
1593475200,299101807.3792412,299560819.60561055,283595933.6406154,297314915.10226166,166328171.282704
1593561600,286034439.6435552,302786298.2078658,284560266.0721524,289055102.3724714,152404188.584634
1593648000,289026907.62368286,301811375.4634526,279885161.2829531,296092663.157211,111045270.902084
1593734400,296084843.8335657,297238677.45034754,282676898.39131963,295153439.89791906,111477263.59519
1593820800,294886250.38823783,299515451.24573636,283296123.84166366,286195496.9466435,108862423.081686
1593907200,297794739.9972524,297964449.40896535,278913020.6894731,295666368.98740125,110192059.05379
1593993600,295710859.7070097,340701717.878712,283814873.83909655,327966839.082891,131009418.350814
1594080000,327956992.8000407,423414305.4814652,311334233.9041519,394410033.90711683,277594499.199624
1594166400,394455534.67466563,712818412.923406,381683487.6019823,603184975.8637377,1212103872.54932
1594252800,591711618.7762808,639504733.0591229,493530529.05546457,544022912.0993173,520029253.273739
1594339200,544083609.6276726,549033139.6225312,419890528.52706134,442213360.4511343,227848493.191798
1594425600,442618385.7697841,513275002.24160427,425821708.92761207,486434920.5988643,156081981.916576
1594512000,486265968.0104133,492252881.46278083,436115233.3251968,455058270.4341723,87318763.9550202
1594598400,455048719.0020094,457309550.59033376,368780846.7882069,405224127.3207643,142543102.157745
1594684800,393736665.28611165,430700292.5330618,376395808.707981,406080895.25034875,103539876.014268
1594771200,417943482.19456327,418875874.720253,378853809.78522074,391898826.5687759,69799439.7495081
1594857600,391981897.3985107,393112081.3046211,350999008.0362681,378046780.010816,77598953.1712455
1594944000,366694123.75587904,391738338.7609623,364248944.9514892,390553434.65843284,74527028.9499838
1595030400,390340992.9269243,474003669.38667965,377709780.62107456,426032519.2178029,204884544.581541
1595116800,425999740.55167794,487133013.1869512,411351285.8018544,416125531.9167856,117824314.023937
1595203200,427785522.85034394,439899508.95898837,389476049.95351994,413932367.50663346,80888150.4072449
1595289600,402449907.5114068,426650082.6089717,390544247.54413843,412530296.42923784,77839886.9312743
1595376000,412765867.64091146,420542365.0248772,396057261.5390844,407097686.30125755,54216032.0679186
1595462400,407044901.89559734,425728738.47108483,403466219.7180735,422530281.07576025,59026750.9179487
1595548800,422473323.5050556,424041969.6772923,392511240.05100465,407545373.4519988,58843373.7421413
1595635200,395661435.4719012,428538797.5987229,383006752.0276982,402358727.05746394,63282435.6738972
1595721600,414659465.00213766,435474730.168166,388039628.07233953,412085480.35497725,62718190.505311
1595808000,399504893.39871275,473152625.8787736,349303760.52158076,388420076.812316,82896922.581823
1595894400,402453664.40000886,424411658.59079635,372190871.42481065,412181778.3859463,63167852.6512094
1595980800,398217917.0102106,428023723.63516057,381809751.1951368,404747841.2232027,55826352.0116611
1596067200,404567943.57588553,421683924.0844587,381014232.54720414,404826968.8337489,53525312.2484359
1596153600,404824312.3250667,431866853.7372138,386043964.8952917,413783697.79013807,54428555.5078425
1596240000,399603062.88144004,492745732.0745038,395030030.8710535,460316576.6230767,151242722.202267
1596326400,474843969.7130117,486577731.3858275,384823809.53091323,431311775.23174465,101881181.605676
1596412800,431486053.3615256,447268232.41976595,398485153.3347931,423655189.4525514,66890290.8900587
1596499200,437825386.2214663,459333926.07174647,400990711.9010876,450180229.4959665,74351020.0948467
1596585600,450271709.40003896,474503197.0435954,404444948.74551785,443314881.3981203,66480451.8564187
1596672000,443538889.42701757,464309836.35022974,422033771.2799609,458720268.4877754,62940627.7506662
1596758400,458762304.88550633,464598630.296632,409064811.01331323,437573529.4660654,68924269.6031926
1596844800,437655110.3806414,460671227.9423649,420340791.29835856,429453584.1972446,62374793.5746461
1596931200,443972733.07688516,445495031.3723077,420420533.6697813,426077358.9233847,57049967.2365097
1597017600,426181824.9441064,455796794.0110507,405337171.0096066,433860290.4274976,68070866.7087335
1597104000,433953991.6593134,465780059.8002541,405998462.3181826,415579004.6491122,78510699.7490207
1597190400,415401152.6625394,453350505.48596615,406773183.34758836,436475110.81141466,70961670.3200595
1597276800,436613362.8963083,460483593.717415,411229469.83607656,430287887.79601717,73191648.754211
1597363200,430492097.609429,462695177.1170913,425181349.2009818,459487672.10829526,61371080.5829249
1597449600,444420006.50854015,467619769.01385206,425800779.27554786,447448880.78550315,64164985.0962477
1597536000,447739850.3472811,450758486.69855905,426514538.84360063,434837907.85646677,52681211.2641704
1597622400,434988065.7306021,502388281.52676,429681040.7183655,464395243.25766706,77561432.5664835
1597708800,464555769.7196435,484226643.16345096,416727704.35104036,451596001.8668372,62803455.0810926
1597795200,451339601.3024303,454065768.03230554,408009992.40394914,444070956.42622495,53330731.9151935
1597881600,444294863.77835155,449278656.26638657,411611902.565219,433033837.2103499,43504163.5522604
1597968000,447932581.5168245,464053892.66510075,404965051.2718843,435638327.7963922,60506936.3248759
1598054400,421020356.79641753,441817968.24684227,415147230.54117644,426129439.76293516,44873055.1823945
1598140800,441267379.62630135,442662426.2522541,420952800.33714706,440000804.2497592,39522688.8799921
1598227200,425711187.91453457,447149588.118806,408735736.8004513,429660095.07823026,46383292.6586652
1598313600,429290685.9113201,444918476.59762377,391994878.4021106,428162914.99456245,76721352.73048098
1598400000,413922469.09446234,436560374.90557575,396884879.42627,419067041.07208514,80262788.5952425
1598486400,404435586.46595365,423995985.1026632,392432967.39628875,399746241.9803745,89655409.1079629
1598572800,399869871.4939696,422313530.09114325,397953490.0554183,407079502.41874963,64065615.5260986
1598659200,407199899.0783,423689413.95109594,403138042.3778359,419292795.62775415,78133283.0622399
1598745600,404878720.58462477,428257157.8288067,404416726.4745529,413252496.18093157,78985622.7494156
1598832000,428209500.8015945,430654874.7038816,393922177.12495536,411392517.44881666,85768168.1860065
1598918400,396861960.02216655,425940219.4012282,377460114.2688712,420932364.19335514,81716591.2611023
1599004800,405804508.9267237,422137813.54103833,365720541.2975423,388063820.1951524,56989281.5061397
1599091200,402362816.3780637,405267077.1258496,327482020.6521568,345938692.2851251,59350173.3556778
1599177600,358790478.0242238,375979578.92759883,326828890.5135303,356067060.5374887,53584235.3078685
1599264000,369432442.5325977,373236181.8550543,335457113.9432746,359083940.5932011,62507693.4870002
1599350400,359062812.4210938,365700487.18774724,327988247.1511204,349464652.66099155,89537920.0325677
1599436800,362386033.19332004,367940290.1311737,336552816.3340856,366579544.87106985,102235802.869697
1599523200,366632630.8429889,369059065.83082765,322321550.12640554,357675171.22131395,57215727.67981
1599609600,357786085.7990773,365820188.0949464,327484690.09124243,361559336.67503756,77129437.2891757
1599696000,361208892.12878853,370890945.3519484,335350505.8133045,365478692.0884747,103846965.075526
1599782400,365476199.4364253,367881517.69507587,334747529.13997895,354183997.11488545,134319898.995517
1599868800,354475671.3998545,370501277.2834882,337229299.2399379,355936796.39172137,117161909.90941
1599955200,356080580.17426276,360524770.1385682,335293659.48139495,352275851.8124299,124574488.205975
1600041600,339398589.06502646,366981962.59546506,336487109.7217186,363917935.94639117,127878247.259023
1600128000,363829726.0859411,372987690.61954904,348377129.6568232,354045759.52577704,100369488.043923
1600214400,354123082.918842,378483962.5932633,336645193.62521464,359591386.88076174,148417911.097197
1600300800,345755042.84502727,362995510.8700145,339095165.7075567,345449393.2589723,160980104.583218
1600387200,345704607.1952737,362581513.6883101,341573779.2170677,359002393.2969984,147403349.734825
1600473600,359182903.16657573,367312849.9903386,343948234.88464975,349844338.74466527,147424088.328258
1600560000,349680576.56631875,363944061.06847197,339732966.3774083,345026734.92907333,145773040.432989
1600646400,345002320.07582104,361281153.6827256,311946364.93011254,328884250.1904216,79224937.2394356
1600732800,329158247.7084367,347391681.73115736,314007192.9220814,332806564.692721,36569399.8507088
1600819200,345873338.3345986,346388251.82381386,307516416.1432255,323335010.48092455,29877261.7787268
1600905600,310539745.5849656,354777855.18470526,309215299.8767856,325924671.9560277,31074453.2895173
1600992000,339366624.22493136,353736342.6546298,320169573.3747827,351342308.17437047,38669840.094483
1601078400,351525876.8996334,355988719.78843075,336774899.32474506,352671746.4076505,36742511.8175806
1601164800,352775646.7954178,355275727.21024907,334860692.3702533,340774249.29139113,24619070.3425434
1601251200,340789954.6089446,360011094.9162904,322561443.417466,324411498.3254615,35361835.4510088
1601337600,324201646.6048879,357255124.9843372,322843396.7403505,328906502.7278364,36985710.3510605
1601424000,342761623.709107,342998774.27901644,323543498.03698355,327175809.99799,32232278.4087813
1601510400,327290915.41688204,345968513.3494361,316855146.3550795,335927722.33485144,35953979.1906667
1601596800,335599680.9856997,337382179.80725795,315156924.3623748,334567691.3379452,128485767.87360261
1601683200,321009021.96799666,335465842.75105387,318834871.7946162,320464269.81561613,116208718.4631644
1601769600,320180825.8163227,352018205.3797404,319623259.1677732,324021233.1352535,91494482.05854791
1601856000,323951091.23443377,341867525.88354087,322570690.3125832,341525209.74001265,127950053.13988478
1601942400,341637164.8413295,341779548.4648991,319698696.12171793,322169108.9441008,106772296.06746231
1602028800,322081943.0291036,338041474.1108483,320423278.63526964,324112136.09576875,124107382.53517987
1602115200,324146105.9292073,346763558.8860124,306737328.35479236,331926876.3529985,109482196.32131793
1602201600,332018447.8576754,351912792.05136716,315254387.9353876,335815975.9681073,100010254.12388451
1602288000,336109648.1493339,363902951.90627545,322080616.8169571,329115961.19684005,96475031.17297766
1602374400,343456106.4295946,347907584.1265306,328304875.86633515,345643095.8135744,107608716.76869719
1602460800,331263988.0090739,356585269.59293216,325540516.87490594,350636356.05399674,100844944.5519089
1602547200,350540571.9793405,351630049.3874049,329612247.5015681,347391909.31395787,77890805.08606619
1602633600,333312183.52912927,351294741.36289227,328858612.4299724,332978879.50339097,86546781.0708937
1602720000,347542890.6225953,353414380.61192465,313550796.6286087,320827955.75999874,83716705.58092557
1602806400,335314073.04921275,351173739.4682202,312190924.93123096,329932567.9499345,117133784.67000812
1602892800,330260506.51581806,347162061.7773411,314009326.8839511,331249083.55519867,125562177.36909115
1602979200,316814365.64189386,335964316.8228863,316518556.25214607,335778647.0701146,72478466.29492871
1603065600,321175951.86597365,345144482.0303052,318146710.81276053,342933108.6851347,91234441.82557845
1603152000,327920964.67169535,351594204.9617769,310907259.51778346,317325311.68750376,65551157.6122361
1603238400,332478705.5073101,369116169.7049951,301689749.2830104,324598860.62417483,44911620.46869687
1603324800,340827738.787497,351626031.59194297,321659318.1771097,345636415.9465796,44603594.41099304
1603411200,345711199.0317362,347149081.7166484,322821653.61639494,328192031.3268688,47164987.97592886
1603497600,344598055.3543455,351063914.2310278,326853300.2674266,332822312.13934624,44888403.64060782
1603584000,349300255.7091771,355914630.6933842,327303728.6422324,347273729.4657773,58280631.102007
1603670400,347365142.7262695,386541176.5898233,324035026.6887684,348047294.3593516,122299863.55225474
1603756800,348041634.8292219,367298992.04945326,314701755.584155,328941447.9058496,78904090.68895878
1603843200,328842326.56792,369387266.48498243,310756409.5899906,336823116.17784476,72923428.79822944
1603929600,320043114.20144296,346382688.2137439,313225110.2244041,341775417.8201844,58636231.61507098
1604016000,324425402.9689379,347069036.2072151,316544377.9704995,344190321.12885743,63729032.52990286
1604102400,327192115.9030224,357879690.17894775,306580377.79793304,333139695.63072187,56197322.26367724
1604188800,332774357.6514481,335379507.8500855,311373153.5432415,314404569.20138216,45417148.43572924
1604275200,331907388.31773925,351419853.50876975,302054789.02274466,327125336.51163244,50269565.12627939
1604361600,310287007.9908292,339704478.0096156,286766087.4040749,320861447.87719905,62577477.0722902
1604448000,320896200.41069525,344414843.9686129,291829808.1570682,323615969.6112323,52920808.89342326
1604534400,323831923.3816652,380473885.0107372,286459138.53324324,336850653.18264914,30350807.86944908
1604620800,317136880.62830865,385302108.011549,308759380.21494853,356545150.7372073,55237443.72447114
1604707200,356702567.89217573,380749986.2462187,309848155.07790107,339229873.7108453,44641548.02400586
1604793600,339045884.8188196,378047145.5680301,318004705.82588637,354131717.896803,22831735.08897805
1604880000,354067920.51681274,382663856.30841637,320144100.691311,331101162.35807157,28074460.3879563
1604966400,351010891.8509802,393402689.7112404,325962912.8481145,350195184.15107405,39384105.99499406
1605052800,350262728.01211107,406360991.7482861,330283342.0198686,359249752.37997395,33355012.73955509
1605139200,359152080.5521872,374431025.80043936,334425080.6814524,352117357.73578405,23956622.49390156
1605225600,372870476.8767041,377320217.07069534,345033052.3879743,373684386.78880674,24386565.95983535
1605312000,373804361.30580807,373869105.9326407,339555572.1894084,347576940.848825,30370099.4359538
1605398400,368210459.5946263,369976830.1131629,341134526.56373286,345219334.65600574,25282147.30770377
1605484800,365566352.1800594,408083955.40888494,343096158.93050003,382708657.136505,52509216.1196698
1605571200,361556182.6355606,408917026.8320744,337077090.4961059,359670206.30888146,46524295.20373952
1605657600,382215896.09109986,399535589.90145206,325036699.98366857,384467890.77572536,49981974.35030797
1605744000,384660858.32881767,393243702.7439754,352952059.2045835,385363682.620238,40315780.99086436
1605830400,362671567.3047716,407013869.6365587,338734802.1825452,404046811.50231165,56932719.22187526
1605916800,380268351.78979254,482761681.5070428,349792662.8217827,452533427.9342577,161162604.3579091
1606003200,452617199.90772843,477561661.96108425,380613379.0931976,445578180.34398204,123367602.52705279
1606089600,422112679.45707554,501914882.3142944,389347837.07244873,491148977.7285951,94034817.18161412
1606176000,467902464.8511078,593705996.3684403,436810927.13160366,560736669.610174,264430642.63481608
1606262400,561215727.2802448,570431309.9672321,446586482.17402476,476746808.1187444,176967830.18933445
1606348800,476666051.00324374,505411544.628178,371518334.450434,414938384.85554945,176291142.26344582
1606435200,415182304.20053935,444761892.784675,376541042.29165643,436679658.9245068,92309682.26934148
1606521600,415035552.93735653,455608160.4642124,408133683.87957716,429097352.3167006,58218898.76908683
1606608000,428722461.1553164,467278035.24714524,401814777.0693916,416873719.55935144,46271410.94853614
1606694400,417026778.6199911,505821856.74330103,417026778.6199911,476564431.39001775,68006112.38831127
1606780800,476697305.2471363,481886326.6067305,391807326.49520653,430244096.360918,80534204.22251762
1606867200,406424031.71819246,468119689.0980326,396915508.72340643,440723072.32601655,58918405.17749944
1606953600,416142249.2949938,474801640.29018414,408813893.02200675,445855219.5106562,48713096.67045104
1607040000,445710221.1411121,448290946.31267357,402195270.06130946,428143589.90490985,44888671.06248885
1607126400,403888395.9414596,439916156.388529,400638245.2470446,414978062.56989783,43361073.48850475
1607212800,415023338.5854402,445312241.46809083,408708810.8276453,419753765.63939327,41044972.91694831
1607299200,419897474.8445902,445649353.26472396,409497473.678896,415313399.18446505,36894399.40548168
1607385600,415566957.52129054,442705387.97178996,393478996.61197686,420132185.32156503,53163091.29996214
1607472000,420060733.0018459,427943132.9211724,359705313.88982856,402039227.26711076,46017232.21048879
1607558400,425499359.2938792,425860702.8503511,365202986.0626788,418706559.2811688,33757884.12996057
1607644800,395487739.11510307,419672503.5191202,358340138.6228008,413926865.41185737,41641715.34629911
1607731200,413769969.3959066,435001598.5628672,367618476.3601175,407782697.75242406,35537812.79245992
1607817600,383656961.80453,445609135.070017,380010892.3295933,439773445.12234306,37384115.74429718
1607904000,415156919.77323264,444055445.63171786,387214330.8305129,393235376.6651236,36284838.14534689
1607990400,417857923.1137307,424221074.46649426,388700762.2392524,421338350.7590329,37110409.6160625
1608076800,421377022.69355416,467824101.31304157,368801785.62974447,435998051.56044495,50734470.84236748
1608163200,435908002.7085602,545914110.6566807,406464973.27091134,494708855.3794685,171442852.64426398
1608249600,465978378.19305944,534668677.81830806,456406487.12230015,501743539.1508913,101736808.57060869
1608336000,501925817.03823256,556145525.1993065,463780933.1062677,486709120.8736797,98176310.89679559
1608422400,486749501.3462441,620064925.024845,471445983.25349677,598955753.0368451,501961015.4836444
1608508800,599020676.5744044,708038861.540626,530131123.0264095,609172280.1091964,667994111.639273
1608595200,638757535.3610109,669449810.690473,514200939.43520063,577964545.1052586,241535810.84501243
1608681600,577638948.7379079,615133042.1194619,462045686.1192753,504437059.88817567,206226875.06538296
1608768000,474148107.5391893,607087778.9096185,463631680.2046241,575451336.5764414,143393067.80706832
1608854400,576021678.5669194,632632018.2166281,537813508.1939224,599257596.141676,137194586.2564802
1608940800,599537507.9949706,650372028.6829681,500201864.5425698,608253963.1478754,151724198.6196196
1609027200,608472086.7550179,652259136.4074227,526503425.4767152,603569674.8391304,154667847.92681915
1609113600,603248914.1137587,631538569.7655667,532886172.0575991,586996594.3825442,99833664.09452008
1609200000,587059891.2390349,629802442.821287,527880991.50592977,594270606.1939864,90171555.83983389
1609286400,559374401.7898648,629954596.10763,558523588.6241171,627152946.8328269,95077090.30044027
1609372800,627480019.1729977,636314364.578004,535215943.739322,592604818.1873043,85699114.81379674
1609459200,629859523.5369135,758907364.114091,587092781.073581,713743637.0160189,221509350.3751172
1609545600,714018991.1495464,1831439704.3837605,705260409.465455,1317281240.074999,3358110175.8842278
1609632000,1358595357.4597297,1823311181.434746,1144193706.1154854,1226578120.3298044,2757191305.7990413
1609718400,1225635607.4133325,1506095834.3834915,921574398.4602933,1268048920.58895,1378980487.566286
1609804800,1270101513.841164,1411108683.6082368,1033124586.8662643,1305239104.2601888,685794614.516115
1609891200,1263428101.0162623,1515601639.3276403,1150997074.8124948,1318961027.0265079,748985880.3647528
1609977600,1320034988.3257792,1497924357.7838378,1114630260.2036994,1262805603.808973,518506566.4625007
1610064000,1212428779.7483473,1396220848.0954044,1030037535.1752586,1299913254.6921973,396276923.03649443
1610150400,1300560524.2506032,1430154813.107103,1140793833.2593703,1286376169.3884945,488147368.41161186
1610236800,1286515017.8883963,1431249420.1105084,1053444691.7998611,1220482708.4384382,458933279.9042106
1610323200,1269144758.1362205,1321290823.7309873,851494276.861881,1133700959.1339004,630391538.9076859
1610409600,1133636520.7876673,1218542887.6682122,955572815.5312086,1044860677.0388002,335052698.5772707
1610496000,1001432643.0124017,1208925966.9276192,909842441.6563898,1100250903.9853017,237933958.89536127
1610582400,1100369283.348386,1334352985.581294,1033492222.9092875,1201666595.5250704,425343934.1961772
1610668800,1202213616.3651433,1320563399.7462409,1011800177.8173629,1175806967.585943,400991320.90811074
1610755200,1176641088.4628232,1262484143.8993843,1085697303.2207904,1197799004.9677746,259437317.99173933
1610841600,1198378087.218662,1272994879.7060452,1082536721.6576653,1191913931.7608047,254370047.79922286
1610928000,1146423575.930734,1246309659.0353465,1068356966.0377264,1218590896.4523318,205945188.2414114
1611014400,1220349675.0434546,1309069246.2388437,1102579815.4909434,1195447310.2015526,248671893.8640901
1611100800,1148649746.1223776,1212968969.9134789,1026253122.1233292,1181573331.5169683,219812906.82673833
1611187200,1136867921.7666676,1277048904.1616151,961709602.708435,1065404751.3898479,214525323.93565065
1611273600,1065508632.562916,1170856445.432884,921983665.8032416,1056185431.2916838,186153086.1079167
1611360000,1098452400.562824,1200138001.8107893,1006162349.2494891,1069430023.5699822,154623906.28332672
1611446400,1110021974.4990458,1186185006.0888395,1031026431.6704774,1157963946.7026901,161814918.08383766
1611532800,1158096944.872034,1251311937.0057697,1022808756.2204081,1074448533.1608098,180669809.04831567
1611619200,1033329243.9455248,1139832133.8252892,987954758.4450601,1082669051.1323812,160772667.21753103
1611705600,1041689309.7978743,1085304627.0582578,896360536.9357041,974520093.8040535,204524915.94642857
1611792000,935723797.9117832,4904260412.29623,919506345.290924,4719692977.582082,9240715779.028412
1611878400,4720734917.787858,12867814048.232077,3812557019.1285706,5881389856.890754,25950101663.392765
1611964800,5884799655.440415,6581128202.130214,2695346984.3396444,3607166935.7530756,9400818541.547314
1612051200,3649127003.7829976,6698328981.9716015,3218695227.3940015,4757764830.69992,9070125700.823715
1612137600,4753821228.056878,5788764123.236848,4061941432.213684,4470579535.775846,6334789943.173802
1612224000,4470111365.088575,4892605523.919666,3602017692.0340195,4052309248.3890934,3093858588.33146
1612310400,4006456197.664197,5273381185.26838,3812406008.8995957,4735819815.282017,3079866267.8078294
1612396800,4737173502.40385,7753670056.173691,4362554045.291605,6782578022.467259,13256046828.811848
1612483200,6782700705.720601,7231681310.219399,5399035600.012446,5994071157.327746,6207222277.601648
1612569600,6046079556.933972,7836063186.90125,5591366778.383657,7404728658.566178,5887847746.128011
1612656000,7405218585.50492,11568717114.484055,6668309850.1155815,10021647978.918833,14228200668.771618
1612742400,10024927568.452967,12114353958.943815,7959007381.773596,10066746026.205555,12912115592.009266
1612828800,10126154737.670795,11319485749.101404,7856903981.323858,9010301406.93036,7358099970.764178
1612915200,9012410793.976023,11120051341.372746,8193992640.34609,9323441429.78093,6813593936.466077
1613001600,9324763820.824087,10498854448.333212,8024237582.653283,8991101511.401543,3823634783.0177193
1613088000,8933547262.233225,9675659541.894558,7601505462.934614,8950192970.245218,4159944499.382044
1613174400,8948328342.396067,9345338599.490229,8311620724.629273,8487498457.162942,2632338167.002301
1613260800,8490686940.661548,8996647217.019243,6890065474.241109,8058217698.009676,3910318307.0104203
1613347200,8057813259.016821,8502732681.977176,5998493534.630539,7200558487.649115,4988359435.549168
1613433600,7265736675.312676,8058340811.331798,6281936532.394791,6883695499.778506,3412728856.7988615
1613520000,6881168892.247228,7509296961.836013,5719339648.999291,6363311655.043031,2932549317.0134344
1613606400,6362980071.593626,8439038023.22065,6077371627.474828,7553449353.526374,4537239514.4991255
1613692800,7552939252.713359,8400444509.732551,6308375801.983734,7045188382.171784,2941099721.545104
1613779200,7118691266.844315,8128909704.706405,6519216259.383229,6971608542.862125,3170220399.1198845
1613865600,6969784887.625578,7800707660.550151,6634320395.25027,7164330238.275708,2458378963.191893
1613952000,7164804596.17377,8137719839.261996,5676250772.300667,6888683490.724691,3358344508.419062
1614038400,6957614095.24288,7243030422.038795,5253470835.6421385,6096290221.607884,2391884953.4116855
1614124800,6160027926.510531,8064834211.525754,5859308412.57193,7288155349.418089,4119081108.2128377
1614211200,7350166641.854622,7697984491.53384,6242947841.3550825,6413236927.880933,2344905093.74855
1614297600,6472937758.816194,6914872052.264127,5956741794.867545,6490987416.638361,1709388383.1774912
1614384000,6492464129.530985,6838818741.123461,6080286733.808537,6469022007.722348,1286558838.945404
1614470400,6466392389.81358,6660373651.887895,5697115705.382322,6165040186.617307,1414888457.411645
1614556800,6166908686.301954,6983978513.9477215,5848960294.041623,6510099508.68623,1500064343.9107182
1614643200,6510507754.105784,6914640646.201908,6113067021.222097,6548814117.1568985,1344569743.9865224
1614729600,6547790246.772879,7111532475.215216,6070713622.997049,6479559826.566261,1092197421.27805
1614816000,6545680920.849579,7063595762.053361,5987326233.124461,6406201200.779328,1172701145.4083102
1614902400,6468737533.469813,6810994405.542646,6012763658.140222,6396829255.384394,1171922047.6156034
1614988800,6336806424.995432,6904055507.4443,6118819332.8640785,6542856271.3470125,1483532709.1239505
1615075200,6608587575.491135,6953487591.367268,6293889390.877176,6689934931.241995,926989440.1246583
1615161600,6690780695.974318,8163123226.154989,6347297868.649071,8159774207.172322,3495288263.3152795
1615248000,8161534562.842764,8553620724.552323,6941754548.909071,7421347335.262336,2490181742.8495293
1615334400,7492870091.822347,7904030942.010743,6620779637.9788265,7189098727.876501,1550241905.3000782
1615420800,7193589271.986711,7557677642.152973,6707214028.515559,7142781576.455418,1241333384.950145
1615507200,7222847688.395032,7476726528.49676,6730730961.557365,7073896465.88912,1286792500.2887857
1615593600,7148829280.684705,8191037598.034026,6787206474.035035,8111903278.360715,1754101447.304311
1615680000,8113993395.100546,8258853596.030955,7289488431.330446,7520359825.603247,2845484890.7774196
1615766400,7518555467.354138,8113560312.635956,6676790490.608637,7306629651.790502,1744903148.0778992
1615852800,7306148293.055093,7847067425.10323,6968019184.652359,7623313688.11159,1399351012.9594371
1615939200,7552031441.76671,8053175146.918158,6820983555.471364,7436642762.845139,864128799.9902078
1616025600,7515679812.78473,7815179153.869527,7123977158.143588,7350471886.979728,907517934.9478967
1616112000,7425872044.354211,7889167421.7461815,7029705003.36326,7558282963.043368,968969758.0898037
1616198400,7553574188.848331,8027646854.721343,7368163822.747094,7637539784.598969,1009566338.061195
1616284800,7635915581.088786,7864945810.903229,7082359770.09563,7467308588.733775,759119085.2778736
1616371200,7395623309.98018,7755936587.099378,6856114548.813954,7110512720.431688,699640767.4542989
1616457600,7113156060.23995,7415314995.200852,6623974100.977093,6936444992.917617,1037998073.532848
1616544000,6864582485.086248,7448473831.418544,6460770532.937505,6672404030.375798,933746223.1928775
1616630400,6671981093.5203285,6931794375.9328,6233603419.198456,6549901977.942848,1083748465.737494
1616716800,6615338533.535477,7176834787.307924,6476247160.253693,7028616527.470834,775591590.3465387
1616803200,7030471272.426888,7377801031.510311,6750615456.931374,6985363301.527391,754280390.9599798
1616889600,7057389736.844763,7148930953.819892,6770743388.300311,6905854399.501439,460089592.2419199
1616976000,6906663780.560033,7388775450.401246,6513648819.7780695,6983841473.64992,537836785.9094881
1617062400,6985414674.805283,7276630173.853518,6692647908.088336,6974038284.1303425,729145427.9512804
1617148800,6975415096.677532,7174130592.31784,6523024810.457867,6901189399.052657,651680954.049698
1617235200,6901277168.893829,9361571195.90852,6800859130.257725,7955057246.280047,5757272342.956817
1617321600,7956588078.680575,8292702460.015588,7316941918.338947,7460315077.162405,2181474171.661662
1617408000,7459392852.726761,7795580824.615818,7126946228.3325405,7145603888.737569,1146188310.849566
1617494400,7219165471.285476,7549057709.214332,7069598612.444221,7436718545.562931,942621516.6095396
1617580800,7362461495.559561,7878460380.754331,7112125941.531034,7706482463.280506,1499624431.841529
1617667200,7708007833.91258,8597091414.806921,7325945954.244836,8312940529.842433,2611580593.547389
1617753600,8314389782.94696,8858946540.29157,7299411816.67594,7582156039.550995,2872395926.306519
1617840000,7582673094.952768,8258701868.086869,7478892997.967496,7947436716.651362,1058961994.67989
1617926400,8021843652.247357,8439088499.265187,7739670806.832951,7952762265.335525,1066244849.8858366
1618012800,7880220619.721831,8614826656.883324,7548878070.735366,8259116684.077404,1362210515.6301885
1618099200,8259621249.014186,10576837541.33366,8024740898.632025,9604152752.513178,6637007658.105014
1618185600,9605990975.109024,10039705892.479664,8820731013.222055,9197015896.367868,2695494020.624609
1618272000,9197234575.364182,12523959991.847244,8881459880.300262,12238611456.791687,7134506524.604832
1618358400,12241481060.283882,18947303608.523617,11483511735.424025,15701022400.60104,20923128072.05845
1618444800,15700594699.364786,24992282633.036148,15147176029.553686,23611311500.985916,17628060922.403706
1618531200,23614443583.12651,60806808275.622444,21962311935.552437,47234113685.20454,69784310712.02936
1618617600,47240486271.29288,49989535249.85637,29470610723.286087,36555929353.49162,31920199295.171143
1618704000,36567240396.67249,48811243345.45773,29465720785.912533,41743933849.701584,23343303469.67927
1618790400,41740262611.09001,57731132766.76679,38216987443.9411,52909930151.35188,30603634476.39126
1618876800,52915662088.967,57074785174.0071,32995396359.56149,41048139645.99069,28164866171.23532
1618963200,41118142521.84457,46008185230.43381,37022825167.34963,39579947306.35346,12858209848.49017
1619049600,39596857261.41777,41326437919.75114,31048804802.33905,33746112767.664467,11925031569.675386
1619136000,33689421273.851852,34850777798.31834,17586736750.796566,32359645598.737156,16068447321.073286
1619222400,32363835055.97709,38291267717.606285,28852479924.643375,34934972377.686646,11100455330.145737
1619308800,34943854102.140205,37702119642.13669,28876617339.529625,32596148929.032238,6802782630.543611
1619395200,32595849846.753468,37015623954.57523,30881307629.29475,35181472692.39012,5212416681.557838
1619481600,35166606711.16341,36771359963.61913,33529508004.79745,35270631551.84065,3611934547.534471
1619568000,35274675867.55023,46772169269.3661,32888014160.725307,41902694786.0587,14339785942.462452
1619654400,41832543878.16532,42664743893.57299,37819732503.67121,39524406455.68408,5060397887.203851
1619740800,39527024643.10926,45060689362.92724,37637753145.69057,43746891651.74671,5261025346.219754
1619827200,43754215519.83425,52204299163.65222,41802357496.02049,50695249067.91684,10057368242.60941
1619913600,50634717861.51801,52301628690.82374,46677576290.8958,48446506320.41188,8145885292.060472
1620000000,48517558549.05915,60247822187.12514,47472373797.11713,57097844412.21102,10461665744.919176
1620086400,57182317555.20033,81963867300.2726,49138356827.09721,69751614204.6441,38206524391.86943
1620172800,69809426751.62473,95718609748.4764,60874317455.98745,84814137087.84114,42247522686.48561
1620259200,84825218315.00491,87912586905.79143,69135302551.64717,75275895226.48802,19076203423.652836
1620345600,75272844300.97826,97879094127.97542,65950590156.16979,89391423283.3697,18981038747.779213
1620432000,89467811698.80185,98472719306.73404,76082151943.42375,82544767029.89577,18981038747.779213
1620518400,82613368228.67746,91677353408.49915,52836015625.80752,73986631113.65216,18981038747.779213
1620604800,74013479840.83899,75702508068.28569,53344116993.2818,58392716786.60774,18981038747.779213
1620691200,58417263314.87801,72983898265.9763,56218188871.37405,64051242183.41068,14573971108.491478
1620777600,64056780444.70605,68700340387.90023,48886604244.77084,50626883120.29057,8675816433.077724
1620864000,50558972973.0602,71590383338.41086,43676403477.80435,63417719896.00531,18848094715.175037
1620950400,63435717348.07919,78386300577.30801,58858727753.4488,72673179364.53789,20728249745.236855
1621036800,72688994279.50311,74060239976.43152,62144829860.337,65873469672.88983,9881821430.361103
1621123200,65891100125.74863,74181247457.93227,57713739039.5563,66601971096.64558,9487172445.578424
1621209600,66605337538.00789,69056554463.31522,58340669769.99789,63215111732.71218,7390795692.23057
1621296000,63212220719.99513,67116741612.4017,59411788461.34725,61709181589.87448,4815059076.048442
1621382400,61677751066.59032,63862448423.13065,25290311235.22263,42890697785.51364,15074712078.040688
1621468800,42962410374.36551,58249651419.75091,38168445669.71532,51665990648.27367,12390353846.655281
1621555200,51667340880.67152,54129694305.31761,39727499486.94827,46484859262.76884,7396090977.893197
1621641600,46529776802.45685,48854708434.20956,40063811255.86405,44342925982.84031,5260562072.402042
1621728000,44386995334.8561,46356956110.82368,32033000041.476135,39827136287.98918,7149823523.238434
1621814400,39794028575.92288,49726108065.96621,37733507240.27672,47583898310.05043,6813192411.854927
1621900800,47544575841.43822,50310906864.93485,41568544020.87946,44972519982.25215,5571755457.585639
1621987200,44968479311.31415,48496443245.99781,42621182921.09584,45840185503.75755,3362159020.9695773
1622073600,45896417780.39439,47268634119.6407,40829039009.31848,43359562279.95398,2494459643.5970297
1622160000,43391092537.21561,46147291029.03637,38247224641.80845,40433789500.77603,3290179870.8175645
1622246400,40440427115.40815,42681923267.70149,35948874856.44721,39320193461.23463,2220831466.5016217
1622332800,39342881052.89086,41657504301.64965,36287987332.48665,39227156616.72026,1922448338.9259331
1622419200,39224657840.36432,43365955234.9393,37024359311.48075,42333446376.85292,2444611572.5625668
1622505600,42305467463.62797,51702001955.07497,40003905512.97069,48061073912.39417,5721055928.886355
1622592000,48019487832.88527,60133518179.23959,45579204105.21313,54997446096.12329,11515050146.908104
1622678400,55000161707.73618,58969743437.56339,47256436664.68766,52016294186.10415,6747223484.890413
1622764800,52086469668.68063,54476961582.66767,45059002638.02641,48934168438.56899,5903919729.869059
1622851200,48883603423.24496,52762888481.1406,45743748232.74464,48285315370.60401,3450352697.4221263
1622937600,48243840072.33062,49629455494.05851,46716095775.53745,48233527306.18903,1837632038.0941212
1623024000,48237911951.53584,49734885581.83949,42265288342.90803,43067497247.92147,2982656907.9103026
1623110400,43053437338.40473,44979926601.7719,38402647229.79445,42416999219.69692,3965926864.4017544
1623196800,42418312351.36272,47818683637.82623,38336318952.29125,44619070674.1054,3163989293.0223594
1623283200,44589158287.10752,46096768765.3324,41005033056.21444,42434597443.9662,2118984858.4917755
1623369600,42412623257.491936,43883065941.28009,39630904302.1859,41444856181.96288,1838616765.6593091
1623456000,41449231437.24025,43767184280.30061,38016685512.07788,40617351752.42091,1605870089.746661
1623542400,40630742586.36371,45481983215.06493,37404500025.51705,42112180266.39153,1477997843.0008795
1623628800,42116897961.37009,44689109686.88998,40408396053.00614,42584819113.5394,1826907381.9462576
1623715200,42588965227.27021,44087328453.76648,40526786534.79388,41636347436.64056,1507875644.033303
1623801600,41683469486.7654,42607165013.29525,38890686614.23445,40047900745.57642,1387745878.2148693
1623888000,40055627181.63518,41935522455.05204,38255834778.49034,39819361101.77823,1119181374.5534027
1623974400,39829719499.78868,41797751999.14669,35614784341.41636,38122785343.31802,1846242918.5767217
1624060800,38134085817.45333,39218039305.82579,36424028162.40106,37173363219.02127,1002885518.6072727
1624147200,37170069879.82127,37976864043.65702,33146047111.505096,36489413718.70348,1962266840.7930453
1624233600,36494309260.34194,36700576167.87078,21431023262.693905,23252010124.072132,5526360127.720799
1624320000,23243092448.732407,28398703740.807888,19868951099.592724,24849218006.800472,5960775845.558578
1624406400,24855235815.451714,32570499836.37577,23441078373.1685,30593015871.30213,5339442576.723851
1624492800,30610394052.26596,35649011771.56172,28687817741.412888,34339790367.988308,3843466662.519333
1624579200,34347765886.28442,37931810357.75923,29569076028.788082,30927811274.98832,5591924645.51736
1624665600,30967111089.403168,33515739110.75934,29393775225.554024,31975882524.498466,2616175472.443542
1624752000,31979594815.18635,35193371151.717926,30470049313.29834,34463169739.627304,2066129805.6581707
1624838400,34482078798.85606,35309876664.364685,32421230423.14945,33502016957.01065,2015029857.0466597
1624924800,33513166247.534294,36610499141.3655,32336730972.050953,34277975237.29031,2186812767.4780507
1625011200,34321086659.55144,34508227638.2409,30955539341.86612,33089247915.592934,2049835048.3229513
1625097600,33115514051.125565,35829262101.68874,30293244374.037247,31754446367.30123,2463976482.1670985
1625184000,31743977096.65387,33108622273.99716,30760903772.509583,31930114701.403187,1319622421.5855143
1625270400,31933631119.329533,33147014485.20335,30789783471.56427,32085426724.466312,915584148.6344652
1625356800,32131634708.095104,33363653601.781513,30923167172.315582,32145976061.810932,971923929.266095
1625443200,32094909467.442562,32880115067.781895,29220168580.92636,30124635708.87645,1267191809.4102154
1625529600,30134618316.31948,32211882920.484043,29622820382.999905,30561651100.563797,1270381826.006851
1625616000,30514117228.101112,31408662185.639202,28725478424.191364,29236891724.902256,1143806307.1084847
1625702400,29190038058.185314,29423200653.347897,25907301830.066803,27005663025.51028,1795476608.9182713
1625788800,27007191374.38337,31083943979.08727,25374481019.862324,28657558410.759842,3047892670.1929116
1625875200,28665920379.25584,29884478650.302834,27118181906.841442,27882905777.139343,1268004257.3669345
1625961600,27841432767.38848,29158226823.43064,27340966454.54921,28183018913.656296,718877601.111002
1626048000,28196759768.349907,29299228318.431087,26414075567.123043,27067961092.881947,974366543.0913968
1626134400,27105352956.298096,27393481108.65909,25576164981.246872,26078494753.123756,1035753504.8329391
1626220800,26087887747.035324,26909026456.601864,24020465797.28802,25813874229.448853,1320030088.5714164
1626307200,25773472313.805187,26235280420.028778,23504095989.488396,24186895418.79214,1038207383.6720884
1626393600,24205932161.409603,24829619876.85214,22062930437.98248,22445731369.64447,1143943905.0441992
1626480000,22485758494.4041,26844521059.365913,21926625220.882088,24435262763.77311,2381803842.7500353
1626566400,24432117753.589504,25655064015.496284,23188573177.684235,23683073477.78771,1440265675.222728
1626652800,23689230398.262947,24137998142.681133,22030078966.27097,22652749486.49397,1089620172.4007714
1626739200,22616070046.875324,24445199290.60646,20798944120.62698,22281126808.52079,1809498995.055376
1626825600,22285275920.185238,28493460105.086716,21950655078.614376,24833248647.41177,4438754933.586472
1626912000,24835817205.080086,25839194713.36515,24225487158.535564,24955676044.28881,1641938151.4826586
1626998400,24957615370.24532,26717209086.11583,23816558715.856075,25440557265.559517,1434342716.0326443
1627084800,25443697358.25456,26779487425.379795,24877219314.87349,25743868271.147015,1699836376.7203393
1627171200,25748578224.899605,27032122070.582207,24732887814.803574,25861801912.012585,1248480497.5428445
1627257600,25844911431.40854,31659158273.505104,24113007418.7361,26602530637.25152,1392280742.8589165
1627344000,26598840273.10765,28274642686.901505,24748512532.606354,26896288097.098766,1392280742.8589165
1627430400,26913798231.924168,28760818977.016876,25847977827.86106,26874383415.935104,2086744661.357036
1627516800,26847392667.62135,27313903945.89136,25969149552.07645,26797449855.463352,1392280742.8589165
1627603200,26779747965.44874,29028125872.28306,24596713678.17546,27310547415.671417,1500585005.954251
1627689600,27281272800.152397,28277727371.80335,26409790040.00144,27073552520.804195,1392280742.8589165
1627776000,27114882933.22811,28840242430.62408,25709283107.92126,26674819202.436466,1699430803.380128
1627862400,26681014560.669018,27702729099.005966,25835239632.673443,26610962316.179253,1190036435.3006167
1627948800,26611687861.206272,27147853559.853718,25077733912.09279,25650963616.97798,1125001783.9388883
1628035200,25652603604.919033,27426987840.842125,24654788813.295708,26329156938.60728,1083846185.7152998
1628121600,26336250615.635426,28212163784.690292,23709044494.225464,26246680080.011703,1134798629.822792
1628208000,26249250501.453278,28365219723.907433,24824240088.402573,26772990801.574055,1325336579.5822437
1628294400,26790823000.087994,34403456067.83493,26455406801.574726,34309626686.763985,6199591906.691396
1628380800,34242037794.475166,37649062398.30862,30542292419.471844,31295011922.08532,1392280742.8589165
1628467200,31347390406.027386,34953558646.43092,29893487440.00826,33465654400.58091,1392280742.8589165
1628553600,33401228153.09458,35058843019.84774,31871590295.437485,33560515950.866707,1392280742.8589165
1628640000,33561144933.118183,37168602169.55566,33266915648.498726,34537566801.75536,1392280742.8589165
1628726400,34625370283.50737,38698990740.52743,32875411895.63065,34581069659.23841,5285919478.662374
1628812800,34519758906.6947,38309318831.92707,33815593923.1911,37492670104.6703,3541757370.158716
1628899200,37496644337.06569,39717147030.52523,35718407602.23342,38532623324.89367,4690275312.592487
1628985600,38539999650.12844,46028313553.37714,36637323507.40501,44552983974.53691,7965462003.582063
1629072000,44495605565.07233,46491446408.13582,40528944610.85295,41828347379.11006,6702174398.004851
1629158400,41831890673.06137,45261190160.2795,38542555434.28656,39185277315.75964,5685192213.697896
1629244800,39176425355.0705,42780095451.72633,36357120172.17249,39687295555.48115,6390467923.673306
1629331200,39757756354.94541,42656493328.67757,37918718834.76846,41572713932.70939,3758002925.222912
1629417600,41576761679.76838,44768515226.68799,40192612299.64924,42835210829.59981,3506781459.6261344
1629504000,42906015563.52948,43705390780.2007,40781640925.55973,41471088840.35562,2609475475.2443414
1629590400,41476229159.10433,42432348510.30653,39856733775.88048,41183282846.07744,2231251676.0474157
1629676800,41254452405.47372,43214749939.02314,40524391487.8379,41648972456.14331,2837388482.7757587
1629763200,41703374679.81396,42074656764.67328,36041122468.83461,37874969620.79243,3134267966.879478
1629849600,37799422026.05784,39565824444.20766,36422990264.94705,38325690346.72112,2536761801.423387
1629936000,38394023051.99563,38873834023.00839,34456309319.04666,35179544384.98582,2418162942.3424797
1630022400,35238519457.0529,38799946328.56504,34634183896.8006,38590745539.03294,2385931606.707003
1630108800,38431969134.16555,39191535669.71157,36655220853.16746,37285096990.20624,1392280742.8589165
1630195200,37449361061.34825,38399215826.55401,35896415334.6274,36775492454.72041,1484086561.4616392
1630281600,36612607958.10131,38097873858.29603,34919506486.89467,35446758036.37606,1392280742.8589165
1630368000,35662539819.7586,38210620653.781,35207795237.75135,36521085824.18924,1747990190.7400267
1630454400,36343299159.07604,38848788625.5282,35525322095.40093,38377174601.51122,1392280742.8589165
1630540800,38686530710.4775,41756932330.67301,37801921120.56632,38641132194.35856,3006753029.393697
1630627200,38524507821.67805,40164385910.91661,36849950887.35044,38709068439.50058,1392280742.8589165
1630713600,38646458606.63031,40773247255.05552,37640631165.26553,39040482058.67554,1392280742.8589165
1630800000,39110430887.77462,41989282652.77079,38501878814.99172,41024158975.69641,1392280742.8589165
1630886400,41024178549.83286,42583219370.33272,38946941175.37647,40298008100.96677,1392280742.8589165
1630972800,40513229895.59171,40970755329.2911,27483804989.132812,33454050920.731316,5653146121.635848
1631059200,33468311228.576103,35430534740.29828,30545892607.546356,33673103468.010693,3236055400.4347363
1631145600,33541621689.41631,34826770753.07518,31957976179.390434,32993953010.668198,1392280742.8589165
1631232000,33174408380.798103,34502266515.73805,30409702002.950596,31490069368.002747,1839999101.3925493
1631318400,31493082408.002106,32777465399.997253,31066630701.206303,31652862681.790955,1193123456.569953
1631404800,31657175373.556335,34230200734.858627,31195478030.283356,32812687314.93525,1469123926.188781
1631491200,32877928203.73787,33609498896.34548,29688555018.539436,30986010128.056984,1822757710.9132524
1631577600,30991853761.66654,32704762263.148434,29687909587.31521,31617467543.026203,1020181569.2573926
1631664000,31357687002.077106,32636771998.261696,30788522006.672295,32296303383.561886,1392280742.8589165
1631750400,32567166392.270412,32796550270.67955,30570076455.73399,31799905366.938145,1122247841.350398
1631836800,31604204981.55468,34011613669.992256,30497391960.32513,31288038309.737026,1392280742.8589165
1631923200,31557622975.294594,32698900769.249115,30716867666.44471,31664651670.113407,997499886.5615377
1632009600,31663024323.06141,32038971771.550266,30219021960.93275,30597010617.520973,892366197.5188453
1632096000,30603583497.86888,30719170270.876072,26068332144.18627,27405024171.397514,2240405639.0788393
1632182400,27402544863.266315,28955368667.093777,24964468860.1605,26406599844.08879,1749446842.2864149
1632268800,26429196822.996983,30664628498.414547,25594681212.15787,29485882326.078365,2024393416.0687184
1632355200,29490672562.029896,30514124764.574295,28094672814.27622,29557663288.443413,1168307997.0299644
1632441600,29499790778.488056,30332519975.555172,25463692682.16889,27477432484.67054,1880102020.2398076
1632528000,27534922956.08404,28147740387.29365,26518537504.834515,27395304182.60984,1068108813.483991
1632614400,27449763698.133423,28304740322.938583,25208557298.35744,26912884620.774162,1146520404.9034772
1632700800,26901311964.512184,27756441912.16918,25858823103.692036,26281942081.18092,839377723.546483
1632787200,26222659663.253937,27103549685.99063,25319300740.02371,25844175044.396343,864182907.1051127
1632873600,26159006254.24636,26486676253.631657,25776724150.00449,26159006254.24636,927439569.492323
1632960000,27603072084.047333,27603072084.047333,26623421652.28845,26853927945.646935,914273226.5747424
1633046400,29519598235.158817,29646291998.659885,28379355678.800293,29266210708.156685,1431844089.605066
1633132800,28802034243.656246,29175279097.381516,28117752446.807404,28553205211.134357,1392280742.8589165
1633219200,28484432135.165108,30019862632.270947,27921151125.179165,28891605492.081917,1392280742.8589165
1633305600,28952860794.70938,32820758441.414833,27424132481.9263,31550562713.066425,1392280742.8589165
1633392000,31753524016.797466,36607041997.81711,30216232930.49345,33135065611.295,4638647159.125245
1633478400,32864213024.348606,38506972005.29774,29401856251.57948,33146974474.88933,1392280742.8589165
1633564800,33434892031.486694,34604597004.23716,30264083983.6378,32000340251.503693,2965332979.0102887
1633651200,31668877928.40748,33916970110.339455,30874111875.742672,31826103917.1395,1392280742.8589165
1633737600,31828473692.59319,33167592565.290344,31176253026.317917,32134473557.935257,1392280742.8589165
1633824000,32418834340.347332,33488993084.876503,29207886843.420506,30096768484.05566,1449739442.5858917
1633910400,29824523189.972946,32025677897.62429,27992502767.390972,30235115496.05752,1392280742.8589165
1633996800,30427643470.559532,30987758355.62248,26981861684.959564,29791855426.479954,1878844041.007884
1634083200,29793224033.982098,31420302090.094906,28144089839.22115,30674210734.024536,1453578840.7925706
1634169600,30603613834.192287,32300564367.85381,30082738541.173435,30591494207.565266,1336157621.9322045
1634256000,30671440130.770477,33639611937.688354,28167933852.73542,30863991195.63789,1835206572.5716836
1634342400,30877122195.294735,32941906274.210854,30024779879.6854,31269984180.531242,1547879310.475784
1634428800,31274599644.381443,32352210965.470753,29654006068.706566,31288448732.27049,1401182270.8198032
1634515200,31370432842.427147,36995126198.77784,29957545029.778885,32617136611.03359,4983679659.364447
1634601600,32527139339.957397,34581694647.77384,30383408668.866875,32353867972.53187,1693942139.8442047
1634688000,32363080893.758045,34784600631.0521,31395963094.283066,33582384301.31768,1825106956.5778728
1634774400,33501805955.207344,34694707922.49284,30132342280.869366,31892056327.847366,1746950552.404704
1634860800,31892728351.27943,34955012315.21362,30128114040.142,32157729372.771675,1821050471.0326667
1634947200,32239139113.245335,33852912405.331326,31207564948.82557,33137858869.442074,1501910503.574789
1635033600,33052203012.25832,37768845122.81085,31775368845.17017,36353549417.17468,5169588116.399124
1635120000,36271356864.11148,38643795368.29158,32868943680.967693,35018851655.98096,3426920389.2802386
1635206400,34943381571,36552095741,32820406313,33809369942,2506517096.2600155
1635292800,33735318523.51897,35597732641.27217,28737370571.062088,31384791396.10516,5000308544.046052
1635379200,31470009261.415672,46903132221.95049,29969377472.15606,39562868211.00973,20297920877.670067
1635465600,39487878521.4828,42026780149.50445,35962879041.0239,38034566167.48656,5899873239.538283
1635552000,38035613965.53865,39494639243.9578,33713913879.597404,35438504778.05197,3625338211.6968513
1635638400,35441331874.64195,38637349224.02542,33253493769.57049,36912721656.53079,4213547699.76526
1635724800,36998417523.79947,38427027279.26017,34141581968.663345,35865435250.91727,2791196559.3057475
1635811200,35871914492.84925,38697762713.96839,33944277657.2466,36232072602.27922,2338242513.909961
1635897600,36153979497.57798,37074519206.07167,33396370958.21047,35465957445.14092,2093486531.909468
1635984000,35470092310.6094,35994926002.8971,33410743462.56378,34794209346.44157,1892947004.3049316
1636070400,34793585711.53984,36248100125.79969,33536505726.907547,34390580506.23374,1566095029.6336882
1636156800,34389856205.58846,35617570973.29361,33016579126.13618,34610263670.61917,1353055599.514193
1636243200,34611320818.575,36363738093.78483,33882905414.83683,35190793712.15901,1147985446.5952811
1636329600,35278197208.56149,40459224258.22306,34191429239.151165,37196625520.84553,4088633455.7084174
1636416000,37286755944.38066,38919013120.80136,35180772195.8536,36157695421.3774,2358227098.8353777
1636502400,36157610748.96899,37540586997.95354,30861572865.41144,33787216723.16775,2807266400.3325634
1636588800,33787088296.514507,36045522008.33605,33201759266.32347,34416204807.95936,1634047810.7613795
1636675200,34496621475.92385,35807589707.84044,32743800856.77019,34318787110.790543,1557480590.6185088
1636761600,34234474954.25242,35282269264.11826,33335496516.869507,34543113266.66841,924531294.8649085
1636848000,34544978630.56314,36608221530.20217,33697806896.60907,34701600602.24634,1258721241.249013
1636934400,34705125681.12475,35594867555.23134,33243774672.882442,33874477606.2656,1032328036.1201009
1637020800,33878269207.567326,34299965787.76519,29430761529.603977,31224873830.147217,2247047020.725661
1637107200,31221707744.209854,32084805582.580215,30128042741.853695,31350058754.713955,1543619472.7195692
1637193600,31354455246.54814,32074112863.652767,28308912404.715214,29188941398.971542,1849996767.7306895
1637280000,29261264758.437675,31726547234.36894,28078359447.154774,30778599796.728954,1303272003.7299075
1637366400,30950971053.53522,31890803786.763935,29305585609.809532,30878163311.131733,804843444.7905473
1637452800,30878789953.406693,31029630898.410748,29566933950.5786,29926528567.528385,744632435.5849544
1637539200,29712022114.87825,30620299982.667767,28049339080.612953,29038512043.003273,940011810.8892334
1637625600,29056013616.7751,31669876644.64542,27976357033.129826,29920224454.83007,1903366822.25799
1637712000,29998236818.23061,30604803907.88709,27882178581.021492,28735904438.312153,1323178102.726133
1637798400,28656642001.047337,30494542894.370766,28068043280.61262,29171361014.219364,1220982621.3279266
1637884800,29179899930.740494,29675732235.673714,23795557718.448147,26650982421.85144,2231336089.354334
1637971200,26733722773.178467,28109119498.367596,26472322003.026844,27173624460.946487,914284399.1246972
1638057600,27096512332.160233,28503614627.161095,25330462255.283424,27454228362.373184,1024073203.280417
1638144000,27455957006,30777135420,26728208748,28474804567,1860819626.0537844
1638230400,28477750847,31177314589,27551429955,28438051380,1900009331.0176249
1638316800,28414547715,29962988368,27157266842,27713117333,986960241.9918914
1638403200,27702724094,29767523406,26683560332,27689488201,1881373536.964938
1638489600,27692324434,28592457351,24925739441,26434785801,1263314369.8060055
1638576000,26516945151,26675808527,16879233683,23657404386,4385392710.333336
1638662400,23712826887,24176226630,21462028131,22706587443,1644996759.540415
1638748800,22669183402,24456765037,21066980603,23556353546,1886448679.0421915
1638835200,23558756773,24896269103,22949592742,23399844417,1086890408.750368
1638921600,23402189822,24408735621,22130763550,23680314319,1014612342.4028404
1639008000,23762236420,25298702097,22186034561,22371470074,1073073408.4762003
1639094400,22492943603,23618915456,21552425937,21751126853,834984309.7742475
1639180800,21899077871,22892683945,21183681497,22442249191,705917245.8381623
1639267200,22457824407,23411785090,21676106625,22510822223,593546308.6811218
1639353600,22473390459,22672152757,19995487148,20856790438,968089429.6720608
1639440000,20845648933,29870370436,20434831948,25324879282,7083518634.667569
1639526400,25274468405,25963651603,22610510278,23975623149,2470841692.935175
1639612800,23991337491,24720356033,22811652940,22930946883,1064841313.935113
1639699200,22946573380,23476823487,21249773038,22363298262,1030411971.3450698
1639785600,22312580497,23479251372,21928109413,22816370193,660067010.7736449
1639872000,22805475584,23614274428,22116007718,22407705661,540411738.016864
1639958400,22423245108,22993439987,21216553621,22211079572,911666112.9746408
1640044800,22160316639,23353870498,21470707743,22650999892,623099826.513092
1640131200,22640065544,24138792788,22308488720,22958379295,930671051.3955824
1640217600,22960731211,25427915500,22629120419,24539198579,1163919427.243282
1640304000,24461992118,26398787590,23639517329,24753838011,1862654198.8817468
1640390400,24769631695,26069805185,24318551096,25300314752,1015322135.2465528
1640476800,25287047676,25923867344,24411420631,25141109835,653813971.864539
1640563200,25233979370,26136140567,24583892625,24955370765,666184968.2629049
1640649600,24849234153,24928836612,22607098237,23111247141,956460993.4723772
1640736000,23097980065,23694998504,21917210262,22315222555,812123152.8271903
1640822400,22341756708,23522526510,21943744415,22699967772,607466325.7993969
1640908800,22699967772,23787868039,21797806574,22620365313,642185609.8191944
1640995200,22646899466,23469458205,22209085944,22991843453,372265723.90102136
1641081600,22965309300,23535793587,22408092090,23164315447,391509113.521332
1641168000,23084712988,23296986211,21943744415,22554029931,506082522.337599
1641254400,22540762855,23323520364,21864141957,22381557937,539377564.9132069
1641340800,22408092090,22952042224,19462801123,21094651524,989750304.4641148
1641427200,21107918600,21651868734,20285359861,21267123517,719934039.1412393
1641513600,21187521059,21452862587,19582204811,20563968466,969747043.497316
1641600000,20590502619,21094651524,19263794976,20020018333,584395146.6498512
1641686400,20073086639,20709906307,19542403581,19940415874,409204548.5749553
1641772800,19953682951,20285359861,17990155639,18985186371,762859381.6455961
1641859200,18985186371,22832638536,18626975308,20404763549,1625993567.6604836
1641945600,20378229396,21917210262,20059819562,21625334581,896453094.8008366
1642032000,21612067504,24464488937,20630303849,22753036077,2283020253.3957334
1642118400,22739769001,28829357082,22235620097,24358352325,5796229544.241064
1642204800,24278749867,26308612561,23814402192,24477756013,1887703310.2596135
1642291200,24477756013,24743097542,22912240995,23442924052,1103105121.9847474
1642377600,23429656975,23655197275,21678402887,22646899466,1085211598.553513
1642464000,22713234848,23137781294,21439595511,21864141957,985046948.6316792
1642550400,21943744415,22500961625,21094651524,21452862587,932703720.1937203
1642636800,21479396740,22474427472,20404763549,20563968466,465762018.66809595
1642723200,20563968466,20882378301,18494304543,18825981454,1158095449.2054644
1642809600,18892316836,19290329129,15973560022,17671745805,1695213133.6989524
1642896000,17685012881,19170925441,17512540888,18865782683,999547406.70634
1642982400,18865782683,18865782683,16729783378,18255497168,1446281411.2338624
1643068800,18189161786,19953682951,17592143346,18985186371,1344690844.39337
1643155200,18945385142,20245558632,18706577766,19011720524,1261924757.0800974
1643241600,19011720524,19303596206,18069758098,18786180225,606789983.5613413
1643328000,18746378996,18958652218,18282031321,18772913148,507453467.99681425
1643414400,18759646072,19144391288,18653509461,19011720524,397139343.09773535
1643500800,18998453448,19091322983,18321832550,18467770391,362761424.26495993
1643587200,18467770391,18958652218,18069758098,18799447301,412618634.3036303
1643673600,18772913148,19197459594,18653509461,18905583913,408831077.8723118
1643760000,18852515607,19436266970,18083025174,18175894709,481053932.67278475
1643846400,18228963015,18454503314,17857484875,18321832550,384172804.8486426
1643932800,18242230091,19648540193,18162627633,19595471887,560617624.4325951
1644019200,19568937734,20020018333,19197459594,19529136505,600288092.9110701
1644105600,19462801123,20696639231,19210726671,20431297702,751267939.8898681
1644192000,20431297702,22952042224,20059819562,21943744415,1792718445.4978404
1644278400,22023346874,22527495778,20431297702,21001781989,1191343304.3808029
1644364800,21028316142,21558999199,20444564779,21160986906,779141979.2139251
1644451200,21214055212,21386527205,19953682951,20232291556,1051037484.7580774
1644537600,20152689097,20563968466,19104590059,19436266970,779891914.4785762
1644624000,19436266970,19714875575,18905583913,19104590059,602513062.507715
1644710400,19104590059,20988514912,19038254677,19648540193,1560200108.2695427
1644796800,19661807269,19980217104,18945385142,19356664511,915721757.1479723
1644883200,19316863282,20285359861,19197459594,20165956174,670281704.0216339
1644969600,20126154944,20126154944,19383198664,19741409728,507724903.23963314
1645056000,19741409728,19953682951,18175894709,18348366703,720791279.8204553
1645142400,18348366703,18905583913,18043223945,18361633779,567307457.6058124
1645228800,18361633779,19476068199,18348366703,18733111919,653512330.5171605
1645315200,18666776537,18746378996,17937087333,18083025174,490858796.98445624
1645401600,18149360556,18839248531,16849187066,16995124907,895111090.7233738
1645488000,17021659060,17539075040,16477708926,17406404276,724938616.5435826
1645574400,17472739658,18029956868,16862454143,16902255372,591079825.399269
1645660800,16849187066,16968590754,14155970551,16490976002,2045770838.7489767
1645747200,16451174773,17048193213,16000094175,16915522448,801078167.0324388
1645833600,16915522448,17326801818,16676715072,16928789525,538868968.5042313
1645920000,16928789525,17074727365,16079696633,16305236932,592462697.4348254
1646006400,16305236932,17950354410,16106230786,17711547034,762206946.6701976
1646092800,17711547034,18507571620,17167596900,17804416569,878581776.5820663
1646179200,17791149493,18228963015,17313534741,17658478728,711638559.4582783
1646265600,17631944575,17830950722,16875721219,17180863977,518075341.2759325
1646352000,17167596900,17260466435,15920491716,16318504009,650448423.5333337
1646438400,16265435703,16689982149,16039895404,16570578461,516012609.2483105
1646524800,16570578461,16676715072,15840889257,16000094175,516012609.2483105
1646611200,16000094175,16291969856,15044864672,15549013576,516012609.2483105
1646697600,15482678194,15933758792,15296939124,15522479423,516012609.2483105
1646784000,15562280652,16530777232,15442876965,16092963710,648934495.9468349
1646870400,16146032015,16212367397,15204069589,15482678194,648934495.9468349
1646956800,15482678194,15748019722,15097932977,15323473277,648934495.9468349
1647043200,15310206200,15575547729,15177535436,15243870818,648934495.9468349
1647129600,15177535436,15456144041,14567249920,14792790219,648934495.9468349
1647216000,14779523143,16185833245,14607051149,15164268359,512242399.6312029
1647302400,15111200054,15204069589,14633585302,14925460984,512242399.6312029
1647388800,14965262213,15562280652,14872392678,15549013576,372208356.324789
1647475200,15495945270,15867423410,15376541582,15495945270,398411942.83631575
1647561600,15495945270,15880690487,15137734207,15854156334,398411942.83631575
1647648000,15867423410,16610379690,15655150187,16358305238,398411942.83631575
1647734400,16358305238,16504243079,15535746500,15814355105,398411942.83631575
1647820800,15774553875,16159299092,15602081882,15801088028,398411942.83631575
1647907200,15827622181,16703249225,15734752646,16252168627,398411942.83631575
1647993600,16252168627,17446205505,16039895404,17194131053,398411942.83631575
1648080000,17247199359,18772913148,16915522448,18162627633,536016743.6563915
1648166400,18162627633,18282031321,16942056601,17340068894,997039522.6183321
1648252800,17406404276,18175894709,17101261518,18029956868,997039522.6183321
1648339200,18029956868,19343397435,17963621486,19210726671,997039522.6183321
1648425600,19210726671,20391496473,18706577766,18879049760,997039522.6183321
1648512000,18892316836,19807745110,18640242384,19144391288,997039522.6183321
1648598400,19144391288,19330130358,18295298397,18985186371,997039522.6183321
1648684800,18985186371,19661807269,18003422715,18308565473,997039522.6183321
1648771200,18282031321,18985186371,17552342117,18733111919,997039522.6183321
1648857600,18786180225,19184192518,18348366703,18414702085,2014021857.153344
1648944000,18361633779,19887347569,18083025174,19476068199,2014021857.153344
1649030400,19409732817,20762974613,18746378996,19728142651,2014021857.153344
1649116800,19714875575,23867470498,19489335276,22938775147,1044212061.6997617
1649203200,22938775147,23204116676,18746378996,19024987601,1044212061.6997617
1649289600,19011720524,19688341422,18573907002,19383198664,1044212061.6997617
1649376000,19369931588,20325161091,18613708231,18892316836,1044212061.6997617
1649462400,18905583913,19197459594,18613708231,19184192518,1044212061.6997617
1649548800,19184192518,20961980759,19038254677,19622006040,1044212061.6997617
1649635200,19622006040,20139422021,17618677499,17764615340,1044212061.6997617
1649721600,17777882416,19210726671,17671745805,18308565473,1044212061.6997617
1649808000,18348366703,19422999894,18069758098,18626975308,1044212061.6997617
1649894400,18560639926,19582204811,18136093480,19078055906,1044212061.6997617
1649980800,19131124212,19887347569,18852515607,19330130358,1044212061.6997617
1650067200,19369931588,19661807269,18786180225,19091322983,1044212061.6997617
1650153600,19024987601,19277062053,18321832550,18494304543,1044212061.6997617
1650240000,18467770391,18680043613,17671745805,18573907002,1044212061.6997617
1650326400,18573907002,19210726671,18427969161,18945385142,1044212061.6997617
1650412800,18932118066,19502602352,18427969161,18666776537,1044212061.6997617
1650499200,18719844843,18985186371,17791149493,18122826403,1044212061.6997617
1650585600,18096292251,18335099626,17830950722,18122826403,1044212061.6997617
1650672000,18069758098,18175894709,17698279958,17751348263,1044212061.6997617
1650758400,17830950722,17897286104,17379870123,17486006735,1044212061.6997617
1650844800,17486006735,22686700695,16252168627,20975247836,1044212061.6997617
1650931200,20975247836,22116216409,17976888563,18255497168,1044212061.6997617
1651017600,18255497168,19356664511,17910553180,18587174078,1044212061.6997617
1651104000,18587174078,19011720524,17910553180,18255497168,1044212061.6997617
1651190400,18242230091,19263794976,17671745805,17910553180,1044212061.6997617
1651276800,17923820257,18149360556,16437907697,16888988295,1044212061.6997617
1651363200,16928789525,18109559327,16729783378,17605410423,1044212061.6997617
1651449600,17605410423,17791149493,16928789525,17366603047,1044212061.6997617
1651536000,17313534741,17525807964,16729783378,17167596900,1044212061.6997617
1651622400,17167596900,18096292251,17074727365,18056491021,1044212061.6997617
1651708800,18056491021,18295298397,16557311385,16981857830,1044212061.6997617
1651795200,16968590754,17220665206,16371572315,16915522448,1044212061.6997617
1651881600,16915522448,17552342117,16530777232,16888988295,1044212061.6997617
1651968000,16928789525,17034926136,16265435703,16517510155,1044212061.6997617
1652054400,16477708926,16636913843,13293610583,13532417959,1044212061.6997617
1652140800,13532417959,15694951417,13160939819,14341709621,1044212061.6997617
1652227200,14301908392,14726454837,9406357189,11197412507,1044212061.6997617
1652313600,11290282042,11847499252,8663400909,10932070978,1044212061.6997617
1652400000,10892269749,12736393373,10839201443,11675027258,1044212061.6997617
1652486400,11675027258,12192443239,11078008819,11874033405,1426786330.6149967
1652572800,11834232176,12364915233,11462754036,12364915233,1426786330.6149967
1652659200,12364915233,12364915233,11383151577,11621958953,1426786330.6149967
1652745600,11675027258,12139374933,11515822341,11980170016,1426786330.6149967
1652832000,11980170016,12086306628,11011673437,11011673437,1426786330.6149967
1652918400,11038207590,11635226029,10799400214,11449486959,552183099.4965833
1653004800,11489288188,11688294335,10918803902,11104542972,552183099.4965833
1653091200,11104542972,11330083271,10932070978,11197412507,552183099.4965833
1653177600,11197412507,11502555265,11104542972,11409685730,552183099.4965833
1653264000,11396418653,11714828488,10892269749,11038207590,552183099.4965833
1653350400,11038207590,11197412507,10600394068,11078008819,552183099.4965833
1653436800,11131077125,11210679583,10852468520,11011673437,552183099.4965833
1653523200,10998406360,11117810048,9937040246,10335052539,552183099.4965833
1653609600,10348319615,11874033405,10056443934,10812667290,552183099.4965833
1653696000,10812667290,11038207590,10693263603,10852468520,552183099.4965833
1653782400,10812667290,11051474666,10587126991,10932070978,552183099.4965833
1653868800,10932070978,11741362641,10879002673,11701561411,552183099.4965833
1653955200,11648493106,11741362641,11011673437,11383151577,552183099.4965833
1654041600,11422952806,11860766328,10441189150,10746331908,552183099.4965833
1654128000,10746331908,11038207590,10613661144,10945338055,552183099.4965833
1654214400,10971872208,11011673437,10494257456,10626928220,552183099.4965833
1654300800,10666729450,10945338055,10520791609,10892269749,552183099.4965833
1654387200,10839201443,10918803902,10666729450,10746331908,552183099.4965833
1654473600,10746331908,11237213736,10706530679,10932070978,552183099.4965833
1654560000,10945338055,10971872208,10308518386,10653462373,552183099.4965833
1654646400,10653462373,10839201443,10414654998,10534058685,495907342.29083246
1654732800,10494257456,10786133138,10441189150,10534058685,495907342.29083246
1654819200,10520791609,10587126991,9817636558,9990108552,495907342.29083246
1654905600,10029909781,10162580545,8981810743,9260419348,495907342.29083246
1654992000,9260419348,9340021807,8398059380,8424593533,495907342.29083246
1655078400,8424593533,8782804597,6925413896,7177488349,495907342.29083246
1655164800,7177488349,7734705559,6580469909,7363227419,433001741.4324457
1655251200,7363227419,8464394762,6673339444,8291922769,433001741.4324457
1655337600,8318456922,8318456922,7177488349,7296892036,433001741.4324457
1655424000,7323426189,7708171406,7217289578,7509165259,433001741.4324457
1655510400,7535699412,7668370177,6514134527,7005016355,433001741.4324457
1655596800,7018283431,8318456922,6779476056,7986780011,433001741.4324457
1655683200,8013314164,8132717852,7602034794,7960245858,433001741.4324457
1655769600,7946978782,9273686425,7814308017,8703202138,433001741.4324457
1655856000,8729736291,8729736291,8079649546,8185786157,470311180.97035307
1655942400,8159252004,8597065527,8159252004,8477661839,1047051156.9363468
1656028800,8477661839,9087947355,8464394762,8862407055,624842496.9036509
1656115200,8862407055,9194083966,8636866756,9061413202,427919398.7987439
1656201600,9087947355,10295251310,8902208285,9684965794,427919398.7987439
1656288000,9658431641,10427922074,9353288883,9525760877,427919398.7987439
1656374400,9565562106,9711499947,8650133832,8729736291,427919398.7987439
1656460800,8729736291,9485959647,8490928915,9220618119,473161254.65094787
1656547200,9194083966,9233885195,8265388616,8809338750,473161254.65094787
1656633600,8809338750,9074680278,8464394762,8782804597,473161254.65094787
1656720000,8809338750,9008344896,8689935062,8849139979,473161254.65094787
1656806400,8822605826,8955276590,8570531374,8902208285,427919398.7987439
1656892800,8902208285,9247152272,8703202138,9194083966,427919398.7987439
1656979200,9194083966,9286953501,8676667985,8902208285,427919398.7987439
1657065600,8902208285,9180816890,8769537520,9074680278,427919398.7987439
1657152000,9074680278,9472692571,8995077820,9366555960,427919398.7987439
1657238400,9353288883,9751301176,9048146125,9141015660,427919398.7987439
1657324800,9141015660,9326754730,9127748584,9194083966,286266364.6494431
1657411200,9180816890,9220618119,8782804597,8928742437,286266364.6494431
1657497600,8888941208,8915475361,8092916622,8185786157,286266364.6494431
1657584000,8172519081,8384792304,7920444629,7933711705,286266364.6494431
1657670400,7933711705,8265388616,7628568947,8212320310,286266364.6494431
1657756800,8199053234,8331723998,7880643399,8265388616,294199934.49255
1657843200,8265388616,8543997221,8159252004,8371525227,294199934.49255
1657929600,8371525227,8610332603,8172519081,8543997221,294199934.49255
1658016000,8543997221,8703202138,8344991074,8344991074,294199934.49255
1658102400,8358258151,9167549813,8358258151,8968543667,294199934.49255
1658188800,8995077820,9326754730,8663400909,9167549813,294199934.49255
1658275200,9154282737,10228915928,8981810743,9300220577,294199934.49255
1658361600,9353288883,9419624265,8888941208,9273686425,294199934.49255
1658448000,9273686425,9499226724,8862407055,8981810743,286266364.6494431
1658534400,8942009514,9247152272,8743003367,9021611972,294199934.49255
1658620800,9034879049,9167549813,8915475361,8995077820,476894894.6291006
1658707200,8955276590,9021611972,8199053234,8225587387,476894894.6291006
1658793600,8225587387,8305189845,7973512934,8305189845,476894894.6291006
1658880000,8318456922,8902208285,8185786157,8888941208,476894894.6291006
1658966400,8902208285,9419624265,8650133832,9180816890,476894894.6291006
1659052800,9180816890,9618630412,8915475361,9087947355,476894894.6291006
1659139200,9154282737,9897239017,9021611972,9260419348,476894894.6291006
1659225600,9220618119,9592096259,8981810743,9034879049,476894894.6291006
1659312000,9061413202,9459425495,8862407055,9127748584,476894894.6291006
1659398400,9114481507,9180816890,8676667985,8835872902,476894894.6291006
1659484800,8849139979,9087947355,8650133832,8782804597,476894894.6291006
1659571200,8769537520,8995077820,8716469215,8915475361,427314226.42866313
1659657600,8915475361,9326754730,8888941208,9247152272,255192795.6879899
1659744000,9286953501,9459425495,9074680278,9127748584,255192795.6879899
1659830400,9101214431,9300220577,8942009514,9167549813,255192795.6879899
1659916800,9127748584,9631897488,9127748584,9313487654,255192795.6879899
1660003200,9286953501,9857437787,8995077820,9180816890,255192795.6879899
1660089600,9141015660,9499226724,8835872902,9472692571,255192795.6879899
1660176000,9446158418,10016642705,9340021807,9406357189,255192795.6879899
1660262400,9406357189,9671698717,9233885195,9592096259,255192795.6879899
1660348800,9578829182,9976841475,9525760877,9658431641,255192795.6879899
1660435200,9698232870,11250480813,9631897488,10865735596,255192795.6879899
1660521600,10812667290,10892269749,9910506093,10175847622,255192795.6879899
1660608000,10162580545,12152642010,10122779316,11529089418,255192795.6879899
1660694400,11529089418,11807698023,10534058685,10613661144,255192795.6879899
1660780800,10653462373,10905536825,9764568252,9910506093,255192795.6879899
1660867200,9910506093,9990108552,8915475361,9008344896,255192795.6879899
1660953600,8981810743,9446158418,8968543667,9233885195,255192795.6879899
1661040000,9233885195,9393090112,8942009514,9194083966,255192795.6879899
1661126400,9194083966,9220618119,8636866756,9048146125,255192795.6879899
1661212800,9061413202,9194083966,8875674132,9141015660,255192795.6879899
1661299200,9141015660,9233885195,8888941208,9021611972,255192795.6879899
1661385600,9008344896,9525760877,8955276590,9154282737,255192795.6879899
1661472000,9127748584,9220618119,8331723998,8398059380,255192795.6879899
1661558400,8424593533,8530730144,8265388616,8424593533,255192795.6879899
1661644800,8424593533,8543997221,8119450775,8199053234,283875246.77475375
1661731200,8199053234,8517463068,8066382469,8477661839,283875246.77475375
1661817600,8451127686,8543997221,7973512934,8185786157,283875246.77475375
1661904000,8172519081,8424593533,8066382469,8172519081,283875246.77475375
1661990400,8145984928,8318456922,7946978782,8252121539,283875246.77475375
1662076800,8252121539,8344991074,8039848317,8185786157,255192795.6879899
1662163200,8185786157,8504195992,8106183699,8318456922,255192795.6879899
1662249600,8318456922,8490928915,8199053234,8411326457,255192795.6879899
1662336000,8384792304,8451127686,8092916622,8318456922,255192795.6879899
1662422400,8331723998,8650133832,7708171406,7814308017,255192795.6879899
1662508800,7827575094,8172519081,7615301871,8106183699,283875246.77475375
1662595200,8092916622,8159252004,7907177552,8066382469,283875246.77475375
1662681600,8079649546,8623599679,8066382469,8477661839,283875246.77475375
1662768000,8477661839,8676667985,8371525227,8597065527,283875246.77475375
1662854400,8597065527,8676667985,8305189845,8451127686,283875246.77475375
1662940800,8464394762,8689935062,8305189845,8490928915,283875246.77475375
1663027200,8490928915,8517463068,7840842170,7893910476,283875246.77475375
1663113600,7920444629,8172519081,7854109247,8106183699,283875246.77475375
1663200000,8106183699,8145984928,7747972635,7787773864,283875246.77475375
1663286400,7787773864,8039848317,7708171406,8039848317,283875246.77475375
1663372800,8013314164,8291922769,7973512934,8278655692,283875246.77475375
1663459200,8212320310,8238854463,7495898183,7615301871,283875246.77475375
1663545600,7641836024,7814308017,7416295724,7761239712,283875246.77475375
1663632000,7787773864,8066382469,7628568947,7761239712,283875246.77475375
1663718400,7747972635,8092916622,7442829877,7615301871,283875246.77475375
1663804800,7575500642,7973512934,7535699412,7907177552,283875246.77475375
1663891200,7920444629,8543997221,7840842170,8424593533,283875246.77475375
1663977600,8424593533,9061413202,8291922769,8384792304,283875246.77475375
1664064000,8398059380,8490928915,7973512934,8092916622,283875246.77475375
1664150400,8092916622,8225587387,7920444629,8106183699,324027277.76341915
1664236800,8106183699,8384792304,7920444629,8039848317,337706916.86706495
1664323200,8026581240,8106183699,7761239712,8026581240,277371791.54167616
1664409600,8039848317,8119450775,7854109247,8026581240,228686205.79887077
1664496000,8053115393,8252121539,7920444629,8199053234,368214536.63513595
1664582400,8172519081,8371525227,7986780011,8026581240,349131602.08862984
1664668800,8013314164,8092916622,7801040941,7867376323,196580234.46901715
1664755200,7867376323,8039848317,7801040941,8000047087,196272728.07469633
1664841600,8000047087,8822605826,7933711705,8743003367,824045118.7197056
1664928000,8743003367,8875674132,8318456922,8583798450,606927950.1142845
1665014400,8583798450,8875674132,8331723998,8424593533,389015543.29336995
1665100800,8424593533,8464394762,8145984928,8305189845,298971214.9953241
1665187200,8265388616,8318456922,8119450775,8185786157,169974095.3725425
1665273600,8172519081,8291922769,8106183699,8252121539,158285513.95763853
1665360000,8225587387,8305189845,7827575094,7867376323,252006220.5059738
1665446400,7867376323,8079649546,7641836024,7986780011,297216992.878938
1665532800,7986780011,8092916622,7867376323,7933711705,199395426.9538737
1665619200,7933711705,8000047087,7296892036,7920444629,464502365.31645703
1665705600,7893910476,8119450775,7708171406,7761239712,243674224.73504087
1665792000,7761239712,7920444629,7681637253,7761239712,181575292.7220842
1665878400,7774506788,7907177552,7734705559,7787773864,161689487.01755488
1665964800,7827575094,8000047087,7761239712,7960245858,174740385.94387105
1666051200,7960245858,8119450775,7747972635,7920444629,238659944.09720808
1666137600,7933711705,8079649546,7734705559,7761239712,284980207.35460204
1666224000,7787773864,8000047087,7708171406,7880643399,243754051.142882
1666310400,7880643399,7920444629,7575500642,7880643399,224314824.5211881
1666396800,7880643399,7960245858,7827575094,7893910476,159800771.50434372
1666483200,7893910476,8039848317,7787773864,8000047087,181014873.45364
1666569600,8000047087,8079649546,7787773864,7867376323,225849983.04727665
1666656000,7880643399,8517463068,7840842170,8371525227,471336444.79518926
1666742400,8358258151,9777835329,8318456922,9645164565,1347036682.47978
1666828800,9645164565,11343350348,9512493800,10202381775,2659710067.953413
1666915200,10202381775,11741362641,9605363335,11117810048,3172309126.6935186
1667001600,11144344201,20046552486,11011673437,16185833245,11993551308.446865
1667088000,16159299092,19051521753,14766256067,15602081882,7965833142.908511
1667174400,15628616035,17446205505,15111200054,16835919990,5806640332.264578
1667260800,16835919990,21081384447,16517510155,18852515607,7885184792.32058
1667347200,18825981454,19622006040,16185833245,16955323678,4693571454.996534
1667433600,16955323678,18175894709,15933758792,16278702780,2556561250.484987
1667520000,16278702780,17154329824,15323473277,16729783378,2965491384.288584
1667606400,16729783378,18029956868,15973560022,16504243079,1905950703.6559577
1667692800,16504243079,16942056601,14832591449,15230603742,1296979595.4750664
1667779200,15230603742,15801088028,14275374239,14739721914,1342990585.222769
1667865600,14766256067,14965262213,10361586692,11741362641,3550892422.748093
1667952000,11714828488,12232244468,9419624265,9857437787,2800960253.654459
1668038400,9870704864,12457784768,9671698717,11874033405,2429508988.9568825
1668124800,11874033405,12364915233,10587126991,11250480813,1292242013.0503335
1668211200,11223946660,12577188456,10388120845,11661760182,1847423192.5721931
1668297600,11688294335,12126107857,10985139284,11250480813,946744055.2826592
1668384000,11250480813,12112840781,10507524533,11383151577,1214092807.7813964
1668470400,11383151577,11860766328,11237213736,11515822341,640607261.1910349
1668556800,11529089418,12086306628,11038207590,11356617424,712760201.0308222
1668643200,11356617424,11555623571,10918803902,11237213736,457446797.02282774
1668729600,11237213736,11529089418,11091275895,11223946660,339512619.6507836
1668816000,11250480813,11277014965,11011673437,11197412507,247330776.54344037
1668902400,11197412507,11369884501,10122779316,10202381775,495090689.53254414
1668988800,10202381775,10242183004,9459425495,9883971940,661151886.8280321
1669075200,9883971940,10560592838,9671698717,10414654998,556476877.8208821
1669161600,10454456227,11078008819,10308518386,10865735596,529012379.54231375
1669248000,10879002673,11170878354,10679996526,10812667290,360963166.06870234
1669334400,10799400214,12152642010,10693263603,11847499252,1019952152.565227
1669420800,11847499252,12670057991,11568890647,11807698023,903582422.4109972
1669507200,11781163870,14315175468,11767896793,13068070284,1940592802.554279
1669593600,13094604436,13214008124,12033238322,12616989685,1397594634.817213
1669680000,12603722608,13970231481,12417983538,13452815500,1351126541.717887
1669766400,13452815500,14580516997,13200741048,14169237627,1376474342.7353027
1669852800,14169237627,14315175468,13306877659,13505883806,904693618.1542306
1669939200,13492616729,13757958258,12829262908,13545685035,767927940.7263274
1670025600,13532417959,13665088723,13015001978,13227275201,637068913.1249601
1670112000,13227275201,14036566863,13200741048,13811026564,758354064.1727827
1670198400,13824293640,14845858525,13174206895,13466082576,1049204025.8291446
1670284800,13479349653,13638554570,13001734901,13320144736,534103200.8388503
1670371200,13293610583,13426281347,12325114003,12709859220,624667244.9621955
1670457600,12709859220,13147672742,12577188456,13081337360,492307336.0142644
1670544000,13068070284,13174206895,12696592143,12842529984,423218003.57710654
1670630400,12815995831,12935399519,12736393373,12776194602,240840138.4682981
1670716800,12776194602,12895598290,12152642010,12285312774,299327459.61886746
1670803200,12311846927,12351648156,11250480813,11980170016,747360145.3466393
1670889600,11993437093,12670057991,11542356494,12073039551,768087350.8159498
1670976000,12073039551,12272045698,11582157723,11714828488,548815791.7541714
1671062400,11688294335,11781163870,11144344201,11263747889,410387177.2635665
1671148800,11237213736,11515822341,9830903635,10069711010,691702126.9909444
1671235200,10043176858,10534058685,10016642705,10507524533,499273590.59341645
1671321600,10534058685,10613661144,10295251310,10401387921,259288483.56852597
1671408000,10414654998,10560592838,9286953501,9472692571,580063305.0305536
1671494400,9459425495,10003375628,9446158418,9937040246,439720381.2944062
1671580800,9937040246,9963574399,9459425495,9791102405,349260110.6750567
1671667200,9777835329,10335052539,9711499947,10215648851,592636149.5985824
1671753600,10202381775,10480990380,10122779316,10242183004,399449746.06752896
1671840000,10242183004,10374853768,10175847622,10295251310,164727001.92120174
1671926400,10281984233,10308518386,9698232870,10096245163,423163218.995208
1672012800,10069711010,10162580545,9844170711,10056443934,245797783.2641484
1672099200,10056443934,10096245163,9618630412,9764568252,292516748.17423046
1672185600,9791102405,9817636558,9180816890,9353288883,496123977.3236644
1672272000,9326754730,9485959647,9180816890,9419624265,284300380.6023893
1672358400,9393090112,9485959647,8743003367,9074680278,391993976.2650105
1672444800,9048146125,9446158418,9008344896,9300220577,344304927.51671576
1672531200,9300220577,9393090112,9154282737,9300220577,226071424.5094952
1672617600,9326754730,9751301176,9154282737,9485959647,357027144.5733419
1672704000,9459425495,9605363335,9207351042,9353288883,256800529.33465627
1672790400,9326754730,9777835329,9300220577,9698232870,357847200.00255555
1672876800,9684965794,9976841475,9353288883,9485959647,416132813.693817
1672963200,9485959647,9658431641,9220618119,9631897488,313171296.2310377
1673049600,9605363335,9684965794,9485959647,9578829182,247456576.3048198
1673136000,9605363335,9830903635,9446158418,9764568252,167588366.34744424
1673222400,9751301176,10560592838,9671698717,10056443934,591252275.3445847
1673308800,10056443934,10348319615,9791102405,10321785463,716684546.4735439
1673395200,10321785463,10427922074,9897239017,10361586692,369743447.9888837
1673481600,10388120845,10772866061,9937040246,10666729450,529718845.0867961
1673568000,10653462373,11303549118,10441189150,11210679583,655094873.5904919
1673654400,11210679583,12272045698,10971872208,11568890647,1148715920.0081093
1673740800,11608691876,11661760182,10985139284,11409685730,538929602.5491512
1673827200,11409685730,11714828488,10839201443,11104542972,537024006.7496145
1673913600,11104542972,11303549118,10879002673,11024940513,399584914.4109834
1674000000,10998406360,11913834634,10335052539,10613661144,699206996.282757
1674086400,10613661144,10918803902,10587126991,10825934367,771252847.653366
1674172800,10825934367,11542356494,10679996526,11436219883,305555296.47669923
1674259200,11462754036,11820965099,11197412507,11210679583,742014098.7519233
1674345600,11210679583,12404716462,11197412507,11688294335,458792211.12483627
1674432000,11701561411,12139374933,11449486959,11741362641,958527583.5039644
1674518400,11767896793,12073039551,10892269749,11144344201,589430674.2783662
1674604800,11104542972,11701561411,10825934367,11489288188,536403219.51556885
1674691200,11476021112,11621958953,11210679583,11489288188,502901597.4877643
1674777600,11449486959,11701561411,11104542972,11568890647,407118239.5189098
1674864000,11608691876,12457784768,11515822341,11648493106,678732356.336699
1674950400,11635226029,12086306628,11582157723,11980170016,400589138.5147766
1675036800,11966902940,12325114003,11223946660,11728095564,545588193.4876897
1675123200,11728095564,13001734901,11688294335,12776194602,1352974616.3996665
1675209600,12736393373,12908865366,11701561411,12471051844,1126122045.6961994
1675296000,12471051844,12749660449,11953635863,12059772475,994987236.322121
1675382400,12073039551,12391449386,11966902940,12351648156,655199502.1181902
1675468800,12338381080,13267076430,12258778621,12723126296,706808502.1871892
1675555200,12723126296,12882331214,11993437093,12205710316,1082827114.1177578
1675641600,12232244468,12404716462,11754629717,11900567558,588266647.3727944
1675728000,11860766328,12325114003,11860766328,12285312774,458829817.81065774
1675814400,12272045698,12404716462,11741362641,11940368787,510494342.55372775
1675900800,11940368787,12073039551,10467723303,10786133138,602132632.1186469
1675987200,10812667290,11011673437,10520791609,10733064832,747532465.2048395
1676073600,10733064832,10971872208,10693263603,10905536825,386522844.4151884
1676160000,10932070978,11369884501,10772866061,10905536825,369102248.1520812
1676246400,10892269749,11476021112,10520791609,10892269749,728741754.7217205
1676332800,10892269749,11117810048,10640195297,11078008819,337924152.1886648
1676419200,11078008819,11887300481,10945338055,11847499252,828533673.5834155
1676505600,11887300481,12192443239,11223946660,11250480813,672044816.171945
1676592000,11263747889,11767896793,11184145430,11635226029,715412415.7254633
1676678400,11635226029,12006704169,11489288188,11767896793,405114370.55728096
1676764800,11767896793,11953635863,11369884501,11542356494,408017797.3568501
1676851200,11568890647,11794430946,11316816195,11728095564,590041316.8031961
1676937600,11701561411,11794430946,11197412507,11316816195,440318832.22752655
1677024000,11316816195,11767896793,10998406360,11330083271,733757653.9038502
1677110400,11330083271,11489288188,11078008819,11184145430,466283684.0545909
1677196800,11144344201,11290282042,10494257456,10733064832,283240738.1167525
1677283200,10706530679,10918803902,10401387921,10733064832,453501983.1344265
1677369600,10719797755,10985139284,10666729450,10905536825,283108425.8501719
1677456000,10905536825,10918803902,10587126991,10799400214,227002450.69619337
1677542400,10799400214,11038207590,10587126991,10706530679,339830839.7687314
1677628800,10719797755,10998406360,10640195297,10852468520,330855936.0415207
1677715200,10879002673,10918803902,10560592838,10706530679,228327987.5922892
1677801600,10679996526,10719797755,9711499947,10175847622,552778267.672983
1677888000,10202381775,10281984233,9605363335,9897239017,207162671.7784103
1677974400,9870704864,10109512240,9830903635,9910506093,301530532.38713104
1678060800,9937040246,9990108552,9671698717,9910506093,269654071.55971545
1678147200,9910506093,10082978087,9592096259,9804369482,251133722.16060168
1678233600,9870704864,9870704864,9273686425,9419624265,282014643.28111076
1678320000,9419624265,9605363335,8477661839,8743003367,334146725.46465033
1678406400,8743003367,8796071673,8291922769,8769537520,681943277.1115826
1678492800,8743003367,9127748584,8557264297,8862407055,480501527.2368728
1678579200,8875674132,9552295030,8782804597,9472692571,266669432.46229956
1678665600,9472692571,9830903635,9074680278,9698232870,495422269.65194666
1678752000,9671698717,10335052539,9472692571,9923773170,555987333.1560076
1678838400,9923773170,10136046393,8942009514,9247152272,616235951.017063
1678924800,9286953501,9857437787,9127748584,9645164565,464660535.8975694
1679011200,9645164565,10281984233,9485959647,10162580545,440243046.67277193
1679097600,10162580545,10507524533,9605363335,9698232870,477510001.4249662
1679184000,9698232870,10202381775,9698232870,9897239017,390073636.68473566
1679270400,9910506093,10056443934,9353288883,9485959647,419015669.6354858
1679356800,9485959647,10361586692,9353288883,10215648851,365222152.6520734
1679443200,10215648851,10348319615,9499226724,9817636558,697410666.3425815
1679529600,9817636558,10520791609,9671698717,10308518386,802885599.5064436
1679616000,10308518386,10308518386,9684965794,9923773170,494436833.18581265
1679702400,9883971940,10122779316,9618630412,9844170711,345487419.60872364
1679788800,9844170711,10029909781,9711499947,9883971940,248877308.66766608
1679875200,9883971940,10122779316,9446158418,9658431641,300917753.31598926
1679961600,9684965794,9844170711,9512493800,9764568252,409200284.9705987
1680048000,9764568252,10228915928,9724767023,10043176858,384969529.57693434
1680134400,10460416655,10682388362,10155205559,10293937876,381138500.2369162
1680220800,10294946996,10822181478,10170075671,10711184745,311802193.43916374
1680307200,10670605272,11586417948,10517969826,11378278703,458624511.6759871
1680393600,11379367663,11878949658,10727135614,11004681167,1066615933.4625958
1680480000,10950232473,14544795477,10575509688,13351234016,642198440.4201796
1680566400,13310883211,14379640257,12811204592,13172083595,5323773374.858587
1680652800,13187234656,13784130541,12576457472,12867964765,1899359904.9760091
1680739200,12869223631,12910871604,11689197732,11841906966,1343130527.6513195
1680825600,11843049986,11981889962,11287690080,11398762061,1331904142.4060583
1680912000,11399873695,11663695376,11163822717,11288790882,506574602.68384886
1680998400,11331549353,11678716919,11262115840,11567623298,453672721.66293174
1681084800,11568738685,11902051684,11402082185,11777059309,445506446.5668145
1681171200,11736550299,11958780838,11625435030,11722660891,568746262.8390633
1681257600,11682142312,11779377741,11223746716,11584906882,561894391.0103973
1681344000,11627702463,12433445286,11488781287,12169495051,822964809.3185164
1681430400,12129003359,12726422769,11851133867,12323512004,872595778.0719726
1681516800,12366403718,12616510760,12102401841,12338614047,695616069.7180412
1681603200,12381516551,12784506427,12200865916,12603855793,509115724.019188
1681689600,12605079336,13188776505,12229845442,12688464646,1117491960.9146707
1681776000,12689711804,13203971756,12453430204,13051083662,962900454.1122566
1681862400,13094038927,13094038927,11829115846,12218322948,1003827349.0097249
1681948800,12219416424,13025703287,11468735552,11663356519,1565885308.837409
1682035200,11664583976,11803613582,10621861928,10886018180,1432794598.8799431
1682121600,10873170919,11276395928,10845362298,11137352821,687874465.1073766
1682208000,11138428564,11235768140,10665636341,10943749413,361718239.0990428
1682294400,10930907218,11153419324,10736209125,10986535244,408642554.42058027
1682380800,10987612014,11140604080,10765078100,11057153863,363503332.18445
1682467200,11113872383,11642442033,10432295729,10919136196,417959850.85269296
1682553600,10906282516,11309703681,10906282516,11156681860,724268776.5663056
1682640000,11157776590,11269076107,10976914875,11185601469,302641981.60323495
1682726400,11186682849,11437130973,11144941495,11353648265,256460990.0338651
1682812800,11354759657,11424335390,11020796138,11062541578,255016022.23263913
1682899200,11035775490,11161023888,10743529229,10952276558,320696105.1053861
1682985600,10981183365,11036854763,10772415620,10981183365,267050718.97231355
1683072000,10982268240,11232814283,10717802972,11065783588,243062288.06198347
1683158400,11122530347,11136450911,10858039638,10885880765,303311922.58798796
1683244800,10928718691,11360298665,10747733541,11193235449,261002887.67207515
1683331200,11194340949,11222187569,10595638635,10720948422,383004872.35961235
1683417600,10722002552,10847324659,10666303837,10722002552,265914605.58824965
1683504000,10709115254,10820523475,9748219347,10152074148,315193368.9804788
1683590400,10111272535,10292328380,10069490418,10180909399,392762390.0923154
1683676800,10181913062,10432630483,9833694421,10195841807,233028111.96344125
1683763200,10196848307,10238638669,9639643482,10001826618,338817139.5098823
1683849600,10044591051,10142111353,9654509845,10086385466,407646671.65376973
1683936000,10129156242,10129156242,9920164023,9961962466,249564577.37383223
1684022400,9962937726,10144082049,9907201012,10018674441,135102929.3953903
1684108800,10061449511,10242611344,9880287678,10005707408,211165205.5287055
1684195200,10034559100,10215738639,9867316448,10132117313,187269610.90868667
1684281600,10147038457,10537309167,10063409019,10425803250,243196589.6229732
1684368000,10468653597,10468653597,9980766945,10217740462,303219312.43034136
1684454400,10204776599,10344186116,10176894696,10232658503,266664332.16156805
1684540800,10275489573,10317316532,10177893336,10247604934,131043631.4916315
1684627200,10248600124,10346205840,10011557672,10053388693,124265690.6301082
1684713600,10040427100,10333272890,9873086648,10193822514,218529399.69349584
1684800000,10194815943,10320333512,10069298373,10180869546,163615357.1752865
1684886400,10140027073,10181870376,9679750741,9888967256,192829242.3578376
1684972800,9848077759,9931772471,9569095386,9903874233,234833972.44418433
1685059200,9904832733,9988535545,9793228984,9876931796,150788534.10040683
1685145600,9919746607,10268542198,9863939312,10129023961,149327404.09606194
1685232000,10130012773,10353263744,10018387288,10227685073,196101279.8022172
1685318400,10270536022,10354263218,10117036163,10186808826,176921554.65261605
1685404800,10229672236,10285495822,10020333786,10131980959,222319331.4035139
1685491200,10091101611,10174845192,9867785392,9993400765,207000377.7634831
1685577600,9994365933,10092076215,9882697040,9952490098,164692766.43208045
1685664000,9995341125,10246620651,9911581283,10162860809,159655285.7395347
1685750400,10163858169,10219703543,10066128763,10135935481,143666521.8274759
1685836800,10136918485,10234657369,10095030393,10108993090,117678143.78492928
1685923200,10109997278,10151889532,8825301491,9314044454,161533977.18887773
1686009600,9314950907,10083050307,9189261914,9817706878,546809909.0270838
1686096000,9818668582,9860569017,9315863363,9385697421,445997222.15923184
1686182400,9414538248,9568187982,9358665618,9484379036,227606173.31787056
1686268800,9485316056,9960280336,9401498831,9694859121,177034491.21085817
1686355200,9737719139,9947282679,7502374717,8634017831,919030023.2327738
1686441600,8634860783,8802527982,8495138116,8592943983,345703627.2859628
1686528000,8593784688,8663652856,8342259282,8621731955,225038962.6768748
1686614400,8580647936,8776297889,8440897970,8622572926,195278185.45211473
1686700800,8665340496,8707269563,8148215337,8427742450,158969126.18934336
1686787200,8456525826,8680169484,8330726268,8582325384,301477653.5810305
1686873600,8569178270,8792843609,8485303768,8694990023,189377025.50833935
1686960000,8695837187,8821661198,8611954513,8667876296,203267846.7629388
1687046400,8668711436,8934365496,8556857095,8654729643,146886592.00254935
1687132800,8697522807,8781421741,8599640718,8697522807,217498866.6943398
1687219200,8754295522,8852187005,8474605569,8838202507,152637045.852966
1687305600,8839051283,9342541546,8783107921,9160725618,284626743.7033722
1687392000,9189579650,9721092629,9105656549,9203566834,479723423.12093115
1687478400,9204443948,9847915713,9134501365,9512191314,231241314.13630107
1687564800,9527099181,9597048514,9093413315,9317251181,369363807.63076854
1687651200,9318148283,9555998915,9276174642,9290165856,234365908.26302603
1687737600,9333043282,9389013556,8857295948,9067184478,211026882.95716664
1687824000,9068063814,9221996996,8984100260,9194009144,257279976.48649716
1687910400,9194907920,9194907920,8439162064,8719067937,226365852.8628641
1687996800,8761900796,8985847142,8719910856,8859877322,249907475.90446845
1688083200,8902726498,9392656415,8552776557,9308668430,309331288.4581192
1688169600,9295576128,9967545487,9295576128,9589562722,766562874.409512
1688256000,9590470347,9702475840,9254453868,9520466914,320127328.1009284
1688342400,9563391024,9661405280,9395366584,9549388987,330038543.1153982
1688428800,9606329408,10054438068,9480298847,9648339595,300676407.73447084
1688515200,9649269745,9719293473,9187113139,9355170086,523922557.1400569
1688601600,9398092186,9622189765,9047939720,9089958016,256946840.02659833
1688688000,9090832868,9244914781,8992780742,9132855208,243917752.81587908
1688774400,9189759443,9273812121,9063680426,9217777002,165332529.78856137
1688860800,9260698335,9344759137,9120596999,9134607132,153084232.42476273
1688947200,9135491896,9303629784,8897296555,9163514877,202162100.62749425
1689033600,9164399739,9206438270,8996245616,9136374052,203022506.39629036
1689120000,9151273670,9221344678,8899018040,9067188460,139163633.45392242
1689206400,9110107265,10063164640,9040029517,9894978045,174864589.1024532
1689292800,9881362935,10259798111,9306702112,9615056700,625027176.1356605
1689379200,9616506904,10555728424,9476324588,10065090316,979364832.7667032
1689465600,10108115477,10150174210,9645469415,9757626036,508896065.5869908
1689552000,9758570508,10291366025,9506193685,9814654247,464216271.354072
1689638400,9773526817,9871682753,9408947624,9591237221,330824165.55576885
1689724800,9592157885,10153102790,9564110639,9858606715,251876020.1044083
1689811200,9859002504,10405945744,9704736462,9915099246,416705938.8124136
1689897600,9916616468,10786249030,9846484810,10281301091,528494359.19006866
1689984000,10282293573,10296321259,9749241519,9861463004,679922675.874211
1690070400,9862414866,10255227976,9820327747,10086879500,291620109.41166586
1690156800,10087863811,10943718738,9821286047,10438624027,1116451977.040298
1690243200,10439622475,11758607035,10313336719,11492003773,1174643060.132657
1690329600,11493110242,11563275750,10749355855,10959852380,1245837003.4027088
1690416000,10960902044,11241590956,10736350913,10862660924,681210575.4015989
1690502400,10863708146,10975994535,10653171167,10821600750,440689029.369221
1690588800,10822616928,11566584110,10780505578,11257767544,326682784.87442994
1690675200,11300972084,11343087508,10683279200,10978087167,497405317.08538646
1690761600,10937031183,11231867711,10754513333,10922991349,395721032.4359524
1690848000,10966164422,11008287972,10587052463,10966164422,405707952.3947497
1690934400,10967214086,11023384196,10321257814,10405512980,300439125.0010806
1691020800,10406511107,10560993728,10167765238,10336291734,426206683.4998636
1691107200,10323222469,10519855278,10182770463,10295132068,322572885.7053147
1691193600,10338250230,10815832442,10239924480,10647274014,409054640.22605217
1691280000,10648284428,10732571640,10381374924,10409470661,360373124.00782347
1691366400,10452611227,10649300148,10073282594,10298069932,299817848.4566873
1691452800,10341214102,10622225355,10270961289,10495770291,322659997.9159502
1691539200,10510817190,10735647504,10426505822,10609180452,364104471.5973244
1691625600,10596142687,10835047761,10525876489,10680462125,338003526.37290025
1691712000,10667438090,10723656472,10512837538,10625274303,279029804.9396277
1691798400,10668455909,10907406831,10612232162,10794959338,282592298.37504137
1691884800,10781837383,10797848628,10427692261,10502477005,253367266.0969557
1691971200,10501888774,10815297626,10387268832,10482108294,285800870.3851112
1692057600,10483113362,10519669283,9663726452,9964300483,317449883.95964634
1692144000,9964547784,10012243750,9336007198,9436545569,457098605.3492932
1692230400,9437440817,9590020511,8098789548,8602130975,417098108.96526176
1692316800,8602605172,8979072993,8451863058,8887457319,788031121.6311429
1692403200,8887244782,9049643055,8878009488,8961400002,353631174.3682196
1692489600,8964020984,9569922669,8941500209,9009111767,222181646.3421071
1692576000,8983281006,9044143523,8537190820,8797407164,242910294.04544765
1692662400,8798601242,8907434905,8551676647,8799801360,238690737.05747357
1692748800,8800995619,9132268294,8674805149,8961721274,323159704.666651
1692835200,8961871124,8994701249,8717713784,8862557535,232038463.47833973
1692921600,8873600899,8880637598,8693672510,8858366446,213611387.34770417
1693008000,8859729106,8907213055,8786726246,8851543237,175885025.6893445
1693094400,8851778708,8947323029,8825712592,8898676039,129634577.7221851
1693180800,8899312466,8948675078,8728285409,8926422838,162622110.67404124
1693267200,8917076794,9646538348,8790292817,9339394863,154194828.69565198
1693353600,9339625984,9356902345,9090632370,9252441611,496088550.54075336
1693440000,9264194396,9428680464,8840721277,8921689935,270629247.2393097
1693526400,8941306914,9045843825,8790155807,8987216968,299932926.12410116
1693612800,8997077653,9135032271,8843954365,8946332325,221327926.00957528
1693699200,8947160409,8979796595,8847519329,8893170550,199568749.09911665
1693785600,8896974197,8984749513,8778592329,8883746622,180775904.9446459
1693872000,8884247672,9054458821,8851989857,9021481098,214163271.85767707
1693958400,9022252716,9093729078,8831491283,8999747455,178052043.93841118
1694044800,9000611687,9012550922,8839683544,8956793160,195307281.4670751
1694131200,8957653185,9006468811,8796198041,8964572490,173691543.30061448
1694217600,8965413459,9004805051,8909010902,8937240368,132691720.80613597
1694304000,8937446814,8938687169,8383727071,8634306926,176260619.32271075
1694390400,8635140038,8724115887,8364364199,8531546324,243740229.49156192
1694476800,8532379302,8773843914,8514982798,8585583847,263824608.78061485
1694563200,8586058405,8670821663,8535992814,8622945649,202018469.8364992
1694649600,8623451603,8812011456,8600489171,8761762011,173833322.1322387
1694736000,8762452814,8869008138,8667198600,8812735273,168742273.7461908
1694822400,8814991124,8883936757,8729869281,8760267018,170757290.05131555
1694908800,8761460059,8819712698,8625081663,8681334296,137995929.03702834
1694995200,8682076233,8856637508,8632663848,8728554626,193442365.4597305
1695081600,8729306594,8916432853,8726897103,8852534808,200914798.25036043
1695168000,8853389647,8892791689,8698203898,8829595769,183806799.0248264
1695254400,8830347856,8947487196,8633389525,8645312284,227119313.37998143
1695340800,8645619812,8729157552,8560459296,8686161016,163478893.2903983
1695427200,8687696406,8742593847,8647348904,8673696853,122095631.18031587
1695513600,8674528425,8719692603,8541124734,8567348185,108022064.18804276
1695600000,8567809319,8643692347,8508652739,8603577100,137893058.55497906
1695686400,8604044003,8628578466,8389741543,8548283861,97433014.68969715
1695772800,8549097724,8664920448,8489689872,8538099930,166506605.35790834
1695859200,8536800311,8700272277,8525886178,8678811111,141464120.10389856
1695945600,8680011139,8790840462,8646422602,8755676072,150688248.45194325
1696032000,8756984385,8820328125,8718163307,8760956873,109565692.55115594
1696118400,8761928281,8936545142,8739712431,8887523391,143278176.62505886
1696204800,8888374812,9059571888,8611083713,8770663315,225785259.781062
1696291200,8767354157,8804703163,8636717394,8666763284,229312968.00835067
1696377600,8666169012,8673939017,8494338885,8645585562,159129917.9057039
1696464000,8646408952,8676121479,8580110316,8603479084,111084973.23363823
1696550400,8615130156,8700329290,8588567242,8678923537,113577170.62049355
1696636800,8678807698,8717513514,8628697868,8682722087,114475764.63159639
1696723200,8683844052,8706456389,8597648650,8615427600,95537737.83756977
1696809600,8616997848,8628955261,8046519014,8303462047,188806632.0196033
1696896000,8304252207,8371890108,8223069762,8339135553,157430575.0289493
1696982400,8338354432,8413646739,8164448428,8259033152,132763754.42295603
1697068800,8259463145,8272123802,8106877845,8180862452,136566043.40705544
1697155200,8181250027,8318176370,8163872654,8249387991,123766378.0472906
1697241600,8250177373,8473700898,8248763294,8455317867,124163731.27063976
1697328000,8455767344,8461028219,8342319124,8402946464,107769436.79714815
1697414400,8403394422,8717931400,8379661654,8471937997,166406098.89293137
1697500800,8473096673,8514328851,8263119506,8356128833,213580313.75519788
1697587200,8356901729,8392055013,8245920620,8295658626,141461407.99676636
1697673600,8294776121,8332684499,8150673353,8331199006,113139389.9379899
1697760000,8332338292,8549495466,8304026362,8486306520,158486858.1334218
1697846400,8476862100,8699162506,8415874528,8662315258,115966424.74614017
1697932800,8663139847,8742204812,8522911686,8732893062,178357591.87087232
1698019200,8733732930,9578176164,8706233735,9529228163,383909062.8050143
1698105600,9530132409,9883534132,9122775912,9436890961,723939208.7234083
1698192000,9439117914,9908566135,9171137216,9700824826,435464747.43603814
1698278400,9701044137,10636540749,9641458699,10179640251,1030221468.4348722
1698364800,10179903774,10239068732,9576269147,9624559068,556330695.6337441
1698451200,9626179373,9949664814,9592390080,9764720716,425044101.2154028
1698537600,9765637213,9981833652,9547068801,9902206182,183583453.75391203
1698624000,9903152278,9970713924,9631961061,9852462278,234773324.44130543
1698710400,9852376090,10039450565,9331653835,9652932434,380498123.3773708
1698796800,9653407549,9885753117,9340057551,9751949765,442487744.41141045
1698883200,9756147782,10032860965,9491164417,9631830139,548496928.9663771
1698969600,9632038260,9643811697,9419925138,9625166880,399200723.0006095
1699056000,9626079953,10036279321,9612229621,9781132826,237346039.10716185
1699142400,9784492735,10289595765,9760998055,10247921757,296673948.6796864
1699228800,10100806560,10825784586,9971594712,10798191992,485392532.9214695
1699315200,10805623310,10818998558,10184974646,10428108799,895919891.2062083
1699401600,10428384522,10901282534,10355375731,10693512162,561453574.565468
1699488000,10694876723,11036501174,9718782561,10424315941,637790685.4716277
1699574400,10426369022,10723629938,10317473775,10700684103,997821056.2063183
1699660800,10702054501,11551194798,10598437521,11074003728,1147509240.0700595
1699747200,11074626340,11310157458,10719606803,11053451482,990848833.2375202
1699833600,11053437895,11239822138,10471039252,10588271438,660944292.3069422
1699920000,10590162075,10698970841,9802631681,10263182655,729722869.3977869
1700006400,10263802086,10836435612,10252171265,10822336788,633051090.8045819
1700092800,10823018310,11824414364,10775313194,11279131984,1060093035.0940852
1700179200,11278357294,12410749775,11220106915,12271550379,1977881475.8042915
1700265600,12270288531,12293102826,11251008808,11393030635,1540426525.5492084
1700352000,11394107729,11448821877,11007263381,11422287785,989367727.6791886
1700438400,11424176147,11667291127,10921300501,11032612309,551580947.2033746
1700524800,11033273245,11182658633,10058535716,10192295671,664665948.8766383
1700611200,10193161538,10874415469,10165569604,10753445278,792056343.5697155
1700697600,10755046083,10843464917,10644540284,10817502797,389533627.2062907
1700784000,10819741796,11161554134,10797383027,11100028481,341352187.0604768
1700870400,11100856901,11245003039,11016808331,11212689771,355074145.02132916
1700956800,11214266345,11219221712,10744017591,11178258288,246510689.91875973
1701043200,11178234809,11579132079,10913899917,11199023758,718907414.025475
1701129600,11199949580,11526029617,10898878339,11480116252,446394752.42725706
1701216000,11481175920,11801563125,11311509036,11432616479,744615612.6811591
1701302400,11433210851,11990014536,11422160002,11854336250,538954212.7013927
1701388800,11855589948,12084866842,11693718189,11914201873,698684831.3380228
1701475200,11915461932,12309048245,11840762364,12251737850,359529933.6706923
1701561600,12251687473,12415706733,11892533032,12182777787,558708286.5036842
1701648000,12182924750,13150835349,12126655009,13051865968,1115536211.2773526
1701734400,13055112415,13607488257,12433956046,13403747263,955929262.8965076
1701820800,13404791372,15110211012,13283163488,13493020621,2466786856.355434
1701907200,13494940940,13967199343,13216427022,13632669945,1539841695.1652875
1701993600,13633325107,14755716998,13590012399,14451916804,1007386470.3732182
1702080000,14453813302,14903586438,13867109422,14001410162,1228969913.9977384
1702166400,14002767768,14610271412,13749623478,14486663636,826190755.2687333
1702252800,14488186423,15242173976,12955697870,13384583655,1612844405.3270767
1702339200,13385778731,13927755754,12969139139,13332836679,1163875086.9570796
1702425600,13333795180,13864759462,12780460287,13704197342,875376015.4642162
1702512000,13705611045,14044188885,13327820472,13986201830,730293757.253727
1702598400,13987616669,14051398536,13151183766,13232859832,710346210.8668597
1702684800,13235154209,13831124580,13049893261,13817553287,523858690.9836835
1702771200,13818485284,13904316948,13141691305,13213110988,542423523.6018918
1702857600,13214998257,13330504300,12307070677,13095721692,658885183.5052546
1702944000,13097494406,13299385966,12705650038,12838641194,500446900.7946141
1703030400,12839506147,13277823831,12734039512,13017722133,500214014.1657006
1703116800,13019447335,13923677622,12902043850,13518437055,548789721.8157692
1703203200,13520700525,13605989542,13096148536,13520728993,954705555.4991168
1703289600,13522905340,13532314792,13116177873,13310858149,442932189.61843413
1703376000,13313446149,13509782322,12886264420,13059266899,483280194.27262855
1703462400,13061037568,13590772862,13001252627,13437558824,437070237.715762
1703548800,13439472842,13450992382,12419032402,13012908120,491697448.1270514
1703635200,13013923676,13364726090,12755514136,13337013924,525602450.1768432
1703721600,13338536494,13528053865,12982018244,13075431068,468190498.8596548
1703808000,13076614886,13249343356,12640328436,12960873849,400016938.88181
1703894400,12961733162,13019566501,12713306211,12820839184,362055421.3152394
1703980800,12822447733,12948752846,12554523049,12757257998,227161958.54430515
1704067200,12758490936,13114988219,12604804732,13103462109,276131109.9608051
1704153600,13104383811,13447748903,12895811390,12984324293,448852905.7262217
1704240000,12985478693,13130686618,10839963924,11688753404,772351512.4901828
1704326400,11689734135,12065942424,11555186727,11976358164,750087095.4382222
1704412800,11976799423,12096102519,11501967117,11793148761,512467031.45048875
1704499200,11795104036,11795146798,11175521434,11496822914,499388759.11326617
1704585600,11496106172,11616479172,10993202490,11159007601,350726086.1207539
1704672000,11160072194,11660799792,10582044186,11597570850,581494201.0810398
1704758400,11599719265,11963701360,10956847724,11304789399,482624536.5472784
1704844800,11305817781,12109084083,10892548875,11842288789,936530066.1935474
1704931200,11844144721,12536423988,11706085319,12063205816,849621519.3730702
1705017600,12064430812,12186629415,11102630248,11418081778,617602678.9052147
1705104000,11420868587,11600346858,11211094534,11537458859,543456060.3312955
1705190400,11539406737,11967296726,11366002592,11414403404,398525615.3040048
1705276800,11415280847,11654255063,11387204836,11556074623,334429064.81764317
1705363200,11557299809,11765792535,11388085840,11598804315,296257314.2493783
1705449600,11600031838,11639043207,11333530255,11496610332,302989481.67900485
1705536000,11497379487,11519684019,10973201592,11130460669,241541562.25721443
1705622400,11131355862,11239278326,10683082311,11202086321,340209857.9024315
1705708800,11203440983,12904985581,11154199042,12526864559,337785902.5848568
1705795200,12526229534,12893994368,12088648764,12188355229,1236751224.0985243
1705881600,12189899365,12209043113,11433214528,11492758580,612952116.5517079
1705968000,11493814436,11674576452,10844107691,11152877941,667459267.64629
1706054400,11153936432,11506385140,11075590700,11277487666,437165960.0525195
1706140800,11278706998,11310665170,11009190230,11123785550,322774983.7762027
1706227200,11125693015,11465527442,11068011419,11396306671,259851308.84206748
1706313600,11397621264,11523121755,11284603694,11443682386,256213729.47010827
1706400000,11444338745,11635514096,11169231358,11257905639,247215997.54372144
1706486400,11258941078,11859091852,11168387052,11621057187,365725256.7703485
1706572800,11622784837,11739634723,11346396784,11389256505,464477889.49670416
1706659200,11390331130,11468914699,11153151631,11250309498,309273930.639597
1706745600,11251367764,11401405053,11049889118,11332816578,294851426.765894
1706832000,11333895987,11422497872,11228145350,11325321611,232870879.54866827
1706918400,11326393071,11357835424,11222061627,11246357991,184631191.6891706
1707004800,11248726866,11424532890,11131522851,11190124859,155186837.09006113
1707091200,11191332090,11472937969,11052673358,11194191033,249468969.3054127
1707177600,11195249001,11311047133,11103754181,11206685854,208170827.23623425
1707264000,11207748822,11479399833,11172005268,11453664474,177912305.59786746
1707350400,11454750766,11557701965,11376107489,11416144066,247246908.7156524
1707436800,11417221108,11747554033,11417221108,11664613299,299954751.0370354
1707523200,11665712047,11750090741,11489803921,11648550278,282765069.74373806
1707609600,11649655555,11948584715,11555256873,11621049894,267916221.24951875
1707696000,11622140269,11852437448,11370386830,11766612412,279910603.2901806
1707782400,11767739374,11873600390,11411531363,11600364525,418428286.9422696
1707868800,11601472215,12447010515,11519922836,12239560340,412018714.6601792
1707955200,12240718687,12631334257,12023233095,12213532988,782977777.092087
1708041600,12214670837,12596737040,12034369932,12304821289,504835826.70142245
1708128000,12305989894,12323163039,11737844994,11963958078,378417048.10793024
1708214400,11965082498,12271365710,11859171480,12194079292,330402520.76615685
1708300800,12195252496,12992524285,12175213349,12800721018,370522994.19361115
1708387200,12801943526,13093970416,11882917724,12335273103,871271345.3260448
1708473600,12335012513,12353623837,11740881804,12108813352,605782607.799339
1708560000,12109975481,12238835470,11890913498,12041250153,374599354.6763759
1708646400,12042382980,12238554974,11863393934,12091068000,327538070.53758556
1708732800,12092200341,12367153262,12007709599,12334216193,428969549.6833742
1708819200,12335397035,12429921151,12207932698,12332532668,292504290.86003095
1708905600,12333705486,12892310194,12057267772,12780589253,313841883.187682
1708992000,12781802781,14407640073,12684395789,13989362990,1078714401.1374786
1709078400,13990697025,17613723113,13520806730,16605178089,1877080486.0555112
1709164800,16606762579,19340409633,15999285456,16827402855,6082397463.610143
1709251200,16827562612,20859643776,16791740996,19978432008,2938496716.827388
1709337600,19978900832,21601058036,19504577480,20352914110,5205053763.113647
1709424000,20359125240,22402776697,17779481046,22024428882,2969228387.5602174
1709510400,22015081941,26548526223,20849830533,26089878683,4980593098.893193
1709596800,26096661802,29591315293,18099667613,21995675895,8006825608.334574
1709683200,21986295981,25778025320,21017218842,22654328447,8066096743.449821
1709769600,22656476075,23270091955,21012042862,22601996160,3043245015.444894
1709856000,22605567711,25248093482,22260017679,23633614905,3242931719.7310286
1709942400,23637313624,26545374291,23432258064,25682133402,3486358230.069788
1710028800,25685999671,25805029204,23757147594,24418263436,3345370889.9026566
1710115200,24420601243,26273623901,22974899355,26123029955,2564750188.0751567
1710201600,26125503416,26311970718,22312964266,24127434554,2517915468.3873405
1710288000,24126849846,25019108637,23662071955,24247347818,2466123107.102986
1710374400,24248211990,27618171165,23720266066,25428917142,4414916528.867729
1710460800,25434199058,26013846850,21719574961,23457083567,4905493480.796903
1710547200,23462176846,23710415890,19808901680,20451740358,2008059697.3433983
1710633600,20453670214,22818621348,19612734920,22124060457,2816467706.2122254
1710720000,22124700407,22127570763,20082442449,20581884311,1856683201.6926448
1710806400,20583808873,20830682531,17981588283,18486818094,2607194634.9766665
1710892800,18488565910,21976703733,17630168207,21825981729,2547753553.48899
1710979200,21828040486,22937746194,21061439130,22307525229,2990690588.869915
1711065600,22309618332,23683600232,20863850544,21949253174,2943714929.3849006
1711152000,21951321640,25104454968,21784762685,23249332810,2758228408.490853
1711238400,23251497680,25833401881,23145234660,25342294408,2886951779.5988927
1711324800,25346104185,26810947875,24418369849,25168025149,2205228997.712426
1711411200,25170387519,26852243369,25059795802,26178639276,3182606630.872058
1711497600,26183996400,27528459653,25694186604,27350347000,3212750105.108065
1711584000,27355754408,32824606849,27176188725,31587758424,6365451444.085198
1711670400,31600765966,32286052625,29888267646,30597977520,4530472951.673412
1711756800,30602078685,31162424743,28265866659,28625062850,2703922551.441492
1711843200,28629197344,32218623914,28623449664,31626612806,2112648762.6590617
1711929600,31608761487,31610197531,28337453565,29446079428,2829536791.9199114
1712016000,29444643384,29466184042,25880382514,26207800515,2829536791.9199114
1712102400,26212108647,26924386403,24441466563,25175284977,2829536791.9199114
1712188800,25173848933,27043578044,24701390502,25855969768,2829536791.9199114
1712275200,25883902725,25987409584,24104159789,25484251242,2226682797.4555364
1712361600,25486644387,27010638467,25375939157,26715903763,1777259962.1620836
1712448000,26719811174,29489135627,26675237416,28603411918,2139017558.9389527
1712534400,28606069623,30035438406,28125778704,29133814435,2520225888.281368
1712620800,29135127611,29257368879,26732008097,27203715578,1792693541.0045056
1712707200,27204827187,29061630354,25914701362,28715007919,2097482756.70132
1712793600,28717703194,29268611299,27303753670,27874799409,2741192379.670303
1712880000,27878846359,28940486638,23077009974,25043490003,1998842987.107886
1712966400,25044405028,25303366018,18688351408,21965646597,3865247090.0505023
1713052800,21959088670,23756159942,20704448039,23360487724,5471892987.700879
1713139200,23361247135,24331095030,21657538074,23217352789,3292077322.193379
1713225600,23223856318,23382155004,21068116031,22455388152,3468884705.897695
1713312000,22457475967,22843184988,20786549948,21248537245,1925944734.630309
1713398400,21250555484,22127119308,20294827440,21912656237,2208978796.422457
1713484800,21914690164,22631552730,20028967350,22509196669,2323426224.728783
1713571200,22512747282,23755137671,21706561167,23418267044,1491553502.2130895
1713657600,23420458209,23878299588,22339203884,22789846499,1597970807.1777024
1713744000,22792002409,23529225558,22541461729,23221089320,1303012437.8443213
1713830400,23223274528,23472398761,22598303911,23020231079,1039310909.686806
1713916800,23022392386,23676224873,21514545218,21801136991,1235752856.6159558
1714003200,21803126124,22222250824,21234211154,21777200885,1409289949.9844244
1714089600,21779242085,21857025093,21154097174,21308222762,972086015.5015944
1714176000,21311647064,21556542292,20552471857,21277073620,899495417.9528171
1714262400,21280533376,21750200553,21025530031,21117734630,683644968.861142
1714348800,21119731050,21330092677,20129878735,20660105302,881531208.1244435
1714435200,20660620172,21029508355,18614443534,19213886831,1133022716.393102
1714521600,19215701588,19280551339,17294707872,18747342280,1681800987.232443
1714608000,18750508512,19347181111,17862705803,18994077761,1811855330.136963
1714694400,18988639521,21323662751,18907922669,21049802001,1179982714.1185696
1714780800,21050345177,24511406518,21015748978,23085754845,2076925620.3525732
1714867200,23090808165,23570875539,22295020808,23209022954,2402175379.358493
1714953600,23211186660,24373259860,22225010396,22563828264,1569827906.546505
1715040000,22567390753,23054757571,21532096742,21625821130,1350318006.2947643
1715126400,21629305908,21914831781,20490086515,20653038150,1050652177.6286914
1715212800,20656429560,22213990401,20631912399,21938532882,1132338830.9930675
1715299200,21942057728,22182925646,20522812030,20755026011,1026043113.4680094
1715385600,20755540592,21085863672,20559366186,20630046671,897859469.3574948
1715472000,20631980301,20832500876,20144383507,20367985587,600607476.9761549
1715558400,20369822469,22679623856,19595079593,21437438350,940009267.662486
1715644800,21436554140,22370083825,20817567687,20990710751,2147750274.679613
1715731200,20992682005,22634809591,20955164152,22403930493,1650271667.6447568
1715817600,22406037371,22984732527,21475218480,21612315836,1732017375.9200382
1715904000,21614360060,22611657256,21560959197,22450011400,1114536906.3812118
1715990400,22453551616,22648410800,21845879642,22094144676,1014313636.2302963
1716076800,22097637819,22523480722,21299362818,21525997854,789756960.2040174
1716163200,21528024395,23996702085,21324466761,23918743842,774825871.03681
1716249600,23924171856,25011306091,23208078124,24581072357,1519544731.914602
1716336000,24584511609,25196741899,23360051028,24006935863,2737323395.8258367
1716422400,24007709699,24442375601,21971567102,23058953893,1577672399.7225242
1716508800,23061104783,24977568087,22411211424,23648897220,3205390611.376398
1716595200,23652581665,25148922322,23496592484,25128701502,2020298247.680676
1716681600,25128159534,25245162346,23911908078,24004354745,1619778366.5446317
1716768000,24006586542,25046708236,23719108463,24415412152,1141628885.086662
1716854400,24417688717,24511597348,23331238098,23815228733,1556760557.2001295
1716940800,23818912144,24651165307,23412899750,23651305604,1517320259.7913477
1717027200,23653544883,23910758579,22582784497,23013400685,1411933895.5956492
1717113600,23015555473,23479450569,22305983845,22969310479,1098532468.32666
1717200000,22972849006,23342842674,22874569438,23146283538,743965848.3658161
1717286400,23148461578,23303121921,22356369355,22694598516,556743409.1238248
1717372800,22696724431,23611763382,22513138418,22881756004,792333267.9043456
1717459200,22882445642,23392775647,22706070967,23324828026,822557591.094776
1717545600,23326985142,23831579031,23306743553,23604584072,859529717.3640835
1717632000,23605342120,23955265108,22898266328,23158539626,748207512.1626283
1717718400,23160708192,23434020745,20256943079,21426836494,849317609.9711024
1717804800,21427384629,21499696267,20766456256,21091858628,1663907258.2048128
1717891200,21092385475,21569686936,20967997821,21229790441,776800762.3915911
1717977600,21231799859,21395254920,20724076617,20938159352,667493750.7060177
1718064000,20940122162,20989307941,19345924260,19962193140,959837393.0035756
1718150400,19964051866,21782648372,19479382152,21151854357,1149693642.2568963
1718236800,21154000573,21185832859,20274271958,20408835710,1236922555.339663
1718323200,20410735654,20742111653,19092466942,19525136914,656120411.415124
1718409600,19526973312,19880088371,19415539461,19783126449,847494566.5155859
1718496000,19784960963,19912325744,19486811588,19834170083,375902342.1342411
1718582400,19837481290,19990912375,18248166846,18628849632,604976510.0186849
1718668800,18630599952,18702979905,16506972125,17688212961,1479628532.1635926
1718755200,17688422123,18339902721,17569707880,17723167755,871202683.526651
1718841600,17723377451,18599338840,17571351095,18023086555,666207483.0230433
1718928000,18026242428,18191315256,17575912168,17966874130,641516743.9772946
1719014400,17968536802,18171276579,17788967285,17913507434,450691996.28798616
1719100800,17916623186,18291726686,17554554170,17692140396,314176511.1745987
1719187200,17693766345,17937099085,16511864468,17225930186,818997544.1715697
1719273600,17227551201,18603669392,17201477383,18261812663,848104328.5897996
1719360000,18263514608,18630030765,17644928050,17781104013,616195555.2819213
1719446400,17782779414,18594116914,17469834950,18402873075,504973465.1818021
1719532800,18404582764,18588599612,17688800691,17804716816,673343393.4007688
1719619200,17804929067,17990412173,17560033404,17629589569,486781100.2687167
1719705600,17631238062,18174696411,17438491501,18008035850,319750363.4720287
1719792000,18006954408,18446077723,17831594933,17872173985,368818664.56561613
1719878400,17875141064,18153443617,17741787757,18137499200,391422375.90848315
1719964800,18139210978,18171102822,16925871285,17150563820,580634059.800388
1720051200,17152168104,17250752115,15061607170,15205133892,1026096274.088989
1720137600,15209446425,15434180857,13298478800,15284841202,1714086197.176296
1720224000,15287711244,16552141122,15181858742,16444838586,946364683.1594204
1720310400,16446393437,16456544637,15028125843,15102084583,691725320.3815892
1720396800,15104962651,16140482894,14333398548,15603868762,961967151.7159072
1720483200,15601652291,15875772611,15350737924,15597301175,1017066469.3444138
1720569600,15599525102,16028896445,15341322064,15669152887,573190609.6661961
1720656000,15669161523,16306024954,15402230154,15470413710,510751394.5352781
1720742400,15470392905,15712684531,15213592797,15618379407,536209283.28305966
1720828800,15621294431,16394668937,15569059005,16298903989,407327203.2026459
1720915200,16298971571,16965035314,16132092856,16750269662,598357190.1694808
1721001600,16751823350,18217589753,16632820533,18136319536,639693634.4664509
1721088000,18136555243,18548749680,17280235813,18119138576,1055077944.1159658
1721174400,18120830158,18537417651,17480707914,17683921325,809521603.5782259
1721260800,17685574558,17988971511,17010552628,17356047723,719790036.4919183
1721347200,17357652218,18291155930,17054227217,18206951863,640453442.3218608
1721433600,18208654931,19718662197,18056202274,19496516897,798532433.1562697
1721520000,19498345791,20854575681,18288774593,20369585549,1052921343.1295635
1721606400,20371477926,20708388596,19741222621,20011332038,1540676898.86691
1721692800,20011760670,20222349631,18617516513,18929769110,1274914200.1607943
1721779200,18931518273,19579320725,18434772896,18585829970,844804862.5679988
1721865600,18587536956,18696482351,17448694429,18193880930,935041259.703178
1721952000,18197017029,19597458065,18163604017,19492860809,810507283.5044247
1722038400,19493204606,20158620698,18932395410,19093664376,680336542.7338089
1722124800,19095417519,19157896818,18620284242,18894902558,1288013074.3718762
1722211200,18896664600,19627595259,18552269836,18664161806,798745408.4377767
1722297600,18665866204,18979773640,17917429495,18235696756,698850249.259799
1722384000,18237386971,18500454157,17625501419,17717066240,581977073.5631089
1722470400,17717251032,17888769255,16301498919,17291362563,685258206.9649869
1722556800,17292961385,17390357855,16016631518,16199795030,851098679.1589229
1722643200,16200512703,16656988025,15280293344,15698971346,825283967.3003966
1722729600,15701200260,15897483438,14401369439,15074548041,707241085.4289873
1722816000,15075941500,15155916113,11706829188,13704740417,2584985676.1897216
1722902400,13710369791,14754498505,13688556517,14033206246,1725471263.4565897
1722988800,14033059467,14840225806,13720373408,13902167629,995866936.9997596
1723075200,13904894418,15699731208,13612542559,15632824813,933229437.954029
1723161600,15634291915,15677930615,14789155740,15110627504,754423686.8325928
1723248000,15112019496,15411699512,14975272303,15308411740,502568992.52953565
1723334400,15309848129,16144957207,14564942471,14634777376,524145715.2965665
1723420800,14636132324,15797245118,14575021124,15698303175,682465549.3196536
1723507200,15701214854,15864193173,15047846414,15481485156,754200444.0763593
1723593600,15482925676,15554235325,14768373885,14910993183,512936054.647321
1723680000,14910932229,15271880125,14263263626,14586370210,554920229.2532853
1723766400,14587730195,14855555216,14199092801,14608108186,634240008.947413
1723852800,14609464049,15098581220,14561425756,14963200574,422972694.39203614
1723939200,14964607769,15201910140,14561339324,14565706852,352195379.97978544
1724025600,14567073535,14829149821,14360324466,14756350852,446840134.8276301
1724112000,14757723131,15388220824,14722776377,14989245379,632875638.9955852
1724198400,14989186024,15712942505,14879967239,15458098674,492281263.3613136
1724284800,15461013562,15567329877,15153715723,15329938655,520326034.2396054
1724371200,15332841452,16815584171,15327015351,16447083279,425882703.77767986
1724457600,16450079040,16760347954,16155833405,16410749178,962653141.7805839
1724544000,16412298253,16438520636,15713034703,15970888137,663845634.3094243
1724630400,15972375816,16074361249,15220597478,15334238389,504208656.49416745
1724716800,15335681367,15522186565,14059286414,14410440733,534334183.80240184
1724803200,14413247927,14841667186,14123263462,14516709721,682928007.180473
1724889600,14518082484,14945084910,14324255444,14634670177,558020960.7531517
1724976000,14633123937,14991664623,14147782276,14829884070,494318160.36499566
1725062400,14834173947,14917258148,14625734636,14758377834,520193948.93192554
1725148800,14761217650,14794745994,13705803708,13860325639,279469228.7554768
1725235200,13861630137,14551212704,13720214684,14449160316,522800806.0338914
1725321600,14450518123,14688176730,14071430774,14110797537,390864574.9414766
1725408000,14112116649,14504362916,13416572152,14285638232,539616470.7745309
1725494400,14286976502,14460514341,14002607775,14351141753,451038435.4378801
1725580800,14352484066,14496869385,12972802130,13492005903,526595020.5812776
1725667200,13494721687,13952713755,13379494384,13908956551,770190711.8879952
1725753600,13910240097,14136339847,13688516471,14021101910,369976931.62063867
1725840000,14022418754,15294531649,13962606106,15136976382,471745073.0156202
1725926400,15137634221,15255805806,14816674359,14996120100,698359256.918924
1726012800,14998288969,15036226075,14284779551,14782339288,497789741.4111681
1726099200,14783723183,15078492908,14661145673,14986559776,481917837.1837601
1726185600,14987955469,15825646456,14855150800,15609656445,558161867.4977299
1726272000,15611126076,15723509837,15240405617,15390737142,590549043.178841
1726358400,15392165989,15533753481,14917774908,15011193460,352806695.47803855
1726444800,15012591055,15065143883,14360060114,14543995010,526964302.58512634
1726531200,14545344997,14978946067,14408110988,14759955627,433949839.3473469
1726617600,14761338675,15167238987,14511666181,15161398695,499812501.2719356
1726704000,15162819226,15637387432,15108791461,15327822941,702018151.4267181
1726790400,15329253682,15692879877,15135027642,15415414105,652086809.1073799
1726876800,15416867667,16131044276,15197795087,16056559599,458702131.7208153
1726963200,16058055882,16062437742,15165617085,15532232695,534634957.8472856
1727049600,15533687427,15947081591,15215242452,15786398347,607513344.7990048
1727136000,15789338719,16154562135,15608187904,16036229748,614487853.083222
1727222400,16036274761,16233513928,15784977453,15853645903,695612349.6947845
1727308800,15855130320,17617298523,15631571668,17257851278,1004535260.0609946
1727395200,17258013985,18804074848,17104576943,18051502689,1479725845.672581
1727481600,18051739784,19289581720,17568002262,18722541966,1209309197.0221727
1727568000,18724288106,19060451267,18187888626,18187888626,1306608439.1204844
1727654400,18188139204,18218835252,16565633818,16708882041,925442827.507261
1727740800,16707524381,17439913017,15008850540,15619905330,825054417.5248183
1727827200,15619901842,16001481249,14944462433,15293878058,1369976294.5228016
1727913600,15295309123,15611128525,14783564720,15359642705,876480301.2613076
1728000000,15361081890,16165327015,15318676238,15969383657,785996082.2533886
1728086400,15971520900,16114828815,15718538561,15999305088,669100960.2439822
1728172800,16001602698,16504714966,15855349132,16316047866,345045129.4617694
1728259200,16319038910,16880705213,15840744949,15859759694,701149228.5030471
1728345600,15858307641,16063100839,15397522943,15665216910,761016803.1571802
1728432000,15666693681,16300149500,15516010195,15782266452,589830886.5275358
1728518400,15783735777,15880299233,15077066851,15496971575,766177518.8250442
1728604800,15499890136,16281249650,15450140654,16190530006,700013298.1210922
1728691200,16192017142,16404203540,15997390999,16292988600,645654871.6616722
1728777600,16294499484,16399870776,15900820630,16297426464,516889567.3570158
1728864000,16298963232,17219585348,15995992203,17073222531,780880829.8280143
1728950400,17074814804,17453929852,16126295301,17190452212,1095394998.403845
1729036800,17190604284,18989740166,16950524313,18401251456,2121146176.4713173
1729123200,18402981088,19168673937,17644608439,18975420675,1612738944.3836758
1729209600,18977204109,20600976916,18961098157,20078265562,2139130107.3793328
1729296000,20078692269,21506399749,20066977746,21100784393,2193822232.459493
1729382400,21101317165,21326843075,20102559562,20817213096,1399610018.712628
1729468800,20817690274,21917597788,20236247821,21035914268,1967904138.9764447
1729555200,21039292144,21729177037,19989085205,20450473191,1779632210.4177814
1729641600,20452426474,20631139841,19498800229,20489048066,1386336508.2086887
1729728000,20492439077,21043279590,19956248578,20764929331,1456508496.8203483
1729814400,20766882508,20898745033,18733269349,19273905700,1264042138.0007114
1729900800,19274240028,20201759713,19120386052,20100655672,1378991070.288164
1729987200,20102515833,21405266713,19914943153,21126838516,835394346.5153589
1730073600,21122950009,23787317117,20661302243,23630503431,1769720070.2375426
1730160000,23631240284,26314909636,23515451164,25763812052,3758220135.260464
1730246400,25766236058,26059400651,24109856109,24659539721,3419032232.370075
1730332800,24660375147,25431469983,22930542626,23685511904,1891086533.980306
1730419200,23690662455,24734523564,22579360880,23299214538,2466768282.3515887
1730505600,23299925508,23977325646,22794074756,23376169680,1957139796.3838248
1730592000,23378352276,23432608002,20856194219,22187659054,1618054419.928892
1730678400,22191198509,23480259009,21729248500,23192823448,2335062162.373226
1730764800,23194958473,26266108839,23155359113,24918263956,3199052014.57719
1730851200,24920606877,32090231739,24801797627,28814910070,11644098005.165714
1730937600,28820547059,29983813401,27246543547,28371670009,5471422483.1139
1731024000,28374331331,30381264026,27979693250,29644801882,3821199403.5259337
1731110400,29650522815,32285603174,28981482368,32122744644,4298828318.755492
1731196800,32134488978,43669156460,31801405462,40784389093,7087160109.742043
1731283200,40777852503,51569572933,40055860872,51565170545,18827968958.856895
1731369600,51572919787,64414416845,48112319780,55845102408,36422241631.22034
1731456000,55835691424,63623509591,51734831274,58612651841,27896790876.56201
1731542400,58625310406,61144177495,51807048386,53269048165,21540155171.008972
1731628800,53281545040,56474474107,51809127637,56003241817,14948043126.360308
1731715200,56006919969,57455982305,52873891574,53459682731,9980073305.91142
1731801600,53471990888,55153176828,49949575979,53886047163,7939882713.782507
1731888000,53904268832,55888105690,52529826717,54509258311,7003068732.499853
1731974400,54514325327,61682354796,53832914618,57400040940,9286062003.372541
1732060800,57415676584,58301299406,53704285421,55543091015,11583891442.570833
1732147200,55551137886,58115714479,54249754804,56830488524,8520001748.735379
1732233600,56840199960,61734797217,56007295805,60674203214,8801231664.431316
1732320000,60682791808,70505218236,59464904953,63256661252,21410022211.954365
1732406400,63262542974,66653549273,58800460597,63252258293,14985432093.338808
1732492800,63275818950,64327893501,56037663593,57771529472,9348576337.223902
1732579200,57771088949,60048839003,53656443690,56868806024,10686883255.789991
1732665600,56875511650,59889766803,55876148655,58903630671,7079333635.325945
1732752000,58909073535,63059752768,57553929677,59073689708,7071954286.2226
1732838400,59083581668,64294461056,58730799989,62623157850,4356861607.085923
1732924800,62642220746,64049068706,60878148070,62004214462,8094988140.248378
1733011200,62009925363,66144116413,61273357185,64781244755,5415815354.146677
1733097600,64794597796,68136662804,58942675784,62461180652,12452532225.957464
1733184000,62466890098,63174184516,57127626005,59780347686,8669364527.435423
1733270400,59790235584,64234392603,58875521598,63674093522,9012854652.275225
1733356800,63696186145,68470201251,60028165913,62878455893,14790269905.041489
1733443200,62882760950,64990521907,61834028527,64005037021,8932864001.73223
1733529600,64009510161,68649074325,63471120660,66735290883,7183227132.553348
1733616000,66734114139,71265243092,65710196688,68662786236,9718313088.67276
1733702400,68670628382,68800101222,56317742495,61008190352,7496805169.728886
1733788800,60975597717,62254260710,53806845013,58001860194,12228680584.208277
1733875200,57999890993,61697910125,55246610533,60959189232,9354177043.187893
1733961600,60964860314,62427722624,59092867500,59808110038,6093036386.392111
1734048000,59810794877,60667400498,58764323062,60196414590,4476528954.705579
1734134400,60209377593,60942417639,57049062374,58625540064,3310802595.047079
1734220800,58629484568,60518193953,57780080581,59833665610,3263984112.7952905
1734307200,59840730604,61061218860,57760453274,59156138277,3165179355.144387
1734393600,59163131525,60407291749,57625967887,58044123512,3683022171.244197
1734480000,58053945817,58363174190,51657336035,52767613148,4036725169.5887127
1734566400,52763493148,54062368387,44211828164,46266171655,6541375791.883387
1734652800,46269119238,48403189578,38647439455,46780176801,13448969219.565224
1734739200,46784455277,51522848773,46255675897,47151213120,8396930849.44453
1734825600,47162996081,47771370300,44925416325,46021373756,5068162357.531915
1734912000,46027058374,48372386189,44605424365,47819937740,4072428531.4905496
1734998400,47827285979,50099163096,46541067611,49611490382,3349105508.758283
1735084800,49623467557,50376409891,48108742079,49231524973,3453837268.049479
1735171200,49231748418,49757826247,45432788634,46042862083,2464252292.0515604
1735257600,46045656406,47814149163,45467948772,45899755754,2325734446.2216754
1735344000,45903954100,48179622911,45822890768,47741880918,1581864051.9286237
1735430400,47747782920,48499530807,45908211621,46242813131,1453136361.1737483
1735516800,46247111095,47556158483,45154764120,46192567454,2003949329.5633516
1735603200,46199793260,48408278128,45530466070,46504971075,2526723565.8314433
1735689600,46507748783,48175322060,45907658311,47839153441,1877969147.6851785
1735776000,47842098027,50760252195,47777217388,49874041657,2984897057.9351788
1735862400,49880160252,57355400682,49501163055,55954438282,2527616773.9227476
1735948800,55964091332,58766277954,55529014989,58192567114,6084809620.320858
1736035200,58200883208,58652224353,55358613968,56373394060,3276707448.376938
1736121600,56381618638,58293359985,55459675473,57209154823,2557994289.014941
1736208000,57205697464,58750202614,51268129907,51356640230,2929469566.206933
1736294400,51363846728,52434971929,47927688889,50500749976,5702561325.509574
1736380800,50501026491,51157631318,46388762107,47352274357,3958538874.6082783
1736467200,47356648497,50104313943,47356648497,49264667521,3498528895.559308
1736553600,49269197865,51354486965,48636084614,50340620290,2602161264.7610755
1736640000,50343817571,50672948950,48947592083,49560101150,1574442990.6695743
1736726400,49564674610,51043688397,45780052504,49876123621,2411117554.870714
1736812800,49880708924,53433915979,49570707478,52515721219,3661605908.367954
1736899200,52522021521,57228571010,51436916793,56897872426,3010136803.772732
1736985600,56898680606,57589668034,54328148314,55581670379,4329055893.730362
1737072000,55586797628,62271388752,55450949962,61295352805,6058387078.839456
1737158400,61308386158,64105333922,56835337173,58560170852,7457976023.292706
1737244800,58565579794,60472228729,51238790200,52900277459,7146504137.449746
1737331200,52891884369,56964012970,50936317351,52304032652,9845600625.20311
1737417600,52301804049,59242586822,49557395793,54870440193,8770195104.676558
1737504000,54879692556,55219468304,52507171458,53569339994,4631541714.327532
1737590400,53593547033,53809250903,50451066688,51986109978,2667326929.025071
1737676800,51992351857,53883627587,50674369083,51846073500,3167809257.3158417
1737763200,51850831568,53393544902,51051398701,52235032207,1537485312.7532449
1737849600,52239814927,52801390351,49532430250,49661001465,1389292286.6037784
1737936000,49664110445,49797127435,45128231060,49338957801,3586594974.8018627
1738022400,49342525606,50105188654,46580089098,47103311422,4398263813.355908
1738108800,47111478964,49448574924,46839482977,47877206800,1862762198.30877
1738195200,47881656911,50080002712,47621462653,49014093282,1893673162.797988
1738281600,49018618803,50498610280,47846158023,48635683945,1328999737.0233471
1738368000,48640154376,49108886066,44874035720,45526119869,1781286446.5453982
1738454400,45531758247,46538810126,37019877751,39622537527,2715799742.2329664
1738540800,39626197587,43305751950,29908210562,42130010102,10861324773.053299
1738627200,42130980342,42778807950,37797339043,39011646042,6163456222.467868
1738713600,39010787683,39812510920,37494613665,37898433672,2819274833.9537125
1738800000,37900425988,39336855091,35943272842,36675541026,1640106066.0424824
1738886400,36680377328,38696888210,35323707864,36480649544,2005984250.7873552
1738972800,36482535760,37612951354,36185135845,37423562354,1793938924.4626312
1739059200,37428469293,38476123134,35501851636,36841013678,987840215.8172514
1739145600,36842947183,37951372932,35770038414,37800425767,1475212562.4708464
1739232000,37803917495,39949933248,36787150032,37462034985,1467881933.31697
1739318400,37462522186,39553969987,36524108947,39095124397,1375132081.973463
1739404800,39101708829,39545794108,37519284951,38848580220,2076152805.158208
1739491200,38853677065,42425935505,38622731223,40240832539,1814182388.871714
1739577600,40244548319,41944229780,39738197221,40238626084,2267390545.4374037
1739664000,40242325009,40603614556,39041481475,39334659058,1163086274.1565917
1739750400,39335315549,39812143151,37598300711,38242462224,1121214934.5107212
1739836800,38241547016,38479982809,35870517786,37215236425,1518237324.4026082
1739923200,37221646333,37808163859,36852851222,37725221987,1313847675.872904
1740009600,37727253195,38142001169,37029587853,37727253195,1034518936.5503196
1740096000,37730737491,38690671448,34738350772,35492372970,1179098724.039129
1740182400,35503053350,36688266281,35255640151,36510484342,2015030961.831838
1740268800,36512369059,36681277474,35626340706,35986382328,738351379.8922861
1740355200,35988218280,36146769741,30544124157,31194629687,1311890210.5203047
1740441600,31196042411,31796222790,28992417164,31341271243,3473436084.6305513
1740528000,31344083505,31684941151,29044035392,30125887919,3323889797.250633
1740614400,30130158832,31309989924,29764055466,30619284787,1982981580.0154936
1740700800,30622067420,30687290141,26898442995,29895723483,2282408100.281071
1740787200,29897012095,30965874381,29547148711,30629353245,1657417884.8546758
1740873600,30635128357,35889490981,29893824375,35468430319,988237007.2906351
1740960000,35477624394,35661484695,28677758741,29525888517,4076767877.2369285
1741046400,29528614607,29960133055,27123381197,29500439863,2641216704.853392
1741132800,29503155394,30627282859,29123502846,30357373626,2064336464.5567846
1741219200,30360143217,32620468486,29528094348,29888500542,1697660838.9088235
1741305600,29892744657,30941430732,28229976495,29424024996,1600709815.8853705
1741392000,29426754568,29781293779,28346819228,28511479699,1476769699.8693662
1741478400,28518540465,28803384650,24533689001,24914964812,1003022859.6639488
1741564800,24923217190,26828289869,22329707031,22838616633,2191426407.6533246
1741651200,22846657748,25001190907,21214435658,24355721263,2545795164.988308