time,open,high,low,close,Volume
1499990400,2307848264.28,2434983752.7912025,1866877948.0231202,2149754225.166577,575009152.444
1500076800,2145937179.6184292,2408435929.5046377,1781586133.7351213,1994987250.9140227,575009152.444
1500163200,2000346217.838002,2296141664.1603017,1842575202.5783403,2136165723.1526554,322801996.889
1500249600,2133672697.6005776,2498598152.364316,1895676587.5456104,2215131148.590276,322801996.889
1500336000,2210615907.133368,2429835472.395344,2088604631.615656,2277724204.6921463,322801996.889
1500422400,2288900793.614407,2415135634.54144,2046694448.967012,2112300734.140847,322801996.889
1500508800,2108102929.5430722,2788878980.770636,1774525186.9050732,2343761606.643155,322801996.889
1500595200,2343019925.15712,2647333936.669609,2112133041.8158145,2361313065.95496,322801996.889
1500681600,2357004198.0885067,2558546223.251876,2182037777.1485467,2431840959.635878,322801996.889
1500768000,2435404118.7913976,2483448482.21008,2213174921.45904,2343544473.2474084,145456812.167
1500854400,2351326519.2960925,2407146053.4968,2250092966.3036437,2322964280.4197645,145456812.167
1500940800,2329125094.8052006,2421347239.9566374,2018774280.7231998,2204027143.042642,145456812.167
1501027200,2203824709.9637537,2306282015.5942826,2043127006.9055998,2190463532.012696,145456812.167
1501113600,2190858376.127101,2347361465.9648995,2049333177.2010543,2193692361.04427,145456812.167
1501200000,2198973678.183125,2345293412.85855,1881597617.5909407,2072692539.940772,145456812.167
1501286400,2072982042.355737,2224342791.350919,1946600045.6716044,2105497436.959335,145456812.167
1501372800,2110625806.8807552,2247323064.6883826,1929261906.3354044,2074518892.0946639,98071662.4444
1501459200,2077083323.2415192,2389214797.0031247,1821713308.6381154,2204932618.0558996,98071662.4444
1501545600,2204932618.0558996,2478519877.448052,2006850338.1859102,2253923062.7226777,98071662.4444
1501632000,2252607924.827376,2286218292.75192,2112883233.0605,2163172786.2858834,98071662.4444
1501718400,2163172786.2858834,2292814709.79197,2104170250.4639604,2206913822.9700856,98071662.4444
1501804800,2204993415.566132,2297294157.5257416,2149535403.318081,2234877041.31713,98071662.4444
1501891200,2231604780.380553,2721543891.030842,2083553741.0978208,2443770356.39382,98071662.4444
1501977600,2454349186.3897233,2516432246.5376096,2261989943.5283217,2388950605.0239897,192604853.111
1502064000,2384525181.050057,2583688073.3671,2247658353.5112,2408640360.5342474,192604853.111
1502150400,2406505795.6023083,2633997987.6441,2288360555.25,2530255567.732015,192604853.111
1502236800,2530002437.6348724,2686159074.3978057,2282115958.689078,2433117974.9855094,192604853.111
1502323200,2436792058.3589683,2589667798.93192,2360917158.7870235,2441761575.708329,192604853.111
1502409600,2437452282.6962,2709008327.0659504,2285932770.3420725,2482810017.2587113,192604853.111
1502496000,2487360057.838369,2782769109.1037602,2251374753.1067414,2421698591.077437,192604853.111
1502582400,2426369358.4715157,2655210126.8129,2161334776.4743333,2330224871.576835,220172636.556
1502668800,2330012298.609167,2692487087.956431,2167469984.7925677,2372769244.1088624,220172636.556
1502755200,2380880088.9251595,2614553063.1967998,1958733416.284,2252982438.4925275,220172636.556
1502841600,2253703155.8006816,2450271616.5444894,2059327501.154056,2306696563.053705,220172636.556
1502928000,2290272191.12906,2410023414.01472,2127692068.6291835,2259513046.2586436,220172636.556
1503014400,2252607350.0100446,2638140504.976704,2081187006.9806814,2426398454.7395997,220172636.556
1503100800,2434568146.5064,2486822292.0899525,2183085317.595,2327246728.426602,220172636.556
1503187200,2332905885.47954,2502047361.975175,2234229744.0000005,2392168842.04766,135421524.556
1503273600,2391932043.5349603,2613720978.96,2280050295.0837197,2481575384.54816,135421524.556
1503360000,2486596821.15135,2698470080.746545,2097427302,2437941398.8,135421524.556
1503446400,2429907459.998,3531814741.06857,2352859779.34511,2746120887.2202396,135421524.556
1503532800,2755252074.0695596,2966768995.3500004,2474668581.23943,2611189278.50506,135421524.556
1503619200,2616326235.4192004,2771718494.38224,2549022985.355,2689140994.2447896,135421524.556
1503705600,2684319532.4462852,2781682449.8112297,2561949264.2253304,2702280102.8313003,135421524.556
1503792000,2707639343.9205823,3423890354.3024497,2645048127.2950697,3196947153.82,257120493.222
1503878400,3190536692.932664,3496063369.18163,3030934332.0499125,3285544979.3461285,257120493.222
1503964800,3288841422.3168745,3536143878.990955,3007799011.1136603,3320194772.2852545,257120493.222
1504051200,3323810491.8717422,3469298118.9566703,3112468073.5499997,3403994117.93055,257120493.222
1504137600,3401308656.8836994,3924960424.204498,3329648305.2341247,3828686241.3680453,257120493.222
1504224000,3826692393.5662646,4806277002.1875,3667925630.242665,4610918507.86245,257120493.222
1504310400,4610927876.410934,4979251946.315887,3805737555.436625,4168987145.4743996,257120493.222
1504396800,4178302210.131992,4383539923.2942,3876216346.003725,4115547587.947799,1091254795.56
1504483200,4115185512.4651356,4190595788.7729692,3203894485.9884887,3545169935.4415894,1091254795.56
1504569600,3549753706.716546,3966291727.147008,3200408162.406664,3872482423.7934628,1091254795.56
1504656000,3873239917.1938024,4350169739.852512,3836932252.987695,4205288093.8770876,1091254795.56
1504742400,4205297224.2954597,4439016737.84844,3991424171.8384504,4206140157.223875,1091254795.56
1504828800,4206140157.223875,4345599674.229264,3435889767.5674515,3823971159.3042965,1091254795.56
1504915200,3837637067.366652,3887777014.154569,3541796597.753496,3717858013.107218,1091254795.56
1505001600,3737133028.536056,3750614584.554621,3272187475.2368,3517436107.882599,442475476.444
1505088000,3517427784.993331,3778477478.948621,3382261788.0326076,3596446199.6684766,442475476.444
1505174400,3589248708.3970447,3800603504.2032857,3427013092.4256005,3522405469.0796833,442475476.444
1505260800,3517002810.1474566,3554471261.847425,3007038794.793491,3259173075.21124,442475476.444
1505347200,3256264108.0545397,3317094284.0192,2319704059.1159997,2346722569.8561754,442475476.444
1505433600,2344163067.3077974,3029504204.0432,1771123350.5264726,2745397872.790197,442475476.444
1505520000,2745308833.0998354,2985672683.5847163,2561466441.52,2737730350.2593265,442475476.444
1505606400,2735725385.76093,2836837933.1773186,2502285901.920504,2682687515.6920886,437147628.889
1505692800,2682658220.6351466,3066754042.340251,2618629153.788161,2976976144.3054757,437147628.889
1505779200,2977266467.705544,3042046939.4153748,2720599514.371154,2788125677.3164034,437147628.889
1505865600,2786271870.350103,2916785639.3634,2657040308.287747,2716689165.0637436,437147628.889
1505952000,2709354834.9463677,2804120011.442736,2393085648.08754,2461097516.9115133,437147628.889
1506038400,2454824084.3888984,2662629140.732662,2339423648.387784,2506380896.211192,437147628.889
1506124800,2506193551.493604,2668033751.4016204,2410439743.627776,2609038798.136281,437147628.889
1506211200,2615562925.742164,2641324380.7153797,2465342577.732,2518550661.0668745,126823639.333
1506297600,2520468328.7681527,2843386186.1263204,2485225595.938816,2757443062.972704,126823639.333
1506384000,2759315140.1925883,2884639354.3969603,2698979333.801741,2760286626.684831,126823639.333
1506470400,2754916501.787604,3044038920.7020526,2700041503.44096,3003327667.929218,126823639.333
1506556800,3005509024.631705,3061611553.443285,2832041956.258248,2903487537.7228794,126823639.333
1506643200,2902537016.812479,2966150929.6993475,2659672207.6721215,2800741162.0006824,126823639.333
1506729600,2798871678.9425044,2977684154.437552,2771826127.1927114,2918604726.354052,126823639.333
1506816000,2924354601.2367525,2965667714.400172,2742547616.6221123,2886527378.249473,128171478.833
1506902400,2886900679.604851,2942183063.8291,2777326391.876608,2823305074.5710926,128171478.833
1506988800,2823260071.2111273,2870738966.9400005,2669157096.4968,2763653243.7751756,128171478.833
1507075200,2763589208.5086384,2851490153.0006843,2632174411.5718637,2706474887.617759,128171478.833
1507161600,2707731542.234038,2827901702.7621365,2594302964.7936335,2725624775.5253563,128171478.833
1507248000,2725624775.5253563,2823442365.9273,2686674831.1754622,2748121309.076221,128171478.833
1507334400,2743800353.717974,2840806388.31444,2697739609.4199624,2784017433.792795,128171478.833
1507420800,2789043475.6062064,2961729134.4096756,2694480464.180179,2833176281.0997715,48972465.9722
1507507200,2831945229.5099216,3007817259.33486,2378295981.44573,2650057768.6943502,48972465.9722
1507593600,2648372526.17349,2807242406.6143794,2570250093.5128,2681214263.7331724,48972465.9722
1507680000,2680429538.473904,2784523503.6349053,2594039430.8943,2694264674.910282,48972465.9722
1507766400,2694264674.910282,3225413772.95841,2513688571.348097,3189730566.0800247,48972465.9722
1507852800,3189724865.1637883,3456975940.4340234,2809686444.28316,3167946470.0413194,48972465.9722
1507939200,3167935263.212148,3607145681.376606,3058848853.322776,3390721232.4421186,48972465.9722
1508025600,3393429138.5127826,3782385188.1213202,3163966468.02834,3486289423.609598,414816313.333
1508112000,3488879726.155091,3597043916.465071,3287285306.8728004,3440629124.2187653,414816313.333
1508198400,3444509451.96271,3472513821.976162,3085902940.4141436,3159640732.3100595,414816313.333
1508284800,3136626911.897664,3328013629.921577,2817049218.651879,3210620456.6274323,414816313.333
1508371200,3231385224.8880644,3340308256.7528725,2741666401.028644,3164851547.7701635,414816313.333
1508457600,3165579075.5927997,3425486469.0860596,2970702246.692389,3178229354.188059,414816313.333
1508544000,3189699767.738152,3307126625.3669996,2873818812.65682,3088322237.163899,414816313.333
1508630400,3094222471.828469,3245685199.879109,2775377173.6559997,3007235150.4020996,125137492.722
1508716800,3006418980.031242,3071561702.36335,2670130551.2036037,2886981908.4499574,125137492.722
1508803200,2886318084.105507,3277581557.706,2614285711.970048,2977411408.7871966,125137492.722
1508889600,2974764653.162555,3125843310.91728,2761984201.02168,3003599440.961527,125137492.722
1508976000,3006463812.067976,3148112304.8058,2837918520.065045,2950738494.26885,125137492.722
1509062400,2961443950.894591,3121163780.0936236,2801590312.840559,2942194793.796193,125137492.722
1509148800,2942775903.634552,3063596994.3412395,2830704764.3019714,2893608830.100419,125137492.722
1509235200,2889827944.6822577,3331416954.6734204,2786097755.286342,3031545400.612625,74732783.3333
1509321600,3038265030.2853537,3196361289.594542,2937470981.7250977,3011482637.0596566,74732783.3333
1509408000,3011487557.7909603,3191735306.5058355,2766009618.5930104,2962682483.8616858,74732783.3333
1509494400,2962696297.597096,3145050840.567046,2638689657.1327834,2840867041.1648097,74732783.3333
1509580800,2842320851.2143703,3138776395.344369,2441701917.5741997,2891580969.27528,74732783.3333
1509667200,2891580969.27528,3208683332.8799996,2688914363.382771,3000139700.880261,74732783.3333
1509753600,2999476437.956696,3243861513.972308,2754596769.2334,2946526877.417166,74732783.3333
1509840000,2952073998.9140515,3061395328.99332,2779737368.1881533,2934570671.5439277,71380054.2222
1509926400,2934801529.489095,3186226176.236289,2715806203.3952336,2920361583.307753,71380054.2222
1510012800,2920344818.12001,3570481099.4578633,2844488062.2583804,3253791803.20248,71380054.2222
1510099200,3254293771.00508,3773615056.875328,2922590595.7625084,3347839545.8170466,71380054.2222
1510185600,3350455318.8266335,3775823285.7156005,3026657589.410637,3461428234.64416,71380054.2222
1510272000,3456165992.354345,3686434157.5656476,2980572843.4913025,3151428155.957585,71380054.2222
1510358400,3151428155.957585,3805671848.16368,2919607302.328688,3337120956.4620857,71380054.2222
1510444800,3343192612.354984,3651943693.475086,2513165916.498237,3127649368.579174,320575310.333
1510531200,3136940613.8228307,3753986472.1141505,2840461623.472932,3272243546.206778,320575310.333
1510617600,3272002835.711545,3518967720.654,3161963047.609901,3352320627.7573795,320575310.333
1510704000,3350543151.2845497,3781950326.8974004,3051927103.84911,3400028429.783496,320575310.333
1510790400,3399636088.63074,4161960919.0783625,3081839168.5920234,3840970183.914864,320575310.333
1510876800,3843924776.36403,3935920292.9937,3401215431.2077413,3597439332.417821,320575310.333
1510963200,3583820465.2864494,3799879467.7030797,3438158327.9408197,3754479532.092638,320575310.333
1511049600,3756536921.99412,4071044599.3567767,3561129647.88,3849223108.487328,153829643
1511136000,3849223108.487328,4077414485.390657,3689794144.3679996,3896219308.171749,153829643
1511222400,3895761794.3484035,4002004196.245814,3569198561.6448,3763092515.9132447,153829643
1511308800,3763073921.7904544,3909921403.156272,3696304242.93504,3853153502.087578,153829643
1511395200,3849169313.034408,4200472944.9310465,3670393830.7679996,3885921291.3686395,153829643
1511481600,3888915496.969036,4269236244.2016,3607703872.96,4175505003.2320805,153829643
1511568000,4182017344.6909313,4826057039.4800005,4018819593.739232,4730520804.649985,153829643
1511654400,4744869434.5248,5122658618.481139,4103015898.4166,4601861263.097798,507296388.222
1511740800,4603793419.093988,5053882799.324092,4453739727.144389,4876963108.880477,507296388.222
1511827200,4872764656.126819,5201837213.6024,4695274642.003687,5061625216.659521,507296388.222
1511913600,5061343773.128279,6152635671.5,4150896308.5475,4542461210.835882,507296388.222
1512000000,4550879326.333059,5086546101.63643,4046485082.31,4662705602.713336,507296388.222
1512086400,4650472941.110328,5498441065.914089,4246281503.787269,5270231185.989206,507296388.222
1512172800,5259695406.186029,5683901482.896,5112496229.421237,5326074343.14552,507296388.222
1512259200,5328470113.382866,5841349195.821734,4979084720.705889,5435785508.83875,329120276.444
1512345600,5435785508.83875,5639486838.993379,4988928354.718349,5601161449.379008,329120276.444
1512432000,5599904879.227717,5721847449.17625,61590555.920325,5385615789.912325,329120276.444
1512518400,5385611177.755272,6405374534.474601,4289530039.0053596,5223490733.0042305,329120276.444
1512604800,5178340474.641702,6482189851.662285,2477886110.20685,5020296113.629412,329120276.444
1512691200,5028378880.180872,8241466001.078947,3805383129.303182,6481982327.858601,329120276.444
1512777600,6477655007.887618,9520114404.809824,5081448211.661098,8044339882.664459,329120276.444
1512864000,8059828025.795118,8592713292.92355,6377064011.653859,7684070720.070151,1724156196.7
1512950400,7706372781.854457,12549744913.86,6208336975.98114,11207425785.721199,1724156196.7
1513036800,11183310349.2999,19847923369.3314,10564875965.988485,16362828828.319918,1724156196.7
1513123200,16364634680.745514,18554206045.662,13447819063.865032,15996155256.900002,1724156196.7
1513209600,15991253050.5505,17158974930.9342,13497097401.52641,14826720816.648632,1724156196.7
1513296000,14826720816.648632,17506020513.239998,11960487757.97505,15909059887.285007,1724156196.7
1513382400,15914960394.2861,18273590304.7131,13836554029.688381,15976587752.417551,1724156196.7
1513468800,16008984639.920864,18584951174.5485,15405945939.349876,17063481364.839525,1752304864
1513555200,17082020790.478872,20315092149.975,15812876153.6382,19172633337.814053,1752304864
1513641600,19172643460.335888,20928286351.683537,16551792149.891542,18852768963,1752304864
1513728000,18842188327.357502,19177578717.675,15144146696.863129,16465601055.0948,1752304864
1513814400,16465601055.0948,18500572860.54547,14958079914.182999,16598207546.979813,1752304864
1513900800,16596501396.93,16951390495.593267,9727733005.33083,14326094712.25156,1752304864
1513987200,14295632131.3365,16696769630.199749,13431540270.361835,15221553501.230999,1752304864
1514073600,15250039395.19896,15679949432.246979,12795884280.57184,14978668758.129826,1266483937.78
1514160000,14925770021.391428,15872615495.090002,13665863242.366539,14420882251.34395,1266483937.78
1514246400,14435623162.72048,16868641741.553326,12773836007.065163,15210695588.435055,1266483937.78
1514332800,15209846942.102972,15935719136.419086,13405877058.072,14248840570.224882,1266483937.78
1514419200,14272135884.627485,14743607763.868551,11854195299.072,13581273541.576895,1266483937.78
1514505600,13551011439.0456,14233021436.5722,12574992309.858,12954834204.365881,1266483937.78
1514592000,12939768790.055313,13310316428.785433,10599992711.2619,11509197099.02464,1266483937.78
1514678400,11521605062.424,13257289624.0417,11072541981.236937,12356602643.136,879918283.111
1514764800,12355088353.5964,12928724251.01625,11188969312.936691,12189395895.160921,879918283.111
1514851200,12144776250.889057,15512185891.890646,11268216855.428799,13508254629.567663,879918283.111
1514937600,13483304651.801836,14585128445.625,12656163916.54461,13215262945.31551,879918283.111
1515024000,13203688739.420332,13695479150.084593,11662312981.725983,12804195483.371475,879918283.111
1515110400,12798412943.475758,15290636814.914,10502383467.55,13119825518.03904,879918283.111
1515196800,13119817767.669523,17877089980.049824,12493237817.444002,15071890346.941807,879918283.111
1515283200,15093204509.620743,16116746517.438377,13742811001.762516,14677655435.134886,1806242370.67
1515369600,14703688083.9659,15404390527.0932,12533873833.800001,13870865778.369982,1806242370.67
1515456000,13843814270.144335,14444722385.795807,12735831511.68174,13389341742.040297,1806242370.67
1515542400,13411381810.751472,14331297467.52,12168597566.557152,13512034185.315493,1806242370.67
1515628800,13555281183.274143,14164279797.80855,11541984537.6,12260652336.512949,1806242370.67
1515715200,12273596098.351614,13291064369.61341,11755713833.04807,12786190664.117598,1806242370.67
1515801600,12830603750.085674,14780153332.5858,12589400535.463163,14096592252.4753,1806242370.67
1515888000,14115541156.221037,14927516930.245161,12381027763.613094,12932331491.088907,1069541281.78
1515974400,12942044936.280964,13856277816.47406,12364072102.75063,12689413524.750967,1069541281.78
1516060800,12665745091.700268,12924816523.096706,8239398255.24952,10241957217.749079,1069541281.78
1516147200,10230106755.564528,11001288682.93532,7578722213.221272,10232604776.134867,1069541281.78
1516233600,10239599412.754885,11503781547.1928,9513512720.966389,10480439772.028202,1069541281.78
1516320000,10520196344.783644,11328122506.938046,9967797693.601852,10571845042.278913,1069541281.78
1516406400,10576752082.12805,11998276491.774282,10110759235.076714,11529710830.285141,1069541281.78
1516492800,11557194393.334108,11717489100.810024,9802403266.74,10475819156.763355,499932558.444
1516579200,10477721199.822744,10975724444.786976,8966096238.546202,9815174170.222029,499932558.444
1516665600,9816091307.3377,10425894713.360252,8821457996.376312,9749900627.27357,499932558.444
1516752000,9747357992.141842,10407957136.5,9129746080.31605,9948113113.27368,499932558.444
1516838400,9955634811.97983,10471597961.957733,9377451785.154854,9808618213.105742,499932558.444
1516924800,9794963307.933107,10338680457.378,8828780566.590918,9637978277.621233,499932558.444
1517011200,9638664659.76839,10270861001.956898,9308819019.326824,9955864263.142593,499932558.444
1517097600,9974775559.238823,10937154772.62076,9739365961.785408,10640956245.198092,296601938.222
1517184000,10643524973.320044,10776360367.927635,9664181251.904,9892377298.851051,296601938.222
1517270400,9892377298.851051,10484337520.130081,8556462614.732801,9004579723.754211,296601938.222
1517356800,9004579723.754211,9353435751.042976,8314037274.300575,8951713317.6318,296601938.222
1517443200,8946127111.361166,9125688913.547152,6971537109.24088,7716311542.050591,296601938.222
1517529600,7720060705.926418,7932149061.094573,5551105730.327937,7208361493.457925,296601938.222
1517616000,7204521142.611219,9180500191.083342,6286308761.454961,8857428209.926033,296601938.222
1517702400,8868670030.408339,9696493359.649296,7302765200.5125,8117881727.94,870259766.222
1517788800,8117663691.805199,8499806771.680654,6341580980.658,6865894995.742615,870259766.222
1517875200,6853605278.885352,8394055326.057,5629567116.602738,7846802138.32313,870259766.222
1517961600,7846690582.557384,8955142963.25535,7129545402.147301,7587539091.362244,870259766.222
1518048000,7589210263.454391,8720928287.371737,7545035914.046446,8285624603.956448,870259766.222
1518134400,8285283539.280797,9130508851.652452,7573116066.566184,9028042893.436762,870259766.222
1518220800,9018469146.996214,9507182387.169577,8097921510.872398,8544858146.6640005,870259766.222
1518307200,8556368324.8128,8877468239.872,7723503283.998719,8173049895.116928,528339899.556
1518393600,8183434643.031264,9267568393.77376,8027976701.944321,8914860757.46816,528339899.556
1518480000,8907046855.467009,9234016194.86365,8347820700.28706,8775143313.17016,528339899.556
1518566400,8756178356.056683,12438786140.04928,8726152883.768446,11770209612.35191,528339899.556
1518652800,11754502735.950922,14113766710.400002,10806737678.668798,12191685059.661953,528339899.556
1518739200,12179665448.255884,13316704354.246399,11219948030.273172,12633851359.579647,528339899.556
1518825600,12638195738.604282,13875181011.870695,11424626635.270401,12632134428.271873,528339899.556
1518912000,12674230990.241898,13552188058.01,11229554799.56714,11830544165.728365,879659092
1518998400,11844871064.08338,12997402503.009323,11262418891.531807,12256255114.688425,879659092
1519084800,12240412669.301092,14397392282.128521,11800685051.638363,12644740347.43915,879659092
1519171200,12647855829.173237,12899908828.130058,11066131041.287727,11593595674.766106,879659092
1519257600,11590122513.312157,12449653089.741,10342832907.644005,10669292294.754118,879659092
1519344000,10658355645.278019,11961597463.073439,9998586705.072,11463563715.323082,879659092
1519430400,11428159907.613424,12495829983.330193,10410224847.735086,11423138081.62734,879659092
1519516800,11442197059.315952,12812582040.27031,10729778167.347559,12096143228.777315,831323866.222
1519603200,12093021547.137405,13854566964.847399,10902483149.302921,12097814853.449091,831323866.222
1519689600,12105729240.638586,12913981914.5848,11246246969.7137,11876589811.21242,831323866.222
1519776000,11876522654.31608,12743177223.410398,11072508510.851969,11159381815.498495,831323866.222
1519862400,11159479183.806807,12268735743.6396,10811897694.166916,11544629442.673092,831323866.222
1519948800,11576028564.61992,12065766748.425,11091142042.442951,11774837722.542002,831323866.222
1520035200,11750969248.645638,12561569848.68196,11159324136.800755,11586700784.79564,831323866.222
1520121600,11642171157.70548,12098171131.676674,11203661348.63446,11797469972.789364,592707487.556
1520208000,11795254700.120596,12274474644.498049,11366339806.844639,11625468926.584848,592707487.556
1520294400,11609652160.06932,11782722317.147207,10610902157.005747,10874598937.589342,592707487.556
1520380800,10886924348.727186,11349143510.8095,9263159663.1966,10291115829.26393,592707487.556
1520467200,10282281255.404371,10851295194.8366,9267087508.444702,9734236977.653635,592707487.556
1520553600,9740804696.33549,10921477194.933228,8579273556.5247755,10310095438.416279,592707487.556
1520640000,10314931717.158049,10919749629.644447,9528022727.691,9816834914.832249,592707487.556
1520726400,9844112871.813679,11248410359.366219,9163471911.2833,10443989059.857727,620021359.111
1520812800,10445048879.134186,10954272319.024176,9352912537.89378,9865512108.79129,620021359.111
1520899200,9859552185.350847,10338800679.542269,9343933868.345339,9720667543.248941,620021359.111
1520985600,9721879063.319849,10371267260.466494,8339925096.643863,8909728216.363937,620021359.111
1521072000,8908967322.667645,9551671468.86,8261037082.272599,9140666441.18611,620021359.111
1521158400,9131939171.719648,9669146524.256134,6597372328.3536,9125205331.14257,620021359.111
1521244800,9131630885.64594,9304389159.299572,8293140519.618082,8454220271.840794,620021359.111
1521331200,8476033724.6235485,9154434317.63964,7586244821.169144,8555068209.414571,425123442.667
1521417600,8573153686.965908,9223413349.03752,8357957819.62734,8979195310.764368,425123442.667
1521504000,8979527738.482996,9698371693.76754,8596097290.73456,9390168278.0279,425123442.667
1521590400,9372320959.617626,9843743027.258259,9126080653.511587,9380865300.685394,425123442.667
1521676800,9379167127.78789,9702305545.840662,8846595781.594551,9098026577.606722,425123442.667
1521763200,9098656439.36316,9486828016.954187,8605355348.106,9431695142.09126,425123442.667
1521849600,9424265952.473019,9546129138.07872,8680028021.1918,8861849507.577528,425123442.667
1521936000,8872546909.820908,9236219668.22184,8634160390.400106,8906509364.158659,274622301.778
1522022400,8903580527.050066,9040892241.781,7794391315.960675,8261870027.642677,274622301.778
1522108800,8266779417.8992405,8354455041.476467,7485962236.377809,7536084585.651133,274622301.778
1522195200,7537813339.297922,7854457844.609529,7087568479.245461,7302285635.82988,274622301.778
1522281600,7301843180.326013,7400825700.336384,6029335373.697634,6387711373.998093,274622301.778
1522368000,6385692792.393022,7195571936.29093,5882089448.2699995,6604263670.5365,274622301.778
1522454400,6594265683.052782,7056201070.801081,6213617572.600151,6476395728.364787,274622301.778
1522540800,6488890791.01263,6742707466.811794,5962194970.21668,6419601644.162617,263548725.444
1522627200,6420706681.667351,6812002869.753023,6289051738.950302,6648557328.216718,263548725.444
1522713600,6639088825.531744,7676923686.234659,6506518516.918991,7493124230.507448,263548725.444
1522800000,7492376561.944872,7541874152.100599,6331424495.662047,6604796683.23541,263548725.444
1522886400,6604233328.787764,6930806321.3356495,6312197235.042357,6623893593.626211,263548725.444
1522972800,6617457706.988233,6732266654.109749,6195838825.408051,6302639524.799645,263548725.444
1523059200,6313044081.790583,6842153770.256298,6164395408.636201,6471356518.0883,263548725.444
1523145600,6492034128.786889,6702660362.305382,6411000381.041204,6590427008.231742,203012809.958
1523232000,6590820443.071945,6897694184.896576,6181624352.103084,6425819812.649895,203012809.958
1523318400,6427990153.407548,6569973169.9884,6195674776.667129,6388932374.142161,203012809.958
1523404800,6378726038.6219225,6706753650.934343,6267416030.252611,6623721888.57734,203012809.958
1523491200,6627607909.045852,7715008106.924462,5922103458.309602,7271954418.633828,203012809.958
1523577600,7272841675.151475,7564775725.4031105,6858972718.667954,7031547243.260145,203012809.958
1523664000,7018202794.514947,7350772793.639975,6888681110.95632,7075769155.033197,203012809.958
1523750400,7089411037.983106,7555399121.44594,7045761667.326754,7427353856.209311,246867468.222
1523836800,7426651503.4407215,7608407859.077738,6961022990.242499,7209409810.806947,246867468.222
1523923200,7222035873.187709,7947979055.872078,6987966686.470083,7415949806.059993,246867468.222
1524009600,7417720144.996747,7996638692.213775,7376358868.545444,7871185118.222626,246867468.222
1524096000,7871175487.316945,8302150618.741412,7656856462.98724,8232776331.725669,246867468.222
1524182400,8221465962.33987,9014144410.20183,8007636607.670688,8727774581.492306,246867468.222
1524268800,8733974511.097744,9005655662.29262,7878931816.93616,8325767610.79315,246867468.222
1524355200,8343900224.082223,8648297684.025734,8083379605.61952,8230559523.850014,435207656.444
1524441600,8223812153.378317,8698920486.634922,8182945914.219447,8577155903.720903,435207656.444
1524528000,8580450271.811904,9717723432.137781,8509219880.451119,9269832239.163647,435207656.444
1524614400,9270178128.426304,9385207870.987123,7826247784.05948,8132436989.134865,435207656.444
1524700800,8123336722.249937,8769912826.536,7905514692.112971,8633169669.277815,435207656.444
1524787200,8628514684.738829,8741310143.871988,8067517222.4184475,8190730395.035506,435207656.444
1524873600,8178224020.713324,8683302106.952719,8010833658.584903,8538748578.657403,435207656.444
1524960000,8557605781.946531,8814583920.608278,8317687495.6983595,8622109684.106926,371287877.556
1525046400,8623190238.67628,8730180298.255886,8192590912.3176365,8359448691.520893,371287877.556
1525132800,8348171235.8915415,8511292937.298282,7923276069.580233,8334657134.457045,371287877.556
1525219200,8321385387.427654,8685496312.20362,8156911580.705031,8514093299.9383745,371287877.556
1525305600,8512246825.57274,9539300878.295578,8445132663.522132,9060954225.05283,371287877.556
1525392000,9075624293.866678,9707884679.785091,8728448083.710484,9510690909.302013,371287877.556
1525478400,9509266248.319073,10372704618.481277,9404175106.174831,10048641948.170881,371287877.556
1525564800,10060199496.675505,10406042359.750473,9218295939.206251,9680888302.10438,769937768
1525651200,9685841650.129305,9716367559.798439,8839995221.7369,9264840290.890705,769937768
1525737600,9262137907.222084,9514842380.3853,8719905355.950691,8949814744.707113,769937768
1525824000,8964869680.8916,9192637682.36245,8491527835.161328,8841028148.057003,769937768
1525910400,8830002458.223331,9112551778.778399,8302685875.813701,8362404086.592756,769937768
1525996800,8333354338.949882,8447475800.760755,7525597013.829259,7690588486.157903,769937768
1526083200,7687709582.177762,8202160524.388146,7379866644.249342,7995386082.511843,769937768
1526169600,8010406299.544762,8350228717.546021,7640620095.951868,8172046513.335049,390266120.222
1526256000,8172008925.931664,8711098694.716785,7548419727.966545,8323709297.932616,390266120.222
1526342400,8326813550.350385,8586795005.516475,7728168142.926001,7867560455.381372,390266120.222
1526428800,7882206965.534723,8048564996.878227,7442559176.723319,7867692237.893569,390266120.222
1526515200,7859378298.244178,8099719252.4325,7345818198.872999,7488384390.517456,390266120.222
1526601600,7481061347.066291,7809188786.608551,7259031169.672589,7686547496.331435,390266120.222
1526688000,7690388441.17333,7862090361.403025,7475695233.82825,7623568518.07892,390266120.222
1526774400,7632037840.705789,8048969028.73768,7507147192.404109,7903831562.059126,322454197.111
1526860800,7903980017.305827,7985401679.786974,7526563258.073602,7592429988.811052,322454197.111
1526947200,7609467399.947052,7764530332.843283,7167016132.292058,7243017473.161782,322454197.111
1527033600,7242926754.914055,7338334040.070735,6515941326.896725,6691810000.51191,322454197.111
1527120000,6697292186.024183,7201340039.416252,6406347800.683838,6953551548.437827,322454197.111
1527206400,6950894978.48166,7064050674.29978,6572448655.733079,6739235415.460937,322454197.111
1527292800,6728438105.273915,6982221877.3805065,6551268003.244706,6697856832.81507,322454197.111
1527379200,6710010843.759229,6801916581.95652,6517418745.198569,6680018781.644779,274021372.333
1527465600,6683522673.157781,6817200570.207901,6238336507.45763,6292015697.885512,274021372.333
1527552000,6293460946.05395,7018374398.377834,6188870451.150624,6781681114.855323,274021372.333
1527638400,6783279477.25143,6971869219.853943,6469020685.825763,6646254879.426604,274021372.333
1527724800,6647335716.275063,6886901324.148938,6540644658.293599,6715875601.326835,274021372.333
1527811200,6717094323.515362,6919454270.954134,6542241029.143607,6815038970.859518,293391000
1527897600,6815133175.018444,7098799321.383,6693306606.536775,7014073156.824827,303544000
1527984000,7014918036.124096,7311645193.556745,6892617914.538662,7095601219.639368,329566000
1528070400,7106374733.827286,7236754737.511968,6697827604.400286,6806563093.939445,307250000
1528156800,6809857722.917915,7012642575.36376,6571312015.75168,6936329011.757498,291062000
1528243200,6938296538.876265,7036431808.876527,6702250670.515212,6902102512.332118,302510000
1528329600,6910479630.446235,7043729407.28175,6772115869.075002,6914629427.368407,352369000
1528416000,6907016949.54623,6965388001.701747,6693406629.614766,6830291723.6038885,359076000
1528502400,6825958057.133738,6902933030.181733,6613988023.91136,6671391512.245568,359076000
1528588800,6676537089.474362,6777199119.316306,5808836721.414664,6073345077.447479,359076000
1528675200,6074502345.945469,6292527133.182427,5816244390.95444,6102127842.600192,359076000
1528761600,6104609400.262754,6164105465.205044,5503576921.2427,5692994902.549317,359076000
1528848000,5692986221.119934,5757375783.844069,4991697314.37288,5324667818.453368,359076000
1528934400,5334632663.975923,5875131430.482844,5243713681.6871395,5747364504.553816,360607000
1529020800,5743574687.730265,5771477361.783534,5354549329.95073,5445437685.052814,320721000
1529107200,5446703667.705763,5609029916.235633,5290192436.259856,5504869382.988099,264063000
1529193600,5506695067.754744,5617645859.243437,5383194126.395796,5417055354.550368,238212000
1529280000,5415715196.183399,5754713591.032565,5272706713.631244,5631407279.696365,240654000
1529366400,5633832174.555456,5868245695.867831,5513461237.76711,5620811965.621485,240654000
1529452800,5615988735.063101,5727714744.036035,5396346092.297352,5571660678.435503,240654000
1529539200,5573603753.68345,5657973875.967983,5445805675.486606,5518280040.088015,240654000
1529625600,5521783835.784631,5549851154.316209,4585000289.1264,4846425913.982128,415377000
1529712000,4851438479.554644,5043524098.090248,4621608863.415345,4739103336.057114,450156000
1529798400,4734482589.824219,4823395844.8635,4182387269.2208,4599497784.355847,440718000
1529884800,4605371459.335814,4871851090.614505,4456657727.088027,4661997131.397255,485699000
1529971200,4660377519.984389,4711088451.437186,4251798729.1148243,4323967115.409032,261614000
1530057600,4328850158.623321,4675482888.598072,4247980581.6182694,4607770230.478947,279937000
1530144000,4611979399.556608,4672135070.94776,4191365537.4709444,4238192357.912994,252658000
1530230400,4235632463.375964,4648051417.407858,4095386498.988288,4517805159.411929,312147000
1530316800,4517456146.855251,4870612860.356879,4433798090.138938,4645742692.812705,276466000
1530403200,4646910730.029387,4688649170.1497135,4421322575.504048,4565293625.599298,343609000
1530489600,4560188079.174228,4980180275.002296,4462294542.339134,4886794300.491906,303412000
1530576000,4881995486.66766,5159529088.290721,4755898065.378003,4855783740.165137,344309000
1530662400,4865472447.039497,5173302493.87215,4739520911.987204,4885159751.766441,282208000
1530748800,4879904829.580396,5010584522.854899,4659899801.134146,4772446519.85044,305634000
1530835200,4776279102.0204525,4895281375.147895,4613309574.825046,4757970768.702107,253186000
1530921600,4764000199.576366,4934509307.29372,4543830157.8977995,4862423670.264855,232787000
1531008000,4867028485.1778965,4916421535.805816,4674483163.817219,4713808675.789213,242722000
1531094400,4712766882.242957,4814531382.031135,4568029343.4786005,4615578163.005862,263471000
1531180800,4617397385.85253,4787200597.952942,4193585791.176572,4347838802.0956335,322083000
1531267200,4352697254.060407,4645914371.936,4296726800.69079,4487568265.29748,284628000
1531353600,4485487371.247195,4535151521.74656,4177205257.67424,4412239700.938737,260222000
1531440000,4411321504.691433,4534639958.051439,4281195665.6032133,4388726936.84796,258313000
1531526400,4385758050.95186,4479116521.847292,4310084522.50506,4368684971.936348,199176000
1531612800,4371603257.9151945,4570746000.326804,4311997760.353076,4503337643.669549,229243000
1531699200,4512493796.311341,4888631806.254,4457086962.52546,4803447095.19881,304756000
1531785600,4802514551.531989,5377960613.520338,4590155154.7332,5110326580.229338,342319000
1531872000,5113732436.912192,5522216599.313612,4848599964.423159,4955189472.138334,375382000
1531958400,4961894448.088589,5179112358.121866,4808195948.982685,4947433866.085709,307972000
1532044800,4949268786.2326355,5120959998.127428,4636463446.6155,4697870298.667938,286639000
1532131200,4704853052.776061,4913415732.884736,4536094131.354408,4801201594.572884,246558000
1532217600,4791703222.11085,4934565928.967338,4635916436.351689,4726448190.644351,246178000
1532304000,4723177718.994988,5048832876.75,4462558757.585538,4681450153.803504,295500000
1532390400,4675281294.841103,5442788709.917193,4568074216.746993,5140820058.159524,436825000
1532476800,5122945705.320135,5243804410.467601,4816786656.899171,4971017976.142803,313034000
1532563200,4971937529.839429,5084486673.881803,4710600208.578017,4805991534.10896,285840000
1532649600,4807086956.84646,5033040326.010681,4590953458.760405,4864481117.840712,357924000
1532736000,4855909055.260764,4917019777.743492,4711340639.72232,4850259871.566429,281428000
1532822400,4846616411.521126,4931200823.22303,4750873769.132526,4831076189.938997,276941000
1532908800,4836866409.898205,4926442931.645761,4542184209.584593,4726923926.102923,313217734.152445
1532995200,4730623670.070128,4813967348.668348,4328756242.736985,4540682347.223001,321357331.520485
1533081600,4542444541.811413,4617451812.403944,4340777575.177441,4476505937.783786,300559681.383607
1533168000,4477455946.099885,4549677784.772605,4325685419.718599,4395068282.095486,286536591.455871
1533254400,4395303554.212945,4564849850.313275,4246092816.522837,4474512474.310716,298219874.881016
1533340800,4476915278.194725,4614946898.508142,4117010339.8783317,4213051384.7526903,263777921.563963
1533427200,4217344288.5720973,4358894989.300185,4130594655.7926784,4313386389.484192,266347151.784617
1533513600,4306936404.33272,4447168925.300663,4150678025.6095486,4250486130.1271358,264526199.472754
1533600000,4250026307.0910444,4403575849.73697,3828695346.842437,3886522774.26296,300581970.182053
1533686400,3886345471.2106767,3958141069.9931526,3447456380.277,3588031921.803374,315243319.025031
1533772800,3589183110.5602736,3861358950.162276,3437917735.9416375,3641195669.4738216,269672903.606979
1533859200,3642715949.5379715,3718115100.594146,3308617959.7979965,3410924624.3468814,258749905.590676
1533945600,3409188217.8969493,3610327006.1468563,3137225724.18,3343866094.1293163,260206355.785573
1534032000,3339451553.544352,3650709037.5339594,3290736251.3072844,3428536947.894762,276368429.170623
1534118400,3427785922.016455,3554360566.688654,3179280053.6762094,3267900378.648234,223290659.370731
1534204800,3270134012.922437,3273755231.900264,2838507320.5523996,3143250818.041363,248637934.024564
1534291200,3147238974.463935,3456447399.8283777,3082898848.345833,3144770071.974316,282727306.02969
1534377600,3146034853.620413,3342553070.940658,3112374925.302743,3201988893.020831,210523652.713239
1534464000,3203002803.5614233,3588316675.656546,3178366661.586401,3577190439.2151012,262168385.473859
1534550400,3577449251.7412643,3609757869.45984,3174896586.089448,3308990481.454714,243278348.185535
1534636800,3311405705.3985963,3467428347.1720204,3221153023.419936,3346947264.7820554,204307053.375191
1534723200,3347271408.811117,3392060728.452311,3060568043.5066137,3099035276.1472836,243932123.459028
1534809600,3100160323.8200407,3306690929.098438,3079449687.263682,3268023234.1840386,188828237.254292
1534896000,3268336854.8118615,3492958797.775474,3091599112.3125,3201384102.267252,225322522.512715
1534982400,3195635661.911131,3381364199.2429123,3070835329.372272,3318455175.8987646,205073292.46475
1535068800,3322796939.818821,3441623008.4812336,3193886165.819517,3355403948.6455216,194791187.391836
1535155200,3357496364.3097754,3419855091.1800003,3297463566.992512,3356177755.9858675,188265857.178964
1535241600,3353748735.728086,3380740202.57402,3223294473.485432,3307610433.2593765,205247839.887328
1535328000,3308252723.7607694,3590106092.3751345,3264583241.1041856,3518158060.491594,225133493.622608
1535414400,3522654586.3983297,3705958999.163903,3438353985.2279577,3668921858.13517,248494383.083453
1535500800,3669104395.6710005,3710419942.596518,3470897744.80956,3565374791.713511,221954576.331463
1535587200,3571096344.284475,3588157877.6815915,3374662422.544741,3493966889.1162195,219057836.382875
1535673600,3498643919.8371043,3745615389.6625896,3423497863.265922,3607308773.033413,264721171.981431
1535760000,3605811590.9044065,3970440100.9608197,3599409263.0250306,3856866139.147387,307009153.451145
1535846400,3864398647.431168,3953379178.547712,3681031526.2751846,3843969238.5737934,265837634.848566
1535932800,3845819323.7305026,3878889660.5531693,3716638142.9124646,3798056812.5378895,235419883.829058
1536019200,3806921190.3866086,4049634530.9292355,3781369843.0816064,3931535303.0702653,307721493.759564
1536105600,3928563985.802141,3982993411.28247,3316786589.8212495,3343443948.053168,411442206.060039
1536192000,3340560023.54045,3456494519.110072,3093106155.7284975,3338269791.4659295,352135561.772816
1536278400,3331908571.3409834,3401785327.87305,3188527295.553972,3234198265.2928004,231010624.84197
1536364800,3240009322.8154535,3338491167.185171,3017127018.9672894,3085568600.6482196,224138556.975505
1536451200,3090998912.9372272,3332853325.5867186,3009978144.301179,3180514233.4005313,253851458.473651
1536537600,3183180073.8204765,3288847180.327095,3071456037.372521,3163575570.375866,250538042.925063
1536624000,3163543658.119279,3215726093.824335,2894539475.0618033,3022366854.054343,272614296.80008
1536710400,3020839700.0437236,3061949964.2006,2736139931.3551025,3006302400.3192506,291506529.187255
1536796800,3008775361.126037,3233909450.4967675,2998391010.559791,3172774899.67301,295202649.075025
1536883200,3168840539.1212893,3455849485.9979997,3059986332.6625195,3274802434.5438204,335671941.8494
1536969600,3276754128.1963816,3430222467.5511475,3229579538.2295356,3290469553.283708,253058318.15626
1537056000,3291155556.5962725,3362866251.6714272,3148425705.4058743,3312523241.396434,253184268.377116
1537142400,3312964416.4830313,3379031544.026973,2986076001.5232,3037874829.648591,261491213.127239
1537228800,3037942081.3232384,3240603080.5311904,2940840646.087758,3152979908.1652923,296668007.370584
1537315200,3149181121.3885202,3274447008.94458,2955362355.3891,3163693745.2105937,271232091.372598
1537401600,3170087549.5734,3357343704.6856084,3090034447.4800725,3300826636.547753,260084196.991335
1537488000,3296001547.505487,3661291026.4121795,3221311796.0173025,3543643663.4772186,398794353.359041
1537574400,3550183718.187634,3638363456.24008,3365740503.302595,3534847351.3984284,299499239.440012
1537660800,3536163793.3330965,3724342963.163819,3478935272.927118,3587271364.1523705,305135665.920123
1537747200,3584455860.8638005,3601317314.788382,3316899727.173153,3392374123.7339187,296196922.836851
1537833600,3391744295.487618,3486046409.5969415,3151857736.7836676,3358527773.016878,350744701.329256
1537920000,3358417112.0717626,3503301871.08996,3263997115.4375367,3344143855.8342724,294774133.585336
1538006400,3340103042.946519,3896443163.3937182,3290911873.8973384,3696477656.64371,572945237.204355
1538092800,3700222588.664184,3822264483.7592072,3502745591.650074,3608358359.249583,460065975.434753
1538179200,3606697447.8447747,3690223409.969195,3442798344.946086,3591677083.7463856,354985359.68211
1538265600,3589830797.253319,3672722861.4707665,3483859915.10088,3567921198.4727387,463234575.36479
1538352000,3564571668.8741894,3630677111.330561,3439328184.3610997,3515969490.9951363,453489951.196064
1538438400,3519252621.68642,3603997869.88977,3302491464.515235,3466893147.2045007,446308177.97856
1538524800,3467298452.904,3477208031.9423995,3288754361.397773,3342892637.152994,452160694.187201
1538611200,3342628223.3612013,3473354908.7306075,3326456244.6004076,3394878026.4311314,343285463.374261
1538697600,3398667756.539232,3498050689.983896,3336937809.65496,3425200633.5226994,371854111.867902
1538784000,3425287564.9247966,3452069576.292381,3307111060.425371,3370977938.7975,373791254.047879
1538870400,3373048023.6759577,3448236014.6783996,3310201191.001049,3397987671.2281485,437684267.126873
1538956800,3396700893.398541,3511139469.3594036,3344315993.2521763,3465571426.258006,348411304.891349
1539043200,3464477430.03024,3481499518.0033646,3381662065.1498923,3424802526.2536516,317043859.037932
1539129600,3427512587.1646805,3431935309.1095715,3270582154.655341,3369076488.629666,358044001.199207
1539216000,3367607197.334962,3375600072.1587343,2893163818.1841593,2963568840.3215485,341939956.15434
1539302400,2961434638.5146646,3147815105.187395,2922103726.797277,3096831615.962246,282469982.012603
1539388800,3096360134.208267,3171133730.2107806,3067655804.5098424,3106661366.6236267,237867382.140128
1539475200,3108230941.8389053,3184397401.722508,2976989514.6167846,3010133046.7481403,241159892.341955
1539561600,3011887619.4126434,3430410706.964928,2931622370.384617,3146729363.125952,433141768.450209
1539648000,3146148024.1565137,3190854388.7142143,3054793499.860385,3120942874.3092604,282701453.196164
1539734400,3119585585.07062,3128634494.4036403,3059666572.5163684,3102930718.9028974,294340692.391373
1539820800,3105466735.632954,3139844311.2453995,2993723426.0539994,3040310897.986231,296818417.277153
1539907200,3041176286.419355,3128240985.6562257,3012151096.5160885,3084846992.616079,271554347.531462
1539993600,3083011807.998825,3125658018.97158,3056991779.1846313,3109222690.641949,259334741.500699
1540080000,3109957550.5299253,3146421764.03373,3055260379.659268,3068332813.7678666,272628305.546158
1540166400,3069857393.380412,3096723708.284956,3009045023.06495,3042593347.9736924,263320275.314822
1540252800,3044927717.218846,3105519925.9369016,3003029940.4114313,3059536600.167075,276121788.430527
1540339200,3062365563.6777754,3105594328.5948997,3023932514.40201,3052528705.734557,290308733.341512
1540425600,3053246876.993759,3069342675.957015,3015468440.385828,3044094415.466264,253245728.734631
1540512000,3045406767.070779,3085815917.005589,3001555344.148798,3040524570.170085,292440372.609592
1540598400,3041278320.864625,3065279073.83376,3002039221.1007,3032582213.1812186,312808287.976353
1540684800,3033369844.0299506,3048290617.19472,3005899096.1238723,3030493226.274745,334654683.911035
1540771200,3028731343.7325773,3046008474.012,2782036226.6477757,2863494892.5901537,373412485.490032
1540857600,2864158293.2011843,2901520917.891778,2842127527.83648,2879569784.1696625,295217034.563842
1540944000,2879524296.4517956,2969316645.8735,2805608929.808019,2914385279.7510757,409700400.248511
1541030400,2914520632.246467,2976430808.658082,2886499456.346665,2954577494.861017,321577346.908702
1541116800,2957734502.5573244,3048958115.676769,2943778408.9772577,3015874835.8142357,362316803.353231
1541203200,3016026367.2794204,3029947329.090524,2949758218.260402,2986075175.83396,325773763.166821
1541289600,2988032278.45208,3310805077.892725,2947001742.011938,3190339664.1975718,442931495.301363
1541376000,3196662734.841283,3233650517.685387,3090556445.5814667,3153594596.2758913,397589912.964269
1541462400,3155218357.322194,3313180889.4723477,3134140874.8038263,3298007696.494635,367501213.251074
1541548800,3298803668.6796384,3354399539.697888,3117052802.915205,3179543429.840778,386908555.998232
1541635200,3180714815.048166,3212280990.207583,3057166481.795064,3079872553.181263,351027768.298651
1541721600,3076040924.981355,3107544413.875845,3008246888.376352,3039630503.2202997,386310368.295979
1541808000,3040362254.6459246,3089605920.4099946,3025573525.9119043,3061434321.5759993,320209626.678988
1541894400,3061834721.426738,3069738539.6684604,2908392835.809098,2993602681.4758215,405870718.110731
1541980800,2998724719.9788623,3033680370.0178437,2924783623.4364543,2965220630.567208,388952346.848314
1542067200,2963014294.691534,2991823779.145563,2837243176.8421674,2889575774.8019786,357156094.521246
1542153600,2886445609.680453,2932562214.119091,2247973464.781044,2521361362.2326574,601727142.367177
1542240000,2519946243.82791,2633719059.7876196,2319418498.3937917,2568575365.9655604,587977901.823956
1542326400,2567755111.234422,2590655837.34936,2418701690.5032754,2475735387.85905,410547583.952417
1542412800,2478998623.185694,2500786272.8628287,2421433175.5155735,2455039441.6677885,331743656.073957
1542499200,2458864409.6638656,2561004202.4782667,2434890280.284,2475939272.2826557,351469188.747925
1542585600,2474030669.4154797,2493801190.3274946,1961661665.2714043,2114266681.4196515,572171375.999623
1542672000,2113581274.4643364,2235177204.5711346,1702921896.921884,1910987970.0869122,615180103.695216
1542758400,1904626314.6747603,2073631986.5345132,1818519430.9189796,2027819909.111951,505232830.30653
1542844800,2031338192.0489075,2063013693.0776865,1825988912.0697534,1861680273.9247813,466714502.817211
1542931200,1859103587.4817693,1958382233.9277043,1754334223.680727,1885040572.9687505,464943289.628388
1543017600,1883947721.4055574,1980242302.8472693,1577989482.0755801,1696588436.862262,397189631.582523
1543104000,1694728050.8410306,1898639859.1039343,1529353405.956732,1801161228.3416944,577517709.401123
1543190400,1798938894.679146,1920225833.0547414,1585294762.379466,1729770172.9296489,524605817.194946
1543276800,1727455993.1054573,1857587528.5780504,1640270339.5444891,1824888128.4224348,487187870.484068
1543363200,1825293680.3054824,2170550309.153249,1774039312.7117832,2041945789.6248753,572775578.579384
1543449600,2041724862.4110103,2157214827.1190624,1907842409.7452648,1990412265.6584194,477104007.123478
1543536000,1990990481.1510208,2050412930.2238884,1779641965.409144,1877999531.425745,430014125.027739
1543622400,1877977589.6757514,2088156836.9650383,1826715852.0214264,2004531165.9396837,428453109.896457
1543708800,2005776790.2681115,2081846279.9462075,1924045556.3208039,1977207682.9810045,406246575.716492
1543795200,1980679667.4119573,1992823788.1335497,1738174972.0832684,1812637725.1059694,433066763.437159
1543881600,1811445939.940505,1919984823.9255881,1742494310.002538,1825875377.1183822,398821668.796929
1543968000,1829089407.4969652,1853132745.2947602,1676457957.8394375,1707340920.847165,391890341.91926
1544054400,1706510532.5726268,1804048050.8421988,1518614629.9018774,1556416138.3638594,449598692.670135
1544140800,1559605049.7841153,1616017388.0803905,1313509318.9193792,1472825792.5081046,520168482.29991
1544227200,1471229748.534314,1597436655.7116866,1334778066.630612,1439396033.2066224,504493519.954366
1544313600,1438716937.0400758,1616197698.8582966,1424981368.1801696,1502759460.9803004,473674766.05716
1544400000,1502651705.2017944,1536211293.7982438,1384762851.5996652,1427124399.6573966,425251983.893985
1544486400,1426766558.1585195,1457130124.732805,1348541073.5465465,1382413287.419464,385709809.814228
1544572800,1381660721.0599883,1494331709.009367,1366357854.0392106,1432975572.3440516,366588954.645103
1544659200,1431696111.514849,1451424039.5684226,1335805741.356801,1358105432.2129543,328616678.973916
1544745600,1358772923.7211204,1422624006.064026,1289042780.0740178,1377186874.1943226,319630766.312122
1544832000,1376197200.2916422,1426526654.4095228,1330208892.4531977,1391168639.466077,292053590.182052
1544918400,1391863765.1064196,1593704631.4447799,1389774588.0038352,1504881597.6468327,423597599.075368
1545004800,1503533489.5525823,1828068806.936149,1494389835.2267284,1721375036.8768187,613902249.814159
1545091200,1722007791.7889771,1831533704.589027,1633904637.3821476,1792986889.8494923,490835333.467688
1545177600,1793415397.4954922,1981980700.350618,1695634732.201678,1729599918.40033,507264372.988618
1545264000,1729851214.3802283,2003563665.3850482,1667958512.0897727,1928651880.5151713,791395410.811204
1545350400,1931528582.700359,1986865147.254535,1739440286.251102,1808221535.7031467,547528307.715049
1545436800,1807317485.709687,1908392273.3110814,1764609490.5143313,1879973517.463816,416770671.68365
1545523200,1884128939.8947923,2062051128.9015007,1844320859.9189868,1975006212.4809551,555322439.466926
1545609600,1976059233.328581,2185244030.147537,1897064301.0346744,1966209625.2877212,559141857.592574
1545696000,1964020583.1004794,1995357854.6213758,1755940608.0243905,1838298994.0327733,517216442.774477
1545782400,1840318645.3353372,1912976265.2448764,1708188832.682957,1824427252.1490095,464256363.485935
1545868800,1825096960.3119571,1857927855.5681562,1615937325.418929,1657198439.4776752,444431902.72317
1545955200,1657132315.6794107,2018447109.7565901,1649020425.8520136,1922038636.1016464,482816635.131226
1546041600,1921881113.231567,2008627404.380881,1794354888.8609858,1826423941.2249773,389517971.090701
1546128000,1828593266.8112965,1926916567.129951,1791673722.351096,1893367099.6742287,413075221.147192
1546214400,1890557831.4185529,1902157268.3809404,1742497370.8738663,1787242869.3862662,368551018.762091
1546300800,1787934111.7581441,1954268752.40132,1742748507.859567,1897326372.8009298,378126413.764126
1546387200,1898772737.057119,2012368736.4281359,1868787752.1677556,1970641818.500824,414668023.699409
1546473600,1972660825.075392,1982638117.5919886,1846959412.3115683,1890322840.8090956,346415098.682549
1546560000,1889478778.8769095,1975712628.9843926,1846805515.6599998,1915314633.4791648,390699671.755573
1546646400,1918400254.084568,2201095213.079983,1897318932.6111112,2068130979.17317,635826873.935707
1546732800,2070566394.6101508,2479735118.765804,2027212119.3428695,2324223799.16376,807918482.739623
1546819200,2325237478.325938,2379160174.0902176,2205570281.091133,2255507294.629555,590288350.044018
1546905600,2254614105.0243106,2488346407.1642075,2201849709.6192183,2342783299.2125497,645397212.411417
1546992000,2343237241.13191,2421183110.538452,2272994041.975851,2309179829.5960507,503536772.001506
1547078400,2310312647.161317,2353876961.900639,1864183980.3641472,1990670097.619832,702694991.14407
1547164800,1991275639.5010512,2045735378.009475,1853348991.2920182,1904142040.7511687,624649284.546491
1547251200,1904974548.7395387,1947318887.2067845,1852327156.28379,1917228103.5305588,496524273.30345
1547337600,1918015395.589968,1989430692.2326455,1758595023.6968303,1795052497.936165,563219245.277684
1547424000,1797916699.7418842,1980419963.372116,1785544197.2056367,1924216413.9799383,593525760.846266
1547510400,1924197218.1895487,1964028469.0258403,1804151513.3399122,1859430646.4052522,526165726.972447
1547596800,1858373334.6307592,1931329639.6460283,1837875102.9792519,1885777288.5596151,539742253.726187
1547683200,1887907113.3569584,1922454436.5132685,1780618350.5256088,1898667174.3332639,608441150.698521
1547769600,1897830711.4257264,1905330053.493872,1822593361.5843565,1856569263.7020466,565826387.603451
1547856000,1856841609.850381,2011657774.5021174,1852966874.0485737,1930011236.2517323,586375815.1809
1547942400,1929504471.5570004,2016720314.015827,1775179048.5876,1839286093.8843954,576937512.79942
1548028800,1841979681.5533195,1889230268.3637252,1811004321.8236213,1855250898.1052065,531150027.75534
1548115200,1855070485.0882304,1934355268.442789,1742726603.1861546,1891987042.4450283,595619873.20771
1548201600,1891635035.216501,1959419977.8770452,1857957309.6199012,1905783773.2423902,613419867.764353
1548288000,1906709065.515813,2000021849.508396,1856691988.7657232,1958438521.6481967,614629597.438418
1548374400,1958888984.3258302,1983804130.8477945,1900798449.4314325,1962033552.6704323,658217511.559496
1548460800,1964768660.3823922,2060537844.2136927,1944902768.4802594,1969291269.8587527,697320954.212251
1548547200,1969463766.2282453,1989795453.5485942,1867214000.1064253,1930426975.2726007,677922636.766598
1548633600,1929183573.8873413,1947637887.2734098,1779254207.0504787,1860683784.6715388,815343328.078918
1548720000,1862399775.2316732,1891649826.3402016,1777694400.589604,1844269885.0310433,707589371.099224
1548806400,1845131069.385189,1920777226.2635372,1822041180.2580178,1897759205.2709048,695310161.598831
1548892800,1898139982.296262,1947020595.07212,1851810350.557472,1881312599.3293116,649301430.061102
1548979200,1881865179.2400177,2014600704.8324363,1830021024.1065953,1948388634.392256,826343446.26568
1549065600,1949283632.8446376,2095428867.4109752,1932316548.843911,2060378115.5877833,826732483.122352
1549152000,2065025462.5643294,2087992718.744247,1957410446.9059548,1990292877.3504565,826822955.823264
1549238400,1990344461.5913649,2064259857.1863089,1974819604.1476526,2026730816.0627499,739608345.358264
1549324800,2025355902.1853604,2065190055.1260781,1995432385.9972486,2048940432.7851527,706778873.581868
1549411200,2049485026.0999131,2067286403.223095,1912971715.860744,1954124472.3020155,748410114.323972
1549497600,1954234584.9185388,2008127654.4530995,1945899388.513199,1983766485.4517787,651312101.417181
1549584000,1983669589.8885088,2711387282.957498,1956859624.8219416,2571108634.326732,1694815051.99931
1549670400,2573978030.3844156,2786987599.4577675,2503554673.324557,2667106841.9735384,1511409902.59996
1549756800,2668515281.453507,2876081778.206301,2515813180.6946163,2806407675.890508,1424809831.2825
1549843200,2806951325.205618,2822692313.180954,2499842929.334972,2560391120.5069156,1234320353.84848
1549929600,2560994481.6427565,2681529260.5572414,2501920300.2600026,2620155170.2044435,1097706465.32361
1550016000,2620839212.8366466,2683143689.545718,2416693231.5398088,2491504271.8866386,1087398941.44609
1550102400,2491937307.37873,2542420160.1704497,2413438481.1123466,2473398516.1388583,998490604.916108
1550188800,2474424567.0952964,2672536518.660325,2458672306.8601894,2550313937.256174,1042586797.25663
1550275200,2550086516.8184023,2667746319.457791,2524578373.772707,2596868935.6663384,1017408944.2922
1550361600,2598940414.9040623,2704568227.289573,2539953466.214941,2626681887.3280473,1085687168.21994
1550448000,2626238944.2451863,2982253131.3688016,2582984058.489922,2874101762.0928106,1464789364.70682
1550534400,2874984821.013466,3015134763.7391095,2789965952.660067,2840183169.879637,1414338648.10712
1550620800,2843817533.063544,3157158030.235725,2791931107.729595,3090063567.1642485,1578005761.37677
1550707200,3090565278.1071515,3142956249.2502637,2862343692.282905,2934170472.721412,1257833667.91258
1550793600,2936458114.6184235,3018685142.7163496,2880526428.353316,2965237258.7856374,1213882263.14014
1550880000,2965997208.1370416,3212289598.9599023,2890070866.6221504,3111969770.586079,1278782840.91567
1550966400,3112482542.323136,3239913707.0194645,2563474216.8686233,2638921967.7831593,1622440878.77456
1551052800,2642425701.806953,2847066047.4396095,2619637703.02445,2747267351.8059626,1516745509.25204
1551139200,2745491246.6331687,2781115582.826674,2644835262.6188087,2704417858.3537464,1058811378.49481
1551225600,2706000487.2209463,2755959258.1949697,2554700137.8905663,2726170709.7106066,1062839748.96786
1551312000,2725352660.0959144,2859438165.7492404,2687594220.219303,2752496148.9225154,1119912443.32218
1551398400,2752212250.4844885,2969682836.22343,2738919427.965121,2843562846.7220793,1169150247.53979
1551484800,2842251042.665476,2990453771.7679663,2802474239.9822226,2936773658.484468,1235396650.40068
1551571200,2937513078.743983,2973161321.6917353,2841014147.766523,2892599976.096959,1099056511.62742
1551657600,2894402437.5682063,2917018872.9914875,2703121280.919491,2767361888.0983424,1241131590.39198
1551744000,2768742713.9475274,3314287093.5674763,2740298464.0545583,3180027567.439233,1993123810.76678
1551830400,3182176319.129596,3453552756.711484,3101829895.8499217,3356177232.093122,1999907242.8776
1551916800,3355561818.018788,3584151377.0203695,3251807192.614828,3432681656.816376,2414828911.21742
1552003200,3434101214.798443,3523390879.036785,3223203328.1152897,3362520424.7968116,1975756490.9564
1552089600,3360829039.2074294,3644505191.6480184,3349389857.6299067,3489223545.150587,2134950450.73742
1552176000,3490995182.344861,3508870033.1175933,3372955658.7026043,3428272866.793126,1778367616.12389
1552262400,3429834101.966359,3474473973.071552,3235842180.339044,3316795518.501411,1839557853.51003
1552348800,3316498173.1369433,3452954488.158278,3220561646.7539253,3422408168.257959,1666248900.94252
1552435200,3424663681.343197,3443779503.804355,3283108317.8398204,3349984459.5496674,1467248765.82399
1552521600,3350240746.365813,3533420643.1638765,3206395383.126333,3385149188.9727774,1608310456.40324
1552608000,3387963597.0164857,3581356063.1577077,3373818113.9539475,3540301300.699541,1823129683.19011
1552694400,3539300539.4920845,3861026602.2119493,3534011982.672066,3713353645.921813,2001584616.4025
1552780800,3714567585.0139046,3732874860.2849336,3601860944.3983097,3669047754.8361564,1608126596.01263
1552867200,3669622640.978635,3795636615.612569,3518423742.4318347,3589825249.7524905,1969024124.69382
1552953600,3590965032.1816525,3664068020.128478,3537628192.2758427,3611589713.727801,1817673962.73155
1553040000,3613433911.671781,3711656033.560935,3459776764.296802,3665040914.5183578,1993286722.49818
1553126400,3669790099.0054,3700616193.2869544,3473502393.426754,3564284812.9520435,1766293333.02566
1553212800,3565707921.9308114,3636658444.2314844,3526149269.28518,3609178954.6901035,1660411212.33327
1553299200,3606122278.6493206,3747495812.423556,3572708385.470994,3695036426.76556,2006303238.84912
1553385600,3692585851.642264,3695452455.948688,3565485960.862797,3631228852.214993,2049338781.59535
1553472000,3632355775.9144683,3687175274.9903216,3460009599.748732,3580343998.7255406,2057743390.79432
1553558400,3582167185.000216,3616892748.2422156,3483869565.865505,3567345699.940871,2007862224.47493
1553644800,3569409688.4099584,3767570653.4566164,3554937431.0164275,3739771482.5666018,2215083120.09246
1553731200,3740738946.2785015,3743499898.2731915,3654554020.9284554,3682081376.6596355,1828212139.21779
1553817600,3681130129.8714733,3789737280.2713876,3629369309.356088,3740387008.3642406,1972139961.29106
1553904000,3742805094.356181,3779738985.213935,3626674222.527027,3684234941.4483323,1703193896.87065
1553990400,3685621712.407914,3708775876.248674,3639156031.1225376,3690672468.292837,1645180978.46716
1554076800,3687436553.7265825,3750342702.6571884,3571336461.2230797,3689921105.3935347,1710994411.2336
1554163200,3687477562.636339,4982865355.753359,3357600647.357428,4736414460.155193,4151063236.84563
1554249600,4737593360.893344,6193444233.033734,4585350037.280063,5249449030.215263,6234418371.76031
1554336000,5245310473.868744,5550689234.936701,4829288507.851641,5194585661.867061,4244543997.16624
1554422400,5200413007.101781,5552538711.430957,5112302786.549932,5437453530.837104,3500285291.55249
1554508800,5438897541.864506,6063621364.127437,5149963742.976258,5646433442.708498,3866922992.3295
1554595200,5648767727.19214,5972027106.865747,5390541426.492221,5625202204.39826,3300017133.75553
1554681600,5628786990.074196,5849265691.385593,5249935011.741263,5479385831.137483,3290630189.12555
1554768000,5480362688.886925,5580863011.870915,5113294604.61081,5325846422.359948,2742222579.24509
1554854400,5313168756.724437,5694679163.746736,5207963302.053889,5418238180.888809,2768526099.80517
1554940800,5420157067.095816,5445634324.512852,4569944374.257011,4860788683.505156,3461233998.34701
1555027200,4858997170.717089,4985878307.859381,4610852375.516717,4836712144.099304,2849008559.47409
1555113600,4836949575.173334,5003547878.537778,4656456673.670165,4776655240.540321,2376674244.2164
1555200000,4776044965.155611,5171270343.373258,4666806912.485466,5139290372.2470455,2311726773.61183
1555286400,5139640895.928219,5220679938.562011,4556582038.843715,4791952638.770294,2737876658.60657
1555372800,4793377535.004732,5057198529.033441,4730621175.590707,4951708507.974637,2172304675.57215
1555459200,4954478496.422373,5050812339.077298,4798836862.007691,4864719636.181353,2062174686.20858
1555545600,4860234299.24942,5199931157.514893,4850241162.16816,5037218845.636758,2616403884.83356
1555632000,5039422162.783898,5195822976.849718,4881075295.577721,5069079947.273055,2609713092.57835
1555718400,5070572819.9609785,5162017201.110889,4884293109.420826,5009806405.563404,2424564168.28568
1555804800,5011683562.149479,5060706539.983065,4486647665.273372,4742122945.0214,2943804401.41315
1555891200,4744442095.709953,4907123595.0295925,4578821086.940947,4724849603.312018,2659786202.64415
1555977600,4726201123.1718855,4962969710.797678,4395374438.493711,4559643660.372375,2915235488.10289
1556064000,4560962233.001368,4674863678.9190235,4241346313.745124,4500855220.580772,3333131957.9155
1556150400,4501850775.142452,4727055956.81194,4103202963.8478494,4338532647.6832905,2754156288.03004
1556236800,4339850184.056866,4546537999.418767,4225375467.3561025,4406920070.78005,3031313213.04022
1556323200,4406372528.965015,4465753623.08233,4263007677.652245,4338245811.134164,2059604757.16107
1556409600,4341095510.64182,4385420387.162618,4080024543.6453977,4180754436.8120832,2359384785.27418
1556496000,4175304873.662662,4225106372.250845,3981663440.0827127,4105290173.8190675,2531583223.64937
1556582400,4107753610.980469,4557700237.337347,4088334405.9304824,4528538469.931954,3062450525.0371
1556668800,4529365697.260383,4648412032.682789,4360553535.8093,4463438158.273754,2864537897.40263
1556755200,4468109711.6345415,4587691482.071456,4331699156.355666,4447452330.978531,2895346667.53308
1556841600,4447361213.828296,4984407878.046133,4239599464.607398,4788055214.463646,3843952015.16534
1556928000,4790472138.763221,5091558680.412957,4475881861.18516,4737805057.914669,3493560013.48246
1557014400,4740450014.167384,4792887160.405732,4535482156.200062,4612882428.710676,2661981869.45673
1557100800,4618130924.668322,4730721637.153831,4344416100.269378,4569502806.827779,2938986529.27283
1557187200,4573448479.524892,4987438320.907336,4401944161.542708,4523291579.148642,3095640627.69348
1557273600,4524331206.405658,4716149504.577772,4323511490.237585,4555274802.6272135,2538808461.8481
1557360000,4559479750.918728,4740937746.739138,4246427969.5641913,4540382539.058379,2437918257.69645
1557446400,4536993209.645988,4954104044.023426,4352243165.484048,4734755190.946919,3038605211.73261
1557532800,4735188685.749787,6100975826.591111,4450709537.370306,5438240694.403861,5537176688.05443
1557619200,5438101547.330526,5932888879.887396,5011085164.950617,5233901494.268682,5625880289.27265
1557705600,5232292186.477324,6249791478.927175,4705323783.72913,5409513017.395279,4633704151.38915
1557792000,5409766899.743797,6033824434.244706,5208728337.431727,5656471940.11814,4905769024.98722
1557878400,5661971209.995476,6639917758.182034,5492525342.731504,6334567676.641047,5157129052.75877
1557964800,6332436573.5936,6705981705.204012,5443108182.0679035,5909480820.264483,6433650986.4084
1558051200,5910339122.761206,6137149364.104935,4471492366.326978,5546416027.607139,5325903343.79997
1558137600,5547151081.690318,5654804918.305616,5249717370.559877,5353199781.328699,4225357507.005
1558224000,5354163069.16018,6169181383.732344,5186339296.456521,5879324876.003844,4109485044.6009
1558310400,5876557873.319191,5914713700.342838,5328980555.846086,5682921599.102838,3560779156.76184
1558396800,5684185578.520903,5875648229.938056,5367247571.330938,5651341850.304904,3145091738.20061
1558483200,5646460482.905446,5860994439.471508,5098245356.47812,5429367055.77151,3390040278.53151
1558569600,5429095702.35978,5700221297.559353,5173826776.760957,5508455730.571696,3210090475.88496
1558656000,5508485851.564058,6591675688.8373575,5442696262.159823,6248661025.4960165,5377897219.85613
1558742400,6250639899.465754,6627866755.484484,6106967322.306672,6389825226.336125,4502930413.61236
1558828800,6391583003.932249,7273720110.432834,5945692628.051344,6977005327.67007,5158602804.89082
1558915200,6976470516.820709,7589069462.330484,6797604631.896327,7224325839.776008,6355880993.36941
1559001600,7230654359.014886,7355679317.026821,6855603094.831327,7117643891.681979,4179195271.08954
1559088000,7116663247.819206,7359862201.44119,6697864752.502577,7148366072.0171175,4104797402.67145
1559174400,7148752289.054065,7668545766.460155,6289565172.176436,6691694858.646625,4952119041.72404
1559260800,6688144479.459595,7138606579.586676,6412560190.020931,7100926000.564818,4197887577.87625
1559347200,7101396968.336016,7251515686.838983,6847395518.988361,6976335149.263354,3801299674.81069
1559433600,6980648092.615329,7295529015.616212,6912946445.032005,7106059069.58464,3440764395.83754
1559520000,7110315871.727655,7265657243.31171,6408080167.473628,6565072423.364733,3808951244.51958
1559606400,6564583152.489985,6698903307.422534,5924751330.076357,6328180168.972704,4303958458.94589
1559692800,6335685970.827555,6602526180.659866,6149973230.930801,6443102214.476707,3592963746.1421
1559779200,6445458536.53513,7101189409.928031,6135286036.215588,6924773144.356586,4117334694.65695
1559865600,6922386945.310101,7570619232.130711,6801291899.551976,7270193604.045415,5176236365.86727
1559952000,7279257041.967997,7613929221.65194,6983243160.59552,7364070660.227194,4692630732.43308
1560038400,7366761054.408188,7452253963.472129,6843921790.094059,7131186479.099885,4358996216.09527
1560124800,7129039864.934197,8207665020.60079,6992751564.23642,8071938729.935223,5406820291.68204
1560211200,8071529105.663235,8781495491.028633,7646854120.090471,8475736535.087028,5462311526.61905
1560297600,8474514335.587312,9128711055.146013,7846557937.637339,8465137920.04825,5832712538.1525
1560384000,8463821760.88768,8696898940.075008,7766695490.394492,8143598757.823916,4951639788.79896
1560470400,8143507484.14946,8710514584.61386,7615155507.802033,8261648396.760163,4337742272.865
1560556800,8259336053.717198,8875059509.8068,8191145779.621671,8606599453.480461,4329177167.86188
1560643200,8609759170.99146,9130067826.952845,7973040194.547456,8511185950.411609,4375895785.20631
1560729600,8513131467.645412,9000207907.991615,7952145382.484217,8350056871.558947,3234777627.82792
1560816000,8350330975.5543375,8804896300.316051,7900296122.477186,8421651076.584626,3718703215.65486
1560902400,8419881797.631595,8873128024.47801,8193886998.475919,8518605305.60593,3912143839.26357
1560988800,8523677451.854978,8829998844.170456,8031439772.074257,8455283975.304077,3902266733.23053
1561075200,8457879626.04214,9220578032.929432,8065012000.83021,8665979451.156052,4369106740.59181
1561161600,8669904412.276102,9629862085.179625,7923976798.436849,8807087856.18217,5480372477.19404
1561248000,8816785933.107187,9306281050.126444,8095995651.98374,8515183579.501727,3996059002.47357
1561334400,8515612337.162809,8820744496.381355,7949274891.068842,8447764889.919182,3906184232.28091
1561420800,8451429093.910545,9107085335.398813,7838925535.57601,8454016212.273226,4381613062.48697
1561507200,8459524763.324824,10030449059.698822,7086693542.198781,8136492383.53632,5576861908.90838
1561593600,8142823655.67208,9028601358.599781,6047425011.916135,7127242121.904379,5587861061.11085
1561680000,7129573463.374665,8148496250.333103,6460228826.552337,7453546898.898016,4698643658.60141
1561766400,7457538898.992716,8945995606.679998,6801636245.21356,8330544524.308275,5732452296.76155
1561852800,8334081892.595866,9249769311.18229,7199325605.493195,7628409018.742767,5535669982.0359
1561939200,7632897467.768792,8254473533.509337,6882252882.46768,7661198070.560689,5047221226.07287
1562025600,7666804150.478865,8056125366.451145,6458602271.983745,7411397786.957661,4745857556.84425
1562112000,7414761201.547728,8227142380.816651,6831220239.643762,7603961219.049761,4504922944.94709
1562198400,7607321951.878143,8144018967.145591,6904133431.951273,7477600719.584627,4576458809.65438
1562284800,7479519306.010326,7856469498.366617,7049610219.460907,7410451016.338864,4115523727.80191
1562371200,7413492032.084249,7911869135.550478,7075732208.898702,7390421237.073559,3483572580.29078
1562457600,7393305996.001559,7725227054.123101,7162497019.599372,7513246687.720508,3336585123.58279
1562544000,7522529588.921738,8139145834.60459,6948737666.187492,7722047609.130527,3807171771.59917
1562630400,7730168927.058103,8109003295.698206,7108241418.558856,7478114008.741475,3795320518.88518
1562716800,7483675102.817074,7867271627.75082,5919254186.100019,6773984181.306732,4684224109.11141
1562803200,6777827081.754801,6973859397.506066,5798960978.586702,6455319417.5915,4586757353.89503
1562889600,6458140683.895399,6882585141.038175,6102970931.966655,6595593653.50709,3627500397.34776
1562976000,6599291322.681072,6776494501.510365,5962741050.012154,6340644858.673363,3341653642.70314
1563062400,6344725087.060221,6465558203.498851,5349444178.721126,5626361287.47258,3700295713.38381
1563148800,5629579661.515415,6123824114.349345,5107456795.9198065,5674814093.555028,3599955130.89283
1563235200,5675768397.950401,5883797769.758988,4683571316.631833,4979625157.133138,3717910363.66455
1563321600,4991447710.383837,6024074422.657791,4710775598.096501,5662147260.435233,4613272126.36252
1563408000,5669736893.15616,6735802841.81639,5286676398.241703,6356012718.42702,4921282864.1658
1563494400,6352022956.400665,6490867652.474121,5796923062.248382,6186744141.648809,3988610211.42711
1563580800,6185151672.579046,6855947800.275804,6041716038.531161,6296028133.492361,3440368517.91971
1563667200,6301464139.962029,6453553599.963828,5919998419.367519,6266765933.10795,2825907989.50932
1563753600,6270303564.079989,6344869697.7905035,5610260423.052642,5975365130.181514,2710961463.38345
1563840000,5968526916.323409,5993315041.250314,5512347077.540307,5652741495.11642,2686551280.91236
1563926400,5647156360.919549,6111307433.473783,5371978956.736479,5931237789.177859,3254599656.0626
1564012800,5943330124.216289,6192902834.4464855,5650397602.656667,5860277358.239269,2694502853.68017
1564099200,5862179744.799966,5982114687.481687,5649427814.182292,5921262088.921978,2260202787.43587
1564185600,5921430792.245166,6177947279.151214,5372178851.500556,5579436222.500937,2617378068.12868
1564272000,5574651683.662505,5766660973.454449,5224789379.562172,5659276483.34292,2463182814.43738
1564358400,5658493407.087962,5869381429.604434,5474190157.196159,5673981593.749788,2453014050.89019
1564444800,5683017878.016598,5886743008.221568,5526438408.325751,5680364886.357079,2306156464.91043
1564531200,5680929958.643449,6374773755.481587,5650894942.278944,6217859701.740396,3039852911.39201
1564617600,6225123598.155311,6529758529.678228,5874449717.762239,6226086145.605275,2952224574.74742
1564704000,6232958892.625131,6385811969.830697,5755895689.819747,5967061411.00722,2879502007.06174
1564790400,5969155878.678878,6225013842.643951,5710035007.197984,5931000640.490629,2524831524.6185
1564876800,5927432853.889167,6156196469.901378,5580803071.325912,5865983338.2598505,2424796440.77603
1564963200,5866021542.684907,6841856632.674895,5534596168.900279,6065512506.622711,4113639429.91997
1565049600,6066163813.817711,6367108186.153043,5502349361.604574,5851725871.549865,3248079965.04504
1565136000,5853860861.957724,6203071728.116089,5384395160.821833,5706310094.878289,3101956297.93168
1565222400,5703979718.846587,5962277739.699583,5406000487.550993,5670983119.501677,3014453155.33129
1565308800,5673325647.833103,5741555090.991873,5156283625.755327,5302725390.929662,3009759923.96167
1565395200,5304002884.516236,5810789457.640881,4999952126.041989,5367902302.931748,3089772226.25428
1565481600,5369119556.81481,5867602302.488846,5271773452.7414255,5665991425.529197,3009644380.83538
1565568000,5658035630.887635,5682983903.22997,5279216399.6542635,5401615990.124077,2720818477.97354
1565654400,5400805527.414761,5731711775.912069,5012867968.250566,5330099445.814326,2683427935.25387
1565740800,5329289224.474087,5556621104.536453,4567950811.524793,4771574886.841609,3081522834.82487
1565827200,4769990025.912359,5043999762.280671,4369196594.953317,4808574268.010452,3673647863.46185
1565913600,4806640317.922608,5018766863.077253,4390202913.5278425,4713614366.490688,3024216160.71724
1566000000,4712648539.35931,4795154793.557555,4403415243.482915,4581170925.992689,2480637358.65589
1566086400,4584637404.398359,4992596777.745698,4485233125.7414465,4816233273.324949,2745221617.76598
1566172800,4816142814.290026,5119094401.196786,4570016964.170158,4871932846.572933,2286863307.25234
1566259200,4868972637.616597,4908479730.843464,4601587852.302245,4744154628.825999,2430911244.87496
1566345600,4747593030.430099,4991401422.68548,4314550947.081989,4618020910.133639,2862100326.07578
1566432000,4612773261.090599,4781966600.723133,4414922272.390244,4635581769.827551,2909489976.09971
1566518400,4634389080.525371,4832128109.490341,4509194145.563595,4762964367.861111,2489343280.80398
1566604800,4763654150.502415,4803785459.032845,4451059684.723423,4634719365.501291,2195875579.13641
1566691200,4632535183.561269,4837904657.8350935,4414742304.418209,4551278300.246723,2227479981.85301
1566777600,4551783090.123223,4874347353.02649,4493558144.775849,4636770629.82401,3051404373.13431
1566864000,4634662987.863284,4733534567.6338,4458342507.768693,4597453761.111683,2482940632.12627
1566950400,4594062792.601736,4649280451.126206,3913292168.0276904,4207433242.379036,2881031530.25556
1567036800,4212171693.8144355,4280298031.8609753,3890450867.613931,4011148918.194845,3095145447.32969
1567123200,4012416932.169338,4168956013.782126,3893988723.463253,4054359295.0435257,2379232667.5176
1567209600,4051004348.0269265,4138160379.032084,3912930061.8515563,4060312330.471695,2336211021.55986
1567296000,4060468765.9282956,4319151925.183445,4031270799.6522007,4178547137.322543,2228407577.04711
1567382400,4177202608.206511,4497218462.381185,3958519851.900374,4246206838.2208824,2395433553.391
1567468800,4246498779.4805303,4584716215.74038,4173901841.826072,4362797856.803443,2810745337.86813
1567555200,4360642124.289448,4481017767.405931,4118865143.6523733,4242707466.4176474,2700377570.66269
1567641600,4241157220.489534,4293244219.7631354,4027410733.1832957,4125195398.8282976,2381544873.25617
1567728000,4125458600.842739,4383558511.971867,3964767298.516326,4104053058.392864,2596208513.15357
1567814400,4105654474.2371235,4483058086.128356,4065943816.1386113,4358386112.216647,2753556866.20934
1567900800,4364346132.4924755,4580941118.067292,4236079940.330234,4454025725.21285,2782849785.92273
1567987200,4449057372.681312,4599685392.041719,4222997629.1875753,4419404969.935791,2657479991.70119
1568073600,4423630893.689365,4651126768.166227,4248239158.0037255,4478623263.279048,2885024146.44828
1568160000,4477299017.499563,4605200758.719926,4235748016.4930696,4410641095.83985,2567114772.45036
1568246400,4413970913.70912,4547419952.4342575,4201315547.3856363,4377101752.698644,2316343418.71787
1568332800,4378457698.135758,4458282913.359027,4238666293.1035757,4369640619.981893,2355183900.01664
1568419200,4370269724.976866,4537568829.277307,4282329628.9208064,4469365126.450262,2447364078.79256
1568505600,4472281576.644255,4527844883.059526,4384550965.175555,4432780891.494561,2333352046.50369
1568592000,4438903173.170555,4701422513.406191,4327328007.948396,4605671635.410639,2645749276.52563
1568678400,4601135555.460824,4910844226.752416,4527033212.394128,4689045781.944908,3105809697.27466
1568764800,4683699216.297984,5117028678.960743,4635704379.756062,4920707719.000365,3659035129.09149
1568851200,4925890229.420452,5058735813.970981,4442209218.455482,4858264027.100531,3781948479.73833
1568937600,4865721485.315632,4894371612.512195,4604285650.449502,4752407253.1032915,3154286848.99797
1569024000,4753590644.374589,4796949332.506787,4539310545.553869,4632932358.175368,2576688719.09316
1569110400,4628406131.651499,4684208754.058976,4456226422.330604,4569278645.982637,2494593712.50498
1569196800,4570615522.414072,4747753608.566433,3873435648.22166,4206411230.726263,3214756124.22343
1569283200,4209613762.630457,4402005171.536499,3247168785.1085916,3471334631.812893,3932961660.41948
1569369600,3473836301.5634236,3860706966.7002826,3330841344.2700906,3637970448.2335277,3369829202.56844
1569456000,3644303607.647356,3686502662.089873,3177412141.1610026,3492987706.822009,2667973399.61427
1569542400,3493469820.7633677,3634860605.93973,3339140072.1560564,3544696319.7729735,2323540834.07647
1569628800,3549841500.1349173,3626566116.878704,3396998512.431372,3515507894.352989,1968639011.50738
1569715200,3516436456.2735186,3540098486.1494474,3288338382.893128,3412898676.571054,1826677723.60084
1569801600,3419090117.027377,3671871487.1773157,3264737368.6696053,3553840744.384809,2239569577.23499
1569888000,3556813786.6264505,3714500546.1015625,3436352700.320361,3534043464.424329,2323771185.595
1569974400,3537040953.3240466,3653806653.301144,3470466986.909042,3573463599.0016193,2110372695.60769
1570060800,3574052244.6501846,3703854425.6784954,3378534385.0569277,3582662209.8222585,2221347478.76698
1570147200,3584552597.1890917,3677218039.103863,3471392884.9109554,3575335204.900052,2293888294.63956
1570233600,3578302547.4260554,3684990221.3085556,3506522214.090799,3602676609.0890365,2069489483.24952
1570320000,3605039041.476031,3657379491.0233126,3345180581.5256586,3449445383.9617195,2375270428.44096
1570406400,3453555957.09919,3746066239.0196757,3374096877.947375,3651011822.186787,2895372936.57411
1570492800,3653371860.879211,3729519214.406054,3562006805.233768,3615049787.1956406,2416374526.57258
1570579200,3617660285.539881,3919034032.9368105,3508515652.1726437,3760339474.433004,2785681796.89626
1570665600,3760891483.427315,3802097665.650524,3578570968.2119703,3657668829.427312,2436411496.01195
1570752000,3658846190.673074,3785755434.490363,3427721198.91222,3546198911.681162,2433686474.10864
1570838400,3546422811.6493154,3619934845.556848,3485879594.3825135,3535445355.823394,2106289135.24416
1570924800,3534748744.269338,3708670741.2141128,3458545952.8943586,3585958384.9856725,2236979663.93626
1571011200,3583844151.189047,3671485582.672408,3536243899.4953036,3611976287.4842386,2242174643.23599
1571097600,3608196358.8706536,3663552564.8662276,3311030448.932082,3462019810.18722,2601652897.50896
1571184000,3465494421.0790324,3517735837.31363,3226832651.300759,3331837323.486585,2971915379.31631
1571270400,3331112270.0210285,3516398079.852865,3270747700.23384,3488502473.797203,2922519761.24802
1571356800,3486065986.186516,3509866114.0144663,3293913409.7388506,3383196976.6667147,2684289298.7152
1571443200,3381610757.2409286,3495758571.8119802,3320502148.3724804,3416198615.147942,2452529655.83806
1571529600,3418162269.82716,3586044574.4468803,3332225937.042032,3489718356.0887437,2610549773.65344
1571616000,3490403656.465648,3567999546.1235433,3382215905.2899175,3473942689.2354426,2723691670.94071
1571702400,3469738337.0420847,3545608154.238417,3333678292.20462,3391328305.484751,2488487791.09204
1571788800,3391407000.3688173,3404800826.499391,2945531359.111532,3144298174.1108437,3075645614.68086
1571875200,3143669327.9609184,3210178478.441394,3058452555.3097215,3156960664.0186725,2653323653.49213
1571961600,3153895731.482357,3879304907.4126873,3073748267.046586,3620274967.132935,3770729000.75377
1572048000,3626660768.8212075,4340994901.99886,3281010248.2733927,3612659460.112186,5235612745.50061
1572134400,3614559492.838685,4022345220.5183196,3463248857.8027472,3811425380.2443037,4210313239.94629
1572220800,3806128866.036122,4052672815.9754906,3541576886.215228,3671291377.609793,3806981449.06847
1572307200,3673393669.5773807,3912428835.1517053,3607089799.5778284,3805253171.3301277,3579827085.03809
1572393600,3807457427.4819627,3905738499.1453886,3584506341.7908626,3683312921.394623,3380837143.37441
1572480000,3687016844.7452374,3864818883.4264708,3601094172.4595485,3709436682.907879,3160098965.70127
1572566400,3713631232.6041026,3793317562.6669965,3592789599.692876,3712853180.1523614,3426812667.47764
1572652800,3712162544.8064404,3791750231.801174,3646068118.5178485,3710182546.021215,3356869588.18935
1572739200,3710582909.641121,3818115390.132618,3587514847.931899,3711421404.90452,3256358025.91966
1572825600,3711814564.750445,4064209848.495861,3672457410.721542,3904104069.458535,4157915045.81124
1572912000,3903935037.0738187,4143506903.684475,3799152320.7881994,4018719412.015997,4721409069.41569
1572998400,4020531343.835066,4132730225.4083967,3950344166.475686,4081552234.176051,3738098008.97886
1573084800,4082560600.4202585,4106484557.9988184,3788982969.4355693,3900838724.3298054,3573948407.94501
1573171200,3907265177.4015574,4057877455.6229424,3655896119.09439,3839722284.698233,3412753934.51838
1573257600,3835986722.6859913,4005105614.057242,3805540484.3632216,3952905623.024603,2850154756.83688
1573344000,3948681066.030269,4381915316.23345,3851718456.4506907,4044539888.6803827,3606422081.2773
1573430400,4047418879.518512,4146935029.8993683,3806742302.2364693,3930334393.1838202,3030531636.23108
1573516800,3930768889.4810004,4015150207.7243223,3760998868.2430243,3911210840.1999474,3334841800.11716
1573603200,3910785017.198353,3962397361.627179,3822882165.6527452,3871126821.8058395,3098127280.27858
1573689600,3876107182.285922,3892753702.7848897,3696389695.8605676,3753226676.618914,3043569925.51515
1573776000,3749887888.053451,3916563024.300563,3525411026.032668,3665335040.314232,3194243192.78886
1573862400,3663930440.331574,3761739577.201152,3630469147.0113173,3710534555.7582235,2845331574.66408
1573948800,3709757346.2818213,3858257595.798248,3645929168.7931833,3770971303.740867,3222426946.58804
1574035200,3772077345.5002494,3786855105.370994,3380593869.3197336,3548559645.1284304,3127319972.133
1574121600,3552192915.7769837,3604090440.1083913,3425326417.248081,3508000887.5796614,3031732107.6596
1574208000,3508921435.6020904,3620158252.575881,3443581831.8632693,3500228425.1163406,2858865837.49471
1574294400,3498857632.4747047,3522265322.514646,3054507715.244277,3220482608.7834167,3154548658.35966
1574380800,3219179436.067325,3323977643.4585795,2756908782.4146543,3023107356.858961,3731361224.42037
1574467200,3020369022.4573965,3123095530.599011,2929558956.9022455,3072305738.0992246,2735896900.23865
1574553600,3071908012.501992,3086766719.901141,2745112382.215698,2796240195.161095,2717028851.3907
1574640000,2794389362.8790894,3177869838.077966,2614883027.968953,2902579701.7240767,3418351472.52873
1574726400,2902198070.906343,3093839615.735703,2857187085.575006,2989622172.5324993,2659884159.11353
1574812800,2994825452.5769777,3210276113.2059226,2755118688.268434,3045547995.6164093,2980913553.73894
1574899200,3042286523.7757826,3118829168.574786,2926035485.2803903,2987666379.0317583,2669655944.7142
1574985600,2986424856.995981,3227916510.0929136,2955038960.708078,3101000665.4862423,2942705136.35275
1575072000,3099837865.1369805,3160713304.7031956,2945056925.7059665,3012415942.161324,2673682283.28656
1575158400,3016078263.5050316,3126446100.248824,2852227527.658506,3033298983.63168,2784248596.83001
1575244800,3033289374.08116,3046407748.0879536,2803292843.8171344,2903885216.2528005,2678798098.44791
1575331200,2906591850.2022552,2975402772.574023,2815781038.6819305,2857276053.579683,2563242818.95235
1575417600,2856176290.1745377,3099454663.9327602,2728434415.498864,2849998446.458101,2946112980.09238
1575504000,2850547027.112899,2970928040.195033,2735177326.914082,2857290467.7364197,2819655715.70071
1575590400,2860300465.407845,2982935377.5655513,2786597564.2299705,2891616675.4288025,2583511686.5677
1575676800,2889517501.472866,2990087318.8468556,2860313108.2252183,2885551324.1869726,2387352343.0183
1575763200,2886654345.0946045,2959175611.8384914,2832219553.550156,2911972574.205997,2261342432.52353
1575849600,2907935581.6150184,2994514072.644432,2773205886.987704,2836461616.4051414,2513036905.79621
1575936000,2833511186.709283,2883854114.1134915,2742256856.6901484,2811253783.316773,2342801066.74388
1576022400,2814360824.184393,2855677061.1673617,2732722115.916055,2789768024.430354,2497860351.46139
1576108800,2788796297.3320956,2841172848.5587325,2709262094.5888166,2781771849.2406287,2731302180.51743
1576195200,2781693855.034969,2857831689.9680715,2760774426.940509,2837487971.48691,2772755976.98346
1576281600,2837192545.457899,2869678103.752755,2721699080.094351,2758394900.8325696,2722837708.81514
1576368000,2754454704.726887,2829260844.1851954,2717942251.7360544,2765299054.1729827,2670361325.68897
1576454400,2765602130.4330635,2786552066.445489,2459043902.120586,2541040091.65756,3039219166.45265
1576540800,2542591668.2610974,2569277744.4538565,2297324784.116391,2346534371.519415,3273142734.55213
1576627200,2349364896.993349,2758293429.698462,2265189461.2003064,2601536117.057483,3839181076.19568
1576713600,2599973014.5457163,2656191593.902848,2451698114.865049,2525023338.71005,3166568010.39532
1576800000,2528575213.813954,2594559827.8604517,2495422622.9808307,2559821713.0886006,2783769861.32487
1576886400,2560133350.5742946,2567463725.2359242,2507459735.8636985,2530303814.3812723,2652115759.94618
1576972800,2530152043.492386,2757673276.046097,2520691302.2711186,2667970895.046277,3137395318.41726
1577059200,2672626397.1730037,2758902426.879729,2539252147.290289,2582757627.0033035,3153861049.33449
1577145600,2585382345.265248,2663875869.0301523,2502802841.2653365,2568086726.4613013,2858835856.60658
1577232000,2567392664.4389753,2594159675.316852,2485434190.171442,2552759985.6376095,2746782767.05671
1577318400,2553517545.0743036,2670012636.5328937,2509472943.8231144,2545359530.9581256,2848870749.20339
1577404800,2545778898.041321,2635971869.9745827,2490179303.0138655,2607631885.409074,2944170156.7888
1577491200,2608303293.6015034,2787321818.130287,2600853396.184039,2723358663.6152396,2896371597.72667
1577577600,2722872735.460517,2826764661.5675173,2675813236.1903124,2745394360.207325,2896371597.72667
1577664000,2739245298.4944625,2808220224.9031982,2656783984.6999865,2691770355.547325,2896371597.72667
1577750400,2692702378.0131803,2738204090.791633,2596323760.6271787,2622635048.624505,2896371597.72667
1577836800,2620398718.22166,2682140118.569015,2611927662.3649607,2645291703.3091793,2789773128.49227
1577923200,2643192491.543689,2660252471.3086624,2475548826.746041,2508758782.909325,2761424787.32001
1578009600,2507292071.8089957,2716499324.6990204,2441237151.6020713,2691360545.303154,3250694125.70606
1578096000,2687949092.151457,2749446983.2947173,2644151444.5931106,2725572894.7279935,2839188805.7262
1578182400,2729711341.2097573,2854427101.2904963,2676715767.270609,2761396042.4555373,3012972848.3038
1578268800,2760015411.427423,2992386029.3115535,2741398449.7336187,2924564463.1822925,3343818836.11312
1578355200,2926981737.679347,3097227517.3849483,2785741352.560631,2959190501.454337,3614644034.7094
1578441600,2956940241.849794,3119184574.0039473,2746468484.284405,2890278597.7005644,3630792673.04621
1578528000,2891698670.6377187,2953858119.7667227,2771582437.271372,2852033763.831037,2969876168.38173
1578614400,2854500040.6940136,3213745664.912928,2787073820.8745904,3131570083.578835,3782477319.77712
1578700800,3131927612.701335,3354671717.122579,3036643104.262425,3146171169.503033,3812951871.43729
1578787200,3145418965.511735,3338700713.454114,3113312725.3212786,3282703214.9991226,3871753346.47776
1578873600,3283060399.783921,3295262812.9153767,3111191777.269262,3166237566.1099687,3333257350.74179
1578960000,3165019144.9441857,3901807092.0334864,3163983979.238562,3728532636.1821427,5731663623.97977
1579046400,3726765585.799746,3879684086.2936344,3524151672.0990505,3708183059.226326,5061308532.49034
1579132800,3710885323.5377274,3791789729.125294,3478108721.528516,3671350793.011691,4350231418.40177
1579219200,3676163141.2167764,4069271020.83675,3618582795.6104083,3891234891.4026146,5069546204.86132
1579305600,3894060291.648666,4001979031.2617536,3679224318.2693295,3785964362.9327555,4442058009.10455
1579392000,3783783333.494388,4031454106.92346,3477953014.857258,3679659486.6255455,4203108332.02538
1579478400,3680531934.7248645,3745596435.576091,3542616597.408886,3647653659.197595,3308411067.65428
1579564800,3648810004.0115347,3751082961.243669,3549219923.876529,3671629644.1171427,3129034198.3602
1579651200,3676462999.720271,3808168392.0045767,3592857036.4404273,3716724723.2401876,3069675815.55099
1579737600,3720116026.712258,3728064859.2828727,3334441499.943872,3473700126.764861,3347049645.49981
1579824000,3476120256.317883,3544843929.1170826,3214318835.314957,3469577281.80545,3529556608.65628
1579910400,3477252347.267086,3502204263.449588,3297826833.5519886,3401469399.131929,2942601104.12177
1579996800,3396941056.546428,3627295034.885513,3352076094.6392846,3586475619.3222933,3278671703.36726
1580083200,3589196766.7489624,3907094961.955342,3538468061.284039,3738857146.022085,3819681777.29821
1580169600,3739293620.7101693,4063908147.145149,3651441173.068542,3880834113.46896,4199300754.78451
1580256000,3876319329.970255,4029899184.189453,3777378538.2463746,3821840128.709711,3922156866.4207
1580342400,3817022223.451362,4497968635.233908,3705322128.1208353,4344127809.461304,6013606677.13837
1580428800,4347739783.553509,4540326312.031947,4168482146.7943892,4341074957.014428,5739378397.43829
1580515200,4345113647.397904,4680582563.013267,4295724821.936432,4521156863.948438,6023201518.3833
1580601600,4522840872.441793,4717646163.439267,4273946378.7141166,4475345408.103411,5481602618.97723
1580688000,4467024067.735897,4700288380.423101,4356034503.353411,4456065383.8522415,4969543871.5822
1580774400,4453829305.059892,4517985310.587057,4214395945.419813,4338589968.357555,4449406483.51475
1580860800,4342864035.23318,4814130827.73622,4305980561.852778,4648347124.62127,5175713827.29659
1580947200,4648617715.807947,4889813857.437389,4485379649.185976,4702866349.823615,5465861394.01106
1581033600,4703386025.298207,4851424008.439026,4646826797.638239,4752020833.395346,5034953438.41303
1581120000,4752767177.829623,5030897459.74452,4559936684.986587,4906318340.708457,5498761218.61534
1581206400,4909687835.010931,5086275366.927881,4736379807.757933,4940633831.884594,5147619567.47459
1581292800,4940283304.237927,4968754565.530849,4602699567.964532,4691703886.610704,5373886056.14312
1581379200,4739161806.395459,5086162844.183411,4600363428.812685,4920671535.839009,4740998228.56563
1581465600,4920813189.978165,5384508180.97075,4908179038.139458,5210698886.793643,5675870733.349
1581552000,5213295120.958552,5447165812.12614,4852512386.389838,5159998027.646236,6578145009.79719
1581638400,5159536219.252139,5397272427.812758,5025000275.052505,5339131492.618067,5365932684.629
1581724800,5336468515.290454,5379802940.316022,4768708414.0019865,4915323919.26545,5613174115.7854
1581811200,4917659822.214233,5181817133.137052,4304246038.697139,4786440066.919829,6204828487.3561
1581897600,4795210349.96774,4868022083.414843,4309145178.10427,4702078617.870881,5587337844.08476
1581984000,4717629558.297434,5131602256.319487,4497296217.931631,4962771840.439824,5598836171.52542
1582070400,4965192126.817423,5107801793.621577,4270943598.078665,4527818542.403339,5290963193.53135
1582156800,4522731773.71525,4668248203.089749,4224189500.009012,4458685829.993325,5513726153.28327
1582243200,4456202661.756731,4843832001.13765,4392948513.874475,4708626118.143881,5588002833.10641
1582329600,4709162077.547309,4953272304.786063,4603605324.10906,4804704652.767354,5532721393.90559
1582416000,4803230364.43727,5196927493.70907,4791451663.233823,5119102283.948619,5693368366.7609
1582502400,5120163882.678318,5152457389.404402,4581554105.777858,4845786446.456727,6312880970.53143
1582588800,4851909017.617334,4887589935.876138,4443741630.277356,4550842241.889244,5773614798.12381
1582675200,4549556188.975041,4730252138.782587,3669036618.9161687,3878848484.537763,6531310946.96751
1582761600,3882221970.8361063,4181030997.1858444,3661880139.3878407,3957930481.6455855,5650706231.78242
1582848000,3958931150.0946627,4068832194.6194663,3618316741.7387624,3848566719.828263,5272595271.74439
1582934400,3850641769.8933873,3963319706.303533,3694976671.775311,3730104162.4377146,4172189208.9238305
1583020800,3726567800.3478975,3912476605.2320337,3567234075.1785197,3703107000.6271014,4323818977.42391
1583107200,3699522098.6618237,4048272443.4420066,3651928592.3600025,3946013567.559929,5306141464.7424
1583193600,3945861946.030821,4024030809.72437,3779180012.851465,3916955103.418582,5422902214.29763
1583280000,3916826682.6396794,3976743289.8589478,3766756047.0597234,3877630504.830748,4413751854.02019
1583366400,3878951964.8123717,4084050087.0662003,3813140279.794528,3990127991.547493,4706526660.84768
1583452800,3987226856.8758807,4108859085.5437326,3917593280.092703,4068343436.1970916,4765216094.86059
1583539200,4070732377.0478196,4162430507.491269,3860040059.388243,3886472854.430336,4257056927.03034
1583625600,3889471961.8854914,3889471961.8854914,3205548448.944747,3275585138.464369,4499005221.96723
1583712000,3277830161.14559,3387511703.1109877,2985218163.094326,3240287167.1948824,5130496362.29127
1583798400,3241572197.3813796,3355512441.786538,3091482632.8435755,3225190398.0656543,3957850045.9186106
1583884800,3229713101.479634,3274805578.8929276,2922826222.2536416,3121521428.611067,3809521317.97092
1583971200,3129860423.2723446,3329884522.950109,1568923648.494266,1937613919.3135622,5433562165.10765
1584057600,1933381181.3756635,2657003602.1104894,1469575075.0071952,2432867445.3693595,7617895460.51313
1584144000,2433980818.1908298,2471253275.831875,2122027737.0521357,2208645683.72529,3283295499.52823
1584230400,2207983468.452319,2615868818.511135,2120915747.3579051,2331396434.4794593,3437731451.14669
1584316800,2334365085.328412,2358114892.3009367,1837720264.5259898,2137375071.7471097,4071773373.42076
1584403200,2145247386.3298125,2384424921.328295,2022910957.2013621,2193972692.594412,3288880211.76819
1584489600,2202143992.3325257,2294396348.0701013,2034451592.2522764,2237689988.677547,3163566373.25078
1584576000,2240444841.0106907,2701515913.800639,2100156022.880589,2509890980.5700707,4161179943.43369
1584662400,2514934468.5346694,2937702035.110843,2181478176.9230537,2452809239.776953,4523464178.90385
1584748800,2450119220.073721,2601188276.045128,2295816525.4111476,2466556121.859441,3437074934.0366
1584835200,2471387329.026703,2585458488.9497447,2193990612.4619603,2276351573.0686336,3139012579.87349
1584921600,2279444618.78883,2674928059.9865313,2182669928.731858,2515897446.415318,3596844012.44483
1585008000,2516209378.5998526,2691813959.138457,2430098372.3729286,2618855754.8502755,3325652304.42437
1585094400,2619149762.2353635,2732774221.279514,2421322538.3835936,2525829987.780169,3128521291.48259
1585180800,2527347168.733526,2627218725.092037,2440626278.722664,2610293150.9472895,2808788799.25805
1585267200,2613166265.557643,2696288152.105556,2355552025.2986155,2454651818.388292,2959186921.84561
1585353600,2454112445.868352,2591227460.4083366,2284236599.4435515,2507843962.315663,3166362111.76797
1585440000,2516971436.94089,2559462908.2150393,2329892071.3780003,2384328703.6829524,2687170344.2354
1585526400,2388802967.60589,2711277176.410836,2266533824.107119,2511868392.162194,3317972183.0513
1585612800,2511790170.8035655,2572443976.843825,2442530331.848944,2519876217.5118804,3359562037.88298
1585699200,2524390407.7451344,2662579140.0035143,2330643645.9761386,2531529534.1569114,3275843261.64739
1585785600,2536903874.5944157,2795703423.4057016,2477965722.8628817,2570473508.626198,3991909249.59443
1585872000,2568266216.1336913,2745903367.487602,2494356556.798456,2611283606.892571,3486638158.72364
1585958400,2609580735.8473563,2729386550.071328,2522995071.945701,2634090684.8616905,3223592368.12625
1586044800,2636425208.3372564,2676979108.492452,2551366390.0681133,2600966595.409028,3074565693.03523
1586131200,2603312745.4007597,2963841563.954114,2582794601.8773274,2910063974.1059713,4278068783.87087
1586217600,2905260380.3950877,3086538143.636686,2802746472.7408595,2888289680.7477145,4381831865.8433
1586304000,2890852497.33428,3063651849.0283904,2844777436.1120806,3002156354.9706626,3839654735.68741
1586390400,3005818599.5087886,3043829234.4235387,2869506834.9940524,2981975072.269723,3626881237.1136
1586476800,2986778789.424911,3000941515.2753263,2633305738.0146494,2731581219.627948,4006534079.70616
1586563200,2727533419.854385,2799444286.661419,2674157984.3736715,2745443449.370131,3371937642.25007
1586649600,2744709772.8583326,2896542718.6742387,2642759214.0559244,2709427955.7732706,3638351741.6844
1586736000,2709258348.45207,2718668602.6864743,2511974225.7589297,2668982633.507029,4004343373.70572
1586822400,2667215737.2470345,2724422057.145208,2606555222.796449,2661983554.8624277,3722353218.90025
1586908800,2658526175.9435,2703962408.582313,2518563045.5404015,2530211849.5809298,3619761750.70529
1586995200,2529643407.5952983,2861150045.179586,2432789801.9575534,2748217497.326944,4970720965.3763
1587081600,2753221730.507503,2785953788.6112795,2668409199.851742,2721550968.71589,4106428268.58727
1587168000,2721211777.0222945,2876406614.512299,2696292255.254691,2853034047.4844813,4504181047.22112
1587254400,2856693562.667783,2864958327.0156226,2684073553.281881,2728692436.426561,4565608538.1352
1587340800,2727741303.1890182,2798419166.438841,2553816712.9623685,2601176194.1418505,4783833661.76421
1587427200,2597555362.740481,2679653874.2692313,2561312821.920315,2625827128.81591,3954595029.79098
1587513600,2624445550.1326957,2751920015.6155624,2581301225.643527,2704048413.318842,4027345343.69317
1587600000,2704059028.3858495,2947832643.057819,2571725362.705406,2776270558.580165,4753750370.63036
1587686400,2779179228.880656,2934812515.9756317,2733958798.1942816,2875481617.711855,4800130224.98417
1587772800,2881362786.9156437,2996825455.1085854,2810474501.1499906,2868492524.6802487,4768807168.75493
1587859200,2875927646.409282,2963009614.3060746,2797162673.135641,2879647761.3805575,4690159458.45775
1587945600,2882653137.936503,2951124801.063786,2790660729.95102,2877944135.8881083,4470579314.20603
1588032000,2881181393.7867994,2992581179.320127,2800683282.3270493,2960248965.004266,4409036555.84633
1588118400,2961918483.946446,3448355698.4409556,2724850721.051991,3157744623.4442277,5645929032.78179
1588204800,3157890771.7401094,3454953089.613612,2841611273.3755107,2995255275.2954607,5754094193.86888
1588291200,2995319470.729462,3200318149.120172,2949961792.954494,3043988418.2811017,4574346575.62563
1588377600,3046702215.5107503,3243807675.649075,3000111184.0192685,3183610384.0549097,4451016017.24676
1588464000,3183538283.7552576,3300281320.456103,3012863855.6569633,3116133432.3866005,4674090420.30884
1588550400,3117601667.7907147,3136879552.09094,2896644935.2740245,3040580640.8226247,4656384244.19168
1588636800,3040848232.480777,3143377127.185655,2917931249.23978,3014122617.362364,4184675914.6269
1588723200,3017928682.430814,3175776635.2592397,2826473911.32254,2910452432.974152,4578282990.07605
1588809600,2911380539.270916,3235800463.9730487,2732846945.8669577,3067147210.5533423,5139638587.27785
1588896000,3070609152.2969427,3192789469.3406353,2963593189.151087,3085132893.7509136,4807275976.63914
1588982400,3087279819.398915,3231273520.3894677,2984395006.0850983,3040488647.196339,4745532055.57427
1589068800,3035923578.4041295,3064707244.348813,2494254598.361521,2722913130.4839115,5753930771.04602
1589155200,2726804462.9120784,2892052805.3461347,2465325893.8159776,2687426758.5295444,5122250173.41971
1589241600,2688409377.259645,2831131810.192365,2609278315.159492,2735210185.862941,4744551517.53624
1589328000,2732878601.5192347,2919307812.900417,2627565161.9984426,2798162251.3954587,4564899822.74943
1589414400,2802179467.9853477,2988999847.714745,2673645635.497205,2847641081.200582,5032497699.74481
1589500800,2852737028.68799,2943782049.1817145,2640935376.4752026,2763494199.0073137,4334215669.28287
1589587200,2762982658.9167986,2877911179.274089,2722140628.1909256,2802415606.6178226,3898763716.97727
1589673600,2799998646.8525915,2982582140.6431513,2712222675.9286966,2826502935.5462017,3893422671.41308
1589760000,2825791233.907435,3039872179.599385,2729183452.5081525,2932014662.374364,4476460888.56036
1589846400,2935363927.8584723,3005783671.399735,2823635156.2566943,2964166275.7043123,3597324570.57254
1589932800,2961646189.88302,3009533299.9857183,2710791321.8653226,2866285763.5599203,3451124850.23205
1590019200,2863353819.266607,2943896371.22764,2635412715.8600907,2766265976.3699784,3145172352.00897
1590105600,2765955974.921111,2918585935.9791927,2718833361.237248,2867184167.8521857,2906532351.4434
1590192000,2866355118.1808214,2924687280.6022205,2804394707.147203,2841981442.8278685,2579816725.98996
1590278400,2842468471.330378,2934867291.899415,2674106679.923676,2728444975.404512,2649133412.53718
1590364800,2725498980.298714,2861907705.701925,2688123306.4009266,2787182744.1192317,2705570256.12812
1590451200,2786842687.3904023,2826149884.5905147,2678418533.9961586,2739831515.9708347,2579453242.61684
1590537600,2738462558.452242,2880450034.3532257,2703931219.782966,2845485300.863183,2745161487.46709
1590624000,2845247778.280157,2979700367.9607925,2742804573.8425517,2902861822.1650543,2743376579.54389
1590710400,2904452454.8036504,2966060095.7530565,2822773189.589199,2882082377.766502,2637897148.62087
1590796800,2885943824.7785025,3152672812.2350535,2851625535.5357723,3098991655.8663125,2848121146.34184
1590883200,3099349467.860408,3125392080.3301897,2918211888.6862016,2956626623.886062,2633705773.51641
1590969600,2957098516.1277256,3335069426.966648,2849348852.6400447,3131874343.0143695,3029032652.6615
1591056000,3129568863.8087864,3315170386.879284,2786012411.9603686,2985912727.677494,3077648086.56328
1591142400,2985850449.2997413,3122037287.725369,2925039953.3547935,3060633251.489966,2681949629.11387
1591228800,3060644760.307271,3189958573.7926455,2930843788.9446607,3079543490.8444605,2701801983.51649
1591315200,3078264044.43114,3123795089.8566265,2993522234.971646,3036983992.588323,2553286988.76043
1591401600,3036140018.078444,3088638863.564929,2982866193.6835356,3038654630.0501328,2160626078.71515
1591488000,3038135030.9130287,3092945831.3540416,2900288508.9309893,3027500608.0393543,2381264763.07465
1591574400,3029999034.4609885,3064160696.1240897,2967669852.0817785,3014576410.491487,2358101286.40613
1591660800,3016677777.4374466,3084250140.7925973,2901092769.9033327,2980016749.8329744,2141417354.4433
1591747200,2982621539.2896996,3101875287.808153,2914111743.711325,3030909526.7519927,2147806499.66197
1591833600,3031097554.677078,3082352971.248989,2709378975.8770194,2801386287.0154767,2413024720.32938
1591920000,2802791387.2781515,2967784825.7974424,2772736932.229841,2902360373.6445537,2257945891.60292
1592006400,2905392853.745262,2946085171.248812,2858785197.281434,2928625876.5666213,1744230789.13519
1592092800,2930030564.5027876,2932081751.5591855,2815043135.747595,2857327395.508294,1783101852.63568
1592179200,2857654027.9619555,2913849706.4304147,2669295498.6531515,2845120847.8376794,2094158038.98963
1592265600,2845509676.1376734,2898397653.1794343,2784626936.079573,2852455896.4709578,1842223675.93281
1592352000,2852848598.6342607,2943159367.3206873,2759959631.251667,2861603100.119128,1993323010.03262
1592438400,2862123842.722335,2881999772.7051134,2766183103.246734,2818118755.865581,1580422293.63651
1592524800,2812345584.286953,2847238585.246462,2744112001.935981,2778522575.110057,1699240024.79368
1592611200,2774482066.1736617,2847077043.9214096,2718531560.78801,2825092052.2249117,1511692020.04767
1592697600,2825553609.6993394,2854450214.654795,2772397388.453637,2786677560.243063,1362013222.11398
1592784000,2787856886.7957587,2959633982.7224193,2743772408.8584285,2874453203.863142,1659324009.32931
1592870400,2874430260.7462325,2909396545.8744173,2833430566.1490517,2866249508.262325,1364757080.28642
1592956800,2865061447.4228115,2900197910.449871,2711347661.8066354,2762600711.249685,1492117129.6697
1593043200,2762948866.1501584,2815130982.7710614,2656410599.5740294,2746020692.3967757,1317506582.28566
1593129600,2746461596.704501,2851671654.0555096,2661356088.359412,2794678249.604609,1713726224.65104
1593216000,2796132071.5732484,2810924980.249345,2532217254.0347195,2664147880.7202435,1453450621.70343
1593302400,2664187837.721503,2739904997.2503138,2619311684.641654,2684787695.8327255,1335777987.25311
1593388800,2686538334.3239603,2756546144.701518,2621988308.7698965,2718519599.1199317,1666999618.5338
1593475200,2719139587.5362916,2731677191.2550745,2633064883.894809,2672651909.346926,1394335572.6392
1593561600,2674685100.6818485,2745985612.4927497,2654407342.000359,2712524442.283454,1219504315.23141
1593648000,2712128088.3828497,2728583875.487868,2606026354.761116,2666253174.569197,1339309775.41233
1593734400,2666772055.0137076,2715697529.9548697,2641400388.13333,2672510912.5030966,1123821571.15181
1593820800,2670102848.4513907,2760405054.4212947,2666588962.8227344,2735433869.115912,1170250337.22254
1593907200,2737437002.712134,2744939747.3578467,2633448227.633655,2703130044.890558,1163879510.87026
1593993600,2702341175.147484,2881566416.650676,2695609351.6903653,2864421118.873708,1736350566.8118
1594080000,2864323559.8734837,2894544127.1739016,2788161613.513348,2819980177.761385,1369527190.9504
1594166400,2820896995.2507687,3006320924.0025854,2799078583.378371,2948100741.793851,2153075887.80783
1594252800,2950458898.615298,2990024831.9391794,2818657311.017898,2883416298.3500514,1986089305.66892
1594339200,2883715927.9655366,2939024360.779278,2801652248.893553,2878381365.4449906,1839761151.16283
1594425600,2880431392.000092,2931938230.1770177,2844228422.792264,2906132666.432745,1759672277.39518
1594512000,2905181269.331134,2962829256.579614,2830430750.046441,2908503258.9005995,1595495582.28695
1594598400,2909663279.8354344,2979452125.606777,2762122827.5034604,2853577898.6278443,1721586483.56152
1594684800,2853035791.822385,2874471993.506669,2763305623.5630054,2852395329.666977,1888834724.80136
1594771200,2854768140.120045,2867170466.7185016,2778963240.0256777,2815803768.893523,1810137454.37587
1594857600,2815807503.9795327,2826324434.8615837,2643288990.049663,2737998921.1662984,1544305956.00954
1594944000,2737573233.4757075,2764459432.816769,2697479083.212319,2726314908.023465,1337300219.0476
1595030400,2725424099.2018924,2800275574.1577177,2712398833.8943315,2765087412.171336,1139869947.76993
1595116800,2764859376.190522,2797275669.94187,2719061759.514044,2775195032.9387894,1139896402.03435
1595203200,2775873484.6178136,2790768068.6799154,2684940049.3987026,2730779809.571745,1155258269.43312
1595289600,2730296299.445196,2897653020.997502,2723879423.710012,2850024341.9947877,1379324068.52335
1595376000,2851771409.3697314,2954723321.6513276,2799898989.324126,2933210075.111775,1380846143.14299
1595462400,2931595675.0306334,3022709561.470993,2873821765.0633993,2929883379.9071074,1772443812.04341
1595548800,2928861537.414125,2949788948.0701733,2851521169.567605,2875525527.5705447,1621300215.21543
1595635200,2876754820.881513,3238067115.297501,2866183213.4715095,3204274100.4331746,2433071768.7627
1595721600,3203855472.875183,3458332010.919163,3013269501.528993,3134754399.8875327,2589971823.77528
1595808000,3134038179.0682936,3764370119.1326814,2881326793.570328,3475183576.982112,3401694136.62925
1595894400,3475483237.8442197,3852484920.887438,3302742192.197227,3641024441.5414457,3400854739.93936
1595980800,3638574740.611699,3812357516.223412,3482459006.5180993,3596214210.118388,3400854739.93936
1596067200,3594220479.5270705,3876432962.674033,3471999327.917964,3698555801.012456,3400854739.93936
1596153600,3698853328.925923,3917379063.3779426,3611783005.049843,3792547872.054318,3400854739.93936
1596240000,3792961966.183562,4107707774.3396225,3680823448.393646,4021063301.1118884,3400854739.93936
1596326400,4017136676.480415,4288970670.2340007,3346861756.6139493,3697346295.953673,3400854739.93936
1596412800,3698434962.7773294,3915946536.767549,3615528125.515315,3813823437.521647,3400854739.93936
1596499200,3815286915.433206,3891761436.980401,3647889219.1150455,3753708982.665479,3400854739.93936
1596585600,3754064485.007388,3988353690.8335986,3593660245.8676147,3837590025.286371,3400854739.93936
1596672000,3840642980.9338465,3974596966.6852913,3734459548.711833,3847800117.6682343,3400854739.93936
1596758400,3847858962.1298847,4005487020.378236,3494490793.4486513,3725239382.8502975,3400854739.93936
1596844800,3725528388.8666286,3825738514.3162594,3668495611.8246145,3811682759.884265,3400854739.93936
1596931200,3808779551.5394406,3827222006.247737,3636507270.147362,3710544284.905408,3400854739.93936
1597017600,3710281991.383238,3923943548.598724,3610616326.985039,3798044882.5327964,3400854739.93936
1597104000,3797669282.163271,3908111757.476063,3410958683.637473,3524834871.346719,3400854739.93936
1597190400,3522193666.7300696,3617923368.6179137,3353916154.539092,3553416286.709818,3400854739.93936
1597276800,3550384020.3999543,3753637805.352847,3369000218.5433145,3724817367.9022512,3400854739.93936
1597363200,3725404050.9619937,3783607452.4769306,3627847009.729162,3703679895.460396,3400854739.93936
1597449600,3701994112.993157,3998314160.52873,3627413294.9183664,3897801525.313801,3400854739.93936
1597536000,3899906276.3104095,4220081063.0368047,3770076311.789399,4162530443.6614876,3400854739.93936
1597622400,4162736153.1151724,4542212590.918688,3951733373.1032453,4382514567.372748,3400854739.93936
1597708800,4383544415.783654,4548633603.365239,4051425946.0135655,4265149844.7553225,3400854739.93936
1597795200,4260704359.278614,4373342888.279608,3823778448.670105,4044311542.497123,3400854739.93936
1597881600,4047436109.1713896,4171843772.7571883,3965834907.8230824,4090919780.903041,3400854739.93936
1597968000,4087847836.2598014,4167258990.144674,3824324119.041648,3850237602.9670415,3400854739.93936
1598054400,3852679032.069078,3952397007.8651896,3751559492.685743,3922985932.4808393,3400854739.93936
1598140800,3926506220.3450346,4017499726.490656,3776588212.098834,3942535647.0652986,3400854739.93936
1598227200,3945599710.614306,4122507952.238506,3900921863.600623,4045007484.405398,3400854739.93936
1598313600,4040321691.328053,4060857167.2139754,3641594198.026961,3802425926.9420166,3400854739.93936
1598400000,3801560646.3545494,3877327677.21433,3697605749.494687,3786816351.1575584,3400854739.93936
1598486400,3784706566.21132,3869469657.0956273,3499269680.0793586,3653021328.809045,3400854739.93936
1598572800,3667337305.3910284,3824935003.5615315,3610706959.2918973,3753057398.3239937,2207030708.40615
1598659200,3753402501.728399,3824508252.863796,3704018333.945871,3723352713.653069,1998059027.46339
1598745600,3723753710.287443,4113801587.780177,3717258124.583865,4109146340.769035,2759146689.31739
1598832000,4110775062.6796603,4181982946.219173,3924079174.5386534,3983741707.5649414,2562501066.5823
1598918400,3986149756.416249,4224004470.935917,3892686395.0147696,4098742547.414984,2697947558.07543
1599004800,4096912305.2663107,4156497658.3458304,3659229470.9328923,3798588103.4353127,2808556148.89825
1599091200,3796431650.061731,3845594788.5535035,2949514680.004392,3097327643.9391193,2718815599.75571
1599177600,3097019837.52166,3466068909.0512934,2956030958.8042645,3294000580.845723,2884452645.27419
1599264000,3296257780.8707724,3373042055.1833963,2959044351.7961874,3128130196.3821163,2833227314.46631
1599350400,3127289523.8926697,3239946431.2503986,3019487169.072803,3135621629.6784525,2072589427.69327
1599436800,3134767044.5616417,3254344876.2423263,2951273751.156663,3194119335.408532,2238180614.62064
1599523200,3195307614.3419056,3262921419.466013,2971223221.6579676,3103995679.350487,2304816585.92852
1599609600,3104327778.5963173,3204516090.9008102,3043010434.0713086,3132380170.7906713,1832953092.07903
1599696000,3130009676.6251187,3332026272.88953,3118771700.9559054,3185957002.2754874,1998884239.78515
1599782400,3184605738.850774,3309101819.9309173,3099169986.882432,3205274970.8328304,1835304678.89959
1599868800,3207894822.644538,3361458620.472613,3159784092.5782547,3325002521.2530637,1585325840.32088
1599955200,3327711433.7218556,3374782220.5951357,3088828219.723825,3153487883.616314,1788665493.71282
1600041600,3155070672.511194,3285136064.048236,3052858100.7315626,3212985764.484055,1786372488.1194
1600128000,3212904082.4906707,3338896369.748983,3105158314.311,3162037725.6396813,1666672589.87327
1600214400,3162015832.267597,3255823055.5481987,3038926100.584174,3124799965.0791264,1668340548.38277
1600300800,3124757086.839476,3268031111.235884,3063865321.1702943,3199364088.55812,1706556663.44758
1600387200,3200989751.127013,3238254918.5865984,3108907200.0980296,3176223730.987855,1135043333.88861
1600473600,3178560079.1332183,3251237812.3692765,3114849635.0754795,3176226152.2405934,960534309.605764
1600560000,3174743936.2776465,3196749794.0531163,2982272990.2107363,3085268293.856844,1029144881.31947
1600646400,3085033883.4985356,3127958319.759486,2723056905.3350577,2825642278.4394326,1927916069.72958
1600732800,2827988106.2632008,2939810621.41164,2797337863.1040397,2913855539.3233037,1074856017.57843
1600819200,2913859025.959711,2965164418.5357347,2766751501.043941,2814836950.28662,1330310078.68315
1600905600,2816110846.922535,3019318490.1855555,2786733205.889342,2945771331.1027694,1130783738.46317
1600992000,2945276412.958059,3093687467.1182065,2866091424.190441,3016002764.286063,1159849301.66799
1601078400,3017598148.683708,3077203991.226712,2954928849.5312147,3015479592.212005,994604884.497295
1601164800,3017091070.250985,3066810202.0929003,2921485926.9018536,3020427413.5911517,994529684.454634
1601251200,3022712372.460725,3097662759.5488777,2930070093.050608,2962994007.2694707,1153999983.90202
1601337600,2961070970.258777,3046872165.264749,2931927567.961,2996226788.247319,991597676.67388
1601424000,2994689345.615396,3079984928.2513757,2938273902.7990294,3033456653.0063577,1102566212.93664
1601510400,3034492561.7272844,3202042621.752401,2929523239.1524234,3034571415.619287,1539034919.50997
1601596800,3029353434.2361255,3083922564.114159,2834012557.336079,2947190757.052379,2195148398.183952
1601683200,2946230775.361612,3026714206.768208,2922832869.232873,2988994012.2647543,1736137560.3330386
1601769600,2986338880.4742336,3090386755.531242,2965259281.580051,3064852270.359027,2023991458.9208968
1601856000,3063469875.999617,3108544504.0948925,2969591823.1286073,3040986201.681686,2351097344.8051
1601942400,3043373863.4880724,3182841789.268456,2954866356.259947,3016669201.896754,3014332738.017563
1602028800,3019340994.9973145,3082850762.9589477,2955343672.042332,3056575172.1033826,2157770838.300508
1602115200,3056058620.828066,3144995925.489184,2972727602.8718224,3099304724.9365697,2360871097.3884997
1602201600,3098045737.8664246,3170574270.415969,3048912239.374644,3134930947.528097,2274880697.151864
1602288000,3137671846.4823737,3344246971.222305,3093152328.999248,3209674743.912598,2776295613.7714276
1602374400,3210732075.6824274,3376337770.1140356,3192913189.4475513,3314793120.207055,2593612587.3561063
1602460800,3315141021.699956,3445273490.888576,3200630366.376607,3321903233.4821253,2656281118.244628
1602547200,3321781508.5128107,3341220069.800866,3206515326.010424,3279187685.3382163,2181156098.2722335
1602633600,3283070801.448416,3375208799.686373,3216966753.031504,3273783622.7875247,2207643902.8092694
1602720000,3274618370.969464,3366583808.746535,3166021934.663223,3256133934.850941,2342155226.720733
1602806400,3252906175.6691246,3280743156.75587,2989693189.971494,3127077759.1110067,2332513634.9617386
1602892800,3130154398.412885,3154746612.2273173,3038893801.827763,3083527702.1328745,2125111262.9342685
1602979200,3083190432.693533,3162990626.9827905,3075090792.3522415,3127942471.330303,2648728086.9036946
1603065600,3127900082.9516244,3216738371.21307,3058665940.673195,3156708218.7090507,1772685352.525507
1603152000,3155736234.085552,3264180193.240984,2989423821.3607697,3082468294.0134287,1754954093.3625417
1603238400,3084237984.66374,3690241036.9942584,3053464739.3454404,3487248072.313063,3524959433.840828
1603324800,3487237176.9355445,3823393080.9331203,3455667820.5762,3575684334.2935524,3784441298.307678
1603411200,3577490648.2293167,3759477067.4098253,3459124664.4522786,3646822279.197131,3523997297.4039683
1603497600,3646772389.6028447,3963918377.8045235,3600588215.7518234,3897537578.8088365,3878763515.1826353
1603584000,3892228341.443652,4060819019.8371215,3703073671.416926,3870504155.639789,3727254361.768843
1603670400,3871451189.6742277,3950884302.52594,3596314943.7001977,3738153603.8383574,3716599626.502084
1603756800,3738850528.8219075,4029134855.4645596,3602619170.2071447,3810502931.097241,3440347221.9549007
1603843200,3809236169.9430327,4020916120.59396,3531061634.6351376,3668189304.7907596,3780229124.192822
1603929600,3670573534.1032863,3822505989.7871914,3452237531.1498475,3613107367.9130454,3029079682.1919093
1604016000,3608420417.649272,3714933928.4550753,3416272105.2628503,3553883244.7333574,2574085283.164454
1604102400,3556117913.4516788,3772148862.4233837,3496908640.213774,3672562774.7509885,2658335599.573642
1604188800,3668506208.46136,3718268749.1599574,3546167971.5633755,3657647629.3946137,2031737003.2638671
1604275200,3659875541.0728283,3743215308.054585,3433974401.072852,3541998468.1363883,3026944638.616779
1604361600,3546349223.1307206,3706952121.814913,3347033916.9050946,3555407725.86282,2585427297.8565497
1604448000,3554915231.7977014,3668200469.9422994,3334995895.301484,3601819385.4420247,3047738551.5896087
1604534400,3606092224.2053957,4109341716.144872,3462449525.031006,3883386825.613952,3240452382.0144014
1604620800,3884647894.8772516,4283449121.4860606,3784195265.6650925,4163428426.6066675,4067806534.1461153
1604707200,4167330798.550676,4314912813.299751,3690976224.0697103,3884071343.8671,4326189592.408324
1604793600,3880046025.1771564,4153335689.9371667,3790297838.7979674,4019035090.255145,2570979536.2517266
1604880000,4017300341.71301,4139339417.8516865,3739665335.712362,3900972658.569545,2783895281.6374607
1604966400,3905775970.7730055,3956044594.839633,3753949078.9835224,3818039329.184406,2270728230.3220453
1605052800,3822802176.3939643,4105301373.8707504,3711046832.871124,3907438497.96704,2578038488.6204534
1605139200,3906397363.793411,4076895238.7405915,3704579070.9460063,3999340138.193499,2481062911.154844
1605225600,4001759291.6094923,4462398485.604349,3887158932.2103252,4348378844.089521,3814107571.2484355
1605312000,4349914278.746063,4373276964.339772,4058522860.3654833,4209507272.2338414,2874799344.7540593
1605398400,4210619197.8693476,4267042864.4361506,4021249949.469998,4109400429.161888,2609963272.6958485
1605484800,4109847142.203464,4955365167.422526,4079939208.1808724,4871247557.3839855,5343673951.354181
1605571200,4871609015.45135,5326118564.490519,4493664519.308055,5036058853.916684,5802713881.938943
1605657600,5035785567.296688,5306614752.136421,4392907875.827985,4842721428.033177,6075468180.39793
1605744000,4842849374.885818,5563624867.851244,4666479215.9554825,5382811327.610783,6603919179.316035
1605830400,5377743861.47177,5825444203.780173,5082578013.687854,5446643518.744006,6274882814.686821
1605916800,5451473999.284511,5869392258.406613,5240117747.322658,5749484194.55777,6524894917.792718
1606003200,5749431221.564115,5816188986.31609,5110032140.149768,5471633474.016656,6299979757.105123
1606089600,5469099091.68474,6043506344.191267,5318769562.279343,5877511934.227135,7112176528.565667
1606176000,5878135164.817462,6489839465.844023,5395080522.399631,5888011618.595413,7787852398.343172
1606262400,5894306623.264541,6077215142.369788,5124790408.6794195,5397485289.785362,6041785888.106477
1606348800,5392840665.089532,5570500445.779509,4225270067.405813,4684627559.590248,8988127922.406563
1606435200,4688490826.908189,4870511380.785913,4296466038.896942,4567006397.342365,5889207278.850483
1606521600,4569074673.070185,4963289460.447811,4457468731.125235,4801128038.832757,4793911060.3726225
1606608000,4799292584.511083,5370147746.83927,4714419788.18785,5205574581.896951,5286933413.655172
1606694400,5207499328.431152,5948129970.666969,4985367122.814422,5785940737.064009,6804636709.573658
1606780800,5784999691.880727,6339574399.031749,5117112110.017694,5617868180.98965,9790037429.697575
1606867200,5617817403.976937,6018058315.938106,5417412263.857116,5877836177.435875,7751773438.067414
1606953600,5872715967.022974,6066447216.398534,5638430716.514208,5883423819.410779,6017950980.5617485
1607040000,5881537200.385021,5937535196.856717,5133953146.886152,5256480282.701993,5406491601.270984
1607126400,5249167764.058555,5573304219.335466,5173948495.971855,5494506770.320768,4516433892.709329
1607212800,5492591789.336666,5663481252.847669,5298125895.32834,5525763033.792825,3467789241.3443336
1607299200,5523836158.944093,5796108586.063828,5344575054.254539,5507847733.262506,4312632509.126694
1607385600,5511183604.428592,5629047360.798738,4926753935.376486,5067425164.492195,4230353256.5874476
1607472000,5064184133.28871,5201107801.85897,4755108296.168412,5117324231.648358,4254552979.439068
1607558400,5113837839.947686,5132895087.969468,4802954507.232546,4934544914.197685,3061970184.142298
1607644800,4936278206.982168,4960424677.386923,4582688164.69145,4773328432.574319,3763340469.03013
1607731200,4766728153.976111,5169138730.807736,4757288648.881788,5068575921.410729,2993833445.825779
1607817600,5065552992.769712,5583931140.506606,4953402528.998074,5431029102.581546,3852640830.236422
1607904000,5428669198.329372,5494194391.928623,5205392818.72454,5443014156.829769,3434086410.856022
1607990400,5446148872.120997,5624791072.064128,5264404441.647848,5378469376.038744,3741454156.7049103
1608076800,5378978905.781235,6242882610.202781,5169894910.230943,6154981375.230168,6067788241.473168
1608163200,6152330446.800886,7340842896.933713,5613623093.235372,6681619244.467429,11162796667.285183
1608249600,6686873961.670514,7528262001.974189,6490377756.175701,7238544219.439328,10031074156.035572
1608336000,7239632306.672585,8287036359.775312,6910726206.499297,7931891552.133894,9872312687.616966
1608422400,7934175494.561201,8399149415.921477,7235734965.025187,7580817430.133207,8613012091.874533
1608508800,7583136360.050496,7891432588.146197,6520522769.532679,6909925070.401068,9886723129.178709
1608595200,6919165534.547262,7615947574.646086,6501224988.334537,7570789143.360095,11213923129.167614
1608681600,7564992820.071229,7801479498.124285,6278716132.027537,6782200117.60517,12375270785.411709
1608768000,6770370041.170246,7432042166.741519,6485038230.210864,7354300626.261853,10108359449.053804
1608854400,7361713311.284708,8525278872.107939,7136014920.253432,8451515025.581426,11649898161.372957
1608940800,8455477223.35918,9505955710.818521,7894369077.816105,8571586865.111147,12691315940.682076
1609027200,8574655595.506466,9548557624.943335,7705698465.946323,8453431503.997159,14179679846.18291
1609113600,8450669846.852755,9319776347.336645,8166795161.002056,8581427116.09791,10299981513.90105
1609200000,8584162652.395512,8795465906.522686,7770333142.750049,8521098435.48662,9119934298.96984
1609286400,8521989829.17337,9242072549.971672,7977100493.053488,8610134190.68894,8082539654.1981945
1609372800,8620367345.432287,8743674263.014107,7865326797.729966,8243105184.080488,6276966656.230832
1609459200,8247863706.865088,8985938834.424122,8097965895.449759,8378061101.268597,7327932607.921527
1609545600,8381304695.644463,9633698107.558815,7699404019.4186325,9078460622.022747,10502213423.92005
1609632000,9079471100.886538,11351884750.199968,8522839208.059133,10708942422.368624,15419428083.69124
1609718400,10696452407.932814,11733904031.156277,8634646821.319897,10293266478.943012,13744352595.666653
1609804800,10309360785.523207,11415941720.616854,9031247073.695057,10528305056.804552,10197977634.267792
1609891200,10543612189.938818,11931106374.671051,10069427637.549873,11219511820.179918,10994409643.01168
1609977600,11227433995.83505,12472424423.726448,10290355139.667265,11241719359.208479,13048913613.869026
1610064000,11246982618.598553,12339571248.345741,9890010593.55263,11430706412.108152,14611403690.833878
1610150400,11432421505.193773,12227607086.375393,10666183897.029503,11792886006.487871,11098784021.593716
1610236800,11790220345.093998,12669494299.2296,9763210840.718412,11273579115.301474,12821301854.631329
1610323200,11273493763.122442,11494635131.93024,7343096157.06302,9211902631.190737,17922615337.653027
1610409600,9210377515.300795,9898074422.212543,8264494209.10204,8833800705.79654,11916316475.952015
1610496000,8836055376.727064,10113996718.119867,8251478599.335541,9767421577.144445,8388337720.035219
1610582400,9779910204.794222,10562898643.880987,9264768513.456392,10100336849.10227,8218003725.022368
1610668800,10104921764.540169,10537923372.631021,8637195161.20102,9526631916.268856,8420148468.437092
1610755200,9533390836.273256,10217841056.42276,9083389243.062143,9517708269.275005,7201924380.26868
1610841600,9519973054.852419,10019072539.587059,8847254232.512218,9463871746.14753,6118464545.104684
1610928000,9469155610.723137,10409808639.907366,8947582866.07432,10078738424.338469,6610467775.217407
1611014400,10088386435.427412,11224746547.223593,9781556115.084703,10077839775.60678,9340977203.42842
1611100800,10068263289.612164,10401960253.910374,9068963883.783777,9934965598.512762,9068529869.352085
1611187200,9946107478.695019,10074688072.528381,8134705960.4209175,8599798833.142855,8730163689.487259
1611273600,8600628436.889925,10023835203.891497,7896108164.325055,9143933624.731688,8566464401.998429
1611360000,9139730066.614647,9687759625.14237,8677509828.560192,9143290621.97138,5393420720.211128
1611446400,9138879900.208353,9656366005.765688,8769791116.591663,9368781860.459177,4942069208.708292
1611532800,9369441851.522425,10417594010.799448,8824955168.70023,9095914276.690817,6365406018.804782
1611619200,9099829903.041937,9377294196.959137,8444357945.078691,8947603994.54019,5905520099.193812
1611705600,8952563428.905724,9022713173.793732,7728562624.416209,8145113564.021961,6251243498.695702
1611792000,8146667200.265248,9376546623.725662,7910217616.665349,8876398099.240568,5846812953.327393
1611878400,8880526854.292263,10625783975.204706,7920402458.63571,8934551147.041718,8843697271.879797
1611964800,8946531993.456936,9194541918.67891,8285019928.974266,8865791406.497677,6333117166.365114
1612051200,8863197747.59392,9029961313.082561,8175671137.695845,8601166217.212553,4546167137.019688
1612137600,8596327880.819561,9200637693.095816,8181970736.12174,8770570803.638998,5604710477.250575
1612224000,8757747685.988348,10028928458.435852,8713984011.491917,9435792542.36699,7538604242.25818
1612310400,9437038370.777977,10720627368.466759,9404258694.008179,10378481088.861168,8595705147.326597
1612396800,10374046969.72099,10744330473.141396,9378299230.808357,9649108441.617346,7830222842.848491
1612483200,9647001257.317581,10630009533.613844,9476153861.94957,10305938408.157692,7335973987.235132
1612569600,10301929489.170813,11337227718.054068,9856370280.805527,10354430767.074152,8334202137.955928
1612656000,10358893952.969439,10575936170.489527,9629200637.999247,10032207290.189371,6901348341.550565
1612742400,10036409734.449266,12141866342.788055,9101757428.976147,11130529570.881773,8779114397.688307
1612828800,11135629056.239025,12719996343.901768,10591697316.113237,12086312610.082094,9932045870.642931
1612915200,12081558785.338577,13157570819.760315,11033186549.620296,12084849875.787868,12930113766.99506
1613001600,12086095484.377506,13432098718.86906,11193596786.135946,12204699758.67952,9250435938.934101
1613088000,12225399041.201216,13751760827.751062,11554911857.286367,13096771506.971998,10925200866.614841
1613174400,13115541612.620628,15707812687.656433,12654160796.778769,15039448455.495087,16520901568.609516
1613260800,15044438567.282988,15981641793.104937,13544818773.682007,14216572678.505114,12939450457.87282
1613347200,14209001114.777401,14797309918.325928,12374118041.087713,13832363334.575855,13499337410.016544
1613433600,13846727718.054592,15126343851.255064,13071787492.682892,13987573450.5384,12677651566.211628
1613520000,13980603116.745993,15968168016.493998,13453636263.28535,15809543166.551609,13723893291.250574
1613606400,15804727966.266205,15986226930.801073,14600439624.649141,15082101981.627867,7894045519.15303
1613692800,15074807023.570248,17011266229.087473,14236173909.494637,15754909721.664156,7149888936.10138
1613779200,15763643592.36896,16809685116.86599,14190961920.079546,15105383220.827885,8106960757.082885
1613865600,15096571289.647392,16006119911.51243,14454066963.832117,15138789113.43099,6949935925.765215
1613952000,15134688959.396736,15254923278.829988,11511145132.696602,13862600282.954044,9489447240.253832
1614038400,13864100461.532375,13898821953.173676,10360843575.258474,11808715873.727798,10881518567.78251
1614124800,11812955071.882341,12783900849.270712,11138060916.167685,12092010841.262743,7289981782.517692
1614211200,12081748841.426481,13889996574.136456,11090325290.051224,11932267717.210684,7322088818.17157
1614297600,11932088798.797071,12388627666.922962,10657547735.176311,11333742703.622766,7913649293.667159
1614384000,11334196325.450457,12252099886.68452,10998460296.856981,11432178057.264553,4948385760.739861
1614470400,11441437200.313965,11572932395.024628,10080454475.1296,11022239548.112095,5958118358.135671
1614556800,11031495449.983894,12148638730.065748,10538090201.719929,11719382891.333147,4736101427.252995
1614643200,11723660582.081047,12630099215.076578,11047210539.679142,11939161394.306849,5153139484.071212
1614729600,11921097992.246128,13827912890.765152,11707215925.143358,12506316084.06217,6393282055.6996565
1614816000,12503309059.152912,13109542838.756533,11719883215.794025,12028815141.87891,5496961796.918799
1614902400,12025022586.907804,12329456525.836716,11173783456.13766,11997694588.879505,4536663872.798859
1614988800,12011064922.181538,12404198592.78765,11559808324.412954,12186399459.606604,3810430614.8773894
1615075200,12198197904.925797,12901062406.811754,11901555465.22824,12705284520.580837,3532049111.800917
1615161600,12699645242.671043,13235007648.883911,11848412175.959194,12794888629.68112,4490911951.287355
1615248000,12796275949.906227,13775331792.76005,12504922832.207413,13593421841.831993,5425092483.165648
1615334400,13594416614.095432,14260677710.370909,12452238464.302073,13343220034.108988,6261619366.384707
1615420800,13357659845.168377,13927123190.816307,12526178423.31009,13411739722.433443,4813331341.011152
1615507200,13430585593.549862,15211638757.742065,12753606794.63848,14724018270.30704,8071430730.346907
1615593600,14732384422.145441,15963584912.568092,13716880689.446331,15062346339.161064,6362478475.456795
1615680000,15062967297.909237,15245195675.27825,14171156127.937187,14271353764.267801,4568511140.062919
1615766400,14266440418.136684,14901182674.362179,12873960851.742352,13383266330.653296,6233167117.846523
1615852800,13370610604.367132,14017737053.98916,12517975446.858784,13445969419.125631,5134453228.100323
1615939200,13448308282.208479,14457180336.120785,12540428394.197138,13729909325.943605,4358657540.012703
1616025600,13740128725.802225,14158954852.768896,13029474624.19865,13315998583.222939,3722633555.3085732
1616112000,13321249182.126104,13936108576.067457,12787290229.717987,13345641353.084103,2806634292.943378
1616198400,13337392756.85905,13952255145.041325,13199441544.74876,13354563251.70332,2514892493.009216
1616284800,13341065633.417034,13590876234.511541,12587108866.553614,13033027039.357065,2760372832.101967
1616371200,13041030429.567078,13572330869.563023,12047486529.189732,12383423416.156017,3123944722.0945287
1616457600,12399071432.182001,12997277904.656996,11559052069.452509,12396911746.497665,3045433015.323093
1616544000,12401395305.340487,13558638412.494432,11356760082.369595,11740174589.415745,4056017171.015304
1616630400,11743621520.758337,12037055569.27045,11090147276.983212,11453606843.56704,3432981670.1466093
1616716800,11447257164.778023,12601902079.644094,11286767698.820787,12252369365.556839,3096329461.6359773
1616803200,12253565742.851406,12629512853.087917,11760279731.189093,12288055126.641726,2413361612.1101694
1616889600,12284543731.058804,12560263216.797832,11953277784.919773,12297237796.750978,2196498990.741458
1616976000,12297096730.208431,13734485622.389252,12062551580.267317,12922862670.212633,3352848995.697866
1617062400,12931994989.274635,13466850920.084097,12520496063.951923,13069474321.147972,3484052851.9878197
1617148800,13067143952.30322,13416055882.531292,12250718463.620562,13137147382.29426,3416582832.9360423
1617235200,13138796716.972687,13783692055.27531,12824063530.913538,13536696379.151138,3875359058.405132
1617321600,13544183457.460297,14515499357.688559,13300822444.298773,14127875728.414116,3962266910.0099006
1617408000,14119258250.032024,14650225928.126194,12972110725.899239,13031231525.10489,3992810642.339584
1617494400,13034974469.161694,13820088742.53741,12815478988.84029,13507053206.554314,2894540881.474089
1617580800,13507403573.957525,15163542563.63335,13103552371.302172,14784474959.800678,4779563283.635267
1617667200,14783118096.821304,16697931146.27003,14131432750.975916,15816766819.64298,9329148029.190798
1617753600,15830185997.455837,16463833672.731915,13941225104.128292,14613511787.741432,8730636881.221336
1617840000,14619365696.804384,15556458217.52671,14291100387.847021,15105154026.3995,4531086279.931985
1617926400,15089492691.055101,15429435537.240578,14548360682.212322,14747780965.294613,3131440617.3552604
1618012800,14760480275.723995,17548422944.024704,14486108355.020523,17123306913.304852,6522707850.451406
1618099200,17117120402.326288,17834218354.9496,16243950548.456463,16843820111.534958,6880955934.975817
1618185600,16841854319.679893,17576485346.68567,15925277134.249506,16311119330.489864,5242841506.72282
1618272000,16314527667.388525,18423147873.490986,16297035943.456758,17854891233.282555,6884042704.564309
1618358400,17866466881.627728,19493606814.782684,16690118149.964527,18613204575.77376,8200461395.345388
1618444800,18612185357.85492,19569138084.31235,17725522174.25258,19080586182.728004,6491353698.421078
1618531200,19095680754.026863,21946474911.181767,17638992977.832123,20615814262.420307,11847364775.416742
1618617600,20624012940.15887,22563717372.886475,19706680287.614826,20092603736.229183,13304207933.50531
1618704000,20098136271.132645,20440798562.62374,15368699549.219097,18295937129.624866,13187012170.493124
1618790400,18281999121.340294,19054893859.25566,16568411609.942102,17458533750.134083,9410137281.96754
1618876800,17465969241.509777,18400723200.86351,15580774525.41691,17432909993.40688,9453521545.763657
1618963200,17426001201.277527,18860527583.042892,16495954421.938175,17204225928.41328,7740919136.507318
1619049600,17213331163.350616,19550829013.77868,15828001905.179585,16867189112.547426,9830783012.231825
1619136000,16860110334.72699,17232429229.40071,13402363547.162998,16127714749.292337,9286592865.4233
1619222400,16128067704.019135,16153960361.500301,14577519326.40067,15034947799.235538,4565440239.131692
1619308800,15027129528.15424,15823811719.945526,14003304468.471315,14964090760.72845,3706494670.4507446
1619395200,14962360682.329426,16792751570.649206,14659223998.737268,16538869569.255842,4906930037.94336
1619481600,16533764024.015234,17714423620.767002,16194451629.352697,17361746797.95447,4608470965.606578
1619568000,17361902824.380634,18099320963.28086,16526605540.140484,17270339985.917274,4240453414.104961
1619654400,17276184020.796192,17804064588.12772,16276877050.538403,17060233358.692642,3557875404.4260187
1619740800,17055983682.872366,19025574144.661823,16513665765.652601,18126670308.13904,3884979717.0003753
1619827200,18138989211.07675,18867776859.880486,17637285985.755653,18492650262.528767,3614605815.043382
1619913600,18495919079.538326,18579508348.929947,17633491309.57889,17962116659.365616,3123520764.302539
1620000000,17959361712.45586,20475815592.959484,17728321790.543076,19690274009.342445,5152469898.977235
1620086400,19691732452.8086,22426318678.93115,17494610599.04287,20392048675.867756,11496630580.238762
1620172800,20390181782.554348,24426690180.982986,20057058968.480164,23794486788.81649,13211300474.952908
1620259200,23814241071.152725,24793100773.889427,21140296095.021114,23689993412.22997,10453376847.682602
1620345600,23700335278.53463,26110748767.04243,21594772074.18448,23048567512.648624,12484222247.766533
1620432000,23049103714.43494,24522994828.443924,21695077042.486225,23220734392.616188,12484222247.766533
1620518400,23218553877.434948,26479974396.547764,21635793833.82165,25931682334.981617,12484222247.766533
1620604800,25933305974.152477,27846653016.418957,22295788856.65809,23991913408.240574,12484222247.766533
1620691200,24011423180.821335,25474450466.86505,22950168058.437874,25260335442.2581,8767210392.41317
1620777600,25256730132.167812,26444457896.276844,19708327971.50604,20671056106.020073,8808904095.522627
1620864000,20667307212.32057,22703239192.302174,18423819936.800327,21219618907.369213,9934993516.439112
1620950400,21220074984.730457,23904922779.079533,20428779852.46999,21793354260.343044,6424069804.26604
1621036800,21809119834.25538,22448680262.182854,19520585061.10716,20031239661.722805,5645035952.172234
1621123200,20034484920.470226,21943166234.302933,18431570574.669006,19766294814.712963,5759619049.448738
1621209600,19765200267.695625,20481790723.40591,17366705270.437157,18800103176.101055,6442460875.870882
1621296000,18791254540.615852,22098316675.206604,18178288418.149,19632367894.144623,7532040376.750503
1621382400,19635110086.003014,20098253812.121742,9121538213.294725,12465470444.940128,11518700622.551764
1621468800,12468665691.10979,15296835861.10465,11066346997.562876,14089023412.569593,8270628337.672204
1621555200,14090609324.610819,14838937109.33235,10440690725.768007,12032446635.160122,6762857012.978636
1621641600,12025286893.00236,12667210014.297556,10601006090.68822,11310153272.692562,5196207250.291501
1621728000,11307802112.473263,11827520001.142723,7785081697.362253,9526157362.260746,6831598827.065909
1621814400,9528018390.540134,12736717565.96708,9241059629.38233,12381682994.471935,5615055162.803789
1621900800,12383257254.044802,13072303092.72368,11036403123.194933,12291146285.973059,5213137043.649911
1621987200,12291302453.747461,13904002722.207317,11978006223.55224,13296158291.8895,4519738354.622079
1622073600,13296260648.206226,14002412932.90215,11868299214.046062,12977705378.4302,4123474848.818043
1622160000,12980617054.83592,13328956857.128183,10856037022.79167,11843667431.241003,4823330916.863775
1622246400,11844343663.238634,12838272944.669556,10472156553.017452,10942233199.426395,4257123981.324139
1622332800,10954726054.817427,12106937998.862642,10335445684.285349,11393127260.88185,3017161483.8802752
1622419200,11393576335.080406,12649304636.333427,10780572327.948214,12571697145.76184,3349705102.909815
1622505600,12562050646.20131,12958636818.115488,11705934330.051023,12214758292.425274,2965645421.6725125
1622592000,12219905771.032038,12796184545.697626,11707934081.52945,12497773505.003298,2812302935.495987
1622678400,12499572762.934628,13218024934.641056,12087870265.109701,12915194939.844072,2848468407.09739
1622764800,12915987167.846167,12968869202.45005,11141943895.229515,11920213298.087381,3136281630.995173
1622851200,11922979738.427866,12655699514.139503,11114051754.11399,11557252279.551834,2613880733.947659
1622937600,11552421775.786682,12097774506.423065,11413703950.320538,11775282238.982327,2237263818.155768
1623024000,11777503598.797842,12260300979.65673,10668305220.995852,10814652857.954613,2482326981.287158
1623110400,10809963534.211115,11123691837.7662,9667437977.297958,10732409817.382088,3353231467.9708123
1623196800,10727159277.052458,12085916171.281519,9824392408.879156,11517073134.141157,3253888888.1044455
1623283200,11520673592.665962,12043115693.430962,10637896191.105167,11225589789.359325,2643495765.314335
1623369600,11236115653.187523,11819066449.168173,10409175447.161718,10868950964.929543,2522840790.16357
1623456000,10868952420.46594,11474785894.078156,9975949710.4934,10805845274.03617,2211817099.8031855
1623542400,10805895481.030344,12007692632.68923,10078718176.986603,11405192480.112888,2036861046.8577104
1623628800,11402656026.5388,12184261256.651936,10900413373.620956,12011017060.467796,2342290493.7036433
1623715200,12008220911.63147,12372980053.641064,11280064666.907633,11700519883.50646,2269675384.727355
1623801600,11695101087.374565,11918773470.033937,10812510942.523945,11120168741.117792,2214845943.021727
1623888000,11116008325.124275,11674976566.442604,10715123284.364826,11156163563.324572,2006924412.8980968
1623974400,11155350615.873657,11268031368.681215,9919579139.803082,10444313968.560696,2066262676.579266
1624060800,10441517122.662283,10852618776.330196,9984226242.574305,10184077767.9489,1714801614.7438977
1624147200,10182307583.364187,10560026007.420403,9527181902.516478,10330289844.604906,1954505950.9900856
1624233600,10340086016.429264,10425916879.127644,8207350533.340631,8307935699.241214,2930522718.5317564
1624320000,8305990324.613416,8916289124.563124,6954079050.031177,7995567214.128653,3723156801.8477817
1624406400,7987572226.710309,8988573577.51089,7722170636.483888,8618709934.435335,2629180209.6786194
1624492800,8622468248.235579,9494165929.670149,8214404324.397265,8985585291.528479,1898748420.5460615
1624579200,8987283697.074984,9512985686.547216,8003387725.087221,8351678257.756092,1914260940.5977929
1624665600,8350303692.036391,8756283421.256868,7781245040.925761,8464889253.195043,2054010397.0655115
1624752000,8460617024.237115,9146838569.259129,8088621238.785019,8850630281.311653,1801237606.2665253
1624838400,8854556697.049845,9484188804.399237,8556586003.176518,9188002248.868471,1882003643.4372947
1624924800,9194282495.089432,10038150501.31669,9105636582.10791,9628417587.551498,2174678305.2891574
1625011200,9623977247.810926,9965590512.424955,9075659136.615654,9629986320.024446,1894818508.3222969
1625097600,9637398207.078844,9668229089.533443,8825878393.891014,9155432919.932165,1683839479.6056156
1625184000,9149214125.316484,9335866490.004635,8682748857.292952,9137975804.957872,1416598807.8122833
1625270400,9141724904.421703,9510631561.686304,8884138433.227568,9360710621.752487,1234682259.863109
1625356800,9362338895.54349,9959717841.427732,9128328143.404692,9675738767.2063,1429067993.0692718
1625443200,9673178871.352402,9749593233.772728,8885376565.522934,9193187315.759848,1341357594.460176
1625529600,9197511970.562206,9657483226.601988,8966928068.770468,9275197980.33018,1499879205.87899
1625616000,9271055994.678308,9620580890.300577,9079252613.338545,9178203980.517658,1597075792.292604
1625702400,9178660544.670885,9221248651.216589,8512709853.388233,8819648616.667452,1649805650.25207
1625788800,8819421307.674164,9203362658.153637,8403026788.306908,8980114892.776306,1576756143.7573185
1625875200,8988570033.958967,9168568152.832518,8614529963.989506,8950004199.95246,1307512108.7455163
1625961600,8947419005.767864,9272396079.605173,8689173673.556936,8960404989.948462,1266107078.4271727
1626048000,8963835255.51593,9678631663.320839,8530830838.98115,8905161633.405212,1651811882.1127107
1626134400,8904537949.242054,9121951560.599745,8509554060.565647,8772799061.678764,1404400605.9730036
1626220800,8770665462.263899,8901209848.07812,8235739100.314357,8747675392.513456,1508874747.9225419
1626307200,8749761501.089897,8911992913.13147,8113513082.989312,8393362534.6066885,1506561553.7758572
1626393600,8403337121.283277,8610637162.430925,7959813710.077515,8055683730.731854,1432219620.8724766
1626480000,8056606432.002072,8289053456.763967,7823047392.28413,8009768417.170803,1380213548.4735937
1626566400,8012116109.268411,8344015732.240171,7750661932.920338,7954136165.566379,1341058677.8255627
1626652800,7953251051.245725,8065441155.44968,7420628974.801845,7550757189.683911,1254746844.894789
1626739200,7549088509.988878,7706429264.660723,6894599788.357003,7161269454.17625,1449000155.4502642
1626825600,7159858106.707981,8103916182.141577,7012665515.183071,7857552115.360977,1534025053.8659184
1626912000,7859983388.824323,8173529606.645024,7671749299.640788,8055270812.144216,1247616514.0616596
1626998400,8057210521.661474,8405029685.159103,7799738109.483618,8300925815.41963,1101572746.8647933
1627084800,8301081205.027761,8698337872.737703,8139549544.529547,8418529670.774876,1148241122.6498148
1627171200,8419126886.938153,8761751392.55749,8142081436.911149,8527910166.18564,1148635100.1918807
1627257600,8533071721.541576,9882064180.714243,8055188813.645105,8754483313.734182,1332155645.9531024
1627344000,8753268871.70385,9345835238.014408,8288362256.705552,8995675070.510464,1332155645.9531024
1627430400,8997743657.746258,9692615903.32643,8704890805.909576,9380902847.655914,1844532174.995617
1627516800,9375576693.862503,9704454220.920786,9049982263.657173,9443180124.397045,1332155645.9531024
1627603200,9443881935.919912,10133011845.593489,8817232632.010248,9719410902.591387,1608924441.9653673
1627689600,9720806837.094023,9890588432.34046,9382690958.434664,9641728369.289164,1332155645.9531024
1627776000,9648227638.85996,10161515897.248184,9126932688.851915,9370308433.103155,1505415091.883672
1627862400,9371541654.781027,9874812643.428844,9074150690.395275,9438377873.274702,1457792772.902695
1627948800,9437642087.407875,9718390415.43757,8952505276.228163,9238798904.151924,1339781887.4529595
1628035200,9238762002.472212,9721529898.203056,8968453220.961948,9515220690.509188,1387671508.6648355
1628121600,9519431682.4046,10105961295.008816,8688520593.694128,9588763594.74833,1590462822.1585095
1628208000,9583234853.00717,10571945090.24034,9180834401.505083,9874416850.82299,1832715246.454909
1628294400,9882812344.33939,10666321112.322618,9765383799.802279,10419779508.26012,2095116869.2295263
1628380800,10420239806.556078,10704394118.715458,9743726278.61788,10000193601.025427,1332155645.9531024
1628467200,9998651692.008968,11463674577.864685,9592247603.67141,11111811536.407612,1332155645.9531024
1628553600,11110474504.235544,11446466252.310036,10518255102.95763,11043136325.26735,1332155645.9531024
1628640000,11040299467.137268,11782473019.677792,10946118641.698158,11397006991.983904,1332155645.9531024
1628726400,11396957325.83654,12013973004.51257,10689910007.555061,11046349196.275286,2384534857.3185916
1628812800,11047133382.627197,12635306036.6974,10945052069.704351,12249647540.43017,2588478697.8582335
1628899200,12246459961.571516,12532783031.06967,11479524074.630352,12215392090.55889,2417100425.5944223
1628985600,12213294853.578415,12501494774.297644,11680616546.80911,12335720968.943432,2476808234.781835
1629072000,12335574715.300081,12783093347.400333,11762126206.53967,11880459528.19627,2510027513.543856
1629158400,11877159007.919016,12394234180.751692,11182560940.100264,11256221313.420967,2211341043.20119
1629244800,11249522583.752745,11681343701.72976,10857724977.693554,11127433079.794365,1939444915.639331
1629331200,11129349875.779964,11873610764.01661,10784140626.255417,11718571251.017458,1884121699.4352975
1629417600,11721920970.641716,12566071893.737404,11503372897.367817,12262764432.520075,1815253354.966941
1629504000,12263257744.354235,12472973131.701244,11641674188.272076,12002257351.265316,1739407973.0024989
1629590400,12002484515.085196,12765085525.28872,11807144831.287254,12417074312.074,2046824680.901302
1629676800,12421052410.105103,12843613534.638771,12198824936.724272,12494463752.784466,2034694252.2916331
1629763200,12486698090.71245,12651549901.612186,11464692929.34039,11586914180.263935,1963344166.2714567
1629849600,11580931061.98673,12134925117.347483,11257352738.19575,11876620834.322742,1772329966.6157165
1629936000,11873846679.10425,12067675420.14274,10965448774.306889,11201141439.567066,1971730517.2348175
1630022400,11199192059.62774,11934814081.491371,10969843308.523647,11769143101.197035,2743637850.666955
1630108800,11769373389.678368,11870700301.400042,11395491453.175035,11734248331.240116,1332155645.9531024
1630195200,11731836448.058558,12284962966.415283,11397405883.380299,11645678429.964655,2343941741.1229453
1630281600,11647586980.391975,11853000051.603148,11036622404.37597,11177383164.125017,1332155645.9531024
1630368000,11175245772.065353,11861469113.606726,11056489917.039288,11457356691.510233,2253672831.19008
1630454400,11456512462.658588,12366221328.616074,11220327195.212442,12082041979.628584,1332155645.9531024
1630540800,12081683705.953571,12755463484.354975,11842664847.360598,12241220889.964064,2649817726.629732
1630627200,12251678055.612663,14719165732.487112,11955580769.253994,14224704454.588491,1332155645.9531024
1630713600,14222346862.774052,15136480150.1907,13804562250.407953,14152777186.63491,1332155645.9531024
1630800000,14161173079.04197,15790530200.987822,13964994776.496025,15509074811.10422,1332155645.9531024
1630886400,15515996734.101027,15833079273.391617,14112789316.930407,14654832261.930346,1332155645.9531024
1630972800,14659272882.306425,14855057458.929586,10585493179.521545,11906775004.225723,4882684757.464218
1631059200,11916546801.98003,12839896625.57022,11154690026.68863,11998765210.932833,4613072452.963346
1631145600,11995032866.723969,12676267028.625694,11774550222.993176,12040367000.05428,1332155645.9531024
1631232000,12044756951.957195,12514539058.233686,11249430359.67558,11619976103.400572,2641978831.25325
1631318400,11619870533.473188,12529634231.474895,11532793862.560694,11920779428.397804,2368259123.7077246
1631404800,11921166760.443533,12552097231.218502,11604529506.347565,12225255013.642323,2525673574.3193703
1631491200,12228859447.225521,15961029250.857458,11199723850.339016,11978282930.81354,8714723924.708096
1631577600,11982272882.106401,12782713040.39976,11467609562.006828,12222431692.453136,3673583094.425152
1631664000,12219135903.086235,12928811443.13443,11860402167.43911,12628371560.426311,1332155645.9531024
1631750400,12630578378.230585,13088598392.800959,12105892518.865854,12374566082.93917,3891303266.4116497
1631836800,12372123990.30497,12754349547.402126,11722210581.962698,12011594599.354326,1332155645.9531024
1631923200,12010436006.42313,12617578869.94578,11726171153.664637,12110492392.8027,2287622391.789675
1632009600,12105371520.717299,12195426491.696573,11503835009.697477,11723482972.476011,2264430871.3564916
1632096000,11724294323.136873,11757391352.141008,10037965958.58382,10496957120.228842,3083310531.378982
1632182400,10492051771.642397,10988370385.205526,9562987198.64877,9902072386.423248,2675307984.7820945
1632268800,9907326239.72966,11037575388.824503,9692833027.990976,10776978788.308521,2469120392.5659122
1632355200,10777525980.183014,11132944564.148972,10416079811.353222,10948017142.07304,2167728562.696994
1632441600,10950297638.343775,11182859634.686804,9355346784.282717,10161550645.009365,2994487063.8251667
1632528000,10158075365.052258,10543834785.264898,9758957766.07918,10084510539.42139,2786905730.0482492
1632614400,10079986477.096376,10407936800.756504,9369717746.393578,10071599187.976946,3269286003.0933013
1632700800,10060458122.54471,10363290168.303827,9652470056.999977,9685238891.434637,2678129302.128944
1632787200,9685650602.202711,10052490763.442778,9309814657.037657,9382450037.954742,2710804667.191733
1632873600,9492980873.459532,9870038524.975447,9470801011.605654,9667647285.225052,2615346470.492477
1632960000,10197341550.535198,10402107445.12426,10065706332.58509,10235369502.387453,2490146634.855982
1633046400,11243791647.507812,11443138253.78333,11028368702.01653,11099104594.565905,3067744269.0082817
1633132800,10984709837.283274,11462029210.616018,10949706416.4298,11283829978.029732,1332155645.9531024
1633219200,11281229783.242546,11798312154.750921,10951083942.619083,11385362838.97334,1332155645.9531024
1633305600,11381478741.595848,11702710088.968834,10630906364.214693,11188987878.47404,1332155645.9531024
1633392000,11519205216.777704,12389797630.905537,11244238814.749285,11942382230.874075,2783077988.441031
1633478400,11606263776.69683,12686197314.061102,10837611656.034544,11917117006.698288,1332155645.9531024
1633564800,12267556465.309366,13056309695.88818,11697243532.126972,12274151675.820278,3633059129.1476974
1633651200,11925314761.250961,12557006525.364372,11588841350.449148,11741897099.250284,1332155645.9531024
1633737600,11746373436.064789,12363561550.623693,11503885910.288357,12012889207.69687,1332155645.9531024
1633824000,12368167813.896639,12956649955.810467,11699761438.905014,12020688738.046465,2929196563.557076
1633910400,11668512204.880096,12630572258.700724,11124601483.93295,11966256982.883024,1332155645.9531024
1633996800,12320581537.998764,12418370077.41314,10857267261.009642,11872533131.85085,3018576332.232443
1634083200,11865467320.284126,12900079682.04933,11388750575.044697,12215314086.800297,2651376222.5371823
1634169600,12217226455.470457,13131879324.173948,11907483852.962585,12468702110.948744,2674341458.1329384
1634256000,12470541507.955938,13686006174.01617,11713300897.940447,13034298917.887157,3356613038.037052
1634342400,13039867142.885996,13419180717.66535,12535528336.999268,12796010405.062857,2816514474.4896455
1634428800,12797850231.687557,13121238190.451769,12064609621.076426,12639979755.626097,2553062634.1189394
1634515200,12640347055.151373,15330011696.574932,12080523260.892574,12773028756.171524,2749814478.6648965
1634601600,12765511303.943928,13577788005.985146,12157840985.15258,12986156522.58335,2467504657.247851
1634688000,12989952205.438238,14559871733.713968,12710248856.42082,14275315437.710556,2997292290.829443
1634774400,14277973345.124306,14976041073.505663,12860451366.039124,13533479999.975658,2830714924.787263
1634860800,13542375679.521343,14037262352.523962,12805751683.529137,13138153921.505075,2248010469.7926626
1634947200,13142983747.752514,13705216625.873075,12840849849.92613,13515009334.03625,1906292441.4725213
1635033600,13517381763.414022,13806634782.405836,12668887374.815723,13113418696.697445,1952898614.6949053
1635120000,13108054025.791353,13753248378.35304,12854669360.949871,13448328057.029188,2112921353.9886212
1635206400,13454353897,14408308486,12669851704,13602740107,2151841240.977036
1635292800,13611497785.27081,14363232868.466633,11813803119.1284,12350675669.501438,3300483394.159289
1635379200,12357952176.48794,13809317553.197058,12034425214.804699,13076589038.894,2649807278.037732
1635465600,13074083842.709229,13823179082.278189,12847894522.1485,13547561469.763016,2322265224.8035393
1635552000,13547874092.335958,13590813777.564215,12750845809.99936,13103931216.353348,2145837707.9715693
1635638400,13117703863.613192,13564575006.088722,12606596460.182997,13227128974.737837,2075711776.7308109
1635724800,13232960581.342632,14106988826.15806,12668957310.754536,13626890909.45742,2301419750.6887307
1635811200,13625167883.590336,14429332445.485403,13144038767.958563,13846121466.735672,2186024501.7456913
1635897600,13852494643.440578,14568402836.656914,13084046248.082552,14287134055.344357,2537345056.602531
1635984000,14284424276.263546,14493298336.141872,13501695766.464651,13993483554.392342,2290178156.58458
1636070400,13976330741.442463,14352868424.73605,13465679095.300379,13719379116.340282,1694900508.8925788
1636156800,13719090824.460983,13958147362.371801,13167350887.902426,13631603774.934288,1561733582.1664104
1636243200,13627737364.93328,14156782442.481829,13270426117.594494,13933182994.991817,1361602666.727492
1636329600,13930380832.5838,16327067141.171782,13685988186.398117,15786045482.657738,3061858606.559449
1636416000,15786488989.1851,19410259032.338245,15400882460.670757,18063661822.883812,6992922583.550065
1636502400,18064526592.426147,21049726656.32117,16592682468.750893,17970613906.238735,7747904248.352151
1636588800,17957235067.868458,18936053262.276413,17263032874.213707,18092962580.887165,3970292142.9578753
1636675200,18094851743.574387,19543292088.312733,16746045238.268362,17328708734.108364,4962607723.960613
1636761600,17324670883.914474,18267910347.073273,16831071527.418482,17776756659.48493,2972178067.1135154
1636848000,17777814795.674843,19428940444.99233,17009653373.099981,19264810478.018604,3210725832.1488447
1636934400,19262244360.272633,19558545136.604847,17819532487.965706,18137409911.420948,2817577832.1070156
1637020800,18139379244.91909,18258609586.138996,15304693467.994362,15899659017.090597,4040464723.0366254
1637107200,15906346081.95375,16364747273.223742,15015517204.383047,15843126339.632927,2842666294.3706994
1637193600,15844845174.908888,16131118184.119276,13722840839.902687,14092234039.57511,3100780153.1304793
1637280000,14094793330.55039,15302534263.4598,13505602132.12745,15043209892.666704,2359337639.0313897
1637366400,15085929366.87709,15864884410.219978,14685765579.096672,15655270551.498697,2117819967.142352
1637452800,15659708364.063631,15968229019.868113,15097150901.282984,15315906527.111387,1789679676.8214543
1637539200,15241743491.193804,15618628649.649868,14094686781.571653,14449378354.991272,2060697849.3299053
1637625600,14458056205.697605,15173886250.28848,14078536444.4966,14937399307.884567,1943972649.8489249
1637712000,14942294592.989565,15165595588.99604,14070488796.990286,14655299829.45992,1715220266.5267224
1637798400,14653443991.590258,16068625817.022455,14527997710.666164,15397046077.220823,2216580501.4913144
1637884800,15409449789.974962,15546303928.661625,12704229948.070114,13553122795.097712,2692067186.740832
1637971200,13519044199.300495,14151555568.83167,13075831544.284456,13490625599.397226,1406247777.168105
1638057600,13488329847.843306,14166555125.01034,12629734767.15589,13790791229.965239,1707252278.432704
1638144000,13787531153,14637222659,13444809944,14208027763,1775104256.451467
1638230400,14213298801,15210583487,13638251133,14365872206,2138319326.46318
1638316800,14361663892,15477312821,14154950071,14428844808,1739210749.790025
1638403200,14421994019,14530843126,13819881410,14076166841,1525035396.1026723
1638489600,14075865549,14479909955,12411119587,13003607000,1808839020.6758757
1638576000,13017203934,13093883904,9026587341,11262141282,3654532516.561404
1638662400,11290690728,11438472033,10261807057,10825749719,1948076344.6104777
1638748800,10799542197,11402735942,9768668770,11168324359,1951684748.5407343
1638835200,11171944893,11580217950,10775027269,11208348723,1514357754.7177193
1638921600,11200641588,11905359466,10688922025,11422838855,1701261335.370443
1639008000,11427657782,11558892100,10344387962,10490476182,1384777482.8079689
1639094400,10528792626,11057406029,10176268746,10279358901,1341569462.6224027
1639180800,10331262085,11215080339,10085856633,10926032189,1221730937.6500974
1639267200,10942865721,11325083916,10590619664,11009145252,868666648.8940169
1639353600,10987379893,11095309732,9808407756,10004924340,1099403494.0010319
1639440000,10019720234,10698224240,9867371091,10413395930,1154145213.502905
1639526400,10416924682,10823878997,9771589692,10630757086,1353088942.1530032
1639612800,10631796378,10942914305,10266163620,10306336952,1003464596.3260372
1639699200,10315295772,10551795363,9683504815,9977746543,974916561.941423
1639785600,9969427449,10466335095,9834546895,10296953183,783461045.5989072
1639872000,10299526236,11338016431,10197960905,10609331436,1587635914.612429
1639958400,10586175881,11006385327,10044227159,10572380586,1592616060.1409793
1640044800,10572723253,11125807003,10135688908,10728397852,1056154122.6052237
1640131200,10728720302,11217349834,10544354281,10763363053,1110218402.4457998
1640217600,10736998093,11672288132,10578253727,11334216833,1333576952.8651042
1640304000,11334273443,11699907679,11053406731,11168703629,1085901662.2105193
1640390400,11178464795,11423134787,10869862709,10939775813,950219762.7457184
1640476800,10941249070,11158787915,10500382415,10794042318,1259644989.8413615
1640563200,10807301646,11364330364,10695215548,10809215167,1055157802.8205956
1640649600,10783731753,10942479372,9823650287,10105794480,1310451419.3133664
1640736000,10095001959,10539574210,9774252562,10086361066,1085597148.7393367
1640822400,10058973927,10476031166,9882480884,10259442357,841052699.0602531
1640908800,10263825346,10671660490,9879604288,10128648989,1049555095.3551166
1640995200,10141094106,10650727204,10023703915,10452522001,689697278.7177838
1641081600,10450555951,10734967449,10201760376,10482540328,681623568.5230029
1641168000,10479266515,10599064171,10061055322,10298955158,755427019.1086868
1641254400,10289468076,10610286562,10051089822,10155685376,787368584.7267194
1641340800,10171241145,10517975244,9010908165,9386922919,1298041928.6456537
1641427200,9394373311,9672610998,9112253940,9437798721,1139766317.571197
1641513600,9417528771,9611463243,8663258316,9097489671,1364575406.8009155
1641600000,9123517921,9425971998,8664221981,8988047604,1002543082.9548734
1641686400,8975846674,9329855493,8852967869,9079687500,711507557.467285
1641772800,9084437595,9186982641,8318540221,8784126402,1099259157.6570976
1641859200,8777641802,9307263701,8640241643,9133612021,835113102.0811812
1641945600,9147354364,10018876484,9054984406,9856334584,880947954.4726276
1642032000,9855621914,9978983066,9228653825,9489642161,886387338.5308679
1642118400,9485440952,10401087341,9301880318,10044293313,1203169621.3901625
1642204800,10047596484,10629254836,9901848167,10259580251,1003492091.9540408
1642291200,10254733463,10443034536,9945254884,10172736850,756434428.7241708
1642377600,10163972561,10891095632,9789689912,10504336713,1603953514.9346225
1642464000,10513217941,10656791513,9636468654,9829020356,1281368989.049664
1642550400,9836701848,9937061784,9251406540,9462429264,924987130.0708276
1642636800,9477268256,9923464444,8963676076,9019994179,697113784.9424075
1642723200,9010931718,9098904812,7640612197,7960821260,1686144720.8195846
1642809600,7961352294,8121803900,6751491554,7532354268,2108667158.882358
1642896000,7542739650,7830971628,7343833210,7807831881,1126300080.765869
1642982400,7808591978,7811113316,6790110734,7620952673,1654646461.0964901
1643068800,7608940920,7635544960,7304996579,7495564289,905618633.8712556
1643155200,7500187720,8091646931,7281734650,7438505174,1064402873.8451786
1643241600,7442240957,7631340844,7166803805,7440584477,822947179.1763803
1643328000,7440358632,7646759024,7328794474,7609411198,686056119.858011
1643414400,7612298729,7782437070,7498963365,7708610387,591732630.715184
1643500800,7708592255,7800664907,7449257721,7558554635,537535150.86959
1643587200,7559850782,7742593216,7263816991,7623259668,690928417.3647586
1643673600,7617510080,8136285993,7534326248,8006607837,824182282.803793
1643760000,8007429190,8079155551,7464900330,7540283056,745788349.5220222
1643846400,7537001751,7727088772,7344376535,7721041804,681376609.4003136
1643932800,7707723984,8455686865,7571942568,8449254751,931947533.0051552
1644019200,8449613648,8614539635,8278103175,8482708620,749688092.0771397
1644105600,8476251632,8916179270,8416804977,8885483086,775275439.2258506
1644192000,8885743083,9733269818,8707320211,9558405466,1132978489.402892
1644278400,9570441396,9938119778,9085004136,9322780587,1376291991.4656765
1644364800,9315032900,9816122435,9195431871,9757969950,1037413460.7181292
1644451200,9758994454,10011805137,9357539051,9404719445,1272945872.8994703
1644537600,9407188626,9425113648,8796868835,8840751599,1088092477.9695122
1644624000,8839885330,8972019032,8551255606,8933822462,832218949.0169922
1644710400,8931588737,8979336441,8601265812,8751055728,686494122.5963992
1644796800,8761272836,8832250724,8459740196,8679247279,712279251.8106598
1644883200,8687632674,9225923469,8638816598,9173537765,780071803.4804559
1644969600,9154345114,9191463498,8745122823,8898951428,718053296.325709
1645056000,8904821211,8989728184,8002649996,8106237194,939195916.2760314
1645142400,8112089742,8613098115,7963796856,8002151662,1205358802.256836
1645228800,7999360042,8171241077,7881416211,8055994489,687332940.122786
1645315200,8058710885,8068501343,7559324902,7709140070,736820495.1218044
1645401600,7718973709,7987516668,7110732524,7169598237,959257817.056905
1645488000,7181112666,7516924111,6994305415,7490571174,921162156.7659634
1645574400,7496844844,7772190548,7319604033,7352990000,742808414.6459432
1645660800,7346365159,7465192508,6385319966,7267019610,1673005647.024909
1645747200,7273175627,7715798858,7090821926,7617572503,901765568.270365
1645833600,7617598898,7985654810,7433520809,7547361873,775475243.6054773
1645920000,7549219975,7680636438,7061348939,7184441951,705114082.5165277
1646006400,7184391270,7951881956,7067747867,7936714052,928628161.8212482
1646092800,7940218231,8082160288,7670439498,7857201937,951733096.0807706
1646179200,7854847307,7994248789,7617423626,7703266294,838995452.6396056
1646265600,7695569455,7890757765,7537429072,7800525896,906033103.1196886
1646352000,7795691120,7865510044,6910190274,7049428337,928949862.6640612
1646438400,7048506593,7350200568,6937980283,7318116689,904876477.8115406
1646524800,7315642339,7388471159,7026549633,7048278050,904876477.8115406
1646611200,7053535171,7254690440,6719274069,6869171619,904876477.8115406
1646697600,6865593620,7158312461,6825586352,7030115772,904876477.8115406
1646784000,7028761539,7628223996,7010204734,7460631006,925622973.5289614
1646870400,7458692578,7470787468,6948283180,7159295061,925622973.5289614
1646956800,7157147880,7463224507,6960304531,7297771023,925622973.5289614
1647043200,7296755656,7539873664,7294770691,7359465964,925622973.5289614
1647129600,7360618081,7491282073,7052055817,7090880822,925622973.5289614
1647216000,7097368500,7426333828,7043215112,7371273771,811678089.4305909
1647302400,7368847192,7584897002,7156493870,7468670437,811678089.4305909
1647388800,7469756577,7833021493,7384346798,7779520778,534780254.90475065
1647475200,7778097880,7800011672,7587766437,7708251393,710165278.1917926
1647561600,7705361071,7897304272,7537565308,7827229719,710165278.1917926
1647648000,7818552956,8191190657,7789915663,8164949205,710165278.1917926
1647734400,8156244781,8295464790,7787468340,8021757990,710165278.1917926
1647820800,8021327983,8158367573,7909904463,8113126960,710165278.1917926
1647907200,8111694722,8644254087,8077345799,8579125311,710165278.1917926
1647993600,8582089676,8700700233,8286932201,8561772064,710165278.1917926
1648080000,8560722705,8929038829,8391593545,8838101653,975730514.7720768
1648166400,8848713179,8903059749,8509009172,8665650661,867194202.5237681
1648252800,8669901554,8780639466,8525589584,8737459757,867194202.5237681
1648339200,8732306128,9075362766,8624556900,9067763296,867194202.5237681
1648425600,9063889633,9275616142,8866835786,8913233831,867194202.5237681
1648512000,8922100962,9233441586,8883521762,9085214427,867194202.5237681
1648598400,9092760486,9421664375,8810843556,9166026068,867194202.5237681
1648684800,9170419995,9292320224,8477266103,8660644540,867194202.5237681
1648771200,8663285077,8835229530,8329820388,8741294761,867194202.5237681
1648857600,8734478815,8972584618,8654647858,8725518750,1003110901.9760594
1648944000,8730017450,9059149503,8651975233,9005024986,1003110901.9760594
1649030400,9006086316,9014703862,8482249063,8724577675,1003110901.9760594
1649116800,8737463398,8909653946,8580886559,8587858601,674160816.6202128
1649203200,8589861381,8616588615,7796582254,7821593878,674160816.6202128
1649289600,7819110472,8051620373,7711473567,7996218839,674160816.6202128
1649376000,7988621781,8069588145,7671152553,7751333623,674160816.6202128
1649462400,7748299881,7903326219,7703265002,7895586941,674160816.6202128
1649548800,7885000585,8012230234,7704004522,7717664724,674160816.6202128
1649635200,7720214411,7741110659,7112253825,7173565924,674160816.6202128
1649721600,7175001431,7404238922,7121704373,7339730913,674160816.6202128
1649808000,7343307712,7758530755,7279035081,7737082981,674160816.6202128
1649894400,7738309146,7863929431,7420370841,7518082242,674160816.6202128
1649980800,7522373015,7899650244,7498305563,7771869630,674160816.6202128
1650067200,7768137732,8037480176,7716003428,7999526803,674160816.6202128
1650153600,8002991477,8059617567,7582069731,7619110916,674160816.6202128
1650240000,7612331139,7804014484,7376193626,7788714613,674160816.6202128
1650326400,7788750868,7989515841,7743653977,7970731418,674160816.6202128
1650412800,7971019500,7995123556,7753379028,7836305898,674160816.6202128
1650499200,7834356661,8014714270,7381271653,7472639247,674160816.6202128
1650585600,7471432190,7600306687,7343028869,7378158962,674160816.6202128
1650672000,7377120651,7506832096,7314034501,7358621371,674160816.6202128
1650758400,7359173667,7414289080,7247862326,7320518079,674160816.6202128
1650844800,7318633652,7342540755,6882560555,7322303258,674160816.6202128
1650931200,7319195956,7374707026,6747356460,6904067051,674160816.6202128
1651017600,6903038539,7134822778,6843495802,7041289675,674160816.6202128
1651104000,7030510775,7307587249,6979608655,7231592105,674160816.6202128
1651190400,7233355518,7307827176,6885970286,7020180305,674160816.6202128
1651276800,7023616003,7109984870,6592827335,6710983264,674160816.6202128
1651363200,6708697022,6997964735,6613793153,6945949975,674160816.6202128
1651449600,6947559758,7130496240,6879341898,7043219945,674160816.6202128
1651536000,7042790133,7097202700,6816611020,6952015428,674160816.6202128
1651622400,6952251367,7496919610,6932049565,7437826142,674160816.6202128
1651708800,7437492567,7478300995,6635838157,6774064585,674160816.6202128
1651795200,6777020568,6881304154,6503072673,6769672257,674160816.6202128
1651881600,6767262831,6806123631,6485372755,6597746763,674160816.6202128
1651968000,6597117967,6701395885,6407098369,6568746515,674160816.6202128
1652054400,6566363406,6640840944,5269824913,5337646696,674160816.6202128
1652140800,5332112821,5947293915,5126130470,5607210940,674160816.6202128
1652227200,5606699169,5792844999,4479577358,4626224493,674160816.6202128
1652313600,4649860522,4868697763,3646516354,4494024743,674160816.6202128
1652400000,4494365038,5115692285,4414847478,4741165055,674160816.6202128
1652486400,4760360749,4927843001,4502746973,4830544326,1130332672.2019598
1652572800,4830828954,5034593022,4631432912,5021243885,1130332672.2019598
1652659200,5023091439,5023091439,4559630608,4716880859,1130332672.2019598
1652745600,4718038347,5183259938,4707283333,5131930491,1130332672.2019598
1652832000,5129899370,5217106039,4616326950,4628423723,1130332672.2019598
1652918400,4632342520,5104423197,4536619608,5065104443,801284688.3895265
1653004800,5067231831,5152694572,4687868487,4812697438,801284688.3895265
1653091200,4814858643,4959596416,4766110523,4907137477,801284688.3895265
1653177600,4906351667,5094440944,4875268555,5036603177,801284688.3895265
1653264000,5034224163,5195475965,4799908782,4846016842,801284688.3895265
1653350400,4848869507,4962576405,4706704581,4935196449,801284688.3895265
1653436800,4936373230,5031057582,4766966358,4791028505,801284688.3895265
1653523200,4788190886,4832126352,4249188278,4454718919,801284688.3895265
1653609600,4455722186,4501483708,4281645521,4319326005,801284688.3895265
1653696000,4323781857,4497489837,4305892854,4426234175,801284688.3895265
1653782400,4426350180,4522705565,4343937734,4472323042,801284688.3895265
1653868800,4472221309,4903636029,4445079831,4855058682,801284688.3895265
1653955200,4854301065,4901664931,4677093746,4804460531,801284688.3895265
1654041600,4803789882,4962738249,4338822764,4403129032,801284688.3895265
1654128000,4406239017,4549286213,4361436116,4525565752,801284688.3895265
1654214400,4527489745,4558720711,4311165661,4396632761,801284688.3895265
1654300800,4395632869,4518979559,4307164408,4479990400,801284688.3895265
1654387200,4479543113,4486735625,4336380616,4436602407,801284688.3895265
1654473600,4435229191,4671892791,4419666051,4530479928,801284688.3895265
1654560000,4527303434,4597163031,4229239100,4488894018,801284688.3895265
1654646400,4497091248,4537260864,4304745520,4322155114,497438395.5334835
1654732800,4321250377,4392388307,4166288689,4237907027,497438395.5334835
1654819200,4238322690,4252043237,3911355716,3989943739,497438395.5334835
1654905600,3990300716,4068001756,3633902818,3667517849,497438395.5334835
1654992000,3671309402,3709222460,3327486230,3374023735,497438395.5334835
1655078400,3373052000,3397554074,2888809010,3058320599,497438395.5334835
1655164800,3059133863,3270123027,2843800859,3250624492,651770956.2151235
1655251200,3249178449,3587225373,2932961307,3567330720,651770956.2151235
1655337600,3563957794,3603518170,3098336252,3152453129,651770956.2151235
1655424000,3152201009,3411199851,3127803364,3347901417,651770956.2151235
1655510400,3351764557,3403646326,2920530241,3321032826,651770956.2151235
1655596800,3320866343,3962603768,3160165947,3821796333,651770956.2151235
1655683200,3821549077,3855961606,3613602975,3715477339,651770956.2151235
1655769600,3714175153,3923924791,3652959653,3767973867,651770956.2151235
1655856000,3771488524,3771488524,3554342774,3671202250,700886350.7917609
1655942400,3675256416,4000422193,3661001836,3929064841,677770282.6423446
1656028800,3931907882,4041042593,3837586731,3935593543,566782338.8594576
1656115200,3938865692,4213872325,3852406037,4152180755,671410341.3641899
1656201600,4153443442,4266235340,3993240411,3993565027,671410341.3641899
1656288000,3992514893,4134075491,3868263545,3936552589,671410341.3641899
1656374400,3940454266,4016303837,3703365432,3714322927,671410341.3641899
1656460800,3714968561,3836233016,3622530883,3779420076,671410341.3641899
1656547200,3784089188,3811485607,3531567388,3798718023,671410341.3641899
1656633600,3803528023,3967382116,3528677346,3604904742,530064555.04848427
1656720000,3606289975,3638494668,3507680212,3561098794,671410341.3641899
1656806400,3561267383,3677694137,3462053763,3591646815,671410341.3641899
1656892800,3591557474,3692072030,3504606025,3681432870,671410341.3641899
1656979200,3682130725,3697456074,3381982345,3509624876,671410341.3641899
1657065600,3503323931,3610209012,3450883433,3550342632,671410341.3641899
1657152000,3550691242,3711688877,3510537259,3676674912,671410341.3641899
1657238400,3680724431,3809322180,3579362415,3623551802,671410341.3641899
1657324800,3627860145,3870843943,3627860145,3820121293,401686970.94784194
1657411200,3818890662,3886710343,3576086290,3678964042,401686970.94784194
1657497600,3679481274,3688021313,3408426195,3437911208,401686970.94784194
1657584000,3439332216,3482397059,3335447128,3341453779,401686970.94784194
1657670400,3343681999,3508955285,3276194752,3498922466,401686970.94784194
1657756800,3500943168,3655173124,3389004246,3625608083,368044615.93984926
1657843200,3625720857,3727926590,3577921544,3660250597,368044615.93984926
1657929600,3661090785,3925221165,3609608303,3896040123,368044615.93984926
1658016000,3890143129,4026306152,3841522394,3935146353,401686970.94784194
1658102400,3937864113,4192528708,3901238879,4139430482,401686970.94784194
1658188800,4141107916,4215646802,3944179040,4090269698,401686970.94784194
1658275200,4091120495,4363186724,3981532934,4040633291,401686970.94784194
1658361600,4040396644,4143829562,3896213922,4101503833,401686970.94784194
1658448000,4102200915,4182243137,3921684280,3960895177,401686970.94784194
1658534400,3965786219,4046814086,3853313403,3985994788,368044615.93984926
1658620800,3989793932,4233964026,3986978688,4134526141,462332052.32188886
1658707200,4133902025,4174766246,3814677947,3817692359,462332052.32188886
1658793600,3821030720,3832417187,3680602843,3816841968,462332052.32188886
1658880000,3816753779,4181073227,3752385423,4177575333,462332052.32188886
1658966400,4179391908,4549269156,4106694388,4493896686,462332052.32188886
1659052800,4491343743,4569780962,4233901600,4292158747,462332052.32188886
1659139200,4297634375,4535825825,4240604509,4277399026,462332052.32188886
1659225600,4275808727,4460465161,4224798981,4233732583,462332052.32188886
1659312000,4227706731,4299321073,4124730115,4213815591,462332052.32188886
1659398400,4212317657,4238169411,4010089017,4111047839,462332052.32188886
1659484800,4111151528,4258863256,4012286446,4091483885,462332052.32188886
1659571200,4090297880,4304016332,4077940075,4225303914,381288140.6967345
1659657600,4228608619,4432889011,4225843945,4430455233,435841948.8638705
1659744000,4429357300,4432362440,4290034075,4312220641,435841948.8638705
1659830400,4311989460,4396300482,4244461735,4333478161,435841948.8638705
1659916800,4331977469,4543843317,4311207329,4441091398,435841948.8638705
1660003200,4437932752,4454788196,4131243104,4193643814,435841948.8638705
1660089600,4195371930,4418697322,4079230511,4365909402,435841948.8638705
1660176000,4367880960,4499258563,4358276675,4386022001,435841948.8638705
1660262400,4389166686,4469698728,4303432222,4460331577,435841948.8638705
1660348800,4459492678,4662762238,4441727465,4524536023,435841948.8638705
1660435200,4523245180,4665627691,4425653303,4474061259,435841948.8638705
1660521600,4479658219,4628660640,4228982889,4301760590,435841948.8638705
1660608000,4299517029,4376468389,4255596053,4349321425,435841948.8638705
1660694400,4348397269,4588257909,4230947501,4286065870,435841948.8638705
1660780800,4287492289,4372368506,4205951541,4253207136,435841948.8638705
1660867200,4253561774,4263343165,3776859594,3827535987,435841948.8638705
1660953600,3828920804,3941859425,3730895622,3834753127,435841948.8638705
1661040000,3836024905,3968894767,3813691991,3937949122,435841948.8638705
1661126400,3944880936,4068897744,3707150746,4057164355,435841948.8638705
1661212800,4056408233,4091558578,3819515170,4044806734,435841948.8638705
1661299200,4047211881,4085318536,3937348207,3999944734,435841948.8638705
1661385600,3999933536,4076226647,3959200476,4015542714,435841948.8638705
1661472000,4014902254,4131264719,3693529426,3736077562,435841948.8638705
1661558400,3733939953,3786534184,3662194629,3755699948,435841948.8638705
1661644800,3757773185,3965197550,3719494743,3781196180,470495980.6959153
1661731200,3784605199,4018843933,3723312652,3954348087,470495980.6959153
1661817600,3953389641,3985624029,3674780649,3753083852,470495980.6959153
1661904000,3758638727,3915739982,3758638727,3812772517,470495980.6959153
1661990400,3812582316,4093635930,3770000613,4078086504,470495980.6959153
1662076800,4081043531,4428423930,4004082320,4324530778,435841948.8638705
1662163200,4320649886,4409833992,4220458676,4265039603,435841948.8638705
1662249600,4265078298,4324206827,4154660344,4315048674,435841948.8638705
1662336000,4314860370,4367599177,4202497505,4276021689,435841948.8638705
1662422400,4278191473,4447207842,3830076851,3835639084,435841948.8638705
1662508800,3833620075,4131518025,3752333820,4059885461,470495980.6959153
1662595200,4063001455,4152250427,3971610313,4106306333,470495980.6959153
1662681600,4106374363,4389478377,4085235127,4334610711,470495980.6959153
1662768000,4334918973,4583620917,4291974655,4485951017,470495980.6959153
1662854400,4489406524,4567905810,4346415856,4409166020,470495980.6959153
1662940800,4406806649,4480593146,4261914114,4348359605,470495980.6959153
1663027200,4349982833,4779276561,4135489214,4188904011,470495980.6959153
1663113600,4187382970,4335710816,4123733674,4265927964,470495980.6959153
1663200000,4264507197,4311707793,3957757673,3992562112,470495980.6959153
1663286400,3993808552,4033313308,3869935917,3962258222,470495980.6959153
1663372800,3962014093,4142656829,3955983999,4098498881,470495980.6959153
1663459200,4098700491,4098700491,3705443611,3730712207,470495980.6959153
1663545600,3732463062,3806652780,3545498554,3747532875,470495980.6959153
1663632000,3747014925,3815685554,3605525740,3706767577,470495980.6959153
1663718400,3706726334,3933054719,3560509691,3619299224,470495980.6959153
1663804800,3620371833,3834693605,3588573121,3794952940,470495980.6959153
1663891200,3795215068,3920917502,3643272838,3912526479,470495980.6959153
1663977600,3913570954,3964310111,3770188617,3787897929,470495980.6959153
1664064000,3786731212,3856181708,3701744401,3723270984,470495980.6959153
1664150400,3743116119,3826651489,3698673143,3808750355,464463258.166096
1664236800,3809319874,3962168033,3690049832,3751573120,507772229.8176303
1664323200,3753518023,3835565133,3640126621,3796636408,478991743.70205367
1664409600,3799065205,3856485051,3724245532,3844551421,405527416.11610115
1664496000,3848198932,3927904600,3768905361,3812187597,413264418.72188973
1664582400,3812377221,3835989947,3740240316,3772980997,257759346.6840504
1664668800,3773223226,3811693362,3686121722,3693979112,267876774.3461342
1664755200,3695775919,3874772377,3673702894,3862998866,362380638.7355317
1664841600,3864566790,3977469171,3844245896,3941294802,347630436.15692514
1664928000,3941897686,3944811026,3803347435,3897475101,332960994.0331078
1665014400,3897529864,3927643808,3798603521,3817032284,359031530.62239414
1665100800,3818843195,3842578968,3730859387,3769006303,349144389.9142103
1665187200,3769733461,3824661315,3738728432,3765296864,263343087.5984296
1665273600,3767447591,3853126500,3759539166,3847584323,253165618.38827333
1665360000,3847766266,3887519688,3746487302,3752730936,380758795.68999135
1665446400,3757043110,3757043110,3660555749,3712692982,349595206.0121602
1665532800,3711491245,3779534972,3682068325,3728458158,330088641.5443108
1665619200,3727201626,3749042857,3451716165,3649754585,534745440.0501725
1665705600,3647631661,3753069664,3631029303,3663058014,356725658.20735323
1665792000,3663218657,3690196242,3591831675,3596722931,255840573.489979
1665878400,3597370521,3698992453,3591618944,3670985912,263833295.58800867
1665964800,3672405642,3724492260,3645906789,3700726889,284907004.3517277
1666051200,3704575431,3729493372,3624401348,3702587664,302254508.3974058
1666137600,3704325192,3714774583,3620610503,3639913065,274014302.3951184
1666224000,3640762626,3721338044,3609023268,3658216622,290453542.99216276
1666310400,3658158271,3707360848,3539040418,3688707044,369289965.9875392
1666396800,3690365178,3749945763,3669342377,3729524376,305033965.74081725
1666483200,3729958493,3863984648,3704053444,3860500413,341539953.4820732
1666569600,3861475202,3876215938,3721816581,3754059422,399376437.7988795
1666656000,3755079033,4060209812,3737873893,3996517433,540436170.0066432
1666742400,3999737481,4117280903,3979532844,4031396721,618441187.8639299
1666828800,4032117538,4052848942,3896817863,3912002255,532209415.6359183
1666915200,3912629538,3971272571,3826960099,3927697514,485986346.30078167
1667001600,3927719576,4119560787,3908926286,4048772102,679736842.6140407
1667088000,4047687434,4112002459,3916109906,3958880718,475342751.8921918
1667174400,3959239142,4034647396,3863070958,3935600319,531129266.8554428
1667260800,3935422202,3997430234,3898139874,3940115132,428349846.1634084
1667347200,3942052799,4542448443,3911305463,4361707731,1667730142.2593315
1667433600,4359347301,4628882333,4301092208,4425703180,1260442568.5760841
1667520000,4425308314,5036252267,4410832024,4834413133,2142195580.5633233
1667606400,4836689698,5142061691,4802320400,4954816618,1505594109.0941513
1667692800,4956925231,5066901301,4730020859,4887948154,1000032159.1893092
1667779200,4886688893,5244054900,4741483908,4820832477,1379744437.1767821
1667865600,4820492511,4926668800,3880517119,4135689141,1854128816.7389824
1667952000,4133576242,4278914947,3417688960,3620236162,1722510262.8531976
1668038400,3618742764,4377250486,3550559355,4322124964,1628620460.1088455
1668124800,4324851923,4777442967,4183139252,4382776044,1291312246.6215098
1668211200,4383780458,4405660165,4154801586,4285464296,694463043.2192765
1668297600,4284661776,4312933257,4028224960,4102422158,511734395.02137655
1668384000,4104160709,4233644397,3823016712,4052616874,815057880.7052431
1668470400,4052856144,4259333148,4038670162,4151096825,554479144.7548037
1668556800,4148810452,4307844614,4058059771,4117810476,589438695.7510976
1668643200,4115561607,4668476496,4078838820,4477945336,770727053.2113068
1668729600,4478463132,4575475196,4408193659,4485118977,664914607.6197317
1668816000,4482563769,4623729446,4391374773,4577507377,535884824.0887596
1668902400,4578835431,4639259079,4321406002,4444413284,606082156.8043686
1668988800,4444997422,4540629789,4244397963,4391369493,870050920.8720886
1669075200,4390129715,5106533962,4372812852,5057287282,1304715329.4283335
1669161600,5054431582,5974473087,4986610799,5659708970,2117451530.21204
1669248000,5662134904,5694221387,5385578024,5637031533,1245855919.0289807
1669334400,5634235929,5715632344,5245047904,5301169713,894858532.2079332
1669420800,5308743554,5709005487,5296801012,5480482805,766560070.3614966
1669507200,5482249468,5683819867,5318854146,5370466508,618070186.5937454
1669593600,5372188779,5399844257,5057791512,5300696188,846933211.4008212
1669680000,5303318872,5586746383,5262902291,5434597347,784359686.6510297
1669766400,5436420013,5814014979,5411198006,5679675612,731021630.0901325
1669852800,5678938640,5781115194,5470317389,5562702636,665693574.0989587
1669939200,5565183200,5601342208,5404132831,5593432703,457736806.2523953
1670025600,5592575316,5603227338,5422998954,5489842907,346498016.11031187
1670112000,5490393406,5565970567,5439135713,5533869890,323519217.5070072
1670198400,5532681162,6095006478,5515101055,5754377878,974251047.7472764
1670284800,5755439270,5867632296,5575631969,5733792837,559052508.2852453
1670371200,5734355606,5769227626,5427336948,5519760575,572151834.6346617
1670457600,5520678476,5648496464,5348462143,5621284526,610811426.9507276
1670544000,5621867900,5655467541,5445976280,5476691371,441058763.4057808
1670630400,5477254544,5559550157,5437353022,5484372102,272732991.7843256
1670716800,5484966428,5628096314,5479617245,5493506754,284819878.3269661
1670803200,5491568592,5508561429,5280887268,5473761946,462344426.2362974
1670889600,5475619090,5733206855,5339065708,5556526588,681102404.9590814
1670976000,5560579486,5675732090,5325241171,5409543574,581068211.549194
1671062400,5411688702,5422014512,5154861522,5201698454,464712576.0910553
1671148800,5203673568,5281266517,4675188681,4763256025,730211144.1784053
1671235200,4762519071,4864313625,4428222780,4665449008,686628198.5840122
1671321600,4666804441,4733907139,4531904102,4628675894,337824343.1517993
1671408000,4628648701,4674053001,4386154500,4556061657,458399280.45005155
1671494400,4554453829,4769900367,4537280823,4712561924,521316101.05617625
1671580800,4713362327,4802147891,4647168767,4699940232,375326110.40298694
1671667200,4700874550,4792557893,4620531033,4758869532,368377664.33987933
1671753600,4759454625,4792503016,4668310390,4726581946,306884289.9211355
1671840000,4728236189,4747789220,4679676666,4730863632,178760436.03796092
1671926400,4731350185,5012139445,4697205280,4973717942,328428659.4627759
1672012800,4974417096,5155910256,4933031744,5086898973,457558859.5860236
1672099200,5087703215,5112386418,4872588872,4937166840,442595562.3969916
1672185600,4936476613,4995309391,4723890041,4769274970,457253032.4861523
1672272000,4768677623,4835889424,4714471283,4796054664,337455684.06239223
1672358400,4793959197,4935423983,4753399030,4884929299,314575733.6961643
1672444800,4885402411,5112843911,4864131910,5040910441,297747367.5484835
1672531200,5043076579,5145145828,4956333991,5101329115,410859184.2553472
1672617600,5100493162,5596512870,5039482577,5379253024,634785311.470651
1672704000,5379338378,5497841517,5300295093,5436228484,502466315.7760899
1672790400,5436940146,5607765382,5352647881,5428674369,636394022.6650127
1672876800,5431404449,5496969290,5294755959,5342537885,441861246.04789686
1672963200,5343322191,5511814975,5209976259,5466095393,501900058.40167534
1673049600,5466629731,5531781112,5435080477,5496183063,471556777.877264
1673136000,5501766987,5672802778,5411238331,5660897178,307832739.63170344
1673222400,5665480592,6019990716,5626321034,5877099846,763814132.1988285
1673308800,5877063061,5966781465,5722013110,5822661818,609877970.7290808
1673395200,5823615154,6124580520,5758081241,6056381501,596308672.7666026
1673481600,6059457137,6310506055,5828711352,6202295249,716264074.1305816
1673568000,6204228470,6368922929,6024260828,6214646559,839513137.0188197
1673654400,6214304533,6603360127,6195349580,6329645890,1277673219.85131
1673740800,6330861548,6390634788,6158792650,6299886230,695940158.3908247
1673827200,6301253755,6425741219,6052472254,6193615670,634117667.8428749
1673913600,6194794853,6445090903,6102176867,6273908054,568589600.7175002
1674000000,6276464503,6372128275,5918365531,5957387232,642228297.2614397
1674086400,5953937668,6202879582,5894896651,6074036969,724928729.0528722
1674172800,6074628097,6582665242,5982901614,6515326207,462238823.1693723
1674259200,6514972951,6635321695,6320718259,6339266290,770640299.0647031
1674345600,6339903905,6498013870,6243506301,6320104266,545270875.5219206
1674432000,6319341556,6719937079,6313615337,6483892188,631979450.7863748
1674518400,6488142394,6597249842,6209706077,6292229875,578464902.2825501
1674604800,6291759885,6644297057,6173878897,6442513518,477404147.5906227
1674691200,6449449473,6492183291,6265999642,6320856729,558522378.5026389
1674777600,6315281277,6445935280,6191577050,6412396826,470018561.93382245
1674864000,6414655348,6494516033,6279640433,6479245534,430619813.1467593
1674950400,6473283213,7054442102,6473283213,6848677649,847287568.3515894
1675036800,6848074839,6931760964,6379885479,6592971881,831235576.6932606
1675123200,6596819883,6946615306,6589821074,6795584628,844137069.1890254
1675209600,6792619717,7402898270,6770205255,7241902645,756719702.5391929
1675296000,7243434254,7382243429,7071025185,7120267273,841902100.9583423
1675382400,7121266852,7275233375,7039795569,7214466714,626554464.0067629
1675468800,7215388734,7318094587,7096808842,7115176201,535785517.455125
1675555200,7113071754,7141187964,6853793833,6982203046,388182125.5234364
1675641600,6981065663,7076761348,6849437542,6926930850,499685396.9639492
1675728000,6928156711,7334366567,6928156711,7286627872,599040924.4779632
1675814400,7287025787,7395905607,7003526388,7166877612,656800398.4993
1675900800,7168745133,7187176741,6503372544,6651741713,707680673.4669031
1675987200,6652172894,6806653745,6582681033,6745120906,803083176.4273243
1676073600,6744728326,6852025155,6696627849,6813970894,513501390.6748141
1676160000,6817182616,6836075338,6564759992,6684365792,353956073.8716852
1676246400,6682442921,6865977599,6377948515,6582362708,608109784.2776556
1676332800,6587895957,6934987538,6535792254,6927517523,459212535.184922
1676419200,6927545412,7463326675,6872825535,7434606657,698966528.5712016
1676505600,7436363301,7640647487,7116773373,7126645216,756758992.2840545
1676592000,7128704698,7355325423,7101864262,7242652087,705182219.8797884
1676678400,7241979941,7371252996,7154504759,7213157962,866640140.2039065
1676764800,7214587696,7339427192,7009282952,7052341113,432636505.5899911
1676851200,7051888031,7137825655,6826697060,6937789558,757985220.120994
1676937600,6935295120,7010008428,6630603888,6785054889,752385963.8154979
1677024000,6785842395,6909276856,6613065948,6889646524,678022048.891341
1677110400,6893377917,6997129048,6756103484,6844603315,574757240.5089258
1677196800,6845283153,6893659267,6509357672,6626660230,402270547.6410456
1677283200,6629312004,6765688315,6543490335,6745086481,506493636.6018287
1677369600,6741848580,6913005281,6715086370,6896232831,406828828.6627549
1677456000,6896970590,6954764777,6692029931,6807309422,387943119.5558944
1677542400,6808044564,6951817531,6736639979,6782653619,425394812.42609686
1677628800,6786976245,7122602662,6777555234,7084300075,541806666.1803566
1677715200,7079039259,7119907012,6772007780,6904204349,451203106.97027487
1677801600,6906463566,6913405604,6212733431,6636484875,681500225.0968883
1677888000,6568683077,6628907987,6332942338,6466165010,361095520.10841393
1677974400,6469943541,6646639508,6460131121,6512584982,379854288.6352748
1678060800,6511934118,6565927726,6266238383,6329609715,437434793.43243986
1678147200,6330631396,6442034231,6079861467,6250272404,564573190.6928213
1678233600,6250899392,6278256316,5887102205,5995413452,474280262.09613454
1678320000,5995926158,6149521482,5423582751,5552454617,506662412.32444745
1678406400,5554667908,5561841889,4925061236,5192484338,1107082441.1526248
1678492800,5191550879,5601430922,4806955036,5078071558,1070324048.9483176
1678579200,5079707374,5584691432,4961829749,5581988384,708682459.5792481
1678665600,5589480841,6057891724,5397172252,5933487919,946351016.7351058
1678752000,5930524680,6412216109,5710403024,6107439202,912460732.0474519
1678838400,6105723599,6221400020,5448997875,5560366091,851324503.4696201
1678924800,5563202951,5805311162,5498598120,5728197538,776624043.1910671
1679011200,5728117227,6218952951,5679952235,6211438453,530684502.8970595
1679097600,6214748152,6386535570,5963449510,6033350181,632181265.2676665
1679184000,6035454718,6280080678,5968952119,6100259334,458049191.60831225
1679270400,6108230407,6131351543,5654913309,5674424035,578050466.6371044
1679356800,5676364299,6062542506,5582616234,5993788928,547163559.3196934
1679443200,6000927235,6423853869,5762533619,6343343584,482738519.58063334
1679529600,6345556234,6874342968,6224765825,6805385717,1312667799.039798
1679616000,6806494218,6970346896,6474021997,6801753254,967151487.345345
1679702400,6797200563,6849295902,6542449745,6647420507,694873401.5991904
1679788800,6641684255,6883902953,6578627474,6781308973,500076457.20269674
1679875200,6780832211,6827695728,6365721106,6478485147,412538849.80299544
1679961600,6478865438,6502965190,6216867302,6467604046,697204572.5958544
1680048000,6474453940,6747387440,6459908829,6624042351,539487289.7952836
1680134400,6627672580,6774409870,6294185702,6460386641,569891989.7163941
1680220800,6464741218,6552711784,6339148035,6505300937,486158929.5646295
1680307200,6508910402,6845988805,6491307402,6724093722,620998830.6369914
1680393600,6723321833,6872155214,6568336779,6738888910,433184825.9792808
1680480000,6743361881,6964940379,6519864891,6752227525,585383608.7034875
1680566400,6754192171,6829456631,6644547694,6722057672,666594317.8776215
1680652800,6725651282,6907735202,6622218670,6734975805,535638489.99428445
1680739200,6731031133,6733374578,6529031460,6609894225,506525749.6253968
1680825600,6610715701,6648200526,6480942399,6587702466,430684243.2629509
1680912000,6589138840,6648488967,6493200594,6535725731,262594472.75257608
1680998400,6538365370,6617730708,6482396642,6587406633,336911208.60144466
1681084800,6586451334,6869874732,6532770863,6819919795,308850596.3582459
1681171200,6822326482,7055357990,6767163459,6856826957,797531712.8562064
1681257600,6857148268,6889837155,6618686215,6694582278,570438701.7163823
1681344000,6694718295,6881822064,6672510531,6852011483,500490864.2845
1681430400,6853536505,7222803225,6818939416,7007188206,766040051.1125892
1681516800,7010973071,7083841493,6893219365,7037815027,559597036.4152436
1681603200,7040386366,7434246623,6923590920,7280128574,463119244.35818446
1681689600,7277743974,7299501681,7089651100,7193979866,886943735.3705453
1681776000,7194920620,7524962806,7105885158,7414629596,764080882.7095308
1681862400,7415126082,7415126082,6350161630,6590830765,689620502.5397161
1681948800,6584256399,6720782651,6339348015,6560689047,835906782.7079357
1682035200,6564030791,6609155530,6147452528,6207697323,716695739.3927017
1682121600,6210278886,6344220203,6168145115,6333788389,534814304.5141296
1682208000,6334625261,6338770581,6134241917,6315858531,351228880.41551566
1682294400,6316248060,6477874014,6259635245,6428690480,496041668.48129773
1682380800,6431967822,6678225297,6346207824,6625370916,513067304.3885053
1682467200,6627901179,6843391011,6141124116,6417404642,644789694.5575937
1682553600,6418291930,6600480743,6360156329,6533424740,813878501.4188094
1682640000,6534415310,6583138914,6395100613,6530944408,462786087.98654234
1682726400,6529725697,6676509585,6504221294,6636346663,347472051.6229869
1682812800,6634610980,6661102765,6397296324,6426712020,319935647.6896529
1682899200,6427829773,6472640166,6205156172,6319876803,457617471.9147268
1682985600,6320384081,6494110497,6266724563,6427335823,473166862.2068215
1683072000,6432286041,6546681564,6228223346,6473749798,369104218.8035276
1683158400,6481344854,6496001389,6372485894,6445052415,458588852.1999702
1683244800,6447196572,6540313214,6299162847,6466141755,336430172.30903727
1683331200,6468196863,6517653734,5893645776,6091219483,455025731.6263043
1683417600,6095629106,6195249768,6066620331,6113735899,543498506.3847548
1683504000,6113848220,6250511452,5510691493,5696984276,519918996.3681757
1683590400,5690389256,5849591391,5653791218,5837518372,635469639.0497258
1683676800,5840667149,5985454634,5621158944,5909363698,445514282.89504504
1683763200,5907740112,5979894034,5716887161,5900168247,622719726.0065738
1683849600,5901737437,5943607315,5625724444,5869364081,595861480.976166
1683936000,5866096781,5915031180,5822001447,5854424948,416606079.3199616
1684022400,5854496079,6126433051,5813357189,6093367791,294524856.939112
1684108800,6092044833,6455408643,5996311442,6342206597,701423967.0544695
1684195200,6341400010,6600466054,6287748203,6565283145,797609769.9893353
1684281600,6568025281,6931180963,6539181049,6846472483,931354373.0397606
1684368000,6853043916,6872946134,6504612747,6593685911,692811684.5016764
1684454400,6598180312,6817833750,6588732511,6698726806,619376171.7594752
1684540800,6699249079,6771451108,6606658389,6745983176,428423039.9832901
1684627200,6743355137,6821910036,6660031810,6732265144,337892803.8565782
1684713600,6729739812,6773072278,6557629891,6632064377,410663608.32437575
1684800000,6631223632,6796698238,6601383686,6692841601,381462736.6314067
1684886400,6695606717,6709112047,6159137410,6265537325,615816119.3420168
1684972800,6267425506,6338543261,6033108478,6323485449,632814569.092785
1685059200,6322262182,6441750111,6286063183,6367774478,554781484.0957671
1685145600,6359534016,6487955224,6348713648,6471448652,360581982.9573976
1685232000,6470183628,6747069357,6444061725,6682804512,388872683.99858946
1685318400,6685511681,6736631708,6592416713,6639136758,434786027.4028292
1685404800,6637791237,6818140517,6616072112,6743125313,437241403.0745539
1685491200,6742490518,6777298871,6418019562,6606128105,525063231.2145769
1685577600,6607503675,7013743984,6508911506,6881939779,715049192.5573784
1685664000,6882346115,6990282371,6767974430,6980908962,820093197.2700046
1685750400,6979193314,7132375071,6884787109,7014842525,505170576.0763492
1685836800,7017516494,7060187884,6860417649,6887146218,438377290.34574753
1685923200,6887191143,6910266081,6067255012,6410021724,514847041.0557666
1686009600,6414081737,6684818560,6266001340,6646021626,863621993.091709
1686096000,6648273609,6676034059,6392049216,6497579304,659244232.8860697
1686182400,6499280243,6547912929,6376908107,6475059806,458567060.3151607
1686268800,6473694176,6578967971,6345378887,6529604026,351440798.56454057
1686355200,6528571086,6534746212,5422661438,5645746829,997673106.343131
1686441600,5644507569,5776778420,5574668575,5685675019,609235044.7987353
1686528000,5681699563,5697385255,5494365041,5670133583,469522906.4279513
1686614400,5669972787,5832483398,5575626616,5667857420,432273865.06297046
1686700800,5668305807,5716170373,5191802555,5352601993,332182877.24333614
1686787200,5352569834,5494699806,5269688011,5455152689,567900850.8980066
1686873600,5453180319,5619319990,5425625981,5563556418,336843217.76367146
1686960000,5567819600,5690627237,5537472609,5622229609,360979386.06619793
1687046400,5626413651,5742639810,5582376354,5651194605,232556939.77825725
1687132800,5645380584,5698801467,5568572464,5671156137,270630196.95206887
1687219200,5669016065,5923594583,5544250228,5880160755,308163369.20264775
1687305600,5882054359,6394836874,5857543184,6224345835,718257966.6502982
1687392000,6226574465,6513520864,6181427870,6292955160,792013434.863219
1687478400,6293114431,6821006816,6230220027,6686596296,444769568.505374
1687564800,6688297104,6871383836,6333603002,6571605578,867147787.2514205
1687651200,6574311229,6622482851,6348736557,6464936809,611474129.0052284
1687737600,6461082329,6615748173,6290822810,6387205168,450629093.8393605
1687824000,6390104041,6551963352,6369868945,6453211155,527376619.6065429
1687910400,6452103169,6454765605,5971738653,6081770222,455575896.41301537
1687996800,6079928847,6280662253,6076036181,6208110374,498729325.2643334
1688083200,6207229449,8174348410,6181239193,7957777082,1703251941.0959096
1688169600,7965036808,8259765171,7542593612,7856532021,3172317428.492366
1688256000,7852689298,8503557981,7706620532,8318642755,1630188057.3381314
1688342400,8328857007,8426009145,7736751946,7861299340,1330804418.478888
1688428800,7857982551,8032456135,7604682708,7644134424,965405411.8130395
1688515200,7647132613,7813739400,7234359914,7517239021,896396333.3198211
1688601600,7517988593,7761251327,6979539783,6984589465,1163400132.2429564
1688688000,6985836356,7230425670,6915124953,7204638404,983993415.4258825
1688774400,7203307098,7221223006,7087112136,7175231233,505858644.3758678
1688860800,7172065664,7219288234,6931546520,6973873954,384268323.69729054
1688947200,6974265833,7172050976,6730010598,7098468056,654200924.3402872
1689033600,7102226201,7210577829,7011076049,7096242027,675891285.69993
1689120000,7101553621,7177831296,6911450153,7060943946,504679552.1886968
1689206400,7060901282,7654773533,7017032503,7474782442,760922739.3297539
1689292800,7479983752,7598448422,6756182158,6980032267,1243447943.2903197
1689379200,6981147821,7031012958,6885150767,6953307087,830417081.1935616
1689465600,6954260918,6997822421,6740203285,6816184572,362903548.9847538
1689552000,6821523247,6869008283,6558201416,6768821999,553655839.7912471
1689638400,6771830903,6821066180,6564230651,6722975047,492928918.44384587
1689724800,6721339330,6916253553,6709821935,6753103212,459992715.3638862
1689811200,6755273725,6972800020,6719263185,6783456906,477732616.913332
1689897600,6782534847,6957189883,6733681200,6911704950,453825573.8969345
1689984000,6912215736,7082092952,6707812452,6762007239,531532754.94671714
1690070400,6761326420,6872300759,6726093131,6847375588,363079628.89941585
1690156800,6843581252,6861765955,6421188300,6548398170,508802344.36851174
1690243200,6545343738,6622330335,6508139801,6572052793,402304019.0986568
1690329600,6572857163,6697484567,6507716413,6660716752,359287697.1871669
1690416000,6659172419,6754982270,6587584586,6654888185,468582124.33385825
1690502400,6655456481,6758546540,6650957793,6724062517,353873204.45343274
1690588800,6724479802,6978143634,6677690480,6936822862,280811934.1588324
1690675200,6933244879,7065485165,6690875819,6911912186,600980501.2836031
1690761600,6912490109,6983576699,6699152964,6776827484,635031788.5384375
1690848000,6781841148,6912398429,6489862587,6903973164,616964121.6604631
1690934400,6904434530,6950739605,6315811852,6430578624,794462260.9828719
1691020800,6429612790,6493863310,5920636473,6062248045,854650826.0341237
1691107200,6060245584,6161954693,5939455125,6035387435,635055505.2026086
1691193600,6035707027,6126605141,5977866795,6110588918,428699299.71198785
1691280000,6108632331,6133768931,6003656042,6063515759,241839327.66209823
1691366400,6061623759,6123423379,5839285307,6058368362,286063854.2259675
1691452800,6058134883,6278037548,6008488524,6168911204,426596425.0668616
1691539200,6164088509,6217899803,6116446907,6176606700,1209349798.0214574
1691625600,6179856995,6202825261,6074142266,6109341981,303769015.2175969
1691712000,6107252744,6147912997,6079284045,6143220346,240715153.286998
1691798400,6143584872,6172952609,6122930224,6135883894,200838445.26694953
1691884800,6134697873,6154254411,5959772896,6021642759,235115660.05842245
1691971200,6022129588,6104913967,5992714397,6033273777,247624936.26048613
1692057600,6033928167,6042408101,5695709629,5825167907,258967841.06464505
1692144000,5824179603,5844855925,5355692338,5478935288,458326953.1555756
1692230400,5478013026,5568605853,4278116457,4770235093,658971411.7747971
1692316800,4769906783,4847842560,4652396589,4705566735,887597077.0217682
1692403200,4705265252,4775993629,4676498451,4717257058,412906100.33837754
1692489600,4719075475,4843763727,4709118079,4800299527,275873770.1353037
1692576000,4800523434,4937184503,4738147121,4926237778,352822143.7983236
1692662400,4927346959,4953262936,4571790025,4762390378,327616112.59608716
1692748800,4761562762,4907479925,4713523348,4829806197,373872978.37005925
1692835200,4830034320,4845242166,4703607219,4771675087,277893892.42652327
1692921600,4772435429,4810971970,4680467054,4791307474,253034294.41321704
1693008000,4791371045,4817611533,4776373695,4781470947,239513466.46686497
1693094400,4781729651,4847852179,4771187632,4810385069,176293542.18497843
1693180800,4810823581,4833052413,4710968358,4821286312,245099151.3618929
1693267200,4821229081,5194869260,4755300783,5069439596,219212496.84482917
1693353600,5069490666,5078307032,4902193215,4978772567,579821427.5530572
1693440000,4979218709,5025212459,4655306195,4702814302,285267452.57884145
1693526400,4703360589,4727085534,4556244188,4637595646,389521100.22565746
1693612800,4637301118,4758755926,4635312348,4754244721,270846966.4224856
1693699200,4754308545,4776544499,4682867150,4706132360,212263283.86688507
1693785600,4706355719,4782816283,4639026016,4692408356,223091294.64068764
1693872000,4692168323,4693812473,4607002756,4647616284,259032913.8152055
1693958400,4647206528,4688163984,4530592864,4626913477,216673670.11241573
1694044800,4627320254,4732549330,4599742041,4689887652,231770086.64833364
1694131200,4689823167,4722562910,4532766443,4609879626,240071712.55700347
1694217600,4609942843,4657752313,4605019273,4642426916,153738320.69140998
1694304000,4642669935,4643353298,4427179704,4500382102,210856643.94194704
1694390400,4500597532,4537088695,4250210475,4332639413,277679445.4133222
1694476800,4331919253,4523082101,4320921311,4414220326,325810342.3812114
1694563200,4414435357,4619468794,4394210465,4565284703,319068807.74797106
1694649600,4565688889,4667361706,4564277049,4628884957,254385970.78459165
1694736000,4628934139,4878375166,4612461203,4856154559,239350279.84735864
1694822400,4856213162,4932873749,4747627134,4817834733,291972271.79837596
1694908800,4818085733,4818934257,4622763781,4683236196,220137180.15635875
1694995200,4683654403,4992818059,4642093485,4852982208,330813359.18134856
1695081600,4853577836,5037570029,4841321478,4960404584,370329226.4038212
1695168000,4961142713,4991756026,4668876882,4758052854,339903007.6012942
1695254400,4758725042,4789577352,4640601328,4768443427,338555348.10264766
1695340800,4768755490,4852499769,4718962753,4743103154,302220502.51781285
1695427200,4743526755,4808819007,4743031151,4796389794,235960331.77310655
1695513600,4796473152,4797327794,4668286721,4686023286,194779666.25622025
1695600000,4686228551,4791449573,4614010948,4739461170,216493553.95924005
1695686400,4738865265,4791183732,4649557661,4699624793,245336422.8298829
1695772800,4699491050,4825523622,4646580594,4680526387,187645492.16021252
1695859200,4681602964,4826341779,4652694028,4807963321,218755393.53616652
1695945600,4808181856,4900572893,4787031052,4832760451,242136658.0355214
1696032000,4832478416,4907372488,4817824502,4863198829,174440591.8427215
1696118400,4863430161,5071511647,4853932941,5024111569,194602753.15630817
1696204800,5025249551,5042418834,4700279589,4866101864,270548699.56293344
1696291200,4866338692,4930474328,4813375237,4828404570,243544912.0221906
1696377600,4828628483,4828890721,4649635933,4749654033,218415517.6782176
1696464000,4749138617,4811552487,4705474381,4778604139,176396712.17086294
1696550400,4778884873,4864499059,4751304456,4831394109,202368858.3111378
1696636800,4831559540,4885527864,4793938378,4828900207,168464501.85730243
1696723200,4828952599,4866164057,4797020163,4823319559,179570882.8089379
1696809600,4822988022,4823268539,4545022408,4652097647,195027716.8711159
1696896000,4652313715,4706887038,4617842698,4694264257,184933560.32604313
1696982400,4694446071,4700012327,4508865886,4538777767,182846367.1999409
1697068800,4538871485,4539286347,4453176003,4508384414,174713301.4575317
1697155200,4508792305,4581055378,4505238994,4540239432,212138496.94510713
1697241600,4540293178,4571356481,4529634088,4544655978,139479415.6121416
1697328000,4545088385,4584336255,4529617553,4546348139,117858804.47186431
1697414400,4547080241,4888842262,4544157172,4666259709,209747925.6154992
1697500800,4666563458,4672576369,4534406374,4581050754,292382396.2531618
1697587200,4581666869,4634558878,4430274510,4442024740,185867471.0474568
1697673600,4442775050,4563658588,4409179345,4560009790,194252347.60571945
1697760000,4560226886,4740629915,4546590169,4678313489,241591109.6166125
1697846400,4678729389,4823142124,4678158730,4777171045,178363061.9637721
1697932800,4777924442,4893470313,4666523240,4815366369,231472156.2539401
1698019200,4815897925,5150350798,4791586444,5097712683,381737187.34723294
1698105600,5097451964,5366966828,4958758366,5099979279,597172128.9128026
1698192000,5099890316,5195717261,5000523909,5070993886,407083641.40726787
1698278400,5071605975,5208969732,4899753101,5075461266,391980452.5873421
1698364800,5075527756,5152714951,4842902827,4947411631,328979728.24913687
1698451200,4947614993,5047156033,4945739451,5001175571,326075492.7309511
1698537600,5000162831,5113044422,4952599226,5078532899,230459238.60198972
1698624000,5078577620,5149738676,4996087179,5112582389,269026510.2796609
1698710400,5113183515,5204457069,4995582118,5089303001,304286518.17585814
1698796800,5089155350,5198999197,4913824562,5166645374,294949463.35345113
1698883200,5165285399,5223706394,4981384542,5124085140,433254003.5902301
1698969600,5125093277,5136711406,4988398598,5130200416,285891381.1253448
1699056000,5130827992,5248555946,5082452445,5205100399,193069257.15803707
1699142400,5205534859,5342542091,5172804395,5294386747,285802265.9849008
1699228800,5294272516,5534711772,5236601145,5498445727,302193068.7323536
1699315200,5498152467,5503235742,5253142118,5427914370,354721786.00359106
1699401600,5428004456,5487460174,5355093904,5397750815,304471389.1226767
1699488000,5397820623,5629069473,5118797175,5456101239,313585173.5253861
1699574400,5456524596,5569561195,5229819768,5413365859,591341855.6223416
1699660800,5413734039,5607748508,5241492228,5558950332,364869012.4060754
1699747200,5559560303,5668779255,5335980382,5528561720,480842921.1360859
1699833600,5529762010,5619137842,5212672534,5257298364,335062990.82691866
1699920000,5258388549,5358572737,5034458809,5216435095,362356959.28542405
1700006400,5217592399,5491833079,5215485311,5473680748,384742725.21329486
1700092800,5473901314,5493982125,5163348358,5245444163,340114430.44907606
1700179200,5245815426,5294479134,5028586682,5193314372,404581324.12158936
1700265600,5193328569,5197655086,4991085129,5162706574,310204821.72287875
1700352000,5163373527,5224189857,5064415784,5214730779,228151946.03941077
1700438400,5215458257,5249549472,5078345470,5139362193,227439303.79197407
1700524800,5139414296,5312195194,4823180507,4892242657,293414974.9752482
1700611200,4892559316,5107826907,4881524337,5078640263,423686755.4408196
1700697600,5078871718,5223799198,5057162911,5138744920,338457177.42980415
1700784000,5138748803,5303132436,5132829922,5228715330,259188327.79198468
1700870400,5228744932,5338424878,5216511841,5314543250,298436626.5906587
1700956800,5315425532,5315425532,5098436695,5176897005,217053364.2141102
1701043200,5177746885,5212241995,5024253703,5117131805,282343625.4175671
1701129600,5117850882,5192605363,5013959864,5156688006,262268586.10348955
1701216000,5156850652,5208262145,5116252194,5176390652,326094227.55561095
1701302400,5176752688,5186712386,5110462014,5132866237,239802224.29068285
1701388800,5133273483,5338692330,5117233670,5292404353,285152763.3845254
1701475200,5292534264,5378636713,5269916851,5340301647,287464119.87133384
1701561600,5340580717,5380201854,5276973450,5347414831,267167905.9866061
1701648000,5347532625,5551165044,5319239256,5393459523,497838971.99831223
1701734400,5393599789,5499254736,5267015422,5496887768,392641545.1659282
1701820800,5497201588,5537630166,5339011433,5357049323,487819638.5010572
1701907200,5357025015,5508799901,5319150768,5474021702,351238834.29754424
1701993600,5474301587,5832145154,5425679224,5807530827,425397740.87695104
1702080000,5807729160,5881463491,5605452609,5645486040,542242013.6936784
1702166400,5646177621,5844154864,5646073703,5710356262,601646396.4844683
1702252800,5710742786,5732849200,5229578100,5375629836,455425833.04151857
1702339200,5375892810,5449570747,5252170333,5350414650,413652809.54814714
1702425600,5351479535,5475028626,5191957058,5407667325,343987245.0168658
1702512000,5407947006,5477879480,5286452019,5396123635,398990011.996631
1702598400,5396254515,5398592536,5225462166,5248466062,378761581.2117291
1702684800,5248699966,5365057569,5215128104,5339990164,265468847.0849366
1702771200,5340461960,5443080398,5240931960,5263375937,289057305.39915997
1702857600,5263431943,5289297410,5034964980,5239093280,327725872.97979873
1702944000,5239101108,5300402043,5156336753,5231036962,259980934.72887596
1703030400,5231807116,5318642789,5135324714,5166384010,254711319.23224905
1703116800,5166562283,5259498175,5102276439,5247470248,454342479.2585346
1703203200,5248529297,5460120318,5205846452,5446027841,331715972.9808872
1703289600,5446052911,5486239640,5282370539,5367525313,359476110.52568763
1703376000,5366538333,5401425339,5190453363,5263696220,284366050.92222214
1703462400,5264651241,5387182207,5225628771,5347243394,292743493.7141027
1703548800,5347628120,5509805499,5262991934,5422433183,358491515.8351316
1703635200,5422455747,5719244517,5337861804,5622520617,548748633.9350505
1703721600,5623832608,5745038146,5521565525,5667261478,543906850.4823028
1703808000,5667610892,5760904050,5398010457,5424145956,553572587.707687
1703894400,5424662790,5478976030,5361068952,5420651508,405862670.1367509
1703980800,5421213909,5496852365,5292545034,5392434977,270529031.6904303
1704067200,5392657021,5535387336,5334496483,5529652693,273903244.42125124
1704153600,5530271012,5620606988,5372476407,5404145036,336680597.1683466
1704240000,5404958952,5451578204,4342702598,4831425638,593436045.5527173
1704326400,4832249486,4967904183,4784970193,4920019636,545704526.8039823
1704412800,4920358267,4946107474,4708195712,4891702834,395171187.0247505
1704499200,4892059043,4898071852,4688046983,4865510114,360759725.76069474
1704585600,4865620692,4917631830,4720438801,4762223456,242645558.3831907
1704672000,4762534365,5066569105,4524718452,5019943314,418112197.19296104
1704758400,5019863580,5025403414,4766527548,4965027924,403841280.32577515
1704844800,4965203866,5275699831,4822777986,5191560433,489880495.1670748
1704931200,5193454999,5525832486,5154615711,5327976532,651116291.861504
1705017600,5327477601,5714938135,5222710602,5403640084,737638857.2513381
1705104000,5404741710,5449389774,5260103080,5332409941,808502022.3046501
1705190400,5332151341,5354169135,5149107995,5168477734,301288037.3997687
1705276800,5169048304,5301160601,5097166666,5118923401,334365569.5782624
1705363200,5118767966,5221309451,5067226040,5142507989,308011012.8463826
1705449600,5142901860,5183767046,5066277733,5145450257,333446573.4181163
1705536000,5145707174,5206842250,4905640647,5042014422,285844746.35048
1705622400,5042502476,5297765595,4961072882,5278645265,413822563.8985326
1705708800,5279138965,5387353241,5219666912,5283663277,479053985.72951907
1705795200,5283946034,5354524336,5222327229,5313714557,244412675.63363653
1705881600,5313960382,5383940185,4942371032,4989481417,395276279.76281023
1705968000,4989934490,5065992539,4679535265,4849856991,408647811.3126054
1706054400,4850055564,4914108282,4805552330,4897913784,326801475.65871596
1706140800,4898203965,4901111310,4786115251,4853323928,247692756.75173444
1706227200,4853770357,5004612912,4830316038,4966658763,241225795.20726496
1706313600,4966922136,5064060017,4918356051,5044100127,230919575.29811323
1706400000,5044473165,5077169566,4990986696,5067340168,222799825.02759308
1706486400,5067642085,5099322004,4955342079,5073220251,248679117.1541882
1706572800,5073521599,5095525404,4981428509,5005156659,264153916.04152268
1706659200,5005409362,5188570268,4905301175,4950535245,321699832.58000386
1706745600,4950770991,5048659213,4872163782,5005647722,270396595.25854
1706832000,5005875534,5071878930,4991043310,5043697705,213207334.7558177
1706918400,5044661656,5128467415,5033536998,5100284947,188816029.56597203
1707004800,5101282797,5107957927,4929954456,4963330107,202922998.47410095
1707091200,4963576874,5059258497,4936133308,5018464007,208379005.71785408
1707177600,5018721115,5096605495,5005369507,5059517695,201420887.905876
1707264000,5059764103,5102788047,5024158081,5089435788,215780404.40509397
1707350400,5089712372,5240304358,5073392059,5231402368,261781755.598748
1707436800,5231653155,5337740279,5203462171,5241297439,403592772.58299
1707523200,5241569441,5282374299,5193345518,5254923758,270526025.4808536
1707609600,5255159268,5421353772,5241804352,5310062809,296772359.31803787
1707696000,5310325381,5449816952,5219804256,5405298366,239931079.6601692
1707782400,5405563357,5430049780,5058301360,5119146410,337596585.4152671
1707868800,5119387013,5252213549,5081542580,5183945162,560933665.913585
1707955200,5184205385,5265834728,5127806929,5181237045,389992283.0393252
1708041600,5181471815,5272010279,5114681144,5241583418,375468403.7746598
1708128000,5242580724,5250002271,5060010670,5195824978,277288991.5629178
1708214400,5196079640,5294048860,5184204583,5255454925,269761490.39081997
1708300800,5255702759,5324729783,5231209299,5293556289,269154463.5916568
1708387200,5293800114,5306418538,5016194780,5170584912,318151004.61905915
1708473600,5170850055,5173076950,4998636846,5116662278,370063120.62397486
1708560000,5116928089,5177799712,5041952064,5108020046,300200071.6570887
1708646400,5107519369,5126078669,5008783893,5103807509,268772535.3243835
1708732800,5104078641,5244394403,5094427293,5226576529,263034533.77587593
1708819200,5226823368,5240929852,5179306792,5208262206,230781638.235199
1708905600,5209255473,5417892986,5131294837,5340674832,242798062.72630712
1708992000,5340911301,5672073047,5340911301,5495354447,665883247.7990012
1709078400,5496369910,5785222639,5263951134,5533497510,496873871.4383732
1709164800,5533765316,6310512300,5496635919,5939960918,1116186639.0781217
1709251200,5940231867,6399172146,5940231867,6305601798,874201485.5797267
1709337600,6306655970,7023321421,6276949630,7022578763,890638341.3397151
1709424000,7022902040,7034042430,6243817412,6740678819,901296876.9211566
1709510400,6740997046,6883600774,6505552350,6606563324,634958946.6706125
1709596800,6608348497,6828948643,5342683010,6097328629,990689108.0784184
1709683200,6096141635,6496509656,5934954510,6383604388,1252163408.9624465
1709769600,6384678094,6660270365,6200454689,6539930883,596040770.1486737
1709856000,6540296249,6653213676,6278060381,6572239995,639262110.3543109
1709942400,6571857591,6769473929,6465620237,6749415127,670871518.2607552
1710028800,6750474920,6758647408,6355966646,6508272100,528449296.587632
1710115200,6507823668,7854859210,6218058714,7720378552,818332087.3312713
1710201600,7720742886,7747491683,6827630294,7247437793,1577658658.1340523
1710288000,7247767600,7353281543,6993642470,7226218978,863384271.8939557
1710374400,7226564216,7300873359,6662557816,6993976596,670343217.3580643
1710460800,6994316605,7084235040,6199170114,6666597350,1105641413.2128909
1710547200,6667669638,6743472392,6115498602,6252983988,541440956.4874287
1710633600,6252559466,6445048816,5995411531,6379647029,664420971.1451997
1710720000,6379964637,6537531331,6000169445,6445369680,434497990.3644895
1710806400,6444923422,6522223853,5738070444,5831722889,977411673.9433492
1710892800,5831996518,6335959511,5721243589,6289131091,673422414.9796807
1710979200,6289409775,6466324978,6214332316,6373407329,654698380.564197
1711065600,6373724567,6405689829,5992371558,6199030694,503126571.05102533
1711152000,6199351745,6504896003,6162180911,6340600916,512041820.2590081
1711238400,6340916489,6732716581,6338686127,6663575388,485102379.78674406
1711324800,6664676281,6841627749,6582891990,6736051663,668832083.3224715
1711411200,6735639389,7213729259,6515554473,7120787993,554445607.7136097
1711497600,7121861965,7350879869,6869049993,6955303489,1303543334.5031586
1711584000,6955656018,7175018700,6941527574,6995066940,823989210.0541023
1711670400,6996157463,8203827501,6906920760,8107898046,1139611515.9711378
1711756800,8108255119,8123128558,7523728977,7652384222,1413065352.298642
1711843200,7652770097,7934635973,7545675938,7814898754,520751996.18021375
1711929600,7812386686,8378911110,7233966735,7378943458,612587311.7827164
1712016000,7378943458,8102340131,6940295937,7941007060,612587311.7827164
1712102400,7940263590,8162561231,7181923809,7312774594,612587311.7827164
1712188800,7312774594,7753652526,7159619698,7316491946,612587311.7827164
1712275200,7320527371,7458889133,7076534588,7281845589,831897597.788672
1712361600,7282949864,7623663963,7233107408,7558199246,547892102.6798174
1712448000,7560038304,7879193631,7458116906,7532512087,555614923.2191734
1712534400,7532136396,7884786796,7416818227,7683165998,718162521.4999044
1712620800,7683537124,7696185534,7181320841,7256467277,582081965.1906737
1712707200,7256839110,7308923468,6962190460,7193593819,589820669.4759885
1712793600,7193216499,7436537260,7062254866,7349477538,456402133.80855125
1712880000,7349852864,7404174951,5970964805,6409262197,593531083.7768482
1712966400,6409604563,6446813460,5261338008,5759937225,1117830083.4491496
1713052800,5759466331,5987939798,5494526414,5939565937,1345007409.3567612
1713139200,5940583534,6167579021,5636930554,5816294201,737391206.7298217
1713225600,5817323244,5986275698,5614133730,5950550069,633613506.21685
1713312000,5950828895,6017073269,5683618441,5970181184,397486014.6135575
1713398400,5970473449,6140186445,5855098385,6011412987,557180594.1404494
1713484800,6011691105,6118138830,5649173328,6020623781,490157215.43876094
1713571200,6020912421,6402058213,5978480175,6332826653,347584427.980376
1713657600,6333149919,6380051112,6163412270,6266892679,332782609.6034838
1713744000,6267194675,6439174001,6253793688,6358768082,336662368.0115435
1713830400,6359097444,6429828536,6257840302,6332294083,335999983.4165477
1713916800,6332592290,6529159528,6131557614,6196335454,380998698.00914526
1714003200,6196609560,6330638606,6093109352,6235329062,585141894.083207
1714089600,6235645704,6590840712,6187243868,6556587106,490138471.4997341
1714176000,6557631153,6584439548,6194973151,6244121874,538149726.9657586
1714262400,6244460418,6357657554,6222118878,6251162880,357557050.7762282
1714348800,6251477130,6374361777,6087630934,6217963136,343327069.4065172
1714435200,6218236044,6292714856,5757956983,5917341642,370134035.0756596
1714521600,5917658449,6018955056,5554927213,5965327441,462410229.64359593
1714608000,5965560202,6044515051,5850852215,5952897632,366861432.20103425
1714694400,5953180349,6152811522,5910721480,6097689482,298861813.7619745
1714780800,6097956038,6182877488,6079332913,6083802463,295999439.51001376
1714867200,6084848073,6092297691,5990237923,6058774409,252556197.4955218
1714953600,6059094138,6272909461,5965968998,6019609078,378240122.5792023
1715040000,6019904503,6154756325,5949125923,6022139617,317646424.9952243
1715126400,6022436162,6131962095,5911420080,6086512558,341973120.14233094
1715212800,6086768350,6192573357,6013747992,6186612511,351949588.54715014
1715299200,6186860045,6219646007,5929043162,5976731834,266751864.3172252
1715385600,5977057687,6129073616,5970351102,6062752941,322051402.10575074
1715472000,6063054482,6121181110,6025048609,6065290121,211992300.0724789
1715558400,6066356356,6147588892,5882278958,6005245641,295897377.67677325
1715644800,6005570479,6081590358,5855766599,5870672457,340087083.7575766
1715731200,5870971291,6172084964,5829978093,6143017060,348477349.167295
1715817600,6144060684,6205926151,6068033244,6146296786,364946638.9735976
1715904000,6146588488,6277779317,6107827561,6273306902,311626820.01532423
1715990400,6273578318,6319795269,6223634194,6252706147,300793911.1653057
1716076800,6253010736,6291775228,6099443710,6143426499,231584125.3008706
1716163200,6143726781,6641725748,6142235766,6608923421,265326558.87342915
1716249600,6609092964,6680663514,6487572134,6580017428,487977560.72642875
1716336000,6580484654,6595396244,6328478784,6394089780,529422390.2348659
1716422400,6394395300,6554702551,6037991271,6369790001,489252130.6676294
1716508800,6370107694,6444672925,6262733761,6334316383,713579583.9889312
1716595200,6334653528,6408477036,6295131852,6336144912,341429569.37885725
1716681600,6335679588,6356559888,6230532363,6255887013,238909995.49913007
1716768000,6256172239,6441866230,6247968890,6353120909,289936206.6065833
1716854400,6353437709,6373574206,6118511911,6217702803,408493467.0996454
1716940800,6217983135,6272428711,6158316750,6226933093,348648731.29428333
1717027200,6227252442,6371950846,6105675948,6288413623,301975978.8864703
1717113600,6288740324,6314847063,6117927664,6204452855,372365079.00665224
1717200000,6204723709,6239782860,6180853649,6221134376,265434939.83609867
1717286400,6221418978,6225148846,6128918264,6195309906,223607029.7042317
1717372800,6195615114,6283644324,6163536674,6176218848,299203322.28980976
1717459200,6176503439,6243647455,6052660031,6240663276,321546300.1858071
1717545600,6240210494,6375996997,6230511458,6373012678,314528235.23270655
1717632000,6373344749,6401697254,6280079929,6281572166,284103839.5872389
1717718400,6281849993,6327365238,5629713528,5975927853,345235847.0035336
1717804800,5976214675,6000838858,5886672190,5965768052,552071439.4237535
1717891200,5965314645,6022027669,5932480789,6005610741,280853054.6237082
1717977600,6005913044,6007405567,5900690163,5944719596,321821938.068452
1718064000,5945000895,5950224973,5650213630,5766635942,500954950.272684
1718150400,5767658515,5913939709,5698249581,5858711095,408037388.7632254
1718236800,5858308647,5952352078,5768743474,5905330362,386930351.26193833
1718323200,5905611238,5988462963,5699601544,5789170976,327019625.1623664
1718409600,5789462311,5927555468,5779758467,5910387130,350105473.0523394
1718496000,5910682570,5977866383,5865893361,5892766887,227671946.89223745
1718582400,5893037750,5910954256,5607120159,5714619201,260937633.87655425
1718668800,5715632247,5729070253,5277403912,5422235764,586907998.6478045
1718755200,5422494962,5592717852,5410549496,5503873449,411358388.9952687
1718841600,5504879017,5623592670,5466801053,5575808558,287249074.3038314
1718928000,5575310209,5576056869,5389391870,5534243909,356500286.232256
1719014400,5534480630,5588242450,5491172498,5567335075,265540442.6246536
1719100800,5567603491,5601952976,5473515771,5475009227,175211591.8023235
1719187200,5475296092,5479776694,5045905032,5200485813,402990398.05572784
1719273600,5201489415,5371760712,5180578905,5323965260,436772562.9347513
1719360000,5324965179,5372762903,5261483827,5301813157,268724262.4560721
1719446400,5302073601,5473855110,5266970423,5467880101,273898527.8617577
1719532800,5468146860,5574208443,5412128418,5437523445,348078490.34234643
1719619200,5437041761,5723870176,5434053965,5586431560,286466138.8592277
1719705600,5586692390,5665872681,5527680664,5616571745,322026933.3696915
1719792000,5617434349,5663001303,5532276435,5547216420,282515780.3713824
1719878400,5547626242,5685084259,5543890970,5674625496,234356597.19537312
1719964800,5674142843,5684602092,5356629912,5382030947,315079178.1477984
1720051200,5381563874,5404724846,4856332803,4880988031,434424662.463162
1720137600,4881232611,4896923087,4264821023,4619724664,722206326.1829046
1720224000,4619954208,4905385634,4590066101,4886705567,318825552.2316043
1720310400,4886942642,4899645704,4605980802,4635123120,245327200.49281967
1720396800,4636099520,5000022870,4429851379,4850567695,364292123.7141912
1720483200,4849912496,4951543945,4802085932,4879056809,393358672.05786115
1720569600,4879390196,5027363738,4821844929,5004943505,233563298.6834519
1720656000,5004443078,5165129348,4965579423,5034338198,236605579.5949844
1720742400,5034589535,5187809674,4991986863,5175851029,300628619.2069536
1720828800,5176102926,5280746162,5170123313,5218707672,262414006.17047313
1720915200,5218970370,5270547132,5177858458,5228687731,240652072.30919403
1721001600,5228952229,5422561754,5213254160,5406116158,266815582.2657213
1721088000,5407120004,5538691015,5262092867,5474400635,393554979.6450022
1721174400,5474672043,5551674805,5322161720,5337113713,319957566.9295655
1721260800,5337358223,5452493840,5272314076,5355301436,275729473.2151541
1721347200,5355568706,5538748146,5210520496,5487158835,268007050.53081027
1721433600,5487451477,5527080163,5410437238,5462777012,280435287.4517939
1721520000,5463030439,5543039234,5332174933,5532570794,211871969.04968932
1721606400,5532832071,5578446716,5293542131,5329435622,342950383.98524797
1721692800,5329680167,5467278196,5269854938,5452321889,432639710.7495
1721779200,5453328114,5507921224,5292540190,5330680581,287849037.7763269
1721865600,5330925161,5357849025,5033266882,5146197535,340481410.0981315
1721952000,5146452992,5360358756,5141965459,5331937710,297026800.79866356
1722038400,5332206830,5410742630,5258158790,5334450710,201066754.15408635
1722124800,5334709245,5367621080,5262153609,5316757335,252940143.54604107
1722211200,5316991899,5741872512,5313999782,5513723591,327440146.2182503
1722297600,5513230288,5576067648,5320229824,5362869462,354667126.9702547
1722384000,5363111415,5452883123,5228453854,5245660098,249438832.4254836
1722470400,5245906395,5342415511,4936927595,5204010964,293776962.3462141
1722556800,5204278336,5228967983,4785302506,4863860474,339123699.04323804
1722643200,4863967335,4959735342,4679165007,4832543457,338403992.6793971
1722729600,4833634428,4877032384,4519373366,4670517972,272010434.29193443
1722816000,4670727079,4678209821,3742118892,4193328189,924044774.056961
1722902400,4194287000,4438236610,4192042065,4360412195,501680396.50481737
1722988800,4360628886,4454172496,4146601108,4190753692,332356218.11334467
1723075200,4190971392,4637010490,4130351984,4579384634,341376918.9878491
1723161600,4578847699,4583338233,4443383261,4545168695,279826837.0594741
1723248000,4545403265,4606777062,4502740991,4579832468,215959184.97692508
1723334400,4580048927,4663880514,4404152294,4470768466,188418123.19740203
1723420800,4471737627,4645397341,4432813898,4604228012,274449473.63773113
1723507200,4604461365,4752678460,4576764232,4748935604,274630289.5215471
1723593600,4749156455,4843480811,4690016581,4796318633,244973378.8875273
1723680000,4796569707,5006939004,4762132029,4889401710,320491947.14897215
1723766400,4889637234,4999693378,4815517791,4981725028,396023436.35825187
1723852800,4981218765,5081546935,4934049551,5059834122,264222118.30964655
1723939200,5060829966,5102011450,4950763092,4967235685,204812924.1915861
1724025600,4968231593,5049101075,4942772682,4965985218,240836435.87228015
1724112000,4966197442,5041079792,4732564511,4824669801,249411545.53008217
1724198400,4824916246,4850377545,4648184873,4814432182,310423027.2661195
1724284800,4814700994,4820692223,4682893967,4776506912,290254029.6026306
1724371200,4776749675,5006674754,4755779310,4952002015,227980760.8521928
1724457600,4952254098,5094560250,4904319394,4988954105,293420901.58101547
1724544000,4989183910,5010156309,4828145846,4856608388,259807110.71222112
1724630400,4856837354,4876312643,4722757483,4726502730,204315446.7528665
1724716800,4724466866,4791884342,4427829974,4524461689,244371343.33009633
1724803200,4524650439,4671476844,4454233694,4630275557,318993207.8669836
1724889600,4630489188,4789308749,4578048766,4681431311,263334789.473863
1724976000,4681634403,4900395364,4612709717,4864434659,372183062.13207537
1725062400,4864652174,4974786760,4858658455,4866899819,333152165.52025145
1725148800,4867156411,4879144481,4711311501,4762260798,188713187.58155677
1725235200,4763250427,4924348247,4691318377,4898123020,253330827.38665125
1725321600,4897615560,4970300491,4818935996,4822682642,245815426.1196282
1725408000,4821421237,4960053958,4652813873,4901603405,315544859.09577596
1725494400,4901855234,5134170648,4829162992,4951315935,356523392.32994556
1725580800,4950822926,5004782849,4587342890,4722242697,351020627.0034885
1725667200,4722473077,4805665350,4619794326,4651272483,357828822.8036473
1725753600,4650737851,4667976686,4491091250,4565293191,239265605.81971163
1725840000,4565526553,4631487206,4474081102,4603004197,287961401.98028684
1725926400,4603858547,4630093495,4524404134,4612853387,343555791.1359351
1726012800,4612429926,4678396744,4507482715,4659656171,276858397.37627417
1726099200,4659872565,4731839709,4612644127,4711598950,256157570.4599996
1726185600,4711803998,4872237738,4679567312,4866989905,225321277.42248672
1726272000,4866479570,5006678566,4866479570,4943701477,257157791.26153013
1726358400,4943980898,4972472143,4719050011,4743042639,220530927.387722
1726444800,4743262467,4778503273,4656285160,4694525183,240660402.8938729
1726531200,4695504333,4800482073,4643765304,4780986207,245128016.61176908
1726617600,4781220126,4863706672,4680736516,4862206916,274841378.2857177
1726704000,4862440340,4953929810,4851941549,4905185421,346568827.8360104
1726790400,4905417626,4982662392,4825923012,4898668083,284561664.9187838
1726876800,4898904460,5034651813,4862905162,5013652222,245472210.59087428
1726963200,5013897478,5158651736,4986146662,5153401582,241861977.29464388
1727049600,5152902315,5197905828,4999140310,5022392125,321644979.8202595
1727136000,5022625648,5037627517,4928113875,5001623032,252448181.31694067
1727222400,5002628212,5088143225,4944868073,4992126369,248425820.9592601
1727308800,4992348891,5142381915,4923333699,5140881585,277113745.3550765
1727395200,5141133431,5342187533,5124628990,5335435716,320399999.1786743
1727481600,5335689525,5364948790,5178889875,5249412206,302975726.8858356
1727568000,5249670217,5274429273,5140130149,5197901281,210801412.93795112
1727654400,5198153287,5204906084,4976061287,5015827760,281258086.9433173
1727740800,5016043351,5144352014,4652877311,4756424653,249981491.95380637
1727827200,4756659592,4857960908,4670365878,4722142106,422039997.9299716
1727913600,4722373374,4799666312,4648082104,4760644635,327209343.66179717
1728000000,4760878959,4890707468,4749622152,4873447030,261297718.43940023
1728086400,4873554993,4978620854,4853292291,4974118031,215239306.5654655
1728172800,4974511983,5076584045,4963254035,5030801723,213630279.94072437
1728259200,5031040517,5099341978,4840396882,4859161019,232663125.35963407
1728345600,4860128497,4963711158,4843615319,4927682407,264448439.14426124
1728432000,4927920798,4948187951,4810821690,4844600279,223348697.78423047
1728518400,4844845934,4880878256,4746507723,4823076407,238594179.55966315
1728604800,4823297667,4944912332,4822546960,4918637559,211189677.39371696
1728691200,4918876298,5000707420,4885092807,4967674674,193294698.13991228
1728777600,4967906682,4975414475,4836520303,4863548358,168126417.0725718
1728864000,4863780757,5054487813,4814226954,5015445424,247054845.3820854
1728950400,5015695924,5400132497,4901566316,5319791260,329742915.4316457
1729036800,5320060490,5480751096,5205925106,5260740126,915828543.0153157
1729123200,5261004603,5552364835,5248238819,5465257137,323409937.7483639
1729209600,5465521874,5616465800,5397935041,5487299853,448095665.0510806
1729296000,5487568386,5717374862,5484564379,5624250669,346178418.9104416
1729382400,5624528698,5692122180,5529897824,5578715339,243514355.85041004
1729468800,5578986925,5600768107,5283063278,5312355213,308219373.0111462
1729555200,5312605862,5374948049,5209703698,5257774782,427432591.44930774
1729641600,5258024595,5284314718,5096528125,5258024595,268601805.2990091
1729728000,5258271782,5352169493,5200430793,5338648222,269857750.3490035
1729814400,5339639299,5425277858,5019621524,5168362180,246796574.26465556
1729900800,5168605130,5226451438,5106251318,5133296345,339235388.9152054
1729987200,5133549166,5343158447,5104248944,5333391706,196659585.19005337
1730073600,5332879533,5368942961,5223937925,5312593854,227636215.34807545
1730160000,5313602419,5582588515,5309845630,5554788276,313806187.36960304
1730246400,5555064127,5577605981,5370220927,5390508596,320486459.9676679
1730332800,5390742647,5414788335,5140517208,5206642850,262616847.75840545
1730419200,5206144294,5333141751,5082904158,5271521683,316055690.1542905
1730505600,5272529670,5349934253,5173331563,5196628088,288438133.32521987
1730592000,5196870546,5204385904,4906026164,5022514224,239150205.45638493
1730678400,5022774861,5087410300,4843900041,4924318553,293288945.69186175
1730764800,4924531902,5053056773,4872670989,4911754575,290206962.40309215
1730851200,4911996779,5382526233,4911996779,5337427563,605169246.7809703
1730937600,5337677430,5443664265,5261757782,5373758055,399301065.6866467
1731024000,5374777412,5492797000,5315391760,5474755789,357884945.74440277
1731110400,5475035275,5579529288,5385576371,5565245934,386773176.4618215
1731196800,5565555935,5880559033,5525710674,5758016062,561511673.7367227
1731283200,5759062290,6043256225,5613206143,6021452987,822472426.324498
1731369600,6021744314,6227757292,5575884109,5774378366,1750838347.5445738
1731456000,5772408717,5862637849,5409988371,5673908582,854568417.7744392
1731542400,5674945862,6386287956,5585464140,6197549198,1641990158.6602223
1731628800,6198608712,6563321223,5932406178,6294110751,1374265589.8555079
1731715200,6294420964,7403652854,6232003169,7178046368,1400988630.8944728
1731801600,7179129517,7325780497,6392478618,6558683062,2218900397.753385
1731888000,6559031902,7127616711,6503376776,6710203260,1229517139.068964
1731974400,6710505493,6784214251,6403636378,6520968687,1032222411.1086324
1732060800,6522057902,6611566020,6205394729,6279859466,863710386.431099
1732147200,6280167857,6922551777,6144018572,6736756896,1232628956.206852
1732233600,6737069796,6977786895,6610693320,6941679330,1014807798.5958
1732320000,6942763815,8001217460,6934488769,7492678253,2140047817.0858028
1732406400,7493026853,7764611461,6900957362,7296673439,1612467709.7164726
1732492800,7297787682,7470075659,6856158675,6948697632,1031829089.4483746
1732579200,6949792327,7164974811,6619494738,6982897325,1049004659.7769488
1732665600,6983228541,7439647723,6880899149,7313842765,745027652.932278
1732752000,7313295825,7402161188,7056632189,7193278675,766754739.2856492
1732838400,7193792443,7883606095,7130507477,7881875353,548643281.0365835
1732924800,7882780510,7895498313,7556632818,7731521428,1054532207.575214
1733011200,7733403494,9177132694,7481819532,9006299433,688821720.8060155
1733097600,9006433705,10500356234,8654590490,10007399430,3592577645.078427
1733184000,10007111353,10172692317,9152111466,9850562078,3384868815.732503
1733270400,9851768743,10213805626,9188661687,10070797294,2135179029.5427556
1733356800,10071262249,11077635764,9421673361,10235353069,2595980014.064963
1733443200,10235862144,10489538092,9806796000,10240378630,2172499723.5082445
1733529600,10242393500,10448656606,9936009981,10084308638,1243831276.3226266
1733616000,10086334218,10227112281,9804025266,10161616605,990435595.3218921
1733702400,10163669846,10171198490,7598660723,8332703545,1075918752.4895787
1733788800,8331613483,8647832321,7629155921,8269122617,2374005341.811275
1733875200,8269500158,8938107655,7990913701,8836461245,1572609547.1159363
1733961600,8836874939,9415910115,8778896124,8982951433,1212672213.8541296
1734048000,8984156291,9432949951,8820753231,9375721229,1230094016.7447393
1734134400,9376206818,9437203746,8696204027,8904045411,1004909306.3524739
1734220800,8904501374,9195946066,8610044335,9116871925,761790991.1674927
1734307200,9118101725,9327470873,8690325911,8883126278,946255273.8682944
1734393600,8883554584,9895052151,8624466599,9450686131,938750000.627329
1734480000,9454096524,9719220964,8073491128,8160861682,2302402646.439022
1734566400,8161249033,8410568224,7134596294,7479575718,1790117832.4119248
1734652800,7479951816,7769960019,6530156122,7628722258,1829656987.329435
1734739200,7629848381,7980511799,7364383745,7645517123,986931516.1338878
1734825600,7646735280,7821586247,7283171829,7510982827,829442976.6647805
1734912000,7511633135,8099569518,7371881470,8034778989,714595257.8195612
1734998400,8035178260,8336544533,7824221868,8151204275,755540452.8874428
1735084800,8152397253,8330212942,8052187564,8268429524,595794217.5584285
1735171200,8268858196,8305025974,7611810233,7696955210,514791844.36386746
1735257600,7696581548,8015325820,7504430746,7568481013,542031094.935523
1735344000,7568848874,7657016469,7424917161,7579398843,450423436.1607012
1735430400,7579733272,7644543081,7288089130,7410926327,373411993.38230914
1735516800,7411271746,7749655009,7325357064,7477591851,496106622.42563474
1735603200,7477960825,7881930489,7355865516,7767371928,560038569.4540914
1735689600,7767750673,8131039614,7677305294,7913970703,498236982.16776687
1735776000,7914361828,8175158894,7871398150,7908331838,645951550.2841059
1735862400,7908692501,8645892393,7841605803,8488351720,554099687.1016598
1735948800,8488758524,8503081090,8296534616,8378700914,618079565.6010561
1736035200,8379840320,8751490309,8337624499,8716059174,407869597.3361497
1736121600,8719493857,8834085165,8415676113,8594348087,598171225.5664525
1736208000,8594541174,8663900629,7699653422,7746395664,714066406.5903617
1736294400,7746947303,7913572641,7330760937,7645162594,876598978.5755763
1736380800,7645532070,7976536861,7532432483,7705851849,671227711.949619
1736467200,7706217853,8011601242,7697169456,7838927671,598769018.0793885
1736553600,7837798337,7911697147,7702819897,7868715186,512692845.92680347
1736640000,7869066063,7934673034,7641326920,7714474923,378234962.4689654
1736726400,7715574962,7871681307,6989114854,7415277635,521238208.3239166
1736812800,7415662344,7730153760,7358269545,7721556153,559966611.0464097
1736899200,7721492044,8944223773,7598706005,8834108530,514092383.4306551
1736985600,8831560766,9835472917,8615089851,9381411974,1810072247.3530788
1737072000,9382585267,10640737226,9382585267,10332987826,2822312815.030427
1737158400,10334962236,10522788350,9302295766,9460703333,1591685492.9660032
1737244800,9461184632,9690510108,8398291222,8706824511,1243622912.3291395
1737331200,8708730778,9596653173,8512588193,8932785962,1859037871.2267337
1737417600,8932990959,9406007202,8568610026,8975238024,1614898655.1031156
1737504000,8975170606,9072497187,8619060945,8702807073,710031508.2507046
1737590400,8703202868,8836750064,8390838239,8779407765,588121261.4649013
1737676800,8779107026,9278614448,8520298800,8957933701,765583584.4059218
1737763200,8959189878,9756786417,8912405597,9348555833,1298619290.9540005
1737849600,9349836219,9438127650,8820842257,8836689437,961872815.6652274
1737936000,8836356333,8889182786,8014527650,8679386300,900298789.3850186
1738022400,8679593318,8821473463,8235840525,8295460373,1052995220.6093876
1738108800,8296082108,9007800215,8286270512,8742132374,551459394.8489374
1738195200,8742539227,10108678915,8624039818,9821110284,1525634494.5893705
1738281600,9820814149,10202747279,9456996424,9669852437,1239960141.736275
1738368000,9669551583,9899779002,8886778360,8907913991,1013082736.7455682
1738454400,8908332927,9161217558,7856785790,8235735296,1024755887.9871432
1738540800,8236143739,8237653573,6076326394,8070892423,2180662863.7060313
1738627200,8070735472,8215157729,7442087206,7638601129,1314471097.78772
1738713600,7638739513,8256545985,7588004337,7805063313,806455922.9861289
1738800000,7804690795,8275826236,7518536416,7677846637,871092062.483949
1738886400,7678213993,8159942828,7596667419,7786187697,841340446.8591608
1738972800,7786566663,7940606578,7686138679,7906627185,740951370.1610575
1739059200,7907011339,8240025569,7728044508,8093529514,462706518.40298355
1739145600,8094674552,9246309843,8093919381,9077151610,1249665252.8973384
1739232000,9077608370,9971775451,8900889538,9014170841,1886915534.1366808
1739318400,9011581795,9427721719,8417204082,9215497910,1287935782.9313688
1739404800,9215912016,9762733873,8981020306,9562584989,1578793647.3666365
1739491200,9563047906,10103098396,9402921048,9434644293,1600627517.302304
1739577600,9435122855,10193497953,9392823049,10110409048,1250479495.8757138
1739664000,10111669723,10384366030,9450702219,9495270313,1426140019.264784
1739750400,9495722048,9730659960,9071171865,9240387596,1005812227.1108325
1739836800,9240049552,9803623828,9060249716,9800601982,1167716813.9222212
1739923200,9800723604,10556194474,9793924366,10185258277,1933278462.538034
1740009600,10186084049,10211016609,9515171526,9881604605,1352025623.0095463
1740096000,9885128793,10574964656,9350184882,9677346907,1635243720.693461
1740182400,9678284205,9905715195,9491654788,9508277651,1719249990.306379
1740268800,9508277651,9852068682,9465964909,9809755940,656478482.1155152
1740355200,9810511525,9855091021,8483704821,8671845407,865585131.1246742
1740441600,8671845407,8848652223,8021286995,8652955790,1653931281.849397
1740528000,8652955790,9717574609,8602331616,9407784889,1488072850.6483598
1740614400,9407784889,9957850538,9194710008,9570991180,1981018723.1688404
1740700800,9574013519,9778776968,8618198895,9664683681,2015978767.5320015
1740787200,9664683681,9881536485,9291424847,9386628517,1246945841.0509255
1740873600,9388139687,9816556202,8899276397,9655616665,653136899.9368979
1740960000,9656372249,9843757251,8067377661,8300853328,2085917821.0672479
1741046400,8300853328,8372633873,7105518359,7825590562,1476992197.296321
1741132800,7825590562,8068133246,7603448665,7913238385,1248426585.8525696
1741219200,7913238385,8535840164,7717541953,7811234453,952465588.0919112
1741305600,7811990038,8056043891,7360905982,7834657578,917090054.4768329
1741392000,7834657578,8205649658,7688829735,7729631308,856608438.9281474
1741478400,7729631308,7758343525,7076050557,7144053178,541667886.5366302
1741564800,7144808763,7480439479,6520846932,6604641273,925669791.2827765
1741651200,6605774650,7040235843,6294624877,6816280543,1057475023.732143