time,open,high,low,close,Volume
1550620800,68302643384.86,69612527764.54001,67828635117.24,69164843539.92,8643019013.39625
1550707200,69131890839.78,69975386469,67921932690,68476365210.33,7766423433.61349
1550793600,68476300777.5,69421346221.5,68194928592,69273375696,7820244269.63408
1550880000,69189743486,72904844647,68713484475,72167196153,8913600656.62571
1550966400,72174409732,73508521479.87999,65231024350.12,65528956661.76,10814171010.7042
1551052800,65547521380.92,67760028524.79,65547521380.92,67076839468.62,9511404773.2843
1551139200,67073417070.810005,67222503058.439995,66113226045.649994,66728534998.13,7924296347.68747
1551225600,66689734679,67091375332,64114984520,66735220000,8291338065.01319
1551312000,66733753087.5,68712493612,65900349591.25,66593066849.24999,8402501987.22866
1551398400,66606235531.600006,67519309038.36,66606235531.600006,66892910399.439995,7632234892.28949
1551484800,66899148100,67078160925,66071718850,66975215375,7606772256.36068
1551571200,66990300740.67,67088864721.24,66094967327.149994,66580935188.57,7219844902.33795
1551657600,66588129632.5,66865927933,64573608750,65027293261,9006988721.18545
1551744000,65120642914.88,68122974930.08,64931909840,67580674865.76,10143299767.8523
1551830400,67586685741.75,68030968469.75001,66979136141,67669813008.5,9179607659.47028
1551916800,67709657698.71,68366835069.64,67309094117.979996,67761156219.62,9581319319.84147
1552003200,67767823525.5,68730222420,66303395180.28,67534914204,10599513970.0068
1552089600,67545249721.399994,69403086895.56,67424827837.95,68868835649.12999,10779397955.0066
1552176000,68890490627,68890666442.5,68040598500,68551737792.390785,9705856806.0013
1552262400,68574916800,68758838243.52,67081390278.72,67715972008.8,10120571095.3373
1552348800,67706374073.520004,68163762836.64,66823425600,67915812757.439995,9799600479.34101
1552435200,67945399781.28,68060593072.38,67286951412,67725916991.520004,9469212707.09147
1552521600,67726792710.5,68596027500,66573324125,67819837065.75,10469324856.8459
1552608000,67842387574.5,68728604521.5,67687941667.5,68621125650,9380980700.41301
1552694400,68615409026.88,71021726496.24,68593594188,70194521880,9855791105.44066
1552780800,70235784545.04001,70244581788.54001,69147389579.22,69770058474.15,8226140954.359
1552867200,69777989374.15,70664852318.95,69266107567.32,69857877425.12999,9629886639.38101
1552953600,69866512153.37999,70617975020.78,69543928678.92,70417526260.6,9318862912.33435
1553040000,70379091168.75,71262290531.25,69763949325,70965720000,10163085082.7254
1553126400,70974987832.7,71455007653.19,68950173753.09,69970061849.87001,10816119133.0298
1553212800,69978063545,70413246785,69782125460,70183332015,9256360867.54337
1553299200,70192745011.6,70433951143.5,69738678869.87001,70116157663.15,9567175148.5279
1553385600,70053067747,70078775682.5,69499466725,69931395257.75,9152061206.66614
1553472000,69926287120.34,70082840349.27,67949208266.350006,68832351621.9,10338383028.1764
1553558400,68826092948.25,69068430284.25,68384919237,69037785882.75,10646704721.3117
1553644800,69024332011,71053060700,68956167572.5,70935930592.5,10897237059.4146
1553731200,70938348201.25,70938348201.25,70373423125,70687152953.75,9366530576.80613
1553817600,70690348518.25,72196092739,70604728804.75,71926196852,10880257379.5994
1553904000,71935402812.08,72757327389.37999,71132682903.36,72132558996.86,9734183207.93964
1553990400,72138781760.5,72295428227.75,71832184625.5,72156226080.25,9041245474.72359
1554076800,72156226080.25,73089761494.75,71407001357.25,72888006483.5,10148401078.3493
1554163200,72888006483.5,89699396975.5,72794793906.25,86407530495,21250789808.6377
1554249600,86435349477.22,94111543028.22,84605577600,87724350704.28,22932925898.1185
1554336000,87706683162,89418883517.25,84305022474.75,86512214964,18346949601.4513
1554422400,86521721140.16,89337738997.42,86158017087.1,88872134342,16785487038.966
1554508800,88880704042,92378805942.79999,86716958753.36,88943472402.72,16951205497.9733
1554595200,88970427898.75,92870401447.5,88682298551.24998,91623369167.50002,16604199264.2181
1554681600,91632867804.37001,94348517950,90508621445.62001,93253017027.56,17133697884.5083
1554768000,93261590549.25,93261590549.25,90779560167,91622953138.49998,14696462282.1201
1554854400,91510120330.74,96503999550.18001,91129123611.54001,93830143408.35,15521675324.231
1554940800,93960938506.5,94325924072.25,87683151494.25,88991560359,16607359212.244
1555027200,89000903244.54001,90277871882.1,86512772725.68001,89828515827.95999,13679824181.0656
1555113600,89870634489.99998,90722181283.5,88893319482.5,89447172489.99998,10813826605.5091
1555200000,89424260611.37999,91545284208.78,88528913379,91078906058.37001,10339479315.2271
1555286400,91115888929.5,91590784500,87355372500,88888238693,12284164357.016
1555372800,88819067737.5,92306231250,88649986725,91841170218.75,11578517563.2326
1555459200,91817975047.5,93054436353.75,91386405041.25,92599566862.5,12425792033.6415
1555545600,92354916239.52,93833700677.76,92271064907.52,93273220721.76,13244883425.8389
1555632000,93283416135,94606119370,91759094227.5,93334791821.25,13754063133.6718
1555718400,93395532744.95999,94603944426.24,92975307759.36,93955773870.72,13173963863.5852
1555804800,93950239824.75,94335902010.74998,92098566893.25,93524139616.5,13676347322.5624
1555891200,93533206813.62001,96071512677.62999,92835804054.49,95188677430,14602170358.7844
1555977600,95169717215.99998,99682104949,94788401113,97814910025,15878748603.9431
1556064000,97825499159,99350398782.95999,94968939826.36,96181193517.92,17004169805.7348
1556150400,96199488802.31999,97432364884.79999,87905884228.56,90772996826.16,15278091764.3363
1556236800,90782374460.91,93468516378.39,89152032602.54999,90816825768.06,16779175384.8298
1556323200,90977938450,92186501470,90456171403.5,91422845129,13074434022.8029
1556409600,91378879111.5,92128109371.5,90185765263.5,91127250835.50002,12808259694.7321
1556496000,91126119298.5,91708449591,89743548774,91014248259,13716321859.4669
1556582400,91023389260.5,93412332123.50002,90726804019,93082164524.5,13862257495.9989
1556668800,93142206121.5,94716123907.5,93142206121.5,94215347954.25,13646819958.8364
1556755200,94203135337.5,95845726068.75,93823559156.25,95309687418.75,14622887856.3667
1556841600,95315752305,102547253610.00002,94859418600,100076934150,18693288285.0333
1556928000,100148621984.33,103218547996.4,97450567085.87001,102021593375.37001,17529308324.3936
1557014400,102068427439.94,102188328600.79999,99575084568.31,101072434316.1,14820276427.3281
1557100800,101082905056,101843773984,98513248000,100576366560,15750241076.1369
1557187200,100604745120,105588692880,100604745120,101617560000,18000176280.9744
1557273600,101519185346.25,105961997452.49998,100054463696.25,104991177112.5,15399349342.4933
1557360000,105295082767.29001,109163547046.70999,105000339261.87001,108736292805.66,16768162593.7605
1557446400,108776261967.75,113719423106.25,108111523747.5,112848203783.25,19406910769.7581
1557532800,112858568049.5,131746865477.5,112445921815.5,127894674862.5,28942143057.7517
1557619200,127802139754.51,134121698102.20999,119630956120,123457907933.75,27848007350.5071
1557705600,123285120088.68001,144601132290,121576278066.33,138453725768.79,28554348491.3703
1557792000,138392203983,147661116350,134969553125,141527391819,31901101379.8866
1557878400,141541983570,146923973625,138804076255,145135464792.5,28271232946.3801
1557964800,145300795097.5,148364757500,135714271798.75,139536877382.5,33102051474.1575
1558051200,139522793375,140616346815,117401354665,130353836480,29952089594.1673
1558137600,130193651761.25,132596542548.75,127687526977.49998,128600165085.00002,24565543944.9116
1558224000,128711585481.5,147077702266,128538199931.25,145092003809,25829026291.4736
1558310400,145207019349,145207019349,134195720557.5,141769918426.5,23767265192.9273
1558396800,141736353264.4,143687061560.84,138342985290.68,140908914247.63,25105343158.2631
1558483200,140925242649.75998,142512637644.96,132944330848,134999440440,24725309000.8302
1558569600,134988352415.25,141446718327.75,132372581332.5,139619771526,24455378186.6722
1558656000,139708459926,144952258500,138218535000,141839860617,25891475629.9894
1558742400,141856372229,144426253950,140851529159,143103653627,22227127091.0481
1558828800,143120102137.19,155729939405.84,139869495411.39,155086375991.37,26550247332.2857
1558915200,155104792500,158579139852,152960269323.24002,155657142823.91998,27915607907.4075
1559001600,155585865479,156430087125,151576965000,154704237120,24224300458.355
1559088000,154723039735.25,155318961000,149488294296.25,153531374510.5,23414752828.8586
1559174400,153626603133.96,161268052983.62,141859696000,146714134797.12,29202782816.1974
1559260800,146844731598.5,151713232891.99997,143906038744,151025864990,25346496245.5349
1559347200,151220889654.73,152900650777,150015739530.58002,151926953325.7,22365391072.8689
1559433600,151796380572.13,156651103394.03,151590449509.06,155126752355.25,20314677772.8079
1559520000,154977860629.96,155140526911.5,142449541327.84,143880543392.38,21865872686.1435
1559606400,143878568228.62,143878568228.62,132006738195.45999,136299671982.22,24574556160.8512
1559692800,136239389937,140594384742,134325285885,138242385918,21784350302.6367
1559779200,138250025067,139774484013.66998,132199035650,138427473437,19346105791.1524
1559865600,138620526000.12,144281581560,137821741992,142027381499.75998,19234628407.9405
1559952000,141933295946.75998,143022335439.08002,138220338616.36,140857212758.7,16511137895.7983
1560038400,140990924686.25,141339361603,133304189750,135673134778.5,16558344838.8363
1560124800,135271474440,143707124300.78,133596912998.54001,142449561144.7,18635679919.7572
1560211200,142359766295.13,143029799877.50998,136884984742.44,140622366020.31,17113361946.4417
1560297600,140644510881.56,147197574602.40002,138966605547.56,145177696181.28,18949486374.1577
1560384000,145220221650,147903901290.25,142917616350.25,146606898968.25,18658398741.6347
1560470400,146694188620,155026454052.79,145362219595,154503256619.77,19787996519.1846
1560556800,154519133590.52,158282599179.2,153244929893.63998,157247108859.59998,18367463943.5796
1560643200,157285431835.91998,166741038383.75998,156315216120.48,159687523948.68,23334290247.5231
1560729600,159480462486,168267238400,159480462486,165762948641,15560179007.918
1560816000,166046979495,166309927395,158665072537.5,161398664692.5,15826216638.6616
1560902400,161418532078.47,165682010822.25,160619462981.58002,164942823043.05,14104449320.0539
1560988800,164861205416.56,170695507873.28,163703088115.52,169441606434.56,17915829399.9154
1561075200,169417652820,182057010472.5,169417119648.75,181881063960,20436555369.1239
1561161600,181899351975.04,199088388562,179267176324.46,189765485109.75998,30030982681.1923
1561248000,189546997782.75,199095960000,186474698250,192746576518.5,20938991138.2211
1561334400,192614997762.59,197165084330,187230381974.40002,196187259295,19262153170.0325
1561420800,196206891804,209658120012,195592934592,209095725960,24724867540.736
1561507200,209121365396,246437157443.5,203695553740,230043068947.5,44969987080.2417
1561593600,230065685129.28,237598230476.88,183160629288,198183749006.88,39822308172.5918
1561680000,198205748495,221191048600,190992849979.5,220341572524,35058506274.5826
1561766400,219879510393.75,220220694303.25,199231480000,211433340838.5,29829825319.4786
1561852800,211336337114.77,216990493802.11002,189327075884.59,191176036002,27303041979.8243
1561939200,191408756550,199265625187.75,177210561000,185948322697.5,29542433977.33
1562025600,177940870000,194239363987.65002,171766321811,192777935622.34,30883899359.5923
1562112000,192822910500,213969186012,192822910500,213329942916,30625365752.8964
1562198400,213177787689.5,214521924745.5,196494612000,198360776861.25,25872106133.2902
1562284800,198172267294.5,203673047334,191537581072.5,195759913042.5,23951619503.1153
1562371200,195857131053.5,208697384804.5,195723786396.25,200145523715.5,21038818184.6986
1562457600,199889585818.5,206980407156,197398495264,204313047596.5,19349931391.3641
1562544000,204412864388.5,220808808800,201800019508.24002,219155057665.06,23405213853.9667
1562630400,219110183905.36002,228540985926.21,215890835248.37,223867703406.54,28169811757.3362
1562716800,223826616656.5,234867260485,205469892127.5,215461488671,33566451558.5911
1562803200,215346577125.12,215346577125.12,195281185780.24002,201625040699.04,28428870887.8854
1562889600,201997836103.22,212843026325.45,197428280519.34998,209788758246.8,23572441801.2663
1562976000,210502922652,211067336700,192266540853,202653861636,20965954676.0173
1563062400,203124303620.63,204161485733.40002,179872074015,181757211749.59998,22284956063.21
1563148800,181431066849.62,197592252907.28,175753366143.18,193343332700,25641931236.2228
1563235200,193083464554.68,196574034860,166776048796,168042284986.09998,24189988611.9497
1563321600,168168762188.62,177899824087.50998,161729867338,172951146804.46,24687730470.6493
1563408000,172812355501.5,192420513499.5,165593785500,189797393857.5,25094176115.1528
1563494400,189756499257,191857168125,180083867487,187809850916.99997,20750619705.6309
1563580800,187822883281.02,198294331794.21,184939254908.77,191704149017.79,18773545188.0939
1563667200,192087836451,193052109187.96,184188930710,188824857330,17241923983.8619
1563753600,188846175000,190807750000,179496060275,184149807800,16335725775.6934
1563840000,184159283270.16,184180684324.56,174912601032.40002,175537155136.63998,17779113386.8247
1563926400,175704287517.25,176786399154,169745271564.75,174260996374.25,17421611955.5723
1564012800,174255689112.56,181649294170.69,173799397242.09998,176782597101.98,15854440124.3608
1564099200,176792943152.99997,176792943152.99997,172191134499.25,175741457973.5,14463513600.4243
1564185600,175760242768.5,182708572832.5,165929205000,169110406855,16737551607.9736
1564272000,169054292850,171935210686.25,162569952605.25,169936144565.5,13729056376.7714
1564358400,170221040237.5,173464578000,167173810125,169613914214.5,13693122655.8577
1564444800,169716092919.61002,174813627925.68,167315016681.5,171323116665.09,13884085852.3882
1564531200,171272774877.5,180831106264.5,170961291941.25,179920040988.50003,16527052289.2852
1564617600,180298481210.75998,187280860438.32,176609047224.72,185837184401.88,17179532199.0537
1564704000,185859440960.5,190632337414,184511824814.5,187980847299.5,17471587444.8951
1564790400,188006204340.38998,195031503209.66998,187708900491.84,193155364148.58002,15934098612.3654
1564876800,193257679485,197963110254,188938698000,195992647500,16453106644.9804
1564963200,196102382760,213426545900,196102382760,211020451819.36002,23822217268.5915
1565049600,210840036630.08002,220077720446.87,200156424965.63998,204775892043.58002,23505758398.2537
1565136000,204797960898.08002,216897903052.16,203472458627.68,213876222337.36002,22175456428.2361
1565222400,214235964741.87,214726912446.63,204964771077.09,211598282095.19,19163635808.5099
1565308800,211620371929.56,213726233947.38,208225370724.69,211856222757.96,18527463053.4933
1565395200,212365989113.96,213962621076.16,199690679100,201642733666.88,18099108013.2811
1565481600,201664038312,206546834897.99997,198395734968,206007300351,15706473007.012
1565568000,206204554329.99997,206450844270,200656953860,203421728230,13648504257.1824
1565654400,203506263620.38,204563388873.06,192155841500,194077221165.38,16657149708.1533
1565740800,194115683030.75,194115683030.75,176918534917.25,179070010806,19839900733.5956
1565827200,179281001928.57,186756638230.38,169446087492.24002,184112730602.82,22952325679.9744
1565913600,183947287300,188456959731.25,174149777637.5,185247208737.5,20221515626.1816
1566000000,185020174521.83002,187144226632.69,178496376819.49002,182378074005.08002,13783368279.1809
1566086400,182961488620.34998,187834118849.37,180318972865.23,184524893650.88998,12995603702.5722
1566172800,184545429822.90002,195518763877.13998,183864872773.8,195313434181.38,15586678007.7308
1566259200,195334230000,195870862500,188897323162.5,192240722515,15089574569.7816
1566345600,192631043396.7,193324975627.68,176077208629.62,181263900347.28,19375882353.5764
1566432000,181281942751.25,183037429748.25,174611557334.5,181861081704.5,17082156989.5843
1566518400,181807108136.49997,187466532550,179942462975,186234410241,15602706743.3089
1566604800,186376891779.38,186707950426.38,176946373056,181667627263.46,15447449847.736
1566691200,181709897328.75,185605374673.24997,177315270562.5,181397414399.25,14106151438.3371
1566777600,181728306280,190774538788,181576345468,185560976324,18432206118.6879
1566864000,185589483951.32,185792296185.78,179483099349.25998,182151521219.59998,14915885481.296
1566950400,182137481521.15002,184227400342.53,170295980712.5,174133346648.45,17568841005.4248
1567036800,173901077653,173949777653.63998,166337358803.59998,169882074291.36002,17027797595.6365
1567123200,170029618889.52,173625942675.59998,167395764748.44,171578523527.52,13604647751.1626
1567209600,171531547066.88,173694172938,169125187027.94,172000569686.66,11452393063.6458
1567296000,171956128178.38998,176230059965.2,170933271687.82,175039384085.44,11347029369.8118
1567382400,175057835736,187728012722.25,174660185451,186148338009,17237063775.5432
1567468800,186091894446.5,193031327784.75,184388968218,190342223470,19347006255.1637
1567555200,190384923781,194029197000,185974566678,189624214667,16756767846.1277
1567641600,189645587026.83002,190943386825.24002,187399029816.77,189930662200,14564001361.6597
1567728000,189718962772.00003,196618492295.5,182526621674,185489143675,19512410497.7029
1567814400,185508810575,189409854222.75,185132452250,187881122550.25,15298051457.6079
1567900800,187991213760,189885422080,183322191000,186533992560,13620669703
1567987200,186435831081.5,188984169917.5,180468494875,184887037641.5,17592891653.3177
1568073600,184910805018,186322107962.63998,178116041095,181074183700,14874980534.5455
1568160000,181097040000,184388344224,176909036472,182192946048,15408310056.0431
1568246400,182370714760,187673863412,179932267008,187082094212,15316996813.0119
1568332800,187101519769.06,187493383393.75998,182150946086.58002,185785862308.74002,14047608460.2381
1568419200,186121615694,187326031524,183523915848.00003,185824233498.00003,13478816157.2147
1568505600,185914638808.88,186315734434.2,184242091577,185025627217.16,12050540869.9963
1568592000,184965884987.40002,186140243082.41998,180970627612.5,184267297999.62,15129645072.2173
1568678400,184222887518.88,184495066323.91998,181926143363.75998,182863967104,15274346072.7742
1568764800,182870013405,184151941695,177646837500,182362553550,16148276729.241
1568851200,182348977409.5,186374253994.5,172146525375,183765989621.5,19867110387.9482
1568937600,183785568444.13998,184412487263.8,180511519458.09998,182509295977.32,14742571210.2624
1569024000,182548914799.04,182568300677,178107933256.37,179156565654.91,13441868968.0631
1569110400,179177525607.91,181156911694.53,176810735641.83002,180081946712.97,13180655252.8073
1569196800,180096420863.84,180392831695.96,172635521439,174027449471.36002,15122771002.0382
1569283200,173942694641.75998,175536955673.24002,143484929266.16,153399548664.32,24945633380.4077
1569369600,153157588552.88998,157036912065,147631038517.77,151414469850.3,21791407138.0897
1569456000,151807638960,151908750663.5,138611035100,144844760195,19271893923.4289
1569542400,144857783152.83002,148753542923.13,141174143820,147227030139,16405724115.834
1569628800,147290619381.25,149946108150,144109170312.5,147787659050,14098949740.0227
1569715200,147969123899.94,148076553326.2,142032300740.05,144727737381.53,13049932344.1811
1569801600,144910738113.5,150351338502.5,138440480475,149153155952,17097648341.9644
1569888000,149585473125,153291419531.25,147368912889,149686454549.5,15279237151.7303
1569974400,149636015944.65002,150858880365,146995311660,150670374152.37,13035938084.8956
1570060800,150774996285.75998,151165346214.40002,145024523603.12,147485597232.40002,13704048932.0264
1570147200,147500885848.75,148097255703.25,144482190337.5,146617474807.5,13134474491.6386
1570233600,146695495722.75,147341004438.41998,144325035284.56,146519693014.89,12223951857.6504
1570320000,146612157846,146871933804.75,139842162652.5,141303919275.75,13119787464.8917
1570406400,141407705558.25,149429810022.75,139773186940.5,147587987481.75,17996288298.5635
1570492800,147604199605,149982612610,145835539265,147235578855,15575970262.4879
1570579200,147250186243.16,156587095873.56,146153926591.64,154512366936.62,19358104492.1591
1570665600,154529697600,155662771500,152156357412.00003,154484914203,17610276682.1247
1570752000,154493817571.96,158514504658.57,147733674290.25,148804094764.12,19541454471.9565
1570838400,148706527848,151545360102.25,148640148714.75,149563880013.5,14584488634.9617
1570924800,149578637754,152381229000,146667382680,148890853293,13801939441.5655
1571011200,148904581012,151255459764.41998,147904027151.43,150341628968.19,15110884902.0381
1571097600,150395530974.52,151334292927.31,145443683134.99002,146886465066.65,15209950119.4917
1571184000,146882034350.66998,147191386226.7,142438632855,144008247202.14,16043222795.5024
1571270400,144023355393.5,146153949755,142923502196.75,145322985557.75,14292827680.0123
1571356800,145339635032.41,146146754449.49002,140671698403.7,143292136511.16,15643249867.8786
1571443200,143306067701.16,145861414268.31,141849907195.23,143293826520,13765273029.7946
1571529600,143308154520,149429357100,141909099659.73,148115098899,15491647698.4195
1571616000,148205324155.44,150457630524.27,146885882068.08002,147874743414.12,15815276387.7036
1571702400,147812601884.08002,149694217261.96,143992286998.28,144477592141.68,16773149084.5948
1571788800,144467370795,145022791485,131025253590,134511400897.5,21873473740.8693
1571875200,134674929806.4,135301546829.87999,132594071378.04001,134339377200.84,16227769878.3327
1571961600,134648199075,158515605600,133297213800,156178220942.88,28640411888.7513
1572048000,156432811711.11002,191137951070,155829132847.74002,167039076432.36002,44507522615.8321
1572134400,166952530568.00998,176726573553.88,164180356793.82,172005212279.66,32595706404.079
1572220800,172612259820,178960001220.00003,165552807420,166117131180,30906272430.9537
1572307200,166140091821,172188026950.5,163483274625,169968726856.5,28515232085.2045
1572393600,170053672338,170054032764,162222516422.99997,165273522513,27700592764.9918
1572480000,165289223282.12,169888155254.16,161531245050,164982651848,26532600828.3152
1572566400,164997298248,167628711353.88,163383554735.63998,166671424210.56,24305443652.2278
1572652800,166856050450,169233360476.56,165966632215.91998,167781341044.96,21229816780.3803
1572739200,167840558970,169218798576.15002,163603982025,165857480400,21106534926.0876
1572825600,165942274848,173084160000,164700396000,169759682056,26093372880.3224
1572912000,169850005851.41998,170901959886,165474497349,168025945684.5,26172917315.259
1572998400,168133283587.5,170329718212.5,166989442468.75,168610981068.75,23138878125.4221
1573084800,168626754636.84,168968875020.48,163845365279.40002,165959405942.04,22189966053.225
1573171200,165990071384,166836700000,156376129092,158145680296,24332933243.3061
1573257600,158161168580.31,160131479746.32,157383181575,158904341884.71,17588413155.2764
1573344000,158850433993,164723814464,157834945506,163086476836,20144943882.5298
1573430400,163104437651.79,163562889623.46,155162808200,157355655607.98,20244076223.5089
1573516800,157370197128.75,160148953878.75,154543624110,159044127412.5,20275809505.6007
1573603200,159085664629.23,159431958484.25998,157118701096.23,158110483809.75,17529647141.8091
1573689600,158169101792.99997,158584920225,154539172920.25,155691156015.5,19090892812.0056
1573776000,155764541637.59998,158314049332.59998,151045109587.96,152648817614.16,21791453560.0031
1573862400,152792738813,153908319968,152176822486,153073078219.75,16492402331.969
1573948800,153089613849.25,155761159680.75003,151334820939.25,153454112500,18631314004.6926
1574035200,153468877000,153468877000,145045782823.75998,147584880255.82,21567267535.2657
1574121600,147590851999.5,148044262641.75,144455800000,146637082580,21043534807.2797
1574208000,146709126924.5,148407012950,144976748638.75,145896843225,20753422048.7354
1574294400,145910577525,146603196741.25,133422481481.5,137530517125,22485959235.0805
1574380800,137544517089,139408525809,122623596900,131617619595,34174882545.1798
1574467200,131633470242,132758514846,128482514393,132395241773,20952183818.8574
1574553600,132407053729.44,132691410790.81999,123973175042.36,124887489583.43001,29905207572.3562
1574640000,124898640075,133282140750,117870924600,128671314750,43256582379.2425
1574726400,128682441493.27,132608481852.62999,126994070675.99,129426705127.29999,21141016015.8221
1574812800,129340759725.76,138594409926.72,123783473664.4,135893742018.31999,24023009843.3386
1574899200,135995380106.31999,138286470483.56,133287530684.36,134290571750.36,19046853204.3488
1574985600,134303188594.72,142082245535.15,134018154723.23,140227808298.95,19704314798.5484
1575072000,140269993717,141199286018,134901934300,136550293859,17115013508.1545
1575158400,136503306457.75,136542716116.25,130924308884.5,133779159008.5,18706956460.7182
1575244800,134067921006.17,134322482295.12999,129631178086.37001,132009373537.35,17061824768.6788
1575331200,132068727878.75,134043597500.25002,131011859820,132020269257.75,14861696343.8091
1575417600,131981976329.16,141427408549,128241562023.08,130070538540.76,21577259423.0406
1575504000,130190823754,135369780375,129505565106.25,133709352915.25,18857342068.4646
1575590400,133731612146.16,137591258319.09,132127631535,136445247814.77,18039491158.3096
1575676800,136725491912.67,138136086714.93,135307118760,135668902500,15496497933.9007
1575763200,135761035033.25,137044415893.75,133738995580.5,136190517153.75,15353663338.8793
1575849600,136204346181.6,138446962624,131844678106.08,132805773591.52,17841939709.2005
1575936000,132815736580,133810949865,129694385822.5,130669694841.79999,18182652026.9683
1576022400,130687038660.78,131522190382.08,129027774060,130303574631,16318295503.9702
1576108800,130315456424.37001,132104995266.93001,128187483354.91,130187140987.54001,18899924779.9642
1576195200,130305608429.64,132086282691.20001,130200628650.04001,131227258494.68001,17199492198.096
1576281600,131333085899,131517544260,126894500019,128029308130,17073189124.7731
1576368000,128039821018.28,129927463787.52,126950176650,128898827917.68001,16876793031.3376
1576454400,128913160759.5,129205925481.75,123515209350,124587955781.25,20120571179.2044
1576540800,124593027262.5,125446732800.79999,118777146966.48,119773347999.72,22230059380.4435
1576627200,119862792440,134854694576,116520032811.56,132041178062.81999,31713930689.3509
1576713600,131979893520,133445008700,127722185500,129578481000,25909025784.5179
1576800000,129595456103,130738009950,128208379793.5,130174159264.25,22645577365.7583
1576886400,130201384274.5,130343767781.5,128907433396,129346902083,19308745613.561
1576972800,129378202142,136276631270.5,129174566500,136115570696,22941667473.8233
1577059200,136317174873.75,139334148750,131724221250,132568017258.75,27891361701.4327
1577145600,132552263412.95999,134564716369.68001,129787450950,131567781429,22937354032.7427
1577232000,131617911711.75,131674633650,129074123062.5,130344477015,21543712196.607
1577318400,130501857086,134661881759,129677935500,130417942503,22747955130.61
1577404800,130437145511.66,131473946248.06,128012083089.93001,131261510852.42,22752208363.8034
1577491200,131412862000,133211677506.87999,131211664376.79999,132331845738.4,22583475235.3198
1577577600,132382598292,136341659991.04001,131891386076.79999,133958102563.04001,22583475235.3198
1577664000,133957921303.92,133957921303.92,130506022622.64,130801474988.24,22583475235.3198
1577750400,130803831356.79999,132319157600,128966226398.24,129888472800.79999,22583475235.3198
1577836800,129940835175,131151396487.5,129608950950,130127633400,18580418184.3442
1577923200,130140913505.74998,130348044041.25,125167422775.50002,125963297372.5,20813799475.8694
1578009600,125978070832,134196760800,124437656000,133017686800,28024466942.236
1578096000,133058937270.17,134147260072.79999,131682342266.61,133392926648.34,18418750375.3983
1578182400,133407816108.84,135899861819.54001,132694947699.86,133388765158.74,19708561883.3687
1578268800,133401081713.12001,141678678568.28,133356262421.98,140858140776.64,23343512928.5188
1578355200,140975131888.5,148992411750,140417635312.5,148057806487.5,28682676926.7318
1578441600,147964480092,153598795350,142854502444.5,145958239889,31705638220.2642
1578528000,145954337825.25,145954337825.25,140792617098,141944325014.25,23981338063.5815
1578614400,141958792032.75,148838701725,139344538900,148691478664.75,28473972781.0723
1578700800,148772516532,150271599653,145242400000,145668686444,25007463237.1373
1578787200,145726600476,148525896000,144749198400,148401337608,22966446898.9599
1578873600,148617689354.75,148735722770.25,145271896000,147269384570,22475576852.7093
1578960000,147297505831.25,161431128975,147286064543,160305342532.75,44595143706.8103
1579046400,160057340734,162026359041,155493054224,160076956450,40151111082.1169
1579132800,160267070243,160749523347,155853786879,158305106396.5,31293640458.102
1579219200,158322754291.75,163630511726.5,157486905575,161691582503.75,36381707103.0384
1579305600,161699107716.84998,162988151227,160063048970,161839548961.86002,32505560367.5923
1579392000,161856210056.73,166805587293.66,154037941994.37,158092619223.41998,34187696499.5707
1579478400,158097234220.75,158647848093.25,154644721691.5,156782121153,26452223880.4687
1579564800,157040443560,159499567500,154115520000,158418396240,24096405551.0012
1579651200,158720861126.52,159662739477.36002,155859055909.62,157477988844.96,22507481558.449
1579737600,157602246191.5,157659506655.25,150473409344.25,152537694507.25,25902637454.2365
1579824000,152454840493.41,154771315323.95,149553883903.32,153168399095.66,24369988404.6005
1579910400,153185641903.78,153343278647.32,150182180120,151455092278.62,19691042682.0115
1579996800,151469696210,156234900122.22,150621793216.69,156083612262.38,22067992721.5613
1580083200,156249473675.84,163485591173.75998,155666998132.48,161882010361.59998,28578557038.2274
1580169600,161967178861.5,171057078946.5,161696191444,170940317925,34144469028.8055
1580256000,170714221711.11002,171523090410,167845075127.73,168795454923.48,30826093080.685
1580342400,168887670046.18,174000792672.13998,167118232740.69,172772173410.16,32284846130.1372
1580428800,172985625189.52,173286716228.12,167374416184.36002,169748942006.59998,29477205574.0331
1580515200,170084601441,172045080366,169041499290,170677202820,25959214558.7722
1580601600,170694200467.2,172292400116.16,166498084800,169609688352,30794414675.3649
1580688000,169626932202,174704275200,167879889450,168853683800.62,30898058316.866
1580774400,168854321999.99997,169969800000,165253634000,166839582000,29906411787.5821
1580860800,166890268380,177795071602.5,166549891447.5,175012717704.00003,35165747045.5063
1580947200,175329903561.72,179423366657.41,173301284682.44,177692742134.32,37584766992.1644
1581033600,177948318192,179712057344,176967229186,178721865638,34498758965.7494
1581120000,178739163139.13998,181111010132.88,175889196071.28,180479039539.86002,35142779858.6209
1581206400,180488816918,185201845917.25,179982971592.5,185156323479.75,35788402046.5186
1581292800,185125135374.00003,185748120000,176589827154,179557972848,39395164424.6222
1581379200,179652213801.62,189244340120.78,176920894624.73,187031893274.02,37631251182.0021
1581465600,187050470162.5,191020431745.49997,186698936585,188566618089.5,43305751355.0195
1581552000,188626727544.87,191581178476.40002,183753951022.37,186629891049.93,49336466639.6735
1581638400,186431463474.09,189470165325.69,184198527707,188966812015.38,43183788088.242
1581724800,189008986021.11002,189427486489,177657730187,180433279219.58002,43816948849.985
1581811200,180538020532.07,183112316895.43,175434069836,181006124110.59998,43377680176.052
1581897600,180755245157.38998,181587315875.81,172710801488.11002,176857852153.7,45906831234.4732
1581984000,177121601623.2,187273297807.44,174960115200,185675875505.63998,47270258494.1383
1582070400,185915547216,187919401608,169340277564,174927156300,46990561588.7684
1582156800,174874826981.25,176798102827.5,171164441250,175176688871.25,45051942129.5344
1582243200,175121288587.59998,178206039681.12,174555419703.12,176896738673.28,40897359573.5131
1582329600,176930491731.84,177372621054.09,174707082624.69,176408141006.79,35819625179.1926
1582416000,176384471358.16,182645814399.84,176384471358.16,181924116162.88,41033987570.35231
1582502400,181959149666.53,182812762175,173026216032.71,176263415188.95,45002294966.0474
1582588800,176250051594.8,176555894671.04,168651392220,169816769236.8,42540231139.6416
1582675200,169774121440,170928480408,157221904000,160141635136,50423607085.9598
1582761600,160156706770.62,163693466281.8,155413848240,160701202471.32,45419162683.1143
1582848000,160894138500,162354673080,153788490000,158803125840,44657928594.999
1582934400,158774311514.52,160629438914.68,155538967869.06,155538967869.06,35780093836.8808
1583020800,155821654220,159724676825,153457031969.5,155617288380,35348433928.8779
1583107200,155632955050.8,163696364074.62,154898988837.66,162649978628.04,42766420860.4022
1583193600,162715251273.75,162822383029.5,158142714632.25,159728155113,42384101439.7941
1583280000,159846997905,161545416292.5,158251342500,159840244387.5,34668834765.834
1583366400,159882146538.75,167371553591.5,159825374033,165522887463.75,39501927132.2119
1583452800,165430318680.21,167605974028.5,164530078978.74002,167195562580.74002,40922080080.4516
1583539200,167273860167.36002,168437310075,161818499787.5,162551590085.55,36156027971.5961
1583625600,162605912693,162612669161.25,146086165214.5,146795046559,39686719639.9199
1583712000,146765905607.25,149445938488.5,133499423250,144876094346.25,47129041064.0114
1583798400,144835962945.24002,148924600636.56,140726138710,143941014107.24002,42259092677.6531
1583884800,144115766234.28,146491411240,138648458352.44,144947771693.38,38674356789.6092
1583971200,145092883099.56,145521258600.96,84031015200,88240786385.4,53703625267.9316
1584057600,88248515105.4,109615272000,71272763315,103276403512.36,74617827435.2919
1584144000,102799079344.92,105605293360,92303228683.4,94442740768.6,36178903346.9542
1584230400,94203323797.11,109398192220.56999,93032070200.41,97637051970.15,34025110933.6043
1584316800,97721070975,97777719600,81628841250,92018564550,45427115975.125
1584403200,92195964452,101668783454,90089736127,97646207171,38419660670.4087
1584489600,97428034947,99607333750,91743289059,99067260958.75,37913121299.4599
1584576000,99073529160,117654659521,96324533000,113158844458.00002,51030542934.1435
1584662400,113203835151.24,127253824302.29999,103474697951.74,113426110977.16,54363389646.3787
1584748800,113531263128,118170930168,107192578536,113495432760,42590718747.0631
1584835200,113054048029.12001,117309096598,105089863713.68001,106759047929.28,39952010707.8769
1584921600,106386188503.20001,121587349800,104033427575.04001,118844778000,46512483349.9868
1585008000,118875356140.5,125560699515,117118307250,123894346456.5,48100015514.4591
1585094400,123746533085.25,127598051511.75,118333889751,122423682249.74998,44592943989.3688
1585180800,122425797589.20001,124238016152.28,119424819246.12001,123053828525.28,35286348132.7537
1585267200,123095050344.75,125646761487.5,114654155962.5,116664284660,34320682495.8921
1585353600,116578362069.75,116578362069.75,110450100850.25,114472926972.25,35224530371.0057
1585440000,114374605282.87999,114949406281.92,107458333300.16,107618772662.4,28392322167.6145
1585526400,107587138461,121287145821,107166880489.5,117220505014.5,37879143603.5409
1585612800,117233235544.67,119500715897.70999,116031793001.25,117629019921.98,32874341164.158
1585699200,117577961453.70001,122878677756.12001,112662089671.89,121989308107.92,39878143810.3028
1585785600,122017234540.49998,133108445925,120419676965.25,124470031725,47669025424.2443
1585872000,124481423400,129015541648,120975773198,123381022992,39087735324.7022
1585958400,123355243592.37999,128430595192,121889714309.16,125761669767.4,33081261857.327
1586044800,126259859990.25,126466551947.5,122268636465,124037326455.25,29504998357.3493
1586131200,124018193603.85,134934313985.12001,123971688268.87001,134333772651.52,46628755110.8243
1586217600,134348996843.52,136756195346.04001,129607112436,131874229784.22,44257290321.6553
1586304000,131924917949.94,136106888788.26,130989669873.6,134959941715.20001,37575369137.1154
1586390400,134896566431,135143268807.5,130311601848,133978437987.5,34822081224.5724
1586476800,133964494045.5,133987207063.5,123730997250,125863639738.5,43639897478.441
1586563200,126041225395.31999,127401776559.81,124111136925,126260870049.45001,31216128675.1218
1586649600,126196546701.75,131969103750.75,124425462882,126525956933.25,35594011771.3738
1586736000,126523225477,126527623009,120235854100,125771064274.5,38119823837.0709
1586822400,125767419322.20001,128055132546.28,124152972550,126002347899.04001,34129359489.7695
1586908800,126009089881,127120088503.44,121193418517.87999,121445601643,32260937482.7578
1586995200,121458443800,132324726728,118631347992,130512335432,46472428591.991
1587081600,130541788352.52,131241656845.68001,128327615610.54001,128980007430.12001,32450374154.1941
1587168000,128920382246.87999,133886544145.06,128846867871.26,133201082173.87999,32556137908.7649
1587254400,133251373057.26,133453237685.87999,129607725678,130843481896.79999,31269108259.9822
1587340800,130789089989,132608819135,123903494547.5,125474028620,37786174768.6291
1587427200,125403158727.75,127713441320.01,124027588817.87999,125785699566.56999,32587377366.0098
1587513600,125771246655,131493006652,125308524670.5,130893833951.5,33254652029.4262
1587600000,130907047408.5,142659285032,129015992363.5,138880843332,43402610641.4137
1587686400,138862187500,139694260000,135656617187.5,137863553750,34619547659.532
1587772800,137935667199.72,141695742843.24002,136357778313.6,138463097794.72,32840541829.9843
1587859200,138796378875,141603496650,137328604875,141304988112.75,32954523998.455
1587945600,141449477464.75,143372628294,140131290692.75,142872253109.25,36224600992.6221
1588032000,143030562087,143107635657,140384002500,142545549121.5,33143663728.1871
1588118400,142454647130.34,164623378140,141630062026.68,161325771831.84,59882291061.3419
1588204800,161330662341.75003,174095544749.5,154304810275,158348635159,67617884673.7709
1588291200,158407891105.63998,166581489525,158159166126.79,162129037062.28,44691993095.3651
1588377600,162210846200,165625424900,160815642000,164923967630.50003,40157924130.9478
1588464000,164919801600,169055575200,160168600800,163697392800,47188324142.7135
1588550400,163865281783.5,164787055438.5,156599061250.5,163107481011.75,45582624407.7
1588636800,163241665568.88,167479333440,160870143516.2,165915642075.7,43034803077.0598
1588723200,166027844480,172969240920.40002,163842851929.36002,168127435539.84,49124747629.1544
1588809600,168315494023.25,185036965350,165861559283.25,183677750000,61393014239.9809
1588896000,183845446205,184583716410,178643387500,180045898825,52254302084.4425
1588982400,180203217678.48,182131452218,174808717009.8,175381161638.72,46480702082.4784
1589068800,175048124823,175744289160,148989089700,160420405761,63229613228.7927
1589155200,160614867500.56,168738331816.88998,150326995797,157511306861.25998,57287255938.2541
1589241600,157559581239.89,165106249650.97,156838873304.06998,162176926549.25998,42206187181.5942
1589328000,162028000113.07,173081089798.78,161797922664.71,171189015191.5,45553105242.7526
1589414400,171346959959.75998,182770605194.08002,170081116933.2,179980163772,56592000141.2894
1589500800,180289223705.25,180927868761.5,167462841800,171032086587.74997,48335042023.751
1589587200,171062009871.83002,176255386790,169383080822.48,172562478044.66998,36262792703.073
1589673600,172360844951.73,181864797302.56,171418702196.11002,177652540635.90002,40049030811.3458
1589760000,177793831588.1,183182448050.16,173717951721.6,178693741749.38,41840278262.0419
1589846400,178849251140,182045561138.02,173795335250.9,179908928357.69998,39136457710.9006
1589932800,179707389350.9,180949457239.41,167275681300,174893342298.63,36621934328.7222
1590019200,174739185688.23,175983329734.47,161768138400,166593056955.21,39314293795.4455
1590105600,166595582883,170469347259.96,164070797387.88,168612433157.28,29850090961.1498
1590192000,168619147031.99997,171269413304,167017331686,168830565331.99997,27694905905.4505
1590278400,168846029565.99,171180549628.13,159379070867,160294089480.11002,32253699467.9334
1590364800,160141871037,165180295116,158668806750,163698405681,31503856974.9948
1590451200,163698831949.5,165698912700,159778467750,162553170692.25,29581729452.4219
1590537600,162466869285.98,169719212606.02,162010862708.38,169347604020,32324916618.415
1590624000,169354843398.32,176986300881.68,167438796292.72,176110472439.84,34313549578.1536
1590710400,176193655513.38,176717924820,171569015460,173243146560.48,32979187308.8337
1590796800,173390011374,179454097386.5,171509822886,178476303745,32679564739.374
1590883200,178485280962.5,178606660737.5,172395326614.99997,173723699516.25,27726660711.7699
1590969600,173702310957.07,191811685561.62,173185320635.5,187662153140.68,34768086557.1833
1591056000,187670632365.52,188362558892.68,168028158842.24,175202160488.13998,39553537207.5305
1591142400,175151281305,178414817831.25,172548066941.25,177845358941.25,25195943629.7729
1591228800,177836392108,181883144928,173458541330,180115817605.52,25967589573.398
1591315200,180109782413,181314316020.63998,176462701883.82,176963977705.57,23467984653.1452
1591401600,176905429224.54,179264249226.18,175242187013.12,177892962040.7,20452652175.3426
1591488000,177962182089,180836450854.25,172128647300,179378067157.00003,24992421607.7652
1591574400,179553219850.24002,180558338427.52,177455037120,179994051648,21413574192.103
1591660800,180071112781.68,182110166095.02,176026309588.47,179890795849.08002,23744158929.541
1591747200,180001167610,184216767980,176241904600,182062414024,25690275268.2171
1591833600,182073851857.91998,183673341181.44,167068794456.96,170479578466.56,30182919914.6303
1591920000,170520054744.6,175839403740,169858471640,174147628084.76,22628797265.2289
1592006400,174209485383.04,174836689000,171997157132.02,174348250502.52,17570079184.6866
1592092800,174458872504.16,174471019746.08002,169969546369.12,171717644910.88,18891576978.1675
1592179200,171725696692.25,174954253685,163811397500,173661247991.25,26723021265.4179
1592265600,173675053744.71,176636696762.61,172561262451.9,175421668449.3,21600735408.9044
1592352000,175435840712,176096857628,169908038432,174159641804.00003,20022182760.2963
1592438400,174139913992.5,174487280028.75,170277468750,172574465782.5,17797367574.8261
1592524800,172583645426.48,173599099987.44,169828147988.4,171285608785.91998,19553692802.4533
1592611200,170985644760,173054940000,168231493800,172234954145.99997,17187587100.7423
1592697600,172252139501.16,173454930915.12,170698065978.24002,170909976726.36002,15302244350.0075
1592784000,171007813345.68,180413906829.12,170626870886.40002,178284753325.44,21075849626.8217
1592870400,178389020683.56,179071034721.8,176229923326,177183895985.86,17004775695.6928
1592956800,177101478297,177993993971.25,169296063212.25,170991419476.5,18892800150.2297
1593043200,171003843573.09998,172056976663.13,165529171993,170141670268.75998,18677939035.9009
1593129600,170123637336.5,171076280204.24997,166194284761.75,168655539725.5,18345951082.3523
1593216000,168660985047.03,169229503359,162629571144.53,165920052738.3,17265377956.9761
1593302400,165910692566.75,169288273307,164524409223.5,167930721224.75,14557090630.5619
1593388800,167953477950,170192415615,166040177155,169244237670,16452964042.2655
1593475200,169233765505,169493477635,166878858000,168222730127.99997,15769352826.0143
1593561600,168304309688.34,171308845800,167436897478.8,170081685014.28,15966978925.9999
1593648000,170046578432.63998,170738667124.48,164668107968,167503516311.04,16362364146.1811
1593734400,167489938306.08002,168142641493.41,166301513733.27,166963059639.48,13025988482.2644
1593820800,166802615864.5,169421126600,166656518699,168362152442,12274842336.8053
1593907200,168438410448.96,168534401343.72,164068890180,167234563027.91998,12895349336.745
1593993600,167249928043.24,172762046176.12,166942593739,172243926233.96,17770739420.4005
1594080000,172228951714.19998,172945919747.58,169554924446.04,170575373936.88,13901919245.0047
1594166400,170585154402.74997,174682643271.75,170063662520.25,173901142539,19634213680.7904
1594252800,173995406414.56,174119613028.5,168749796227.91,170183332206.9,18049308810.3005
1594339200,170192926863,171741172356,166843033002,171088959429,16838509220.6057
1594425600,171235452750,171492554737.5,169189695000,170264178575,13263248808.6463
1594512000,170195332644.59,172290779979.12,168709959254.75998,171524224832.29,14391457037.7158
1594598400,171509984686.42,172362102657.31,169400425920.07,170185819533.30002,17531761761.1487
1594684800,170214165935.03,171096924076.96,167648471515,170534900778.83002,18124499738.3355
1594771200,170630372662.96,171011032945.75998,168732601422.56,169408941653.84,15828627068.2105
1594857600,169433842396,169922363430,166401509381.56,168362230029.72,15696163509.4475
1594944000,168397904678.92,169316729650.04,167274998800.29,168804591654.5,13948829417.5931
1595030400,168701483459.43,169883618566.59,168189138876.96,169197788466.99,12294298234.6231
1595116800,169173582916.7,170421039200.16,167894046025.3,169842666400.69,12923309548.8327
1595203200,169872059700,170085571740,168305935979.99997,168936884340,13752933742.0557
1595289600,168931870602.37,174115380717.09,168755964631.63,173163202066.25,18039864610.3057
1595376000,173258873882.38,176523066213,171134991424.8,175905521296.31,16498685722.2256
1595462400,175871461485.13998,178688619420,174325224050.84,177346149709.6,18159696708.5448
1595548800,177312496646.25,177970859088.75,174721462383.75,176078020962.75,16544441132.4252
1595635200,176113101341.58002,179847325985.34,175807879009.23,179094136858.25998,16595382315.3345
1595721600,179130775154.1,188122863600,178108087626,183413336813.69998,20509751289.8933
1595808000,183359894437.5,210581172828.5,183221930699.5,203739794526.5,35282545249.026
1595894400,203799067186.4,207754459330.6,195205472838.88,201767790260.12,35547431692.1595
1595980800,201632039799.96,209499664295.31998,200228424308.36,204938375056.52,35547431692.1595
1596067200,204824757823.56,206373899284,199789264192,204955897194.72,35547431692.1595
1596153600,204932288419.04,211334508830.2,202404673872.8,209467755559.44,35547431692.1595
1596240000,209490626560.88,219180922316.16,207093229168,217965992586.44,35547431692.1595
1596326400,217794828962.75998,223176707600,194764837174.04,204209638550.96,35547431692.1595
1596412800,204269767151.52,211741206880,201656939680.56,207247977314.84,35547431692.1595
1596499200,207247977314.84,210634545520,202902487041.24002,206436978981.52,35547431692.1595
1596585600,206456529998.88,217567041166.16,204628140988.6,216817831425.44,35547431692.1595
1596672000,216903782124.4,219736835206,213503933982.91998,217091545668.48,35547431692.1595
1596758400,217094865652.56,219856723520,206927229964,213970207302.6,35547431692.1595
1596844800,213986807223,217974476990.2,212608091612,217217336176.4,35547431692.1595
1596931200,217051890303.08,217796120067.68005,212625060419.52,215485964478.68005,35547431692.1595
1597017600,215514922117.6,222807820480,212294537560,219397827942.72,35547431692.1595
1597104000,219420883387.72,220318754637.8,205285682280,210129907939.84,35547431692.1595
1597190400,210016659594,214415638500,205654569400,213315432664.6,35547431692.1595
1597276800,213359514675.44,217765317993.16,207884676483.96,217519085840.56,35547431692.1595
1597363200,217598212127.8,218786950872,214913820555.56,217270271478.12,35547431692.1595
1597449600,217126405501.31998,221091204267.08002,215203212501.2,218606196183.2,35547431692.1595
1597536000,218724240061.6,220198866323.8,215540190885.31995,219746426271.12,35547431692.1595
1597622400,219798254911.48,230056452388,217116629992.64,226835698943.28,35547431692.1595
1597708800,226889003132.12,228867344756.68005,218067620988,220559453483.6,35547431692.1595
1597795200,220410054200,221741367816.08002,213482354086.4,216860437887.8,35547431692.1595
1597881600,216945835256.08002,219379383586.72,215343205163.24002,218738442215.72,35547431692.1595
1597968000,218698049076.08002,219260417490.52,211842466394.44,212695517859.44,35547431692.1595
1598054400,212623031540.36,215688667951.12,209656994652,215203212501.2,35547431692.1595
1598140800,215396324908.52,216077290532.04,212565669593.2,214778070095.4,35547431692.1595
1598227200,214944991517.2,218243764587.8,213744448385.16,216938826400.8,35547431692.1595
1598313600,216728560742.4,217131016590.31998,204967517139,208953895801.28,35547431692.1595
1598400000,208946886946,213028622928.8,207501587209.84,211543852270.8,35547431692.1595
1598486400,211425992835.96,214008387119.52,205151407368.31995,208974553480,35547431692.1595
1598572800,209347706329.56,213473786229.66,208344404787.7,213122233507.48,19801437373.1268
1598659200,213172452130,214156404000,211046037180,211934106394.99997,17413320979.3267
1598745600,211943283762.99997,216450887457,211701442086,216326733441,19745531264.6362
1598832000,216414196367.07,217650071860,213832696533.43,215340542235,22256771990.4529
1598918400,215416066656,222942569304,212764958000,220321393711.99997,27080187436.7953
1599004800,220250183856.29,220932395049.85,206129040404.76,210621434374.92,28271260539.5334
1599091200,210569050131.2,212088940643.2,184564786008.32,187745745920,31436776634.7436
1599177600,187754320960,196749342193,184184956088.6,193230242257.91998,30169440617.0525
1599264000,193311221908.6,195301587159.69998,182034333550,187896208703.17,44803179019.168
1599350400,187873825056.96,191346881315.52,184815680000,189624029546.56,37136827015.0964
1599436800,189602971239.5,192508998299,182608582000,191797046621,33678189859.8159
1599523200,191813880702.5,193083336479.58002,181602968429.16998,187127540898.75998,33414963031.4087
1599609600,187174859657.62,191377879365.18,184501437455.56,189148826033.59998,24179633664.8925
1599696000,188954855568,194019711412.5,188922321000,191188464574.5,53706842711.7583
1599782400,191175011328.56,192433196529.28,188570645606,192130019372.48,44696810163.1947
1599868800,192278306641.25998,193793540584.02,189958867275,193070864951.73,36398040372.8917
1599955200,193138266400,195548797030,188858178650,191074580030,36295510988.3419
1600041600,191160315429.76,199040754207.04,189520475643.84,197378911835.19998,35271873077.725
1600128000,197320247355.19998,202286998825.68,196206560444.56,199399141915.44,32499877986.1062
1600214400,199431097125,205255927500,197171617685.25,202510675698.50003,30722332537.154
1600300800,202497149045.55,204417609398,198596682049.50998,202318140319.38998,38138552173.1085
1600387200,202456382696.05002,204173147575.74,200037229255.22,202157710361.6,26322977799.4069
1600473600,202247513354,206825296746,201415996138,204868753012,22694921113.6419
1600560000,204760643724.12,204916190820.25,198935673158.69998,202035517785.5,24639843447.9316
1600646400,202009053021.18002,203404606853.88,190264390103.36,192571446823.74002,28934177195.9152
1600732800,192719307301.96,195571947336.59998,191508849748.68,194855365343.72,23608376807.5728
1600819200,194705821132,194995686359,187539287230,189298826502,22976257253.5543
1600905600,189371284139.32,199706099239.86002,188563619458.40002,198753217707.24002,23012542011.3541
1600992000,198661434830.78,199108949661.44998,195233016128.02,197761410171.33,21225277784.4186
1601078400,197853414518.5,200365288500,197132987525.50003,198498357635.5,18146625943.2379
1601164800,198545618457.54,199952688408.84,196001421363.48,199462757937.96,17963783939.8705
1601251200,199459050332.88,202604696400,196656444546.24002,197784369869.75998,23302481882.0982
1601337600,197644196270.88,201041266320,196816161602.88,200512434346.56,20563257394.2393
1601424000,200589322000,200728106125,197231856448,199446110901,20708416178.303
1601510400,199502762919.75,202452326671.5,193141557451,196576700930.74997,27156857849.2763
1601596800,196367393948.25,197410376609.25,192089425500,195763552141.50003,48546700910.04579
1601683200,195645355718.80002,196278099552.47,194320276500,195313345646.38,45040975996.43526
1601769600,195129300250.5,198029634082,194789499796.5,197469777669.5,71171785223.17752
1601856000,197415688976,200000600052,196574473105.99997,199800337000,47402537273.76818
1601942400,199853389404.48,199936682010.48,194812150700,196317525732.44,42615136046.73987
1602028800,196251938793,197737390368,195241276412.99997,197488982142,37820010450.05954
1602115200,197499508299.6,202828927692,195018246141.36,202240266571.2,63270552496.58591
1602201600,202283179644,205827710578,200420482080,204596834400,23130665339.130543
1602288000,204762981728.52,212827271535.72,204747430756.44,209219816274.40002,22859323657.94618
1602374400,209226226385.81998,211937972844.64,208691912172.66,210558494257.58002,19910065819.872974
1602460800,210564026008,217215065132.5,206925969447.75,213591265295.5,26112475755.18005
1602547200,213522031996.08,214185656833.2,209503435500.54,211604111777.64,24387485039.85405
1602633600,211842879478.68002,213969033683.1,209012327905.02,211631041784.04,24030037828.52834
1602720000,211672019904.57,215248068154.80002,208329856431.93,213164956624.23,24493148815.13865
1602806400,213091155049.5,213871181647.5,207414480000,209671223619,25590345951.13098
1602892800,209868038058.84,211416322013.63998,208611075953.43,210496241309.4,18756411966.972652
1602979200,210460815505.8,213478616980.58002,210264308364.23,213360638611.88998,18270524349.702423
1603065600,213343602555.94,219296845120,211331405828.42,217891789489.02,23855464432.612
1603152000,217810734495.2,223381215505.14,216343746080,220809725584.91,30804564162.398422
1603238400,220818044546.21,245151071195,220406279656.7,237143049841.79,43297440643.59394
1603324800,237142308924.31,244655582630.25,234995500526.00998,240488107034.62,34346381612.49029
1603411200,240515696462.12,241516049810.12,235820704748.84,239743757128.58002,29050883867.802853
1603497600,239726905199.79,244225016300.19,238751511668.34,243111604120.88998,24469110100.89938
1603584000,242981569258.74,247582685882.79,239064274718.82,241571869383.87,24422748307.82199
1603670400,241618698744,245488712500,236660382575,242093186738.5,29447413114.32569
1603756800,242070734599.30002,255464656884,241922324974.87,252868878059.69998,33657981452.873077
1603843200,252774433004.72,256898553721.68,238872155104,245963649047.75998,35869536397.906876
1603929600,245992394971.91998,252925709400,240751922508,249561519524.64,56468858926.96681
1604016000,249343364147.34,253409234520.36,243286251270.06,251307367432.53,30560366281.948074
1604102400,251451434679.06,261283476300,248700545880.71,256022227747.44,30315867090.361073
1604188800,255724832939.28,257726794881.39,252572062549.47,255031012194,24362059762.80992
1604275200,255039613444,256531452485,244995181640,251365056362.63998,30798106778.85783
1604361600,251656773476.34,261014845179.12,246261435744.90002,260233121678.46,29747356362.361847
1604448000,260246727969.48,264619270665,250595885705.22,262452460023.54,35130067951.51026
1604534400,262612069535.13,292306706753.46,261342611700,289238433282.48004,40534874922.9475
1604620800,289313571921.92,295998713746.88,282056042863.68,289123950115.04,39903958504.97157
1604707200,289234880704,292484752480,266281132000,275067019096,35075009815.98269
1604793600,274901114631,290390825107.5,273007861883.25,287132828726.25,26716615713.50455
1604880000,287060696202.24,293916184688.64,274825002554.88,284230999710.72003,33993019900.131207
1604966400,284551342709.76,287025102535.68,279789762888.95996,283890079123.2,25551638220.64813
1605052800,283913993617.92,296447228071.68,283467404332.8,291198645323.52,29714074095.76224
1605139200,291089454336,303472898776.32,286992475008,302175398400,34031421188.143208
1605225600,302175398400,305781481743.36,296063854621.44,302834993533.44,35895867011.570564
1605312000,302899507054.08,302951970635.52,291332306956.8,298214490693.12,27459647537.552723
1605398400,298334248550.39996,299765410560,292655204897.27997,296159512600.32,24164148534.60787
1605484800,296159512600.32,313204429674.24,294305861184,310047160220.16,24164148534.2
1605571200,310239824822.1,331385395608,307312290420,327910374252.78,38976583595.08535
1605657600,327950860898,342811594200,316074960678,329883129030,48445975052.19228
1605744000,330027594187.51996,337391419833.64,321748785243.44,330630596559.64,36985580031.41591
1605830400,330592042281.75,349187875962,329357402537.75,346642358953.75,36382567215.23818
1605916800,346614063744.96,352029270824,340091217536.4,347354592200,39342150264.20258
1606003200,347402429823.5,348220919797.5,326505520000,341999691040,41342333987.78265
1606089600,341968507425,348530667986.25,333978927131.25,341054802956.25,42064132024.96152
1606176000,341135965114.04,360713473568.31,335229372500.72003,355494833128.94995,51509376135.04291
1606262400,355778468391.06,361620617380,342712256427.42,347564540873.66003,43763511295.33323
1606348800,347486279105,350896711080,300927017250,318407614961.25,61483090457.10046
1606435200,318576121785.3601,324209369265.84,304977501706.32,318317821485.84,38815760857.53569
1606521600,318445909556.34,332097398239.29,313150286195.43,329235159926.97003,32569454397.328697
1606608000,328928484142.17,340583982054.39,325411012763.19,337606546642.11,31034074802.808174
1606694400,337707787667.25,368652542371.0501,337707787667.25,365609660050.53,47457148667.22449
1606780800,365690127976.25,369670796346.25,335929212500,348390701513.75,49768978609.98161
1606867200,348439338183.76,359087286186.4,340287400304,356853535306.8,37325652780.77539
1606953600,356751893846.54,364193347126,350469414757.72,360989648450.4,31967228827.868298
1607040000,360850717539.77997,362940094192.5,344774805580.93,346628626177.12,33728641888.4196
1607126400,346205276956.48004,356138262855.01996,343419311000,355711123484.96,27177335883.143917
1607212800,355727232880.29,360483710440.43,350314887892.94,359781804201.46,25207753891.04816
1607299200,359885539389.03,360737117361,350971911055,355956621878.5,26851520372.25416
1607385600,356152303464.56,358332312851.6,337222313930.24,340061227534.16003,31565389586.89543
1607472000,339982082593.11005,346361814212.51996,327524143877.73004,344537070975.83997,34542775676.97531
1607558400,344361635463.34,344654075053.09,332508455444,338864142527.89996,26080052741.686405
1607644800,338880111540.39996,339625264161.24,326240184003.44,334975534089.36,27949306626.288277
1607731200,334827193020.39,352008059982.77997,334666011557.14996,349392946449.59,22330301614.664795
1607817600,349247873330.44,360572208459.52,345928809330.8,355850160712.48,25358434731.64059
1607904000,355671551814.83997,359294414097.80005,352465983542.01996,357946704871.46,22437888720.990852
1607990400,357963685556.19,363414765897.12,353797419150,360945241339.41,26779131850.64126
1608076800,360956186909.6,400743264725.12,358042282745.92,396823265918.4,44023107801.59809
1608163200,396715577479.76,441627601987,394581084313.24,423745556729.44,71291884448.35521
1608249600,424058768721.02,432506364720.24,415347968967.74,429747276108.52,40218474710.4961
1608336000,429880194741.89996,449855221578.84,422036226302.04,442900658516.82,38567856583.24067
1608422400,442911381530.34,451376014679.72003,428986144171.11,436009601356.55,37732618138.04655
1608508800,436030584296.44995,448161344406.71,406195245649.82,422304756859.37,45727535644.91836
1608595200,422660173488.83997,442968978782.51996,415851557059.08,442818307861.19995,44022461898.43835
1608681600,442542714349.96,447704425755.30005,420356013278.04,431927038568.26996,51250649565.2591
1608768000,431337880455,441819678942.18,421770967913.69995,440837532900.36,41125982352.05567
1608854400,441247830983.82,460382205087,434867104938.42,459047158009.65,42105237964.00119
1608940800,459233707271.18,498171930621,454984208443.76,491794244725.04,48153573528.63663
1609027200,491940896804.02,527342094234.92,478879219860,487977367552.8,66698551881.81737
1609113600,487691974386.5,510562530299.25,484658722470,502467787805.75,49163790359.41167
1609200000,502492260532.30005,509128870115,480078138473.44995,508664251690,44940788797.449356
1609286400,508694878720,539181630033.92,507921149534.72,536783682892.8,51285705658.124954
1609372800,537034280366.27997,544595232400,519145163391,538885160681.72003,46661865853.36662
1609459200,539040047504.75,552058402500,533842334000,546531126858,40743544549.944435
1609545600,546709627302.12,619619003748,540003361800,598865215336.6799,67387523064.856316
1609632000,598896447957.87,646922847600,594452385430.65,615279954970.7101,79040925947.76785
1609718400,614776600002.9401,625948380263.68,515597746412,595015490009.84,81180937094.13202
1609804800,595945416609.01,641416651500,556568569496.62,632846767282.3501,67535416150.058586
1609891200,633668644139.88,688881895446.2101,620040615755.49,685146770376.78,74613292650.60234
1609977600,685669277054.52,751240795885.02,675471246367.5,734655561899.13,84311593136.38315
1610064000,734693968588.58,780984204000,680913350866.3201,756198554594.34,87012112140.26822
1610150400,756526434270,770287475227.5,721294926320.0001,748275499995,61921837995.72276
1610236800,748315215947.22,770834748650,638278509085.59,709906817119.01,80100560327.73982
1610323200,709778263643.2799,711573125836.59,562786842439.53,659391566509.98,122460184718.02614
1610409600,659315862648.75,681439299058.75,604081666123.75,633004573847.5,74786012114.53876
1610496000,633037962202.12,703065106800,601283598862.5599,695504180964.94,69130797810.23975
1610582400,695538059466.88,746118245743.36,682959277221.76,727918946787.2,63258266769.166016
1610668800,728209897234.64,738366670792,639518469840,683726160644.76,67679540852.72998
1610755200,684171786127.92,705852153217.4401,657595264200,669686832000,57673998464.419945
1610841600,669965844975.31,685322584859,629411654522.55,666351991034.25,52694121328.23057
1610928000,666517613992.3201,696721389824.3201,647011016519.2,681225838898.3999,49587871744.57982
1611014400,682170074375.76,704661555030.28,667698680384,668249762498.16,57195971659.38241
1611100800,667733183031.0599,678003115876.2,621439130800,660454158577.42,66626560769.365685
1611187200,660840034437.2899,662789834407.52,559023783505.92,573425770078.66,76006779956.07195
1611273600,573448723075.5,630146122723.75,535901040000,613905530060.5,77031114489.23257
1611360000,613880141532.5,622800348044.5,584795124893.25,597660721476.75,48388665838.788765
1611446400,597334192740.78,615522541185.75,576163861060.37,600878368397.23,48244956637.09199
1611532800,600910901505.36,649278100128,594398393526.72,600392789194.3201,60057262484.95946
1611619200,600479775272.3,613305423167.36,574112128158.8,604953574469.86,60145384215.24051
1611705600,605300267171.25,606388523967,542555478740.25,566269872979.5,62215619846.59995
1611792000,566349191213.12,630438795797.4401,556533537068.3201,623259510768.16,75810572092.49231
1611878400,623361266106.0001,718876542000,595465059000,637526223924,117614806573.50204
1611964800,637853621721.75,650245204995.75,611686435500,638920070775,65075750145.9828
1612051200,638528049516.25,640017691833.75,599313894987.5,616955787407.5,52609015532.43197
1612137600,616402411070,646668947662.5,601931522291.25,624266445802.5,61163336809.42548
1612224000,623635051158.0001,670393214158.5,622415787808.5,661335589908.0001,63239406331.6837
1612310400,660898082933.88,702528232643.16,658767013086.6,701760407022.84,61105813737.945465
1612396800,701822664999,721475859474.36,673980080908.9501,688850871449.76,68686164961.11384
1612483200,688666451457.04,714277298119.42,681852831510.48,713538249760,58503745403.37986
1612569600,713576339840,763956468125.76,711915487184.72,731492096535.2,71181029640.19339
1612656000,731394452427.6001,739823734943.28,696721802556.91,723639862615.9299,65602365445.96208
1612742400,723904559422.3201,869946062971.4401,708644598955.14,864439634394.8999,100451723016.96896
1612828800,865020035117.06,897996035892.5399,838098270000,866131725911.2,91848578224.68364
1612915200,865965160365,882172753681.4999,814785678621,835433182870.5,87508668971.4309
1613001600,835467631226.34,907033088067.12,820312117793.28,893708708294.64,81374627629.16248
1613088000,894933180882,912724225000,861148973099.0001,882843496575.9999,76259973329.12265
1613174400,883416225817.75,898239411460,859362894419,879769433416.64,70143307973.33528
1613260800,880378599844.42,926131269116.42,877069355475.74,906530646762.5,71185728310.93912
1613347200,905793124496.64,913773042155.76,855385731753,893163750680.76,76843282765.41672
1613433600,893413011654.3,942755799033.1799,876309556428.12,916002248817.1799,77102533061.41104
1613520000,915487969215,980759528000,911006919175.5,972082489106,80617830053.12563
1613606400,971512656107.13,979445371030.38,947819411360.91,961047062107.74,51899814572.66608
1613692800,960741828680.76,1050918272066.94,943354345519.92,1043252343645.48,63274063355.06152
1613779200,1043527594192.7499,1072470645147.25,1006248150000,1042324754969,67551120988.040726
1613865600,1042070804262,1087435934563.68,1034956663904.88,1071386817055.92,52108072975.21706
1613952000,1071301721267.44,1072763712015.64,883344314400,1009577757759.4,91602756958.06924
1614038400,1009617497372.52,1010045023109.9401,835775916003.96,911109342815.49,105695546513.29927
1614124800,911892898341,959086909527,875971900000,927300125800,65109181155.845406
1614211200,926623206065.2799,970685548008.9601,870853924288,877667844148.48,54030422931.19171
1614297600,877366973619,903582382321,822972852413.5,863287589526.5,350357839941.05756
1614384000,863507634282.5,901555979320.5,839756777500,859515387689,45335228655.83775
1614470400,860151035835,869803154038,801969518350,843352569696,53558946050.511696
1614556800,843775053832,928969162144,839276504550,925199895726,55401558811.83724
1614643200,925478074114.4299,936815121750,877521156408.24,904494533972.45,46067183551.24702
1614729600,903079573578,981660808317.42,898054075021.95,939280315690.08,53238006356.839
1614816000,939252283808.9,966128602507.72,885628855000,901672720889,52376436052.81824
1614902400,901578419040.2499,922427136449,863185193150,908777906377.25,48428893704.823906
1614988800,909486297666.3099,917417295600,877929007366.97,911909621888.59,34476711176.03803
1615075200,912484318782.72,959931410354.93,912484318782.72,950416855101.3,42779579784.2425
1615161600,950191176302.5,977702449690,919690167379,977702449690,48710929239.79555
1615248000,977749949276.8,1024587312042.56,967104839792,1024396341613.12,50594025787.78984
1615334400,1024414171742.72,1070585022763.52,988656007680,1041665762142.72,57271010875.33892
1615420800,1042940151225.08,1084679698559.88,1012182624028,1077519498273.08,56726049024.94468
1615507200,1078987676092.5599,1083661530085.5,1026073038573,1068227627838.72,55700639982.449455
1615593600,1068775214737.77,1152418390226.73,1046079885389.76,1140916185190.8901,60442511717.25561
1615680000,1141197051744.3599,1150952540400,1099832526294.84,1100892447256.68,43768085530.838394
1615766400,1099838021655,1130399120393.5,1017720797250,1038042940131.5,66832421349.79564
1615852800,1037573646864.5399,1062452764650,992884962027,1061675560397.58,58972070396.8943
1615939200,1062096731856.84,1100164272398.4001,1009776205032,1098914272292.4,59988695681.210754
1616025600,1099676440856.3901,1121011828779.75,1063485651000,1075576736546.15,55860708179.86259
1616112000,1075630755849.93,1109271079513.3499,1050093299368.62,1083541812696,49043368589.62698
1616198400,1082811464358.14,1118769500167,1078812167078.91,1084835090495.09,50053175156.44147
1616284800,1083670242456.75,1094113605273,1035659137500,1070774326839.75,52362964819.49798
1616371200,1071366390336.22,1090984098237.54,1002402096495,1009044095083.5599,56552796512.87654
1616457600,1009969706402.02,1042605313575.28,987860660919.86,1014520734385.34,51782204101.49219
1616544000,1014544708919.26,1067684312453.9401,963755762881.68,975863841943.36,70025504590.14713
1616630400,975809488722.87,994283915815.2899,939940745160,957972638593.41,68484877203.36557
1616716800,957389160852.15,1028731593432.66,956842829540.7799,1028106494846.4701,56327815580.17701
1616803200,1028159192443.5,1058116430283.75,1007012039478.75,1042311177589.5,47318538486.3352
1616889600,1041965760412.5,1056063080940,1020678748547.5,1041463051370,48012491009.60104
1616976000,1041500255566.6799,1090268880991.08,1024738887467.02,1075286212413.1,57576080472.62972
1617062400,1075781467540.38,1108732416685.3801,1064343661023,1097006919444.87,53723930911.706985
1617148800,1097196066906.75,1116770107098.29,1058842209897.6499,1097472943555.4601,65490840172.59248
1617235200,1097667343160,1110737790000,1081712226820,1096520383630,61670921097.62975
1617321600,1096858040264,1122233805466.24,1091368521950,1101705247591.5999,58050063824.04855
1617408000,1101081542866.5,1116650424983.5,1062884583300,1065543942113,59469982986.10146
1617494400,1065591653749.53,1092423162081,1054427093141.25,1087029858416.58,50871224085.17188
1617580800,1087115919931.75,1107028806000,1060715860000,1104134246875,60630810025.1179
1617667200,1104380168536.32,1110702559441.8,1068535233792,1083518556954.6001,66135538897.68052
1617753600,1083696938658.8,1095707739216,1035456326755.16,1044624577405.9601,75812444099.74045
1617840000,1044292630448.28,1086001109249.94,1039959869002.4,1085087975759.6,53092080705.79058
1617926400,1084570968415.66,1099963101976.75,1076936259479.41,1085381228167.72,46769708330.34074
1618012800,1085803590384,1143582091824,1080965304000,1116398438856,58150399492.465
1618099200,1116570242436.42,1133490880122,1105211983487.7,1120419654352.68,46223127424.05752
1618185600,1120343288366.5,1143924346224,1108926379937.75,1117716736251.5,51860899873.09385
1618272000,1117454283370.47,1191324869489,1116802846180,1187504051186.8801,69716293064.23616
1618358400,1188327614705.25,1212419549074.5,1145755476075,1176751798295.25,77571121593.79924
1618444800,1176222863555.4,1193060131886.19,1158374241834.3,1181547556012.53,61017311245.12188
1618531200,1181743435263.44,1187968365282.4001,1121855856632.24,1147905794897.44,84222543146.21523
1618617600,1147941302502.01,1169620674693.76,1115063770820.29,1121708561459.23,66438112185.04804
1618704000,1122061321634.76,1129255174706.58,963088735268.88,1051649048530.8,97723554576.36613
1618790400,1051314117797.73,1076955077823,1013792698671.28,1040732365651.05,65475057641.94817
1618876800,1040775863094.6,1067394862228,997897120800,1055887090206.28,67858741773.46844
1618963200,1055733761723.24,1062404954700,1002207426746.98,1005523587858.88,54975628762.74448
1619049600,1005893884790.88,1037072710200.8,942847927087.56,965908730666.2,74750227382.21178
1619136000,966139136586.26,974313214356.58,888783309785,956470452543.55,86545327168.9766
1619222400,956533913607.86,957461145244.84,910472686776.12,936743938316.92,49061212793.33889
1619308800,936658241255.04,945608830717.59,878719009568.19,918179592886.32,46192435512.57899
1619395200,918224411816.25,1017055152146.25,912493367226.0002,1010492075454.7502,58139550623.50383
1619481600,1010261033708.5076,1037793280006.2626,996923961343.7474,1029625192406.7424,49501640147.88397
1619568000,1029685395658.62,1055976513495.42,1006798065318.78,1026210991909.08,47977622005.99969
1619654400,1026162928515.6425,1032552523810.005,979268070862.6475,1001861855553.1573,46071190927.09049
1619740800,1001869628388.5002,1085021948625.0624,992281908825.1252,1080396769217.6874,52247989637.80486
1619827200,1080489936008.08,1094570497935.32,1066942547755.28,1081770870920.68,42958339060.09711
1619913600,1082030085480.025,1083977013888.7576,1048660627231.7823,1058762722739.2526,38103956911.27507
1620000000,1058658763407.4376,1103009866703.5,1056601686425.25,1069745288764.2502,51652037611.80332
1620086400,1069892093978.49,1070441259062.82,992681923439.85,995564210330.91,68457889239.59414
1620172800,995353472759.28,1084323592069.2002,990133714395.12,1075516886146.8798,69238565791.90076
1620259200,1075600048036.4998,1092683745463.5002,1033647104250,1055524347136.1252,69678056928.67978
1620345600,1055481566825.8124,1098401065098.75,1034209700396.4376,1073197805037.75,69245233283.44325
1620432000,1073222771907.3752,1113716322681.75,1065794987930.6252,1102842269116.875,69245233283.44325
1620518400,1102738708037.8125,1108938065923.6875,1052547258328.3124,1090377115289.4376,69245233283.44325
1620604800,1090772798094,1114527558926.8125,1000565113662.5624,1045044293216.0624,69245233283.44325
1620691200,1045229459052.1876,1065552208334.2498,1019782960525.875,1061826036572.4376,60966260958.05463
1620777600,1061894770688.0002,1085293553652.0002,907287243500,925312927212.9998,75970199695.19453
1620864000,925195453766.675,966917081718.315,849875312650,929579725233.705,97451076645.10562
1620950400,929786020456.6726,964778337895.74,914703927452.41,933454678128.505,55806304284.01415
1621036800,933598333543.1875,949520714154.7499,871014726229.5625,874860309642.6875,59071900781.7484
1621123200,875040906526.52,931977108065.1202,819198974326.8,869286823687.96,64059279794.22086
1621209600,869274967934.2999,872854929300.3624,787765528057.8501,815443904042.0676,75370450869.64056
1621296000,815339109487.5,858033482928.75,790333154910,802405914581.2499,55878109092.08845
1621382400,802654312614.7499,815640310455.7499,554702138550,687784148257.5,126549163072.35744
1621468800,688095871715.25,799029281787.7499,654928037325,760012714383.7501,88181391740.2046
1621555200,759952035211.5,791329763844,627168321882,698681697178.4999,81467244147.45314
1621641600,698555332919.25,727404326054.9999,659844173099.25,701492027075.9999,57483547328.11327
1621728000,701346200568.75,716771529204.75,582002151952.5,649941538038.75,78547586815.75044
1621814400,650068510493.2499,747941769688.4999,644128314270.7501,727092976871.25,67516772270.68966
1621900800,727369261888.0275,746726459345.9025,683023988558.8575,718497287146.9575,56175782444.60509
1621987200,718386637347.64,765422962916.3999,708342937745.1001,735570780367.5801,51893814872.45362
1622073600,735605442836.625,756757816339.75,696157407000.2499,721397187986.1251,43448917272.51855
1622160000,721873853425.53,728248904616.2849,649024101883.5975,668051627041.8674,55199560182.33032
1622246400,668103617101.035,698731633235.9525,629981505439.115,648111795925.4575,47194269985.89236
1622332800,648483134956.25,683510124357.2499,625284988306.75,667950067633.0001,31591580168.100246
1622419200,667868901312.0001,702707159552,640231398560,698534179544,38968851430.32999
1622505600,698030540050.1399,710080226770.8601,668468513390.04,686897068786.83,34671827147.77346
1622592000,686949632135.2051,716045094985.9651,672728888082.9,703698313930.305,33090102843.67551
1622678400,703692466147.875,739391151612.0625,696019056068.5625,734609461128.3125,35323983517.09619
1622764800,734834901318.3751,735457146896.0625,666335124943.3124,690362296857.1875,41955041718.18795
1622851200,690267937421.25,710263215230.6251,652320193864.5,665523842582.2501,35758379171.0113
1622937600,665553066060.3999,683360604922.2401,660272908479.2401,670544147515.34,28910116314.42668
1623024000,670563871498.6576,689379223763.3701,624258443707.2726,629017732595.105,33558447288.259026
1623110400,628776675234.6875,638161763758.125,580863392639.9999,625822426837.8125,50175784796.1602
1623196800,625801407395.9376,703313986937.1874,607220927468.75,700576479846.25,54020456986.419
1623283200,700824488927.75,719810393491.75,670827083778.5,687194081403.5,43763180141.42647
1623369600,687562545307.4,705842475923.05,673530034439.1898,699409622529.8701,38722939336.80731
1623456000,699439809482.175,701585575599.06,649117830977.13,665908356004.11,38087391599.6453
1623542400,666086151434.655,738058773993.825,651752737759.265,731129241647.05,40368140435.8245
1623628800,731165841252.1199,769332101043.975,725997045688.6901,759418295323.0549,48434299563.52863
1623715200,759448048804.52,774662037145.0701,740078024715.4751,752708197167.26,40427242549.33874
1623801600,752562967203.23,758780202943.2274,713769241133.505,718531952208.9725,39147594069.31758
1623888000,718625381038.375,741274414256.75,700289334061,713498065220.375,37047070097.24433
1623974400,713638178599.4999,715951834085.8125,658596984940.1249,671364227698.3125,35779515966.36405
1624060800,671514802703.42,683086846390.0549,652570562775.8999,665168278074.105,31127593082.177334
1624147200,665075941101.2849,676988793240.27,624902302959.27,666982452813.8099,36636469080.15384
1624233600,667025607510.5001,669945471222,585700869843,592728257441,52676277450.03615
1624320000,592456485728.34,624407647484.63,538879194326.4,609657079548.37,58643956282.96812
1624406400,609730168462.4475,654128640611.8049,597430012698.3375,631138635392.5576,41992240392.64778
1624492800,631435313671.0651,661456278103.4651,605659463170.71,649723165719.8799,32732143383.323006
1624579200,649870486754.0625,663615792130.5,586427206051.6876,592167165582.9375,40289243557.42658
1624665600,592086856406.91,613131704000.97,565006254793.32,604947362312.43,38395790472.91641
1624752000,604963122534.0625,651211219369.875,600062354409.375,650236407692.3126,35349747379.17868
1624838400,650541774851.5349,661822105263.9451,634963033209.285,646455172652.295,33991092738.699154
1624924800,646594171782.125,687013764424.3125,641967820726.3125,673079461032.5625,37821532370.29013
1625011200,672956970159.5651,676626371051.8151,638271243559.37,656857579187.3724,34045401928.99063
1625097600,657382428530.7075,657728102797.6276,613198077541.3125,628629462335.25,37871187022.23744
1625184000,628376212151.0775,636989569557.3225,613133016896.6849,633804446664.1573,38663440974.93306
1625270400,633776795755.2001,655147481072.5126,624865340663.2574,650242733622.6376,24396468670.53705
1625356800,650220825421.8224,674203906571.7675,644811140642.9401,661678610806.905,24906333076.50498
1625443200,661531355252.5625,661602272493.9999,620960177951,631782205240.6874,26854205055.175316
1625529600,631955528504.6027,658246245867.5675,627626928889.5651,641846504013.495,26401074910.226463
1625616000,641744294341.6799,657672994218.24,633777741224.8201,635317059910.14,24772511164.74385
1625702400,635220082771.29,636442666292.49,602036128298.4,616602545283.0225,30035980289.72941
1625788800,616613978826,639636790573.4401,605277248875.56,634162158355.3201,27450020946.615047
1625875200,634316015940.7501,642499374889.125,619117619289,628594382992.8749,23017692347.563168
1625961600,628596134651.1,649154615776.7476,625147896242.9576,642358847569.9326,20161635730.232273
1626048000,642631108329,650239093044.2499,612682712520.75,620840303719.5,24176939767.226254
1626134400,620670118168.875,625276475108.8751,603925748114.625,613771507852.1875,19576619489.702778
1626220800,613962542057.58,621089386357.2451,592457277894.935,615573685474.0275,21358297072.774292
1626307200,615593792755.33,622487847273.505,583690707285.48,597550938594.04,21223062693.29182
1626393600,597987364679.4451,605077828482.075,582049437439.08,588906547529.4299,23709091466.265347
1626480000,588849261106.26,599292344091.93,584860061184.2025,591424764475.8375,18873094210.325085
1626566400,591316366605.98,608619286122.225,583825621521,596275803032.3,18726653607.35232
1626652800,596400123490.9299,598268500114.08,570618636721.51,578409488167.85,20531237266.127644
1626739200,578464168798.405,582736079926.1849,549588993326.45,558956700238.3351,23153420881.658756
1626825600,559029335690.5399,616805612186.3351,553533404644.935,602952409827.625,28179547745.21631
1626912000,603003895890.27,611862241793.355,595223436822.855,605914021472.3251,19586905232.605927
1626998400,605926658730.75,631576830837,600541236742.5,631519457766.7499,22225677601.307205
1627084800,631561771213.6951,647932838974.08,627250701633.3,643457898739.29,21814099417.51393
1627171200,643536774682.3125,665204615260.875,635844590172,664867239158.8125,20614508446.827618
1627257600,664673665269.72,761102961567.5399,661554037930.74,699166896429.8049,18719310391.688576
1627344000,699069906392.265,741757248011.1151,682899209553.125,740742182545.7001,18719310391.688576
1627430400,740770686189.6,768065524578.825,728174883872.205,751198506663.66,50217955027.89584
1627516800,750903671193.4049,762468279257.4949,736368156974.59,750967830947.4451,18719310391.688576
1627603200,751482539533.4375,794405174109.6875,719743851415.9375,792697660170.625,32397420448.17205
1627689600,792327375200.34,795552481550.1649,770128616206.955,778431629406.13,18719310391.688576
1627776000,779066421512.0525,799845128112.4175,740160966058.5026,748459457372.2925,26573752949.07824
1627862400,748590607670.4,759457128940.29,726279170707.71,735138607476.0599,25664416928.986576
1627948800,735121939478.2048,747059687825.5951,706331250006.45,716854263976.74,26263399265.399017
1628035200,716884082909.7749,750411389601.5,704066868799.5249,745949797403.965,25329146873.894848
1628121600,746112474177.84,777780386403.9825,700706419747.215,767805466069.1625,35090922799.40098
1628208000,767839215607.945,814800001890.63,749038056921.2,804458909238.1025,38195350654.17415
1628294400,804954526985.0424,840306910806.4126,796543051753.8724,838015121365.3999,39319052531.10836
1628380800,837196711261.41,851024920472.42,811614134947.6799,822494559903.63,18719310391.688576
1628467200,822367741208.51,872396966026.87,803281996597,868429942170.3501,18719310391.688576
1628553600,868325448068.01,876546526259.6499,837648174559.9401,855450255086.6001,18719310391.688576
1628640000,855466295025.11,877413198843.645,850984117120.0701,854595964209.5249,18719310391.688576
1628726400,855681549659.0024,868187507515.2,822343333079.2201,834478820911.77,33629431462.58789
1628812800,834357389585.4,900189699636.87,831332940556.635,898649555758.6951,31571891406.19673
1628899200,898699586875.49,905078938350.0726,864741613892.6176,885110583371.0825,31318961801.579857
1628985600,885237791956.7201,890531751844.0549,855218098254.5175,883418483474.7576,30942199508.65777
1629072000,883457946665.4249,903099650904.2177,858109392369.3475,862717315169.0625,32759338286.26838
1629158400,862748751988.3749,886355785275.125,834474491135,839526101829.25,33370862781.7926
1629244800,839286831240,864856018669.5001,830979354991.5,840199095450,32316951960.534473
1629331200,840384882176.895,884718672918.705,825837080488.0651,878748781707.9,37111481724.5082
1629417600,878814704243.52,928502402062.05,876671270245.8,927264891213.945,34442344610.9622
1629504000,927354943628.8826,936172962529.47,907404378480.825,918472839810.585,40772380463.40633
1629590400,918538168413.52,931091292463.62,903589017261.07,926345988861.27,25331938650.66066
1629676800,926460439634.8575,949676585599.725,921603355322.53,930949602171.71,34320006929.030083
1629763200,930663693861.4124,937491309457.8524,894752689516.215,896834300267.31,35285673328.89327
1629849600,896419797650.125,926064833102.5,885737911719.5,921079890343.375,32688633226.37759
1629936000,921162821206.47,928019004602.68,870350911934.36,880865396395.84,33080363369.385075
1630022400,880753371079.9451,924662372956.105,871723298581.2726,922742359883.2026,34405799409.9299
1630108800,920845178192.68,925167191214.645,906995113392.94,917841441754.455,18719310391.688576
1630195200,919911280279.53,933651306093,898691919594.81,917497775883.81,25456191582.221123
1630281600,915393991019.935,917427264277.9,879178811490.2749,881645350689.63,18719310391.688576
1630368000,883481614989.4126,907425446331.3,878283650892.6975,886380127027.6799,34667999875.83979
1630454400,884060721547.13,921616173950.475,873026416362.375,916477343475.03,18719310391.688576
1630540800,918620984952.32,947599947092.76,914266249727.48,926749109461.76,39424848709.79654
1630627200,924603448346.545,957566741395.125,907129529953.67,938432970768.895,18719310391.688576
1630713600,938497740228.2,948488464501.3,926593573231.91,936987031282.745,18719310391.688576
1630800000,937101374470.135,973625627668.745,928711642422.115,971619509745.275,18719310391.688576
1630886400,971619978749.325,990592974787.215,957111901267.435,988624095785.315,18719310391.688576
1630972800,991288820688,995687163504,800963459872,881760755008,65133885623.37016
1631059200,882063844634.49,891185205891.5751,835769749047.6399,866745217143.4199,48940542368.38853
1631145600,864161864614.135,889303577120.865,853969234097.51,870328236062.7251,18719310391.688576
1631232000,872611111952.4325,884809675772.745,830360930551.77,843789062574.5625,39037458407.50677
1631318400,843822078057,865296677354.625,841836914469,849691404594,34455875504.22216
1631404800,849759662496.375,874604650294.125,842097405458.2499,866178025439.625,27953377998.891354
1631491200,866259668632.855,882291229682.73,816758940084.85,845958230121.34,40933974380.78675
1631577600,846075517467.2,889449409826.655,840910884769.4401,886802789585.89,38695972618.84825
1631664000,883932448939.455,909290653715.665,876481381597.105,903306068236.855,18719310391.688576
1631750400,906238467168.9224,912621475444.1226,885036275847.49,898850821941.2101,31900101153.90218
1631836800,896152959167.47,903805979653.75,876875485700.3201,887187899851.3151,18719310391.688576
1631923200,890148944064.5001,918724070805.75,885610291114,909277145996.75,28480453757.93435
1632009600,909185159806.0876,910853477517.465,881859511251.8175,889267826215.1925,26982677502.79539
1632096000,889377520462.035,890929421793.34,799755347978.785,809560356675.0651,43729066878.8294
1632182400,809437016042.085,821432010963.3375,745100764110.0074,765807208382.52,48511224620.55682
1632268800,766456844833.62,828881634445.83,763904680110.36,820233667057.14,38232565717.98079
1632355200,820319980697.9774,847143641221.0701,811424566517.38,845158610244.62,34347987649.156284
1632441600,845143718299.6825,850294221054.8774,766295111284.84,806562387343.84,42756729729.53021
1632528000,806554235682.395,809604226301.1274,784806832549.2799,804108896537.8049,31608948411.93098
1632614400,804011764932.9674,827362334549.4325,768214988609.0226,813232186649.61,30634389830.766228
1632700800,812839518315.1425,835153902967.345,793051809963.4325,794124867204.11,30926536854.9099
1632787200,793968438848.83,805316821982.575,769871830130.27,772706913563.69,30111323171.16629
1632873600,772473104686.115,802250554303.605,767489075587.99,782073745200.09,30638302583.903175
1632960000,782006386933.7975,830560476133.8925,779975999011.365,825203244238.67,31241138252.60005
1633046400,825260854532.8225,913203341545.27,815316403019.605,907068888884.52,42656464133.21772
1633132800,903732533619.52,907133844790.93,890456951880.625,894308600740.845,18719310391.688576
1633219200,894102520361.2749,924138477731.375,884143360060.74,904907576366.39,18719310391.688576
1633305600,904854766510.36,928816933831.34,880035353586.7899,923784895578.08,18719310391.688576
1633392000,927738177612.125,977753622282.25,924323614724.125,970082251473.5002,35915013813.42921
1633478400,966183471403.345,1046475182547.955,945610890152.525,1038189053494.58,18719310391.688576
1633564800,1042715661113.01,1042842767522.12,1005145474299.93,1013432444841.56,36770253588.43756
1633651200,1009488491356.045,1053128333300.04,1006470637895.915,1012255802852.665,18719310391.688576
1633737600,1012331171803.5,1041254745367.81,1007184743462.445,1031189308749.545,18719310391.688576
1633824000,1035678867180.4576,1065112074534.3,1004876162999.085,1030503124372.41,39314626708.04344
1633910400,1025752191698.3,1085869693632.16,1021387968311.835,1078578650471.67,18719310391.688576
1633996800,1083176160922.45,1086893124629.69,1016120360726.31,1055292903674.31,41153263694.78984
1634083200,1055292060653.125,1088671440252.75,1022180299471.125,1081144866576,41670848426.00612
1634169600,1081255249311.9476,1103079007433.8826,1070783940188.76,1080827022116.2227,36673628013.18579
1634256000,1080924706719.27,1185529195849.32,1071900491596.83,1162132937743.05,51602247078.32587
1634342400,1162557395531.25,1175345471287.5,1133448537384.375,1147160661248.4375,34109184023.96026
1634428800,1147271144376.5251,1162946724664.935,1110603211512.27,1159673255584.5151,28947291626.689255
1634515200,1159643097190.7925,1181357398599.95,1124853736895.1025,1169466389483.5352,38061513899.50677
1634601600,1169109496199.84,1215470035497.68,1155955312347.5,1211588798263.425,40522666958.92848
1634688000,1211871152120.3125,1262876157328.255,1197601944359.0024,1244497914979.6775,40746041395.4065
1634774400,1244670788127.525,1256357258553.0452,1128279086580.81,1172681114271.81,46252689448.89117
1634860800,1172646526330.84,1201824843661.2,1131024523161.66,1144153691433.03,38454497744.50214
1634947200,1144141150526.8599,1163868513558.6826,1124269897414.51,1155957292711.285,26931249097.51548
1635033600,1155727286701.835,1159113751187.1326,1122054237808.8975,1147696045961.2224,27275055805.40248
1635120000,1147528049910.78,1201323251314.09,1143620343222.1099,1189481631620.6199,30954723284.135254
1635206400,1189562965893,1193396626709,1128213268208,1137335276698,34799874509.66066
1635292800,1137654101170.48,1159442200180.425,1095738807646.1425,1102595265403.49,43568668695.67333
1635379200,1102822935732.4724,1178578915365.145,1082060693507.64,1142751107926.995,45345232519.25027
1635465600,1142841247518.3599,1187475498446.185,1135024678626.67,1174482472857.1025,36821175906.32736
1635552000,1174455068326.92,1176315629411.46,1144864358205.05,1167381004048.29,32051190057.329384
1635638400,1167409460738.78,1177707348218.8801,1131855262184,1157215209881.8398,32252467133.917553
1635724800,1157295916252.1875,1178768034892.5,1121945747867.26,1149525826672.6926,36221045627.73072
1635811200,1149675657842.9202,1213044284738,1144343367050.52,1193325984548.23,37626117114.92993
1635897600,1193447732238.02,1198915145340.1501,1136541157118.92,1187186655549.79,36099524936.32949
1635984000,1187257995656.565,1190880532950.57,1145145704864.6475,1159205237381.835,32662263061.12702
1636070400,1159122099099.9824,1188190428286.4526,1146644583833.3674,1151062550314.7576,30592412398.408806
1636156800,1150980618946.83,1162132705168.33,1134238198719.57,1161076499548.3499,29068778922.507473
1636243200,1161051716288.3,1194599277044.55,1158370128278.915,1194510461498.815,24500342624.623974
1636329600,1194572723426.56,1279080167750.4,1194572723426.56,1274635878188.7998,41079752708.64125
1636416000,1274598269797.3276,1293267512475.8298,1250473019215.4976,1263200952647.0325,42411149201.80844
1636502400,1263191882008.32,1301957321485.5,1185408433966.59,1225318831292.025,48654132025.1329
1636588800,1225252659230.25,1238024075684.5,1210169314279.875,1223229733590.25,35797490782.51705
1636675200,1222978772054.97,1235725865658.18,1178381683600.155,1210665863176.5825,36005670680.1894
1636761600,1210617475160.94,1226420284325.04,1196598580173.99,1215514298345.76,30517378628.36073
1636848000,1215515656419.24,1236345707602.54,1200491049541.54,1236251435189.32,24693092677.742374
1636934400,1236314102736.4202,1252393836915.9202,1196187881653.78,1200734892157.7,30810815401.818237
1637020800,1200805379776.59,1200853370130.225,1106303690848.755,1134918304911.825,46966459220.91403
1637107200,1134742398997.81,1148575878152.54,1103416522944.8,1139143529397.2,39067658322.13417
1637193600,1139501654385.9375,1151011950867.1875,1066822650386.9376,1074471452406.1876,41309534491.26795
1637280000,1074304506119.78,1102465243885.9475,1041585454490.75,1096196447346.3575,38663374545.54612
1637366400,1099533816597.375,1130110143648.75,1084235104514.25,1127807726299.875,30664009501.580563
1637452800,1127762848775.25,1133271890741.0625,1105292448387,1110017653446,26052935860.37051
1637539200,1104867034937.25,1118257215400,1051251653894,1063209319826.875,35543401406.24308
1637625600,1063789176441.42,1092647517371.82,1045711646301.87,1087067306642.58,37584800884.04521
1637712000,1087078604202.5,1089699285559,1055958367138.125,1079699051381.375,33011198942.61014
1637798400,1079496731206,1122084711110.5,1077220081212.125,1113577179861.875,35052741517.19729
1637884800,1113839585867.5725,1117822086375.24,1011036998346.9825,1017307063159.9124,41766984523.67102
1637971200,1014979165849.195,1044964532688.7924,1013138314861.5175,1034431726372.055,30478439725.846294
1638057600,1034195613299.94,1084999571728.47,1009999088283.96,1082583894678.51,28084768260.932793
1638144000,1082581000265,1111935237151,1071675267520,1092382429123,32324025482.29126
1638230400,1092420894852,1118146407645,1057139258010,1076857416689,36764337165.85538
1638316800,1075930020378,1116373403325,1067759103860,1080666843800,36797957074.74084
1638403200,1080088121769,1083490471491,1054937518925,1068236565792,32447497847.08884
1638489600,1067860035397,1087944274655,982751371410,1014096536840,39838271431.39366
1638576000,1014230299707,1017883507616,822121587951,930052175519,61207329321.29343
1638662400,932283188061,940224791860,906188456365,933464906867,37108975849.74977
1638748800,932239879462,963314334282,891696021487,955024449961,37604765853.08905
1638835200,954981678552,981286685981,946210319634,956896250637,33612555584.399338
1638921600,956486791807,967390240164,920265288459,954580048820,28488877215.312637
1639008000,954939599962,960034278587,894224847857,900585590307,29617607210.142273
1639094400,904109420577,940926174927,888355567220,892507524421,30714128950.339737
1639180800,897532831910,935354223846,888932353593,932889303968,26037535903.932476
1639267200,933978490979,959407678704,920009267551,947081748802,21998972158.773544
1639353600,945394497192,948111583618,866605983879,882992608133,32133345003.4498
1639440000,884666053155,920185273354,875459074512,914400481345,34693963269.39031
1639526400,914942389272,935051814988,880921493148,924214182616,36564313825.49514
1639612800,924543174574,934929458710,898468584614,900829911397,27322421347.78878
1639699200,901567809684,907428886366,861048213982,873664509992,32866846826.12373
1639785600,871842285962,895231619020,861149743957,886495308776,26150098742.90123
1639872000,885910713524,912308407874,878281091513,883334673939,25115010956.20813
1639958400,880832764736,898011573389,862004005464,887110026162,31051076522.532352
1640044800,887235616954,932788997674,882284002227,925480785676,27091326606.54636
1640131200,924999301624,937811665343,916337280782,919409858082,24419595429.970722
1640217600,916972717374,971920534279,908530741643,961062918724,28179603062.034492
1640304000,960716527136,979844446200,954693479148,961306521476,24350995847.46143
1640390400,961786774726,967590743905,949904059814,953876311374,19054532780.002357
1640476800,953643816904,969817765881,935224090252,960752199680,21001379207.853607
1640563200,961868244013,985419645754,954693905327,959124391383,24289054014.113167
1640649600,957223183216,957919203438,895293270840,899972493748,33557323865.46583
1640736000,899840978185,910621679170,872960817128,878976575761,29814760635.135002
1640822400,876814989507,906509671596,869203679645,891442156972,26796960358.266563
1640908800,891770728422,919013000925,863335225619,874033061131,36991968142.56922
1640995200,874929509353,907139752404,874757740560,903225958827,24447743533.082706
1641081600,902148389286,907184803937,882905509236,895279742800,28037530607.866776
1641168000,894395816906,900115633851,864651936351,878731543967,33156032240.687813
1641254400,878147607542,898780462405,861576314445,867272566372,42409823398.84891
1641340800,868287791496,889537566837,806849663301,822170170826,36752917058.14802
1641427200,822768611561,827998615876,803477010260,815833746939,30352478481.463818
1641513600,814291536328,816058164268,769311781123,786120859948,84707293529.27702
1641600000,787583449827,800021401207,767611044812,788870447672,28091255964.365116
1641686400,788522849621,809455245707,780997898300,792286744619,21280899908.14384
1641772800,792662744803,799564087731,755060967304,791788201237,32100486605.466946
1641859200,791687427294,816242695483,781621056223,808815607405,26364130499.28499
1641945600,809983337482,838171169257,803892159910,831459366141,32863840427.689407
1642032000,831356335401,841241874796,801781298565,805718213777,47947359796.96812
1642118400,805066573930,822853377493,791210834919,815687281728,23549128232.96497
1642204800,815186313648,828602463966,805278152232,816116173962,18375279620.755783
1642291200,815931878443,823316119769,807327121700,816115514235,17884466747.222797
1642377600,815565983967,817382182241,787386985221,799803510962,21652008864.54553
1642464000,800051534006,808098975716,781951416840,802335656366,22444766763.397865
1642550400,802543988276,806273509256,779089302163,789395897864,23026148204.20585
1642636800,789738475751,823496327834,768021715748,770215773524,20319308382.526176
1642723200,771847251302,778682520529,672420746439,690466152607,42919594617.391
1642809600,690952182496,696864368531,646047216906,664016134148,39782187441.82357
1642896000,665510658186,691060772691,655599795396,687301754185,25856411255.49583
1642982400,685073467216,712468171225,624846102405,695076671405,41936812536.09917
1643068800,693521179361,710662223770,677194932117,700286533787,26366906393.09494
1643155200,700349850201,734552654261,687220320720,697816147813,31334705247.878326
1643241600,698547702194,705485813898,672921258427,704248360412,24820661568.7734
1643328000,704139287918,720131346330,684952379023,715057963164,22321054096.17085
1643414400,715241664522,733379461083,706776020789,723279375449,17148551341.511885
1643500800,722087514691,726681719437,708580351926,718428026295,14614093990.474113
1643587200,714210001948,734685493295,695083035703,729422304780,20668721466.215454
1643673600,729373664714,744373968934,720631492037,733661766534,20287489758.473194
1643760000,733997329010,736738042358,693588622774,699434593714,19094116525.645466
1643846400,699591334422,708482365931,687179550692,707193514061,18558841949.07568
1643932800,707278028298,791700953174,702242353340,788195213855,28246806736.96888
1644019200,788479643433,795300211114,775922052261,784859302102,20230049971.610744
1644105600,784976624436,809229895487,779408345838,803842974906,16005307957.165558
1644192000,803915321008,843955277358,790060263505,831386836716,28777647442.75763
1644278400,831617767022,862627836068,813175285608,836434543117,33097984123.438828
1644364800,835652782912,850130687543,818225356087,841918953923,23218579174.451454
1644451200,841885209136,869370234685,819201301444,825053244308,32028289675.640575
1644537600,825181371524,833583615102,795957099503,803648714995,27004926485.45699
1644624000,803642179613,815921296307,791534617208,800755897182,18147399945.093567
1644710400,800739499613,810860984715,794074496650,797604343489,14722892237.464266
1644796800,797662383295,812614799238,788196121943,806680470293,20812181203.859463
1644883200,806911839642,848930349378,804973244264,845083304018,22627298310.700256
1644969600,845146102623,845250763716,821160320710,832141203359,19831417996.513386
1645056000,832299397119,837933186003,760185685879,768808158809,26265972493.693916
1645142400,768702967253,777031151439,747798694007,758358725366,23352031397.588852
1645228800,758456629238,767294749603,751790160221,760497056108,13716554775.28932
1645315200,760479065732,761294896710,720523639240,727962265494,18322088539.741295
1645401600,728086459615,749025839259,698105626827,702315426028,29107616517.979893
1645488000,702226506241,729240878553,689664191558,725624877047,25447801854.934277
1645574400,725679693160,745049566990,703136130957,706729930472,21960036748.722363
1645660800,706765982291,753560622593,651139709538,727459489879,46380476798.96525
1645747200,727462309678,753405278207,721322644508,744167707341,26432453630.218746
1645833600,744294795634,764625314372,732195730754,742331872545,17504510261.669815
1645920000,742480633249,756516674895,702215247408,715380569221,23464983145.085995
1646006400,715436688053,839197377234,710652794687,819332941562,35586764660.22631
1646092800,819620047234,853305391478,812994305418,843077836915,32378579611.939724
1646179200,843148517730,860465900769,822511092118,833414734992,29262952668.340004
1646265600,833431007264,836913435573,793521210059,805749553859,24960954519.499523
1646352000,805798303867,806794087569,732147500029,743078730795,28401327189.877514
1646438400,743015753786,751674959583,732413074460,747780802526,24911584467.557228
1646524800,747599414193,753282978539,722898155921,729036329520,24911584467.557228
1646611200,728835208565,750457988068,705191922411,721461848723,24911584467.557228
1646697600,721012741836,747109703641,718524534096,735214537573,24911584467.557228
1646784000,735331237592,808176382589,733748761207,796212747265,28482846213.606983
1646870400,796031160946,797848542100,731705203572,748316082498,28482846213.606983
1646956800,748239994604,763549410037,725704126755,735015880788,28482846213.606983
1647043200,734965788010,749009601825,733711381369,736464966178,28482846213.606983
1647129600,736282620878,745888290489,713297435992,717205621378,28482846213.606983
1647216000,717164315277,757466878155,713117831298,753027323429,31021837244.440647
1647302400,753110834356,757460045443,723876316189,746124386172,31021837244.440647
1647388800,746150201005,791672177421,737395084053,780836956147,17273035003.721607
1647475200,780897051199,787489940435,769113078019,777537768344,23871790403.099007
1647561600,777422153579,804351471076,762021279750,793268970071,23871790403.099007
1647648000,793166264673,805001495631,788676652903,801649996363,23871790403.099007
1647734400,801698026799,803402442820,777070563195,783598905599,23871790403.099007
1647820800,783896200708,789312629030,769175346726,778883000235,23871790403.099007
1647907200,778696953487,823398291627,776460215956,804606431058,23871790403.099007
1647993600,804563336556,817045174884,793233089627,814613088268,23871790403.099007
1648080000,814595188990,839996628657,809335299712,835528238328,39566471295.92986
1648166400,835817790572,856997402104,828159864154,841827597218,25297439001.332428
1648252800,841942118562,851032796254,837667224813,845954353905,25297439001.332428
1648339200,846009430505,891728706001,844167023278,889938336666,25297439001.332428
1648425600,889820776613,915847128936,886456925794,895161687448,25297439001.332428
1648512000,895405543843,914059798309,891799545904,901232268273,25297439001.332428
1648598400,901175862238,906200177584,884234869867,893941076043,25297439001.332428
1648684800,894164990910,904410757845,858968194784,864610697484,25297439001.332428
1648771200,864531121293,887536806991,840309762092,879498282276,25297439001.332428
1648857600,879481290650,896672674259,867132895393,870280391490,30831979265.671207
1648944000,870290267775,901319276479,865358202929,881575632882,30831979265.671207
1649030400,881662050376,890602367553,857202860491,885083423456,30831979265.671207
1649116800,885120133816,896760860820,862114776776,864592998835,25361455481.110355
1649203200,864709290194,865190037151,819211626225,820573869281,25361455481.110355
1649289600,820384610796,834265466604,812216282957,826030062213,25361455481.110355
1649376000,825784368215,835810507515,800296038651,803421273907,25361455481.110355
1649462400,803161138499,813423850906,800427151457,812671377408,25361455481.110355
1649548800,812798689843,825346755471,795607330683,800848042568,25361455481.110355
1649635200,801156062653,806015787325,745242151281,751073250831,25361455481.110355
1649721600,751272390282,773244806431,746131058104,761731581880,25361455481.110355
1649808000,761802458803,789658989681,752154456438,781827754767,25361455481.110355
1649894400,781915733361,788566192942,752094030536,759195404160,25361455481.110355
1649980800,759259060378,776464670930,756004042445,770761643889,25361455481.110355
1650067200,770816369234,773385800202,760313093330,767484963840,25361455481.110355
1650153600,767387104282,771714016911,751748576794,754131979592,25361455481.110355
1650240000,753890846039,780739708493,732646581012,775392396196,25361455481.110355
1650326400,775467643546,793906284534,771196976410,788639350088,25361455481.110355
1650412800,788508997356,802227387295,777170019825,786186400497,25361455481.110355
1650499200,786218703652,816633454403,755852407634,769254416671,25361455481.110355
1650585600,769323203389,775330450145,744403599375,754722747295,25361455481.110355
1650672000,754600185324,759718905293,746806194048,749429210250,25361455481.110355
1650758400,749596806620,758812896799,740991436093,749904826706,25361455481.110355
1650844800,749831289523,771582904105,726039635681,768423275489,25361455481.110355
1650931200,768516574602,775170074481,716229547484,724475212877,25361455481.110355
1651017600,724296785449,749978173870,720039609631,745878143401,25361455481.110355
1651104000,745868832492,767227868728,738501622902,755302683940,25361455481.110355
1651190400,755293753068,758591905213,725048308854,733321336919,25361455481.110355
1651276800,733389743601,737074773535,714394728269,715400686525,25361455481.110355
1651363200,715324489083,734771748588,710730980413,731202439956,25361455481.110355
1651449600,731106100547,744296998963,722780247322,731771735562,25361455481.110355
1651536000,731719860495,734233235988,712785841121,716853568435,25361455481.110355
1651622400,716902213187,760690280172,715702626017,754005427231,25361455481.110355
1651708800,753969703741,757039643597,675299359642,694371522509,25361455481.110355
1651795200,694338079242,696477878246,670090760893,684265385395,25361455481.110355
1651881600,684259874857,686288513004,660874290678,673817024855,25361455481.110355
1651968000,673847617843,674520663583,640499740600,646555822126,25361455481.110355
1652054400,646744890593,650355243233,570573290557,571528323840,25361455481.110355
1652140800,571336975150,620327370271,565150730911,589082428431,25361455481.110355
1652227200,589134683535,610923731773,526622947722,550983137096,25361455481.110355
1652313600,550924041324,571762996762,481993858591,549582510290,25361455481.110355
1652400000,549856707072,588634744704,544960878874,555586146693,25361455481.110355
1652486400,556658671951,576509256970,544113023016,571957189705,42619172802.02796
1652572800,572068187874,597933997836,560594061569,595802756840,42619172802.02796
1652659200,595686427713,595702039806,553300929750,567966586590,42619172802.02796
1652745600,568104049159,585363026849,559972433746,579070972853,42619172802.02796
1652832000,579061262894,583883495513,544573008566,545807886992,42619172802.02796
1652918400,545912632480,580845379936,545558056829,576674640992,29015390957.80025
1653004800,576581902892,585105048433,546436688437,555408290293,29015390957.80025
1653091200,555443900200,563885542852,550702831463,560061762467,29015390957.80025
1653177600,559861432937,580188976998,556329196764,576311305684,29015390957.80025
1653264000,576244465699,583282849504,549228162374,553673497499,29015390957.80025
1653350400,553722246890,567688757088,545223856900,564249068587,29015390957.80025
1653436800,564185656293,574891860516,556609124910,561978032488,29015390957.80025
1653523200,561986792144,568479411279,530863733453,555794667305,29015390957.80025
1653609600,555472845151,559167134965,537808998303,544373408533,29015390957.80025
1653696000,544547839949,556652542337,542675177783,552488468349,29015390957.80025
1653782400,552503512106,562789062401,548689253087,560793003338,29015390957.80025
1653868800,560827661108,613165655125,557314848521,604047995522,29015390957.80025
1653955200,603774732333,616690083779,594042182946,605100296838,29015390957.80025
1654041600,605209221259,608463623987,558213855851,567202596165,29015390957.80025
1654128000,567267531878,587757320007,563041569014,579524766541,29015390957.80025
1654214400,579538096452,584039988488,556792125555,565059527218,29015390957.80025
1654300800,565156454719,570404631383,560873744517,568336781224,29015390957.80025
1654387200,568232617485,574176805967,562024687179,569359566306,29015390957.80025
1654473600,569423740309,604359915456,568826560265,597057789827,29015390957.80025
1654560000,597005231889,600752460496,555909304546,592371754583,29015390957.80025
1654646400,592862104098,596644195971,568707835249,575382866216,31824039673.487522
1654732800,575371239566,584571540665,570118853045,573341531541,31824039673.487522
1654819200,573303792580,578616599558,549541208396,553916640590,31824039673.487522
1654905600,553870133993,560501517374,535314763938,540998098890,31824039673.487522
1654992000,541228916471,543439314065,505423601309,506510025926,31824039673.487522
1655078400,505978440267,511759744035,417800787536,428088466256,31824039673.487522
1655164800,427913022027,444160286971,396898289263,421463264684,28917622984.7204
1655251200,421443246815,434169463951,382749850206,430110984027,28917622984.7204
1655337600,430073807985,437735313656,385015682313,388432827849,28917622984.7204
1655424000,388460090280,406671584774,385491726299,389692428416,28917622984.7204
1655510400,389691475184,395582257371,335257551682,361335115403,28917622984.7204
1655596800,361243986438,396362572963,341815214871,391834149736,28917622984.7204
1655683200,391790301071,401102232368,373981261064,391840250420,28917622984.7204
1655769600,391807077952,413771827532,387583879564,394694989165,28917622984.7204
1655856000,394805164988,397935967824,376655204685,380530138158,33095011734.40628
1655942400,380788783648,404461791552,379046028816,402396120672,28842674990.83432
1656028800,402467023575,410723366794,395226581569,404685373388,28475641155.327293
1656115200,404840200553,411820815737,398602950784,409765449468,26134258932.891064
1656201600,409707651233,417135201282,399738886388,401133864906,26134258932.891064
1656288000,401086748853,410459791298,391024133409,394993136282,26134258932.891064
1656374400,395269346988,404122014567,384753311068,386253203873,26134258932.891064
1656460800,386345719199,389157612858,378216197191,383245978887,26134258932.891064
1656547200,383347078109,384126495889,354954219860,380558647101,26134258932.891064
1656633600,380778731200,398396843342,361424828487,367096527516,23322777248.072098
1656720000,367409737552,370624622368,361846467917,366843011062,26611212883.446815
1656806400,366908461293,374668607049,357946740888,368142093198,26611212883.446815
1656892800,368166517774,387821622859,363167875642,385612916084,26611212883.446815
1656979200,385629326346,395495137697,367983142637,384768360042,26611212883.446815
1657065600,384720464975,393654326098,376814535031,392015971336,26611212883.446815
1657152000,391996889636,416763218883,386123160742,412576312269,26611212883.446815
1657238400,412493879325,428740801973,404044120931,412189335393,26611212883.446815
1657324800,411902264188,419015964969,406817423313,411879172094,16372354772.295416
1657411200,411853026500,412082420688,393949974313,397768376063,16372354772.295416
1657497600,397831545344,397966853563,379154430906,380684425250,16372354772.295416
1657584000,380645111438,382446294750,366952835750,368611077094,16372354772.295416
1657670400,368619665062,388153858781,360725985875,386138548781,16372354772.295416
1657756800,386085507682,398873678947,374368601836,392855233078,25745553683.816044
1657843200,392827358412,404544646104,388944570173,397677741222,25745553683.816044
1657929600,397603090575,411948424690,390959946711,404709793954,25745553683.816044
1658016000,404581685043,413634841984,396179382462,396982211028,25745553683.816044
1658102400,396927989075,434683078665,396389969836,428510367520,25745553683.816044
1658188800,428456145567,454300924949,412131710165,446823832173,25745553683.816044
1658275200,446750899828,463520566197,437319334750,443377110627,25745553683.816044
1658361600,443296732310,447363187868,426623290815,442147761487,25745553683.816044
1658448000,441922749437,453353145000,429636037969,432915878656,16372354772.295416
1658534400,433211067192,439164599456,419023053110,428789496025,25745553683.816044
1658620800,428990466898,439553581572,425337126313,431401324056,31322932176.99815
1658707200,431406863183,432910067574,405996214811,406877890983,31322932176.99815
1658793600,407003189849,407568944793,395555915947,406138131058,31322932176.99815
1658880000,406134883983,441583767020,402015874744,438620525224,31322932176.99815
1658966400,438732644789,462233822474,431010720119,455749797126,31322932176.99815
1659052800,455593937560,467192868933,447680053498,454410474483,31322932176.99815
1659139200,454362532387,471303855988,449306264704,451624293738,31322932176.99815
1659225600,451698212429,462026582733,443982781908,445335856865,31322932176.99815
1659312000,445134538259,449124237539,436575823443,444601636066,31322932176.99815
1659398400,444634106809,448155463375,432835766874,439219896937,31322932176.99815
1659484800,439226391086,451648360289,433511540336,436096784483,31322932176.99815
1659571200,436019772171,443689559723,427910270254,432100736702,24088746919.06908
1659657600,432460225350,448687826015,431744273685,445736866669,25050687328.09562
1659744000,445700935298,446328778657,438087498410,438674823414,25050687328.09562
1659830400,438780515158,447307908497,436773901027,443063993193,25050687328.09562
1659916800,443023474840,463583672488,442747300212,455277601100,25050687328.09562
1660003200,455189110544,457192857810,437308666846,442619055800,25050687328.09562
1660089600,442604530352,462915884149,433405143939,457941873981,25050687328.09562
1660176000,457949136705,476221576362,456159066417,457827581644,25050687328.09562
1660262400,457826817146,467511085934,451131159194,466573812318,25050687328.09562
1660348800,466686957909,476061987564,464535853800,467347865773,25050687328.09562
1660435200,467397366970,478682492978,461765889176,464698309464,25050687328.09562
1660521600,464726595862,481780618043,454579232871,460702282390,25050687328.09562
1660608000,460626406039,463468997902,452448961312,456125810787,25050687328.09562
1660694400,456076691840,467132468676,443165862451,446112617062,25050687328.09562
1660780800,446147975060,450962969801,441652349040,443347430545,25050687328.09562
1660867200,443265438216,443420248907,397406689026,398228141310,25050687328.09562
1660953600,398235404034,408407995434,396879185931,404046156431,25050687328.09562
1661040000,404114387810,416542628316,402662798675,410825144583,25050687328.09562
1661126400,411284798548,411480127593,399481343411,409091264842,25050687328.09562
1661212800,409085913362,414273027135,399395719720,411343473711,25050687328.09562
1661299200,411388770173,418616709328,404247983703,408435517335,25050687328.09562
1661385600,408407613185,416882256215,407386053748,412233539623,25050687328.09562
1661472000,412060380998,418062257705,384369526468,386975315311,25050687328.09562
1661558400,386848599893,389468531935,378696956947,382961704801,25050687328.09562
1661644800,382962254236,385244370392,373103535376,373631206652,26229094481.822353
1661731200,373707844168,390219502104,373600054744,387915980956,26229094481.822353
1661817600,387822525232,393200911704,373616490720,378512309292,26229094481.822353
1661904000,378816374848,391488703460,378603089392,383248354888,26229094481.822353
1661990400,383188917812,386088911996,373932596584,384652675256,26229094481.822353
1662076800,384744703489,390626936377,377691260828,381375373028,25050687328.09562
1662163200,381350717992,383223927354,375766830151,379121061791,25050687328.09562
1662249600,379096215631,382657243775,374489546387,382327936589,25050687328.09562
1662336000,382374953169,383232910197,375332786843,378265780504,25050687328.09562
1662422400,378328660402,385565009027,356772896223,359138250683,25050687328.09562
1662508800,359219722440,371917469480,354242488452,368566441536,26229094481.822353
1662595200,368763099900,371759989896,363463070988,369255223600,26229094481.822353
1662681600,369302047020,412864645828,368897645564,408425212264,26229094481.822353
1662768000,408482355948,416772203564,403799440600,413876031700,26229094481.822353
1662854400,413921517308,417815505808,408252825632,417427540328,26229094481.822353
1662940800,417290701272,429724517116,412035584620,428145898956,26229094481.822353
1663027200,428088564156,435596365100,379653654044,385545378092,26229094481.822353
1663113600,385564489692,392372423844,375044127240,386631681436,26229094481.822353
1663200000,386617921084,389092491052,372672951028,376471381528,26229094481.822353
1663286400,376570952964,380101247716,369281024260,378422293656,26229094481.822353
1663372800,378416942408,385792108848,377550422464,384464043764,26229094481.822353
1663459200,384473981796,384512587228,369683132324,371158356728,26229094481.822353
1663545600,371169823688,376126990496,348786126652,373402249684,26229094481.822353
1663632000,373379506880,375247856896,357882483788,360767570924,26229094481.822353
1663718400,360740814684,380520938452,346900576196,352744139012,26229094481.822353
1663804800,352862822048,373014284204,350996574308,370820845872,26229094481.822353
1663891200,370867095944,372504577832,354257395500,368661617304,26229094481.822353
1663977600,368642123472,369010595120,359524361344,361674798576,26229094481.822353
1664064000,361643646668,366488819500,356153266220,359466453196,26229094481.822353
1664150400,360378882589,370059099466,358128168453,368421746130,44077744070.59821
1664236800,368482350965,390553147475,360758587790,365637510414,58611376547.65778
1664323200,365683961719,378920802292,354115859132,371940579373,53096945526.03227
1664409600,371914251296,376405369848,361200916521,375517494779,40980950125.55867
1664496000,375567232941,386702998761,367105783454,372304160711,44035627623.62573
1664582400,372284848740,373442497368,367400683183,370201847866,18778336842.57351
1664668800,370192004944,371782318894,362837881083,365252198852,20482924231.79592
1664755200,365372676527,377824224217,363669188106,376348455414,30600658453.45926
1664841600,376356278210,392402334206,373810593577,389977607931,35904498046.02254
1664928000,390004520554,390431829595,378532164236,386539464066,33215227913.45539
1665014400,386533817030,392041188555,380805782553,382628792120,34737017802.35804
1665100800,382694300407,384565148664,370629265571,374481011981,29245844862.976368
1665187200,374519116244,376292860707,368844897929,372317801772,16402808843.388334
1665273600,372389476874,375257417009,370586300499,372865581397,16824885977.25802
1665360000,372813296501,374408513583,364945169643,366837033057,27366895748.372456
1665446400,366870565956,369400338806,361616761621,365432131590,28704832960.117085
1665532800,365483743226,368835965856,363673006036,367370231442,24972116311.95899
1665619200,367376464753,374037482676,348292107575,371688712478,44147505202.66259
1665705600,371661078432,382563935103,365864902179,367900401288,38485385078.13869
1665792000,367913790947,368749858829,364329190660,365748146887,16174785323.43628
1665878400,365819362812,372575733202,365743789058,369492170563,17927360184.497124
1665964800,369495103329,377365508702,367530283387,375018198184,27511177783.077847
1666051200,375024017443,377902999232,366398581866,370835989031,30579478521.355495
1666137600,370818404153,371363803482,365847078719,366900660539,22360387140.177982
1666224000,366950602394,371135775894,362739721204,365364591423,24542901885.097828
1666310400,365373430698,369295781987,358017774950,367727340303,32463226558.171787
1666396800,367795896545,369380332166,366808742116,368506762853,16109002873.336397
1666483200,368534660164,377788464573,366055428042,375534495087,21991609760.479122
1666569600,375586128495,375989086197,367717707768,370959022769,30274335727.67787
1666656000,370978227011,391704521895,369103246664,385454011727,47612418656.8814
1666742400,385519795782,403349794406,384991873380,398671799352,58873812724.26245
1666828800,398690801272,400615663587,387505681600,389432846841,49671900805.79402
1666915200,389453451221,398225555572,383962225594,395365558219,44063239530.56196
1667001600,395354617403,404542858356,394684783448,399593572340,40330837406.14331
1667088000,399611132558,401753541724,393917875018,395938019837,31463794133.47974
1667174400,395951481533,399864349055,388577017106,393424673190,45511300456.81404
1667260800,393383432103,397012969240,390320170329,393135614648,39928201243.18254
1667347200,393171628007,399627049894,385054359228,386860564311,55532983314.63124
1667433600,386886404066,391384208130,384740305145,387918274690,43184623135.50693
1667520000,387971129123,408998917276,387471203438,406088059659,64068532834.32877
1667606400,406108151011,412280739786,404838114472,408985940533,37832219046.99242
1667692800,408979215445,410158490562,401183365953,401562377526,34868529629.54926
1667779200,401431240143,404556792108,391664994314,394962011932,53573023832.6769
1667865600,395043507201,396967359288,330829975269,356130003159,119056073582.14388
1667952000,356114704437,356903947449,298865781556,304864604539,102291675297.14465
1668038400,305207223789,348639096287,302102327213,337170106102,83423006589.74959
1668124800,337172089147,338877665215,314101584987,326277028242,55476904385.67238
1668211200,326471441680,327404076202,318402885480,322195458361,29994443287.195335
1668297600,322248672121,326562484139,311807556853,313252088474,27101373365.615986
1668384000,313123189574,329388234219,303308384407,318666454160,49678814571.54591
1668470400,318661285268,328469666986,317168793132,324120502643,36645212808.24098
1668556800,324235577476,326283288110,313959950372,319813982414,33910112353.838474
1668643200,319887557530,321695428793,315117858710,320383372612,27844861151.87224
1668729600,320404616049,326154854365,317562155601,320450914574,26794086833.59345
1668816000,320533334606,322745976270,317807733557,320556388961,16157155800.916763
1668902400,320551716543,321481042968,310488592671,312293065233,21220582791.043922
1668988800,312291794320,312691247143,297308566786,302827702111,37410958562.35823
1669075200,302799381012,312898720664,299720639754,311183633323,30704176009.474194
1669161600,311264650813,320433639372,310268334915,318938877296,32834638367.26239
1669248000,318845996995,322679238188,316144972421,318757218299,26241111399.434948
1669334400,318759620769,319074586580,314012265441,317200933955,18670259035.80588
1669420800,317293971208,320700684023,315081635340,316175311801,17971191291.093487
1669507200,316178968396,318863019637,315169998826,315641235662,20343539411.241257
1669593600,315596718093,316697986848,307517479934,311534516277,27843982942.898445
1669680000,311500857601,318007644812,309388371684,315860754839,23535515501.93183
1669766400,315959250413,331462938858,315741860485,329972347438,29388770559.324875
1669852800,330008365762,332481467381,324320193594,326347729415,23047167550.18461
1669939200,326359095306,328764250415,322895918000,328595666573,19466213628.779762
1670025600,328584573372,329813345884,324322316780,324763882872,16244349159.496212
1670112000,324815409443,330680014364,324677185784,329003451736,16786579211.41556
1670198400,328925657700,335107360662,324457505727,326188551739,22228179332.32873
1670284800,326211896710,328969895100,325082165198,328531537740,19802260843.427174
1670371200,328595932847,329457891271,321117486958,323752199492,19732170507.286316
1670457600,323805442172,332591816599,321832425694,331284484074,20387812726.272007
1670544000,331293028208,333701304863,328194227641,329417210676,20416822863.420746
1670630400,329449432957,331336110921,328845796006,329415203146,12633386736.727573
1670716800,329435753468,332082344331,328410348550,328735931920,14143868775.311686
1670803200,328659075313,331608116787,324512454522,331009615608,19454915676.732925
1670889600,331060028294,346983455050,328736483524,341824574049,26770406237.594017
1670976000,341877366074,353454872645,339751819496,342448038112,25516662196.33205
1671062400,342497153245,345087894249,332337309173,333919567358,20894793773.573223
1671148800,333938676852,336883854879,318281201766,319950475812,23979174171.82987
1671235200,319986873387,323140507164,319091606119,322911592672,14518992295.65843
1671321600,322936887182,324372574344,320733243012,322145845294,10935778547.72364
1671408000,322137061031,323553961826,313020030661,316292273108,17174320163.91087
1671494400,316266932313,327906252034,315511024891,325184869882,22772325781.056477
1671580800,325159842810,325602364374,321908848520,323734730973,14858071287.50089
1671667200,323718466382,324527932349,318702740488,323613988126,16438936421.465384
1671753600,323612864666,325881853949,322157417334,322867438574,15307924915.151976
1671840000,322891417868,324397515585,322839848404,324052885329,9756989505.523188
1671926400,324065917726,324291640086,321636467766,323840772660,11642400524.44069
1672012800,323867054582,325812043135,323236621961,325490668753,11679006388.468103
1672099200,325568951212,326468833945,319284975402,321335114572,15893375341.283915
1672185600,321350554330,322651761178,316785648958,318298366873,17006963852.674183
1672272000,318320921750,320452873170,317286414312,320072751833,14469734440.962519
1672358400,320076138661,320632766037,314362046848,319451953814,14275782987.4121
1672444800,319462312460,320079025781,316962159735,318132259698,14496383714.629263
1672531200,318195099265,319956013154,317444959188,319795667585,10296103720.553333
1672617600,319813783880,323039720833,318580235486,320885631174,11412510701.35905
1672704000,320856395292,322813073843,319546167604,320927046711,11673528957.9329
1672790400,320939766885,326969705224,320547794903,324378185159,16458073658.806807
1672876800,324390598578,324874233762,322504960444,323947779739,15498226668.259974
1672963200,323966039190,327937352316,321023270363,326364692294,14392835177.103666
1673049600,326403083224,326904870635,325408365739,326274266732,12714905023.552029
1673136000,326327784162,330518662613,325680204478,329758627820,7594466095.012202
1673222400,329803396845,335017411876,329427693516,330830178059,15198719280.643341
1673308800,330835552581,336867519849,330268406690,335935051121,15846406519.173115
1673395200,335932689000,346508572416,333392620413,345526171183,15988844805.858744
1673481600,345655308030,368041332378,344891266091,363101734797,24933879986.957237
1673568000,363165964075,385114037728,360566525697,383896369573,32165371341.72544
1673654400,383972007783,411572486638,383317490561,403721939732,45280969397.78221
1673740800,403796329421,405624182965,395862917235,402282845882,22329225742.17299
1673827200,402177959456,413507640491,397356011145,408223936354,23657536520.512093
1673913600,408215249575,416426907659,401825857153,407245262515,23113374556.01324
1674000000,407297655511,417025112721,392719474061,398332735697,23695277487.982323
1674086400,398311533998,408344684166,397839884423,406241142475,30139305646.338448
1674172800,406230767775,438391308075,402135460650,436989597450,21273152507.593727
1674259200,436930487335,450498291059,432427475576,439047307497,36898860988.18432
1674345600,439092206028,444809579558,429823513225,437753187166,25518954114.85385
1674432000,437731719657,446518562324,433866880924,441694643896,24637629394.272213
1674518400,441721004125,446352624625,432954379836,436270168399,27496206314.316193
1674604800,436251781841,459091109627,430314828573,444318105902,26906309216.83399
1674691200,444608444194,448804396238,440602139700,443486362856,32094185462.74561
1674777600,443634407899,452978121125,434288767260,444847521704,24700688617.517452
1674864000,444874458008,446994912419,441238209261,443937109603,21486445497.251644
1674950400,443981732935,461775097785,442989400285,457810200684,20753886401.18133
1675036800,457781744875,458844295871,433840612628,440132641748,27639371442.82049
1675123200,440213215150,449427819376,438121186341,445943932107,22956349978.74157
1675209600,446007411256,458988857432,438990574846,457471052310,22461089313.415325
1675296000,457518258253,467801384903,450694844518,452875745744,30716314971.027622
1675382400,453151229131,457317719465,447591731269,451876988750,30012761512.98004
1675468800,451770751511,454734273796,448576625932,449909150493,23127646622.10249
1675555200,449869479762,451757398104,438890205901,442306622730,15997224377.73042
1675641600,442334269611,446495744632,436396825686,438957807556,22550939520.582462
1675728000,438958837183,450171846516,438702746991,448385000342,24298740958.808727
1675814400,448373477840,452142505211,437374374479,442889643297,26402394785.258556
1675900800,442935760796,444163879330,418433947467,420367154154,30041302698.01736
1675987200,420393392124,423109157561,413953550639,417286684528,31256828826.554726
1676073600,417264780472,422516619591,416816149314,421724089313,22323261367.023563
1676160000,421751703404,426061748001,417413304520,420243718233,14995298866.49626
1676246400,420274054961,422442980396,412224880241,420315334759,22586708136.618107
1676332800,420349510842,430669798566,415589936663,428466809991,20699368747.405067
1676419200,428457888037,470231738754,425460358297,469369982714,29754435387.8402
1676505600,469493998561,487387954624,453603008017,453801722570,35020861932.67176
1676592000,453780106520,482689400726,450585841548,474213292442,39991557711.92646
1676678400,474192351322,479877174415,471466962658,475388242220,36028312180.04823
1676764800,475407736610,486084333333,466926237831,468680039274,18386414827.82508
1676851200,468592327237,484701895652,460368792295,479350886079,32826556704.850243
1676937600,479414988987,487454801761,466227897492,471825005880,28854249722.93667
1677024000,471823370159,472214747531,455260658015,466768465073,30454936578.045235
1677110400,466817210085,474742045098,455910767356,462095929122,29956912453.14922
1677196800,462159661439,465725842539,439280477922,447606392319,25605996722.664673
1677283200,447619731735,448160556263,439055325620,447112491600,24546422933.15331
1677369600,447126035792,457101409135,445188867703,454739785821,15096889657.152012
1677456000,454769442020,461135253294,446267151905,453498325905,17665851114.88773
1677542400,453473771346,455532746652,444714149889,446571204309,22931537580.6462
1677628800,446773715550,463085469385,444686459706,456339918731,24350153721.9635
1677715200,456282546605,459438504473,447932878663,453059017607,22032158219.712353
1677801600,453111534880,453298812538,424695722145,431812466200,26176221256.816875
1677888000,432381921789,437629246622,427941283609,431512291181,15950704549.90189
1677974400,431532786110,437431878700,428772371470,433077892290,13310415869.801374
1678060800,433099178287,436366028184,430007855436,432867652514,14487709692.124891
1678147200,432862723649,435499614209,423437891673,428728280085,16288545104.32806
1678233600,428790385729,430322581403,416913262174,419099740547,24862200112.432865
1678320000,419068701213,421826528783,383524011834,392944851240,22148593341.319042
1678406400,393020421193,393035485610,377756882812,390568204381,41129007172.72064
1678492800,390583335600,409736790123,385717666312,400312163313,38363094152.13594
1678579200,400185078975,433849802490,396389033240,429615298309,20643678119.63753
1678665600,429759730023,476229534123,423885618561,467751960829,40584866470.24584
1678752000,467971687209,512568033890,464679050356,478371165354,52380214093.96039
1678838400,478303429923,488546915018,462329195459,470904359247,50914182696.53917
1678924800,470875698903,487268910177,467867717057,483996643221,41047493357.96096
1679011200,484009526898,537600573248,482001797071,530374136906,42889988889.67932
1679097600,530508598679,536694784292,515197509132,521207873991,43918436624.84027
1679184000,521398959653,550163665402,519737662691,541982000066,31510923035.70761
1679270400,542360638820,552050867404,526115318121,537319687190,48819763901.64215
1679356800,537267225548,551093966274,529553754281,544703014168,36674233169.18106
1679443200,544683663452,558858965658,515407595566,527938166171,28770512032.55885
1679529600,527955867026,556977825423,525414716006,547739700771,31339583871.514717
1679616000,547808541803,553949839435,522448244955,531353281136,30449663944.070156
1679702400,531405269618,537638100497,525458683546,531407588955,17857392203.068695
1679788800,531378263500,545615434175,530514848238,541252548725,13870554119.628765
1679875200,541149376741,542151232812,512760297567,524610536475,14290554579.721098
1679961600,524645078777,531857495437,514865373498,527228798353,20218564586.062115
1680048000,527289677797,553646284147,526959497707,548031096165,20729968022.961544
1680134400,548270513536,564158016475,535537080400,541542862348,20988269839.48684
1680220800,541676459852,553906527914,532141843962,550565536021,20168843411.096672
1680307200,550566338604,557136839148,545923834512,550425779697,15653219283.470367
1680393600,550459911777,551786104091,538983388815,545052473309,10161381050.956661
1680480000,545027892560,551361206000,526549830880,537779792960,16779978369.798454
1680566400,537756998517,550011150902,534311364147,544845889927,18551931981.405727
1680652800,544862964424,556659029744,537960525809,544971836306,15572193228.511946
1680739200,544963194649,545271067836,535876100954,542424981349,16010520618.505777
1680825600,542557972094,543808861432,537499103308,540122335062,12523134967.079666
1680912000,540159317771,544893302481,539360359940,540782663472,9489578080.782228
1680998400,540788407443,552154268246,538095872077,548082101046,9995656987.554632
1681084800,548223660944,576322503645,544989811441,573593683214,12643841686.765827
1681171200,573664943440,591602853468,573033968484,584852852839,24539213355.791912
1681257600,584996668565,591566332863,574059479370,578457181159,18530729363.245216
1681344000,578580227130,592514875876,578033341690,588280624546,18678611949.848583
1681430400,588307592879,600620938778,580336458026,589957033350,20976245256.27804
1681516800,589994483802,592456388661,585093503535,586690597808,16829256248.899658
1681603200,586699188779,591398388515,583376199835,586758973558,11602468572.000702
1681689600,586733422636,586975475336,566081548199,569827076708,17011225798.306892
1681776000,569877845346,589986660058,563400718399,588133149900,18078695927.233315
1681862400,588115242124,588724785425,553403395903,557834098434,22784884302.156242
1681948800,557704984498,563137919808,541853391873,546629537069,21034740360.394382
1682035200,546711169329,549005005508,525300870516,527588320413,20729583039.631355
1682121600,527642862423,539900479912,525337882250,538419951085,17331608722.478992
1682208000,538501310354,538501890981,529213608220,534106548073,13510296464.078966
1682294400,534131194281,542002123793,522060022763,532690597016,15665839007.16503
1682380800,532721898241,549790333852,526433934719,547909132181,15578899622.480206
1682467200,547963460888,581458574655,527433691838,550310466825,24170929952.794376
1682553600,550370308287,578701270509,549622912586,570750536604,32239399697.3637
1682640000,570779408587,573160888181,559695326556,567938552381,21772956791.47764
1682726400,567964926656,570512026468,562463214294,566267892609,13842158690.354176
1682812800,566331134780,580281324815,563572305425,566064157539,10573993582.116442
1682899200,566317792457,568206865326,535646157136,543788512319,18592798105.19378
1682985600,543807230905,559880536068,540012634396,555671008427,15951010927.931417
1683072000,555694993718,566954782315,544881522686,562367876981,16963181608.524532
1683158400,562456174276,569063177218,555578849643,559054303594,19583803012.513412
1683244800,559119301403,575432197972,558150287462,572326279785,16529411499.057032
1683331200,572300417750,578458506517,550246407718,560882807210,17062437733.506832
1683417600,560880066128,566301318156,552968094193,553771027459,13798956195.628834
1683504000,553838498382,558040449486,530285028546,538598872344,15526618502.956882
1683590400,538604680477,542378219614,531501912564,536414892791,16440467180.045322
1683676800,536449584228,548890025654,519747534278,535369945744,14582978427.040174
1683763200,535435188729,535856492602,517620717663,522803626961,20414379426.09727
1683849600,522816265170,525051890283,500232984082,519335655859,18938854246.760292
1683936000,519393071710,524444143156,517348350566,518966111463,15025285542.622932
1684022400,519083090682,527058970015,515238124028,521738940324,9197131441.14143
1684108800,521763994011,536156601647,517993606638,526459299391,13521119807.965303
1684195200,526444424266,529019938762,520558115238,523923353430,13338725087.787502
1684281600,523969090385,533017097836,514703296772,531090930372,12806506561.662155
1684368000,531191585145,532620250839,511036799646,519867282896,14153168112.699306
1684454400,519916331179,526885196365,516352739966,521176086832,14146979002.550724
1684540800,521172196481,526396287826,520187374454,525489367895,9451288587.216818
1684627200,525545880362,528733629615,517028355443,518520777900,8291357741.14765
1684713600,518493881090,525258257005,514278040925,520535035350,9563868622.477045
1684800000,520556330764,533150643424,519666137046,527732536433,14156018245.703205
1684886400,527720822945,527803391863,505308982733,510337546103,12516544154.490284
1684972800,510352443870,516022432160,501509417555,513325059090,16398852838.362173
1685059200,513391360319,522281764205,510626968861,517922240757,12429779272.024487
1685145600,517974202221,521735507726,515004781115,520970374869,10719711413.963818
1685232000,521026238492,547947397274,519339449580,544402058161,10374815466.429968
1685318400,544429073055,551810134336,534002490350,538026867059,16618026690.450071
1685404800,538045673313,543968939381,534553872000,537179218006,13173034047.331614
1685491200,537178062072,539837271103,520592469679,527761767026,15244480103.573172
1685577600,527857836389,530393834870,516145785293,520143584566,14831340072.062366
1685664000,520140554357,529470070650,514042134234,528451469667,15050065491.926155
1685750400,528467655433,530159391703,522201211420,525043848053,10365151780.206957
1685836800,525049611067,532707532373,522881136909,526025637756,8879052347.591795
1685923200,525970888356,526241621700,492456582767,499048435457,12465093925.800615
1686009600,499107690531,530724307784,491658287280,528187321481,21105341747.571194
1686096000,528374589421,531291841157,506944300293,511102659259,25169954350.989624
1686182400,511101665824,520329022904,508652506892,514247342513,15003115771.943777
1686268800,514242752608,519588638015,509905136880,513800107089,11969972082.879618
1686355200,513833179000,514778064397,492706620073,501606699498,16991498806.365564
1686441600,501641739537,508557583214,497746751898,503210753384,12802228299.625753
1686528000,503235584604,506513628963,497144517625,502700528302,12344392281.557926
1686614400,502701735284,512736582272,499027161073,503197240170,13224756315.440876
1686700800,503217884607,506127007292,481633063488,487582077745,10763204180.75358
1686787200,487571307223,499569059520,480618878011,496388544348,17533435111.834927
1686873600,496369886850,514389078114,488405770656,511022704178,13620499117.412695
1686960000,511044747535,520137783863,507995300973,514519932930,17449150173.840103
1687046400,514576042463,518089997103,509596581669,511186283260,8744438750.785923
1687132800,511187866899,524982408023,509735094961,520966035058,9347439222.88371
1687219200,520977524770,551510002294,517247619063,549547721395,15281329807.636753
1687305600,549598035680,597534975565,548854506849,582324172872,29062163681.623096
1687392000,582334684520,591998400725,573905959803,580332845417,30145390487.162514
1687478400,580302496134,610279048396,578789887536,595945077870,16764369908.676105
1687564800,595972534381,598185158592,587588088131,593002505163,23115597518.95553
1687651200,592978184276,602730358909,587924384109,591516299542,13101596941.902548
1687737600,591575696629,595236129320,580982067420,587725797333,13986189300.491854
1687824000,587724345571,602165996892,586931306915,595978354030,15823645298.118465
1687910400,596036111789,596409253309,579438109138,584056754692,16045790791.513472
1687996800,584061275374,598646192894,583350493140,591241321429,13411227262.309168
1688083200,591275646032,607341205351,571843161448,591751920046,17901974845.780605
1688169600,591776814360,595300591013,588928745375,594043930087,21381208658.87125
1688256000,594066438709,598018146232,586054090051,594675962070,7911274929.66475
1688342400,594734560875,609587574375,593961306250,605102037313,12340834394.00242
1688428800,605186761074,608449256898,594934173751,597676806401,15967883494.534298
1688515200,597691479087,599627321306,586442697690,592487737892,12314034348.610773
1688601600,592475997492,612791028406,580028013329,580985102385,17131605968.618917
1688688000,580892086942,591428748707,577267669519,589513892516,17955558187.68686
1688774400,589542934229,590277923935,584004095321,588521057687,9394050954.096907
1688860800,588552326513,591544111106,584298133916,586132403616,7361737380.53476
1688947200,586176709959,603022082954,582091293726,590987675601,9913842657.82793
1689033600,591016184155,598526723631,589023203516,595065087799,14914900901.6374
1689120000,595137968040,601900853134,587237995058,590530945630,12975577980.337652
1689206400,590534639952,618382342172,587869470147,611644813112,13875573335.661816
1689292800,611674861995,614807528331,581693628707,589340140054,23679828180.53177
1689379200,589360550534,590746096703,588085560496,588712369070,17192443165.26669
1689465600,588763747057,591814959614,584442928511,587790071573,7761471519.459719
1689552000,587790211055,589609410834,576698183515,585950219310,10056159401.088358
1689638400,585937427228,587718049469,573698297032,580437766632,14096460679.401169
1689724800,580363577802,586922054441,578547112200,581488398911,12441810409.655205
1689811200,581473577918,591179914190,574700811493,579387526991,12076669073.487328
1689897600,579433020228,584298829418,577979069175,581469057018,13588395655.781149
1689984000,581478444099,583141390398,576199814069,579016482812,9478404534.83478
1690070400,579081925825,589941741882,578241471848,584911457669,7985344467.014538
1690156800,584913491537,585133527783,561247932294,567372792842,13702680811.735836
1690243200,567393865468,571080629414,564998227017,568317597529,11759322765.051718
1690329600,568334061572,577182029648,565908573322,570705118731,10491156132.922812
1690416000,570734551296,574898320156,565479392092,568165293230,13316031794.096214
1690502400,568160675728,574210069531,566319572780,570177529157,11220295488.991993
1690588800,570201228445,571854018878,569034301239,571020527220,9418898623.374495
1690675200,571039382142,572717514981,564883895228,569448743194,6022413057.347533
1690761600,569481764592,574079338116,566260643722,568558555496,11159205394.563156
1690848000,568528816335,577963138039,556360139716,577622072862,13910096775.068567
1690934400,577662346774,584030119526,562584535871,567226091108,20570658580.40864
1691020800,567267025896,571898306560,563045880480,567574287011,14577052830.48208
1691107200,567598998443,570114766627,559864022562,565671137434,12614574020.933622
1691193600,565675654048,566301508161,563248670367,565066136710,10196515422.02436
1691280000,565093686789,567313460278,563433670428,565076182223,6441327575.022692
1691366400,565102214746,568948564568,557630473554,567769665642,8942291007.053131
1691452800,567836356098,587947742100,566470284276,579148901310,14880927955.618044
1691539200,579204668065,586083387916,571226115569,575279973430,21447929803.099426
1691625600,575306818640,578011394394,570313770672,572575397495,14118314769.911432
1691712000,572613086395,574627172578,568516240948,572104360870,10995798801.2887
1691798400,572132857086,573414364523,571235198772,572414566934,8449566066.331298
1691884800,572304734841,572834131050,569258323286,569683241081,6177576684.530002
1691971200,569724011757,577047218598,565938856704,572237849697,10916092155.251371
1692057600,572271520207,573141101579,565473257963,567613646213,12546621805.384995
1692144000,567629683353,568651671346,558391316644,558487249637,13911462116.491331
1692230400,558512708631,559517626542,500273784724,518351020292,16730068085.998455
1692316800,518290018479,521895160578,498896008167,506952065513,34528710095.28531
1692403200,506973167280,511092837082,502140417822,507843498126,17254511935.421658
1692489600,507871549606,511615813844,505771507444,509721104812,9728915558.931332
1692576000,509747451379,510651353130,502648202353,508486387760,10900845357.501528
1692662400,508511174895,508706017353,493947041807,506911169897,11599567254.112062
1692748800,506925593415,521621247034,502269779875,514408415069,16271248372.155025
1692835200,514429007475,517070625910,503569950650,509400004481,16230591786.839006
1692921600,509427428070,511627251954,501565101768,507136885785,12126159756.224533
1693008000,507158221128,508165510297,505863969408,506303563328,10819278467.94135
1693094400,506337058504,509464364938,505515466451,507959994844,6010795324.274725
1693180800,507978169966,510455692472,503471318023,508283649951,9580926227.500202
1693267200,508301754822,547774678577,504662488715,539866074931,10351219115.440533
1693353600,539813841299,540468669727,526439997776,531583604009,31858838590.1559
1693440000,531605280622,536097162320,500049948000,504977620891,15235298800.720387
1693526400,504997830778,508823747475,493255243984,502410999333,19204841020.50579
1693612800,502436255057,505834906577,501490389229,503756027081,17337452395.966423
1693699200,503780756659,508581207827,502643987075,505744055301,8308107806.753457
1693785600,505771867614,507996635997,499299530849,502760454787,10042727017.75613
1693872000,502779238114,503783472543,497959458209,502206419367,11014619014.31013
1693958400,502230055119,506701207064,494381630093,501613190026,10173293401.630983
1694044800,501633792378,514636408989,498814834914,511364376963,11700712922.863846
1694131200,511424783378,514872089252,499707800369,504659905807,14086023300.700184
1694217600,504680528852,505119227167,502594374208,504476179592,7093669657.323363
1694304000,504503955486,506758931819,498496464758,503258117590,5868963550.342729
1694390400,503281057028,504279915830,485492525363,490132630708,10027037341.255604
1694476800,490162074850,516764801638,489607384587,503459054496,19764650931.18398
1694563200,503482967347,516538143964,502101149656,511032890318,15366295026.990286
1694649600,511057612161,523041548590,509399038321,516984012930,12826724588.235497
1694736000,517018306120,523811230300,511084143181,518453861841,12747629113.71355
1694822400,518481452336,521647559978,515729840351,517718133345,10451055196.177326
1694908800,517744771209,518702622383,514805542033,517118221560,6466191663.85145
1694995200,517154191716,534361105090,514410682110,521651154182,11488152682.428534
1695081600,521673225966,535788236744,520016362534,530483194307,14230869953.76926
1695168000,530508178542,533816589369,522895364233,528792186500,13315232031.393284
1695254400,528793968683,529312258464,514090444311,517890976143,14050411688.278559
1695340800,517913719669,521038994201,516195822554,518138276288,12020904482.327232
1695427200,518162039755,519195788333,516987546981,518163794184,8953787087.337877
1695513600,518189870293,521006065554,509727638264,511745918032,6378853030.654295
1695600000,511752319655,515304590155,506684081019,512622597659,11718680350.89606
1695686400,512647235549,514497640012,508611283301,510876571411,10116283146.742884
1695772800,510901610524,522922522106,508787120205,513916099673,9779428129.367643
1695859200,513939590254,532220398589,513320519832,526959762375,11151819687.925507
1695945600,526988504881,530987789365,520468949701,524750387508,14146923027.727308
1696032000,524767459794,528335974617,524304332870,525885984440,7630073530.628758
1696118400,525906005218,546923758509,525772423587,545614268507,6402546293.455447
1696204800,545702279438,557458230627,532654716219,536441988695,15334075573.254326
1696291200,536425214168,539558739969,530065328913,534955673064,15875708129.115625
1696377600,534981402020,542711150413,531070888917,542051531695,11267531128.00344
1696464000,542085744564,548431383166,533775989017,534862982437,10217881206.861874
1696550400,534892051650,551117285900,530343290600,545111111250,11832992116.082933
1696636800,545151621491,546786667301,543546225759,545673033737,11851064041.01211
1696723200,545698189512,548280800676,540787931516,544920421500,6926982884.580911
1696809600,544945198736,546191010716,532143729567,538212429703,10052430075.702774
1696896000,538266565067,541001802154,532629674542,534450499630,9990350216.870384
1696982400,534495557013,536043919182,517769304452,524170931355,12273368341.10096
1697068800,524195943545,525454633184,518082586893,522039722928,12132077937.872322
1697155200,522065355975,529093155091,520472554682,524141090406,9032349172.50443
1697241600,524165708549,526372671940,523139694976,524043749917,13608680006.617992
1697328000,524072304586,532653973401,523315534719,530249794763,4839159334.00293
1697414400,530287357117,585072940986,529444880277,556541136758,14146607665.128386
1697500800,556563807958,558583935616,548305504231,554478691167,26040948921.198296
1697587200,554479184061,565489805107,549611792795,552916052554,14229298482.817322
1697673600,552943579448,564483910380,549191010316,560812341778,11503599836.351631
1697760000,560848009416,590173930069,558230512455,579378560610,23143156127.547493
1697846400,579406094659,592375875752,575524959304,584087739800,11641854117.863033
1697932800,584127307514,590029233745,579495991783,585570677315,12569498506.375517
1698019200,585616143398,675291982253,583744590254,645453330430,18024187828.02395
1698105600,645502457340,684645275613,641631691611,662180114269,51706140868.78521
1698192000,662315635629,685917511971,657946841223,673521787539,30263812958.632874
1698278400,673565596252,680186553516,658890777787,666959087126,23876476352.03222
1698364800,666969964616,668643288139,652244327103,662060312341,16669804065.775047
1698451200,662112887040,673459678080,661513621824,665651461248,14654260849.04195
1698537600,665682755703,678779337339,662925693674,674384909696,8575742235.22957
1698624000,674421529843,680837727392,665866599778,673692540756,15564281706.392498
1698710400,673728589777,678175395675,665147836260,676885294675,16448414425.01225
1698796800,676906003045,695575708168,666070449454,692154797285,14520687276.020508
1698883200,692200280894,702160917514,670558908698,682437884361,26415518015.66588
1698969600,682530608033,682562835792,666534311148,678426549446,20344310985.630512
1699056000,678458226991,688970631446,676076972737,685378924184,12829045290.713654
1699142400,685407724121,691230020709,674134862488,684512872726,10206165543.573416
1699228800,684561557397,689216509178,679187138269,684581678259,13005750064.138735
1699315200,684611465812,701641293678,674836794328,692140121546,13850253902.835184
1699401600,692186374138,705545691798,685937985599,696317972826,17703782152.711575
1699488000,696183403038,741912055356,694969935124,716983114452,26364262884.016926
1699574400,717084677780,733345289165,710098538918,729160952274,33978662468.810963
1699660800,729206796538,731220525762,717644755069,725766887457,18499137458.819626
1699747200,725806792624,727593166210,718065514746,724474730850,12761069001.03009
1699833600,724509508082,731452507456,710593220425,712937191084,14399531310.137072
1699920000,712983361629,718217313701,683265347980,694905971625,19005044388.62253
1700006400,694937139666,742099554613,691218311711,740413388887,24909628203.904476
1700092800,740454678184,741772713270,694318368784,707186604870,28440043081.199238
1700179200,707198851411,717681876740,701115937001,715631240940,25454876792.5091
1700265600,715662311506,720317316847,707664990439,715025707861,17583232483.806503
1700352000,715074401508,733370223156,711625170003,730512087428,11406284771.707872
1700438400,730641739734,738141443695,718852273917,732427625555,15690473974.843634
1700524800,732467562134,736413078677,699221067636,699221067636,19807204762.336803
1700611200,699346446593,740273819709,697108403462,731523399503,28709332914.265774
1700697600,731569249413,736106374560,721444150337,729304890234,21813472875.17665
1700784000,729365154941,750963569967,728439779512,737442687266,16784089117.263891
1700870400,737482099374,741337672821,735584912440,739278394991,17667135665.123604
1700956800,739315159051,739829026161,726918212789,732554912629,9154592185.802547
1701043200,732608474290,734689253950,718451507289,728493649894,18023633192.84401
1701129600,728545048845,750152614598,721026644569,739548784081,17162347471.071693
1701216000,739579955418,751476567006,735137768904,740609001662,25197521823.11237
1701302400,740639266679,746068869648,733649017105,737722930567,19666859250.816647
1701388800,737877900846,762438593945,735815122593,756679947614,21806422508.07999
1701475200,756710381044,776822185440,756139457483,772017938974,14920887746.151457
1701561600,772042924690,786371992426,768557576223,782164889885,15929871862.692533
1701648000,782204030387,829748707745,782167451539,821663413193,33300720252.027275
1701734400,821702016192,869962346118,810064114518,862142907804,27147055002.53966
1701820800,862184446207,866326028375,849082249463,856303755567,42284669286.93028
1701907200,856303950976,861689929982,838247588901,846665687648,26873280542.635353
1701993600,846656994139,874816758403,843204324065,864440162299,24758606651.62455
1702080000,864483507649,868065278973,853162981591,855502373065,22809657961.5337
1702166400,855522714885,862021751134,852809500300,857006598884,14406211444.26065
1702252800,857052035834,857166697646,787260365447,807226391432,27836899176.02294
1702339200,807244542216,823356473058,795871149822,811539869994,31287713319.07348
1702425600,811575884485,849853876083,794706860786,838502254398,23611086120.083954
1702512000,838543145236,849572819907,812831504087,842102480998,25840553940.77871
1702598400,842133611078,843275947701,815813290706,820832956977,24457915683.415367
1702684800,820934466509,835699462931,814849857692,827353749361,17947620878.69758
1702771200,827397568097,829591652297,807266405178,809174729973,14726527291.403763
1702857600,809247674193,836025439013,793019063906,834176327540,22096806696.51905
1702944000,834218885150,850431681226,818516788430,827335111943,23917349088.73019
1703030400,827397696294,866547300010,826065975913,854571408573,20751828522.08054
1703116800,854623824030,866062931058,847689062382,858654223555,30238181355.82146
1703203200,858697268897,869136535497,850055405044,860905993196,23867347002.822865
1703289600,860937579911,861840737823,848348580620,856287481588,15922038495.203426
1703376000,856329990975,860743210275,835122063960,841926527595,14756991378.759748
1703462400,842111185576,858012699747,837325517282,853729858513,19939461731.66615
1703548800,853763615100,853778496945,816535896578,832607701736,26721528110.78438
1703635200,832640710912,855173781397,824696006407,850533577361,27330844662.409836
1703721600,850540373423,858013802419,828796676251,834129888139,24172230810.585213
1703808000,834169586464,844451499392,810229700709,824126988185,23215418479.543736
1703894400,824163916770,834490527367,813340051121,825420861596,22100649094.059727
1703980800,825466059741,839977883113,822344687848,828131280845,17079095381.72936
1704067200,828215011712,865201818093,826177610355,865065299275,15293609498.986425
1704153600,865104797244,898953780856,865089323109,880699199047,33397415243.8899
1704240000,880801584115,891444775798,800757668131,839456230036,41013657039.92355
1704326400,839508034590,876555014746,835317263551,865222713816,34612049027.79353
1704412800,865297298777,868747872570,834402380431,865649526078,30426910034.962223
1704499200,865718133472,866793502289,850964872626,862250465761,23700597400.02646
1704585600,862207049795,871888880817,854850997677,861018592645,16257547473.545918
1704672000,861050965275,925773809856,846812836819,920458268024,29159855159.480522
1704758400,920502313953,940013947220,881913048561,904205032257,37765754793.60661
1704844800,904237573626,934496152049,869037431515,914257667296,39554792078.56919
1704931200,914315803344,959506588196,894390605352,908351294616,51204251502.84844
1705017600,908386496351,911461590900,813787753888,838632291673,43122667251.13367
1705104000,838486933316,847369164895,831510962721,839447216941,43288890504.86473
1705190400,839486281668,844109184575,817692316553,818006285116,14729637357.390043
1705276800,817951101448,849199215110,817007396068,832815980130,20809757286.174477
1705363200,832822894279,853328159329,824473630476,844959687397,20949404012.738033
1705449600,844988822227,846390669655,827185242287,838158540163,24803692001.43545
1705536000,838196851340,840624508633,796777509236,809086133544,19846460169.804066
1705622400,809234037046,826141220033,789315905297,815849303182,26695711299.97049
1705708800,815886511096,819919131653,812100305591,816675548952,22306390266.17847
1705795200,816693882042,820419859715,813125914366,814585644438,9739136336.930737
1705881600,814626448060,816774981928,772855608940,775220780268,18132654845.21994
1705968000,775263925117,786770012019,755115823108,781420463896,32165050736.82412
1706054400,781412191113,794500326510,773842867842,785312044497,26497266938.988792
1706140800,785354664452,789888466675,775260768125,783261099607,19427069094.281185
1706227200,783313032231,827816796139,780496176972,819593304388,22188324261.874844
1706313600,819649165479,827305164140,811754315190,825806752579,19876988414.875813
1706400000,825850757551,839862750264,816466807442,824291864773,14570121217.145517
1706486400,824335647799,849185504738,820061753253,849127452573,14787766591.739666
1706572800,849175359040,859932989396,837260159096,842285839058,24072488037.114624
1706659200,842276321190,857820401132,829498989407,835243139883,22408778620.252014
1706745600,835209811896,848374923699,821174976536,844459598500,24848979454.939297
1706832000,844514118099,852442492770,834570596885,847136574455,19796307347.410515
1706918400,847182705982,850551149638,840843063934,843286367511,15949432435.83535
1707004800,843399751623,845582257571,829074665386,835146053620,13310689823.722942
1707091200,835187559692,854174441319,828733299098,837513392853,15272728498.719112
1707177600,837554339688,850127003693,834243079714,844496664919,18550563655.53991
1707264000,844564845432,870589738128,839353509692,869962062562,15911654134.459608
1707350400,869991613663,894646012718,869766157389,888469020969,25517586705.649727
1707436800,888510783568,944873209440,888001177193,925033685768,33470385876.26602
1707523200,925074546674,945391745602,919912679438,937487047679,28630105109.52615
1707609600,937531916606,953622108636,933871103056,948123627129,19135944558.562164
1707696000,948173228822,987789672444,936749835674,980004510100,20252326039.66174
1707782400,980061182864,988638274126,948866014806,975753501141,39425453707.81593
1707868800,975794516395,1021431992860,966915977416,1016929816954,42751076083.48272
1707955200,1017032747252,1037537960528,1008164742058,1019272566798,36585843841.11539
1708041600,1019316030475,1032689173315,1013649404602,1024212004652,35484272363.27685
1708128000,1024258964267,1024688476041,994523911296,1014457537003,21438623120.41274
1708214400,1014501463345,1028507333711,1004951676117,1023725569181,21399169713.8466
1708300800,1023778103549,1030662465756,1015023398321,1016689764603,19007675055.64881
1708387200,1016738018797,1040253671914,997004636543,1026223047086,23589736456.025143
1708473600,1026277826914,1028357238012,994743069715,1018174975813,34629376425.39358
1708560000,1018224631088,1021989365649,1000350486620,1007131878206,27111442209.06306
1708646400,1007179802610,1011427157615,991675611810,995731127980,23315226669.384235
1708732800,995780712121,1014936364274,993182233926,1012465325989,18474969986.342823
1708819200,1012513638431,1020329867776,1007107100574,1015742597532,15681144823.591644
1708905600,1015814403740,1078224762240,999778005173,1069805648083,16746322902.816046
1708992000,1069852475596,1131190509801,1069839121004,1120980334983,52357341544.2776
1709078400,1121021102299,1256950583978,1113990165454,1226752259487,47403195338.09363
1709164800,1226803790480,1251541456169,1187572739904,1202350131656,90963125301.32207
1709251200,1202196723616,1240271421859,1194514844968,1226052973549,52109058527.55882
1709337600,1226083420466,1227227996225,1210485408380,1218571294961,35635457923.88723
1709424000,1218629051492,1242753499051,1205773522703,1240534562965,23179491404.088066
1709510400,1240608089906,1346218607231,1226502446438,1341021884269,43687217266.52443
1709596800,1341255976910,1357454911826,1168083337443,1253604095453,76356095761.50781
1709683200,1253566322511,1330381316593,1235144594206,1299682430828,104969677058.00365
1709769600,1299772358158,1335886811255,1289151823940,1313546477448,52978280000.5983
1709856000,1313622380233,1377083596483,1301250050392,1340552322395,41028071476.21548
1709942400,1340624062190,1349596544881,1336412813498,1345213364376,55721683012.32891
1710028800,1345270141440,1375850420429,1341119226644,1357626992702,29634781679.796833
1710115200,1357720430027,1431862086888,1321200721238,1417815954349,52488114807.46601
1710201600,1417871249084,1433972493066,1350530430998,1404572212300,52663279246.66682
1710288000,1404569394629,1447085853130,1402116287697,1436360929370,63159864492.03532
1710374400,1436440200503,1450578002239,1349862600630,1403797450455,44357320638.43479
1710460800,1403857661797,1422779302941,1289734038351,1365405665151,86079927997.51782
1710547200,1365465989812,1376790253026,1273927425644,1283802864042,50107215867.16445
1710633600,1283846242613,1353015526570,1267935933301,1343415599633,54566103565.20017
1710720000,1343470850494,1354107215002,1307667771891,1328028385670,40813226084.79447
1710806400,1328083623611,1338948658974,1210051072409,1217505168031,69229447513.1558
1710892800,1217537114832,1337823984240,1194538331772,1333030383972,63737966903.8929
1710979200,1332982536210,1341085536274,1269252042587,1287960014784,55496467932.37829
1711065600,1287999054222,1309630786275,1224967533732,1253917717038,41314076032.92471
1711152000,1253983910345,1297803921823,1239121044565,1258673876709,36082769368.19303
1711238400,1258640106996,1329670430908,1254377544297,1321271935751,23659393480.949654
1711324800,1321580098337,1398537765620,1305479991872,1374167172348,30205994246.588253
1711411200,1374220521795,1407008252786,1363384030494,1376519928262,44895977630.63174
1711497600,1376589613830,1410552888425,1345454465277,1366047022284,33798924600.719845
1711584000,1366130222659,1406194207032,1354525166336,1391298144041,43578042209.42427
1711670400,1391389743136,1394680502878,1357922803098,1373854234017,29686559585.432022
1711756800,1373929617188,1383762443399,1368610100101,1369369497257,21698919653.90946
1711843200,1369454163042,1404225158196,1368853265927,1402860698855,17481415482.084038
1711929600,1402341505493,1402343275209,1338825412206,1369760442555,27069036595.40705
1712016000,1369756116582,1370581984086,1270838032926,1287441115918,27069036595.40705
1712102400,1287591345150,1315685587920,1268821146500,1297388493369,27069036595.40705
1712188800,1297377875072,1362700651842,1280140447183,1347120268109,27069036595.40705
1712275200,1347836780058,1352509878295,1298636746084,1334830681826,39659936153.7678
1712361600,1334899805770,1371005298122,1327712233041,1355795353828,25362353476.207363
1712448000,1355908771394,1383365483720,1354585971192,1364992865179,19708044984.494663
1712534400,1365063951228,1431546614068,1358875609579,1409357916631,33408780304.670345
1712620800,1409338913024,1411833258276,1342765711938,1360636605524,33462557884.397923
1712707200,1360672776485,1399412042926,1328384380429,1389390081211,35457354597.98723
1712793600,1389442138245,1402655825655,1369165630219,1377637315189,36352292060.14737
1712880000,1377704678276,1401847372916,1285093196149,1321157667312,28551341865.622147
1712966400,1321187861254,1337430232025,1196208381086,1258722624365,47664812385.3073
1713052800,1258718444843,1296700683583,1224684271038,1293996931252,62344250815.23431
1713139200,1294025474996,1316483099620,1227627119721,1249511567581,42740667169.49094
1713225600,1249625441498,1266596349816,1213423094205,1256061773040,46158682848.26347
1713312000,1256123615262,1269772528200,1175913220097,1206659494929,36386755605.30465
1713398400,1206725608177,1261898539642,1196958996306,1249408765190,43906277116.0434
1713484800,1249464580056,1288681034256,1174214858644,1256869441963,50334689435.66266
1713571200,1256912338559,1288313805570,1242947271539,1279016295384,29829496808.147224
1713657600,1279043126049,1293796010022,1265195107152,1278979533486,21965447394.41721
1713744000,1279010231560,1323709861516,1270371303632,1315843314150,25146172602.361633
1713830400,1315846705735,1323130865193,1296274218887,1308139034897,24982170013.088017
1713916800,1308172548270,1320551929491,1252533950693,1265848189517,23910934146.825203
1714003200,1265885852000,1284630535100,1236071057100,1269309549200,34207571658.98028
1714089600,1269342599466,1275731746298,1246815579849,1255384455954,29189512800.654083
1714176000,1255432287552,1258257732067,1228986843643,1249084932062,22837887384.86655
1714262400,1249133175610,1266584024310,1235955345085,1242051386408,17741685947.547207
1714348800,1242074246135,1263971451007,1216761904356,1257029918912,21832486393.66737
1714435200,1257082643357,1274072447377,1165415052447,1194437947146,30877639697.206825
1714521600,1194416813274,1197075512010,1113367363982,1148043286183,44864897676.07288
1714608000,1148150300735,1172155878119,1120614161235,1161646902397,40853243854.88265
1714694400,1161591052189,1246876593092,1158286691905,1238223891631,28801475703.240765
1714780800,1238258055599,1271175371268,1232688235851,1258702063031,31389921889.82714
1714867200,1258766305018,1272782541385,1238859700464,1260812148902,17576246439.67135
1714953600,1260841341630,1289820205608,1235311817217,1244158898560,24151811922.829353
1715040000,1244180826710,1268250602322,1226379410575,1227312170511,27116759029.97289
1715126400,1227333604810,1241019758688,1199212870903,1205372418118,24723352754.810883
1715212800,1205346582580,1248528212848,1193984426210,1241769967259,24969845261.65788
1715299200,1241801041711,1249756602922,1185861969325,1197378043522,24827292053.749798
1715385600,1197406554880,1210870132894,1191273943746,1197849339844,24403562748.687798
1715472000,1197876706274,1218129065906,1193855701494,1210654929216,13065828576.460388
1715558400,1210694298812,1249144805999,1196403615286,1239183874569,23914017920.48416
1715644800,1239205289747,1242883131894,1204224127761,1212687045234,25918002695.726757
1715731200,1212713357606,1307866882931,1207839922482,1303607847328,28504461515.2023
1715817600,1303631366630,1314513494839,1273278734960,1285499805015,39386404978.76051
1715904000,1285540314577,1328317601376,1282752046073,1320434842849,30206372490.004448
1715990400,1320448768486,1327506865139,1312552833130,1318638934447,24138573687.703873
1716076800,1318656342505,1333603797445,1298300743365,1305827070810,16712334465.418144
1716163200,1305849576390,1408523605103,1301428701611,1406662267094,22328049858.68
1716249600,1406973664010,1417587247310,1362891427429,1382038747002,43937947137.10456
1716336000,1382099822514,1391566329825,1358838721300,1362395680300,36398266398.86103
1716422400,1362414696798,1379871700858,1308449394487,1338717658511,32195012668.174564
1716508800,1338647855022,1363555752103,1311981482237,1349948598152,42411532605.04959
1716595200,1349971616524,1370763530180,1349500313444,1364873226852,23286842213.97631
1716681600,1364947684123,1369808605415,1344139315496,1349674302932,14482490833.972153
1716768000,1349659815877,1391712185190,1344395043197,1367474802496,19330920335.38546
1716854400,1367488277308,1370094602634,1324934454747,1346682010017,32038994906.23334
1716940800,1346711482065,1356777200892,1321782265897,1331738621858,28568943617.07563
1717027200,1331772132757,1367814167557,1321257056355,1345190033139,27236934295.982063
1717113600,1345218671964,1360002650327,1313541392704,1330515882024,26944627297.138905
1717200000,1330570425710,1336201324159,1327700192773,1334053526784,22245957488.60444
1717286400,1334076152589,1347981255146,1325449313452,1334394811189,12993676094.246494
1717372800,1334414583300,1383934210501,1331783663422,1355310196379,25515139387.556316
1717459200,1355332753631,1400108207851,1351098183123,1389895141931,27990633738.118362
1717545600,1389908534472,1414110070819,1387285408855,1401395696214,38195576464.12795
1717632000,1401419812677,1412151261844,1382283454368,1395326268330,26456170388.935116
1717718400,1395387672623,1417719203087,1349873385556,1366349213357,30344462044.33257
1717804800,1366388452219,1370803169012,1362941271687,1365452253961,28604117168.061512
1717891200,1365488480007,1376482860999,1362560376817,1372526689269,12143525152.375475
1717977600,1372552126728,1383044952845,1363710439982,1370448633908,16410891197.971703
1718064000,1370476199968,1370854845320,1302900126867,1326195784429,32516280677.14464
1718150400,1326221216236,1379408911036,1318609908369,1345425113275,29745419841.081978
1718236800,1345455608696,1347719103896,1306328463637,1315804669180,35093863105.66793
1718323200,1315824386249,1327206897965,1282243966061,1301290513097,24961544914.078854
1718409600,1301305570065,1309344628424,1297714191412,1304785574387,24535197945.06782
1718496000,1304833520169,1319510077813,1301067934695,1313655304042,12741174660.190928
1718582400,1313667349485,1325695535409,1283097443407,1310100587739,19838730890.405815
1718668800,1310110573422,1312159047680,1262626029326,1284360634946,36510776455.86187
1718755200,1284413651138,1294987875130,1274731110408,1280227688127,33072178101.703804
1718841600,1280251776325,1310167738584,1272411663062,1278463265273,20448983260.593792
1718928000,1278498919679,1281999706014,1249347386682,1263796484531,26814490652.037987
1719014400,1263818116435,1271646464253,1260107305681,1266346404456,18964436414.148
1719100800,1266371796510,1271486028597,1245216738021,1245606318692,7944103381.557836
1719187200,1245708293086,1248463015121,1153396713849,1188017449976,26667695520.5792
1719273600,1188043394283,1229208001704,1187289630576,1217761361436,37446816127.78398
1719360000,1217791186004,1231669241487,1196884981633,1199724042255,25699946193.88632
1719446400,1199750749291,1229290482623,1194660418307,1215884196059,22005398864.61531
1719532800,1215905408644,1225010824088,1182704301037,1189852894122,22791353898.806564
1719619200,1189870366554,1204797328192,1188676028215,1200208481926,20971287248.317932
1719705600,1200223884605,1241077797284,1195279232922,1235802858012,13143372121.830896
1719792000,1235821496035,1257089869446,1231237648677,1238360102715,17298306817.365543
1719878400,1238342826607,1246693935334,1217837946089,1223993314659,22079894357.48041
1719964800,1224008413620,1226380457600,1170634761963,1185506328075,26893986346.80319
1720051200,1185509875087,1191523120206,1118469902313,1123750570347,37021957385.84007
1720137600,1123779107488,1134092198856,1055824987183,1116375231152,53731195981.21127
1720224000,1116403821854,1152953856921,1104773019324,1148320545579,28492611329.503414
1720310400,1148319674743,1152215285872,1099181337154,1101652008469,20780336774.50022
1720396800,1101636778069,1147410050540,1070641220856,1118245463665,33681105211.72442
1720483200,1118237953332,1148773893297,1110046394106,1144479339209,39597180420.40764
1720569600,1144510698222,1171999717571,1127354069995,1138341158778,28042736379.992702
1720656000,1138349524354,1172011514851,1125467058899,1130615548928,26689595843.758995
1720742400,1130628610842,1153973235627,1115187792117,1141537756332,26453413942.811794
1720828800,1141582543918,1180198405150,1139260295403,1167798749741,20898886206.988186
1720915200,1167765980730,1210974312764,1167691635248,1199149042664,21347208043.201805
1721001600,1199528733878,1280472657577,1196831214592,1277265815088,28114743501.717693
1721088000,1277312152482,1289826775369,1231401924752,1283577847644,40702453338.5436
1721174400,1283613097415,1304504639702,1260536607229,1264850084186,37521299988.20635
1721260800,1264885042791,1284216400201,1247546535611,1262305108590,28027173320.262573
1721347200,1262333503222,1328975574304,1248656065882,1314809875474,28247587397.757683
1721433600,1314850189528,1333780045886,1307415792406,1325152878225,32196915068.79238
1721520000,1325136444783,1349002742105,1298369030656,1345153460229,18089086936.885128
1721606400,1345187335216,1351016142768,1313710314471,1332493934854,32877562822.4453
1721692800,1332522725121,1337024685717,1291731426533,1301300411058,44047264622.46968
1721779200,1301325227957,1323868910282,1285158784187,1290253353730,30660366504.2226
1721865600,1290170706931,1304785107998,1252132894954,1298054342582,35926140285.64002
1721952000,1298089736661,1345350812612,1296757279878,1339525137134,34063955611.813835
1722038400,1339560848838,1369404598334,1315490622852,1339770795148,24181983077.57515
1722124800,1339832322980,1347887024573,1323395364561,1346669347857,36355499997.77272
1722211200,1346690143649,1381605671463,1311628790791,1317836122903,24860277968.207382
1722297600,1317858570398,1321920866095,1288890885606,1305936109434,38834489407.45426
1722384000,1305972597202,1318582652482,1273119082494,1275075287843,27656113412.54068
1722470400,1275099226244,1294757639943,1229100598438,1289316725591,36570506803.47619
1722556800,1289353041140,1293162810496,1207416062218,1212520028281,41359527819.11898
1722643200,1212533336678,1225912732872,1180091122980,1196576182605,42986235289.55055
1722729600,1196610811076,1205309406255,1129374909517,1147056685006,27047338117.352413
1722816000,1147152404701,1150180486600,969267839147,1065081181776,88355612222.46062
1722902400,1065167548475,1125871327608,1065167548475,1106241325701,66687448902.00716
1722988800,1106103690499,1139217817314,1077324544112,1088393309929,44198867113.53352
1723075200,1088467906696,1237788069598,1080485406470,1217677474380,40478297032.21229
1723161600,1217696613654,1218866855187,1175586274414,1200925980732,41996617555.11379
1723248000,1201039972017,1213612463583,1189692023800,1202960278632,26021307508.478397
1723334400,1202989837694,1219614744591,1151434980139,1159086985051,16533075744.143684
1723420800,1159140015160,1197825112695,1138386332002,1171543154134,30347271672.05631
1723507200,1171572702041,1215148071420,1153984758054,1196137513631,33228268311.89402
1723593600,1196147393656,1218484753938,1154193804522,1158776004296,29993061381.77986
1723680000,1158788868737,1181528627837,1108417129087,1136199925001,32047820591.78326
1723766400,1136169128203,1180988059536,1127409579405,1162427639065,34335371251.700817
1723852800,1162456918346,1178691073607,1161017194453,1174702369198,23167061229.82466
1723939200,1174732316408,1189817909718,1153499958284,1153595705359,16120096366.289099
1724025600,1153637518249,1176779985830,1141817139282,1173611182964,21249935671.943485
1724112000,1173605019232,1212098591827,1157166014270,1165441091948,28180424209.37965
1724198400,1165469608357,1220485210141,1161050536248,1207436874586,27058466077.40068
1724284800,1207479217116,1212451205345,1180379778594,1192206093763,36444298687.29857
1724371200,1192285490124,1282135425312,1191547854881,1264407104638,24337829349.39895
1724457600,1264474862214,1273724955523,1255811180080,1267558950615,42884627958.44064
1724544000,1267593160099,1283379207649,1259854146544,1268622461736,19385061967.37596
1724630400,1268522023596,1273571307567,1240791044842,1241309360595,21755951754.056866
1724716800,1241312973550,1248298614725,1146921318711,1173556716682,29325145435.11644
1724803200,1173452356576,1189166991635,1143038634605,1165599876871,43844092526.27436
1724889600,1165754740283,1207793766150,1160495986753,1172310064565,35103710283.53275
1724976000,1172329027137,1182932426194,1141037981040,1167463145951,32605348973.51762
1725062400,1167520671092,1173895188302,1159951228119,1164376462201,25335556207.726166
1725148800,1164406137457,1166392590588,1129589986763,1131513048756,16823984534.708485
1725235200,1131472903217,1173404702152,1128261599145,1167746361073,29042924302.463497
1725321600,1167778331943,1180972466073,1133920385420,1135619790054,23026938220.186844
1725408000,1135313030156,1155315482764,1098734064112,1144592314876,33458295266.757397
1725494400,1144624297943,1151856151781,1099362850860,1109531725712,31496027629.896812
1725580800,1109522370151,1125225710122,1038239646744,1065407497339,34545234730.03292
1725667200,1065428310688,1082844848290,1061237368066,1069260182021,42780323001.81053
1725753600,1069332684868,1092289955523,1059219958852,1083578987643,16131206701.094145
1725840000,1083604914886,1145808940059,1078227858688,1126595291979,24250022182.00504
1725926400,1126607217005,1146593184905,1114253856747,1138600693947,34557830140.30866
1726012800,1138623684977,1145167961291,1097608923031,1132485129697,32734062147.618286
1726099200,1132520258816,1156378094061,1132478382172,1148395655080,35293213995.79251
1726185600,1148408952657,1197452481439,1138504323647,1194950496416,29245015687.040604
1726272000,1194967414032,1197891995064,1175022383765,1185701005950,31176973593.992615
1726358400,1185754944771,1192915928184,1159697854647,1168340618378,13002838292.22599
1726444800,1168366999886,1169562563590,1135941384172,1149952513662,28024855736.95434
1726531200,1149959658833,1211036437526,1138192036557,1191275239944,29171829975.961994
1726617600,1191300986473,1220622051761,1169469122387,1219918154959,39179505622.02831
1726704000,1220162530550,1261390196536,1216466752995,1243601785188,49306212260.47585
1726790400,1243656381076,1266963434943,1232052146850,1248764646538,39756618029.01321
1726876800,1248792150482,1255396315518,1240062332183,1251671730025,23419668658.431416
1726963200,1251712477891,1264555779661,1232650335008,1256131616891,15264277541.836025
1727049600,1256243187291,1279004413093,1236737262712,1251299381317,29457821789.943375
1727136000,1251374908039,1277922373626,1239380822323,1269619140591,26728322230.877426
1727222400,1269694306380,1280366404050,1243776354894,1247821564396,28940240319.723446
1727308800,1247799772357,1299521815432,1238106310399,1287382561307,27575931691.407913
1727395200,1287408032102,1313004202024,1281046434034,1299789980224,38368478252.99245
1727481600,1299834267988,1309167336221,1293016852103,1301552997398,24416377865.189102
1727568000,1301539428404,1305702366197,1293190630674,1296494383319,13859931161.157211
1727654400,1296522134232,1296799379659,1242510851916,1251604027660,27868372188.8486
1727740800,1251563562379,1266850745125,1189053867218,1201690855316,31693586113.60927
1727827200,1201600819468,1232112373256,1185426905582,1198273116326,51663907541.78138
1727913600,1198301603793,1214628251070,1183048643796,1200342459406,41158790802.07031
1728000000,1200375595662,1234580900736,1194829750868,1226690986913,32791354843.071
1728086400,1226767515430,1232536559908,1219197262657,1226439250456,29553818421.71492
1728172800,1226485218541,1244292025985,1221554738116,1241506908330,11974601064.668089
1728259200,1241535163806,1273505726960,1227982573310,1229849313145,24232914903.97158
1728345600,1229685951207,1248713340959,1222685846678,1228223354897,31572575793.22359
1728432000,1228254114356,1235431478666,1191590715147,1197816974425,26529238899.27043
1728518400,1197832254492,1210889871226,1164235308260,1191280715570,28624785626.444042
1728604800,1191309943988,1252221151145,1186727356989,1234782850044,30370363026.317875
1728691200,1234929747392,1254142483372,1234734058091,1248889510485,27907491738.215767
1728777600,1248919568780,1250594630970,1226222812150,1242357887238,15954307780.464
1728864000,1242390152595,1313781179256,1234172417888,1305775154206,31067253225.606045
1728950400,1305813778263,1342264876758,1280973974128,1325435240805,38518547751.4665
1729036800,1325464918366,1352021815137,1319426456487,1336464660863,53721557931.64461
1729123200,1336498319336,1342784821586,1317839071290,1332528729236,32789634026.35544
1729209600,1332568155551,1363610147360,1327934423465,1352250495521,34946458813.90866
1729296000,1352318229034,1357851604234,1344586449739,1351574290670,27139140769.09546
1729382400,1351607597643,1371680819252,1346149797582,1364511896264,13467753799.596869
1729468800,1364553182053,1373860936241,1321193970626,1331664057260,27954666936.866867
1729555200,1331727456768,1340237254281,1316154137821,1332595420130,38378861734.36562
1729641600,1332543917232,1332822502458,1289459298406,1317292513011,28430239013.134502
1729728000,1317316758003,1359762124229,1313750035151,1346994763067,33083578213.30619
1729814400,1347017256187,1358764852621,1296573358267,1318085342204,30691445852.833668
1729900800,1318035334017,1330871524332,1311295034011,1323987868380,39116889578.49376
1729987200,1324018401497,1349089463048,1321828860803,1343219840909,15202539640.1744
1730073600,1343275883516,1387833135695,1335477128496,1381653493890,24052287938.255787
1730160000,1381708135811,1454740589995,1378629802503,1437408428509,48237662398.80975
1730246400,1437450371087,1442026956269,1412465534281,1430271561285,52671938272.74287
1730332800,1430294059980,1437071602621,1377680300214,1389699601294,36934859806.48811
1730419200,1389717048579,1414354897854,1359368212962,1372661216941,47684308917.29366
1730505600,1372673937210,1381740361598,1364452175124,1371084484876,37900795622.58854
1730592000,1370955565314,1371840591479,1334229253846,1359631779143,24842931293.97791
1730678400,1359670316774,1373744239055,1321413954322,1341396823581,35362979042.23726
1730764800,1341414098847,1394280973490,1333850782012,1371251631974,41854051518.69549
1730851200,1371281077676,1510597908278,1370519607351,1494611184927,105195580009.1842
1730937600,1494655978133,1520700317975,1473199961199,1501511167533,68442586413.59219
1731024000,1501555536392,1527556178679,1496118371353,1514275286449,59559658476.1111
1731110400,1514317490166,1521971701042,1498678151422,1517571474276,47688473696.27586
1731196800,1517604877576,1611469183322,1513760771742,1590372293755,56338204295.03375
1731283200,1590332132327,1771886489499,1587795845845,1754565286711,78409630301.93
1731369600,1754637567804,1780908752494,1685251525357,1742361368737,156198426427.1415
1731456000,1741966312563,1846075536017,1705332355224,1789431096462,101199324057.068
1731542400,1789473595445,1817171080515,1716826276822,1729382557095,120008934715.15611
1731628800,1729490054074,1816667557447,1722801987826,1801060948527,85419257435.93004
1731715200,1800935366483,1815614338385,1782387832646,1791861506588,67330214450.72258
1731801600,1792049705190,1809671447893,1755857601726,1778028556575,44564023668.00929
1731888000,1778141751753,1831719569284,1768589086946,1789916744068,52201624837.07822
1731974400,1789970845003,1858613969623,1788730360239,1825829164156,71762922795.20534
1732060800,1826961025694,1878239008537,1812660084037,1867893469686,76164617226.81519
1732147200,1867951075546,1959249732083,1862041960515,1946813801053,97074772900.6223
1732233600,1946786749726,1971904526129,1924044267976,1958503748819,89487881195.70201
1732320000,1958600525472,1958931154278,1923954346463,1934514088371,64526373935.28155
1732406400,1934545070053,1951525814693,1896181238780,1938780610199,46272617040.38427
1732492800,1938845074275,1958017443338,1834907694853,1842379918573,55600060563.32747
1732579200,1842405125669,1879167511810,1796707008607,1819613451476,97839459773.31377
1732665600,1819661307366,1922499813215,1815689244060,1895951913790,77516109783.29758
1732752000,1896021456628,1912473250519,1874525762541,1894295896201,71538099020.0555
1732838400,1894341132406,1951630087651,1887333476160,1928766946220,47252788066.7746
1732924800,1928746403636,1929408547123,1902439953466,1908695289873,49671648778.6151
1733011200,1908756689358,1936957661306,1894875079435,1924452833195,30669479230.761654
1733097600,1924479875428,1942844703318,1869670570340,1897685754410,52215260379.97345
1733184000,1897729241955,1906203365267,1852774570932,1897594863998,63189125314.86344
1733270400,1897573885996,1960411710076,1873360521860,1952656380194,68402692583.96768
1733356800,1952680920498,2060214950783,1819750445922,1921336420994,129510036631.8852
1733443200,1921331275446,2018389564372,1909220635264,1975977783431,120052201796.62004
1733529600,1975964721656,1990490404851,1959888447458,1978734015836,75217926086.64107
1733616000,1978734213742,2007115669405,1954400325046,2002533757101,41030833268.16706
1733702400,2002535340347,2004049318799,1865488427626,1927418062540,65379720758.54199
1733788800,1927471207914,1945598930110,1866824837596,1912616906798,113275033379.35156
1733875200,1912714765372,2017681909470,1894832468276,2002696330724,94662260328.71758
1733961600,2002740934568,2030303411090,1967146041805,1980682718833,79801124794.17325
1734048000,1980775911455,2017147132958,1964292018970,2007937484774,67411276193.05093
1734134400,2007949530875,2032009483227,1992062780484,2007912711084,54389178825.82601
1734220800,2007978337808,2081242022256,2003716406590,2067245688893,42125702827.17282
1734307200,2067429373178,2133050239563,2045534436426,2098908566184,66843044059.99028
1734393600,2098961104469,2145385866769,2086021167098,2101853495843,78179398760.5342
1734480000,2101762334208,2108370838513,1980606157983,1983833198731,77878362591.85446
1734566400,1983992001307,2034033984707,1893935041515,1928708834862,95832979753.45294
1734652800,1928735517298,1943117681688,1825627503542,1934692547145,118624680071.21571
1734739200,1934766805368,1969852871994,1908205459043,1925058294127,72729406894.82787
1734825600,1925173120828,1928206617544,1865232603772,1883547827760,43355069871.60406
1734912000,1883576200214,1909396878803,1830419345601,1876817247977,53386649742.58345
1734998400,1876866401138,1967105821197,1850417281233,1951173542050,54544047796.25735
1735084800,1951184822821,1969843650256,1932360657487,1967482585455,46312897416.28172
1735171200,1967527788524,1977611443784,1883693303516,1895133939588,40754620430.19766
1735257600,1895178502853,1927922211579,1849616278790,1865138337704,47243094388.43177
1735344000,1865136110291,1892518914926,1861420012550,1884370668637,38601882525.13462
1735430400,1884414660620,1884517635159,1838926252012,1852822666077,22334361457.056076
1735516800,1852880368915,1878021742359,1809585781595,1834322377263,38607296013.07513
1735603200,1834327240423,1902307747057,1819678213689,1849756930707,58346113441.3937
1735689600,1849764709845,1880349600194,1837016004993,1869377523037,35188137887.6833
1735776000,1869421861936,1933436922836,1865629277589,1916694296825,33432794341.852623
1735862400,1916760921085,1958093199574,1901476523951,1942360216652,39182438912.93693
1735948800,1942403161474,1955070402818,1931339774541,1944356584055,34171922191.814713
1736035200,1944407688526,1956837351243,1926414119233,1947845419071,19670529151.706566
1736121600,1947890537984,2029174470269,1939058617556,2024437941707,30846718680.957886
1736208000,2024414273252,2034514880136,1905978933418,1921007042420,51765428401.03461
1736294400,1921114921526,1926272947811,1832981819444,1882930156534,67934496987.07265
1736380800,1882826469111,1888642215248,1806607333697,1832708963316,62285075954.62678
1736467200,1832700383088,1897622223580,1827218656009,1876251926272,59439296212.4539
1736553600,1876288082586,1881808563058,1858632211711,1873565181708,49940224298.94072
1736640000,1873624257044,1889704699892,1855718800707,1872076373032,18266817823.057484
1736726400,1872118731548,1899110578313,1768872347384,1871732842254,43469047170.66279
1736812800,1871734228920,1928042370589,1868343632846,1912024597281,65937067880.87723
1736899200,1912151696850,1993741769518,1911098967730,1990204013285,50609159265.08789
1736985600,1990300586914,1998192260124,1929080538245,1980977575962,58330357151.44647
1737072000,1981016020658,2096565247484,1979956114129,2061626766004,61901464499.27162
1737158400,2061677016370,2080587754706,2027163314151,2072080577233,68191148100.09427
1737244800,2072136282840,2105886648838,1972510779960,2005128281503,56336467390.20234
1737331200,2005129502362,2167436570129,1970621953991,2023759366307,113117109310.40073
1737417600,2023509363804,2122079819629,1982850086001,2100551499188,125847234233.6623
1737504000,2100619655689,2107809005572,2047935600443,2054809122196,68664112934.91399
1737590400,2054902172141,2115904233037,2005722749051,2057868927451,64122136435.87631
1737676800,2057913067594,2122613815001,2036391989241,2078136100739,93772476333.64851
1737763200,2078197751016,2086023033948,2062805372727,2075325389490,41732266919.26582
1737849600,2075374923954,2089745370743,2031142038002,2033241468295,20945347205.805813
1737936000,2033192625828,2045311356898,1937182044809,2022246988400,60736069390.42999
1738022400,2022137827357,2055747257048,1986754077860,2007834677534,88750630381.00897
1738108800,2007877654255,2075193441899,2006813512447,2054545722038,42210808822.24829
1738195200,2054616105604,2108958468740,2047426050869,2075419941004,52169825200.31998
1738281600,2075467300862,2100977104961,2013256894379,2030050523405,38163533975.22615
1738368000,2030112017774,2036308124228,1986928138401,1993859493694,42980951000.58841
1738454400,1993902927418,2010280850849,1905919475761,1935780216129,39689785193.90937
1738540800,1935873011047,2030137586397,1808812786591,2007857156865,102216452209.77238
1738627200,2007901405005,2017667188075,1907600863111,1939477501619,80196924380.05469
1738713600,1939539503719,1965053404904,1906347727447,1915181505458,63894183991.32127
1738800000,1915290120809,1964648591035,1896735206542,1913897734197,44679221722.04526
1738886400,1913944470093,1984763478019,1895896320430,1913026562640,47416042807.88776
1738972800,1913054133477,1920658240944,1897252860400,1912115785466,51149082894.81381
1739059200,1912153843673,1929323583847,1877905345900,1912368713199,23092229028.807415
1739145600,1912411928206,1949460250078,1888716122678,1931646323047,38241670607.65972
1739232000,1931667122795,1952418766860,1881197608385,1898847983213,32539019199.265602
1739318400,1898900479354,1944376832003,1864991743994,1939832764910,37391081018.35733
1739404800,1939843474039,1944402317910,1888016732173,1915241139935,50685735523.17065
1739491200,1915283834643,1959284088121,1908914539594,1933011365548,30277232490.69889
1739577600,1933061318716,1942334881799,1927624018818,1934492458395,30145629564.38069
1739664000,1934532912708,1937349270818,1904604300196,1905995231387,15699630231.036049
1739750400,1905946173168,1923904561021,1887774660555,1898989186259,21418561040.41874
1739836800,1899024397090,1917882263072,1851480338008,1896457727272,28487928009.760838
1739923200,1896471416855,1919614765404,1883429219012,1914938115823,37666425928.06652
1740009600,1915043688276,1957023532843,1911586690218,1948917748740,28075042375.863132
1740096000,1948958528665,1972723032020,1881915973497,1907275576298,32949100588.976536
1740182400,1907293062486,1921672067014,1898106718598,1913271294222,46224666235.49306
1740268800,1913297920133,1916534846193,1888824974591,1908778913587,15671287211.594976
1740355200,1908831175150,1913359990846,1811325812872,1815701354726,24145733597.106174
1740441600,1815400680590,1834590675044,1706220680627,1758169969382,77311769932.2226
1740528000,1758180167757,1770790075237,1629446799543,1667895784183,89015541283.63602
1740614400,1668309532989,1724078396984,1638197515241,1677359676405,69405971544.1538
1740700800,1677397065293,1686147408182,1551128463284,1671202656989,81120230399.12393
1740787200,1671212842638,1715618103369,1661679596095,1705993436972,52381141689.55703
1740873600,1706034505645,1883382823161,1686194923519,1868761042012,21576034796.861504
1740960000,1868892737299,1872424556382,1688553799060,1709979123695,76362417821.6207
1741046400,1710016131329,1762752451087,1615924933388,1729693735301,72078564047.1525
1741132800,1729732261275,1804038640568,1713101089882,1796595884957,62022555564.26168
1741219200,1796644144414,1840556429568,1742477197303,1783595208551,48384985062.24688
1741305600,1783633170427,1809905577787,1680006656142,1721450677143,57986023100.723
1741392000,1721491321711,1722740462055,1690262416418,1709391241526,48588523623.80752
1741478400,1709444259624,1715161930183,1586939295213,1600581613136,16050475671.919237
1741564800,1600804229718,1666418538336,1536201300561,1562126056319,44666409046.12387