time,open,high,low,close,Volume
1499990400,17437003646.4,19993056819.43638,15946661454.400002,18759791920.141132,633005903.556
1500076800,18726482540.21543,19375458483.205704,15968591984.132181,16085043811.396273,633005903.556
1500163200,16091099230.501577,16719037512.021488,12908640087.241112,14716770234.044947,880597739.556
1500249600,14740188255.41214,18394209105.35502,14565956433.02322,18183443459.399693,880597739.556
1500336000,18244514005.306725,24345451687.17667,17119639386.501038,23159641992.16481,880597739.556
1500422400,23211013810.04986,24376990301.14881,17485370065.49229,18359151514.450275,880597739.556
1500508800,18423103241.996605,26114709944.02431,15851936189.426573,21599620701.833237,880597739.556
1500595200,21603096723.22848,23579599859.284782,19405955575.1027,20326359274.53249,880597739.556
1500681600,20304841179.979454,22787982183.643623,19707213231.53904,21801103958.6978,880597739.556
1500768000,21736883525.323887,22569109909.315197,20093813508.827522,21467393796.596947,619774919.111
1500854400,21503665228.875034,21980676011.8176,20772225609.14556,21456999083.37812,619774919.111
1500940800,21453669676.259846,21576797315.409813,17288321405.4936,19098876742.240173,619774919.111
1501027200,19103555864.936565,19797803616.65154,17412946664.256,18858463278.32013,619774919.111
1501113600,18840287470.073612,20625808926.02076,18079083505.654217,19305144576.40847,619774919.111
1501200000,19207932134.868885,20562249202.6842,16591816920.409777,17861661354.647675,619774919.111
1501286400,17860363306.52737,20003697331.046906,15828517187.487658,18988180849.864952,619774919.111
1501372800,19089660945.91056,19926033685.253746,16816978529.59193,18006902830.748684,831815378.667
1501459200,18105538421.448746,19850998948.129395,16965163914.244223,19387002254.150574,831815378.667
1501545600,19380315605.285248,23389939848.336704,17724315209.651253,21374743298.2092,831815378.667
1501632000,21382570007.5824,21963349155.933,19763405832.112503,20296674546.86484,831815378.667
1501718400,20298700163.087082,22032703383.94077,19785585246.511787,20658667390.06289,831815378.667
1501804800,20658445521.84575,21751283918.510582,19773515342.958363,20448657333.496876,831815378.667
1501891200,20443576793.42722,24810476765.356773,19026975492.3726,24196055417.85858,831815378.667
1501977600,24234990066.86338,25714257394.878338,23171257996.10997,24497355747.230373,1634254236.44
1502064000,24451975493.15824,26538022440.28775,23775063726.845108,25795189528.938435,1634254236.44
1502150400,25795113381.901405,28629090754.05708,24146859508.199997,27304987615.147316,1634254236.44
1502236800,27284572252.204666,30050067937.523705,23966750938.724308,26079331118.322678,1634254236.44
1502323200,26124490676.29041,29408901105.05888,25622979556.68597,27044200464.893646,1634254236.44
1502409600,27067215782.30219,30300320792.357075,26453836946.56167,29045186121.83426,1634254236.44
1502496000,29101497980.976257,32329242744.70076,26922891813.567085,28990901640.14617,1634254236.44
1502582400,29044220900.940937,31676895456.484493,24548906570.755596,28120390556.26225,1209066594.67
1502668800,28130294248.211514,32508074426.14305,25533196365.642097,28687406649.58162,1209066594.67
1502755200,28785468904.937664,31090268654.72,23623248322.5542,27097123516.976852,1209066594.67
1502841600,27092689564.331055,31551938925.42003,25199688682.17272,28695490922.810104,1209066594.67
1502928000,28581790304.60381,30415423403.57248,26656293004.119797,28320581576.01765,1209066594.67
1503014400,28214424923.927498,29963268966.954964,25916930111.270046,27519257009.585697,1209066594.67
1503100800,27424486564.2123,29018145471.572655,25624242744.067497,26978107411.850525,1209066594.67
1503187200,27091519639.791126,28346539094.33735,25975403556,27578027476.866238,825877240
1503273600,27577755683.79581,34043273551.263844,26581949747.719135,30217592624.73642,825877240
1503360000,30280563824.32301,32918336703.2288,23720060908.116,29535739655.452625,825877240
1503446400,29473229940.908894,31866565821.87632,28281951456.68112,29793762204.492542,825877240
1503532800,29892830097.278873,32198503214.13015,28650587516.465275,30491294780.033604,825877240
1503619200,30536275740.750988,32624866123.284195,30036256977.27354,31397434027.724224,825877240
1503705600,31343595726.383068,32369178013.87827,29981900026.17895,31259005511.81571,825877240
1503792000,31306553096.096104,34204577146.318882,30481887265.921635,32886775493.67914,548442717.333
1503878400,32914796488.752285,33957632690.88032,30847604495.247513,32875628215.99448,548442717.333
1503964800,32913232616.315517,36991203487.8041,32304206658.157516,35196232673.91335,548442717.333
1504051200,35196232673.91335,37229914564.06542,34101754517.002945,36294900020.01984,548442717.333
1504137600,36222086612.36538,37817876406.32236,35122992476.50811,36576695214.06322,548442717.333
1504224000,36576695214.06322,39263054704.93728,35229214733.8869,37506203756.15861,548442717.333
1504310400,37506279961.9488,38837338163.61873,31248539991.70819,33123203174.929337,548442717.333
1504396800,33173247685.61594,34988362029.49,30524018765.8155,33019963112.909424,1377186191.11
1504483200,33041884736.48388,33133161142.528725,24902783209.3625,28391418619.090797,1377186191.11
1504569600,28410339861.43573,30479706912.766052,24803117716.66223,29794073731.161575,1377186191.11
1504656000,29799901727.71539,32420819669.41059,29179349625.738834,31661442307.60002,1377186191.11
1504742400,31661511050.147045,32207175758.08983,27458409476.875,31192753165.729996,1377186191.11
1504828800,31192753165.729996,32033910300.950825,25531118890.38785,28593632588.80744,1377186191.11
1504915200,28695819016.959927,29635151780.6106,26742334938.235138,28533241997.402054,1377186191.11
1505001600,28643572232.29684,29052182392.529324,25845677865.416523,28016736728.15002,534086762.667
1505088000,28205240721.47862,29630444837.957962,26598831004.6889,28091433816.01275,534086762.667
1505174400,28035215027.111805,30120150903.163456,26227039092.48,27847581217.710915,534086762.667
1505260800,27898764006.726604,28246263192.039345,23686483136.19204,26114367861.102623,534086762.667
1505347200,26091059544.338562,26510608143.845173,20361708354.82932,20982291047.936172,534086762.667
1505433600,20982291047.936172,25639048236.239998,18261809614.5498,24313241832.851616,534086762.667
1505520000,24314901610.98277,25641168066.168724,22081467225.258003,23758432551.29146,534086762.667
1505606400,23728424327.743217,25173498094.545303,22041354081.721962,24220691506.76941,590945312
1505692800,24220427015.831604,29627480287.663433,24116368691.287537,28383602189.632565,590945312
1505779200,28386370241.3382,28673825699.106194,26157476125.32483,26699318460.039425,590945312
1505865600,26673180554.342594,28141543451.970005,25968585753.73109,26901625618.010372,590945312
1505952000,26828998463.78388,27344382995.389748,23868173824.833195,24451774122.326244,590945312
1506038400,24389445606.71052,25983986663.288246,23618751444.833996,24950246939.10335,590945312
1506124800,24948381980.36,27303087289.672794,24198312554.70221,27031364219.44038,590945312
1506211200,27081393176.852535,27971979089.618443,25837043415.109352,26787990917.919106,578992084.444
1506297600,26808387753.98817,29079733023.208584,25845106623.37641,27919444858.02846,578992084.444
1506384000,27938399866.533398,28582023524.5825,26788780546.422813,27454156128.08615,578992084.444
1506470400,27425714603.39103,29941943564.229515,26404587894.97845,29235652442.147,578992084.444
1506556800,29264853703.430004,29831223598.03174,27951260069.429783,28763747069.238655,578992084.444
1506643200,28753537495.530518,29090248258.676548,26312517713.46785,27994867032.10836,578992084.444
1506729600,27963555588.68862,30218163708.4135,27329782813.680775,28731134037.352375,578992084.444
1506816000,28812005513.37988,29693788295.109447,27249810903.299763,28705573836.57235,328418444.222
1506902400,28653416998.079655,29284515934.055626,27464324312.32,28612805608.91613,328418444.222
1506988800,28458990195.754982,28983218892.915,26741972194.193764,27856965349.47849,328418444.222
1507075200,27747378153.64017,29110915835.00651,26702842724.3901,27729112649.874622,328418444.222
1507161600,27689647185.083355,29048361853.50397,26571445410.429676,27963050395.098076,328418444.222
1507248000,27963050395.098076,29840705606.6115,27599129079.39353,29390794588.319515,328418444.222
1507334400,29259011744.362072,30595460840.756527,28540269457.544228,29536666147.237305,328418444.222
1507420800,29522602986.641132,30942949251.516724,27849376076.410007,29290715755.73211,270405305.222
1507507200,29251774328.21019,31178452861.520966,25244735591.692627,28133346004.722366,270405305.222
1507593600,28190550440.714474,31020708149.29176,26774779563.7993,28443026653.33255,270405305.222
1507680000,28438761732.847046,29663830347.911488,27528508161.4961,28890908575.329777,270405305.222
1507766400,28890450462.135845,32848557479.3475,25388743743.685776,28846206468.044952,270405305.222
1507852800,28840908725.810238,34712641972.57105,26110300199.646957,32236215810.768967,270405305.222
1507939200,32237176005.29173,34321063807.682983,30327033401.091873,32340890440.751835,270405305.222
1508025600,32342459532.23718,33824191136.26311,29569559254.365284,32024109916.406513,542587686.889
1508112000,31953837586.838356,34335954626.207565,30458355307.303764,31856969845.991467,542587686.889
1508198400,31746274056.826164,33155037541.000885,29245815135.171116,30138664781.845856,542587686.889
1508284800,30109911600.418514,30638240479.672707,26879191914.164215,29817052097.18794,542587686.889
1508371200,29839931267.181183,30834443219.90072,27890847961.51534,29207011999.11459,542587686.889
1508457600,29213726030.886604,31484693563.639458,26342062916.18837,28716165210.4691,542587686.889
1508544000,28711473002.14917,30109711328.401497,26272890621.79065,28571355546.991776,542587686.889
1508630400,28599371831.064106,29837695415.44784,26550308567.253605,27842525250.61372,394154282.222
1508716800,28041288405.92245,28430086059.05239,25243121827.322205,26752050942.050564,394154282.222
1508803200,26753167711.5806,31309523822.640003,24506505282.491,28255558522.9883,394154282.222
1508889600,28232017734.76963,29648152404.382107,26358153127.314022,28296312539.1459,394154282.222
1508976000,28323297209.255657,29882846964.33162,26798602368.20419,28100108089.71327,394154282.222
1509062400,28100060381.550125,29601369558.062572,26751581220.138397,28212824367.08509,394154282.222
1509148800,28220046240.404095,29022253377.382717,27131564198.407475,27921378090.152657,394154282.222
1509235200,27992710401.748547,32517171917.796337,26263556193.83993,29067091680.11387,283994619.778
1509321600,28879125491.308197,30425799250.5769,28365960325.09409,29130140292.70629,283994619.778
1509408000,29175722965.01196,31116403977.44969,27116170511.004383,28847112679.308987,283994619.778
1509494400,28847247181.195057,30735488920.363987,25579335710.218304,27501791790.06624,283994619.778
1509580800,27535811357.080063,30288796417.150093,24023462160.447697,27015951939.764194,283994619.778
1509667200,27150739993.97256,31443439473.2175,26028002540.82741,29086722968.842865,283994619.778
1509753600,29076884653.28466,31110441981.008034,26522680106.44213,28597905354.973827,283994619.778
1509840000,28612170670.776493,29714719410.528236,26976738720.877426,28276662271.14398,349134596.889
1509926400,28273956065.677876,30840528928.70004,26355848541.2699,28383299772.57021,349134596.889
1510012800,28384468090.331696,29708965819.750427,26870427712.260002,27961242907.24192,349134596.889
1510099200,27965556534.083782,34809659734.57843,26040055572.167557,29481040833.012615,349134596.889
1510185600,29667021027.877377,33092644251.99656,27852918060.745884,30640623493.21565,349134596.889
1510272000,30716706935.057053,32754724955.30829,26538389680.586517,28667618024.41252,349134596.889
1510358400,28434747518.604866,33540553019.0016,26188970222.008705,30142706901.122658,349134596.889
1510444800,30145129556.31479,33524202516.371998,24024836919.5835,29226783648.897106,1094636398.67
1510531200,29256541084.46282,35434792942.82142,25939749644.4143,30226277144.679935,1094636398.67
1510617600,30169120130.380913,33903907683.35625,29246598119.58136,32307928144.812378,1094636398.67
1510704000,32241535494.74475,35907785191.136246,28453992886.124996,31776499443.22525,1094636398.67
1510790400,31776499443.22525,35487553857.555374,27933235290.54635,31536080808.35164,1094636398.67
1510876800,31533077801.08521,33464240226.64085,29469675146.762024,31502883691.13524,1094636398.67
1510963200,31684296757.479374,33830610894.189945,30288890960.4069,33178119544.315594,1094636398.67
1511049600,33281727581.56142,37843009799.52891,31487929793.935352,33773421939.82306,800170467.111
1511136000,33773421939.82306,36141352682.65888,33058219837.026295,35244411385.34715,800170467.111
1511222400,35239553663.340706,37138088656.14802,32757672883.32,34650831222.68127,800170467.111
1511308800,34650660006.63812,37241433747.424545,33997345563.462624,36483710701.03093,800170467.111
1511395200,36456162162.14293,41536686512.64608,34981089869.564995,38847923890.66575,800170467.111
1511481600,38917387381.114494,46748608348.06026,36110713709.13956,45290760013.630714,800170467.111
1511568000,45294295251.42966,49727364016.30119,41014607573.112404,44063417452.638054,800170467.111
1511654400,44172643006.19626,47551567840.94441,39163398175.73217,45108435173.82748,1231269864
1511740800,45140785843.71055,47763739831.45985,43047845699.87249,45551350939.15749,1231269864
1511827200,45550372441.37681,47326709866.019585,42429594774.57703,44543235261.62416,1231269864
1511913600,44539398450.40233,52362226857.58204,38113585514.082,40929304393.71281,1231269864
1512000000,40930079741.2893,45443899322.17647,36704354220,41667909774.52138,1231269864
1512086400,41613980109.08794,46578321979.31047,38011451474.24418,44103046047.34098,1231269864
1512172800,44103046047.34098,45891478071.04,42464577622.614784,43794274371.486336,1231269864
1512259200,43831239514.64838,48048635766.80295,40835517684.32059,44479237977.416245,822953290.222
1512345600,44494373956.893745,46105553116.5024,41782064095.39995,44843319853.17058,822953290.222
1512432000,44843319853.17058,45970031049.42015,41910599698.035995,43480981113.68358,822953290.222
1512518400,43468599943.97592,51161369290.6131,32950121931.47081,39779893451.769775,822953290.222
1512604800,39684171787.72783,51191339642.83341,30497428435.846436,39098796566.06971,822953290.222
1512691200,39143464496.3749,51254089898.35584,29957422040.28882,42299671347.8748,822953290.222
1512777600,42363095714.75546,53658022677.526054,33265943791.855133,43990914196.80289,822953290.222
1512864000,44037283279.641464,48710299116.32704,34921482836.61789,40677694269.63017,1817640443.52
1512950400,40618281061.76716,51859357811.976,37781740387.055855,48823006386.924,1817640443.52
1513036800,48823006386.924,67096244330.4232,45754521028.94885,60864084889.49283,1817640443.52
1513123200,60892929667.88231,72848232546.81926,53774519041.35183,67063828863.200005,1817640443.52
1513209600,67051093925.25103,75323221096.17532,60419670969.549286,65601949953.997314,1817640443.52
1513296000,65673000707.27488,71907904659.36757,52676308642.955345,64912965838.14171,1817640443.52
1513382400,64921901806.52629,76272645973.53514,57843096373.78776,65738279240.80638,1817640443.52
1513468800,65740470759.32226,73179451899.11559,63240970523.36994,68414435614.85832,2266341434.67
1513555200,68414435614.85832,79869527404.61232,63599042341.658714,75891333229.99103,2266341434.67
1513641600,75820172077.05766,86804218161.5212,66446839320.688995,78841992595.5612,2266341434.67
1513728000,78870996184.97789,84779352181.65001,65071925001.05088,76613062473.05122,2266341434.67
1513814400,76609887986.33237,86117863399.3154,68846463598.0863,76131145584.34912,2266341434.67
1513900800,76055913001.224,78396611058.06674,48772222576.129524,64286958395.32491,2266341434.67
1513987200,64143522899.11673,74446801588.89262,61791024993.61722,67834919318.99959,2266341434.67
1514073600,67936195116.48421,69497481302.36728,57502766161.512,66688463337.833115,2411392005.33
1514160000,66412089641.33696,77780348663.6295,62102523321.99,70036406568.63748,2411392005.33
1514246400,69981635335.81216,83863887046.89822,61418038007.01246,72749386998.13866,2411392005.33
1514332800,72750954941.40088,77955086612.6676,64736166029.004,70904253909.62485,2411392005.33
1514419200,71020174701.85817,77228204140.83952,62011492354.08,69636894902.47333,2411392005.33
1514505600,69519507666.0243,75853219211.64,66888068606.37,70626400586.316,2411392005.33
1514592000,70681962394.62027,77210656718.00374,58161355425,67264961912.1936,2411392005.33
1514678400,67282995551.2416,76635874612.3264,63168849199.89485,71905621374.16632,2959390741.33
1514764800,71905621374.16632,77096623339.20691,66088853375.26842,73258226878.30763,2959390741.33
1514851200,72991357879.34055,97744082104.73308,63705724123.4096,82678895765.70062,2959390741.33
1514937600,82689263830.77702,96218017825.995,79383498274.98755,91721274024.52919,2959390741.33
1515024000,91721274024.52919,104422383785.45612,82495840556.33345,91116042203.70026,2959390741.33
1515110400,91427882890.5919,115996398495.9624,77316263245.26,92602206096.16205,2959390741.33
1515196800,92593968677.38887,104972036541.59314,87106212963.86021,97517076874.75679,2959390741.33
1515283200,97622282576.21931,115920682044.32596,89254080725.43475,108208587628.40645,4925254343.11
1515369600,108559530043.59508,125435124972.652,92864597998.75938,110398703553.49023,4925254343.11
1515456000,110398703553.49023,138372832437.90402,103870584683.1926,125023696815.82327,4925254343.11
1515542400,125036247995.64864,145713082509.3108,107548033782.27834,120933916149.40128,4925254343.11
1515628800,121010562659.93147,133687511445.46466,102847499827.2128,110238736817.0632,4925254343.11
1515715200,110290011306.30031,126084210918.45341,105402083331.31786,121852167862.1926,4925254343.11
1515801600,122275423775.45277,142266816633.93994,119960366806.7012,134189830082.61256,4925254343.11
1515888000,134497222762.53317,139302703892.401,121118216657.31523,132156852069.1054,5470018222.22
1515974400,132156852069.1054,141281022855.46732,116547838126.85036,124186677471.75406,5470018222.22
1516060800,123928703332.96753,126347937328.3067,79816676005.962,101418311877.74724,5470018222.22
1516147200,101471909320.3557,107251495710.47531,74634242597.74858,98991342268.75919,5470018222.22
1516233600,99057923204.41042,109533169140.73799,91181257835.86052,98832052091.16013,5470018222.22
1516320000,99212791470.16464,108670953901.02567,96218288172.4302,100910014867.95534,5470018222.22
1516406400,100892893383.1098,115501118939.62506,98156190893.46686,111708459016.94943,5470018222.22
1516492800,111921710579.91695,115033142543.51694,96153579006.72,102150186771.40114,3629064231.11
1516579200,102150186771.40114,107560811875.91081,88156481334.6853,96768145495.52592,3629064231.11
1516665600,96870619082.47935,102821253310.8591,86074289818.06879,95835320794.92628,3629064231.11
1516752000,95810328309.07141,105236077569.12,92012356654.61174,103417448144.01479,3629064231.11
1516838400,103520597675.71208,108807041777.95041,98159644375.64256,102151104374.2158,3629064231.11
1516924800,101982932238.44475,109525605439.08049,92354441595.48256,102155385595.52051,3629064231.11
1517011200,102092633180.04974,110688107472.79935,99258951544.86528,108206192662.71426,3629064231.11
1517097600,108466963235.72253,123177064927.83789,107289440226.86757,119609257687.74153,3455868533.33
1517184000,119609257687.74153,121831315987.95497,110421770315.86191,113492147191.73979,3455868533.33
1517270400,113592025492.3103,117875928847.85423,97577719647.46396,102871126949.57762,3455868533.33
1517356800,102848822899.65501,111330580235.4357,97676617068.95654,108033926933.49243,3455868533.33
1517443200,108033820485.63852,122660432705.51773,89912851979.28624,99060341449.70457,3455868533.33
1517529600,99094715875.72766,101742682928.23708,71846463101.34006,89315638000.1896,3455868533.33
1517616000,89375509293.20335,99230862336.59201,81849154485.16148,94676535072.04353,3455868533.33
1517702400,94810606558.43224,96533775827.57616,75264863983.30139,80474184395.05368,3016957619.56
1517788800,80471225179.7148,84169334980.9718,61475888053.3248,67496853778.949814,3016957619.56
1517875200,67525120450.93472,81216835710.1188,54456126811.71295,76790613644.36015,3016957619.56
1517961600,76694567472.87874,86406840202.1726,69591194476.11699,73433248971.08867,3016957619.56
1518048000,73397773614.5471,84767500080.42197,72840336981.4962,80689558368.4791,3016957619.56
1518134400,80686236910.00508,86839549258.94759,74859353297.12994,85520818190.30243,3016957619.56
1518220800,85520818190.30243,89558838560.89519,78949650584.23991,83109016837.73569,3016957619.56
1518307200,83254471801.26959,84331578095.76001,75744497793.54599,78971029277.81653,2692090513.78
1518393600,79097370503.36948,88222290988.32976,76327120764.729,84517780710.23334,2692090513.78
1518480000,84438496990.0454,86271385041.17436,79028852492.00372,81926814466.66411,2692090513.78
1518566400,81759707851.19168,91606319420.08156,79637695100.49312,90034540856.08377,2692090513.78
1518652800,90009544890.88872,97218833993.62105,83086381221.14384,90290776357.24731,2692090513.78
1518739200,90179610675.06096,94943256152.85,86489610791.29858,91856277160.19376,2692090513.78
1518825600,91952449541.09885,101040157943.71019,85965411413.96,95090205995.58861,2692090513.78
1518912000,95254209637.3728,98672726539.94,85425993826.86955,89276321146.67108,2609963898.67
1518998400,89416031367.71748,97475955889.08575,83970885614.47626,91852248557.47263,2609963898.67
1519084800,91738142300.42638,96966621374.014,76663561218.86407,86492368269.395,2609963898.67
1519171200,86497931971.79674,89770244913.43019,78246398094.97952,81780771195.11426,2609963898.67
1519257600,81773610882.15704,87442038941.922,75600928439.54112,78503892136.07889,2609963898.67
1519344000,78448395742.92284,87757923444.48137,76510659470.78401,83543826902.28902,2609963898.67
1519430400,83289894297.7228,89169064222.02435,74168754435.92027,81442946723.05664,2609963898.67
1519516800,81497700973.028,85665767254.80019,77805491711.49568,82429627209.25542,1807699383.11
1519603200,82410362143.4718,91908691306.42677,76592562176.6003,84902035522.38391,1807699383.11
1519689600,85011223322.71848,91167304858.1715,81100206605.01375,85108748054.3818,1807699383.11
1519776000,85051040275.87814,95014330965.03575,80259304385.74161,83356243125.44305,1807699383.11
1519862400,83426598550.1422,90047400739.65602,79311422741.97495,85031493617.68835,1807699383.11
1519948800,85142548743.06207,87421786977.26054,80231133718.72061,83641544257.04506,1807699383.11
1520035200,83705022346.65784,87579105464.75075,80337247045.18558,83669260640.32956,1807699383.11
1520121600,83791533166.44096,87479809016.98752,80796959800.02394,84545230587.8509,1651827791.11
1520208000,84665134827.24176,86622934735.87354,80885492534.25111,82643039310.35963,1651827791.11
1520294400,82629650536.43736,86149458107.44588,76364902613.03224,79832852996.05339,1651827791.11
1520380800,79827269633.52504,81760673713.65952,67094212200.22081,73519624606.3449,1651827791.11
1520467200,73530258121.97015,76667294058.3872,66268102712.493835,68238363226.11753,1651827791.11
1520553600,68297065856.88944,72778752517.29514,61062574912.19199,70965141731.35297,1651827791.11
1520640000,70956146150.00674,74349278381.78294,65779073369.318405,66838116133.13587,1651827791.11
1520726400,67013635590.75769,76247068008.93231,62090578240.6416,70868937668.4686,1473603187.56
1520812800,70793160023.3437,74699310117.64845,63746947124.0101,68412573481.18408,1473603187.56
1520899200,68368561269.54659,71813854091.97847,64842965080.38512,67601125421.80454,1473603187.56
1520985600,67673219920.01315,70151556569.13498,57204088133.188995,59906766866.29278,1473603187.56
1521072000,59901650808.859055,62392101527.3258,55021285103.023994,59899560203.90724,1473603187.56
1521158400,59899560203.90724,63032687460.69365,55706706459.80461,58729327535.35266,1473603187.56
1521244800,58671797426.9778,60307439709.45891,52835783969.87515,53916617202.053345,1473603187.56
1521331200,54004495684.21223,57256632009.92229,44482003806.349045,52811931880.63489,1427048368.89
1521417600,52925189211.59947,57166440832.4552,50312300512.98588,54674113744.73281,1427048368.89
1521504000,54644503574.83889,57746854847.07263,50574022426.83954,54767984936.87137,1427048368.89
1521590400,54767110048.93309,58580046342.835045,51613732912.3332,55072091704.90405,1427048368.89
1521676800,55000961549.43845,56949965985.23398,50967681108.172485,52984996980.72186,1427048368.89
1521763200,53008431785.071236,55221750285.08418,48777935058.68064,53490592240.43273,1427048368.89
1521849600,53475555479.70602,54416942639.09332,50226945791.4485,51186297465.7881,1427048368.89
1521936000,51275774457.7308,53258311261.2474,49845803194.36087,51480041029.95403,1217960998.22
1522022400,51463112214.370316,52056853548.166504,45653452815.53619,47888789049.962654,1217960998.22
1522108800,47861551300.34023,48536493609.12074,43091918904.02662,44096302852.28364,1217960998.22
1522195200,44095479553.776886,46225774888.62102,42559390211.69508,43810011364.999435,1217960998.22
1522281600,43833427908.569374,44315488929.76445,36739794479.39616,37703987279.46756,1217960998.22
1522368000,37692072436.9357,41354901814.91552,34840276153.4388,38700795090.1836,1217960998.22
1522454400,38642880192.7754,41952633654.43286,37697264087.45701,38765228051.40373,1217960998.22
1522540800,38810268328.76081,39599029885.783966,34897688507.51212,37294971221.830055,1147728572.89
1522627200,37309571065.81547,39146552361.93065,36165120734.15211,37909492022.273315,1147728572.89
1522713600,37878858296.58174,41515331671.71185,37124993829.31859,40947944548.80902,1147728572.89
1522800000,40912436536.551575,41113810408.42481,35491213168.341576,37297753587.49251,1147728572.89
1522886400,37294572285.11812,38522174206.6949,35905985888.5465,37573157749.89133,1147728572.89
1522972800,37560317578.1136,38078542905.24866,35510431489.04706,36469832254.61703,1147728572.89
1523059200,36484237485.95472,39149681694.67713,35841536986.97441,37973427952.14331,1147728572.89
1523145600,38025971665.071846,40146526388.526566,37763215009.8852,39591355442.223305,923363677.986
1523232000,39591355442.223305,42537978631.32632,37184327212.15044,39386514790.15361,923363677.986
1523318400,39401156358.87668,41400632415.36,38344085461.91915,40966751126.093216,923363677.986
1523404800,40939022938.057594,42803508350.254486,40479877139.83649,42412759441.237946,923363677.986
1523491200,42412759441.237946,50208518966.80987,39542872155.564224,48782819060.241486,923363677.986
1523577600,48837556534.541664,52596458079.95797,47287302860.87853,48815400799.39121,923363677.986
1523664000,48748058072.01317,51631741763.17073,47657115486.26708,49624090571.93972,923363677.986
1523750400,49665327367.14933,53211073685.70201,49232826413.79017,52748962353.272285,1572430005.33
1523836800,52800112090.5189,53360668127.89733,49140700914.66858,50527695939.787926,1572430005.33
1523923200,50516154349.835266,52182105512.90981,48509480426.66849,49660360260.827095,1572430005.33
1524009600,49661919945.50866,52479629507.77219,49205315573.68595,52039075122.01524,1572430005.33
1524096000,52038203740.823906,56493490115.56307,51023114657.04721,56133648128.78954,1572430005.33
1524182400,56144299788.44173,62932833062.38504,54806157230.60931,60999066740.35977,1572430005.33
1524268800,60966257891.6225,62231173660.137085,55575521088.80486,59869038553.85759,1572430005.33
1524355200,59920420968.21025,64988467776.05536,56890126719.83928,61464048771.61122,2509335495.11
1524441600,61406290483.42181,64771780098.266495,61235781569.19735,63803266155.52467,2509335495.11
1524528000,63767966286.01943,73008990854.16061,63327097299.40356,69595202048.68628,2509335495.11
1524614400,69604483267.88025,70455828147.02567,57758403788.04365,61043759242.1387,2509335495.11
1524700800,60978079947.49012,66462167496.13847,58925066605.551445,65493686860.24894,2509335495.11
1524787200,65558733403.88081,68343712759.15122,62264914246.40581,63645115815.50678,2509335495.11
1524873600,63664944679.331566,69028453301.02608,63089431707.50982,67672071677.684555,2509335495.11
1524960000,67829117850.920876,69584849070.92934,65783121818.034966,68263470521.24019,2661437484.44
1525046400,68280401972.765526,70313329513.77605,65127029890.188965,66445727894.76002,2661437484.44
1525132800,66455361701.03917,68419921896.088905,61595145924.59937,66591154110.35411,2661437484.44
1525219200,66591154110.35411,69031041517.82042,65725741483.93682,68058414131.77514,2661437484.44
1525305600,68043654120.03544,78674514964.37756,67557399272.59608,77129891293.62096,2661437484.44
1525392000,77206642210.88,80677839203.47986,74661596226.66989,77712589758.38321,2661437484.44
1525478400,77745072012.88144,82171165627.84909,77336398166.10487,80890542205.35513,2661437484.44
1525564800,81116379238.16086,83356186920.84724,74444499750,78519590475.203,3135740437.33
1525651200,78506943843.58546,79087171421.30894,69167997681.88626,74693184876.97287,3135740437.33
1525737600,74721550679.11276,77052067242.74324,70735749216.95474,74279749041.59027,3135740437.33
1525824000,74314339533.48047,76031881843.05965,70507991034.41762,74606554708.92557,3135740437.33
1525910400,74606554708.92557,76545353310.74492,71512997055.68356,71811584104.60313,3135740437.33
1525996800,71730338740.48218,73626777046.20941,64904020217.8389,67264680348.04111,3135740437.33
1526083200,67243648689.972046,69740337914.49086,63162559131.69022,67996798974.16152,3135740437.33
1526169600,68163915622.34087,74527858241.68634,66281680896.596725,72618919139.5846,2419190084.44
1526256000,72618585128.19559,75029334101.82175,67956353973.44145,72425615463.68352,2419190084.44
1526342400,72427034859.99965,74865949673.82607,68810584701.28079,70137589760.0596,2419190084.44
1526428800,70247795186.46011,71636575786.62927,66383742146.28865,70273030292.82466,2419190084.44
1526515200,70198771448.53224,72156941126.2,65600888095.42799,66531238982.64535,2419190084.44
1526601600,66457284398.298935,69384051469.01334,65185991250.543755,68951750195.97348,2419190084.44
1526688000,69023271358.80234,71551821328.07373,67372588339.63701,69287609616.80717,2419190084.44
1526774400,69338663189.51231,73454947373.96977,68199654256.89845,71160948178.45738,2034400259.56
1526860800,71162284772.74516,72151892835.48128,68253926265.22496,69454948015.44302,2034400259.56
1526947200,69549880217.23825,70388193404.44919,63339960828.52129,63918918428.88587,2034400259.56
1527033600,63918117849.252045,64820754527.06024,56079985146.03369,57545099341.82892,2034400259.56
1527120000,57537503623.79764,61206902730.58911,54474612253.40882,59970167817.94531,2034400259.56
1527206400,59950240488.76122,61708184618.08881,56403161160.9845,58393696987.92792,2034400259.56
1527292800,58353604349.69298,60904972065.56711,56365838618.671616,58392323024.56342,2034400259.56
1527379200,58448501022.897865,59404480634.31698,55067566492.111595,56923491135.817986,1665207537.78
1527465600,56989303809.05033,57834583034.815,50516206801.253044,51166282749.8975,1665207537.78
1527552000,51131705313.09028,57504008638.46647,50512150458.96448,56573651495.20934,1665207537.78
1527638400,56543608350.29144,58443920904.72,53841191815.77983,55619286794.18079,1665207537.78
1527724800,55623629441.54843,58737226407.5717,55063854090.94867,57729362996.10591,1665207537.78
1527811200,57741218414.774216,59130198172.24344,55678583354.47747,57711685138.46795,2006350000
1527897600,57724617397.774124,60048516717.8974,56816157033.49812,59008030090.5914,1857150000
1527984000,59039248922.85875,62896528543.994225,58549293890.60183,61714788278.53409,1910650000
1528070400,61852128949.27761,62652585482.45203,57833182883.82656,59022605799.7576,1872550000
1528156800,59144797145.317444,61794902650.32001,57119419561.4208,60797908099.512375,1845390000
1528243200,60810366789.01385,61584155135.735054,59059203455.97976,60627077676.350746,1683470000
1528329600,60640704843.54044,61723727225.774994,59561119657.740456,60470211928.439095,1908770000
1528416000,60373595016.33022,60991686647.06824,58785096202.83216,59956950081.84136,1820150000
1528502400,59972177050.40857,61070173161.102,57993533631.64537,59237260441.895645,1820150000
1528588800,59279162223.67552,59572905354.48,50008751237.228,52549264880.1083,1820150000
1528675200,52509957975.761566,54599989893.33533,49731234847.56,53152757153.96176,1820150000
1528761600,53154603563.140945,53911715241.61926,48049586642.73664,49522289384.328575,1820150000
1528848000,49522213866.21103,50573446695.820435,44190151437.6,47642383168.90975,1820150000
1528934400,47714631927.47201,53097407959.52647,45624580216.20077,52055285234.84242,2388110000
1529020800,52017979995.218666,52353051688.17596,47584578453.04254,48836758802.382805,1987350000
1529107200,48847484172.315025,50881246802.69208,48114638135.76356,49749850393.12671,1419030000
1529193600,49759980296.02169,51071839796.545,49224225257.0896,49804836638.70784,1244090000
1529280000,49783902489.852196,52847453498.775024,48791668753.35094,51847098954.27249,1281780000
1529366400,51875799785.82132,54932582342.79567,51308143292.09166,53842997181.92816,1281780000
1529452800,53807390499.98602,54503488567.91707,51546840374.96812,53693429574.60272,1281780000
1529539200,53699001648.913536,54684591731.62078,52064641589.77934,52703870098.00326,1281780000
1529625600,52752449367.21546,52934354341.34971,44702327224.007645,46346828412.27855,1937290000
1529712000,46422890104.53465,48657509727.9228,45866915281.790375,47655254019.71992,1922620000
1529798400,47607972740.66246,48437419516.18992,42137757214.654,45678776626.07351,2384570000
1529884800,45690200969.14322,48242364703.40667,44358429937.11147,46039495879.87175,3310800000
1529971200,46076148071.03281,46398117087.16993,42739022560.27957,43114674270.668785,1293070000
1530057600,43166113128.84549,44758473188.0569,42011218759.25016,44300545667.213,1457030000
1530144000,44299111008.84728,44668701802.222084,41254690656.064766,42161352693.715996,1181710000
1530230400,42149407119.77905,45581081171.79845,40057432976.23065,43667173452.605545,1573150000
1530316800,43673877430.77468,46873114497.2874,43467831312.392845,45560163247.24934,1471040000
1530403200,45569733898.20074,46255600775.31059,44355862169.04528,45374489750.9045,1517100000
1530489600,45381548293.35102,48535643002.441025,44476927587.86656,47819417902.98373,1625350000
1530576000,47741615834.7898,48815411153.22841,45871216461.96285,46340140233.285934,1684260000
1530662400,46392745950.31936,49201531719.04436,45483734696.04654,46925785373.230865,1550080000
1530748800,46917425642.76753,48418362913.01,45799142496.89481,47028688220.44964,1828030000
1530835200,47063173806.42181,47992675293.28006,45392655984.403786,47210772298.263016,1625140000
1530921600,47276530690.64385,49305611153.41401,45915655570.54035,48869725996.925735,1326470000
1531008000,48846231043.06888,49873395241.924385,48095758845.01414,48923265395.17069,1363840000
1531094400,48947471052.689156,49901780314.0522,46999582205.7336,47476343442.87495,1532480000
1531180800,47485951860.37867,47666613564.91727,42606009695.73869,43509050302.61268,1792310000
1531267200,43553733671.03583,45048517393.42079,42728703065.88472,44779975923.47202,1421320000
1531353600,44782994533.6377,45117248599.15064,41889194429.206085,43366558627.91336,1454750000
1531440000,43389196599.37668,44991106706.75727,42390471218.9847,43510402925.57042,1509390000
1531526400,43471596064.54013,44546279476.19991,43031130955.938,43584134218.40811,1237490000
1531612800,43607037846.55643,45839268950.16756,43363099600.26217,45242102047.670296,1349070000
1531699200,45279449884.43624,48923882622.673805,44759361223.87767,48248679071.08766,1846370000
1531785600,48221875488.193924,53784420948.52889,45616009089.5522,50248143139.69292,2293180000
1531872000,50231052986.21789,52610731386.48013,47043028601.90335,48279569458.20703,2372310000
1531958400,48355836700.1788,49686559482.2513,45761006003.13931,47221754263.8814,2068820000
1532044800,47285908299.51051,48713902708.280365,44220484384.19062,45275313523.59563,1818680000
1532131200,45243147809.96188,47578639814.52397,44284996941.994255,46451493438.14483,1507090000
1532217600,46387313276.637825,48047743376.69997,45465770815.933044,46144032870.81664,1339920000
1532304000,46134064879.46006,48691794199.2456,43087071929.81172,45363191037.88689,1593550000
1532390400,45345923560.19985,50874931480.9836,43853989890.34321,48346720971.78553,2272520000
1532476800,48329100246.92797,49760863891.68,46122025948.19478,47651556008.09942,1942610000
1532563200,47629846835.17106,49394108661.028206,45651061173.74177,46650041742.176186,1618670000
1532649600,46659511341.851845,49249438915.92953,44644352071.215546,47459758453.647835,1735330000
1532736000,47439289724.54835,47970846344.59633,46087953237.87778,47363223101.45198,1533350000
1532822400,47378542970.149124,47864949812.691284,46323035129.754944,47119289697.28873,1631220000
1532908800,47142941242.794846,47826585235.611,44029505327.5935,46053600036.79336,2134884050.58785
1532995200,46071365128.737305,46446307096.27056,41926053413.11387,43568910752.61477,1819538014.7462
1533081600,43588064946.681526,44263139023.80238,40951077383.07792,42447445115.33701,1885088818.51842
1533168000,42446103398.12642,43323296453.60517,40800862623.76204,41556249834.06267,1572777117.91574
1533254400,41557088434.136,43088635056.737076,39928223919.94246,42243977076.5497,1721418943.0741
1533340800,42253345655.02685,44409162475.30654,39058491416.12804,41157607934.81217,1465059179.3942
1533427200,41168507727.60836,41968258603.91822,40178827413.358604,41369931819.144104,1394382378.83379
1533513600,41356402841.670906,42506677554.696724,39868832434.874054,40978912746.226616,1387534068.18139
1533600000,40963925691.558304,42461618698.1115,37310470558.48226,38252641001.57131,1827047737.69609
1533686400,38260386878.179855,39125240274.77156,34352846444.77339,35968697482.34021,2018122132.48987
1533772800,35977678404.05083,38363395548.101845,34719595863.4251,36880631580.93697,1616397120.10128
1533859200,36863191552.66023,37672534473.27766,32565377876.389683,33549599787.367573,1696601903.21345
1533945600,33593733885.450775,35624068644.58314,30179246288.334,32224859517.993046,1791864283.80137
1534032000,32232690976.937027,33928315056.701733,31332172467.187645,32204754295.435505,1632920248.08854
1534118400,32221684100.63815,33502092380.811344,28001587992.228,28758403751.11395,1747764059.15075
1534204800,28764178506.358833,28799090056.613297,24989035821.2082,28246696495.859676,2120515263.38861
1534291200,28256734811.407246,31150406493.291954,27715523818.726387,28501939273.040985,1880795305.04576
1534377600,28540379335.609257,30401931271.1699,28052851352.40163,29071290762.458008,1549592731.19353
1534464000,29079181501.625134,32378756436.594315,28865353337.806202,32183952368.604153,1988291392.9969
1534550400,32177227279.152298,32642011332.45234,28628122041.545135,29880512469.607784,1764751639.87444
1534636800,29877620119.636463,31524392454.818336,29163921893.95277,30375386922.442715,1445475066.80679
1534723200,30391665684.97029,30831776009.922867,27058452553.52584,27518127851.693142,1415982918.18904
1534809600,27490684525.214108,29147067037.073257,26523889825.614723,28533331010.15747,1165097868.32926
1534896000,28526630368.75048,30756586372.78807,26284633020.181248,27436398409.217575,1505420616.55245
1534982400,27442793073.702026,28858040315.196644,27008118294.146652,28011690738.263943,1272547882.32414
1535068800,28021635561.445786,28968552632.293915,27182475306.11819,28575400319.25951,1443767178.74447
1535155200,28562975729.860012,29048654920.019997,27789939468.646637,28185568384.053898,1210509866.11798
1535241600,28206727106.580738,28402038511.11307,27056564227.124836,27844490709.650043,1202302274.03753
1535328000,27842623680.36654,29463325374.5481,27462741201.12322,29229953840.507584,1384113820.65814
1535414400,29266260619.03544,30337152458.59414,28412969183.94031,30022448987.1601,1522244775.99909
1535500800,30039428617.118298,30366245395.483738,28608775150.51842,29316743846.11387,1476331415.13022
1535587200,29328958798.60155,29637370160.33357,27557836850.210423,28868666610.557526,1508858561.35736
1535673600,28875819677.50211,29602297328.07876,25450933004.12942,28639135146.723003,1417083087.16224
1535760000,28639187621.771923,30962003729.080048,28622633128.986797,29993472073.63169,1544713396.57973
1535846400,30046028699.082184,30898222561.710903,29021041507.752323,30024644832.413227,1315354300.22201
1535932800,30028468422.906452,30257327923.60272,28896937259.079746,29392067529.7711,1396962893.83902
1536019200,29407321750.0905,30130957755.8585,28336187105.718872,29033628937.09466,1551016365.85061
1536105600,29020247611.705643,29267564372.828014,22957990959.008,23185588812.155968,2396752252.41164
1536192000,23159308129.34235,24479541724.974514,21224187949.15394,23318428037.63436,2123224628.79764
1536278400,23304806478.69957,23850248123.720924,21572368608.31364,21916071205.4784,1681480445.47571
1536364800,21923908820.891914,24250345766.704685,19272247345.427597,20029849891.99308,1518404021.8322
1536451200,20033830701.68081,21350801264.51385,18700157355.957176,19921210966.69544,1586382373.43357
1536537600,19934622329.365063,20777572435.30431,18994873264.67706,20044747070.059055,1506991137.27649
1536624000,20060248672.82084,20517433774.163338,17878693407.509598,18836474345.647736,1567087332.49713
1536710400,18815755868.34217,19048978382.27565,16967520242.50625,18634471930.62238,1876948726.00974
1536796800,18642083808.581882,21985104679.586906,18623875236.88277,21490375691.841545,2332906290.78531
1536883200,21485571770.474945,22894932052.297997,20511773171.58991,21263480158.028893,2231282365.00921
1536969600,21296148615.551132,23264235728.232285,21173012777.078636,22645181683.19567,1674854480.23736
1537056000,22625789466.322495,22842401966.342216,21091162997.12931,22451046825.056366,1498389480.89359
1537142400,22452465002.355537,22939840465.238503,19574704358.7528,20026325998.497757,2018894645.54058
1537228800,20020603710.883675,21933925181.82954,19772611156.3457,21255251430.682285,1803067111.64589
1537315200,21251653772.35782,22422065891.938858,20072925482.864098,21396861610.939266,1728367013.56998
1537401600,21401156541.15192,23240244012.879997,20922843261.293392,22882291458.667614,1771255088.38754
1537488000,22904833941.781376,25734849607.96807,22113205002.365963,25262990118.2665,2837737384.51867
1537574400,25265080777.051537,26151000792.179157,23762805632.908375,24565986507.399517,1931399701.63878
1537660800,24570873703.815388,25477717523.987854,24078679358.022,24961325391.761333,1684083613.12217
1537747200,24957561071.737244,25132174496.97049,22957845958.533234,23286165782.681927,1744318395.96568
1537833600,23280845540.885002,23310216564.43247,20678544109.50979,22378554422.659637,2124437510.86503
1537920000,22380589115.68168,22822362462.4425,21177094690.42329,21895311392.0186,1760651987.15545
1538006400,21875335331.309486,23918280424.317814,21464180967.989353,23396380706.28203,2026689098.13499
1538092800,23402933553.179077,24010852457.564026,21895378080.276787,22606718328.232174,2022904621.78507
1538179200,22601869726.80141,24326073365.35017,21730483808.283558,23601980411.694447,2205726833.11425
1538265600,23607949319.44276,24339347876.151077,23040141693.323997,23740999978.913425,1767601140.17184
1538352000,23743612684.488888,24028081435.58924,22857015041.27318,23545734057.028233,1593152535.76894
1538438400,23536323596.18956,23696250660.566082,22596355396.92202,22984661448.242004,1539581007.83315
1538524800,22989213700.180004,23074554045.284702,21952212276.598526,22403461276.63473,1684721997.65396
1538611200,22401128062.54065,23194460183.55312,22167872942.469593,22639898596.74756,1481397011.3284
1538697600,22646735738.50439,23654173200.262714,22303155983.350197,23189812840.902218,1543261794.84011
1538784000,23187691953.79477,23303754648.393257,22720993465.6666,22882821154.82111,1493408542.00993
1538870400,22900861401.15526,23202632500.786198,22542344399.64971,23061330303.813713,1483203318.64537
1538956800,23050369401.843815,23630769300.20915,22786917068.84022,23323443537.854713,1475083973.77579
1539043200,23336893197.992825,23507711378.099003,22977858491.484993,23169773307.938114,1403059056.95638
1539129600,23175447205.141346,23243374307.28986,22308049972.841156,22835598711.73235,1381722321.34984
1539216000,22840173959.97636,22917109625.98126,18920327267.939327,19321416275.46169,2139034850.50668
1539302400,19325255939.032204,20324993151.28206,19173376733.67693,19842381157.434418,1514804861.41918
1539388800,19843289016.75583,20429429203.52343,19770552613.14985,20222962226.11396,1167864875.21192
1539475200,20232017829.047897,20845921414.73356,19445572938.930264,19698146633.61084,1162655667.50091
1539561600,19704750606.165604,23174791473.22596,19431210282.363262,20971307300.581387,2873437046.76708
1539648000,20980463097.13938,21386114517.1554,20551489691.830273,21109118606.23862,1535442976.67793
1539734400,21101779704.079716,21246450506.375072,20650406222.793156,20877938582.097626,1445518600.28922
1539820800,20891107039.75823,21152345489.87769,20158266090.2706,20461794584.430428,1364434950.54319
1539907200,20459612613.537872,20729097877.081955,20256332592.78442,20569346359.709846,1264777918.87168
1539993600,20566426001.81797,20986323682.93884,20443525697.310028,20791350014.390663,1236612587.12659
1540080000,20800735986.793068,21173486415.2658,20645265685.946285,20747086553.08625,1185746010.00772
1540166400,20744094635.611805,20874446533.033974,20472339057.774227,20674171377.40648,1330462298.49701
1540252800,20689078884.517197,20824108214.66765,20282590409.27431,20640781387.25998,1236171267.8162
1540339200,20654010582.17626,20938465831.501297,20467455944.8968,20609215388.02666,1098296194.35347
1540425600,20613927061.4324,20684865292.945007,20300065338.598183,20521156630.08886,1102917962.9798
1540512000,20520160486.930763,21021192776.377285,20405922666.347706,20646613401.359615,1161533285.58564
1540598400,20650692767.33895,20789945742.24498,20539086697.057976,20709097240.92182,1084911242.13621
1540684800,20710547962.826912,21119572932.019917,20582914711.4019,20830955411.285656,1136134427.79714
1540771200,20830858949.206978,21006855597.1401,19694188111.188835,20011459522.19432,1515741874.97649
1540857600,20015857071.395336,20216601120.392597,19854899265.3648,20104758191.526802,1362214159.42382
1540944000,20109393495.591145,20484744048.362396,19683245852.801613,20234090272.569595,1441850836.0276
1541030400,20242011352.88052,20502844943.606777,20130810145.399464,20355254202.1945,1334515687.40286
1541116800,20368430215.78815,20818992819.019455,20263867596.953197,20572633949.69738,1450353487.39409
1541203200,20575431840.936268,20594644082.710136,20347086594.978817,20454252007.46592,1301950091.85363
1541289600,20453731550.033386,22393664450.090675,20321540799.700455,21632749787.630928,1737255826.29224
1541376000,21658816391.576443,21796196608.61264,21130849812.64715,21487405769.48108,1605940340.382
1541462400,21489653502.301342,22579608936.826763,21294813936.55423,22501335942.651806,1849852252.81524
1541548800,22508142956.01943,22987654404.50797,22027446163.69572,22316677326.41516,1952368878.66952
1541635200,22321741402.330425,22525475555.27089,21601548606.740803,21691384050.70357,1761236309.10593
1541721600,21695635302.374023,21939783882.01692,21218336125.55748,21418447761.5724,1559383088.10367
1541808000,21426609130.245,21937729200.583042,21387231430.934402,21696258202.013096,1369650914.84921
1541894400,21700768384.73506,21807953639.18432,21210309514.49549,21623704718.784214,1489520410.67229
1541980800,21611052693.2606,21835107051.71311,21313398564.436386,21502572746.7915,1454573221.07761
1542067200,21504871127.377155,21581238063.871956,20843076012.939568,20982335404.400635,1610966047.04152
1542153600,20970155075.934937,21140938592.76003,16501953665.848463,18294197617.715683,2586847642.09574
1542240000,18286862215.44608,18826577378.59776,16782457540.06877,18463268292.340797,2625075241.02547
1542326400,18420996588.291092,18648597630.354782,17432490091.44739,17798315375.425484,2018990714.72228
1542412800,17825421249.111603,18113299784.581673,17511306152.40751,17793570924.534805,1835970387.37065
1542499200,17797063307.700836,18666860599.519768,17757794176.32,18144350359.70279,1806281428.41143
1542585600,18127436854.216778,18173365687.94185,14083197425.542713,14986950121.628057,2749145025.77422
1542672000,14987258902.489061,15659274192.715796,12026677132.641,13182527239.74144,3114781026.77055
1542758400,13178600542.809782,14441983586.572166,12609510347.157915,13915135005.863638,2690722646.99396
1542844800,13950640112.959633,14190166077.82234,12528854804.112265,12793278823.555044,1784207831.46363
1542931200,12771799863.20934,13175191904.131327,11744868345.424463,12542608360.639048,2011833564.21956
1543017600,12546777625.688383,13295347886.182175,10573786449.466702,11436776158.221556,1794042845.41852
1543104000,11423546494.055696,12564330998.721994,10010378954.2781,11829512440.763178,2475126267.08266
1543190400,11817373972.38099,12292609962.117874,10305283488.975166,11054839552.660692,2114941854.82433
1543276800,11052706466.38156,11539820531.060057,10194542657.42124,11221608332.74922,2316578875.59915
1543363200,11217919709.286655,13114039837.887064,10891647840.586292,12581118331.530958,2666454991.36811
1543449600,12578901264.304049,13196401304.773607,11578533451.647337,12079425525.392752,2196915321.52089
1543536000,12083639202.846426,12705679216.847414,10912078402.25312,11575860450.422546,2015197713.84698
1543622400,11575790001.32396,12732036576.10524,11246087360.43114,12081202383.790798,2134956805.66251
1543708800,12082665062.709478,12518274706.591093,11634865128.78416,11906177133.526867,1851068113.25685
1543795200,11901403709.57915,12126768374.45063,10751173468.431664,11114176763.585476,1748918405.52802
1543881600,11108438822.078781,11749407493.781605,10704432153.28118,11246485144.903048,1739267885.93748
1543968000,11250237506.528088,11313006470.640629,10323669534.134539,10444602335.882633,2008123923.54248
1544054400,10441366886.378946,10893797871.232836,9041292889.856842,9253895897.990677,2278134701.19458
1544140800,9245556506.617535,10169844809.935028,8195798682.979731,9581649873.079548,2579159471.23917
1544227200,9570956541.792898,10197775440.060087,8569194923.263885,9336345635.431824,1874752612.77328
1544313600,9334580729.87211,10172757619.308153,9118991598.883913,9626874775.604433,1863486692.83243
1544400000,9628373888.946484,9844632325.843811,8975952914.288172,9253839971.997038,1736224208.31092
1544486400,9250193786.293781,9434126043.636786,8593202549.218008,9031850198.063753,1706684422.6995
1544572800,9009163960.425398,9545241710.586506,8912296085.509119,9237485804.173521,1517183486.23436
1544659200,9239655072.626635,9476584104.660501,8628388964.63388,8853905767.806519,1753120673.32928
1544745600,8863213928.047512,8996332578.12367,8402000063.006715,8624679516.400158,1666158575.14992
1544832000,8622037550.373808,8773433155.476267,8380352784.779103,8607653443.422281,1492523860.65794
1544918400,8615767703.88904,9054729149.653109,8606057940.560165,8699236949.466887,1566238436.15306
1545004800,8694707065.838638,10127008013.951115,8643595907.410704,9733164150.415125,2104698291.4794
1545091200,9742286048.922531,10556704554.754694,9391789406.94934,10473021735.778793,2270887083.82678
1545177600,10474916916.546135,11517206500.019714,10173402574.610388,10318115403.1559,2462873852.36918
1545264000,10320198805.65564,12427414075.048885,10165120420.476555,11892887757.79653,3052552508.44726
1545350400,11891512736.500578,12435123596.809898,10775696171.636757,11201625345.07904,2599953416.81836
1545436800,11204895245.668585,12255878176.837828,10920479767.43822,12069204702.942928,2350310270.04667
1545523200,12060296125.750032,13951863859.675636,11813100957.608067,13464671395.11754,3596484740.55093
1545609600,13484053963.448437,16597956187.260857,13432852958.14768,14460965321.062384,4361533076.85144
1545696000,14463829240.270832,14627678759.64087,12577285000.866428,13394791580.984901,3291828907.95665
1545782400,13396913068.832289,14204703808.405216,12785661652.990673,13571841894.58673,2753089741.20435
1545868800,13575504081.613787,13761268117.883648,11614114532.222279,11920513880.3837,2614393275.53019
1545955200,11918315600.008547,14625330236.752678,11721446972.490637,14251438505.231083,3061536260.60686
1546041600,14251306194.267797,15439644230.610382,13157224900.662832,13953510865.269625,3164003665.42745
1546128000,13969070111.653208,14719007402.006739,13425243086.141235,14469496613.618929,2717326664.24538
1546214400,14453785179.313715,14539744836.618172,13342312035.864235,13665731703.77911,2353772552.44841
1546300800,13669458607.94649,15030657076.911001,13349134739.430878,14585029175.901558,2252805968.63922
1546387200,14588041795.255653,16347397808.625961,14333542273.530706,15949093219.543941,3306752470.7708
1546473600,15974369565.242111,16203819234.350786,14946280813.362339,15329110140.38364,2685071932.29397
1546560000,15326106259.194988,16388786538.018974,14992645981.163788,15948809628.001425,3091980256.77032
1546646400,15972280888.632818,16913510751.32297,15795185581.638197,16017348911.735266,3333417145.10705
1546732800,16034639152.630827,17359916615.00147,15012584979.173199,16244756784.776997,3231029206.37911
1546819200,16247578247.817621,16459123373.699472,15414338401.165245,15696159484.3788,2711022730.04603
1546905600,15684953396.424553,16188037882.561512,15138973589.989689,15535430676.913761,2461117828.18506
1546992000,15537946594.528593,16089396286.723648,15292759797.494986,15583346584.654581,2368237284.45675
1547078400,15589340287.343897,15764248048.843931,12455905900.936468,13187223885.702248,3394369998.64992
1547164800,13189978582.073507,13651021588.50278,12556383111.45283,13117583571.852308,2661099558.69134
1547251200,13115755604.836124,13329242306.794434,12684733284.790077,12984511176.004007,2214906354.83763
1547337600,12989723721.735794,13135968839.047064,11739665373.128742,12051445290.586843,2267985941.63208
1547424000,12056857844.82587,13752402346.360584,12004773709.42421,13388155819.713533,2802954694.44748
1547510400,13390451754.952534,13685632883.221636,12140106466.878805,12510010389.673567,2720423949.37299
1547596800,12516569927.747389,13323386913.002455,12408290592.654625,12739246377.062067,2830221269.84133
1547683200,12751829103.091932,12983365619.757425,12207695549.391766,12783026125.041803,2592715717.18892
1547769600,12784073233.33646,12825130676.297173,12310398057.624905,12495890739.053883,2300822954.80949
1547856000,12498690265.207687,13313110320.579851,12466490990.516317,12859301210.86305,2669761010.05038
1547942400,12857998527.150032,12970258751.731,11955302687.306847,12273492366.33329,2814341115.96605
1548028800,12277813623.877356,12430318064.769455,11805764440.106892,12091601921.551638,2420477871.62944
1548115200,12094204170.065739,12531385686.238623,11461850728.05149,12337939148.250246,2553589146.80226
1548201600,12331626496.534504,12531226496.085255,11988344308.674335,12169536883.047382,2547954846.87865
1548288000,12174425615.499279,12349742410.739113,11871374951.15541,12172892977.851118,2522674936.13911
1548374400,12174555099.426037,12344066654.3004,11840776087.326082,12025384346.167753,2606203895.33935
1548460800,12028164979.856611,12463136883.96083,11884250795.361797,12025609574.71405,2410311782.45257
1548547200,12026592480.512007,12088081310.922523,11404362367.648144,11665124529.344599,2828047433.97662
1548633600,11662431501.48019,11741428463.407305,10467787369.972761,11020809534.637638,3369998317.28771
1548720000,11028287120.852652,11151145423.41407,10507229825.99535,10861623283.787941,2905002991.88956
1548806400,10865990985.205914,11452715807.177595,10743292851.943888,11262246816.482616,2875343222.47902
1548892800,11268221102.98798,11548670560.36487,10925202348.18934,11071979495.910814,2789039965.18035
1548979200,11079053190.518608,11276432956.578716,10727218552.197414,11083306274.03111,2547199823.16046
1549065600,11085319708.973366,11536551467.61391,10971749185.058931,11426151358.052391,2360279135.31292
1549152000,11453524690.087921,11526634742.057882,10940975959.970905,11096358127.913557,2537251943.44837
1549238400,11095577961.987265,11302322354.603937,10967668694.353521,11100504493.709011,2487015286.78125
1549324800,11100119148.579542,11209463281.254953,10959485586.788666,11109274306.109882,2504670193.60393
1549411200,11113338964.236557,11206720429.219694,10413320845.63671,10818923026.413918,2590821223.17919
1549497600,10821332673.25112,10990428721.796967,10750677152.682327,10817924204.926153,2326513988.67281
1549584000,10816498781.115463,12847022974.135593,10702622634.742323,12367412964.264702,3636470228.3827
1549670400,12379698588.661217,12602799418.490492,12163336522.922693,12348767717.42462,2887703289.91787
1549756800,12350759631.973364,13127879474.557423,12001551990.421047,13007749719.192835,3130539472.08112
1549843200,13013147513.514791,13064659782.528633,12358573506.317327,12520254575.46137,3234345597.8566
1549929600,12525499162.44234,12883947603.177519,12275174126.266281,12672747156.694218,3143397445.31598
1550016000,12673850576.176083,13122426401.293404,12469447358.628822,12662396125.547726,3382922052.86329
1550102400,12660134665.792328,12941757892.635883,12404345720.136858,12515269921.458273,3329403370.94905
1550188800,12520529480.035677,12951272334.912489,12454251839.514715,12628211460.735065,3020034032.75285
1550275200,12631670496.481071,12957455131.945982,12596159016.305325,12737773041.661093,2905859517.06417
1550361600,12740801786.230623,14216367522.461061,12624311642.367048,13874420089.32568,4215216846.33316
1550448000,13875419710.621271,15737248395.697678,13748833387.0208,15171327942.145838,5410663249.85713
1550534400,15188432680.815495,15928064399.01204,14747302505.054735,14977572175.38926,5299542566.67922
1550620800,14983473722.544151,15667925449.043583,14600434792.583284,15453009001.307755,4476741200.38281
1550707200,15451901702.553234,15700454907.918371,14815877416.433317,15146514054.502438,3993042147.83706
1550793600,15150592508.277191,15534399303.486158,14924800778.882772,15376799049.058622,3730103621.17465
1550880000,15379250133.214573,17059289448.052326,15153084986.883705,16544846570.591642,4514439237.04402
1550966400,16547079404.649,17531175579.996204,13734864802.974543,13827892677.453146,5965995541.36837
1551052800,13840750097.108353,14914301052.441994,13796788578.468641,14448649971.414627,4957295172.17917
1551139200,14436787598.050974,14531500567.461575,13928620832.875689,14255052097.518719,3792115562.10416
1551225600,14256474975.262232,14672072849.00192,13102564649.829004,14110107332.706526,4458518813.42654
1551312000,14106601474.73533,14741137065.148195,13774141435.711079,14132943805.259628,4538366544.38635
1551398400,14132275714.672684,14476433240.82502,14038616722.916058,14155232734.44179,3747155810.89551
1551484800,14147957413.391365,14252056079.302944,13547173825.901682,13894360228.727587,3753855149.84564
1551571200,13896300917.520018,14125790618.613897,13362873279.268269,13659378424.053713,3439261403.14783
1551657600,13662678533.961168,13735494106.108603,12871158697.207666,13152483167.270697,4014688352.22312
1551744000,13151143505.694115,14513357373.718193,13087794627.891098,14329083575.59489,4751344311.54555
1551830400,14322590563.493166,14782242938.233639,14014194037.259619,14404718347.277847,4590667371.88882
1551916800,14405910172.336306,14680717794.888418,14100304491.413761,14322226683.979412,4330838354.27097
1552003200,14325406704.372013,14625154691.201233,13522270222.337181,13970224506.190855,4670241011.03125
1552089600,13955741661.570963,14699408185.710085,13899457575.833582,14337545383.210566,5025244303.80824
1552176000,14339394155.218855,14400398787.180866,13968311910.972193,14172439348.569733,4575949424.67487
1552262400,14179159281.65759,14258332023.048325,13665614511.085798,13875797132.137377,4683701017.06075
1552348800,13875784652.736418,14217571909.72884,13553367189.271221,13974297711.403883,4714407684.08595
1552435200,13978757363.13397,14034688162.218452,13658561013.125929,13796028474.629328,4262396966.78944
1552521600,13793611683.672596,14174277501.242239,13308746881.081888,13836181279.913383,4470667240.76852
1552608000,13847160072.978903,14423678743.690117,13787546537.79368,14290877130.087862,4499593057.43849
1552694400,14284533126.471037,15204395448.934624,14283866240.021757,14773876069.011293,4841170083.2406
1552780800,14775776375.544529,14790202278.018042,14272280734.764866,14540180500.38673,3829421860.33186
1552867200,14542525673.029821,14907177391.776522,14231246312.370567,14419535532.344652,4546622613.70496
1552953600,14420995920.598494,14715090302.076231,14302047694.798729,14522976407.682388,4244762308.51473
1553040000,14529852062.763655,14730802807.412653,14245971616.919981,14603971561.817537,4651872204.71658
1553126400,14609679514.410131,14711587880.094803,13921970343.292921,14184065656.998909,5077489731.36323
1553212800,14182321851.825544,14459124769.432365,14087594624.456797,14302043795.388758,4495682926.54168
1553299200,14298330637.765507,14523861660.588913,14200910112.130772,14379796203.772665,4433539411.33764
1553385600,14371303126.242981,14388638641.102488,14067651849.321987,14259428943.6183,4272556398.27435
1553472000,14263394248.285585,14361785091.085087,13656148545.480898,14024117637.385798,4472793021.15331
1553558400,14026565528.0998,14171331180.334621,13822693615.783363,14051848985.627077,4475817022.05912
1553644800,14054090884.424969,14781915702.249865,14009853967.04466,14649018829.185408,5222104652.09367
1553731200,14651330474.015871,14679560039.585205,14353951239.458841,14481206693.935568,4174303371.22092
1553817600,14481166224.471537,15118903696.840698,14403760630.994192,15047567235.43278,5091588429.2836
1553904000,15049073611.683184,15423204240.846449,14699368508.459246,14978218515.84375,5159922585.20478
1553990400,14976709100.335323,15005832255.437708,14730659996.74179,14896708927.475792,4245304946.13018
1554076800,14883880134.917503,15152992256.35923,14467193028.510206,14872667855.76212,4610370966.61419
1554163200,14867731431.834661,18282610448.868645,13335926614.03143,17377088235.462696,9803658020.5584
1554249600,17380219918.11839,19709136670.29165,15910852615.29114,17038312979.02699,10607647857.6147
1554336000,17012077473.276114,17501980041.567432,15840296585.996159,16634197866.263597,8026024018.24014
1554422400,16649782682.989832,17841864652.81141,16473180837.609867,17521874822.87135,7507880574.14111
1554508800,17528554702.850845,18482129709.74277,16660710468.186176,17458073455.84041,7170061981.39114
1554595200,17460042696.42881,18883720939.27349,17233461283.74213,18467865425.913025,7569090888.37402
1554681600,18469951890.5193,19906235140.417553,18210298869.290108,19053907742.51634,9300760190.56985
1554768000,19056702864.802208,19249558008.554432,18287260147.39584,18590738545.417397,7618886451.4717
1554854400,18562456917.899437,20069336141.522675,17742559574.956776,18761538148.94947,7927567751.11087
1554940800,18765078465.563442,18847570345.74429,16858091611.047403,17411484201.341602,7935356760.54298
1555027200,17405502337.821056,17769426029.492172,16719144688.529549,17341287919.225388,6244433527.78195
1555113600,17340920856.37741,17608307035.61372,17030410878.11091,17280824251.828262,4956975690.53134
1555200000,17284315558.942593,17904200319.065033,17010806983.745071,17765275960.745144,4831670998.6939
1555286400,17762257247.689526,17932574197.90101,16277021811.15982,16912680109.757257,5667366897.15984
1555372800,16911214998.943178,17877146016.845665,16826564651.4462,17578303130.16063,5168994683.25376
1555459200,17575668949.70363,17853914035.541985,17282469615.119564,17624893812.90654,5594908928.62745
1555545600,17606549236.310772,18744094907.54373,17518722873.942623,18404209733.404858,6957463820.06346
1555632000,18411539569.398365,18765117748.804466,17754266948.090263,18361234493.724392,6531571522.51143
1555718400,18364153166.964592,18854830555.844334,17993309922.63159,18372519073.11212,6142915590.11467
1555804800,18375078088.4532,18510722219.762623,17532087932.82882,17959148854.700775,5987498464.63586
1555891200,17962524624.323395,18671301952.860134,17658899304.59852,18139014833.058422,6088550621.78148
1555977600,18143270595.80555,18963960006.391823,17398768136.351112,18021854386.830196,7070518757.23619
1556064000,18024064346.939014,18343517585.611294,16879828789.211807,17521304274.24687,7312442492.24124
1556150400,17523573722.95144,17782692123.900932,15457846615.625624,16098565362.912584,6792704985.02706
1556236800,16099955752.62235,16727447714.584824,15596754223.426294,16214775035.354664,7489461079.78051
1556323200,16213480407.079258,16789895652.687057,16010562259.987211,16455341595.314283,5857903519.95887
1556409600,16465187754.723577,16621193937.14434,16030306452.73843,16241549081.219307,5369892783.43425
1556496000,16219009730.745502,16417001624.15777,15722805402.19265,16143050388.467377,6046636479.96419
1556582400,16146944201.344048,17111138212.274788,16070532992.843351,16969583632.529322,6278153615.06912
1556668800,16963652754.286211,17383722590.12661,16514504199.36097,16756454145.541729,5778878090.84161
1556755200,16775844334.81766,17193057917.153816,16381435759.293526,16798453105.539762,6037662992.72516
1556841600,16800024226.915718,18183465416.510124,16024463697.69523,17449241034.615158,7292533194.60786
1556928000,17461847343.565426,18103541579.83355,16326614462.17643,17149560299.468311,6640917027.52039
1557014400,17157148271.909742,17416997954.827354,16612466934.50539,17076661431.830778,5920177744.32817
1557100800,17095261139.15533,18776138467.182262,16503914118.441055,18131631777.002712,7534902480.74856
1557187200,18138490252.53351,19869677624.451633,17380936933.351044,17623053684.16398,8436283754.34081
1557273600,17627748024.680233,18493530470.989716,17040206783.95155,17968808524.871056,6464235446.05812
1557360000,17984517747.528667,18670876124.474785,17096471556.15618,17966746904.621758,6544142799.21724
1557446400,17953709163.752026,19149844538.91672,17384535945.84701,18235296888.491558,8026834239.96488
1557532800,18229753361.736286,22718654383.691105,17192681155.964096,20566508686.909756,12656922930.5806
1557619200,20560424032.380814,21954424641.753616,18762153772.378376,19962833277.680023,10393021269.039
1557705600,19949603061.691998,23588883293.91492,17941726081.651512,20825351312.832302,10329632933.5633
1557792000,20829835585.937355,24623791886.05702,20083353074.63622,23073603004.44652,12680455863.8918
1557878400,23093118999.406815,26970589690.602036,22514223782.17892,26450952516.913124,13431757402.5028
1557964800,26433906220.483948,31023856367.3915,24624242897.989807,28098853365.89667,18539028146.4721
1558051200,28098262242.45732,28602883928.130985,20680230949.375965,25914217735.13415,15975934762.545
1558137600,25905958912.167984,26574571210.802067,24440477560.383747,24795771748.4815,12689763299.4277
1558224000,24793223431.332485,28574467673.042713,24272246653.86365,27686270749.76007,12038055317.8469
1558310400,27668618491.996704,28068409676.21626,25000186397.866264,26810897256.207756,10807240062.0498
1558396800,26821951944.059204,28235126527.076828,25702952295.75455,27076796818.46433,11579582357.0399
1558483200,27048951345.850594,27873099764.460773,25002727860.18187,25869578979.057854,9825160543.85895
1558569600,25865115362.933388,27233557323.7312,24363501098.8328,26077968214.817253,10660589088.0202
1558656000,26081894739.47263,27555093552.92283,25680675840.997803,26545005944.84699,9918203900.5095
1558742400,26540804758.005993,27643479804.39555,26186470482.081932,26718270799.148876,8924900989.91777
1558828800,26721562987.299286,29337919075.397514,25257779723.403446,28471393039.801178,9626807065.71387
1558915200,28475081552.298393,29840736966.608425,27926873908.889107,28811551033.009163,12054651066.3366
1559001600,28836756623.824234,29538237532.86908,27834277860.28565,28816001067.786957,10364594842.2663
1559088000,28808332701.372314,29231082972.76297,27538639270.306915,28632043042.94208,9792478380.58702
1559174400,28642840803.220848,32055100224.742397,25289852282.38086,27077660594.06788,13559939610.3768
1559260800,27090820342.184383,28626757384.034298,26049550238.334835,28451447562.556488,11234942176.215
1559347200,28450439350.624603,29469656237.48418,27729711535.10503,28154177188.62493,9907092956.94372
1559433600,28170362699.791756,29414487318.601074,27884099545.958412,28620739935.346607,8763049750.08195
1559520000,28628799917.234364,28945636166.310463,25973755084.73585,26542325436.12509,9327498218.40896
1559606400,26545694665.627964,27221403257.116673,24229755837.230885,25596482182.53716,10111448623.5583
1559692800,25626891236.668583,26837120800.97338,24906039537.79117,26163376756.8027,8554379921.86308
1559779200,26154850049.956158,26898970454.35445,24779869753.42715,26536671660.936123,8173202812.24175
1559865600,26526108493.08692,27807224321.565212,25683029360.252827,26557500329.008617,8424043355.18042
1559952000,26561363627.141735,26883140127.161373,25452868860.262264,26010295001.788525,7215769058.22761
1560038400,26016535653.214645,26250734568.837208,23981881651.011497,24600756574.076237,7540645533.6471
1560124800,24594238067.498264,26775390799.917904,24185057069.086,26384286938.909157,8126588394.63223
1560211200,26376559200.748203,26794991696.6825,25204393471.1761,26122898551.898884,7383288823.89701
1560297600,26115025031.984234,28376926481.13201,25673431365.70824,27983578295.74116,8498504341.19477
1560384000,27955590307.830883,28663743401.64746,26366922146.319305,27188814794.774548,8478650652.53222
1560470400,27190853148.99124,29028579177.971928,26308511079.080036,28115445577.1579,8672982164.64106
1560556800,28100723255.85729,29303992360.728046,27719918981.00482,28676689549.857468,8124371608.24933
1560643200,28680379482.6289,30465679232.490585,27539713656.42351,28583184198.632484,9688092690.33027
1560729600,28584055071.162144,30262419604.23829,27756224434.695473,29166549283.64419,6001670838.80832
1560816000,29174233048.603054,29421572211.859776,27378595515.350956,28187726934.138733,6200045298.4613
1560902400,28187944488.05026,29250484915.50578,27831631236.769726,28649416824.461887,5432004001.88406
1560988800,28655974201.21962,29749971567.985966,27544413731.353863,28968269180.09025,6432952386.80578
1561075200,28967873616.868702,32546487099.19929,28965780240.651867,31563145768.06891,9280271856.85079
1561161600,31566154100.605267,35518298688.90003,29911068725.893,32908682290.89153,10617819128.2506
1561248000,32927489260.73737,35305735169.11494,31392212588.696144,32669430049.888332,8163210254.89824
1561334400,32655926081.213142,33881539444.099678,31480051184.83751,33161712741.000137,8198941531.45931
1561420800,33171773557.249607,35508014965.98162,31515569270.80901,33733607647.563652,9584176008.16117
1561507200,33767497011.36213,40908866646.11819,31459395124.158688,35709402900.82519,16432532129.3596
1561593600,35748197128.75872,38956618911.53862,28180407108.025467,31343091816.792862,14008961632.3549
1561680000,31338740730.636673,35996253825.71819,28620210013.7087,33030581538.08224,11522378729.0155
1561766400,33034865509.921803,35847773690.28599,30173943630.637966,33782839081.544,10819761100.9232
1561852800,33819619200.506973,35249469840.353424,29609640425.67689,30969598569.675694,10408351707.114
1561939200,30965331605.437237,33469826176.375305,28285893139.524372,31347427403.01132,10344861830.1421
1562025600,31364326352.58874,33076277267.66339,27231812716.380974,31079640732.52721,10565557970.8641
1562112000,31074311906.551147,34478669444.655,29093870791.292492,32219447023.696224,9895005606.31076
1562198400,32230474579.284966,33058934065.31484,29324040777.65103,30191189303.286785,8408331215.74504
1562284800,30190905787.925354,32287815820.78866,28901850751.58944,30733380419.70051,8741529987.60677
1562371200,30736846524.094448,32847730689.906235,29643487898.55311,30743159013.685005,7649859586.48678
1562457600,30720128522.388977,33616330004.38924,30216714018.566692,32716370536.715664,8097069693.10349
1562544000,32753303120.063137,35668620518.71021,30571107384.39711,33449076284.393192,9073906128.0594
1562630400,33490865036.587368,35235286420.44186,31326553023.757137,32908284755.678364,10059816841.5589
1562716800,32940634462.028854,34648691673.34842,28302355109.781456,30863974080.760765,11649882157.5353
1562803200,30869105017.738567,31390351670.15226,27025567901.363987,28715066592.65802,10158676359.7358
1562889600,28727561420.036938,30723792291.516376,27480103880.71032,29472969043.95441,8157232937.08843
1562976000,29483404181.982338,30829486154.308468,26886245055.129593,28781337898.15914,6696584462.0792
1563062400,28793243390.615215,29533623535.83581,23732092496.249557,24185241496.65722,8465256404.78272
1563148800,24186124744.655704,26456904249.351673,21643976332.930088,24437091496.79471,9855484291.81942
1563235200,24436285082.362965,25305060931.444843,20168012764.2502,21226993637.543762,9064058210.04122
1563321600,21261709719.774963,23884787121.14154,20285534810.42114,22611384883.481613,9379424066.46078
1563408000,22647243178.02047,25853659601.86835,20857156841.470192,24191962434.087,9335016199.44229
1563494400,24177625293.997936,24545532273.514977,22477817979.586525,23692204526.550034,7617366476.00856
1563580800,23679894462.233356,26026869367.944965,23279769309.634464,24438916989.63222,7759184969.20412
1563667200,24459380521.58089,24850968436.60481,23200582715.23288,24141164225.203156,6719923425.45973
1563753600,24161965758.946102,24460544642.41516,22387283624.949387,23253047752.34922,6342568999.43359
1563840000,23232358920.365665,23985434737.683693,21997174188.340927,22698125108.842785,6958367485.27952
1563926400,22687056005.97293,23861768542.471764,21255170085.736294,23153679393.28029,7171974878.78304
1564012800,23193711013.394615,24420173777.709602,22844937100.41149,23467298847.27607,6751395656.15486
1564099200,23474271561.100056,23728061834.063057,22659544490.084118,23479380519.991127,5723832952.76552
1564185600,23479226783.49016,24435210747.651962,21491635505.521122,22204501202.455933,6237352920.72263
1564272000,22175615170.07196,23074632365.411762,21096870420.040768,22628830538.638374,5505446073.21729
1564358400,22650969226.260254,23195774021.074387,21965899876.783447,22560256773.6433,5461942220.37296
1564444800,22594622633.612717,23266298268.727985,21838690277.12667,22498536044.437702,5505757559.47857
1564531200,22495112581.370167,24084886158.89221,21980681040.864693,23409425209.369717,5965462425.48866
1564617600,23436074655.225887,24378293152.54671,21943784709.888607,23302083249.4699,5977051030.74349
1564704000,23326522012.160545,24189679616.575096,22733722513.452736,23344243226.851276,6150282007.58652
1564790400,23347219003.60904,24505737601.478046,22919916164.336643,23817250161.353485,5719535925.41072
1564876800,23800600036.02339,24486796408.362167,22781052756.82903,23897095206.266018,5226482296.04283
1564963200,23901597130.523563,26120541163.75359,22860451379.888756,24975551046.187424,7727856999.112
1565049600,24976185474.82469,26347733211.39168,22911279794.210304,24239576722.033176,7636827516.56964
1565136000,24238636175.509315,25732738196.514854,22906884488.442154,24233469343.616447,7005882636.43744
1565222400,24245499592.167336,24704937638.624794,22580769175.498234,23704089559.827583,6652605152.95646
1565308800,23719082003.30971,23941668032.594982,21950363401.786133,22545725737.94503,6985697657.8703
1565395200,22548611399.497833,23473212696.141582,21279400898.720024,22076316384.63553,6591383894.07002
1565481600,22076337955.575275,23611664744.9005,21690724570.715633,23180656243.80046,6403773913.33338
1565568000,23183493708.6532,23256811688.238853,22224715596.61064,22668810744.357853,5677044001.17735
1565654400,22668828689.11192,23693973086.944775,21127244347.88035,22392868864.763042,5943106731.99481
1565740800,22396824539.905457,23070641143.28175,19192080925.3672,20016635006.057148,7411852581.57667
1565827200,20017103366.538925,21035139428.314423,18269586173.400032,20184992107.351883,8213924284.01151
1565913600,20174739892.43523,20960556165.470745,18412383327.14647,19891067848.394917,7148048819.45116
1566000000,19885307564.06985,20540853899.08136,19049254354.413315,19921664215.30251,5515520207.02696
1566086400,19942450740.20904,21451328588.41537,19528989119.711693,20898546520.28954,5976289667.66243
1566172800,20898958880.41437,22322340184.187138,20261117564.519516,21742536502.801937,6017865646.76381
1566259200,21747627365.75237,21968445421.97112,20633613892.88036,21134697705.116074,6408619948.46222
1566345600,21149039799.188282,21619980450.48759,19157802603.113297,20116239842.18946,7730986575.79083
1566432000,20104163871.762226,21094247660.23689,19365964485.425297,20482091063.466736,7566751694.77651
1566518400,20485599853.853706,21425186045.186195,19957219557.339123,20853420886.31322,6660065883.18525
1566604800,20856534978.45634,21280155531.571667,19663916178.20731,20519969792.86728,6244144463.98512
1566691200,20519779363.646214,21017430698.115707,19470317320.231873,20043222787.913258,5806369522.90829
1566777600,20052273195.750587,21336582959.49001,19681822593.35137,20244132346.571613,7206253745.56311
1566864000,20236351875.11049,20832825572.791782,19505391774.233665,20101018883.313194,6032574633.03977
1566950400,20112762910.875877,20378669854.033978,17700210776.706432,18579537171.90687,6684827709.15958
1567036800,18603247674.998714,18777793568.685143,17484557173.55533,18168796245.87868,7131997552.78936
1567123200,18172169560.03888,18696288558.579292,17592517391.01522,18113209679.60615,5774334436.40262
1567209600,18094710446.882652,18842403465.87266,17656163227.92007,18462618151.059216,5822093386.57946
1567296000,18463693141.977486,19043278553.786186,17960208562.211582,18447707451.54895,5553089980.40582
1567382400,18446956619.56421,19961339545.39606,17998105935.783737,19227758723.81997,6495047529.85703
1567468800,19231638523.085564,20066766325.225872,18487794773.251682,19240331199.96219,6946977272.16579
1567555200,19244082424.927563,19805398620.84735,18336215370.464214,18838476332.46672,5930219397.18619
1567641600,18842002495.034344,19073563157.16456,18201934954.37214,18711470163.676533,5593610708.95053
1567728000,18713864774.367245,19516005499.89563,17738087021.05617,18218038195.7318,6789060948.87696
1567814400,18216722725.652454,19573640672.579117,18064557460.420643,19169900335.372787,6786731237.22441
1567900800,19197538689.38387,20075869430.1198,18705081971.81385,19537862594.888733,6440092359.75867
1567987200,19513927447.37253,20172919086.061333,18654187736.09125,19443773132.62731,7238039826.82613
1568073600,19467623863.92975,19965769470.77331,18688908224.47779,19363675215.50382,6287542483.17873
1568160000,19360017053.257732,19857713889.331745,18527229299.543774,19194988075.83593,7138598048.50086
1568246400,19217287089.26804,19899489782.92359,18742488944.781704,19476710816.9185,5844979327.00877
1568332800,19485950359.648514,19873120369.869946,18908808967.652172,19543351881.965828,5937481832.27988
1568419200,19540471062.488884,20518975985.657516,18643509926.417294,20315189628.131382,6494168567.06357
1568505600,20331766865.947678,20627443851.43451,19949680858.08925,20378055697.878006,6232741184.5449
1568592000,20409567848.89102,21874791948.72075,19894389469.63924,21296102630.726723,8218121374.73573
1568678400,21274490983.61304,23273109424.669407,20934362195.423866,22418475060.338093,10211850267.932
1568764800,22396533857.330795,23787732022.620136,22160302821.88109,22650385741.20717,9180726324.79803
1568851200,22679871664.73859,24876359742.192303,20967944479.014515,23807841311.02063,10613124974.995
1568937600,23840329386.870358,23966631498.62985,22800431596.034218,23511826452.26498,8005596474.46804
1569024000,23514790069.085194,23928715165.450066,22889370551.090553,23188976607.198074,7768458507.93648
1569110400,23163344490.978603,23480714946.320675,21867372154.206352,22760499953.636055,7787722391.18241
1569196800,22769632721.83176,23137954662.99265,21281754507.50956,21666737729.581074,7511727062.84876
1569283200,21673072000.205437,21935011193.444004,16222759395.031818,17947446782.33074,11734127781.6354
1569369600,17967903598.04937,19196281912.55885,17215758129.80163,18343749978.682163,9799797160.86379
1569456000,18369672130.563484,18840445997.16007,16397223963.678389,17887094536.692722,7855020669.37291
1569542400,17888934451.555424,19336705255.01892,17348108206.878666,18783098727.300632,7905008671.56007
1569628800,18813535767.822704,19395241374.41681,18094633301.493015,18767272759.434124,6886487420.43204
1569715200,18769633706.5027,18895760635.569496,17641486645.68492,18279518280.574112,6506156561.67592
1569801600,18310258812.08608,19754339912.829227,17505553632.38846,19545979255.079865,7533910074.36851
1569888000,19559018397.072662,20343693663.888218,18588955423.542294,19026475461.253197,7670339471.45117
1569974400,19045768490.32632,19670296551.153732,18601843276.612553,19500521303.937134,6309821116.98107
1570060800,19512882383.019485,19620570040.393414,18191192508.96141,18902794473.415546,6395635095.8316
1570147200,18912233453.065067,19412706197.577976,18312860719.895824,19002108837.034416,6250059399.63962
1570233600,19018936755.155956,19312611301.926487,18512952715.405357,19078152569.84192,5832872833.246
1570320000,19094447020.083843,19423276906.841927,17991369911.12747,18374979940.776726,5850245069.68613
1570406400,18397253105.14295,19855960386.651237,18119189392.652584,19469935888.141525,7837015743.06532
1570492800,19486307944.67081,20124952888.119595,19079387027.493538,19532917406.183468,7447932426.96399
1570579200,19551912295.425858,21681394131.090115,19283966631.90283,20875982079.691917,9088539757.96334
1570665600,20879126596.927746,21212027448.15642,20110059907.62822,20723562736.464355,8369257652.25878
1570752000,20743907135.614906,21632484395.479313,19194533737.03846,19545233054.012157,9119994393.91925
1570838400,19548497637.068142,20141744875.459824,19081024475.296352,19432522452.702698,7514901779.47828
1570924800,19434047028.957546,20160622383.55848,18969867906.031857,19592144135.272163,6733345147.89921
1571011200,19582860018.7727,20456118727.159145,19413443126.53216,20234304080.915413,7257554089.20541
1571097600,20213468243.544277,20516209171.739975,19110038654.844677,19510696097.449757,7721343502.62649
1571184000,19528852050.993145,19643009115.969643,18574289151.908005,18884704300.902046,7688970399.79602
1571270400,18886653364.706524,19420124209.424988,18681125429.755096,19173868090.63206,6726018385.83018
1571356800,19164829556.41903,19406669317.571243,18172567726.002968,18716331052.851555,7556285911.88997
1571443200,18706099055.230183,19230767035.376934,18248134293.734325,18623692469.277805,6537907365.36238
1571529600,18636592607.498062,19535926550.472794,18080894219.14563,18993703391.10719,6797482064.81086
1571616000,18994184189.954063,19413344684.855236,18540187551.733875,18872165817.702446,6800947263.14665
1571702400,18854595153.54511,19231095020.79598,18075808746.019154,18548201896.76797,6980852167.83136
1571788800,18539628683.85269,18996253559.254513,16338991588.82587,17586104985.924065,9596215204.40121
1571875200,17588243095.946156,17772345438.715027,17027311449.161665,17418692309.072105,7292451743.19059
1571961600,17402831733.678417,20888579036.15847,16666164401.560616,19665914901.25895,10343438120.4717
1572048000,19703890966.50505,23599131662.618687,17650184919.34685,19482816517.903526,13822334174.6433
1572134400,19503135043.490353,20846541619.266327,18812158672.63858,19971780701.556072,10814082819.209
1572220800,19953805018.248158,21326821157.437138,18866409580.033577,19702589442.63362,10425097001.5902
1572307200,19706861410.51589,21220059574.77791,19180659052.612946,20678996659.796246,10612277921.987
1572393600,20681509291.163246,21007425711.255817,19344458199.173088,19857526345.353653,10487841142.4943
1572480000,19882759991.321148,20614495694.36787,19037394790.34177,19761190254.742943,9576256292.26097
1572566400,19783872587.695812,20236231500.067158,19150102301.044857,19860092718.514153,9151804955.41637
1572652800,19864030286.56197,20266607624.09264,19542276643.71399,19858046777.92562,8071721418.1173
1572739200,19860460755.07658,20276505850.692,19278290059.8872,19702725204.35597,8753436570.93214
1572825600,19709081333.232662,21014152553.812325,19450681504.751278,20172812885.580357,10526153674.6248
1572912000,20174243663.07974,21158291786.36085,19580243124.780476,20487335161.379322,10025516076.4051
1572998400,20483468835.310856,21257007379.741547,20283658802.272633,20739566500.557045,10153193515.6626
1573084800,20748873251.125572,20859654883.95105,19832297197.769352,20213735782.714085,9089474030.17433
1573171200,20238010206.841694,21059641487.741615,18894035731.122627,19915473456.688747,9179409473.40319
1573257600,19902899752.859653,20289062194.98215,19661684198.475235,20067499942.73752,7282217912.28608
1573344000,20062414654.170715,21444658263.626682,19734498624.8302,20470081123.542866,8752289021.76329
1573430400,20485674388.03981,21164884951.94276,19480557495.229965,20040875894.845837,7869634273.06938
1573516800,20042273145.08735,20630677775.187195,19543587565.48942,20291718522.47263,7776458446.51517
1573603200,20301199728.460896,20716547381.86166,19981757643.19466,20365214922.847908,7333740692.27702
1573689600,20391529354.006767,20540399514.94638,19711385887.426678,20051977473.86844,7887848867.15365
1573776000,20043097348.496765,20526296366.850853,19021560239.312588,19523025259.455196,8836227641.24509
1573862400,19515806192.707226,20053984457.717846,19416329764.669205,19786869560.56646,6790760224.7384
1573948800,19792389327.100468,20352241073.409264,19408889212.11682,19955404989.481472,7368563196.64322
1574035200,19958232629.323853,20133378491.116417,18641601928.21485,19311090795.48743,7783522312.85519
1574121600,19328966012.1062,19386313380.872116,18558006034.418827,19082753851.148026,7620854001.61577
1574208000,19089848848.766903,19513751324.88069,18692348150.615368,18959533968.741783,7227338797.18445
1574294400,18954970709.65541,19129947616.60337,16749185431.719,17457519144.98939,8536000880.62812
1574380800,17457872010.139156,17783407150.05701,14939957199.980122,16289778409.573399,11986882850.4102
1574467200,16270124653.791498,16841351573.371742,15738928743.581697,16520058461.876593,8276136798.6028
1574553600,16545085904.15679,16766214237.532547,15064464336.89843,15220387187.987482,7762289801.56429
1574640000,15210942629.851048,16922336922.7201,14254830378.504093,15862714896.354622,11037192341.6968
1574726400,15886374449.975382,16633714483.44166,15525859502.89434,16037306506.298574,7653472419.66833
1574812800,16061941840.714134,17340127409.37269,15082116764.213406,16632460370.474216,8794246647.47492
1574899200,16612942133.153564,17057714232.510937,16053862731.697977,16430492319.283466,7353536151.46836
1574985600,16415923629.585035,17553036705.554382,15931770116.736012,16827438277.462431,7483186416.66306
1575072000,16830971908.498333,17150186508.757462,16055510952.843134,16487171842.878588,6565733720.25286
1575158400,16509745500.986069,16920063411.385118,15689325650.332321,16440709179.889296,7103189710.83879
1575244800,16440492444.697094,16594896155.178663,15704295784.248806,16202863889.092897,6663406024.64179
1575331200,16223028860.532228,16456752957.508228,15842747252.532406,16022988574.334177,6207394987.08654
1575417600,16026783871.86727,17228833896.325542,15035954181.963348,15828373591.105877,7853268781.99104
1575504000,15837960895.88947,16521688811.824726,15385922234.39528,16120267329.661205,6749347210.10467
1575590400,16136324277.773455,16670378732.234236,15643530829.437943,16185486330.21808,6456016804.39939
1575676800,16174480071.92553,16449674106.309587,15976115276.616106,16046896383.753902,5935803442.87797
1575763200,16053850642.759556,16589476721.897305,15751033864.626272,16405241535.684912,6426051246.93699
1575849600,16386661241.953457,16808721261.190937,15631511696.094137,16045520272.09553,6742427304.05901
1575936000,16028768853.596401,16299773734.625683,15500508129.143856,15829429903.618944,6841755093.52055
1576022400,15849626691.468197,15988059195.20357,15331458010.841702,15607332663.062143,7023856450.69884
1576108800,15612349679.743784,16034076915.359552,15092856139.17743,15753406444.100924,7883877863.73603
1576195200,15748678984.933636,16022262930.060669,15497360891.847103,15770456869.499895,7298448196.62753
1576281600,15767094047.30607,15953024272.194773,15086758407.975513,15432240488.95799,7041165404.62952
1576368000,15449753858.479752,15852218145.268791,15165815091.963444,15509794862.138937,7232585060.04342
1576454400,15512078392.121393,15637382027.920448,13967549908.568785,14437543194.314726,8973322472.29015
1576540800,14440207644.945763,14610562189.736237,12983431134.892733,13262528377.971727,9001355151.52915
1576627200,13278291919.572157,15256830573.870478,12601755028.79068,14489971905.55927,11836706920.1388
1576713600,14492156139.695229,14721871133.97225,13414300860.754774,13958802099.080923,9536628841.33995
1576800000,13974887148.834427,14139578846.070997,13668803292.420824,13980451855.039904,8178191907.45941
1576886400,13983410433.978022,14031239750.815115,13739546535.776003,13870768330.246304,7437233668.01355
1576972800,13874422155.01789,14916700939.356491,13667703870.010355,14419731457.970121,9098286639.67896
1577059200,14444495552.534088,14892147609.866901,13607779855.762556,13927440748.545197,9601701730.56256
1577145600,13931249810.758038,14388195904.746641,13548942868.632687,13917162055.6581,7947269096.60346
1577232000,13909090440.908907,13962091782.614717,13322629150.246609,13628711157.947533,8414642584.64158
1577318400,13628456685.058138,14450210711.113548,13485579269.363651,13669903647.277044,8591603082.62821
1577404800,13682703577.469305,13866018563.287912,13272017754.614021,13761190096.082321,8283484328.25567
1577491200,13760001434.676937,14144005012.934288,13697239133.972996,13933804654.946205,8213244609.26148
1577577600,13936873028.086586,15045783078.402271,13869941359.968496,14645578646.868176,8213244609.26148
1577664000,14621099325.430147,14819873725.758268,14065270386.78737,14299677736.430042,8213244609.26148
1577750400,14304628983.80424,14575376517.507809,13858359648.350883,14034330402.091257,8213244609.26148
1577836800,14026759284.824764,14494354375.49211,13979295898.43987,14215510954.872114,7985640219.13314
1577923200,14210730259.529362,14361938912.852163,13525847264.445446,13845657698.672674,8081877292.58236
1578009600,13838466748.428017,14883919180.621483,13313028391.835537,14653925781.568579,10437963970.2218
1578096000,14643928943.891876,14820833592.04686,14365922926.080793,14627614439.805025,7441088831.85809
1578182400,14651668033.91714,15188592008.19242,14484142384.824295,14775826906.855852,7520636029.33584
1578268800,14768497547.412626,16129014094.349014,14698593506.67859,15742479923.808477,9071534216.72846
1578355200,15756306255.129295,16680837886.533575,14719512687.556559,15614566847.715605,9265971953.76307
1578441600,15602692991.291582,16201294703.720144,14577360596.774466,15348030487.583374,9401927294.18062
1578528000,15358528802.761105,15563344348.264957,14635857060.367065,15020931028.713432,7654079817.39087
1578614400,15035909524.204592,16094762817.42002,14617327181.663446,15830547178.514128,9032377971.4529
1578700800,15829838330.17169,16347962987.701912,15296053853.580976,15545987167.854658,9251109835.5635
1578787200,15532184516.242786,16040681683.589828,15327576549.933142,16003815369.731749,8541352246.13507
1578873600,16004004001.760033,16072143158.713991,15433316096.476597,15677827636.84991,8390049392.87432
1578960000,15680672126.369192,18783767298.26261,15379529530.17819,18105069958.485046,16625354072.1648
1579046400,18107638494.306767,18926014868.72145,17215293130.51132,18167716035.138412,15184184575.0587
1579132800,18167198624.505737,18332589568.70506,17245192708.074047,17926710111.210335,13716143804.3002
1579219200,17937834600.384327,19144297014.933784,17694396908.549076,18533025309.759476,15021057662.5261
1579305600,18546602772.569344,19718771553.271214,18018665984.89221,19021402158.674835,15094089741.305
1579392000,19007745393.991413,19760445730.550995,17465659903.23772,18231724065.02539,13728726428.3182
1579478400,18238011650.041237,18551709567.168655,17566724346.847343,18210625113.768898,11144687657.1547
1579564800,18223329109.070435,18757852315.143288,17788570447.529152,18494508617.19848,9795157215.60669
1579651200,18520201184.196156,18789815323.010666,17998153249.529324,18328410217.264107,9202514640.67547
1579737600,18344672320.928764,18520683295.640583,17315380918.746014,17754980329.022446,10379514449.599
1579824000,17765815054.663944,18134018657.944458,16921082737.765003,17750255686.891434,10650140216.4953
1579910400,17779502814.736305,17877136973.526943,17148838692.35607,17524409006.625248,8267348284.71435
1579996800,17505680969.56505,18403532234.55778,17354690224.80099,18322989020.18142,9223644813.59324
1580083200,18345587022.646156,19256443468.891075,17820891405.87328,18584474121.70381,10990022860.9786
1580169600,18585868519.3404,19751075599.036655,18174918955.017883,19278756937.631203,11714228031.5551
1580256000,19250535544.11312,19706340956.13716,18818978836.13766,18992832254.38877,10773363041.0309
1580342400,18980132155.952057,20480034662.983738,18572807378.33214,20191882507.429504,12588311332.726
1580428800,20218485189.702106,20401847453.210167,19135136766.485645,19656843927.983826,11755297952.7172
1580515200,19684339427.521366,20300021839.81978,19482884287.81558,20093920171.2705,11580561679.9862
1580601600,20100611780.630642,21211587015.00093,19443346111.259613,20630694504.34398,14046606526.8609
1580688000,20590717164.081482,21630444344.954712,20304984986.822075,20777993115.37181,12395875210.6472
1580774400,20762706260.951267,21074748934.52983,20015497823.080914,20617053463.653,11717592123.5341
1580860800,20638125500.958675,22965254131.50392,20505531750.781807,22343377366.60402,14876571279.9599
1580947200,22345879071.55725,23746010548.421104,21988366522.647274,23321154898.78763,16418523160.013
1581033600,23325143107.788704,24712586310.224625,23204723713.39422,24452935919.788315,16618961900.7004
1581120000,24465273215.56292,25254200352.414867,23379953672.550537,24463071580.081528,16764554017.6
1581206400,24484531270.376354,25515404686.08257,24164100444.2701,25113553665.743305,15029298931.9564
1581292800,25113340595.71451,25197373631.804375,23541344487.287643,24024251014.589615,16235816872.4929
1581379200,24444776509.574352,26530907432.45924,23793211211.793953,26072873987.339813,16946293048.781
1581465600,26082320026.53035,30502583431.66782,26009950881.431427,29207062594.91993,24367155547.6032
1581552000,29209553444.186867,30924331090.423416,27752231889.90618,29430404768.964928,25832473316.772
1581638400,29435580351.264847,31646067123.027603,28505193760.31844,31348290324.93753,23315704050.8567
1581724800,31352190805.072052,31795899891.82318,28406751604.969166,29047329491.617374,23691550656.3574
1581811200,29079015236.84885,30209013305.515358,25857068049.673885,28395456152.477573,25204933881.582
1581897600,28441853828.049004,30272249532.948944,25850408381.23771,29371877155.646023,25915868619.2239
1581984000,29461611622.925777,32181639801.711796,28407191820.28751,31077453987.632614,26576734117.2842
1582070400,31097026340.47536,31784549823.264248,27269886564.57086,28372510549.428467,22696921925.1002
1582156800,28357488702.179924,29210149843.852356,26734802139.68738,28260715204.496754,23321907008.0393
1582243200,28259373851.49924,29562210606.854023,27825880822.944477,29175782809.835026,20900431358.3293
1582329600,29182614146.481804,29354533290.404354,28133399431.582073,28772408344.860645,16879420617.5692
1582416000,28758636391.11024,30440932775.664207,28659929822.451645,30227135650.15324,19499972444.9145
1582502400,30254593988.084854,30618551762.884903,28196605674.27737,29165812819.87374,22286023684.2577
1582588800,29206543200.7972,29292424956.776848,26803481596.94459,27076564025.161213,21935908055.1214
1582675200,27066660681.139847,27486158851.618034,23507930964.287697,24585515474.078976,26288456512.7739
1582761600,24583862492.934906,26261973059.119923,22998078890.86904,24998709648.222996,25572238336.1412
1582848000,25009555516.06669,25793916127.980663,23386512311.58845,24953011384.862595,22635532295.3086
1582934400,24972804843.707863,25735030266.958256,23852101035.169746,23904755648.160187,18147647756.8092
1583020800,23893466103.59007,25076346857.34013,23239278711.619946,23915787052.677643,18193589577.1664
1583107200,23891801820.79727,25963581217.64017,23698631566.685383,25516751841.39273,20289982038.2085
1583193600,25520907105.436745,25641573933.569794,24193242807.809704,24600332121.430992,19847198759.3215
1583280000,24604358477.57742,25255431758.258224,24189501187.037624,24666599590.71613,16543411338.2561
1583366400,24682335593.44172,25980414540.80126,24086153218.121143,25147980211.43515,18125316136.3346
1583452800,25129887515.57541,27129479716.20864,24905877191.1407,27009779393.001705,19345207983.1848
1583539200,27007018104.43075,27883409232.8542,25935131043.932945,26114218456.255993,19407859974.9017
1583625600,26138593526.436604,26141531327.29751,21514037682.641453,21932408820.948235,21196819844.6374
1583712000,21943456183.249977,23587961105.750862,20736637917.447212,22332670341.57901,23724008588.1749
1583798400,22335496720.766556,23088193837.438133,21325355265.065456,22062760094.952896,18394239720.4055
1583884800,22087071605.683876,22491347347.596428,19969676146.631912,21422682213.073864,16925686370.7607
1583971200,21478737834.04303,21557587372.47622,11038378274.693396,11942863556.540474,22075733284.1209
1584057600,11944851882.094896,16729381850.594704,9240624701.199755,14885084793.222548,28050032752.7862
1584144000,14893608470.334099,15234209427.02282,13051185937.749334,13471436228.712654,12764746559.2545
1584230400,13468488168.337696,15648638927.956373,12455925548.408888,13584277312.13187,12754801046.8376
1584316800,13608087708.671278,13735420360.944412,10651296811.059406,12236834922.665482,15989959067.7969
1584403200,12282093872.158651,13845809897.968536,11718788960.635963,12768403003.355127,12088642615.6574
1584489600,12808266827.411936,13231164597.718338,11912240040.10072,13037345708.310102,11543302906.1148
1584576000,13055414409.727432,15843928812.839222,12510329069.032827,15065460054.226229,16459883461.0119
1584662400,15093266540.463552,17910250458.995865,12761122989.143438,14709594342.058464,18842827604.9947
1584748800,14704870720.435398,15367669972.356213,13647052776.30004,14614821752.153204,13821106018.9904
1584835200,14642835747.590984,15228585541.971657,13085761892.552713,13470287658.352617,12445897789.4686
1584921600,13481824564.802036,15584491365.068617,12823351430.373768,15037258221.853628,14053263600.4007
1585008000,15046168343.736654,16060844879.473043,14440892672.551344,15317432405.838428,14601052779.4391
1585094400,15317088367.142534,16245026046.541924,14452784296.231766,15034221075.148726,13435905420.0935
1585180800,15043379662.303543,15484148096.2365,14533383506.13612,15315963964.009182,11315418877.8403
1585267200,15329403038.700964,15746592413.296581,13900950570.517426,14517993534.34258,11362493746.9896
1585353600,14519085070.096352,15013438574.444574,13638510276.851828,14479797534.538185,12230335022.0861
1585440000,14533305860.32644,14732379263.889547,13509235098.756485,13701405445.683262,9955821015.95124
1585526400,13720762911.272997,15578013754.626999,13217400156.045664,14602039043.830343,11882242046.7415
1585612800,14607940508.587776,15015827907.210535,14268002766.12975,14667605152.883707,11090482804.4348
1585699200,14688218349.188063,15664506552.715706,13809267388.414066,14988549168.630632,12322836635.0885
1585785600,15032156378.324873,16859775092.360847,14817008038.907503,15611229768.978798,15294255358.9963
1585872000,15584792234.224146,16395567109.22569,15143290783.904245,15620398870.78909,13225796800.3826
1585958400,15611730413.178253,16436251206.987974,15290632618.099375,15958816648.384815,11925661326.1638
1586044800,15978440083.155025,16181039063.777777,15458102766.966124,15754454699.212145,11267386031.2539
1586131200,15772612348.580921,19094200310.78984,15715613540.174406,18975648807.9208,21395797254.6253
1586217600,18936843963.46071,19560979338.560425,17773969214.662823,18191548092.031296,21597915629.3935
1586304000,18198975709.403927,19352658515.996407,17986669714.154003,19134445881.62713,17083897695.575
1586390400,19148308052.78026,19215364484.67204,18219710811.79315,18751101979.93401,14922193536.7357
1586476800,18770798178.992706,18837172920.56437,16722241923.039572,17474898380.67238,17921499385.3069
1586563200,17452876074.975037,17879559047.639717,17014433490.739672,17507116267.88458,13575930768.5348
1586649600,17508195348.686745,18470878228.40996,17118073190.701979,17540213735.100487,14629218201.583
1586736000,17540790511.46359,17663248106.49,16340663703.81394,17337310541.758488,16446228704.7428
1586822400,17340552134.458595,17981889887.59128,17065336152.772928,17542907046.961998,14697567261.9388
1586908800,17515085902.036884,17945746528.833824,16670411204.239353,16876448950.064884,14181579154.0633
1586995200,16878529641.38081,19755439758.030827,16375873442.960932,19074330723.95357,22565178098.5902
1587081600,19106565764.89937,19373269793.284374,18466981054.922302,18859864606.11344,16692898688.9223
1587168000,18851280985.247875,21027468294.56225,18843518464.768055,20762227229.232742,20192385003.0875
1587254400,20774502874.986996,20915715217.91844,19458045402.520027,19924742190.957615,19141652207.3576
1587340800,19916516034.602203,20655281785.0988,18447160507.162785,18861302471.00659,21259033421.8375
1587427200,18841564276.560207,19455989237.057503,18592523248.684284,18922646042.67557,16451492436.3848
1587513600,18913658314.54762,20421744338.533375,18781267670.87818,20252203847.99546,18013923829.6008
1587600000,20256115405.022438,22333623984.294247,19137355832.411087,20533214811.820408,21212894184.9463
1587686400,20564634656.106617,21144795084.67271,20243749800.37895,20755188641.620102,16856651227.4385
1587772800,20796960492.056812,22166529999.488487,20495717977.028633,21519658489.527576,18204696482.6521
1587859200,21572039907.717148,22182597616.806595,21130169542.44366,21873277632.490246,18170660230.3008
1587945600,21900515581.36733,22226819174.87521,21029398780.526646,21771717557.282722,18678481683.4256
1588032000,21790189122.229244,22010004238.655575,21259106998.26656,21810037333.514553,18203912970.1275
1588118400,21795820934.797695,25823328388.85553,20677604564.251152,23879183521.810555,26244387133.8996
1588204800,23882628095.403595,25905679977.92076,21980465619.39811,22828784860.3761,28101633954.9072
1588291200,22840849813.922714,24490784314.471478,22772541179.359413,23498700989.73664,20829312868.2627
1588377600,23510087740.243877,24153881576.036125,23073057721.954765,23723201742.6497,18287265815.2667
1588464000,23721864599.27659,24485055975.572273,22632561734.876354,23302070260.522186,20491155500.0771
1588550400,23328257241.22049,23543998552.976105,21486881370.15026,22913315599.977894,22470899345.4268
1588636800,22929617893.03144,23693622479.382553,22055834014.45896,22778623631.05202,19002760412.9516
1588723200,22798391891.14204,24105376882.911068,21453369277.770493,22075256338.935326,20206321863.5036
1588809600,22098391196.79856,24869915030.171375,21064615385.35285,23536769611.82764,23864673405.5995
1588896000,23554528411.58691,24132524496.79251,22835211724.81905,23438208202.39996,20615811795.0266
1588982400,23456190094.43874,24233638995.757,22665402867.380043,23309015291.669537,18936410684.4353
1589068800,23268064089.90648,24358572735.517456,19207203773.493206,20819327105.19123,25091131869.0691
1589155200,20843110280.189224,22172236435.095222,19020888722.24593,20618109435.05171,20070705100.8388
1589241600,20629755684.624672,21745408855.73031,20183274789.755714,21078695040.55477,15931265011.4736
1589328000,21061062599.686962,22700452390.900032,20620025212.627483,22154724307.675632,17055322929.4912
1589414400,22175992145.98352,23664387332.447964,21028644686.491375,22554568862.036594,20207853524.9003
1589500800,22597305966.75977,23291169748.43416,20907773368.293667,21590860810.901115,16794747530.7162
1589587200,21594264320.691967,22900009167.086826,21339373533.30687,22262898209.68754,15443149268.3469
1589673600,22237853717.88906,23651810865.214054,21662981859.71986,22943108711.359936,15442999304.8527
1589760000,22959894503.89744,24624695809.825855,22356972410.156326,23825996725.476234,17404015448.805
1589846400,23848731778.14737,24360691251.105797,22879908751.99536,23847715610.70476,14441671548.7751
1589932800,23819724275.25445,24235696611.706413,21840588701.166508,23319998611.897007,12735525422.416
1590019200,23298125937.384106,23658514694.417175,21240406453.822685,22054028413.347397,13289865697.4575
1590105600,22054156246.402596,23387606425.552002,21625775854.77937,23031002393.47825,12043095634.6445
1590192000,23033884031.87998,23582142210.906754,22645577461.208458,22948541820.897995,10661790071.377
1590278400,22954551779.021255,23995815743.591774,21663671121.772446,22202502475.919395,11788751809.1236
1590364800,22179291781.032513,23196447619.37775,21923510488.81668,22684720908.61485,10454631303.5863
1590451200,22686639974.870407,23061941127.443817,21816056026.045807,22319646960.01449,10154158999.4995
1590537600,22310444935.464718,23611968882.30296,21949242196.013134,23161185528.45116,10552915419.012
1590624000,23163979891.620842,24605659731.190212,22397000807.064583,24477511555.17303,12151737527.5341
1590710400,24491004483.690304,25151275261.075687,23848177249.34541,24507009210.04149,12318919172.4066
1590796800,24528437723.906902,27766997453.67747,24187824231.511818,27105479756.035683,15003862939.197
1590883200,27106661009.989372,27413338294.16574,25465908945.13217,25737737144.51053,13030797011.9638
1590969600,25732362307.195263,29305567535.591663,25243306155.84177,27607536014.83596,13955047490.1836
1591056000,27612079155.850163,28722778227.03774,24322869831.881763,26454382992.338474,13918876835.6109
1591142400,26446485852.04839,27366399508.676727,25850000559.78688,27208088684.04202,10034538496.2522
1591228800,27208700215.34188,28030191658.424816,25671570339.192577,27054325336.123466,10191393050.466
1591315200,27054029086.633026,27578110746.09754,26372832456.60411,26697064770.622173,9250067248.94966
1591401600,26689729356.172443,27315518676.657475,26370976980.074615,26922623083.46897,8114719286.09862
1591488000,26930613788.593624,27536167753.92526,25727236597.671078,27216470211.70083,9512045240.86324
1591574400,27247089380.494637,27597261378.512665,26749467342.639465,27423929238.64622,8031668950.50166
1591660800,27437509322.401592,28086338195.57953,26460291734.579037,27143473867.690647,8478683946.54655
1591747200,27161927814.315994,28025361025.15149,26458211740.280846,27604010948.415802,8794062939.04909
1591833600,27607373321.516727,27987665916.942776,24833980728.635918,25612186005.844875,12322420637.818
1591920000,25625168744.718372,26805348400.157963,25361344484.451794,26439996404.188816,8997207740.38434
1592006400,26451198687.323235,26738933914.649837,25997708348.833782,26514458413.386204,7143621418.0009
1592092800,26531977797.232597,26627770764.491272,25509883816.948917,25774325052.910908,7421086934.70978
1592179200,25777473071.795815,26299156673.54866,24036407751.89358,25735979143.7704,10563177961.8041
1592265600,25738757794.67478,26450225762.068195,25376345972.734592,26220516669.02395,7970343921.23724
1592352000,26223529529.6452,26481116135.369118,25262560649.194057,26033821742.141525,7545567555.85631
1592438400,26035062133.321766,26221105437.572113,25187608803.554752,25732086506.16386,6720035972.56338
1592524800,25739564114.607697,25972965122.949627,25060329947.826126,25500357522.421364,6928095772.80027
1592611200,25456625666.93588,25898782374.114147,24851073746.239517,25496673478.4706,6271463333.52026
1592697600,25503164214.534084,25879690667.645996,25243107276.281456,25382039835.729435,5593744493.17157
1592784000,25398422537.644016,28003380490.531094,25306724665.249756,27092242796.15034,9067401049.2959
1592870400,27109936229.78298,27468350723.66418,26700730415.944588,27099496281.398876,6622585768.97435
1592956800,27090007119.926083,27825719721.16613,25667486814.623882,26123299252.999744,8780757293.5404
1593043200,26127178391.065563,26406850278.306168,25144385323.4878,25895518460.052944,7034071277.06036
1593129600,25895497834.146538,26128560262.072388,25178635559.223106,25598497759.371872,7181158153.61957
1593216000,25598154829.214443,25786924064.228237,23792429830.203545,24633538068.54884,6910924561.21037
1593302400,24631912255.43791,25449146247.543495,24312506635.742107,25090474439.68886,6213913178.77812
1593388800,25093654915.064407,25666289449.279633,24553358034.564648,25425915169.898514,6715408675.06971
1593475200,25423122667.33568,25546323824.05329,24802500374.3372,25153040574.878277,6100680806.40843
1593561600,25166914061.00338,26032315831.764664,24930709852.821903,25777835789.63451,6458308886.95823
1593648000,25775268683.089848,25926719107.907333,24684685255.22288,25292382191.650333,6225338383.08368
1593734400,25292028086.41162,25482271518.156998,24981590252.773716,25115358921.459213,5092937657.90491
1593820800,25090869531.0403,25770117684.891823,25048698364.460644,25588638891.9129,5217813244.31027
1593907200,25609096799.370247,25673729389.567123,24708158743.267204,25420999264.218246,5254975343.05505
1593993600,25422066893.984756,27086945780.557606,25323759569.123425,26993186128.981365,8729856254.25807
1594080000,26994768431.76916,27281123080.179066,26145118790.060455,26730421972.072903,6473698047.51304
1594166400,26730746904.188927,27914860820.495323,26539777839.227287,27585512394.679314,9871504254.84344
1594252800,27600212318.686047,27759217371.067467,26502199605.40127,27030587694.0233,8436450148.36889
1594339200,27034914375.17156,27298547648.18919,26122544535.90672,26934584668.072357,7275604662.29134
1594425600,26956466634.004467,27056194472.512543,26480578899.7412,26733382741.695934,5611517538.90169
1594512000,26725440578.797123,27307242378.947624,26267191129.263165,27141035463.58092,6477784774.65869
1594598400,27138686321.931683,27503411976.184013,26469051413.580055,26741376691.00957,7829126675.58549
1594684800,26750876755.04869,27097084683.1547,26242956592.762276,26860219211.73347,7372475535.8777
1594771200,26877265424.811874,27000478469.124023,26391104290.123188,26646861916.200817,6185039927.70215
1594857600,26650727416.562737,26747145885.799442,25539070376.13126,26109527272.02317,6213233638.14359
1594944000,26118193266.83538,26345926609.562984,25755348836.27759,26021571572.70223,5858603435.12797
1595030400,26004674621.725994,26545451365.35883,25908357783.701733,26370558498.887398,5399782998.64785
1595116800,26371864786.27764,26880561652.646175,26004375961.155273,26749158461.529575,6246032754.50976
1595203200,26755770298.627995,26877095010.481155,26133400341.358376,26402501779.339558,5599318612.92264
1595289600,26400739813.323982,27754783751.562733,26339466174.821598,27473795260.117214,6785121521.9528
1595376000,27486758808.08452,30359565906.933807,26994079119.552197,29569297124.75197,7671488782.48981
1595462400,29569060386.29602,31670005490.7839,29024580089.478123,30842424661.86916,10289112945.4009
1595548800,30848346741.064106,32214447059.8549,29949123886.24423,31262850113.49407,9450942391.29609
1595635200,31275562445.45365,34668119373.65175,31214957761.029137,34200165402.86487,10764945057.9264
1595721600,34216045438.248325,37252209467.42015,32544265044.959797,34853751573.109985,12014353378.7879
1595808000,34849406068.347206,41676816223.56804,31839801692.603584,36094058267.96896,15627224015.0911
1595894400,36094711631.003525,36956636592.43758,33735132733.83621,35567195344.17083,15667455707.9692
1595980800,35542041854.02386,37375156477.1361,34668811278.17808,35593772248.44178,15667455707.9692
1596067200,35574039165.69259,38415661412.11996,34684922720.387596,37529775569.961784,15667455707.9692
1596153600,37522965096.80953,39753329554.04157,36770263382.987404,38845377202.57196,15667455707.9692
1596240000,38849618584.14195,44085209866.63141,38098358929.84495,43381825617.17599,15667455707.9692
1596326400,43347758878.661514,47092583433.84875,35853979574.06745,41688651988.76447,15667455707.9692
1596412800,41694728538.09307,45167890437.06335,40970489606.149956,43259793006.96438,15667455707.9692
1596499200,43253504149.45916,45147858132.39725,42309640508.01006,43614200853.901375,15667455707.9692
1596585600,43615825485.45128,46116188393.02654,41992657191.52612,44895492461.16423,15667455707.9692
1596672000,44911973513.72282,45706620070.60499,43245269260.34383,44218315423.91644,15667455707.9692
1596758400,44216356592.2726,44897624468.81334,39935232165.611336,42476165184.787094,15667455707.9692
1596844800,42479460507.85965,44658760733.234406,42057380934.337006,44501000653.16934,15667455707.9692
1596931200,44471057809.04151,44836348393.54309,42744652077.074814,43674193088.58569,15667455707.9692
1597017600,43680062155.355965,45411031751.38684,42187326182.880035,44279297833.83889,15667455707.9692
1597104000,44283950928.74606,45117664397.53371,40931566195.663445,42427957056.304955,15667455707.9692
1597190400,42405090744.69275,43690189506.23312,40909014181.68781,43333958528.15869,15667455707.9692
1597276800,43351977600.7577,48356037242.064354,42181523904.637375,47573981551.70959,15667455707.9692
1597363200,47589966814.80204,50059410962.70788,46663758435.07599,49122975670.56542,15667455707.9692
1597449600,49090448786.74422,50137136257.79868,46742266076.960236,48387534740.11991,15667455707.9692
1597536000,48421627761.519585,49116921553.47785,46115626469.86618,48554567821.70023,15667455707.9692
1597622400,48566019735.96418,50915018388.29263,45970646620.71053,48279039281.04655,15667455707.9692
1597708800,48290384386.948494,49510110958.31929,45997308892.86722,47277861207.79204,15667455707.9692
1597795200,47244499181.93547,47774786857.97158,43845946921.115105,45625542390.148674,15667455707.9692
1597881600,45642192623.669205,46963663965.56994,45018811699.20132,46575555700.62939,15667455707.9692
1597968000,46570936650.3419,46906260109.26991,43057874621.633484,43430049086.669266,15667455707.9692
1598054400,43413957797.65674,44532090922.09718,42398634087.532234,44254238557.98487,15667455707.9692
1598140800,44295257281.944176,44572987080.27646,42919768963.71673,43719722004.89794,15667455707.9692
1598227200,43755004623.4869,46103337320.33876,43373114588.07353,45690748275.026344,15667455707.9692
1598313600,45646463001.48528,45824786881.452255,40839517358.345184,42908263449.38144,15667455707.9692
1598400000,42906824195.00583,44179399363.23505,42189425039.16934,43216717164.78818,15667455707.9692
1598486400,43192639424.84913,44496884258.58383,41435183618.41122,42904895962.55066,15667455707.9692
1598572800,43079206235.39023,44828151047.721115,42658568613.21197,44443191145.06763,9125817047.19136
1598659200,44456897077.63064,45873689932.14393,43876061934.047005,44823935694.08172,8743671030.45339
1598745600,44829396120.794136,48351995312.41695,44757635496.89999,48203180650.680016,11182687808.8119
1598832000,48220861419.90901,49645674452.315,46914489491.761215,48784776565.98266,12777883660.6166
1598918400,48807877574.33142,55041299202.77258,48003949878.68797,53455760486.28653,18732646139.0749
1599004800,53442343247.44815,54372840135.51818,46985502642.08418,49471876887.25002,19880176586.952
1599091200,49458207169.281204,50908405655.63258,40977071759.95183,42977806936.125656,19407717251.0032
1599177600,42981948876.85498,45674585970.53652,40497962289.49085,43373518942.913895,16874922463.8698
1599264000,43396030571.32355,44424118073.64898,34589078960.037186,37695117231.30782,29707894669.9815
1599350400,37693385070.873955,40770867724.24961,35590377414.361755,39703157606.65152,27728143867.0969
1599436800,39703485023.930916,40751464492.274376,36378028422.02579,39796328112.65432,21791517697.1472
1599523200,39803697771.11874,40223458319.871925,36438857659.70436,37948361209.39663,17970608444.2935
1599609600,37966309483.270515,40476833524.81561,37208367813.77123,39535545239.90382,14566865373.1981
1599696000,39496513507.09471,42613025155.68859,39442552106.850105,41432441934.48264,31288482535.7262
1599782400,41433798591.82225,42297038889.11246,40026563086.528244,42080655304.66581,27009938801.7599
1599868800,42115785787.186005,43863778511.578415,40931056313.95198,43669638257.18853,13203428160.8657
1599955200,43683052813.997795,44269934477.4835,39775328299.74719,41261441693.772156,15085151588.9453
1600041600,41282503577.25662,43517708091.94008,40039624413.82964,42476399234.11468,17510274787.1513
1600128000,42465412325.25458,43684619467.02371,40152389941.85987,40992757135.62682,16102819710.579
1600214400,41002100813.5114,42310927570.91595,39788156739.72017,41114714655.91641,16121419095.4387
1600300800,41108373366.16519,44903818289.48096,40214933580.93122,43864640730.97764,19895219406.9679
1600387200,43896231329.40707,44585619974.491394,42272555249.42025,43301929624.5667,14085869477.2374
1600473600,43322932074.08075,44307307618.48116,42333725224.826195,43387677699.10784,11028165833.3343
1600560000,43374203747.062675,43533249584.87292,40954929211.5153,41814662123.22281,12246490074.7819
1600646400,41818366375.58269,42550954193.642586,37146157381.87523,38320533008.457855,17411382992.3538
1600732800,38359894110.84811,39410347673.174644,37694182310.62812,38811188553.76717,12758721564.3988
1600819200,38784239294.61047,38903770346.928535,35313272381.09515,36119866686.382256,12039056392.5934
1600905600,36140983807.395035,40053405260.51887,35685755813.530945,39374144399.663826,13469648087.2317
1600992000,39353631665.80485,40398546435.749214,37918889212.447914,39691219586.58002,12234189349.6011
1601078400,39715963757.001366,40448561032.32611,38960951112.26587,39913179994.29033,11044399479.0726
1601164800,39928955149.51565,40911540485.47266,39134142256.25378,40343194591.9411,11460556156.123
1601251200,40339360346.00903,41626443462.65795,39237870225.53228,39904209695.02759,12038224155.5573
1601337600,39875162936.40737,40871845312.19316,39410531263.29314,40571189610.786194,10309048045.9252
1601424000,40593053520.8993,41056820174.13546,39617790011.37993,40596392417.417496,9752457680.43703
1601510400,40613454984.44065,41833591453.50651,38847419402.340454,39829605804.229836,12348771651.8519
1601596800,39794774550.36473,40106049907.478386,37715538973.15226,39026614993.890686,15134819308.842098
1601683200,39009178205.31175,39707461806.46976,38656101606.41253,39085902778.359886,10103337508.148792
1601769600,39051673581.968575,40023409285.773315,38750838023.482605,39776585275.92897,10659387996.701626
1601856000,39768322264.10859,40434191370.523605,39224814665.43371,39925781033.03197,11763326677.407837
1601942400,39939267943.36892,40163223164.02356,37987182844.14455,38495055532.15648,13530458983.181545
1602028800,38480195290.928734,38852267496.594696,37593679102.74939,38578193879.94938,12471917022.209469
1602115200,38582557706.86774,40112410623.9679,37673133095.78303,39625889389.13935,12801221527.457079
1602201600,39634703392.196724,41746844471.81052,39193926961.32896,41233833641.17508,13920068810.627043
1602288000,41266549761.082726,43220280730.14958,40886170194.43072,41878826834.63667,12846371597.05037
1602374400,41877895583.60212,42822827104.495346,41611785553.391594,42282019875.648796,12567376593.11301
1602460800,42290991617.83566,44801166814.73428,41035037023.12148,43688817261.37719,16981793670.678686
1602547200,43683012087.78326,43928570572.0325,42318801510.11999,43085322131.29151,14284404636.578712
1602633600,43139442904.14779,43915839679.55334,42096176035.648926,42837995331.52879,13852469400.410149
1602720000,42842957202.45598,43815050791.83804,41684599251.58786,42700188700.35861,14965953402.457336
1602806400,42688309360.23066,42972500516.62292,40799108527.76245,41315964059.032875,14650284302.441486
1602892800,41361309346.96592,41916806411.92341,41029541155.70143,41662431469.78481,10912042216.792362
1602979200,41654736766.30796,42973992033.43435,41547814655.33109,42822600539.50657,11020470296.892696
1603065600,42812213408.76106,44072467976.73966,41469165118.78592,42934748729.55264,12795648858.339516
1603152000,42921889132.54248,44176453534.05032,40753187880.43366,41714440401.85021,14561350086.029985
1603238400,41717278687.97121,46645105978.96677,40732467387.937485,44228048540.62281,20206661624.416393
1603324800,44229358268.48128,48055070662.72444,43681172709.77645,46867944810.483284,15728768182.557642
1603411200,46879503325.7585,47556777984.61456,45294734015.30265,46355702329.05633,13352646911.81438
1603497600,46360119206.56915,47623766144.540665,45585324792.18567,46664275207.16812,12160950021.057762
1603584000,46647422917.24977,48176441405.36997,45426675966.17834,45960708876.54749,10883974656.574333
1603670400,45967415440.72142,46991582417.01392,43091363351.29479,44490192400.01979,15125367683.11209
1603756800,44490025121.37889,47296574246.849236,43419383299.94913,45699156824.49054,13943238047.855879
1603843200,45685935095.58064,46734228747.81731,41997033603.62727,43965097719.91024,15246814732.054962
1603929600,43980018847.976395,45664655577.72914,42076677597.67115,43887758789.912315,13008447258.627645
1604016000,43852838160.3506,44900824548.1423,41732098715.07201,43322980119.84261,13716930027.999958
1604102400,43353009998.50055,45439344457.79606,42325530878.78507,43837550502.05261,10620274943.608513
1604188800,43790004355.135605,45679514029.66022,43219256952.11107,44921170318.52278,10350176239.303339
1604275200,44935866957.70828,46018715555.03127,42110476932.63463,43420431255.38797,14064427357.889326
1604361600,43480135818.28205,45305978262.24852,41622245292.127556,43996415631.501335,12537191614.992311
1604448000,44003272569.91553,46549379733.05807,42169280812.509254,45658050661.61313,15048380916.25376
1604534400,45688978387.46266,51185797705.4568,42427858303.88277,47260746888.392166,15333651989.736063
1604620800,47283446999.94064,53142506081.00225,45926614021.71449,51720874185.60588,16665569951.82449
1604707200,51747781233.11716,53547014876.57877,47041949714.974976,49397963661.40852,16890398361.44305
1604793600,49364989490.33886,52634812982.81071,48587660524.637566,51543926291.179054,11315480781.406527
1604880000,51528187476.542656,53019370270.651985,48637789365.110306,50384125445.08739,13645617548.114357
1604966400,50441687156.43718,51914097833.66566,49334106462.42947,51114421541.49734,11190978263.939266
1605052800,51126575190.17639,54757918549.445694,50935192062.09108,52589769701.06487,14030083837.558641
1605139200,52565650585.85068,54916978389.86061,49641894648.62215,52454819249.8264,12847456769.771168
1605225600,52471437126.33111,54758730456.5037,51075126940.55685,54077313724.33144,13480862781.473654
1605312000,54097950840.513535,54301951503.836685,51096216977.29353,52328814982.9452,11168430093.413267
1605398400,52358023785.586845,52933874635.45552,49869573437.09654,50901669536.115425,10322061012.594484
1605484800,50900404938.12864,54050317900.76085,49402065006.82489,52285374616.69654,10634527273.51372
1605571200,52296057915.05742,56746492583.79067,50524054730.84531,54773172439.88405,14585436999.5883
1605657600,54783187249.0878,57789999339.538956,50844180959.38806,54322833068.17185,17827904349.33764
1605744000,54344742543.43017,55866996170.37315,51782514471.19376,53557913097.46479,11633096268.663963
1605830400,53554945792.02003,59646540473.59145,53227964574.43213,58002632634.70655,18572871754.412933
1605916800,57999521244.05732,63742112465.292244,56385644647.78695,62785128918.74154,20404725764.71095
1606003200,62797412957.674385,66406337594.926216,57805100205.724464,63641766596.45981,24609572305.852425
1606089600,63648690262.70818,70689389446.7011,62041031287.34366,69158513952.39177,27284711341.134483
1606176000,69180316318.82799,74481891254.30186,63180978609.348526,68702040023.644066,23304658400.36333
1606262400,68763555878.4564,70191543113.22827,62810245847.0273,64701630429.022316,19990354739.750477
1606348800,64699939555.279785,65966488352.359474,53495990208.03656,59096585360.53755,26738431105.30743
1606435200,59124074170.365974,60897989893.7113,55918822033.11681,58963105789.1561,16826454529.286077
1606521600,58992728863.943695,62595278667.60412,57518958512.90729,61138610588.5102,14685961853.283321
1606608000,61094076665.11939,66097177498.0089,60277367595.83729,65488338485.9872,15022345491.750513
1606694400,65523558804.11572,72882072557.47488,63364600451.85135,70097643736.98346,22394699068.6253
1606780800,70117901233.47668,72948055293.61925,61973700884.40942,66542729310.198524,27287617495.345806
1606867200,66556854528.06685,69540816806.16895,64551646093.78898,67949904840.71439,15569749756.830563
1606953600,67935217397.523384,70991778771.65633,66459809824.88642,70108598576.33928,14909745841.25607
1607040000,70084241268.7237,70625647999.97717,64208156273.46014,64578875536.53137,14740369136.33688
1607126400,64502499458.0327,68030787390.44354,63743618578.33037,67916509078.11804,12567854025.689102
1607212800,67926833245.37716,69462271133.88905,66328915822.89819,68493878641.43341,12078891049.92579
1607299200,68513655901.920616,68711137265.86186,65993169021.29865,67272826164.33229,11364730158.95634
1607385600,67314579542.53722,67777108670.897804,61858582242.733795,63104414766.71292,13060717670.155462
1607472000,63092254363.750946,66566143258.27422,59965576173.59031,65250667467.81562,14425673462.806444
1607558400,65230757532.38914,65541704983.185616,62093009901.1863,63585126665.68202,10693219163.478619
1607644800,63596809342.385056,63917726271.26963,60149078896.30246,61956692521.2958,9990693732.254242
1607731200,61944094122.344284,65825914270.04895,61288691859.21334,64683773127.192314,8556697814.43665
1607817600,64656872563.45786,68322474070.13062,63609875675.39361,67216160449.22056,10051315563.83961
1607904000,67187203190.20263,68005912959.24079,65274573484.54418,66745937482.12238,8798957338.720165
1607990400,66753849613.36058,68104541457.902916,65337120608.97309,67053193702.94866,9313296620.004217
1608076800,67062290097.94333,74623873714.33566,64771518788.960686,72650795653.63998,15628943396.46741
1608163200,72641336696.33145,82175511721.969,66427589246.81021,73223537975.21042,25449276088.847347
1608249600,73303306922.0141,76359981366.04109,71163433164.40508,74547487362.98029,15676509576.765244
1608336000,74577985100.23149,78978459851.60722,70963179657.38199,75011859768.11356,14061632310.441174
1608422400,75021651400.58191,77382668571.73003,70582133655.89368,72705595169.86258,12121248507.892664
1608508800,72719603579.288,75056045426.95995,65768380726.91923,69285754335.87587,14455240341.600218
1608595200,69349011727.26959,73458219783.43823,66844432832.33849,72591327568.11798,14704354681.285627
1608681600,72551224420.00859,73510029792.60469,62153740802.22862,66760222037.78934,16974670382.42947
1608768000,66689988344.85924,70405501337.5322,64108718258.81979,69781189119.29672,14378043563.13769
1608854400,69851041441.92845,73783807120.25131,67331070102.68979,71421264296.34145,13509658276.962244
1608940800,71458233560.5404,77951124302.97548,66677128492.585686,72575423332.1039,13411604038.612795
1609027200,72602192968.86108,85737292074.65907,66852121662.56972,78010945557.31189,26158758242.388123
1609113600,77976427471.47046,86667304808.88898,76602310852.22716,83138242525.81242,24296729253.881416
1609200000,83169475918.4202,85523792504.66237,77474166543.71535,83435698112.08377,18666069983.27841
1609286400,83448782529.03647,89340002732.56473,80326595546.63556,85793677316.69156,17282169118.5028
1609372800,85835862212.27965,87244877254.25108,80861155812.8992,84190465364.8127,15257619139.862175
1609459200,84240173229.1865,86569422436.69307,81252416335.96774,83351398000.74129,13645693722.500252
1609545600,83387769277.99382,94903901881.1172,78019773847.1204,88442818785.1624,19695975920.67078
1609632000,88453220757.9466,121110701645.91359,84224708585.55734,111938931523.06621,45419813709.51481
1609718400,111850322000.10657,134481618581.59036,91558948228.42413,118890997306.98393,57276107077.369255
1609804800,119088408760.21997,136061877377.05489,106238175331.47357,125844740191.73697,41439124397.12932
1609891200,126027367187.918,145991245630.30063,119232526119.36633,138271989134.0369,44154438229.76655
1609977600,138385842818.9375,152279433664.77563,128149534695.64392,140040945282.43314,40289957298.54673
1610064000,140057973902.4942,149405167770.2784,121255796125.88696,139175493485.27335,44213823697.45745
1610150400,139254919769.10104,152278832219.60342,130506557419.38957,146250189112.84338,33225758654.52517
1610236800,146267527828.31696,160339916333.13092,123720800699.46745,143328793197.41656,40779192774.8232
1610323200,143308201733.92337,144474663842.05334,102683994937.07,124319121696.47495,60334452949.75514
1610409600,124280913887.66551,134569893086.80164,112322181808.6895,119939385040.12093,37555421122.316025
1610496000,119957600518.24345,135468586655.30942,110893475404.01746,129146106229.32204,30022499155.213097
1610582400,129169762307.03252,144466043028.48047,123502846341.10532,140624773058.33347,33136751460.795067
1610668800,140708397711.29288,147760013984.5265,122231372979.65686,133612448231.44565,35965751400.786194
1610755200,133679198222.36223,151028191028.3732,127848163921.59825,140348467891.4224,32233302843.726208
1610841600,140401204523.61017,146848872732.45068,130541302183.63605,140831107220.63647,29310538094.767357
1610928000,140875747391.36594,148299879213.70065,132324250818.58133,143804510092.40747,25760538698.316124
1611014400,144038697023.2097,168332809021.50604,140482557752.24362,156357888178.4284,47153934059.8543
1611100800,156248215931.97507,162459425401.5185,138514957340.9179,157548254515.96927,46134050895.373276
1611187200,157656252659.3753,159058250156.79706,123736305404.88383,126991048250.25275,46434442539.94937
1611273600,127075203331.08427,148910832206.05905,116923452623.87758,141118856806.26083,43873712812.48256
1611360000,141130488183.29764,149899315686.13205,133671079358.58359,141244085077.85812,27289667075.58036
1611446400,141173030735.95648,164067519318.4135,136169667591.28902,159421725689.9182,35918067040.03245
1611532800,159430786534.30103,179607280899.53754,147756965937.2704,150782424399.58884,43724698144.079384
1611619200,150810234230.25363,159487131960.06348,141438581209.23288,156441300044.64935,41623994621.659065
1611705600,156541999292.54437,158952200445.7273,134677735667.23013,142186689018.38776,39131664425.962906
1611792000,142188356265.05045,164352853132.6896,136066077694.12463,152682550551.33423,34452093791.2082
1611878400,152698497914.13138,180799107079.7747,132665501029.09772,157904941845.19724,53756748484.88232
1611964800,158001499801.68436,162258574879.6138,147457284788.33063,158022073411.16614,30656357372.276783
1612051200,157935846886.0226,159614975017.9853,145818695074.3649,150482958235.6454,25193476893.862343
1612137600,150367353163.0723,163672691510.8627,142442965804.7854,157399806342.9259,28926055812.344547
1612224000,157262750960.57062,178661248035.41833,155067950287.1319,173375607911.8191,45607806195.10148
1612310400,173272895808.745,192151585823.84427,169095619208.9524,190974657881.66498,41627975732.633255
1612396800,191017310315.22568,198536643028.68906,177448350683.48834,183033157925.02805,44369841393.22195
1612483200,183020482318.91608,202921375588.2188,180790222996.98587,197040062423.95877,40112229860.54475
1612569600,197080854970.57144,212612037495.92413,177871827110.90738,192434252154.1193,39747777614.45737
1612656000,192421468291.43152,196528152825.3724,171150971783.44153,184936134060.6462,39909131702.93048
1612742400,185023759522.5706,226343910023.9267,162343535353.63074,200688801140.2591,47532672705.92178
1612828800,200838114564.04965,214821451410.37857,188682459092.34927,203132182754.30887,44281634135.95355
1612915200,203117546062.91138,216066685327.84534,188721344506.6476,199734847103.35522,41998860226.758316
1613001600,199799481138.69675,218722778400.5374,186219421246.54367,204800791846.434,35934915007.296425
1613088000,205062811837.6003,221127468720.8271,194517768678.74536,211372386242.7971,37804118249.32564
1613174400,211556195373.19583,217229063085.85168,201215253396.90234,208473487124.46597,35285248094.59907
1613260800,208620783494.24258,221378171394.83835,198788021164.82428,206765633504.50046,31376094891.081467
1613347200,206611405408.8529,213747466344.6318,189895077235.08112,204165015582.04315,38799260071.95908
1613433600,204248908295.72363,217073371850.5863,192607709442.18338,204433596370.593,34405180432.41219
1613520000,204361971546.80838,218974639543.1597,195632409086.54968,212416823642.6397,35772426334.67728
1613606400,212378843900.2911,227085327103.06744,206347278148.06564,222529701683.6395,28109872409.873024
1613692800,222556759372.0915,244410451483.9094,202013933149.3826,224697773364.6505,26259301510.47604
1613779200,224772361621.9699,242267319546.964,207366864241.07895,219853164938.8784,34255025474.95955
1613865600,219827894329.26984,231460526801.81238,212144407354.35678,222191767024.91132,23754951764.38371
1613952000,222203410841.1738,226226545544.00244,174099856822.4832,204320778150.24243,42195275666.076294
1614038400,204351238060.17242,206291771723.01257,154853323122.64337,181079161611.8849,51790978925.23568
1614124800,181246200550.34854,198218132743.0295,172147867403.44562,186627649950.75674,31323330540.009014
1614211200,186538157003.50797,196759767655.4926,166609542603.01004,170178607881.4717,24077083819.718166
1614297600,170137582319.3316,181194429960.28583,157820063230.5315,165923449740.7979,31860993277.63752
1614384000,166008258555.60965,179522039626.13016,160402225916.83804,167502004746.0082,20503527795.280098
1614470400,167633086427.30603,170066191872.24902,147913451312.66882,163377133983.3843,27741284011.03876
1614556800,163476031761.9363,183931704185.86435,159884134834.49744,180437425796.88196,24000096441.678104
1614643200,180504389828.78476,185890809327.0646,165813435246.7833,171094175874.86343,22426463096.071228
1614729600,170860103242.66348,192938992574.5472,169710044459.77124,180233081249.18222,22658137149.59314
1614816000,180241403916.98126,192187272050.555,169519907901.09985,176820083136.7642,22956431003.99276
1614902400,176830653053.44714,181727179409.18304,163719142083.5724,175576362323.42984,20994819647.420826
1614988800,175736084799.49518,195105124056.7026,169519347051.4799,189785321819.46835,22753673361.061264
1615075200,189912487253.73328,203213849816.9543,182228459600.86163,198457620717.02344,23720521444.844444
1615161600,198417684167.37833,212661539756.5836,190438223760.21353,210949686994.73245,27536128856.921974
1615248000,210992576487.6859,222420080190.90475,199435311514.56815,215266853250.67133,23523463851.249573
1615334400,215323300684.87973,225259069560.0606,193256033062.86847,206431254343.93878,25147397221.87678
1615420800,206698565004.38242,216984117707.12408,195909151363.97217,209957154592.20062,23990390517.993416
1615507200,210310537450.10135,213400115270.67557,192606051978.88663,203292333164.244,22381133376.13366
1615593600,203417379311.60977,226408699071.0958,197549487487.55664,221024805167.88205,24907253824.54741
1615680000,221093867926.8813,223232336166.36572,209362664756.5294,212742117609.46707,19376728262.87325
1615766400,212545867073.8271,224984986382.0739,192828518352.3937,206513562879.9965,26398092850.260414
1615852800,206434158500.80417,214464325985.56625,192943384876.73975,207765052398.7878,23745337026.580833
1615939200,207869163366.8733,220206115950.16418,192558596997.55948,209875340519.56393,24426349298.380493
1616025600,210021595261.60355,217077096453.26465,199520819316.70224,204423572507.82623,23250819476.82096
1616112000,204473933527.7587,213599585278.6484,198764139459.8402,208404528699.61972,21288954490.158646
1616198400,208278236866.11453,217403713259.90112,205964671692.80426,208024891052.16226,22403322652.324116
1616284800,207828095085.13818,213652186280.76135,196869415258.32626,205420967780.93314,23345067596.412926
1616371200,205547949106.07153,211735402134.94235,189106309445.78366,193553689102.59244,23625377445.098473
1616457600,193743879777.2292,202037658474.6399,185972815046.05377,192193902920.7494,17258589563.895855
1616544000,192211051531.3049,204637690305.4703,174523184747.1486,182196568172.96573,30635210594.879517
1616630400,182204227337.174,192281655299.311,173627092020.12057,182823454398.9964,30216629692.40026
1616716800,182731618135.41504,198374007021.6107,178847339011.7433,195949817576.0112,22462439199.963326
1616803200,195959554909.87177,202982074254.61526,188752521048.69748,197408578429.53455,18161251817.689777
1616889600,197336272859.713,200169130693.56628,190355849933.15073,194444277535.81497,16770560876.523748
1616976000,194484092838.6843,214165544234.5206,191069469391.54916,209317146086.37604,22751404466.52696
1617062400,209420963549.05264,217211450650.24637,203875748352.71802,212177930434.3265,22384064933.85568
1617148800,212242160204.5215,227854702438.1488,202116232076.0903,221389847790.77176,30217718453.96403
1617235200,221470516301.8425,231151760450.2649,216568061831.6754,226913286752.42102,30917022430.588066
1617321600,226999786546.34433,251573360098.2349,223376724628.62228,246223034609.29852,34740072493.54499
1617408000,246101547996.45197,250098563322.18997,227028389036.34995,231702827965.1486,31974587317.56997
1617494400,231696276974.55295,242638041903.2912,227412633393.6918,239479663944.90704,26161632231.615532
1617580800,239507182777.90723,246882439354.895,230690131354.28604,243045142864.9796,28859276373.77024
1617667200,243143573419.16864,251149604618.69287,235034027897.4518,243731119314.0234,29285647308.73794
1617753600,243813513118.0431,247679987329.0355,222015493936.9761,226472263287.885,36095761980.03843
1617840000,226326263507.0225,241068597772.5841,224680493246.41714,240101673999.88776,25462661260.23717
1617926400,240057398874.91525,244510874648.66867,234774463920.4513,238372464884.55777,19826666144.510185
1618012800,238480254782.7589,258391945080.8238,236943378004.56137,246207071170.0129,24924844990.91296
1618099200,246289554353.68445,252816530470.07166,241858279306.2949,248232546979.67383,19663614213.59911
1618185600,248232760169.9974,255125900542.40363,240940382027.9418,246683790812.5713,21777405519.71976
1618272000,246643357527.54395,269493351055.94128,240763975033.4424,265495283207.98856,29313594872.61157
1618358400,265691008406.31955,291497382584.14764,255513982849.65616,280994561911.90607,35559701822.11894
1618444800,280885143501.7861,296277092402.9452,274474874390.03894,290628333007.3831,32377148340.337307
1618531200,290699055171.2668,294426010771.3285,263866121415.49002,280218169826.5217,36143955523.80395
1618617600,280271876336.2068,290467273183.6592,265799515536.13593,267799508663.54852,32429667477.3731
1618704000,267904822869.14297,278496051062.32025,220606056476.04596,258875753977.07852,50846375875.52335
1618790400,258814530105.4764,266352090541.9472,240062201295.6021,249954831873.5956,34181847198.20832
1618876800,250010310341.95496,273512322372.22177,234557842093.28983,269642942798.8373,39389167258.91265
1618963200,269638772958.51047,289252116759.3308,254083848792.5252,272447259415.63763,38977027343.91896
1619049600,272578878945.7031,309106817987.8846,253541208368.84683,277113611057.9322,53655915471.54467
1619136000,277199837636.2693,283377625178.6341,239118992146.8773,274011653277.49265,55291525594.17047
1619222400,274019930584.54752,274315167118.36316,248356465442.0506,256223749875.23547,31852826573.373604
1619308800,256323029257.62305,272896167167.80673,250431077408.709,268485585669.44623,31673165066.707928
1619395200,268558210942.33377,294146003334.3469,266680913296.83435,293098370647.6684,35210020220.03489
1619481600,293123898200.6166,310198776393.185,287320769886.8755,308616157601.3646,32132594872.74745
1619568000,308671648250.7912,319466174958.11786,295992156376.7159,318127413074.07947,34237973188.51321
1619654400,318279897707.6833,323910872123.0921,309063341339.89905,319098575222.57764,32585809813.749485
1619740800,319178721649.9192,323974798428.8917,315425848690.6266,321247487084.3997,29851222117.41217
1619827200,321225182916.0802,341950853179.6233,319051754219.9997,341106241548.993,28698444897.373962
1619913600,341281742139.4607,345522357541.439,330457599531.1092,341593301099.003,28098560583.883205
1620000000,341686406441.0622,400116750171.8195,341676569634.1517,397181620580.4245,48970388475.02652
1620086400,397354365926.8831,408747592510.3784,366517278011.1283,375094822362.6492,62342467146.13978
1620172800,375182054392.5485,411153551716.1876,371306313150.1369,408441719327.4293,48476530220.72859
1620259200,408549328623.8843,417940987773.5297,391452457100.0937,404249135352.8386,44348355318.85089
1620345600,404474014217.5312,416042396586.4211,388542634570.3391,403369010993.0829,44112672961.87008
1620432000,403490856555.5483,458753173392.2693,399926946208.2837,453363605543.7424,44112672961.87008
1620518400,453416569291.7974,461244495486.5728,430055215108.7133,454753108026.8687,44112672961.87008
1620604800,454837329068.8578,491215899078.5553,414014724352.1402,457362802650.9782,44112672961.87008
1620691200,457519683999.3159,484631757785.6744,436734523344.1789,484103260144.4954,52282185436.5528
1620777600,484178593314.3699,507683974728.7328,430877543777.5952,443774383738.4323,70236481299.91496
1620864000,442893694978.2693,469469008265.1155,408450179549.4266,430947432979.2132,78887025697.32983
1620950400,430963683080.1964,484308502396.2321,428048830263.3513,472849266371.988,48240849705.26339
1621036800,472883025700.8477,479434822209.3417,420666244736.5826,422739502710.1735,42376933119.2671
1621123200,422756714139.1606,458902699187.8881,386938733636.2716,415488747687.513,47690465069.44523
1621209600,415512663531.0448,416028200511.4322,360892983900.116,380564530444.6125,54242772985.18982
1621296000,380709446526.3879,413689689005.7831,375888802440.0584,391696387948.1799,40352826551.48093
1621382400,391652513633.9775,399286785304.4039,217702250984.14575,283452988214.6178,84769249332.84868
1621468800,284170005199.6988,347841505370.6291,250029761874.83252,321737926751.2054,67462903759.30373
1621555200,321784951373.9331,341745133700.3707,243882371254.07935,282358039213.8621,53162129896.92395
1621641600,282365879518.9748,288623769025.3678,250099560995.11707,266415829200.76233,42248443042.98673
1621728000,266366779304.7146,276357019740.0269,200635637119.80704,243449834728.77872,55919298581.78729
1621814400,243662819121.99197,310777179267.946,241468771662.50854,307471171734.4824,53699120164.44934
1621900800,307584535834.9235,321046194205.906,276420260096.1447,314104201751.8503,49563818966.33168
1621987200,314440775934.0408,338073200702.284,307101713585.6484,335227388550.1148,42585421820.91262
1622073600,335376230618.9507,335753685038.921,306429741465.0189,318266317503.4076,33546387174.327675
1622160000,317988807574.0646,320711380072.365,270167806735.058,279989146809.9247,39984375548.57151
1622246400,280017384573.9735,298973378069.4742,256305634822.86212,264602454815.56564,35898268050.44337
1622332800,264773733015.77127,287847404552.8036,253420901520.7889,277270061100.2219,25842998996.593746
1622419200,277009289869.2586,315899351308.8355,264243894169.42252,314320911102.9256,30930852727.45201
1622505600,314315157449.5877,318557524499.0484,293428452289.5566,305889643473.7053,27451107859.81412
1622592000,305950375687.9016,325475268495.9652,293228754402.512,314344938603.7296,27730467200.543617
1622678400,314182458837.9952,335689864692.4986,309307280370.0778,331706097653.7953,30077903200.41067
1622764800,331904187305.9801,332148410448.4171,296555138008.2111,312657603225.963,34176538577.554768
1622851200,312699224183.7318,327337736680.5229,296413105762.8032,305455043932.4082,30183044324.150856
1622937600,305371059597.3211,319113750663.7555,303867330988.8852,315035936112.117,25355494703.653137
1623024000,315067145423.7135,331083402404.1032,299015447819.5417,301347557063.1767,30442742173.41224
1623110400,301335613988.7077,304743827218.1914,268094276944.58368,291583667414.6003,42065826704.38222
1623196800,291588011664.9468,305560365805.8865,279836729228.4875,303465689469.2043,36085082745.97783
1623283200,303545501427.1181,305156284108.3821,282333617783.5689,287240068223.8474,28853331164.80848
1623369600,287228115271.9943,290463711475.2614,269900688195.84335,273790204407.8549,24856939977.9404
1623456000,273767433657.85907,285248105657.8529,262389947605.50815,275464043168.8208,25805339427.076504
1623542400,275819029054.3255,296633305267.3307,268563494634.40955,291846669995.1509,26933597982.93038
1623628800,291968523206.6948,303612341402.3369,286277152794.7625,300325324959.8917,27744221578.111187
1623715200,300331343947.3122,307075080118.6535,291469668127.2815,295873900946.9817,26147660585.44977
1623801600,295855903788.9819,297237490771.8384,273459712866.71683,275399925106.1652,24123330865.28165
1623888000,275413985554.5944,286165502971.4671,268184165941.25217,276028806692.3154,21814919844.824547
1623974400,276141319500.654,276670405541.6511,248377536770.98816,259729762771.03137,22692315129.84683
1624060800,259834403194.31073,265084564476.6656,251608626898.81265,252032177144.109,18714228791.841576
1624147200,252059417231.41748,264935254481.51135,237706802299.11566,261030347064.13647,22489116236.67227
1624233600,261144439262.55496,262880929061.53003,217053368768.57196,219567030861.96097,33726048710.2076
1624320000,219619290052.10577,232546117129.60187,197912393941.64816,218924962705.1401,35284911233.14504
1624406400,218896140723.7836,238100589455.51096,213103403555.00336,229143150519.58255,25999235740.525143
1624492800,229162298765.6194,237031285475.1088,219420589271.2638,231280681797.67645,20012761377.13337
1624579200,231400423157.94397,236065011260.4539,208668998061.28915,210780347131.90228,22819113762.084156
1624665600,210764986858.907,215727358639.41284,199966260306.69095,213087941651.31863,20457615629.81421
1624752000,213093694837.38123,231256245670.06125,210522129904.40335,231035834137.6491,19761717296.171158
1624838400,231121642193.18204,249796076593.02707,228383769589.0974,242746098317.6719,25635945265.860104
1624924800,242811284668.56628,261643362723.05325,241787887636.51605,252187278991.22614,24776458055.574963
1625011200,252208708624.6968,266579873949.45468,243387947159.45627,265283148614.51703,25722537730.495625
1625097600,265349656926.17267,265375582723.02957,241340329929.14987,245666442391.1776,29242956652.709312
1625184000,245609040442.04156,251667933023.4435,235074951969.7461,251214615869.20676,31672767072.43179
1625270400,251345554346.56464,261034129026.27652,246196204523.5601,259589525596.0464,17383294839.455006
1625356800,259674688044.8397,278445906361.2611,255364858048.10165,270872378192.55112,18816469780.57662
1625443200,270797632459.0605,270930818406.79733,251626724738.9813,256234317372.94028,20247775740.71226
1625529600,256161733913.25833,273983885645.16263,255945755526.55527,270780643445.61353,20826272763.67518
1625616000,270741584702.6124,280961075299.4214,267547301572.9464,269977556952.76257,22436685480.317883
1625702400,270006944912.89255,271160552881.5763,243070475803.33215,246788142929.09775,23272267130.292885
1625788800,246755998684.87427,255205094729.54178,238977220529.87094,250377872902.10318,23042402124.881214
1625875200,250500363353.7611,255751258000.74295,242031629953.54752,246154021113.89532,17601990406.80189
1625961600,246363297452.98593,253502263408.3102,242808542110.46997,249597544458.35977,14767818521.720213
1626048000,249763775687.51288,253043893284.80292,233952360522.20157,237134185426.06403,17684891030.917343
1626134400,237065052865.317,238747010766.84137,223620766059.32413,226402443227.0203,16702646974.82781
1626220800,226562939470.55817,235675600607.97635,217667329808.56067,232713606481.7051,17185853694.916756
1626307200,232696301199.3452,238138383879.06485,219482357253.29,223755319983.53308,15633550105.884775
1626393600,224024964112.98068,229349192870.04755,215741857815.81415,219018508298.82983,14753058336.338722
1626480000,219045660379.05887,224025250939.21027,215549470089.50757,221693192791.9812,13275396138.63333
1626566400,221766847989.44855,232744615908.01205,219307853660.1415,220814772084.14297,13792882098.888765
1626652800,220708588053.6433,224029265601.99734,210705105319.63367,212253353712.43167,14143448448.67858
1626739200,212311787510.20807,214874104712.09723,200631159326.91235,208547280239.1177,17404294888.61676
1626825600,208703698209.45435,237444233789.49124,204754819802.7577,233054482451.6218,21240446177.09176
1626912000,233049441300.5255,239075487016.23468,227525347059.60934,236245111422.76813,17527592364.12975
1626998400,236408556202.12616,249006674477.1577,233124033235.91742,248257895524.07166,16003734905.515432
1627084800,248385961917.972,256994694647.4569,246201578132.2615,255419858790.71786,16117327111.223244
1627171200,255542371802.07248,256833463401.05823,246333850838.71765,256249259057.62576,14516694863.995136
1627257600,255941177725.93588,284216256022.1912,253831550306.08643,260191662523.28885,13715343754.803566
1627344000,260143212308.61053,270915504617.93573,251197434718.90588,268755675770.82925,13715343754.803566
1627430400,268875077782.11023,274266768612.99344,262402243656.50183,268845565492.17313,19046290532.057983
1627516800,268414481186.73907,280635026298.6781,264560937907.23267,278224190315.2863,13715343754.803566
1627603200,278649848900.6211,289188103798.1046,270953301642.93668,288080121317.1339,20030506118.396206
1627689600,287660307427.0367,298222162358.1506,282805070552.4939,295454370877.4599,13715343754.803566
1627776000,296260184141.1427,315577509525.3275,293911877924.2669,298933563993.4182,22588084635.53033
1627862400,298989963944.412,311865729974.0581,293137396179.1654,305068530055.2742,22065234344.388264
1627948800,304936081085.5099,307819713445.223,285903288796.0707,293326990071.7508,22784743474.400738
1628035200,293361374014.4015,324250322373.0142,287523857568.6236,318711085998.1057,24789367174.01367
1628121600,318837623739.8746,332760681957.7774,296024818901.979,331028415566.4688,30967017738.973423
1628208000,331146236234.7779,345093413756.8185,318374900283.9177,338440548946.7433,26517411737.003193
1628294400,338498918003.0391,371573453961.3998,335506023975.904,370087099298.9158,32752544837.790314
1628380800,369286368803.2169,372567557438.24,343990978709.6792,351902081534.1146,13715343754.803566
1628467200,351911713203.2976,372407321487.2858,337814160075.7177,369493011887.5076,13715343754.803566
1628553600,369415082927.7539,377656581192.044,356242170041.7461,366796144516.2557,13715343754.803566
1628640000,366828250080.1992,382490511646.8787,364489797550.0617,369312053254.3717,13715343754.803566
1628726400,370122850323.7356,379280574357.6133,348946839179.2042,356755506094.402,25328164134.546463
1628812800,356955604548.1578,389901979459.6554,355484907083.4954,389250938225.2984,23862045215.021896
1628899200,389366542700.8137,390313354495.1716,375499585174.6048,382580179870.5061,19886803249.45984
1628985600,382589567954.2265,389361191699.2644,364704950408.9049,387899525865.5968,22111885455.8388
1629072000,387901096208.8603,391184073072.4416,367240099633.1773,368644830702.1809,23074958853.32641
1629158400,368639776733.3526,385859622777.055,350528728901.9572,352848255079.5874,25508553895.30681
1629244800,352938899633.2515,366368204129.2883,345837762024.974,353109662016.7536,21626120347.912453
1629331200,353364982916.6892,373623044576.8498,346787081469.5211,373174265016.9718,19528820057.005627
1629417600,373220553053.6646,386906089873.7706,372541740114.8213,385137133238.1488,20729002138.856773
1629504000,385126618157.5515,388074534482.7076,375816699330.8434,378127917298.5238,18221678929.94206
1629590400,378185659569.2761,383897266156.9683,366852409106.0368,379915463770.556,16120366918.124062
1629676800,380012641118.2878,396277536423.2672,379098257296.3206,389421123117.2022,20538740090.26495
1629763200,389709429870.0389,393958875234.8445,368579152190.7588,372055091808.7219,20104907187.231598
1629849600,371933552450.3234,381050181599.4019,360995942585.0366,378669598148.6087,18940500179.257633
1629936000,378582545505.7124,381398767835.2445,358259188819.4918,362740048915.7412,17483575553.08218
1630022400,362803344567.291,385047173329.2826,358791398071.5838,384156411547.9511,18440337497.259445
1630108800,382354792672.0268,383937305105.677,374987149484.5255,379052005748.5326,13715343754.803566
1630195200,380973923479.3895,385650765753.8788,369979663544.2257,378376981211.8405,13316130093.852566
1630281600,376603810563.4611,391064156563.6022,366861523119.1952,376847229111.9053,13715343754.803566
1630368000,378965763195.8703,408090778081.3471,374342111714.5597,402650170035.1684,27279560488.047222
1630454400,400457660835.9367,448954282647.6082,395106538932.8488,447169213292.351,13715343754.803566
1630540800,449234226672.0836,450536377827.8149,436993771080.6453,444515322427.4625,24543069395.400265
1630627200,442335282837.5162,470295142869.5992,433255537485.5384,459872217469.7316,13715343754.803566
1630713600,459960945573.7208,463727803830.5798,447570824710.4076,453834912104.5427,13715343754.803566
1630800000,453928893846.2681,465030997857.9218,447775716582.1196,461452978690.803,13715343754.803566
1630886400,461481581829.5891,463829082291.3834,451614374554.7067,458657459677.6157,13715343754.803566
1630972800,461312703457.23413,463640485341.9968,350209485475.26776,403153092149.02435,39097765552.27705
1631059200,403493183657.7254,418286535152.9244,377694370228.2903,410937718175.8417,31640707946.26566
1631145600,408624732565.6306,416719128973.3069,396067662769.8112,399734993778.4455,13715343754.803566
1631232000,402213825465.7161,412775121868.2299,369575184725.8745,376993524838.4239,22290914847.14371
1631318400,377050573691.2494,393423312661.2301,376111573144.338,383747818129.9962,18601204819.080795
1631404800,383762917434.488,408022000344.7206,379788816415.0228,400166916054.5646,16849607947.343666
1631491200,400061907758.2375,403054061019.2221,365752471259.7241,386001284564.9151,22817722643.90209
1631577600,386188787529.2447,404043862448.0115,384446764504.8351,403852295739.9806,19082670305.240784
1631664000,401229945583.1589,422492584976.633,392312187394.714,422078423201.7622,13715343754.803566
1631750400,425147238784.6703,432075201921.2632,409578277085.8799,419622853824.8979,20215730043.62615
1631836800,416811651371.2167,419692687931.9989,391177693512.4569,396831483322.9028,13715343754.803566
1631923200,399792650211.6367,416589494808.617,396162671668.2166,404020227457.6864,15944853636.586239
1632009600,403885043049.6228,406580277407.2724,385657227181.6748,391455744030.5274,14260891069.54683
1632096000,391673680604.5746,393563619574.5136,342802528513.0565,350151474461.0377,27281467957.500828
1632182400,350007791232.0955,365143455610.3349,311777396018.9149,325272552333.389,30247245068.488094
1632268800,325316147625.3545,363818522867.7872,322137686456.4215,362178709814.6811,23823648610.856945
1632355200,362077131312.8141,373727124181.8228,357202428414.2796,371138596354.5028,18551294107.655056
1632441600,371225539844.6529,371896792810.665,321576352453.2193,344796939828.3121,25555646197.124783
1632528000,344804258662.755,349302351443.4058,329759329761.8221,344308850667.8161,18952371054.333652
1632614400,344193953417.4216,366795549430.9283,322599762664.9864,360406293400.1377,21120945690.310898
1632700800,360122596421.4229,372768682910.6859,344194712630.9348,344386859464.7642,19173740151.518616
1632787200,344379400851.5366,349662713476.6627,328103631451.1455,330441143409.1123,16838388950.760168
1632873600,330292563150.5119,347270685876.3675,327562159854.6037,335604738324.3664,15789741457.824177
1632960000,335561215332.1206,359014966114.0954,334032934680.2549,353274200021.3877,17697433081.99605
1633046400,353309221591.5443,392559783198.4719,349601128334.2064,389857903243.2602,22239772122.31764
1633132800,386553032960.7808,404989798989.703,380597742718.0294,395828038515.2877,13715343754.803566
1633219200,395641826244.4155,407435075487.1433,390354915469.2146,399096093055.9703,13715343754.803566
1633305600,399206419448.4306,401490876257.3905,381958726760.4696,395278741503.0912,13715343754.803566
1633392000,399080252163.4587,417834727049.947,396428389795.3262,414238337514.4888,16638795874.30614
1633478400,410537056701.6092,423498364734.3532,390095152270.0355,417506590896.2114,13715343754.803566
1633564800,421423807013.5774,430604329496.9832,408991628543.3973,422812492130.5962,19081357175.353912
1633651200,418951341273.6677,428670279216.8839,412431868711.8004,415952389732.5841,13715343754.803566
1633737600,416124300434.0632,424404325375.0854,413205320934.0751,417351024845.4671,13715343754.803566
1633824000,421302535322.024,424889178531.382,401104055422.606,402794973074.0148,16053762437.98989
1633910400,398718414876.4898,422943814084.4204,393670836487.0493,413704124650.2514,13715343754.803566
1633996800,417644547217.0199,418503167921.6481,401244980185.0587,411505983950.7697,18232549590.841324
1634083200,411561517620.8632,426118194729.3106,402397894676.9538,425439604366.5466,16135176564.871443
1634169600,425590352094.4181,451372530463.0071,423256568330.1873,447067884588.6344,19435222500.310074
1634256000,447238358871.0789,460492670197.009,440536899807.7282,456278605917.996,20972559243.49248
1634342400,456373749368.8763,468228264041.2133,448376965068.2685,451575619810.8267,16600533063.68326
1634428800,451681975505.5029,462354326892.6576,429644795292.9688,453771204710.0958,15788760718.567741
1634515200,453875968072.3522,459461834340.0189,433783602978.1788,441964487274.3032,17337166500.75578
1634601600,442092355353.9727,458736225117.3647,439504416793.9387,457549779330.4667,15946293876.592705
1634688000,457814250046.2651,491997017796.9089,451956875766.5319,491205472758.5024,20296664099.650948
1634774400,491306949570.7153,516201712358.8262,466874539588.4661,478587969097.0199,28355811375.518913
1634860800,478618670748.7592,492048202924.536,458779495233.2758,468738477465.7585,19572631876.596413
1634947200,468824166378.6833,492556218800.1538,464740839130.8972,492276146701.415,14775639911.70273
1635033600,492219610895.391,494270359915.123,467905779397.1982,482081272081.5201,14842403587.12276
1635120000,482249396937.0356,500300883555.0477,480520466450.3516,498310119136.0284,15994827710.69999
1635206400,498473913980,507469979689,483012442685,487791528787,17161821758.48574
1635292800,487913493585.7288,509926411279.1923,462184761135.7466,463393249796.7263,26125527743.31355
1635379200,463632448853.1522,507614823552.4568,459685002228.3332,506610244451.7959,25993426016.87516
1635465600,506639890095.8393,526812895655.9997,504199330894.1475,521942408923.8723,23006506213.54536
1635552000,522192432380.58,523874199184.8644,500540644687.9764,510687363478.7018,14563023614.339773
1635638400,511204749247.205,519484562191.8256,492567637648.3843,506882881848.2488,17472436642.007988
1635724800,507079808526.5714,517948191033.8169,490512386443.7116,510939533375.2263,18033282466.287605
1635811200,510883269643.4475,543886541237.7667,506824855840.4756,542870460496.0354,20712644698.777885
1635897600,542914412865.6723,551987487605.8737,526658819717.7173,544440923339.7932,21203238030.643562
1635984000,544493045197.3876,544908848687.7153,522545890819.8545,536407484788.4559,18442612893.014606
1636070400,536453405506.5873,540763830269.4909,525753302126.7604,529702849994.7444,15098344389.760235
1636156800,529423464156.5488,535988852734.3828,512051536430.6785,534697412335.6363,14386223231.629177
1636243200,534727578492.478,548626120274.4579,533062023883.2195,546003329984.5501,13499867012.488583
1636329600,546081422512.8788,570561967323.1718,545980602877.8509,569049672797.7533,19240257776.408043
1636416000,568968393574.5303,572639117342.5107,556956782417.5377,559733924163.0569,20829510105.74651
1636502400,559812839676.0996,575899429125.4438,527441228850.6413,548106834625.0336,22717128359.6913
1636588800,548045827332.8609,565826275320.624,541832223557.3707,558705874021.4225,17923523489.074993
1636675200,558565970311.5306,568963377822.9932,534483124168.6539,552558717341.4788,18228353901.99379
1636761600,552481621123.6772,557070172812.2952,542823505236.2426,549831910758.4557,14468580251.880548
1636848000,549877770167.2255,555563876660.6367,534638093520.3854,547740783476.8715,12080189811.978062
1636934400,547918643566.7948,564567868888.836,537584631439.6126,540189364689.5936,16297864241.863909
1637020800,540129607524.9438,540148546700.6636,486149109703.3317,498424654815.9942,27509473105.88774
1637107200,498345319725.0757,509105175010.3111,481481623109.5869,508057779041.1603,22118375183.5223
1637193600,507921234620.085,514573641233.189,468782292397.5828,473632703395.0882,21337110681.11428
1637280000,473820228919.2258,510684080068.5098,470878935857.1581,509135875286.4432,20613910608.262814
1637366400,509241946165.444,525709818325.8287,498169119927.2995,522881586218.3184,15459821909.330729
1637452800,522917049614.8589,524761098836.4664,503580588717.8931,505052452667.8948,13927590223.060793
1637539200,505023363064.2466,511206123614.3529,477170884063.2715,484504972407.7557,19939961415.43065
1637625600,484362584571.1487,519955251345.5889,481487794532.8777,514346641708.752,22255951352.40331
1637712000,514495344587.689,517974388227.5715,494659819854.2229,506061936656.6167,18624473731.42953
1637798400,506104315277.9933,539703976137.1415,503688618536.4208,536289416193.5355,19327090054.276745
1637884800,536538490330.97,539588147421.9452,464228377375.3427,479311055844.2215,26291491080.073303
1637971200,479285698744.5639,496144247257.7686,477808105440.0181,485915757973.7241,16466008741.71714
1638057600,485813060105.8406,509837378758.9231,470995767106.4113,509615137143.2609,15939255073.642363
1638144000,509660324862,529002810274,507608364192,527237721056,19042897256.190693
1638230400,527427068920,563624334398,516096751019,549453434547,28671877255.0752
1638316800,548905614536,567218475063,537191075073,543970805503,27578608413.351364
1638403200,543978766424,548991198866,526504622953,535379249021,21544583517.446644
1638489600,535434982718,552012115436,482360406915,501049706852,25956995373.0612
1638576000,500376257652,502859897118,418871607771,488121738566,38274108933.6888
1638662400,490156032739,504663340786,479844337820,497383590215,25433282483.31453
1638748800,497429029910,519793868454,464864059719,516050972973,28115276187.71542
1638835200,516467622479,525756488994,505452443436,511415637088,22367859991.44239
1638921600,511202752916,528533047513,501721818042,526737721548,18684921151.766167
1639008000,528006351626,532635789796,483658208994,488681641902,22257118158.43878
1639094400,488801395096,501136496663,462031625460,463655258573,28009973631.545296
1639180800,465225963950,486531440961,458099211263,485331383172,19340289468.236225
1639267200,485584717878,496187050950,473587497182,490830682478,14241288559.326385
1639353600,490536540151,492121551069,435899373516,449232461617,23948611341.226475
1639440000,449773233310,461085572353,437837510411,458407990266,21339427677.404762
1639526400,459508194341,486112737882,433757494785,477510170663,26347219212.34056
1639612800,478223461238,489040836168,469504714053,470298083229,19855210784.131
1639699200,470349305610,474301161995,439220270352,460827790494,23174328317.197914
1639785600,459625168169,475028134085,447800309098,470655288370,19622695290.68487
1639872000,470452216492,479215536270,461779191224,466325995019,16146491183.050833
1639958400,465854818908,473244379482,446247946575,468462969006,21592966352.26863
1640044800,469501790371,482907672910,465066833041,477516086253,16424305066.637215
1640131200,477505896446,484441946095,467640209651,473217810920,13942418156.082733
1640217600,471417770689,493951817317,463078342947,488730165938,17958242003.995888
1640304000,488920188512,491564002761,477232247106,481382227115,12769898013.54667
1640390400,481200496506,492304830696,478347134401,487259135374,10867442629.86022
1640476800,487332586979,488397963754,476364913577,483326722746,11224344192.944893
1640563200,483904165797,490933366569,479523252983,480522158185,11409535091.188314
1640649600,480297218239,480311489934,447150019135,451066409887,17347033899.27777
1640736000,451131308185,455261059376,429011209423,431629176696,15531414935.050161
1640822400,430748192670,448420596641,426637003378,441364006687,13051582275.798527
1640908800,441722973625,453815227026,430982235362,437431675119,14176092393.92764
1640995200,438315975555,449424420792,437293893887,448347605995,9738604224.499037
1641081600,448432624692,458746249004,442492205567,455875998416,9894177938.125837
1641168000,455591265317,458372584475,438189276128,448051831483,12069743630.339745
1641254400,447953236712,463343301122,442430429375,450736065064,13994890034.865002
1641340800,450947921230,457776028563,409112669466,421507065134,18017025059.122345
1641427200,421213048658,422428579682,392815339058,405658775572,24366970815.922714
1641513600,405085586079,405977393990,366661643347,380705534287,24482230887.109764
1641600000,381570763653,386723359817,357012873495,366872706231,16071040802.945908
1641686400,366954187841,382498310168,364767625736,375315763298,12337862856.92964
1641772800,375418869906,378831292294,350888734098,367401761670,19519612168.31628
1641859200,367225941152,388636733504,363872687538,386075633941,15209867144.708813
1641945600,386593903535,406263012962,382078705187,401956300026,16671896235.013666
1642032000,401912619161,406611818649,385339124006,386158862659,15293548166.23717
1642118400,386070618573,398688645050,380077979500,394421466580,13512875860.032207
1642204800,395015684901,402018418775,388865053600,396864092021,9662876813.66449
1642291200,396688701020,404047413253,390396727927,399281055912,9499644243.238668
1642377600,398903455869,399911907607,374940210828,382842133495,12322948724.544186
1642464000,383435470434,386611383494,367880172536,376917934137,13035434713.319405
1642550400,376968950087,378620277995,363382754053,367731052161,13123360463.956036
1642636800,368237047712,389892789793,355235970904,357557634349,10593296363.71716
1642723200,358474560663,361818515299,295505891350,306104224036,26806473012.700836
1642809600,307494326129,313246732466,275138680451,287478385191,27456893273.251995
1642896000,288560797764,304212034076,283128610418,303085994362,16359437506.894955
1642982400,301964419442,302030033019,258072515159,291438808671,28369368659.35041
1643068800,290838306337,299725778058,280505979166,293370084427,16159689261.343273
1643155200,293350924847,322982777358,286986156141,294082384018,21184255238.268658
1643241600,294501264915,301216417411,277135190788,289306479273,16003131696.573595
1643328000,289925355471,305417194717,281619676788,304041070630,14708060021.535048
1643414400,303994478548,314899681850,301078387079,310711157508,11156161989.441263
1643500800,310638027456,315250825244,303763000939,310749049763,9490876980.42582
1643587200,310879723025,323427857091,295937772706,321047173996,13727431386.406174
1643673600,321123085963,336138378956,319626929929,333173530248,13207531595.938831
1643760000,333272203648,339013890548,312063310271,320354602316,13849032445.878546
1643846400,320283185803,325644528314,307442955611,322209638347,12721037455.7455
1643932800,322240998582,358178936162,319423250227,358035600086,18499629343.51485
1644019200,358141535131,366034267361,353690449874,360247617607,13465010747.152998
1644105600,360417818131,367516951542,352536131305,365332970412,9313557356.619873
1644192000,365397177020,381611614020,357871862044,375422167914,15283984481.221478
1644278400,375679652279,386569766192,361884472316,372809241479,17040139266.613392
1644364800,373042823758,391529317926,365411826520,388023959289,13928087366.234186
1644451200,388155321168,392559929035,365676880047,367490120246,18588134410.699768
1644537600,367540355301,375506610619,343971524289,350108792417,16068087847.096907
1644624000,350070630264,357087322017,341723289691,348843994425,11238409468.487123
1644710400,349048819628,353323404125,339027758741,343414737908,9039038763.667187
1644796800,343573091176,354758819167,338513564222,350696608564,12161879490.597841
1644883200,350726926623,382504752331,348435469242,381064817735,13849065692.046127
1644969600,381177164003,381555129655,364248847948,373628615806,12422265547.333689
1645056000,373898303026,378271718377,341271141181,346440049204,15883168640.343266
1645142400,346234996655,352389094437,329324387760,332720865910,15775123269.292534
1645228800,332621964670,338858117995,322667092132,330760212065,9963578817.484165
1645315200,330789673684,330869848294,308209152753,313790262961,11659703772.501913
1645401600,313879606325,330348376391,306372259866,307510389387,18476082282.308548
1645488000,307561667138,319408639404,299391589073,315797575014,16437399845.28483
1645574400,315839633774,329804330259,308567601274,308905167227,13500586399.847303
1645660800,308972620669,327901210219,275380988629,311064091540,29274390194.34284
1645747200,311100350774,339713747826,308041214885,331475033912,17024252319.441725
1645833600,331622937443,344827216084,326806794458,332857508159,11983461297.618338
1645920000,332947930539,339620876948,306448956167,313367407604,16461166117.467878
1646006400,313485364923,353955141587,307886021766,350206276544,19264803650.478477
1646092800,350182441540,364239282528,341928015357,356599356510,18722262090.936592
1646179200,356627578481,364797877872,349276705011,353339092875,16661803700.259476
1646265600,353283138783,355922611198,333770452558,339600535524,13073774781.739191
1646352000,339647628391,339854927879,308520352178,314288789938,14551228985.135626
1646438400,314268549471,321756839346,310379431242,319457634823,13055369342.128874
1646524800,319352199702,320621015538,303746603602,305561765068,13055369342.128874
1646611200,305577340711,317357319279,293005400606,298731246576,13055369342.128874
1646697600,298556320124,314526146643,297307872436,308850621981,13055369342.128874
1646784000,308876236269,332443671638,307796601366,326905300361,14468912465.602583
1646870400,327058678016,327602689388,305690055130,312541722581,14468912465.602583
1646956800,312475818120,320893615225,302453546948,306383849368,14468912465.602583
1647043200,306363478898,313689658471,306004000018,307689955965,14468912465.602583
1647129600,307734291694,311808385666,298587950725,301485350498,14468912465.602583
1647216000,301753756563,312859608993,299746501438,310644913524,13242343470.628345
1647302400,310643714447,320128414589,300770513312,314074274132,13242343470.628345
1647388800,314191084326,334713019822,311588208645,332893405809,8617869167.247116
1647475200,332972438169,340638864192,329571136483,337687470137,12806636116.928085
1647561600,337669473831,358308836410,332171002710,352793568737,12806636116.928085
1647648000,352765974402,358410815473,347209915105,354146890889,12806636116.928085
1647734400,354248869952,355742563286,338235757569,343283121306,12806636116.928085
1647820800,343359905541,355493014520,339993396712,347079141953,12806636116.928085
1647907200,346841590724,366480358733,346436073980,356409626332,12806636116.928085
1647993600,356377232983,365828892484,350544030585,364445576489,12806636116.928085
1648080000,364511707319,375602276106,360518478614,373437677373,17900976176.141155
1648166400,373867900597,383639093207,369494460326,372820772668,16016570366.685463
1648252800,372845990198,378730080623,370698897611,377895500451,16016570366.685463
1648339200,377893098781,396229845881,375717186159,395999285603,16016570366.685463
1648425600,395795143691,412493952150,393427097503,400331897492,16016570366.685463
1648512000,400379930883,418327607514,400168583962,408624862487,16016570366.685463
1648598400,408557615739,413972179765,400402746744,406684313481,16016570366.685463
1648684800,406727543533,413882117156,391700297089,394181221746,16016570366.685463
1648771200,394286895206,418170298158,385783784125,415075746928,16016570366.685463
1648857600,415109024838,424183548675,412310766429,413696684971,17870745429.31357
1648944000,413838399346,430107930105,410006106391,422941746445,17870745429.31357
1649030400,422992187155,426129118899,409196653100,422813242733,17870745429.31357
1649116800,423194774728,427230960836,407391488994,409660265636,15276572111.104374
1649203200,409556866171,409590531113,380219071346,380986151101,15276572111.104374
1649289600,380924832813,393202918168,377866132348,388254171662,15276572111.104374
1649376000,388043765773,398425793490,381725577510,383988342555,15276572111.104374
1649462400,383887347728,393091102467,382650161102,392003003442,15276572111.104374
1649548800,392024645191,397768124797,383745474043,384982660670,15276572111.104374
1649635200,385047585916,386456704211,354601252636,358175748108,15276572111.104374
1649721600,358371726164,371213699302,354824884038,364216200598,15276572111.104374
1649808000,364229426111,376335579797,360386813420,374916842946,15276572111.104374
1649894400,375008219218,378102989263,357879977544,363326484268,15276572111.104374
1649980800,363297628603,367907321048,360093447495,365672209349,15276572111.104374
1650067200,365749157788,370987663261,361911354375,367908523368,15276572111.104374
1650153600,368007113556,370626967452,358293575406,359302321353,15276572111.104374
1650240000,359202528846,369151721591,346525273461,367468474480,15276572111.104374
1650326400,367475688396,376514725382,364385727628,373018380669,15276572111.104374
1650412800,373025594585,381111192315,365043396321,370084721418,15276572111.104374
1650499200,370013784576,382303893125,351044791954,358806965775,15276572111.104374
1650585600,358802156497,364656249485,352782143437,356250834805,15276572111.104374
1650672000,356258048721,358151701721,350870455646,352679946291,15276572111.104374
1650758400,352691969484,356801497074,350103375891,351364608905,15276572111.104374
1650844800,351258804801,363849493191,336426993115,361464091571,15276572111.104374
1650931200,361624000047,365305501942,332578368827,337879394908,15276572111.104374
1651017600,337848134604,351130156629,336060285708,347469094163,15276572111.104374
1651104000,347470296482,358304396280,343120305020,353150053162,15276572111.104374
1651190400,353135625330,354186452455,333689311921,338683746563,15276572111.104374
1651276800,338684948882,341675117143,326618471735,327920583607,15276572111.104374
1651363200,327882109388,342413341233,326688206258,339807915169,15276572111.104374
1651449600,339807915169,346532487377,334003117275,343371589767,15276572111.104374
1651536000,343472584594,344017235266,329750513681,334291673922,15276572111.104374
1651622400,334350587571,356886861749,333139851971,353502332736,15276572111.104374
1651708800,353456644600,355144700989,322932160562,330304782908,15276572111.104374
1651795200,330337245531,331504697634,316292953029,323704049594,15276572111.104374
1651881600,323705251914,324986924357,311009961739,316859245449,15276572111.104374
1651968000,316802736439,317486856158,298612846766,302962838229,15276572111.104374
1652054400,302952017355,304042521019,267334508486,268005402692,15276572111.104374
1652140800,267987367901,295377405355,264428502581,281506246841,15276572111.104374
1652227200,281416072889,294635574307,240403757030,249462031126,15276572111.104374
1652313600,249878033626,262934019610,204424350032,234698751643,15276572111.104374
1652400000,234822590537,257868648126,232734161800,241241773627,15276572111.104374
1652486400,242264117145,249452153461,235022943463,247989668250,24610462246.926914
1652572800,248007783261,261458782671,241256922540,258788630068,24610462246.926914
1652659200,258747569377,258748777044,238700290672,243790608728,24610462246.926914
1652745600,244010404194,256026694743,242214602782,252239449802,24610462246.926914
1652832000,252295002502,254631838905,230174158885,230831129946,24610462246.926914
1652918400,230991138509,246305007551,229619837415,243730344440,18446627511.866302
1653004800,243752091947,250302924132,232012063112,236441305235,18446627511.866302
1653091200,236407475780,240192750077,233875099487,238362334961,18446627511.866302
1653177600,238370792324,248148712810,237278584228,246605848055,18446627511.866302
1653264000,246544230121,252070513119,236215372808,238102573079,18446627511.866302
1653350400,238189563105,240595078944,230788161783,238838363710,18446627511.866302
1653436800,238823865373,244034809529,233480019789,234521483703,18446627511.866302
1653523200,234496111613,237207300735,209469564603,216351442163,18446627511.866302
1653609600,216288616033,219921657786,205706037813,208190086314,18446627511.866302
1653696000,208551336558,218388458589,207212656724,216341776604,18446627511.866302
1653782400,216347817578,220471386418,212807806825,218822200521,18446627511.866302
1653868800,218849989001,243075502861,217647835179,241352617081,18446627511.866302
1653955200,241300664705,243466957975,232414391979,234439326457,18446627511.866302
1654041600,234451408405,238182313936,212787267514,219443212646,18446627511.866302
1654128000,219408174997,223710556667,215158953899,221422235723,18446627511.866302
1654214400,221448816008,222572437169,209702746199,214263681555,18446627511.866302
1654300800,214278179892,219210031051,211098211189,217900347891,18446627511.866302
1654387200,217910013450,220953456142,214071578582,218075536137,18446627511.866302
1654473600,218023583761,231719679971,217848395515,224585289699,18446627511.866302
1654560000,224584081504,226378250777,208377356508,218969600286,18446627511.866302
1654646400,219477390740,222432846383,213656075405,216840363952,16465904296.777445
1654732800,216829467147,221758455235,215062973995,216410545536,16465904296.777445
1654819200,216297945218,218221836663,200221525706,201064211952,16465904296.777445
1654905600,201116274465,203445769204,181560141918,185257791051,16465904296.777445
1654992000,185435772198,186960114129,172237319938,173555833332,16465904296.777445
1655078400,173492874015,175922861510,140907795062,146415524567,16465904296.777445
1655164800,146204802030,153357631432,130145155593,146124855080,20757666911.216286
1655251200,146168462507,151000407720,122713723183,149813316643,20757666911.216286
1655337600,149746694184,152186287481,127267065388,129274218363,20757666911.216286
1655424000,129294810759,135218152974,127164103407,131446110508,20757666911.216286
1655510400,131507887697,132800363391,106599567461,120510336784,20757666911.216286
1655596800,120418276660,140679983249,113225473783,136534855016,20757666911.216286
1655683200,136555447412,141595739223,127350646290,136554236095,20757666911.216286
1655769600,136522741842,144513802903,134261212207,136238082247,20757666911.216286
1655856000,136363297365,136546335348,126359241246,127062301048,15361830786.818483
1655942400,127186484094,139821585622,126626271339,138695097204,15572943874.390356
1656028800,138711475786,150903892295,137148314369,148406957185,14970364804.159607
1656115200,148553917518,152268735699,142976232629,150551405453,14613436135.235594
1656201600,150536851807,155303170923,144802715222,145239324606,14613436135.235594
1656288000,145194450864,150078411953,142161228445,144402489953,14613436135.235594
1656374400,144441299676,149904981003,137667790194,138562839433,14613436135.235594
1656460800,138525242514,140037608910,131708072094,133243481763,14613436135.235594
1656547200,133284717094,134039081086,120891074589,129897355952,14613436135.235594
1656633600,129820575477,135254733327,125216097083,128327395049,14592613192.057043
1656720000,128349818244,130643230317,124478548367,129253357109,14613436135.235594
1656806400,129256995521,131790542756,126100067109,130152044759,14613436135.235594
1656892800,130175088032,140583370641,126587614255,139396035675,14613436135.235594
1656979200,139484570356,142277657614,130475863386,137316077079,14613436135.235594
1657065600,137239670437,145675933991,134701271986,143802152049,14613436135.235594
1657152000,143843387379,152064984653,140998149556,150052943072,14613436135.235594
1657238400,150043240641,154722237880,144607453803,147227110110,14613436135.235594
1657324800,147309959400,149788939952,146197938741,147688726262,8528585666.505795
1657411200,147692368251,147950949474,140040549241,141662448368,8528585666.505795
1657497600,141720720193,142059425176,132053667238,133015152350,8528585666.505795
1657584000,133010296364,133271305580,125354835365,125869569819,8528585666.505795
1657670400,125964261534,135717508230,122080687203,135356951314,8528585666.505795
1657756800,135384642082,147422559147,130076584163,144897342949,12551756647.533613
1657843200,144853595219,156473478419,143453667856,149646402094,12551756647.533613
1657929600,149579565284,173113413648,144825645280,164851168733,12551756647.533613
1658016000,164785547138,168466432540,160222415846,162572641124,12551756647.533613
1658102400,162666212658,194114754526,162355117688,192288286794,12551756647.533613
1658188800,192176487039,198323043118,181440064944,187451732189,12551756647.533613
1658275200,187506416851,197055574160,180320852182,184930161634,12551756647.533613
1658361600,184877907401,195129458821,177905005309,191461940781,12551756647.533613
1658448000,191252985371,199884499437,184162032676,186413995910,8528585666.505795
1658534400,186619310102,194045487286,180805722858,188275647772,12551756647.533613
1658620800,188654195156,202461009202,188191899858,194375707753,18874843873.836147
1658707200,194420720716,195755294247,174580953031,175046898029,18874843873.836147
1658793600,175274395978,176972722915,164977376498,176405802892,18874843873.836147
1658880000,176383904694,200020576655,172891142060,199161680654,18874843873.836147
1658966400,199195744518,217372465696,194002221815,209972091228,18874843873.836147
1659052800,209970874662,214865121988,201610629167,209680115250,18874843873.836147
1659139200,209613204089,212208140591,203650811311,206473245762,18874843873.836147
1659225600,206531640958,213432006564,202833278573,204389267221,18874843873.836147
1659312000,204341821125,207417301423,195483999901,198458505174,18874843873.836147
1659398400,198435390409,204266393997,189772219838,198480403373,18874843873.836147
1659484800,198486486205,205057162270,193437734924,196959695155,18874843873.836147
1659571200,196948932121,202364477196,192359528386,195605692003,14991459337.694122
1659657600,196025955204,212151596402,195709192835,211672797898,14415918435.296108
1659744000,211607008791,213188384001,205405776266,205951582194,14415918435.296108
1659830400,206014934667,210755405346,203380933740,207207666817,14415918435.296108
1659916800,207204011867,221586241720,206447437132,216689826491,14415918435.296108
1660003200,216630128968,218161553188,203344384236,207514682651,14415918435.296108
1660089600,207529302453,229750182614,201784938729,225928322804,14415918435.296108
1660176000,225918576270,236787180465,225587194099,229245799457,14415918435.296108
1660262400,229278694011,239511336835,225783343105,238809586357,14415918435.296108
1660348800,238785220021,246202332714,237226992830,241731110049,14415918435.296108
1660435200,241777406088,247424304467,232291591464,235894154249,14415918435.296108
1660521600,235886844348,245192348085,228017736120,231477755839,14415918435.296108
1660608000,231313283071,233318632528,225797962906,228773092538,14415918435.296108
1660694400,228751162836,238435563099,221550910533,223466104546,14415918435.296108
1660780800,223428336725,229298187080,221247549649,225031641638,14415918435.296108
1660867200,224981690649,225094994111,195319331458,196053976490,14415918435.296108
1660953600,196023518570,201814178332,185699501986,192005509756,14415918435.296108
1661040000,192081045397,200541037274,190408296428,197162644781,14415918435.296108
1661126400,197161426464,198505229897,186362266326,197977698721,14415918435.296108
1661212800,197994755157,203946232737,190496015237,202822944645,14415918435.296108
1661299200,202952086226,206364591590,195580051254,201837326352,14415918435.296108
1661385600,201799558531,209811209824,201602191209,206648459405,14415918435.296108
1661472000,206491296537,207869212841,181203912985,183797709457,14415918435.296108
1661558400,183623490154,185028209428,176376941813,181671746637,14415918435.296108
1661644800,181627426929,184039429218,173483873745,173689746668,16717917505.288698
1661731200,173788419489,190073089490,173257291712,189176506821,16717917505.288698
1661817600,189077834000,195599985645,179485861260,185644994378,16717917505.288698
1661904000,185853303667,197303005443,185786303603,189388470659,16717917505.288698
1661990400,189347052437,194771621222,184307429473,193187983356,16717917505.288698
1662076800,193156819134,200907750631,188387108852,192037185992,14415918435.296108
1662163200,191904389461,192798633994,186999446014,189804011294,14415918435.296108
1662249600,189760151889,192852239933,187813281638,192374659747,14415918435.296108
1662336000,192440448854,198741583357,189766243473,197052996268,14415918435.296108
1662422400,197155334880,205489840126,189274043484,189796701393,14415918435.296108
1662508800,189906198423,201894337073,181484899521,198577224834,16717917505.288698
1662595200,198622297604,202619155943,194222220701,199228952725,16717917505.288698
1662681600,199293516423,212738601911,198717315876,209493362467,16717917505.288698
1662768000,209410526025,217946334127,207999870141,216238441597,16717917505.288698
1662854400,216387059919,217980443250,209598126203,215255367936,16717917505.288698
1662940800,215250495204,217192278865,206266395768,209140089405,16717917505.288698
1663027200,209131562124,214453803539,190205871434,191800472948,16717917505.288698
1663113600,191772454739,200862536094,189054688524,199652880401,16717917505.288698
1663200000,199598062167,201513045802,177586714003,179353079316,16717917505.288698
1663286400,179474897613,180708916966,171221707962,174676474877,16717917505.288698
1663372800,174658202133,179777006991,171676090211,179002242619,16717917505.288698
1663459200,179015642632,179054624487,161454316873,162589663406,16717917505.288698
1663545600,162572608844,169633197363,155971275306,167634159102,16717917505.288698
1663632000,167636595468,168650123703,159955951815,161209462096,16717917505.288698
1663718400,161160734777,172025708725,148374686278,151842853206,16717917505.288698
1663804800,151714943993,164286592289,150767197639,161538371499,16717917505.288698
1663891200,161596844281,165619284463,153771236854,161739371689,16717917505.288698
1663977600,161752771702,164307301399,159216514750,160459061383,16717917505.288698
1664064000,160488297775,162817463622,154693401366,157641404164,16717917505.288698
1664150400,158643874106,164240272869,156653825586,163797903709,16037300580.8844
1664236800,163783910023,171631056697,159810702227,162743424699,17810188402.431816
1664323200,162876437372,166106118546,153649477267,163888853558,19081989148.65101
1664409600,163936179127,165691565589,157971297476,163770692275,13782853436.98244
1664496000,163792278410,168313662243,161037519877,162891189170,14245875829.155897
1664582400,162891768202,163547739479,159768854482,160836800242,6243708056.467346
1664668800,160811473463,161563169614,155624402144,156504855385,7485051193.644241
1664755200,156602840130,163095407739,154941066592,162324001425,10214302573.945925
1664841600,162345349941,168035287070,161819162610,167063864305,10145420210.786585
1664928000,167066146498,167381404989,161505575529,165921647775,9770894358.099499
1665014400,165941008891,169831286425,165092042618,165923833273,12028980662.95302
1665100800,165913712580,167086698553,161695380179,163373878935,10064380864.32082
1665187200,163354929668,164124331498,160056441444,161420994608,5793754037.357488
1665273600,161361297772,163105233429,160493625351,162400786513,5475989147.604222
1665360000,162396423171,164228935395,157864852422,158371769735,8755673848.447044
1665446400,158322749863,159309696875,155591459935,157096431374,9301387690.028936
1665532800,157123356481,160368139235,156572123997,158912099755,8350946863.672581
1665619200,158895018068,159721349270,145100321110,158061319872,17476141501.53774
1665705600,158038013420,164961340275,157636465374,159245113508,13126708344.08955
1665792000,159246505723,159853196507,155175291255,156553240767,6781461695.198554
1665878400,156042584563,160941210319,156014438575,159825160684,7460777139.425604
1665964800,159815370775,163803534987,158563486152,162949365419,9419342048.323984
1666051200,162950589158,164186565179,157509847187,160384409240,10417887348.021626
1666137600,160379514286,160742964660,156669138745,157245519642,8322399201.322782
1666224000,157236953471,160348920820,155522495644,156981192097,9024824413.67504
1666310400,156942032460,159915717343,153355254521,159060324037,10423112684.25035
1666396800,159084798810,161584896841,158441112288,160785795513,7173029021.312008
1666483200,160798032899,167732959744,159043191696,166894698779,9837544550.378546
1666569600,166937529631,167698695062,162074392295,164520645827,13116880424.551676
1666656000,164505960963,186689894938,163408267407,178687868004,25285939825.88279
1666742400,178742936243,195164284985,178473713743,191710894558,32718309651.81557
1666828800,191578730785,193181828397,183962181521,185271581860,22910968012.24176
1666915200,185282595508,192833062886,181152477615,190281567832,19998149690.570488
1667001600,190250974366,203576264362,189462886685,198277476073,21601782346.83688
1667088000,198306845800,200676003797,192928514499,194635629895,13913564164.819304
1667174400,194716396645,200084938037,189196111663,192505100932,19224218522.737946
1667260800,192478178682,197325407415,191325416888,193201408215,14587373753.391253
1667347200,193255252715,198331320573,183820227839,185850410235,23258362805.41903
1667433600,185839396587,190744141036,185488183599,187345818847,14243252647.266174
1667520000,187347042585,205184256929,187034989233,201301334240,20794058678.637127
1667606400,201323361535,203899331362,198489182857,199143883026,11012977839.458366
1667692800,199070458708,200548734979,191408631115,192079239887,11538249793.260303
1667779200,191893231614,196875071597,189251179901,191802674955,15322197762.580425
1667865600,191833272683,193336023760,149602051451,163180655647,42000499350.51138
1667952000,163180655647,163660361202,131090556708,134528038611,38694294085.27259
1668038400,134509682531,165072555619,132680193231,158505973957,28645637127.718803
1668124800,158507197696,159890022384,146643051366,157240628181,20828761722.244392
1668211200,157192902373,157665265496,151112144960,153502106568,11017929303.840355
1668297600,153527805080,155636306794,146769096448,149280208183,10695600127.553062
1668384000,149223916205,157683621576,143253295272,151903903875,15018400943.180033
1668470400,151930826125,157852497512,150809881511,153179039561,11812969184.473808
1668556800,153136208708,155024437463,145033835025,148689142409,11938171981.459478
1668643200,148755224297,150180879838,144600631539,146758082800,9712130724.529144
1668729600,146725041856,150853936103,146578193217,148195975728,7966064666.211921
1668816000,148216779286,150669151565,146475399169,148883716857,5973715433.666701
1668902400,148865360777,149867602741,138317957247,139607777797,9611998643.17752
1668988800,139590645456,140077693444,132096469889,135268400501,14076840141.94252
1669075200,135279414149,139633476309,131420966147,139252893585,12039864407.001394
1669161600,139289605745,145503750672,137823566828,144831918146,11216246188.511545
1669248000,144792758509,148811516275,144358331284,147198628719,9744995660.398252
1669334400,147179048900,147699137832,143256966488,146594101820,5472372722.909347
1669420800,146652841275,151075432801,146345682871,147401769337,5075068592.183024
1669507200,147426244110,149597156497,145471933466,145965100147,4418200084.60445
1669593600,145973666318,146677316049,140725051196,142844566559,7325279708.047485
1669680000,142826210479,150103784303,141630617806,148755224297,7623881700.714426
1669766400,148754000558,160333015780,148312230901,158457024411,9799519539.821022
1669852800,158409298603,159044418969,154556969294,156168633113,6904781298.283244
1669939200,156164961897,158748274212,154845771619,158510868912,6171180504.616347
1670025600,158543909856,159904707248,151304271930,151862296760,5654013315.378284
1670112000,151853730590,157456006185,151809675998,156625087634,5178657264.421164
1670198400,156572466871,159722370187,152656503152,154093172341,6132040859.866199
1670284800,154093172341,155923885380,151972433240,155578791077,5061220987.596069
1670371200,155580014816,156338732787,149068501395,150675270258,5767376807.014759
1670457600,150693626338,158120496279,149578800417,156689945783,6214635602.725824
1670544000,156682603351,158655270074,153680772412,154556969294,5715573161.146506
1670630400,154561864249,156993432971,154180057786,154958355576,3254208277.7003613
1670716800,154957131837,157117030576,153706470924,154586339022,3379406042.099754
1670803200,154549626862,156517398631,151810899736,156059720372,5125445069.87149
1670889600,156124578521,165120281426,153695457276,161613046421,8828064648.242874
1670976000,161564096874,165334435692,159115395811,159968341659,7820175552.122693
1671062400,160007501296,160757653096,154147016843,154990172781,6018730047.778131
1671148800,154998738951,156596941644,141431148404,142815196831,9227039437.520807
1671235200,142793169535,145583293685,142232697228,145314071179,5088813391.972061
1671321600,145334874736,146397079895,143535978903,144774402429,3362978489.1341987
1671408000,144853945442,146523124977,140796028038,142882502457,4939794083.289023
1671494400,142889844889,150585937336,142359966048,148980392211,6688931926.948212
1671580800,148931442664,149620407531,147269605561,148520266474,4206178246.812768
1671667200,148487225530,151400947285,144645909869,148985287166,5292146078.56884
1671753600,149012209416,150565133778,148213108070,149304682956,4830891119.474301
1671840000,149312025388,150166194975,148614494351,149336500162,2632054199.9477677
1671926400,149356079980,149742781397,146204952925,149105213554,3927756656.0756626
1672012800,149123569634,150589608552,148150697398,150204130873,3215218015.6200304
1672099200,150324057262,150910228081,146900036485,148211884331,4136532068.574213
1672185600,148221674240,148660996420,144489271321,145541686570,4977525777.43054
1672272000,145573503775,147519248248,145188026097,146891470315,4136751808.1169553
1672358400,146848639461,147060346250,144530878435,146739726720,4071788004.2551904
1672444800,146732384288,147745639901,145726471108,146193939277,3461146010.089467
1672531200,146213519096,147307541460,145676297823,146832730859,2781885386.952732
1672617600,146843744507,149714635408,145957757715,148555754895,3482293361.8261604
1672704000,148548412463,149222692466,147393203166,148572887236,3018020777.369268
1672790400,148580229668,155505366758,148363627925,153740735607,5355777569.031469
1672876800,153746854300,154134779456,151897785182,153034638399,4983320567.822104
1672963200,153066455604,156185765454,151121934870,155301002401,3790966583.051656
1673049600,155301002401,155496800587,154200861344,154653644649,4389184950.023029
1673136000,154647525955,158471709275,153904716587,157755822157,2480832042.1500416
1673222400,157821904045,164581836415,157293248943,161560425658,6803847463.670739
1673308800,161592242863,164891442297,160684228776,163413165993,6078948024.107916
1673395200,163426627118,171105587223,161593466602,170004222427,5440494305.485628
1673481600,169965062790,175973619621,166478631341,173276499610,9938596990.89086
1673568000,173263038484,179244673065,171503302288,177580388485,9456707272.336521
1673654400,177591402133,196288905152,177415183765,189729665923,16139929612.715864
1673740800,189725994707,191796560523,185553045869,190036824327,7190078732.081132
1673827200,190045390498,196340302176,186161243984,192937084956,7657780477.868727
1673913600,192864884375,196773505662,188596483922,191548141575,7552861583.570307
1674000000,191682752828,197128389874,183001550758,184997468516,7371543810.039107
1674086400,184993797300,191406187890,184782090512,189904660551,10213131476.031778
1674172800,189806761458,204197928126,188727423958,203028033965,6439811384.611062
1674259200,203018244055,205528132051,197994796847,199034974710,10678892395.631123
1674345600,199000710027,203603191136,196259535424,199201403168,6993333147.955838
1674432000,199213640555,201696606300,193967472910,199028856017,7004306022.001811
1674518400,199034974710,200843660453,187285859814,190448000517,8478203162.749232
1674604800,190380694891,200729852757,185510215016,197158983341,9466608721.363104
1674691200,197319293106,199841418488,193108408369,195979299270,10377117493.08828
1674777600,196019682646,198432895288,189943820189,195573018035,8096497550.697493
1674864000,195603611501,196599734772,190533662224,192483077913,7060954689.540084
1674950400,192446365753,203203028593,191805126694,201362525645,7324748553.529477
1675036800,201289101326,201610944594,187640744026,191734149851,9363405684.477587
1675123200,191697437692,196366000688,191096582008,194038449752,7386863678.228516
1675209600,194042120968,201630524412,190581388032,200928098420,6202296419.428822
1675296000,200931769636,209801427460,199208745600,201052919764,10122916829.866068
1675382400,201126344084,205068006314,198984801425,203615428522,9279328060.31316
1675468800,203604414875,207393109773,201404132760,203944614223,7384152007.745952
1675555200,203932376836,204771861558,197001121053,199425347343,6056145557.547873
1675641600,199400872570,202900765144,196444319962,197550579713,7371783593.281916
1675728000,197550579713,205323767695,197113705010,204633579089,6753214672.060108
1675814400,204589524498,207783482406,199601565711,201969500022,8353325546.446032
1675900800,202000093488,202613186558,186503890809,189138600149,8773975087.122463
1675987200,189104335466,190244859900,182538977544,185292389534,10043570544.873692
1676073600,185190819225,188882838769,184183682306,188335827587,7185806225.68206
1676160000,188332156371,189426178735,182841240993,185483292765,4569456332.516452
1676246400,185396407320,186729058723,179034190015,184350110764,8552817962.507725
1676332800,184374585537,192049874426,182408037507,190470027813,6802010002.230726
1676419200,190483488939,205710469112,188809414449,205036189109,10002476460.042349
1676505600,205076572485,213304991250,199977253480,200439826694,11677362082.928019
1676592000,200466748945,210664163217,199612579358,207329475362,11642769606.80002
1676678400,207312343021,209677829855,205663967043,207068819027,8584220334.864418
1676764800,207029659390,211263795161,204019262281,205823053069,5267002819.381234
1676851200,205672533214,210427981655,202094321365,208446748761,8631727582.503101
1676937600,208449196238,210041280238,200362731158,203095339591,7955672515.003592
1677024000,203054956215,203851610084,195279320756,201068828366,8483733307.768841
1677110400,201093303140,205437575390,199358041717,201979289931,9406821462.903522
1677196800,202017225830,203669273024,192834290909,196774729401,7691699521.482343
1677283200,196738017241,196862838585,190679287125,195165513060,8254835818.350121
1677369600,195111668559,201996422272,194315014690,200897504954,5352563463.248681
1677456000,200864464010,203726788741,196862838585,199919737763,6165279205.529211
1677542400,199896486728,201609720855,195481237635,196354987040,7059686554.633596
1677628800,196488374554,204309288344,195257293460,203830806527,7870147972.028441
1677715200,203787975674,205329886388,198207727374,201661117879,7081214004.375539
1677801600,201684368914,201804295302,188749451254,192060888074,9737201170.716738
1677888000,192064559290,193037431527,189642780478,191726807419,5922691699.303157
1677974400,191735373590,194349279372,190105353692,191477164732,5034410205.569475
1678060800,191441676311,193655419551,190309718049,191754953409,4788274669.371416
1678147200,191595867383,193905062238,187709273391,191106371918,5018671304.163383
1678233600,191152873987,192145326042,186456165001,187530607547,7366064840.489914
1678320000,187490224171,189710086104,172328102147,175918551381,7214747782.824663
1678406400,175850022016,176294239151,167605694649,175075395443,13122819072.887724
1678492800,175079066659,185641155052,173684004584,182636876637,16071973830.569551
1678579200,182645442807,197598305521,179341348420,195065166490,8599942572.267033
1678665600,195034573023,208184868687,192716811997,205646834702,14553478200.54902
1678752000,205668861998,218378611743,203403721734,208659679288,15295151234.23927
1678838400,208642546947,210722902672,197626451510,202674373491,14872969162.137102
1678924800,202718428083,207446954274,200505908582,205234434773,12011125192.59832
1679011200,205220973647,220665779303,203940943007,219521583653,10857302045.723192
1679097600,219488542710,225897262083,214492017752,215825892894,11317314103.79258
1679184000,215856486360,225921736857,215730441278,218545040201,8555388712.812322
1679270400,218590318532,221250726383,211607665725,212656409759,11710656834.489923
1679356800,212667423407,225030855111,211011704997,221151603551,9882913455.80527
1679443200,221028005947,223236854232,209803874937,212782454841,10257685493.039131
1679529600,212782454841,227606824994,212170585510,222358209872,12303277599.32994
1679616000,222369223520,222992106499,211578295997,214390447443,12665571919.009363
1679702400,214400237352,215973965272,209944604883,213429812593,8677111430.47625
1679788800,213397995388,220402675490,213087165768,217328643971,6815086718.327559
1679875200,217309064152,218042083611,206546282618,209978869566,6621656484.803885
1679961600,209993554430,219690459589,208219133370,217036170431,9341627859.636677
1680048000,217114489705,223488944396,217032499215,219459172982,9754231949.279251
1680134400,219442040640,223860960950,215756139790,219197292908,9281090732.68475
1680220800,215986815257,222455397828,214469047279,219478886183,8739393581.470514
1680307200,219481295339,221898882903,218006892160,219410225251,8132924028.508805
1680393600,219433112228,219887238044,213658366447,216261458986,5211637848.196305
1680480000,216248208631,221602556774,212495948908,218103258381,7723557478.98761
1680566400,218181555936,227833837526,217133573284,225428295740,11375485958.387926
1680652800,225404204184,233983206991,224670616329,230016532428,10101598438.260506
1680739200,229974372206,230086397938,223413037147,225617414448,9495688748.132208
1680825600,225616209870,226876198207,221859131837,224644115618,9125126350.766521
1680912000,224646524773,226469050924,222642107381,222856522222,5381911608.267677
1680998400,222849294756,225789669068,219886033466,224027371805,5660874993.384551
1681084800,223986416161,231275316187,222599947159,230232151847,5982392576.356063
1681171200,230214083180,233184571936,226905108073,227933817480,10075450041.855577
1681257600,227909725925,232961725051,223574450567,231092220367,9235826765.676178
1681344000,231145221789,243889654489,229044438175,242616415797,13942206771.791437
1681430400,242144354695,256140922790,240469767444,252665523120,14213300262.64696
1681516800,252462152521,253803777715,249073858276,251325914891,11372262590.265524
1681603200,250489610594,256420384751,248424494441,253835697346,6914145749.0443
1681689600,253217122473,253452408862,245724982796,247921387207,10045191780.737
1681776000,247758344507,253593064382,244944834943,251229573107,9230747827.91793
1681862400,251184617587,251281286268,229663304870,231099013803,11961289052.180338
1681948800,233043148973,238832165706,230403347708,234047525914,11710188353.987694
1682035200,234025815415,235640600405,219868449920,222646458102,11507423409.987316
1682121600,222653051520,227463598181,221951036826,225695917956,9689163020.609941
1682208000,225708943297,226650566228,221271755953,224249548165,6720636365.535003
1682294400,224234127163,227532130537,217574303629,221839191526,7679406381.168209
1682380800,221866636695,226177205007,217087685402,224733525843,8209999810.618126
1682467200,224739159154,236540032962,215100755437,224752403681,11081753292.8264
1682553600,224775702847,233586753394,224224259673,229881970320,15405122500.467161
1682640000,229866158369,231741997602,225877290987,227897610778,10669969713.4546
1682726400,227919304250,231119701048,227009033377,229865068443,6006803293.205866
1682812800,229855029490,233548794938,224827270523,225089734952,4726643587.860919
1682899200,225243705229,227179638812,217490339389,220520653336,8686308429.20645
1682985600,220495972897,226692392134,219582220770,225350055346,7192163255.063511
1683072000,225357178741,230769545466,222005748812,229433307240,7296498257.325944
1683158400,229447226530,230944702251,224954799365,226185040673,8699663390.383184
1683244800,226218142945,241848158409,225996662557,240371221252,7034239529.505466
1683331200,240349755040,243266010449,224611845122,229150515840,10875456678.750051
1683417600,229118018549,233487730057,226129862759,226398231161,7803957587.920007
1683504000,226382451732,228141748082,218276692352,223476363712,8854767541.460178
1683590400,223487624300,225244375450,220998091336,222822224721,7908792169.892981
1683676800,222765816762,227609807398,215640602518,221852605412,6665491082.860081
1683763200,221828197264,221902789268,213211617743,216056941754,9987586545.455324
1683849600,217896662046,220444905554,211039460110,219443809890,9300493556.839317
1683936000,222288452652,223376210073,219697500513,220771737785,6868265909.508847
1684022400,220854927962,224429141613,220254922368,221355342463,4354034060.437469
1684108800,221362934177,227239303917,219636543067,223409027345,6364134687.44324
1684195200,218516972714,220415101573,216197839355,219497311763,5982418999.977997
1684281600,219483743092,220975242382,214632761934,219227542004,5573204462.432007
1684368000,219231931220,220372179265,213148202730,216709673679,5477058152.932841
1684454400,216616486085,220084033722,216252050798,218077835506,5657572505.585789
1684540800,218070135200,220085906527,217433892341,218934896289,3951465337.7862816
1684627200,218923443371,219990247899,216246209008,217065255100,3366340034.608158
1684713600,217115148751,219952304120,215572092227,218665421439,3847952270.563204
1684800000,218668381511,225344369773,218417024720,223060510701,6787465686.496036
1684886400,223046572380,223057396030,213685317382,216510290146,5811727887.419956
1684972800,216489872770,218694240871,211735990008,217223459536,7279440876.872104
1685059200,217216203772,221129402538,216117044685,219948467938,5354462958.400337
1685145600,219968879058,220944161488,218119329888,220220215714,4573938108.164781
1685232000,220216413537,231077936378,219413103389,229627648895,4153483646.768301
1685318400,229704958571,231960929287,225458779148,227723167665,7113144292.680982
1685404800,227705883673,230614768075,226360269102,228634225450,4965339639.182239
1685491200,228614184375,229443899537,222089496737,225353043042,6077545584.288179
1685577600,225372698841,227256947210,221201379382,223921334590,5691300477.907313
1685664000,223871609584,229918618842,222239915100,229341453512,6074899002.390496
1685750400,229333491866,229581179492,226367252191,227526334091,4303652385.983432
1685836800,227516810876,230296670127,226651110764,227297981126,3388309874.166665
1685923200,227239448093,227378921497,213687683129,217745637770,5181569288.492325
1686009600,217790463995,228232777245,216128831651,226583168289,9028871394.67371
1686096000,226576271118,228114032067,218971628429,220375932407,9869511250.630667
1686182400,220338825512,223854378165,219913207989,222002821706,6410035140.693846
1686268800,222007883416,223073113439,219780037780,221312959089,4497315966.323017
1686355200,221320213569,221833586438,206523773529,210708904574,9204201061.21569
1686441600,210711536460,213841052607,209148581796,210825752378,5571113865.74027
1686528000,210821464262,211522387050,206853976782,209548261462,5857381007.710771
1686614400,209543579989,212438645343,207309762951,209151640078,6344849506.186332
1686700800,209149041338,210402978603,195977289979,198497186917,4547275934.193412
1686787200,198458563302,201922027867,195068431377,200291879325,9673748944.657682
1686873600,200266007063,207748182632,198239183797,206454670275,5672207489.410937
1686960000,206458277021,212825949215,206049553489,207686851871,7039255080.358656
1687046400,207677496326,210093734758,205951268273,206870881407,3408733694.069974
1687132800,206852944129,210486856949,204209552039,208837591852,3856764340.07843
1687219200,208822298249,215966155712,206120061739,215493745147,5759374986.250783
1687305600,215508808332,228587832619,214913815498,227161051824,9837951987.716045
1687392000,227149409468,232334761028,224464181053,225091615803,11610519582.120047
1687478400,225091965527,232896323578,223834710249,227590850540,6252972515.339361
1687564800,227617792251,229163481677,224290833983,225496375581,8019619112.182722
1687651200,225501137775,232010716611,224755949651,228335256478,6451496183.134529
1687737600,228334699166,229413988989,220874619065,223491115662,6838053614.928209
1687824000,223470017061,229865142054,223097438833,227172963895,8493781780.365998
1687910400,227207580014,227241232205,218345034945,219667085335,7711550518.059403
1687996800,219758900773,225938286149,219689172299,222681485569,6256227082.327485
1688083200,222677786683,234045804773,219431842431,232514199967,7659522402.558512
1688169600,232553005866,233763612081,229564359340,231395296049,11724906326.906855
1688256000,231392251736,235698487556,226886452782,232988756808,4104141435.136199
1688342400,232975258622,237624136414,232550884724,235160844302,8111351420.323156
1688428800,235153334637,236476946738,232272885414,232777805561,6852969508.610879
1688515200,232802497090,233535824175,227805053336,229722523336,5846522325.472338
1688601600,229703909641,235352770433,221994579089,222091952514,7306594804.428733
1688688000,221984203952,225775641215,219608845667,224892094485,8210840153.610676
1688774400,224890888717,225154146761,221638029052,224309076420,4931836661.652282
1688860800,224308212978,225927424029,223284034941,224005287080,4058761404.7480702
1688947200,223995098513,229083519359,222124656076,226111968135,5229002286.038363
1689033600,226126014672,227400221397,223962267402,225860354590,6106467162.631463
1689120000,225871869890,228833792857,224264690099,225085710142,5250806755.221773
1689206400,225074779296,242028713751,224068650316,241129568616,5773065345.946029
1689292800,241143993405,243948412653,228376853740,233138235927,11124359688.763798
1689379200,233119024172,234061404882,231692230928,232213905964,8552150480.938165
1689465600,232230371645,233670369912,230220624481,231179821991,4120517626.7297416
1689552000,231141740593,232788494475,225370889943,229874821912,5204476617.831665
1689638400,229831160060,230519910699,225644565861,228136328644,6667280809.446971
1689724800,228115268850,231060149575,226278624872,227100787491,5311210877.49872
1689811200,227057515774,231823414578,225809847941,227419315406,5991092089.986864
1689897600,227492012639,229146298901,226655251565,227514855255,6346586983.453305
1689984000,227476016475,228107049582,222617662533,224353304070,4132041295.997179
1690070400,224386587565,228970787027,223468305345,227087346923,4281680648.343781
1690156800,227068126291,227265244473,220358896461,222435849013,5956187755.94782
1690243200,222426210356,224517563370,221884141270,223367319212,4792953274.516526
1690329600,223690512239,227264331513,222527726986,225392560219,4424209227.306402
1690416000,225065086872,226720109779,222984589665,223721357307,5742191373.344148
1690502400,224831792213,227455286766,224317239414,226508316357,3975159725.660464
1690588800,225373799682,226775167265,224806522239,226135778282,3162551529.1365323
1690675200,227633672408,228111503036,223813446779,225282019900,2591418947.113125
1690761600,225418138585,227221832327,224155552966,224758398257,4850184244.59422
1690848000,223116060336,225329699302,217983350226,225133812683,5883633052.992852
1690934400,227136881485,227809633627,220705128569,223011880510,6953055560.03598
1691020800,221036470180,223276457026,219324033885,220518533308,5469676182.678752
1691107200,220501312649,222336280029,217905680992,219684169350,4621441469.722515
1691193600,219678773948,220814341120,219361536135,220535556375,4332980363.896965
1691280000,220526896852,220745593665,219231538805,219670134062,2841697329.0857205
1691366400,219667459572,221620085916,216363014992,219602572297,3708510934.267167
1691452800,219598217511,225463189931,219290609861,223037174910,5917233140.548214
1691539200,223024451453,224827997029,221702732509,222856232678,7033250080.6563
1691625600,222845577759,224056714620,221660874441,222421439553,4308271836.571402
1691712000,222394670210,223002627633,220707768585,222001780729,3448931977.6170073
1691798400,221981683456,222636486049,221781037524,222209963259,3003880227.633203
1691884800,222165144664,223486748116,220277654643,220978104473,2140459949.8815153
1691971200,220975521004,222751254700,220319532778,221540199514,4078788683.473595
1692057600,221536251344,221721270367,217739757110,219514257738,3794473436.628603
1692144000,219508576089,219759666835,215786666369,216918376813,4773414662.789768
1692230400,216912493130,217185201520,185657949270,202116561312,5833742597.890731
1692316800,201981028269,204003935941,197091234233,199425081423,16212135306.451246
1692403200,199680561287,203878339359,198825859050,200704761435,6677075640.592052
1692489600,200705282354,203581945870,199803695376,202602221354,4788863953.49321
1692576000,202607008569,202847438870,198300901870,200425103583,4553224040.592746
1692662400,200418296342,200650303703,190175111261,196408055123,4310273930.867913
1692748800,196426581376,204278980315,195847148386,201872289765,8288804893.531186
1692835200,201872035262,202304806244,196610261406,199619221873,6296131171.039571
1692921600,199625416574,201414237265,196564705902,198706962940,5205801040.856647
1693008000,198706515169,198926510767,197536811802,197910684101,4748509031.082346
1693094400,197911968785,199479597862,197819401731,199280037719,2304764522.1353083
1693180800,199281390888,199806742543,195076173291,198628608396,4258712946.2109814
1693267200,198619183481,209894350818,197053956071,207909565523,4114324352.5716496
1693353600,207888293314,208069819444,203937996187,205004311936,11526590301.484446
1693440000,205014654658,207260283956,195973231771,197834170826,4777745337.875068
1693526400,197833886575,198847303480,192538392546,195769785952,6481075928.775872
1693612800,195770281064,197699745175,195662086815,196786104848,5628946625.84999
1693699200,196787585014,197975326373,195399081705,196645729265,2846759599.947341
1693785600,196646096613,197641499138,194286223236,195899544720,3487417715.3769383
1693872000,195900355486,197936851688,193473150153,196408878445,4460620888.944664
1693958400,196409434471,200517301782,193441238864,196218287002,3728596174.7173567
1694044800,196219765738,199371900144,195076485867,198089166578,5342462130.420581
1694131200,198078741118,199291750251,194282226904,196684201382,5791022389.690376
1694217600,196685104477,196794504218,195907284346,196581715712,2784562984.757674
1694304000,196594297423,196630363594,192360128867,194370216836,2571160401.283996
1694390400,194358961048,194577764705,184159344394,186525309219,5968210709.776662
1694476800,186525215166,195225661713,186276356186,191532450190,8484541612.936572
1694563200,191524940800,194504049346,190192877738,193325870825,5428035273.833718
1694649600,193323918070,197568977332,193279435716,195588911457,5124302571.26577
1694736000,195592934767,198721132934,193838883604,197334963647,4638550977.200665
1694822400,197335777591,198661840931,196204476047,196568752740,4104065598.3564
1694908800,196570511724,196641444124,193906338871,195135032308,2692327232.2590933
1694995200,195142703152,200681488675,193100073110,196876353841,4992032489.778196
1695081600,196845178551,199652460657,195735490592,197584569770,4689124675.788662
1695168000,197589648498,198301392990,193047468282,195063676917,4691578869.64809
1695254400,195064787907,195396616620,188561666487,190440826920,5633939022.623415
1695340800,190441303051,192606611048,189633370250,191535378719,4011962953.281514
1695427200,191533753401,192116854715,190936224837,191616710083,2784770635.0674896
1695513600,191618254391,192452637017,188866234462,190066110342,1973433895.771544
1695600000,190061917170,191973561358,188007200240,190932376536,4482590457.621037
1695686400,190936211722,192126512149,189945497023,191546992143,3708089241.861609
1695772800,191551788412,196323870615,190448041508,192076008075,4610254426.05273
1695859200,192077716571,200501376258,192016396753,198744743828,5504769911.889457
1695945600,198745349976,202980062992,198225930322,200501998391,6940197316.706889
1696032000,200504112086,203649519818,200349005970,200912918901,3652815080.652044
1696118400,200916358179,210755485870,200626583063,208351915510,3389187687.0383043
1696204800,208379713696,209609769997,196885961809,199950882152,6933279153.221766
1696291200,199947106637,200864543403,197525458346,199240091148,7224862619.309284
1696377600,199240739989,199316492353,195590197523,198070786821,4973851621.25199
1696464000,198055957779,198973412356,193496340797,193760875538,4606142204.63712
1696550400,193776507136,199750182549,193776507136,197905653949,5383126575.556689
1696636800,197915045359,198234899313,196152241234,196575506617,4207289597.1094713
1696723200,196575837078,197465668732,194524414373,196456792032,2944151291.6153474
1696809600,196459540963,196740924099,186238358678,189998551267,4708227412.099069
1696896000,190004286493,191765957050,186615625995,188496344596,6076685834.080159
1696982400,188508353034,191901866550,185949388909,188379683316,5791506222.943648
1697068800,188382031382,188502284955,183034355016,185120754498,5089180337.834312
1697155200,185113226867,189228350637,184902780736,186646477249,4802596212.675917
1697241600,186648710427,187753866474,185827359415,186993846211,3871250206.2872214
1697328000,186998995545,188390382173,186373653240,187353757045,2150965716.6752443
1697414400,187362300852,198471897479,187059246257,192438465321,4808354189.546323
1697500800,192443923556,192590641874,186834954418,188260046277,8055801780.983121
1697587200,188263358628,190673414400,187160553667,188049291798,5096674897.592924
1697673600,188056166889,189393497947,185502970993,188522789596,4446974102.069915
1697760000,188528573294,196179830835,187877939794,193000024966,6961330860.208518
1697846400,193002602316,197683348379,191620747941,195968357658,3951637544.026237
1697932800,195976603834,200624931085,195085423888,200112592816,5208346907.18749
1698019200,200117134093,216116354222,199453256057,212426539341,8317537619.846668
1698105600,212443017959,223019167298,211240362815,214681159183,18008380286.50658
1698192000,214666403490,218555697201,211750034519,214993517865,11169235457.062078
1698278400,214988816923,224359476774,212071309121,216934623858,11452165298.89056
1698364800,216927475389,216974375767,210042740451,214050918887,8028186421.012235
1698451200,214072074796,216692712625,213051000213,213670379966,6640783639.050941
1698537600,213672997606,217839105708,212109504380,215990575640,3576710342.207845
1698624000,215980125531,220125818218,213925920974,217686750980,6732847955.700295
1698710400,217684217710,218889318271,214333508966,218367348567,6602625498.465258
1698796800,218330879545,223516891898,214620571541,222196334949,6863441260.677234
1698883200,222198999311,225483540032,214784428261,216613716593,11789955676.500134
1698969600,216620076614,220726036959,213858716054,220456635929,8230108612.278309
1699056000,220498807120,224918669322,219521025360,223368410171,6647530142.094982
1699142400,223371844882,230099687900,222303856931,227772484425,6372927526.634901
1699228800,227764528644,230329869784,225005554161,228718263067,8120722386.368436
1699315200,228715513901,229451556171,222653989326,226833314306,8979565447.670332
1699401600,226832137596,229084752008,225390127623,227202562176,7472833404.006907
1699488000,227190816896,256351858564,226538971943,255034939331,10344537452.067797
1699574400,255092247453,256928672070,248420024943,249971424914,27014883312.802677
1699660800,249961721367,251489046076,244439300056,246958784517,11370398656.158207
1699747200,246963082961,248513246647,242213977920,246053910155,8902998564.297941
1699833600,246046522802,254690831832,244189704057,247032657110,9825400107.41282
1699920000,247023768805,248351413932,232834561514,238052543583,13197397701.36691
1700006400,238042021572,248067767653,236624202856,247783963398,13866977315.58694
1700092800,247740306869,251445354053,233384301261,236038322401,13517738111.422262
1700179200,236034569289,239454575887,229361708314,235814505573,13528770890.772942
1700265600,235811969731,237128736978,230709646965,236041652420,10780254622.355703
1700352000,236093296136,242472700998,233840963373,241994095318,7372484961.209319
1700438400,242001573880,248557757323,239909174909,243210114665,9616574313.07455
1700524800,243205243311,244825024287,232606320135,232612332685,11553148174.234425
1700611200,232640958705,251586190964,232226099604,248187953810,15724484508.07168
1700697600,248182882888,251201086111,245418401131,248044598676,11887274371.739882
1700784000,248042153960,256418487201,247669391499,250240250022,9417200109.118704
1700870400,250238866288,251544730141,248548217506,250671749333,9255970997.32163
1700956800,250672723859,251932893355,245041642034,248113906408,5492773027.062325
1701043200,248116969798,249137849146,238880957697,243874729114,10145624215.895554
1701129600,240580276436,246116270392,236693100050,242957420616,9580517504.810778
1701216000,246274564713,249521063188,242939088131,244054921681,10265811870.995686
1701302400,244052808573,247067231279,243096898700,246767833092,8830521882.08533
1701388800,246773730552,253704239439,245942887103,251015721419,10155495739.602808
1701475200,251008374734,262650775208,250962685256,260419204901,7043721947.471559
1701561600,260416554170,266482371844,258615445176,263779506010,9896370151.562075
1701648000,263776835927,273420727120,263571237449,269820950255,14478679736.127848
1701734400,269816020587,277594920725,263223793470,275732553443,11588844898.544424
1701820800,275725390732,277968819990,267002947397,268492555569,16829041292.56177
1701907200,268481810254,286333710668,267201436226,283221139440,11232758225.180525
1701993600,283210754614,287387198670,281298053838,283606278533,15524304470.269243
1702080000,283602388573,288776566026,280129294089,281454095100,12331878104.398956
1702166400,281444958965,285868927737,279308711001,282857503342,8142131854.308895
1702252800,282857740884,283112598002,258986524860,267506205978,13174650306.712091
1702339200,267490595055,269643627951,260452064845,264767747758,13723782822.205702
1702425600,264761596952,274367718839,257993674761,271565582671,12105315594.100863
1702512000,271559433820,280331087467,268717692116,278371680115,12498965995.247307
1702598400,278366066259,278643743542,264935381083,266963266691,12026960134.96502
1702684800,266957260656,272029820035,265728787744,267905660975,8572859804.816033
1702771200,267897490562,270063489198,263618381159,263811902680,6658778004.979904
1702857600,263815134188,267052063332,254443304800,266500355023,9635244046.69257
1702944000,266508307906,270935048737,256730535257,261716177660,9577856018.643288
1703030400,258065590022,268426138302,255698853015,260917051834,10098174167.278843
1703116800,264598768026,273867585133,262425788081,269165871891,14360291396.742012
1703203200,269162683189,281517699478,268207212571,279418067819,16524794105.502747
1703289600,279412754275,280316535938,272534639307,277666484653,10439599109.027748
1703376000,277661785416,279640010411,270103427583,272231882301,8977811956.223877
1703462400,272208178068,277094856473,270949852370,273143209007,7875685944.518032
1703548800,273140745065,273464039753,262082624532,268171140848,9680583465.27602
1703635200,268170941775,287484566538,265864604132,285841646497,10368720413.01813
1703721600,285838988218,294024702468,281023225921,281929411290,17610320703.197693
1703808000,281927407324,286735924417,271433038103,276427838662,13032820628.25064
1703894400,276428716181,279172488149,272608106858,275440814054,10123785094.044535
1703980800,275442833275,278983427320,271693120641,274269846246,6910646027.697526
1704067200,274272937056,282605288575,272202168028,282600481218,6592324221.565022
1704153600,282603174930,292262449052,282032295845,283184870672,11089827461.184599
1704240000,283185871954,286654425355,251858320693,265661624853,15984913098.03694
1704326400,265658721349,275785440522,264788587872,272584935756,14046414613.479177
1704412800,272590944965,273876915712,265465224816,272848139115,11021976422.034378
1704499200,272880088820,272996667776,266602852851,269516124915,8583900069.624996
1704585600,269518541269,271400638880,265386579847,267135272072,5500765937.199908
1704672000,267129790576,283524115749,260655468334,280286353707,10222526714.804487
1704758400,280285812700,285188116292,268752960218,281974397291,11844909319.835556
1704844800,281973697511,317152806104,281342730615,310543878560,19901180570.153618
1704931200,310571913662,323207897751,308522802680,314739841456,29978684437.436512
1705017600,314733428504,326485966660,295462342572,303191207781,19973385349.155876
1705104000,303165500635,311149138039,300068430999,309744219761,22291883411.604183
1705190400,309745576500,309874170952,296827242260,297231052876,9816120544.869173
1705276800,297177120552,306664194416,296770909384,301658663298,10355210666.105934
1705363200,301653729786,313880921208,300301696136,310777853756,8724522017.504263
1705449600,310767978123,311508285311,301254550038,303979024706,11632706408.186401
1705536000,303975223195,306049499538,291662962982,296617911626,10339251816.19975
1705622400,296635452460,300657778818,290066574101,299192820398,11605362329.329418
1705708800,299188933792,299202153045,294696791511,296820284130,9734870630.563135
1705795200,296826214925,298094081595,294645003544,295072833435,4666696335.145639
1705881600,295072897383,296170121980,276721725864,277922303490,9017431183.8108
1705968000,277926778905,282249592959,260309839452,269229474121,15271598429.521097
1706054400,269219242671,271916061994,263751092975,268376787081,13301860453.547142
1706140800,268379083578,269406623797,260972381392,266542731000,9015764712.097448
1706227200,266538719109,274099240348,263779387244,272386675928,10519344030.904234
1706313600,272371831405,274285101828,270563117846,272510038754,7490983958.5263
1706400000,272509778869,277378321241,269361030162,271235857636,6242614763.156636
1706486400,271237072239,279060941210,268583446634,278523726243,6729312236.061444
1706572800,278526009273,287301794144,276121141356,281595490862,9704221267.592245
1706659200,281591955202,282614711010,272078283088,274390600565,10796037882.009884
1706745600,274391159122,277613253000,269403583741,276728709511,10309453882.891573
1706832000,276727578746,279283850911,274237406707,277422230985,7963513537.754946
1706918400,277420217629,279855098803,275437219635,275877084644,6242273767.279718
1707004800,275883895218,277631349777,272670213314,275102708518,4427578257.227879
1707091200,275104212245,280870603441,272610410300,276517566986,6736699714.813957
1707177600,276518524036,287107904752,275958468263,284795571476,8070194336.712384
1707264000,284792096667,293663944888,282889612823,291345630716,8827739460.913427
1707350400,291354237519,295851383333,289833957066,290725694692,10109852923.65115
1707436800,290713610546,303257661587,290713610546,298879621930,12709212824.547928
1707523200,298867692689,302541349853,297200907447,300601774236,10277411974.027107
1707609600,300599487575,305212836018,299776319124,301364974149,7239832714.039028
1707696000,301371933187,320299909484,297212849576,319623352399,7075985148.888031
1707782400,319649740203,322881062341,311538388610,317355729804,20463777190.021255
1707868800,317349838939,334968769374,314834737220,333621693871,21497174445.399326
1707955200,333614597226,344749263496,332099292438,339508784368,20202463480.050514
1708041600,339501455321,343666394882,330718551903,337032052321,21374888090.10875
1708128000,337028318345,337194146213,327032983527,334991519533,18185673740.896366
1708214400,334993648194,347982332136,332464165383,346303620741,19892939984.743755
1708300800,346306191823,358704869391,343535175107,353899450551,12971329828.513872
1708387200,353922841536,364468476161,345696381344,362357186275,15994956814.742237
1708473600,362346432703,362619202497,344973279937,356703582697,21906794219.47913
1708560000,356694531263,364666016642,349287802912,357049006419,18877236012.659763
1708646400,357041198100,359472003384,349006203075,350895093785,14828840112.029772
1708732800,350891947004,361101648348,349198941332,359528799218,11328205787.070763
1708819200,359527249254,374681326955,358541969860,374004848542,12580956708.079025
1708905600,374005427247,383956700582,364944505704,381601654007,14398855752.84037
1708992000,381595949646,395339123147,380673169681,389868527855,22371229632.469467
1709078400,389853940201,419151559327,384427921173,406683490361,20071269258.447323
1709164800,406671462199,423549725191,396956368623,401783878639,37156547725.66252
1709251200,401745517158,414648776968,401394702273,412718093680,22201128784.843742
1709337600,412704665180,415977248116,408155006010,411339887568,15266051908.33517
1709424000,411330749686,419745089514,404259532634,419292176020,12172937957.310535
1709510400,419283868505,437532091975,413686865665,435862241374,17800394160.31733
1709596800,435887304056,459573971903,385787082472,427520449327,32800278084.855484
1709683200,427395836601,469053381156,420923782100,459270825134,51801127010.82073
1709769600,459255976443,472627069760,448924969111,464942174410,25189245932.37989
1709856000,464914964248,480392231638,460032526569,467117766389,21264210614.126526
1709942400,467102267845,474432287157,465969675970,470026829048,22822517754.272697
1710028800,470017202173,477058770840,456449301570,466775654529,13279432006.68111
1710115200,466750445671,491030677968,449650878602,488651534664,25710136983.619034
1710201600,488623136073,491493370215,460156177869,478040498725,23257327368.017883
1710288000,478021549197,490250275540,472371332420,481027392469,25525971784.64607
1710374400,481008562777,481885189276,447574268263,466422938858,21177182023.048428
1710460800,466420467251,471993505922,428708491498,449187397229,37235613150.44176
1710547200,449186590483,454064263252,416642354295,423100287370,20395658081.05157
1710633600,423086845077,441341327887,409703986840,437325870019,23995660606.42135
1710720000,437309313779,437342935869,414560367640,422403920883,17719133726.499146
1710806400,422401165205,425927839212,378309935082,379286164557,31333594752.2278
1710892800,379249376045,424204503576,367317457397,421981903051,31723934236.48393
1710979200,421949541266,430653728220,409788414841,419447192582,30408698248.616737
1711065600,419438376010,425189897034,390373382709,400419933108,19641372565.25974
1711152000,400496517948,412441422685,392881461069,400011421294,18861837447.763996
1711238400,399942961387,416806123650,396250692520,414760066366,12480212448.121323
1711324800,414810944260,439151197750,410665980763,431107422991,13021734356.191542
1711411200,431098138413,441656246665,425549518121,430819566696,21082375568.74996
1711497600,430816691997,440071935414,415562590755,420361917161,16201945274.856316
1711584000,420384727768,433382504697,415987696904,427280453671,21028656733.62533
1711670400,427286113932,430355121882,417042879650,421443472036,13472199614.067566
1711756800,421437971871,428290397298,418813229978,421152203998,11762437846.141752
1711843200,421143908773,439000803376,421025038913,437867337231,9969959133.658836
1711929600,437887477954,437911492711,410192459612,420755350414,12060996000.083372
1712016000,420754149677,421114371029,386012000936,393775971827,12060996000.083372
1712102400,393822800602,404414509113,384650364222,397650752845,12060996000.083372
1712188800,397657957272,413409236293,390570001787,399683602013,12060996000.083372
1712275200,399667253927,401773249304,385804185152,398517001035,16990735415.504507
1712361600,398513250527,408123530750,397209306959,402531942169,10928553146.192217
1712448000,402550098348,415458779588,401653178537,414828414259,9016414703.448015
1712534400,414831717576,447640993337,409253240167,443604221695,15820986535.10152
1712620800,443606336763,447318915544,414922703360,420974254800,18016827740.16297
1712707200,420972083577,427567539019,410002471177,425492726165,17162244314.531994
1712793600,425531227523,434382828419,417255965263,420535091965,15322708057.236067
1712880000,420536539977,426577310113,372953618144,388774168198,12826400724.97181
1712966400,388782129071,396543483268,342300454615,361211551243,25077944199.338184
1713052800,361189777472,381501749633,349916554878,379287688235,34910961640.776
1713139200,379288668087,393862701070,363567971608,372818124031,21969613206.98443
1713225600,372823418715,375468569796,359411554175,370406401408,22840699734.458466
1713312000,370405689834,375118505390,350286470097,358594233368,15227642648.50049
1713398400,358592975023,371398666267,354724251423,367936987143,19494726421.46048
1713484800,367937188941,375546237642,344392004157,367148306979,20342911327.018726
1713571200,367140981013,380758362436,362680301003,379067746701,11782154795.19598
1713657600,379065198955,383918482243,374369209113,378066205462,10301073698.057508
1713744000,378070661134,388501347652,375816902806,384307219874,10996893155.750164
1713830400,390627722894,398317720681,384914839281,393063722828,10526794730.63812
1713916800,393071186412,401819526853,379089463743,383328161615,11688964371.228321
1714003200,383332447275,389295719205,374865968075,384967892299,15980421424.886093
1714089600,384974460861,386495196941,378660843088,382073345561,12050335042.667345
1714176000,382093719416,400593031066,374688868602,397170713334,10286205829.099407
1714262400,397176504275,409170657881,396471037623,398018670347,12744970579.84624
1714348800,398032038809,401095616991,380347503238,392462673372,13938484050.513117
1714435200,392483323898,396624697388,356479128437,367790094582,15543574763.463055
1714521600,367789594663,368673290561,343697896266,362480095827,19123018209.86302
1714608000,356643352344,361636762785,347222163093,358107269450,16898895723.194613
1714694400,358105936330,375445109968,355370194707,372598881853,11881089693.724821
1714780800,372603166497,380534291899,371703649095,374495876012,11546854853.402422
1714867200,374506803197,380873184660,369222502415,376717802682,8600705929.494267
1714953600,376726012630,386821584720,365963887778,367813421566,10877375728.063057
1715040000,367833776145,375880579120,360423511317,360987988540,12381325055.844782
1715126400,360995753346,364863080287,352863557473,357243725594,11340873150.261143
1715212800,357232626508,367208567966,354333285949,364512205267,10952426707.828041
1715299200,364517278297,366709236704,345921063492,349446213040,10315605316.002773
1715385600,349450268432,353633668966,346709378390,349742133586,11331513616.495626
1715472000,349747045978,354792918170,348452247067,351755305512,6156914580.335244
1715558400,351760119085,359675583577,344041640356,354292106816,10883255886.120775
1715644800,354295970110,355506729178,343803926000,346102926850,11606369419.040909
1715731200,346107969541,365105632667,343885809906,364085841570,12638321281.477413
1715817600,364083439235,365377096493,351271788065,353829073396,14662931303.27364
1715904000,353837200120,374752548743,352400561196,371461252210,14332392168.560076
1715990400,371462496186,378057208669,370607225642,375253554946,12369290914.004902
1716076800,375260039379,376830064545,366942629858,369001561100,8280219691.282365
1716163200,368999941144,443345063672,366164954488,439729254420,10930908077.947865
1716249600,439776103776,461064931539,435835952830,455264020283,31285177408.09037
1716336000,455273843540,457905859222,438926755728,448969499270,28754265724.42269
1716422400,448974861763,473936663258,427296211694,454377105438,27666706968.835835
1716508800,454322797661,459657822065,436007602419,447624284696,44397132771.69927
1716595200,447629094803,453758268425,445501543551,450309256769,15260476378.77703
1716681600,450320770172,466297507078,448241235501,459618008078,10931201917.36884
1716768000,459620447509,477478778038,459133893599,467598730257,17887510681.985428
1716854400,467599691767,471793696505,453069045161,461523130334,18673513945.148567
1716940800,461517658718,466422909464,449478589962,452176898357,18792829745.389847
1717027200,452172183978,458960076913,444347485451,449662465688,16764981002.665285
1717113600,449668926660,461870424501,447327382815,451863898751,14352194112.480684
1717200000,451868820299,460034878206,450404288213,458010483977,12891795977.732288
1717286400,458011569657,460767671899,450551831721,453906250841,10114332154.926022
1717372800,453918302755,462255202555,451419275289,452354007678,11956082092.898281
1717459200,452358603835,460260657028,448664090597,457711142527,13060207137.455738
1717545600,457717183840,467032286019,453942122438,464459909679,14988485759.381012
1717632000,464467446165,465954891579,451862607847,458194463526,13818460158.660809
1717718400,458193953886,461345476861,432336566946,441777919419,14177514574.02674
1717804800,441773199957,445484570142,439967376264,442133643808,16747084141.920918
1717891200,442136721802,447031570072,440589209634,445255775830,7903817558.715232
1717977600,445276927769,446101185361,437983569777,440648589221,9035494959.880749
1718064000,440607522236,441078482678,412221342728,419978974297,15924924130.60809
1718150400,420018585411,439168777976,415975393167,427713266876,16607716495.94558
1718236800,427704771399,427769653797,411992417211,416703600263,16457270728.345669
1718323200,416699682257,424123819578,404040560909,418135488067,13386233830.39977
1718409600,418129521198,431440949637,417103439432,428559750486,16371491346.865078
1718496000,428576984076,438701209359,425265523729,435217927957,10139582802.004383
1718582400,435221333681,436807369092,416288636736,421624684660,14653969503.166098
1718668800,429077300538,429861096054,410527880895,425863861195,19906676201.921444
1718755200,425875132335,438379077619,423577566014,435133872184,19088121267.43259
1718841600,435134709530,443092380809,426136476135,429404892749,14459371962.484852
1718928000,429401632789,433467334009,421216428587,429962882972,16049260613.508202
1719014400,429951303148,430349923616,424770459826,427241662176,11693985527.910496
1719100800,427245648973,430377136268,416569735046,418105521084,6871883894.410494
1719187200,418099721407,419770007368,396373776336,409618679364,17420753674.69354
1719273600,402615451202,411736877971,400739489781,407709750026,18212800021.909157
1719360000,407718035317,411616641710,399736948676,404981559744,11675742192.74788
1719446400,404997531455,417555231108,403838987818,414398079516,12422828898.275331
1719532800,414412805184,418553099407,404226119019,405650284085,11889829893.700657
1719619200,405652269817,408828751931,404536955628,405286908272,10528055811.387064
1719705600,405296201164,415157554195,402630450887,412502620759,6961485816.001602
1719792000,412503822630,422943275699,411160130651,413059087115,8358440174.931813
1719878400,413049845855,415941651503,408499398563,410798660493,10179661371.663483
1719964800,410806892758,411906663104,390483377159,395491839487,13317385414.761969
1720051200,395497288331,397795419338,366383622406,367343981546,19003211358.698036
1720137600,367368444240,373517714984,338440668834,358280360564,31627405705.314365
1720224000,358286106205,370332387079,355246289370,368627974159,14274613895.66141
1720310400,368638893261,369416592158,351360034459,352342074642,10388460862.047647
1720396800,352350079295,371803745371,339445076885,362899101383,18448761938.84483
1720483200,362890687168,374105634307,361093651158,368563070399,22545333920.604828
1720569600,368579637828,378696284596,363615076142,372761649960,14274571460.550093
1720656000,372767438476,386334245562,367258252150,372564284977,15365089693.35916
1720742400,372565881323,379552558472,366384619468,376699945796,13865415794.829062
1720828800,376723503799,384925663058,374340874508,381872243078,10585618989.132315
1720915200,381880881874,392852971192,380432282375,390156532456,9893545840.36557
1721001600,390195004095,420015066382,388867797937,418885017660,13439060156.465849
1721088000,418897917275,420617057285,402591333290,414200938240,19880008861.845875
1721174400,414243846542,422886549906,406174598387,407460965420,18965941893.14582
1721260800,407440836933,419502783251,405021955642,411934762512,14988573362.66286
1721347200,411942154353,425461363814,405971821389,421138102167,15195847555.745922
1721433600,421146992442,425683120752,418592189193,423074215787,15163035998.734844
1721520000,423071417722,426439012826,410365689391,425189840633,9788705923.2229
1721606400,425191042916,428193143942,411655739211,413564964854,16639374255.786528
1721692800,413564964854,425747700015,407983966471,418830965052,22585131135.461113
1721779200,418827358202,419339530824,397413493014,401157402744,20463993230.25649
1721865600,401123738816,401745319204,371225361437,381704461374,23205876407.308365
1721952000,381702056807,394941598857,381162231673,393637121639,20413145298.891003
1722038400,393614278260,400076550192,383913055521,390680707373,12359598140.641949
1722124800,390669886825,394761256385,384692135002,393159815229,15128575467.210926
1722211200,393158612946,408372303928,391807246685,398875469325,12397735289.731754
1722297600,398932475102,404679111360,388992802511,394260853034,16837752424.798883
1722384000,394266845524,402655450642,386472272936,388597081600,13533199686.579256
1722470400,388598133546,389799444172,370341579065,385115655495,19049733698.240273
1722556800,385110732667,386622314840,356563835922,359179342068,18888278007.789314
1722643200,359179342068,362483898800,343588520370,348743773175,21364918718.34945
1722729600,348758882973,352598706128,316883420223,323160863653,15715465971.35942
1722816000,323174864963,324248783321,255792200295,290793761130,60534314527.30086
1722902400,290794598126,307054543957,290637061487,296100335942,35141177541.64164
1722988800,296097226066,306807504420,277828661223,281842911072,23751138265.050793
1723075200,281853848649,327472542501,279153983948,322735452498,23015748918.05997
1723161600,322708272380,325558510349,307167860970,312606163121,22326029501.592453
1723248000,312610644541,318040626998,310018925339,314000912475,13964493994.793947
1723334400,314009724105,326898829145,305805051661,307342074731,10327687545.733875
1723420800,307372343558,330625399067,302053991874,327434628598,17246278899.019123
1723507200,327456097710,329384064611,314182833375,325089136473,19978968828.927437
1723593600,325090698170,334060791133,316985380863,320202731181,16013064498.230394
1723680000,320206347641,321830087685,302891264927,309156495953,14847434298.636246
1723766400,309162034323,316329471550,306984980895,311889966465,15858282368.230095
1723852800,311910585255,316108412403,311309177354,314550765939,10593533952.808264
1723939200,314559636051,323054095811,312143129444,314230057748,8448736662.807518
1724025600,314238888675,318552362982,308509642127,317160648042,10197182422.69685
1724112000,317167054528,324267710736,307487403419,309572010772,12182027238.24019
1724198400,309575854402,320289003784,305257394231,316466144056,11976923444.903337
1724284800,316473404183,318183980199,310996433294,315578419262,13125820514.742271
1724371200,315581290242,336635521028,315380395684,332301251029,11483042815.357342
1724457600,332311298898,339346353601,329130607271,333309776224,16032294555.933168
1724544000,333299830778,335993310990,328983525730,330442744800,11298099243.136934
1724630400,330458077619,332385269544,320967679928,322589312085,9901912413.448263
1724716800,322582736713,324828717408,288518896664,295653825162,13159994073.953745
1724803200,295649725040,307334338994,291174612931,304133190252,21902719683.01774
1724889600,304186862588,312249270059,301529468064,304136337206,16587668429.800322
1724976000,304136188016,306415889124,292752118577,303864308095,13845357215.78331
1725062400,303893518248,304753687308,299814031140,302294686527,12926809676.66942
1725148800,302297113795,302648406635,288761511913,291837730383,8244896613.213331
1725235200,291825766903,308431918081,291600790429,305324355342,14458266189.381075
1725321600,305328655259,307108046715,290804778552,291859901139,9632977613.040203
1725408000,291791225789,299408234413,277750712341,294764157128,16277278541.375454
1725494400,294769648272,296642954758,282603382901,284974794002,13846191417.145943
1725580800,284974853481,289632331570,258768568216,267656398401,15431529705.35842
1725667200,267650981100,277944277796,267277991974,273459985945,23912422890.95027
1725753600,273466543266,280599197563,269735375761,276385541128,9554308788.378866
1725840000,276363603142,286266262258,273507113136,283886255000,12972048499.134989
1725926400,283885051761,288661911626,279427050300,287418965470,15854959422.699694
1726012800,287430235054,287473553185,274146008376,281621995727,13906287534.954529
1726099200,281620003523,287748429460,278687552314,284217936293,14144649818.299042
1726185600,284223273274,296305872986,281254667209,293500919303,11053087067.073265
1726272000,293506376470,293845720806,286860281560,291109305845,13003248614.05426
1726358400,291115358002,292442679220,275313857622,278769946959,7125992326.014738
1726444800,278777782745,281043779598,271114549629,276245835120,16132440756.122202
1726531200,276250025580,287953240491,272378638190,281761668181,13653315160.591108
1726617600,281768134463,285916367162,274121522751,285756310606,16147829255.010424
1726704000,285788241485,300025062765,285560789310,296668638881,21508484248.99577
1726790400,296669573257,309493635877,293410605392,308279345413,19566921192.168575
1726876800,308285653781,315505269484,304438160631,314449826415,13830371946.962242
1726963200,314442017424,316702155548,303934421064,310647440477,11400728466.815004
1727049600,310653928407,325228279976,305723200218,318563312264,17903161177.784344
1727136000,318603578967,321436905342,311937919890,319296865285,16488702942.398003
1727222400,319317874074,321774470949,307636701773,310559101191,15556533026.6785
1727308800,310551599007,320765583841,308025184422,316722598329,15379339305.870882
1727395200,316724948728,328348423709,314844875422,324353568841,17334016091.082756
1727481600,324355404994,325536179129,319090668944,322039595172,14881759153.24663
1727568000,322043460429,323054536764,317139740202,319922607449,10227280906.206903
1727654400,319927222668,320590450165,310026957398,313256429947,14770614490.586878
1727740800,313261555774,319926413543,290537002800,294698175513,16314360380.298384
1727827200,294647827575,300720496612,283252394915,284523502646,26064111562.412395
1727913600,284518538079,289223860588,278053384026,282780373408,21107856967.2992
1728000000,282790791770,293797734322,281540112274,290586172344,15917154087.234892
1728086400,290587376078,292260566164,287699618512,290655988909,14844802777.264603
1728172800,290667951021,295782784387,289743453015,293718312929,7598184945.9509
1728259200,293715405977,303391479099,289402222349,291614790451,13287979048.068542
1728345600,291592906600,296747557697,288996320328,293747700029,15183438792.117222
1728432000,293747634534,297520343348,282966402838,285203063009,14048275352.400745
1728518400,285195415760,291090439866,280480118757,287019177557,15421121281.267357
1728604800,287023595621,297221126442,286502343013,293386970420,14805227694.342466
1728691200,293388265893,299619248374,292940444123,298003719299,12246562450.355572
1728777600,298006749854,299039639602,293239566401,297124339382,8784984709.082523
1728864000,297128148489,319328339670,294076389656,316478827576,15689156440.69905
1728950400,316475233090,323451568658,305452743278,313812307417,19290824309.012287
1729036800,313811911798,318612913460,311640144748,314280214117,23026461579.304695
1729123200,314283249229,318721931294,310082934142,313613895492,15284093821.804768
1729209600,313615554282,321947607729,312505576927,317971192105,15825543459.036549
1729296000,317975177213,320592415396,316736383242,318772146705,13420213552.184578
1729382400,318778132417,332013753186,317245574182,330644924661,8039611136.83312
1729468800,330640951279,333269089295,319674524714,320937427499,19591593873.14793
1729555200,320943552842,321502176176,313687469141,315618572220,16568260601.024132
1729641600,315611747231,315951259693,295248223220,303764929431,14243219582.520796
1729728000,303762260488,308095305975,301643294093,304977054291,18674054678.350067
1729814400,304978677289,308698957234,286820340031,293704663890,16856751212.562382
1729900800,293694709399,301307554052,292053667606,298289144825,21501613948.523903
1729987200,298294027473,303880644173,296315835395,301562920650,10088259128.211231
1730073600,301569270036,311331567679,297235956121,308735673041,13683452179.048779
1730160000,308738398691,322652378401,308190556811,317514705208,21245042912.44571
1730246400,317521003841,327655600779,312996135683,320062780500,22471527103.49777
1730332800,320074591204,321235320049,301394562885,303159737663,19463492240.673565
1730419200,303166250422,310980806642,296950728201,302034404066,21738716883.508724
1730505600,302025242281,303666441685,297380997160,300156466438,15386351167.080355
1730592000,300157970066,300498738480,290221500282,295836352270,12281655141.853672
1730678400,295843027469,299781805189,284094126763,288685554291,15258699412.300047
1730764800,288685286348,298431837615,286579193172,291531944019,17895201371.778732
1730851200,291540433017,330379174828,291474202564,327723935759,36908427679.428
1730937600,327753611022,351367833797,325347633607,348846253864,34329625831.75256
1731024000,348889651560,359286726225,347866080392,356881936081,30948476201.275997
1731110400,356889123124,380347200840,356016068384,376750215309,32734638979.122337
1731196800,376731498927,391291851035,369942046840,383606451387,36112119683.20904
1731283200,383528139105,408168053619,374236238397,406234047328,44979799394.95767
1731369600,406261456566,414883794807,386923815857,391249435824,68299883242.38029
1731456000,391125309428,401461242982,375740026067,384138348403,44425973520.77349
1731542400,384140235028,390632145633,365465304653,368810607502,46567619751.82463
1731628800,368806184120,376982743603,363116310253,372198432730,34592513518.59709
1731715200,372131926829,387791512871,370035391971,377301613301,31974826866.971935
1731801600,377325867171,380875922723,365827926055,370507544737,27609923907.095364
1731888000,370529017582,388279516365,367475064738,386364774638,26117296844.039
1731974400,386368869700,388047598164,369434666208,374287805169,35373937769.26675
1732060800,374395781825,380878330406,365360195348,370165205350,28314970075.174427
1732147200,370168969694,408130139008,365510832427,404461916125,41647369233.67457
1732233600,404457547158,412953770149,392937367268,401120476441,46815416918.86382
1732320000,401137044040,421418618154,399377565399,409137192299,36060017566.92226
1732406400,409142323926,415774453893,395840730412,405100662737,35796321747.25977
1732492800,405134014932,427448968790,397904446796,411649417834,31699876102.403717
1732579200,411659701466,416935907684,391807388457,400394320740,53380680130.83201
1732665600,400399499391,443537047574,397565654651,439814389653,37750344429.17754
1732752000,439815928463,441373172039,425559863331,431358879434,42778293977.7107
1732838400,431366714322,439021752743,425940983031,432666240196,27840149441.2314
1732924800,432668070870,450443736950,430075008395,446231967570,32959241614.8517
1733011200,446253286889,451415389437,441029759416,446822972961,26310322530.20939
1733097600,446821609498,453117127776,428669752608,439065126294,38854427955.73329
1733184000,439068073129,442140551176,421992996191,435490942671,38954263741.79809
1733270400,435488125775,468425396813,435488125775,462565893994,45216124204.39701
1733356800,462559478244,476884836358,445007481961,456498842459,65673780617.0458
1733443200,456562148553,492801961802,455493827427,482164518530,50664826700.80521
1733529600,482158717482,485409458455,478712859786,482034661787,44683574509.00858
1733616000,482039619209,484008873063,473064157607,482610522161,20775930396.034184
1733702400,482616692348,482708230701,423974333049,447667108472,28828686858.75385
1733788800,447531305758,455492717438,423916867421,437213990712,64101048474.43449
1733875200,437183575123,463765758703,429382360667,461772396047,49870318859.85569
1733961600,461780165546,480473280643,457626006141,467792796381,37938462340.11395
1734048000,467803134173,478004895138,464190964027,470540867664,41070996136.22512
1734134400,470606513807,475224447949,460914151774,466239109217,32302738033.653378
1734220800,466246567724,478562428436,461487646875,476727997545,27300785008.398388
1734307200,476756438314,494512005748,467794941692,479989322311,32612236376.401424
1734393600,479996464417,486834473869,463789767716,469083593952,41726832105.20406
1734480000,469051212039,470388230047,435837757494,436951939168,37179155339.90415
1734566400,436932806490,447838600774,401307693642,411400431692,51357366105.19327
1734652800,411404169780,420929606029,373356628707,417800232815,75430588165.6153
1734739200,417843800901,427995627850,396527132472,401948747695,41386417760.41566
1734825600,401975010424,409635967792,387843194095,395034375776,27360416890.47176
1734912000,395056417944,417160323462,387255606383,411858999855,29882388966.040577
1734998400,411862723091,425773292847,404040135631,420268330621,28738584980.600674
1735084800,420278408045,426900124185,414251766996,420978283810,23099917466.49769
1735171200,420964114412,423044505149,397819616878,401415428315,18345462139.828533
1735257600,401410564276,414205097610,398041172530,401106993764,23783116496.170685
1735344000,401104131773,412220782556,399630826191,409494625130,18642273240.216457
1735430400,409490045491,410422473386,400044093143,403601534449,13053796467.911688
1735516800,403615586773,413258066167,397557112400,404250467662,18609301620.697136
1735603200,404255722501,414879003606,398777829648,401343897776,25572263136.780514
1735689600,401340266996,405676143721,398627181588,403979862969,18385200095.163857
1735776000,403990718489,421857191780,403371475922,415410563420,18583698254.650085
1735862400,415424987541,436825059038,412089019631,434338443738,19204731797.57972
1735948800,434338921714,441976995085,430301826468,440342158245,21790134978.39653
1736035200,440343605700,442616951593,432932040288,437946171505,14855041085.33403
1736121600,437942209619,450923210033,434923148177,444151404620,16919363785.211275
1736208000,444150199887,445948866580,404700005959,407514262754,23962135136.018055
1736294400,407506754012,411337927596,386555776457,400792562068,38635596831.67107
1736380800,400795935526,404352493891,380445723010,387755221520,31751986264.15086
1736467200,387736526171,400086334865,385045132880,393575909913,28161681851.866234
1736553600,393621687098,399919624453,387884021576,395479620789,22608671345.518707
1736640000,395487794819,397443358708,388464392532,393506927884,10738877193.318995
1736726400,393529088342,401999749585,352463852809,377872221745,22610181561.09617
1736812800,377857653575,392203780415,376575587478,388502176043,34364860470.10353
1736899200,388514386039,418371096107,383870437350,415691246112,21492741650.76453
1736985600,415737552776,416940130288,393587472793,398630345426,28320956558.404854
1737072000,398637652384,424718800774,398547276939,418414209739,27418290904.773743
1737158400,418483924547,421224146339,389181385715,398764931849,33612249228.689213
1737244800,398761313852,415103980772,376914053031,386961623948,35055154982.44325
1737331200,386943089828,415464643168,378515199167,395131182056,66770845800.31956
1737417600,395154077384,405330448078,385813988663,400494713845,51292974283.90976
1737504000,400493597813,405617332307,388407272089,390776336533,25438057793.09038
1737590400,390783662195,403128016947,383714940507,402056742896,22117637495.30106
1737676800,402031789988,412965192153,394814756420,398972172651,35668140675.52208
1737763200,398953384725,403712183375,394006596054,399899360146,19637474330.53377
1737849600,399905635777,404976625641,389200882222,389653993483,12657921606.68757
1737936000,389602046011,391968872445,364150226109,383377678123,30795201147.61578
1738022400,383374062808,388358377539,366320620410,370838559464,39127362269.012
1738108800,370842120644,383123704214,367976297297,375064931833,19995169737.4656
1738195200,375067242107,395673120659,372674993368,391361047115,24940126845.2409
1738281600,391370897000,414270636218,387393783194,397825873225,22146538622.961613
1738368000,397841130111,401367564809,373812924856,375606272372,27905179154.276623
1738454400,375613815718,381130157401,331913349674,345820508660,24966161273.73745
1738540800,345812221937,351817973681,259422441983,347028317363,86937679429.62895
1738627200,347023381837,348461232469,317781862955,329483532513,53302602145.0956
1738713600,329486261189,340714487858,325417294547,336177879316,41817045446.51984
1738800000,336141013536,344367090640,320404799226,323878433543,29317356631.293377
1738886400,323893076016,337220178901,309036435863,316081467641,29449868143.958385
1738972800,316088931439,321520161848,312151108592,317343683071,29345569896.594074
1739059200,317358712193,325197155375,304256470552,316737952814,14861438955.653173
1739145600,316734629283,324723901615,308718838545,320822079868,20607579343.178673
1739232000,320827546810,328501168631,308961518974,313766271814,18167390528.969677
1739318400,313769996671,336772025417,307251027409,329946876756,20297647741.834454
1739404800,329994232407,332373798563,315145450284,322555375898,26440590372.554173
1739491200,322571340066,336516304944,321257369481,328558947306,17488173890.08673
1739577600,328569382059,330187166570,321470177152,324690074640,15768866067.626957
1739664000,324692914764,328691646458,319857547617,320913588909,10214886985.951656
1739750400,320912085620,343513786558,318282775307,330818111682,15234044788.078829
1739836800,330825836652,332255639842,314217937209,322072210211,24767760060.353443
1739923200,322089420327,329718402828,320100194485,327225239773,19850541577.123837
1740009600,327235484673,333895306566,326403609744,330084354900,13684444006.256273
1740096000,330086215552,342961247770,315594419760,321071643411,17014806388.985195
1740182400,321087422478,337114304479,319822681696,332976468097,32964754267.768543
1740268800,332984804571,344154308404,331062936144,339946453441,17218903299.6245
1740355200,339985835187,342357473280,298625045588,303209167616,23741393039.24073
1740441600,303128377139,305393957460,280384555107,300798892743,39473026602.38781
1740528000,300808538641,301941931670,271729773018,281312972801,40541519450.01065
1740614400,281362203199,286685734668,268728010054,277811172581,31463011857.970543
1740700800,277831236035,278736797221,250241162160,269484638799,34176788750.321266
1740787200,269498338902,274917342083,258420372229,267269963762,21479274491.894157
1740873600,267278066641,307425848959,262059120228,303518874288,14907339897.828028
1740960000,303537397568,304295894372,253056963200,259173172725,40473511637.298416
1741046400,259173457841,267682295593,240759348930,261690173315,34564833752.22235
1741132800,261686860283,274046382271,259933445806,270259778793,29312036901.130234
1741219200,270265340036,279765810113,262583441790,265570578675,19745824059.058426
1741305600,265581991335,272134047710,253638025509,258264141513,20964479919.59578
1741392000,258271598872,269349891833,253904681954,265626977575,18204413745.24945
1741478400,265638695356,266667433244,240068589032,243523845830,9675414670.519197
1741564800,243554122172,259376263601,218504508826,224855556678,25421703904.261932
1741651200,224863083020,236552301712,211902667825,231299872141,38563100488.54337