Date,Symbol,Open,High,Low,Close,Volume,Price,Log_Volume,Volatility of Intraday Price,7D_EWMA_Intraday_Price_Volatility,Return,Lagged_Return,σ_Rt,Amihud,σ_LIQt,Log_Cap,Datetime,BitcoinDominance,RegSin,RegEU,Year_x,Month_x,European_News_Index,Year_y,Month_y,SEPU
2019-07-05,DOGEUSDT,0.00449,0.0046,0.00355,0.0038701,1928297660.0,,21.379903409184973,0.16294589673842533,0.16294589673842533,,,,0.0,,20.03917983441184,2019-07-05,64.68770592087671,0,0,7.610357618312838,1.9459101490553132,5.438079308923196,7.610357618312838,1.9459101490553132,5.676954346541496
2019-07-06,DOGEUSDT,0.0038741,0.0039426,0.0033652,0.0035,1010744287.0,-5.381698975487088,20.733952814230744,0.09113988298633588,0.14499439330040298,-0.1005173780057624,,,0.004847960198731248,,19.92421092289821,2019-07-06,64.72220906417722,0,0,7.610357618312838,1.9459101490553132,5.438079308923196,7.610357618312838,1.9459101490553132,5.676954346541496
2019-07-07,DOGEUSDT,0.003504,0.00365,0.0034,0.0035377,530613992.0,-5.535914874832397,20.08954536946723,0.06397330142795982,0.12473912033229219,0.010713829978299635,-0.1005173780057624,,0.0005333037548267705,,19.863786567351625,2019-07-07,64.66534958632135,0,0,7.610357618312838,1.9459101490553132,5.438079308923196,7.610357618312838,1.9459101490553132,5.676954346541496
2019-07-08,DOGEUSDT,0.0035378,0.0035618,0.0034,0.003458,308445688.0,-5.613028111387737,19.547056333946912,0.031406154862319194,0.10140587896479894,-0.022786411212569,0.010713829978299635,,0.0011657208545000394,,19.876454861633572,2019-07-08,65.2153898039061,0,0,7.610357618312838,1.9459101490553132,5.438079308923196,7.610357618312838,1.9459101490553132,5.676954346541496
2019-07-09,DOGEUSDT,0.003462,0.003582,0.0033564,0.0034545,253375582.0,-5.637489243922369,19.350383459724426,0.05575904555970611,0.08999417061352573,-0.001012658314386269,-0.022786411212569,,5.2332725937653875e-05,,19.85427655557819,2019-07-09,66.30688620351148,0,0,7.610357618312838,1.9459101490553132,5.438079308923196,7.610357618312838,1.9459101490553132,5.676954346541496
2019-07-10,DOGEUSDT,0.0034576,0.0035294,0.003251,0.0033421,241274866.0,-5.631833975343617,19.301447364374457,0.0582366869118306,0.08205479968810195,-0.03307837701889665,-0.001012658314386269,,0.0017137770237868734,0.0018203232116505617,19.83020314753017,2019-07-10,67.18313010803865,0,0,7.610357618312838,1.9459101490553132,5.438079308923196,7.610357618312838,1.9459101490553132,5.676954346541496
2019-07-11,DOGEUSDT,0.0033358,0.0033395,0.0030909,0.003209,202811394.0,-5.646627394155141,19.127787011535023,0.05426707685584276,0.07510786898003716,-0.04063998980009613,-0.03307837701889665,0.039080356650077135,0.0021246571689442256,0.0016995409809449228,19.787068574770185,2019-07-11,67.52984184424199,0,0,7.610357618312838,1.9459101490553132,5.438079308923196,7.610357618312838,1.9459101490553132,5.676954346541496
2019-07-12,DOGEUSDT,0.0032105,0.0033598,0.0031562,0.0032622,228622573.0,-5.701934183798583,19.247583048981998,0.05835215120611564,0.07091893953655679,0.01644245227007306,-0.04063998980009613,0.023774182909618264,0.0008542606221378377,0.0007623712591820463,19.779750163182047,2019-07-12,67.58141804635044,0,0,7.610357618312838,1.9459101490553132,5.438079308923196,7.610357618312838,1.9459101490553132,5.676954346541496
2019-07-13,DOGEUSDT,0.0032626,0.0032653,0.0031358,0.0032532,110731940.0,-5.695873830588161,18.522622883614737,0.03860620813356006,0.0628407566858076,-0.0027626870873098263,0.01644245227007306,0.021783302330995673,0.00014915204529449886,0.0008299942468608826,19.790513519092016,2019-07-13,67.54056578187024,0,0,7.610357618312838,1.9459101490553132,5.438079308923196,7.610357618312838,1.9459101490553132,5.676954346541496
2019-07-14,DOGEUSDT,0.0032474,0.0032788,0.0029008,0.0029175,216658454.0,-5.7244036368606945,19.193832726852065,0.042739105112267216,0.05781534379242251,-0.10891204213190904,-0.0027626870873098263,0.04488216913093818,0.005674324856418161,0.002087503816255239,19.75616096034919,2019-07-14,67.7835663904129,0,0,7.610357618312838,1.9459101490553132,5.438079308923196,7.610357618312838,1.9459101490553132,5.676954346541496
2019-07-15,DOGEUSDT,0.0029175,0.0031354,0.0028011,0.0030712,220027648.0,-5.720277777185398,19.209263769147753,0.10894498756344011,0.0705977547351769,0.05134127952587694,-0.10891204213190904,0.05516558217863322,0.0026727354126052888,0.001926316308442791,19.711004148383047,2019-07-15,68.76012416210125,0,0,7.610357618312838,1.9459101490553132,5.438079308923196,7.610357618312838,1.9459101490553132,5.676954346541496
2019-07-16,DOGEUSDT,0.0030624,0.0031009,0.0027323,0.0027994,159080438.0,-5.764998521329844,18.884920531631632,0.06594062287165238,0.06943347176929578,-0.09266325620004251,0.05134127952587694,0.06289812040345982,0.00490673265184434,0.0021888858752555722,19.688819896642862,2019-07-16,68.99108094371034,0,0,7.610357618312838,1.9459101490553132,5.438079308923196,7.610357618312838,1.9459101490553132,5.676954346541496
2019-07-17,DOGEUSDT,0.0027995,0.002986,0.0027063,0.0028822,320691294.0,-5.776062887045836,19.585989517428672,0.09206105597595576,0.07509036782096078,0.02914878291771565,-0.09266325620004251,0.06676708967780964,0.0014882466311838618,0.0022389511141457956,19.667484607007278,2019-07-17,68.16333024250717,0,0,7.610357618312838,1.9459101490553132,5.438079308923196,7.610357618312838,1.9459101490553132,5.676954346541496
2019-07-18,DOGEUSDT,0.0028663,0.0031251,0.0027797,0.0030979,263423204.0,-5.813820579865139,19.389272437546772,0.11597271748022739,0.08531095523577743,0.07217057116197194,0.02914878291771565,0.07576941709324504,0.003722190783302198,0.0020864482004469614,19.700177061337126,2019-07-18,67.84054811497691,0,0,7.610357618312838,1.9459101490553132,5.438079308923196,7.610357618312838,1.9459101490553132,5.676954346541496
2019-07-19,DOGEUSDT,0.0031008,0.0031068,0.0029202,0.0030232,101195703.0,-5.7682889963057615,18.43256685344186,0.04690249312123435,0.07570883970714166,-0.024408589530953796,0.07217057116197194,0.07595026155161969,0.0013242100096545182,0.0017875619341908922,19.73044808777699,2019-07-19,68.20944094221846,0,0,7.610357618312838,1.9459101490553132,5.438079308923196,7.610357618312838,1.9459101490553132,5.676954346541496
2019-07-20,DOGEUSDT,0.0030131,0.0031528,0.003,0.0030787,106012025.0,-5.774162021418782,18.479063089038352,0.04862448441310031,0.06893775088363133,0.01819155691030458,-0.024408589530953796,0.05954041763131963,0.0009844415175515949,0.0015503145146407717,19.730149059183095,2019-07-20,67.83567971728284,0,0,7.610357618312838,1.9459101490553132,5.438079308923196,7.610357618312838,1.9459101490553132,5.676954346541496
2019-07-21,DOGEUSDT,0.0030701,0.0031272,0.0029872,0.0030468,59882988.0,-5.75946433208348,17.907903016070346,0.03721293541544396,0.061006547016584485,-0.010415570446950715,0.01819155691030458,0.05598091447026449,0.0005816186539319485,0.001732491161519257,19.71539767513587,2019-07-21,67.67456243174752,0,0,7.610357618312838,1.9459101490553132,5.438079308923196,7.610357618312838,1.9459101490553132,5.676954346541496
2019-07-22,DOGEUSDT,0.0030533,0.0030816,0.00292,0.0029567,92581872.0,-5.767617243485529,18.343603913712936,0.032473263006821615,0.053873226014143766,-0.030018077969509192,-0.010415570446950715,0.03872057166542614,0.0016364329556346827,0.0010960335978493145,19.695464222162087,2019-07-22,67.63817597660073,0,0,7.610357618312838,1.9459101490553132,5.438079308923196,7.610357618312838,1.9459101490553132,5.676954346541496
2019-07-23,DOGEUSDT,0.0029567,0.0029567,0.002816,0.0028192,161810410.0,-5.782306336360468,18.901935899208762,0.0074413358521140975,0.04226525347363635,-0.04762062478726353,-0.030018077969509192,0.04319997515424128,0.002519351723611386,0.0011502030506659203,19.67046504419301,2019-07-23,67.52395664437232,0,0,7.610357618312838,1.9459101490553132,5.438079308923196,7.610357618312838,1.9459101490553132,5.676954346541496
2019-07-24,DOGEUSDT,0.0028195,0.0028819,0.0027629,0.0028741,68490381.0,-5.8236814974351505,18.042203870014507,0.04151217056865864,0.042076982747391925,0.01928642500299183,-0.04762062478726353,0.026977209397278105,0.00106896170456455,0.0006712794131946375,19.647569756062296,2019-07-24,67.08769165207562,0,0,7.610357618312838,1.9459101490553132,5.438079308923196,7.610357618312838,1.9459101490553132,5.676954346541496
2019-07-25,DOGEUSDT,0.0028555,0.0029487,0.0028476,0.0028656,149944114.0,-5.8493054801331015,18.825773209304508,0.033733747186424946,0.03999117385715018,-0.0029618294384050033,0.01928642500299183,0.02649997228360128,0.0001573284350913746,0.0008311180430210511,19.678829401459442,2019-07-25,66.91015416176553,0,0,7.610357618312838,1.9459101490553132,5.438079308923196,7.610357618312838,1.9459101490553132,5.676954346541496
2019-07-26,DOGEUSDT,0.0028656,0.0029033,0.0028177,0.0028798,29517748.0,-5.8263908837235805,17.200502267523653,0.02754326516458975,0.036879196684010074,0.004943094967722925,-0.0029618294384050033,0.024244825803617677,0.00028738085032877235,0.000905614737878978,19.67102383628096,2019-07-26,66.70105440194789,0,0,7.610357618312838,1.9459101490553132,5.438079308923196,7.610357618312838,1.9459101490553132,5.676954346541496
2019-07-27,DOGEUSDT,0.00289,0.00296,0.0027551,0.0028047,86758314.0,-5.841907257908001,18.27863681081573,0.05069286703287502,0.04033261427122631,-0.026424265908790483,0.004943094967722925,0.025018848373239314,0.0014456365746681322,0.0008862851919279298,19.652418869806034,2019-07-27,66.7519124678328,0,0,7.610357618312838,1.9459101490553132,5.438079308923196,7.610357618312838,1.9459101490553132,5.676954346541496
2019-07-28,DOGEUSDT,0.0027973,0.0028137,0.002726,0.0027932,49225120.0,-5.822566010646168,17.71191462027217,0.028528411119448913,0.03738156348328196,-0.00410868939349934,-0.026424265908790483,0.02386916756643068,0.00023197319327616564,0.0009279664147578636,19.63150161749704,2019-07-28,66.816610558814,0,0,7.610357618312838,1.9459101490553132,5.438079308923196,7.610357618312838,1.9459101490553132,5.676954346541496
2019-07-29,DOGEUSDT,0.0027884,0.002884,0.0027637,0.0027663,65013586.0,-5.873254935781271,17.990106821403856,0.03800906209604546,0.03753843813647284,-0.009677204758674951,-0.00410868939349934,0.015193033940128817,0.0005379181377156376,0.0005225382230747205,19.641419826307686,2019-07-29,66.62893388910537,0,0,7.610357618312838,1.9459101490553132,5.438079308923196,7.610357618312838,1.9459101490553132,5.676954346541496
2019-07-30,DOGEUSDT,0.0027663,0.00288,0.0027457,0.0027885,60008976.0,-5.848577059559434,17.91000470899741,0.045156815988709804,0.03944303259953208,0.00799312961640312,-0.009677204758674951,0.012276003246202023,0.0004462941102627197,0.0004756318378905755,19.62805141986538,2019-07-30,66.60169441417418,0,0,7.610357618312838,1.9459101490553132,5.438079308923196,7.610357618312838,1.9459101490553132,5.676954346541496
2019-07-31,DOGEUSDT,0.0027949,0.0028761,0.0027889,0.0028583,58120004.0,-5.8499649848342825,17.878020465489477,0.03057051641929124,0.03722490355447187,0.02472322566084276,0.00799312961640312,0.01736231143520917,0.0013828838437995306,0.0005476015507951699,19.6661436576795,2019-07-31,66.79796357687358,0,0,7.610357618312838,1.9459101490553132,5.438079308923196,7.610357618312838,1.9459101490553132,5.676954346541496
2019-08-01,DOGEUSDT,0.0028571,0.0030617,0.0028248,0.0029004,85256838.0,-5.851320069213213,18.261178882054853,0.07661713062495343,0.04707296032209226,0.014621616006986226,0.02472322566084276,0.018380552203984248,0.0008006939804611847,0.0005045208283911866,19.66865602582719,2019-08-01,67.51621792116146,0,0,7.610357618312838,2.0794415416798357,5.6240175061873385,7.610357618312838,2.0794415416798357,5.892701026404893
2019-08-02,DOGEUSDT,0.0029004,0.0029272,0.002861,0.0028996,64329108.0,-5.788784961726147,17.97952277728763,0.019841808169995555,0.04026517228406808,-0.0002758620707149342,0.014621616006986226,0.01276694404847802,1.53431252949279e-05,0.00048004887848239323,19.676080050861238,2019-08-02,68.1149058696509,0,0,7.610357618312838,2.0794415416798357,5.6240175061873385,7.610357618312838,2.0794415416798357,5.892701026404893
2019-08-03,DOGEUSDT,0.0028951,0.002949,0.0028768,0.0028994,54942112.0,-5.833708944259277,17.82179067982919,0.02251363719256557,0.035827288511192455,-6.897740992559702e-05,-0.0002758620707149342,0.012252094329543842,3.870397266177415e-06,0.0005195057915848751,19.668801872904943,2019-08-03,68.44834634612316,0,0,7.610357618312838,2.0794415416798357,5.6240175061873385,7.610357618312838,2.0794415416798357,5.892701026404893
2019-08-04,DOGEUSDT,0.0028999,0.0029985,0.0028424,0.0029222,88247046.0,-5.826289149148998,18.295650780129627,0.04839543651647599,0.038969325512513336,0.007832938221186891,-6.897740992559702e-05,0.009480215707944087,0.0004281311616252545,0.0005211512906229542,19.665970703836916,2019-08-04,68.77292060831465,0,0,7.610357618312838,2.0794415416798357,5.6240175061873385,7.610357618312838,2.0794415416798357,5.892701026404893
2019-08-05,DOGEUSDT,0.0029196,0.0031998,0.0029196,0.0030428,213937390.0,-5.809643115355709,19.18119396008569,0.09164168725713424,0.05213741594866857,0.040441386885162044,0.007832938221186891,0.015827211123759125,0.0021083873594791268,0.0008293145176251935,19.698653901612992,2019-08-05,69.46187688198768,0,0,7.610357618312838,2.0794415416798357,5.6240175061873385,7.610357618312838,2.0794415416798357,5.892701026404893
2019-08-06,DOGEUSDT,0.0030443,0.003084,0.0029124,0.0029557,128970146.0,-5.7446669711296625,18.675091509186146,0.03735561577564055,0.04844196590541156,-0.02904263470333005,0.040441386885162044,0.02265864784717541,0.0015551535417668066,0.0008564875975869119,19.701834134643967,2019-08-06,70.1359004720002,0,0,7.610357618312838,2.0794415416798357,5.6240175061873385,7.610357618312838,2.0794415416798357,5.892701026404893
2019-08-07,DOGEUSDT,0.0029569,0.0030399,0.0028759,0.0029856,116634874.0,-5.781527823281054,18.574558878070988,0.05074512988665562,0.049017756900722576,0.010065222233208776,-0.02904263470333005,0.022369716692817697,0.0005418821679308743,0.0008640534090633588,19.696044272063656,2019-08-07,70.43871778906578,0,0,7.610357618312838,2.0794415416798357,5.6240175061873385,7.610357618312838,2.0794415416798357,5.892701026404893
2019-08-08,DOGEUSDT,0.0029972,0.0029972,0.0028544,0.0029635,72936578.0,-5.795930658841892,18.105100826971427,0.04279121401448482,0.04746112117916314,-0.007429729425131871,0.010065222233208776,0.022880804318653785,0.0004103666417622871,0.0008077683679835422,19.686596459531113,2019-08-08,70.78133529422566,0,0,7.610357618312838,2.0794415416798357,5.6240175061873385,7.610357618312838,2.0794415416798357,5.892701026404893
2019-08-09,DOGEUSDT,0.0029725,0.0029725,0.0028375,0.002913,53069425.0,-5.810076759474119,17.78711151999882,0.034936633366809404,0.0443299992260747,-0.01718752426845834,-0.007429729425131871,0.024448337470375583,0.0009662909151457033,0.0006960474595026072,19.67763965613312,2019-08-09,71.64789484364886,0,0,7.610357618312838,2.0794415416798357,5.6240175061873385,7.610357618312838,2.0794415416798357,5.892701026404893
2019-08-10,DOGEUSDT,0.0029211,0.0029432,0.0028085,0.00285,40358430.0,-5.818351929399337,17.51331085279217,0.030491081127420005,0.04087026970141103,-0.021864483696738286,-0.01718752426845834,0.025708527283361884,0.0012484494725480421,0.000639086458546001,19.671885166029455,2019-08-10,71.60870670748093,0,0,7.610357618312838,2.0794415416798357,5.6240175061873385,7.610357618312838,2.0794415416798357,5.892701026404893
2019-08-11,DOGEUSDT,0.00285,0.0028995,0.0028281,0.0028874,48121732.0,-5.828257854173709,17.689244441772967,0.024277686111059547,0.036722123803823156,0.013037448933017878,-0.021864483696738286,0.01723612562561319,0.0007370268965377672,0.00043566124812870227,19.67350006422568,2019-08-11,70.83581292967753,0,0,7.610357618312838,2.0794415416798357,5.6240175061873385,7.610357618312838,2.0794415416798357,5.892701026404893
2019-08-12,DOGEUSDT,0.0028893,0.0028999,0.0028455,0.0028516,37974663.0,-5.843216970647779,17.452429732147355,0.010102493205323824,0.03006721615419832,-0.012476202952240716,0.013037448933017878,0.01443149478910772,0.0007148691124227571,0.0003009798504900293,19.68753786594542,2019-08-12,70.84205567610434,0,0,7.610357618312838,2.0794415416798357,5.6240175061873385,7.610357618312838,2.0794415416798357,5.892701026404893
2019-08-13,DOGEUSDT,0.0028527,0.0028643,0.0027802,0.0028339,47685418.0,-5.843079025342873,17.680136206816016,0.02476742186873989,0.028742267582833714,-0.006226385430509094,-0.012476202952240716,0.012164291842011878,0.0003521684085277979,0.00033746727146392733,19.65049010343835,2019-08-13,70.52359893830827,0,0,7.610357618312838,2.0794415416798357,5.6240175061873385,7.610357618312838,2.0794415416798357,5.892701026404893
2019-08-14,DOGEUSDT,0.0028343,0.0028399,0.0027,0.0027161,89470204.0,-5.855431286766137,18.309416211615066,0.019705704394964458,0.0264831267858664,-0.04245682696092306,-0.006226385430509094,0.01829697834231512,0.0023188520305737243,0.0006860571908145858,19.633932818173708,2019-08-14,70.31780330453275,0,0,7.610357618312838,2.0794415416798357,5.6240175061873385,7.610357618312838,2.0794415416798357,5.892701026404893
2019-08-15,DOGEUSDT,0.002723,0.0027695,0.0025578,0.0025916,83406275.0,-5.86398643869656,18.239234104306757,0.046562870814351426,0.03150306279298765,-0.04692158227623918,-0.04245682696092306,0.02266608304891243,0.002572563190312897,0.0009180831104942331,19.581537440915383,2019-08-15,70.70028490213319,0,0,7.610357618312838,2.0794415416798357,5.6240175061873385,7.610357618312838,2.0794415416798357,5.892701026404893
2019-08-16,DOGEUSDT,0.0025813,0.002718,0.0025112,0.002651,71483283.0,-5.889088480491115,18.08497417613197,0.07466759052041107,0.042294194724843505,0.022661481713223405,-0.04692158227623918,0.028315947612914942,0.0012530557960724865,0.0009180092329844049,19.578868455036908,2019-08-16,70.9441973814512,0,0,7.610357618312838,2.0794415416798357,5.6240175061873385,7.610357618312838,2.0794415416798357,5.892701026404893
2019-08-17,DOGEUSDT,0.002648,0.0026632,0.0025778,0.0026251,48842468.0,-5.907858963253185,17.704110738280594,0.02598244138718685,0.03821625639042934,-0.009817936750811423,0.022661481713223405,0.02567831689148324,0.0005545568990134396,0.0009440271886192878,19.570962656586023,2019-08-17,70.99146590719303,0,0,7.610357618312838,2.0794415416798357,5.6240175061873385,7.610357618312838,2.0794415416798357,5.892701026404893
2019-08-18,DOGEUSDT,0.0026254,0.0027214,0.002587,0.002695,101432503.0,-5.928226871703459,18.434904140164928,0.04920914692717959,0.040964479024616904,0.026279213804883385,-0.009817936750811423,0.03102197038079349,0.0014255139926454903,0.0009003534181518199,19.60306805119194,2019-08-18,70.5375146657887,0,0,7.610357618312838,2.0794415416798357,5.6240175061873385,7.610357618312838,2.0794415416798357,5.892701026404893
2019-08-19,DOGEUSDT,0.0026922,0.0028146,0.0026676,0.0027816,111202618.0,-5.906608825207516,18.526864482669087,0.052622154851410315,0.04387889798131526,0.03162809735055422,0.026279213804883385,0.03534757230341978,0.0017071478760013951,0.0007360609078641287,19.615717287324717,2019-08-19,70.61118278189508,0,0,7.610357618312838,2.0794415416798357,5.6240175061873385,7.610357618312838,2.0794415416798357,5.892701026404893
2019-08-20,DOGEUSDT,0.0027787,0.002785,0.0026798,0.002712,29889824.0,-5.872935123401807,17.213028645985844,0.022805118163508567,0.038610453026863584,-0.025339931633365412,0.03162809735055422,0.03207564473666218,0.001472136725879138,0.0006564195360331654,19.623534220836966,2019-08-20,71.05454929642191,0,0,7.610357618312838,2.0794415416798357,5.6240175061873385,7.610357618312838,2.0794415416798357,5.892701026404893
2019-08-21,DOGEUSDT,0.002712,0.0027153,0.0025633,0.0026398,67428707.0,-5.88350740560289,18.026581405085714,0.04157377150115447,0.0393512826454363,-0.026983213365432093,-0.025339931633365412,0.026886715821116805,0.001496856933606918,0.000401448903592405,19.605231499100302,2019-08-21,70.97445377713541,0,0,7.610357618312838,2.0794415416798357,5.6240175061873385,7.610357618312838,2.0794415416798357,5.892701026404893
2019-08-22,DOGEUSDT,0.0026404,0.0027165,0.0025527,0.0026458,70942538.0,-5.9088528344630395,18.077380783382495,0.054563295750013195,0.04315428592158053,0.0022703203334254922,-0.026983213365432093,0.02514773656838804,0.00012558900875244428,0.0006343572180566748,19.57203601858699,2019-08-22,70.50186915372069,0,0,7.610357618312838,2.0794415416798357,5.6240175061873385,7.610357618312838,2.0794415416798357,5.892701026404893
2019-08-23,DOGEUSDT,0.0026486,0.002693,0.0026153,0.0026668,49673949.0,-5.908410991972696,17.720991188654427,0.0270822065507583,0.03913626607887497,0.00790577471562525,0.0022703203334254922,0.02484913498824038,0.00044612486014251803,0.0006552406232154106,19.58234818327632,2019-08-23,70.47990646028823,0,0,7.610357618312838,2.0794415416798357,5.6240175061873385,7.610357618312838,2.0794415416798357,5.892701026404893
2019-08-24,DOGEUSDT,0.0026644,0.0026785,0.0025647,0.0026222,61164375.0,-5.917099465152675,17.92907547014887,0.032783168453132464,0.03754799167243934,-0.01686559167860351,0.00790577471562525,0.02279324789251007,0.0009406838465644247,0.0006385615348522394,19.57826230093559,2019-08-24,70.4402377992009,0,0,7.610357618312838,2.0794415416798357,5.6240175061873385,7.610357618312838,2.0794415416798357,5.892701026404893
2019-08-25,DOGEUSDT,0.0026274,0.002666,0.002582,0.0026237,59937736.0,-5.922498342643259,17.908816848035006,0.027316262587033537,0.03499005940108789,0.0005718751942967298,-0.01686559167860351,0.015188260339173929,3.1932606109569834e-05,0.0006501472818039016,19.580280052171204,2019-08-25,70.48017867435868,0,0,7.610357618312838,2.0794415416798357,5.6240175061873385,7.610357618312838,2.0794415416798357,5.892701026404893
2019-08-26,DOGEUSDT,0.0026192,0.0027048,0.0025931,0.0026409,75309430.0,-5.92717605722562,18.137115917332917,0.03923264853758395,0.0360507066852119,0.006534232875371956,0.0005718751942967298,0.014181608738048551,0.00036026857330318163,0.0005554751022727827,19.568967999842073,2019-08-26,70.81830728594534,0,0,7.610357618312838,2.0794415416798357,5.6240175061873385,7.610357618312838,2.0794415416798357,5.892701026404893
2019-08-27,DOGEUSDT,0.002637,0.00264,0.0025763,0.0025993,57813268.0,-5.912727306570598,17.872728857473007,0.015321544910102283,0.030868416241434497,-0.01587759014373735,0.006534232875371956,0.011021656951725639,0.0008883696647755363,0.0003793646418640974,19.569760778425753,2019-08-27,70.83769128538538,0,0,7.610357618312838,2.0794415416798357,5.6240175061873385,7.610357618312838,2.0794415416798357,5.892701026404893
2019-08-28,DOGEUSDT,0.0026014,0.0026014,0.0024772,0.0024965,73252773.0,-5.936976361823913,18.109426661800196,0.019485073214935967,0.028022580484809864,-0.04035242705056879,-0.01587759014373735,0.018482978089609,0.002228255361374179,0.0007712987805014271,19.54020678604671,2019-08-28,71.00224678151001,0,0,7.610357618312838,2.0794415416798357,5.6240175061873385,7.610357618312838,2.0794415416798357,5.892701026404893
2019-08-29,DOGEUSDT,0.0024956,0.0024958,0.002339,0.0024244,101148551.0,-5.951705517334633,18.432100796215906,0.04826147322904518,0.033082303670868694,-0.029305679863533975,-0.04035242705056879,0.017624879895756465,0.0015899261938471174,0.0008023410072074537,19.49282791836268,2019-08-29,70.87532003926137,0,0,7.610357618312838,2.0794415416798357,5.6240175061873385,7.610357618312838,2.0794415416798357,5.892701026404893
2019-08-30,DOGEUSDT,0.0024421,0.0024939,0.0023879,0.0024449,37512207.0,-5.99314595989052,17.4401769579705,0.037961753337435566,0.03430216608751041,0.00842015119992182,-0.029305679863533975,0.020180556979795088,0.00048280193602471714,0.0008311206046984831,19.50916728564509,2019-08-30,70.99212576334291,0,0,7.610357618312838,2.0794415416798357,5.6240175061873385,7.610357618312838,2.0794415416798357,5.892701026404893
2019-08-31,DOGEUSDT,0.0024517,0.0024878,0.0024118,0.0024528,36338319.0,-5.993907528759122,17.408383362294966,0.027020274888109937,0.03248169328766029,0.0032260068404979993,0.00842015119992182,0.020528606859504576,0.00018531340753244482,0.0007997299495902265,19.503875714860847,2019-08-31,71.05436632048516,0,0,7.610357618312838,2.0794415416798357,5.6240175061873385,7.610357618312838,2.0794415416798357,5.892701026404893
2019-09-01,DOGEUSDT,0.002452,0.0024851,0.0024109,0.0024603,35956148.0,-5.99635649318841,17.397810642808906,0.027373803310477063,0.031204720793364484,0.0030530645929254495,0.0032260068404979993,0.0199678008880913,0.00017548556284508032,0.0008302277316712029,19.525269679111396,2019-09-01,71.19053493834261,0,0,7.610357618312838,2.1972245773362196,5.501258210544727,7.610357618312838,2.1972245773362196,5.724920250114545
2019-09-02,DOGEUSDT,0.0024635,0.0026167,0.0024377,0.0025882,53572010.0,-5.997442378794518,17.796537288153807,0.07004071878677517,0.04091372029171716,0.05067935967709456,0.0030530645929254495,0.03207214872663374,0.0028477090153278904,0.0011403441706338985,19.54758256552512,2019-09-02,71.65186869516094,0,0,7.610357618312838,2.1972245773362196,5.501258210544727,7.610357618312838,2.1972245773362196,5.724920250114545
2019-09-03,DOGEUSDT,0.002591,0.0026054,0.0025313,0.0025593,64679806.0,-5.945841297083565,17.984959593287112,0.020404693821198045,0.03578646367408738,-0.011228869804810956,0.05067935967709456,0.02661226846183468,0.0006243477916404179,0.0010500192861527232,19.56865721469027,2019-09-03,72.14016975016479,0,0,7.610357618312838,2.1972245773362196,5.501258210544727,7.610357618312838,2.1972245773362196,5.724920250114545
2019-09-04,DOGEUSDT,0.0025647,0.0025711,0.0025,0.0025097,32789886.0,-5.950169064700811,17.30563067214507,0.012993740074900192,0.030088282774290584,-0.019570559512592674,-0.011228869804810956,0.024367325582276802,0.0011308781450012802,0.0010131387520835187,19.556790327146395,2019-09-04,72.50144985295715,0,0,7.610357618312838,2.1972245773362196,5.501258210544727,7.610357618312838,2.1972245773362196,5.724920250114545
2019-09-05,DOGEUSDT,0.0025221,0.0025221,0.0024589,0.0024909,44318276.0,-5.963421456083339,17.606907700729753,0.01811448979674774,0.027094834529904875,-0.00751913313407149,-0.019570559512592674,0.02488312701425068,0.00042705586136285845,0.001018058876643026,19.532634787326113,2019-09-05,72.71245111507062,0,0,7.610357618312838,2.1972245773362196,5.501258210544727,7.610357618312838,2.1972245773362196,5.724920250114545
2019-09-06,DOGEUSDT,0.0024897,0.0025054,0.0024,0.00247,81836503.0,-5.982663391154913,18.220233948978183,0.03640184191054642,0.029421586375065263,-0.008425940314071711,-0.00751913313407149,0.02532275001992069,0.00046244962263748815,0.0009849815094754492,19.517157444645658,2019-09-06,72.76233404076991,0,0,7.610357618312838,2.1972245773362196,5.501258210544727,7.610357618312838,2.1972245773362196,5.724920250114545
2019-09-07,DOGEUSDT,0.0024504,0.002507,0.0024029,0.0024542,79415288.0,-5.989306876554182,18.190201451763738,0.03717495156409471,0.031359927672322624,-0.006417308079575424,-0.008425940314071711,0.025476186513271888,0.0003527892803492397,0.000959623580249606,19.507767911722585,2019-09-07,72.40484249162972,0,0,7.610357618312838,2.1972245773362196,5.501258210544727,7.610357618312838,2.1972245773362196,5.724920250114545
2019-09-08,DOGEUSDT,0.002465,0.0025306,0.0024,0.0024585,89538969.0,-5.9886684598059805,18.310184496303833,0.045113906291887704,0.03479842232721389,0.0017505653095466725,-0.006417308079575424,0.006933326916156275,9.560609888447867e-05,0.0003475515717390355,19.50899921735909,2019-09-08,71.88014224942445,0,0,7.610357618312838,2.1972245773362196,5.501258210544727,7.610357618312838,2.1972245773362196,5.724920250114545
2019-09-09,DOGEUSDT,0.0024453,0.0024692,0.0024,0.0024351,61000344.0,-5.979298850209111,17.92639006146595,0.023408779442127107,0.031951011605942194,-0.009563584416754414,0.0017505653095466725,0.006838211411198974,0.000533491929159347,0.000343820995599186,19.49896063667074,2019-09-09,71.62273880927121,0,0,7.610357618312838,2.1972245773362196,5.501258210544727,7.610357618312838,2.1972245773362196,5.724920250114545
2019-09-10,DOGEUSDT,0.0024351,0.0024612,0.0023849,0.0024185,33219768.0,-6.003861067444533,17.318655678380303,0.025043329239215237,0.030224091014260455,-0.006840310172201742,-0.009563584416754414,0.004041575704537107,0.00039496773301757044,0.00015125164996666275,19.484760990674076,2019-09-10,71.48508936372926,0,0,7.610357618312838,2.1972245773362196,5.501258210544727,7.610357618312838,2.1972245773362196,5.724920250114545
2019-09-11,DOGEUSDT,0.0024193,0.0024386,0.0023601,0.0023892,52887165.0,-6.0071062430979385,17.783671239790447,0.02374000452991764,0.02860306939317475,-0.01218893140488697,-0.006840310172201742,0.004742388002422584,0.0006854001764053415,0.000197732774792456,19.475903989004205,2019-09-11,71.56814945041017,0,0,7.610357618312838,2.1972245773362196,5.501258210544727,7.610357618312838,2.1972245773362196,5.724920250114545
2019-09-12,DOGEUSDT,0.0023912,0.002431,0.0023265,0.0023928,48542765.0,-6.016331174838109,17.697955719969595,0.038679028138859047,0.031122059079595824,0.0015056464575872138,-0.01218893140488697,0.005749493921767031,8.507459739478885e-05,0.0002377901669396613,19.493824675899678,2019-09-12,71.9623312417099,0,0,7.610357618312838,2.1972245773362196,5.501258210544727,7.610357618312838,2.1972245773362196,5.724920250114545
2019-09-13,DOGEUSDT,0.0023906,0.0024128,0.00236,0.002399,35317492.0,-6.0194525836481505,17.379888923251332,0.02038817876522086,0.02843858900100208,0.0025877555239564123,0.0015056464575872138,0.0065207086379481,0.00014889367448686256,0.0002527626036330306,19.5019237867613,2019-09-13,72.03502640031427,0,0,7.610357618312838,2.1972245773362196,5.501258210544727,7.610357618312838,2.1972245773362196,5.724920250114545
2019-09-14,DOGEUSDT,0.0024089,0.002437,0.0023701,0.0024192,33725888.0,-6.026967380150637,17.33377629032672,0.02560826033673173,0.027731006834934492,0.008384923145519129,0.0025877555239564123,0.008035084342727466,0.00048373320418346546,0.0002314137777575064,19.512019416417004,2019-09-14,71.78566466206877,0,0,7.610357618312838,2.1972245773362196,5.501258210544727,7.610357618312838,2.1972245773362196,5.724920250114545
2019-09-15,DOGEUSDT,0.0024233,0.0024851,0.00239,0.002426,68647235.0,-6.016987504339068,18.04449141260092,0.034488880914826235,0.029420475354907428,0.0028069035187817536,0.008384923145519129,0.0074856223967519515,0.00015555459306664763,0.00023548553870193564,19.520915308096818,2019-09-15,71.44490164122155,0,0,7.610357618312838,2.1972245773362196,5.501258210544727,7.610357618312838,2.1972245773362196,5.724920250114545
2019-09-16,DOGEUSDT,0.0024249,0.0024765,0.0023978,0.0024309,53894420.0,-5.997442378794518,17.802537505473754,0.028880370872977807,0.029285449234425023,0.002017748630793839,0.0028069035187817536,0.006861946384140199,0.00011334050722676139,0.0002466952262194112,19.503819437465417,2019-09-16,71.16346069006953,0,0,7.610357618312838,2.1972245773362196,5.501258210544727,7.610357618312838,2.1972245773362196,5.724920250114545
2019-09-17,DOGEUSDT,0.0024316,0.00262,0.00241,0.002594,135069011.0,-6.0009090059359815,18.721296398380872,0.08301330043371313,0.04271741203424705,0.0649395267415999,0.002017748630793839,0.025223233833863348,0.0034687515949598587,0.0013434531031026823,19.530979580800878,2019-09-17,70.28560703318612,0,0,7.610357618312838,2.1972245773362196,5.501258210544727,7.610357618312838,2.1972245773362196,5.724920250114545
2019-09-18,DOGEUSDT,0.0025972,0.0028103,0.0025527,0.0027015,344364326.0,-5.944580961209131,19.657210742109783,0.0925226982104652,0.05516873357830159,0.040606088407731264,0.0649395267415999,0.026461033835411714,0.002065709572963202,0.0013920458036526138,19.60506730368087,2019-09-18,69.33519103407208,0,0,7.610357618312838,2.1972245773362196,5.501258210544727,7.610357618312838,2.1972245773362196,5.724920250114545
2019-09-19,DOGEUSDT,0.0027028,0.0027322,0.00254,0.0027083,161540615.0,-5.874464039769257,18.900267155077778,0.06910040992253852,0.05865165266436082,0.002513957477660033,0.040606088407731264,0.026470886314960813,0.00013301174301044887,0.0013941671566418117,19.59870545566147,2019-09-19,69.09969529509586,0,0,7.610357618312838,2.1972245773362196,5.501258210544727,7.610357618312838,2.1972245773362196,5.724920250114545
2019-09-20,DOGEUSDT,0.0027062,0.0027062,0.0026147,0.0026497,70347331.0,-5.902648133510887,18.06895540192793,0.02138612903728819,0.04933527175759266,-0.02187470573714044,0.002513957477660033,0.03156679861316833,0.001210623705164851,0.0013642939871079541,19.599061213650472,2019-09-20,69.33174944157717,0,0,7.610357618312838,2.1972245773362196,5.501258210544727,7.610357618312838,2.1972245773362196,5.724920250114545
2019-09-21,DOGEUSDT,0.0026497,0.0026619,0.002539,0.0025772,76693753.0,-5.91220984213473,18.15533081582361,0.029230761453624222,0.04430914418160055,-0.027742887760152768,-0.02187470573714044,0.03609800169856904,0.0015280849488004341,0.0012675600581492955,19.58540200791302,2019-09-21,69.24029385959156,0,0,7.610357618312838,2.1972245773362196,5.501258210544727,7.610357618312838,2.1972245773362196,5.724920250114545
2019-09-22,DOGEUSDT,0.00257,0.002599,0.0025173,0.002562,92043003.0,-5.928715125454873,18.33776644971783,0.026890035398522468,0.039954366985831026,-0.005915334807807793,-0.027742887760152768,0.03659408940168689,0.00032257662480475176,0.0012266424293348246,19.55811117966059,2019-09-22,69.62442993872779,0,0,7.610357618312838,2.1972245773362196,5.501258210544727,7.610357618312838,2.1972245773362196,5.724920250114545
2019-09-23,DOGEUSDT,0.0025697,0.0025719,0.0024474,0.0024474,76897524.0,-5.952628523322784,18.15798423629822,0.0065162816879094304,0.03159484566135063,-0.045761966905111764,-0.005915334807807793,0.029894620214748622,0.0025202118423273308,0.0009436516077651445,19.524299100576776,2019-09-23,69.89691051117468,0,0,7.610357618312838,2.1972245773362196,5.501258210544727,7.610357618312838,2.1972245773362196,5.724920250114545
2019-09-24,DOGEUSDT,0.0024474,0.0024731,0.0019317,0.00219,155910476.0,-5.963110353611454,18.864792528691495,0.17966011648188798,0.06861116336648497,-0.11112469274102132,-0.045761966905111764,0.040960813162923666,0.005890586528953954,0.0021225694511070024,19.42710644171035,2019-09-24,70.5303021339892,0,0,7.610357618312838,2.1972245773362196,5.501258210544727,7.610357618312838,2.1972245773362196,5.724920250114545
2019-09-25,DOGEUSDT,0.0021893,0.0022241,0.0020665,0.0021757,110825983.0,-6.002282854543862,18.523471808395893,0.06427744316910962,0.06752773331714113,-0.006551091986389814,-0.11112469274102132,0.03944001454753344,0.0003536643699492924,0.002086730083723122,19.386051583297316,2019-09-25,70.52966376195992,0,0,7.610357618312838,2.1972245773362196,5.501258210544727,7.610357618312838,2.1972245773362196,5.724920250114545
2019-09-26,DOGEUSDT,0.0021693,0.0022375,0.0020185,0.0021396,204393624.0,-6.108402939575876,19.13555822206952,0.0859441554651849,0.07213183885415207,-0.016731556167061654,-0.006551091986389814,0.039874821495383815,0.0008743699019851289,0.0021155502827364123,19.369236371232244,2019-09-26,70.04240603047656,0,0,7.610357618312838,2.1972245773362196,5.501258210544727,7.610357618312838,2.1972245773362196,5.724920250114545
2019-09-27,DOGEUSDT,0.0021348,0.002199,0.0020985,0.0021723,88331166.0,-6.102396107815264,18.296603559132322,0.044484266992208955,0.0652199458886663,0.015167618405789575,-0.016731556167061654,0.045082131796977364,0.0008289854648033302,0.002159903459049512,19.369150733952516,2019-09-27,69.68917432275644,0,0,7.610357618312838,2.1972245773362196,5.501258210544727,7.610357618312838,2.1972245773362196,5.724920250114545
2019-09-28,DOGEUSDT,0.002176,0.002232,0.0021401,0.0021974,75661286.0,-6.119752567409513,18.141777174116964,0.038831932903983055,0.058622942642495485,0.011488329203895895,0.015167618405789575,0.047328701213953474,0.0006332526903861656,0.0021208178763347674,19.409297750477297,2019-09-28,69.61492286995562,0,0,7.610357618312838,2.1972245773362196,5.501258210544727,7.610357618312838,2.1972245773362196,5.724920250114545
2019-09-29,DOGEUSDT,0.0022033,0.0022399,0.0021235,0.0021854,79511131.0,-6.104857234463073,18.19140758240233,0.04403613243112121,0.054976240089651914,-0.005475965130135533,0.011488329203895895,0.04674792947131606,0.0003010193194413813,0.0021734529709682197,19.398002981530812,2019-09-29,69.70975600487144,0,0,7.610357618312838,2.1972245773362196,5.501258210544727,7.610357618312838,2.1972245773362196,5.724920250114545
2019-09-30,DOGEUSDT,0.002203,0.0024733,0.0021264,0.0023747,263988602.0,-6.101324056968854,19.39141648593613,0.14628190996986373,0.07780265755970486,0.0830722355641117,-0.005475965130135533,0.036119812038117066,0.0042839694369083805,0.0015231062319191367,19.453890265143972,2019-09-30,69.38127262259584,0,0,7.610357618312838,2.1972245773362196,5.501258210544727,7.610357618312838,2.1972245773362196,5.724920250114545
2019-10-01,DOGEUSDT,0.0023791,0.0025001,0.0023473,0.0023503,151860063.0,-6.002201987650723,18.838470016605065,0.056086943510311286,0.07237372904735646,-0.010328134135874006,0.0830722355641117,0.03656917228593727,0.000548246971583697,0.0015031013988510854,19.489533476251133,2019-10-01,69.42812866662433,0,0,7.610357618312838,2.302585092994046,5.5254529391317835,7.610357618312838,2.302585092994046,5.6539736081356775
2019-10-02,DOGEUSDT,0.0023561,0.0023692,0.0022809,0.002323,88034436.0,-5.991424547907961,18.293238614079307,0.028352434221684323,0.06136840534093843,-0.011683525794473609,-0.010328134135874006,0.035802079366931465,0.0006386800085514348,0.0015177322410896187,19.45147343576806,2019-10-02,69.50334547014737,0,0,7.610357618312838,2.302585092994046,5.5254529391317835,7.610357618312838,2.302585092994046,5.6539736081356775
2019-10-03,DOGEUSDT,0.002323,0.002325,0.0022353,0.0022977,81022529.0,-6.045202933561464,18.21023780976659,0.0330672991933164,0.05429312880403292,-0.010950831186751515,-0.011683525794473609,0.037151343303356815,0.0006013557484064442,0.0015318116419312656,19.427419519671542,2019-10-03,69.46294600760275,0,0,7.610357618312838,2.302585092994046,5.5254529391317835,7.610357618312838,2.302585092994046,5.6539736081356775
2019-10-04,DOGEUSDT,0.002298,0.002325,0.0022398,0.0022893,52314904.0,-6.064035239942817,17.77279185975785,0.03157278062895418,0.04861304176026324,-0.0036625286199602897,-0.010950831186751515,0.03749058166456997,0.0002060750302406451,0.0015710477961379545,19.432372296425022,2019-10-04,69.20164232454837,0,0,7.610357618312838,2.302585092994046,5.5254529391317835,7.610357618312838,2.302585092994046,5.6539736081356775
2019-10-05,DOGEUSDT,0.0022882,0.0023051,0.0022614,0.0022922,53899895.0,-6.064035239942817,17.80263908782538,0.017326892068591226,0.040791504337345234,0.0012659610989015104,-0.0036625286199602897,0.037147501628921054,7.111086691451596e-05,0.0015969224249173446,19.45560725874855,2019-10-05,69.02036059810347,0,0,7.610357618312838,2.302585092994046,5.5254529391317835,7.610357618312838,2.302585092994046,5.6539736081356775
2019-10-06,DOGEUSDT,0.0022993,0.0023048,0.0022275,0.0022677,72718151.0,-6.0726312195266425,18.102101581217614,0.025474341567469687,0.03696221364487635,-0.010745953096358025,0.0012659610989015104,0.005278435947094746,0.0005936301400224057,0.00024148223135417868,19.42963183634469,2019-10-06,68.8354228369309,0,0,7.610357618312838,2.302585092994046,5.5254529391317835,7.610357618312838,2.302585092994046,5.6539736081356775
2019-10-07,DOGEUSDT,0.0022659,0.0023654,0.0022368,0.002331,69936960.0,-6.072761374193956,18.063104822826986,0.05418069303645209,0.041266833492770286,0.027531258069516357,-0.010745953096358025,0.015056933446110952,0.001524170863179852,0.0005080012807838715,19.453384738116178,2019-10-07,68.50102739441317,0,0,7.610357618312838,2.302585092994046,5.5254529391317835,7.610357618312838,2.302585092994046,5.6539736081356775
2019-10-08,DOGEUSDT,0.0023298,0.0023649,0.0022783,0.0023096,89953557.0,-6.046808138147258,18.314804061770182,0.029374334014818097,0.03829370862328224,-0.009223010687031758,0.027531258069516357,0.014750384242594701,0.0005035822745318699,0.0005092468953342483,19.466059306681945,2019-10-08,68.33203846912316,0,0,7.610357618312838,2.302585092994046,5.5254529391317835,7.610357618312838,2.302585092994046,5.6539736081356775
2019-10-09,DOGEUSDT,0.0023096,0.0023652,0.0022467,0.0023522,128533706.0,-6.047019541230302,18.671701731405946,0.04989777531886456,0.04119472529717782,0.018276711068210737,-0.009223010687031758,0.015594699295453995,0.0009788454920243916,0.0005346076613875025,19.471016652358518,2019-10-09,68.28529070036268,0,0,7.610357618312838,2.302585092994046,5.5254529391317835,7.610357618312838,2.302585092994046,5.6539736081356775
2019-10-10,DOGEUSDT,0.002346,0.0023512,0.0022927,0.0023,74485978.0,-6.0468926940175995,18.126121450870066,0.011350900756279887,0.033733769161953336,-0.02244193749969514,0.018276711068210737,0.01894289848738722,0.001238099256949308,0.0005306741595753607,19.455299123216506,2019-10-10,68.67646591984862,0,0,7.610357618312838,2.302585092994046,5.5254529391317835,7.610357618312838,2.302585092994046,5.6539736081356775
2019-10-11,DOGEUSDT,0.002297,0.0023411,0.002225,0.0022909,61631506.0,-6.052829442859567,17.936683758791094,0.04355255215571743,0.03618846491039436,-0.003964369477938813,-0.02244193749969514,0.019036023313808294,0.0002210202025776255,0.0004904690510655121,19.453417173670765,2019-10-11,68.83210276222069,0,0,7.610357618312838,2.302585092994046,5.5254529391317835,7.610357618312838,2.302585092994046,5.6539736081356775
2019-10-12,DOGEUSDT,0.002288,0.002331,0.0022751,0.0023196,70374904.0,-6.057134374598002,18.069347280302416,0.02369548488256453,0.0330652199034369,0.012450003562983182,-0.003964369477938813,0.018794089314748297,0.0006890123572175216,0.00048223794066227474,19.43398273520423,2019-10-12,68.74719925198289,0,0,7.610357618312838,2.302585092994046,5.5254529391317835,7.610357618312838,2.302585092994046,5.6539736081356775
2019-10-13,DOGEUSDT,0.002319,0.0026349,0.0023096,0.0024317,506106744.0,-6.061457918928517,20.042258161525282,0.13052813566606916,0.05743094884409497,0.047195844211728115,0.012450003562983182,0.02458775902375315,0.0023548166993641977,0.0007540006383251126,19.495354285981367,2019-10-13,68.58709859698206,0,0,7.610357618312838,2.302585092994046,5.5254529391317835,7.610357618312838,2.302585092994046,5.6539736081356775
2019-10-14,DOGEUSDT,0.0024312,0.00275,0.0024067,0.0025415,1281613616.0,-5.938910048373093,20.971385758441656,0.13031552490706438,0.07565209285983732,0.04416385667294362,0.047195844211728115,0.027057387010050952,0.0021059102713403785,0.0008245111616886292,19.556026863210132,2019-10-14,68.206281004554,0,0,7.610357618312838,2.302585092994046,5.5254529391317835,7.610357618312838,2.302585092994046,5.6539736081356775
2019-10-15,DOGEUSDT,0.0025482,0.00258,0.0024652,0.0024964,142270876.0,-5.896154367303657,18.773243375914923,0.03132049119645532,0.06456919244399181,-0.01790476382706919,0.04416385667294362,0.030274805763347977,0.0009537384387207197,0.0008263133016268636,19.53982453900444,2019-10-15,68.12102866641256,0,0,7.610357618312838,2.302585092994046,5.5254529391317835,7.610357618312838,2.302585092994046,5.6539736081356775
2019-10-16,DOGEUSDT,0.0024957,0.0026228,0.0024851,0.0026162,271043906.0,-5.959965880048611,19.417791380481148,0.05383002992507897,0.06188440181426361,0.046873189194238586,-0.01790476382706919,0.02863840679489406,0.0024139300024283777,0.0009501153137441295,19.55683047809101,2019-10-16,68.17817225741544,0,0,7.610357618312838,2.302585092994046,5.5254529391317835,7.610357618312838,2.302585092994046,5.6539736081356775
2019-10-17,DOGEUSDT,0.0026117,0.002974,0.0025778,0.0027405,673256287.0,-5.94351282957481,20.327636627896823,0.13918535500516893,0.08120964011198994,0.04641750223204432,0.046873189194238586,0.027030766636416504,0.0022834677282819404,0.0007697409695399734,19.62211809397663,2019-10-17,68.01993997399244,0,0,7.610357618312838,2.302585092994046,5.5254529391317835,7.610357618312838,2.302585092994046,5.6539736081356775
2019-10-18,DOGEUSDT,0.002735,0.0028665,0.0026311,0.0026952,262101555.0,-5.817847430944174,19.384242601126093,0.07040066145651783,0.07850739544812191,-0.016667972393827966,0.04641750223204432,0.03278442431286647,0.0008598722548416553,0.0007220993083841177,19.623873306979714,2019-10-18,67.93414452670838,0,0,7.610357618312838,2.302585092994046,5.5254529391317835,7.610357618312838,2.302585092994046,5.6539736081356775
2019-10-19,DOGEUSDT,0.0026944,0.0027949,0.0026467,0.0027176,103435078.0,-5.854663505615837,18.45445470815578,0.04967284773150706,0.07129875851896819,0.008276724754031047,-0.016667972393827966,0.03133580257351939,0.0004484946797356859,0.0008519779924268352,19.614153848979978,2019-10-19,68.03544610242625,0,0,7.610357618312838,2.302585092994046,5.5254529391317835,7.610357618312838,2.302585092994046,5.6539736081356775
2019-10-20,DOGEUSDT,0.0027179,0.0027575,0.0026407,0.0027151,113305480.0,-5.879958951190442,18.545598091995394,0.037771425126834,0.06291692517093464,-0.0009203527441121006,0.008276724754031047,0.029297772449318808,4.962647953151433e-05,0.0009701450996919747,19.622837086393876,2019-10-20,68.21896185194856,0,0,7.610357618312838,2.302585092994046,5.5254529391317835,7.610357618312838,2.302585092994046,5.6539736081356775
2019-10-21,DOGEUSDT,0.0027079,0.00295,0.0025758,0.0026879,287285773.0,-5.893430806836617,19.475988003057523,0.11724370309413004,0.07649861965173349,-0.010068565532200032,-0.0009203527441121006,0.027891819419300173,0.0005169732868298837,0.0010052070259230612,19.61014481131316,2019-10-21,68.34984152629184,0,0,7.610357618312838,2.302585092994046,5.5254529391317835,7.610357618312838,2.302585092994046,5.6539736081356775
2019-10-22,DOGEUSDT,0.0026884,0.0027297,0.0025085,0.0025311,948366683.0,-5.825950108630408,20.67025178184635,0.04369843187391717,0.0682985727072794,-0.060106228730371324,-0.010068565532200032,0.034737971084933844,0.0029078614699391144,0.0011452550380777096,19.582388832710183,2019-10-22,68.1600111457887,0,0,7.610357618312838,2.302585092994046,5.5254529391317835,7.610357618312838,2.302585092994046,5.6539736081356775
2019-10-23,DOGEUSDT,0.0025386,0.002565,0.0021,0.0024746,399964920.0,-5.90356356593352,19.806887401226387,0.18221678077320683,0.09677812472376127,-0.022575224059815473,-0.060106228730371324,0.023811141686777226,0.0011397663652299897,0.0010118092667732441,19.528799128814672,2019-10-23,68.04011744397974,0,0,7.610357618312838,2.302585092994046,5.5254529391317835,7.610357618312838,2.302585092994046,5.6539736081356775
2019-10-24,DOGEUSDT,0.0024805,0.00255,0.0024,0.0025183,176236372.0,-5.965796800359405,18.987336674681337,0.057119573160980416,0.08686348683306605,0.017505303903882104,-0.022575224059815473,0.02768185157407436,0.0009219462531164021,0.001010564791531368,19.523928162967287,2019-10-24,67.62035030027197,0,0,7.610357618312838,2.302585092994046,5.5254529391317835,7.610357618312838,2.302585092994046,5.6539736081356775
2019-10-25,DOGEUSDT,0.0025183,0.0027799,0.0024652,0.0026694,330206126.0,-5.971661919811802,19.615227641670696,0.11648904807158114,0.09426987714269483,0.058269657356293754,0.017505303903882104,0.039681322774708074,0.0029706337556085955,0.0012359722526318216,19.566295004442825,2019-10-25,68.05051577033389,0,0,7.610357618312838,2.302585092994046,5.5254529391317835,7.610357618312838,2.302585092994046,5.6539736081356775
2019-10-26,DOGEUSDT,0.0026694,0.002898,0.0025577,0.0025925,327792551.0,-5.885340323149593,19.607891499793716,0.10412187281346312,0.0967328760603869,-0.029231066936368708,0.058269657356293754,0.04104676619908497,0.0014907807367598007,0.0010416723602778243,19.605084318058605,2019-10-26,69.3562901014228,0,0,7.610357618312838,2.302585092994046,5.5254529391317835,7.610357618312838,2.302585092994046,5.6539736081356775
2019-10-27,DOGEUSDT,0.0026061,0.0029542,0.00256,0.00264,203666784.0,-5.843734435083646,19.13199580457234,0.13603383749332004,0.10655811641862019,0.018156256036679332,-0.029231066936368708,0.04231880230202394,0.0009489995828004615,0.0009586494528175309,19.58984967166118,2019-10-27,70.02262676482489,0,0,7.610357618312838,2.302585092994046,5.5254529391317835,7.610357618312838,2.302585092994046,5.6539736081356775
2019-10-28,DOGEUSDT,0.00264,0.00275,0.0026234,0.0026265,179647401.0,-5.8245273923577745,19.00650660439995,0.04394745339060147,0.09090545066161551,-0.005126755746345627,0.018156256036679332,0.03222940831745899,0.00026973687764161766,0.0009143406339996738,19.58518045393314,2019-10-28,69.77001178779228,0,0,7.610357618312838,2.302585092994046,5.5254529391317835,7.610357618312838,2.302585092994046,5.6539736081356775
2019-10-29,DOGEUSDT,0.0026379,0.0026952,0.002615,0.002625,136659517.0,-5.896154367303657,18.733003112991913,0.02612342650317735,0.07470994462200597,-0.0005712653682920406,-0.005126755746345627,0.02943567552038896,3.0495130163932474e-05,0.0010525668596506948,19.586297919117936,2019-10-29,69.24002649076576,0,0,7.610357618312838,2.302585092994046,5.5254529391317835,7.610357618312838,2.302585092994046,5.6539736081356775
2019-10-30,DOGEUSDT,0.002625,0.0026649,0.0025584,0.0025936,202095484.0,-5.916282865871931,19.124250836750612,0.031087447199860237,0.06380432026646954,-0.012034024044312431,-0.0005712653682920406,0.030351966885787635,0.0006292546645114556,0.0010694189803329471,19.561450456692413,2019-10-30,69.14162103493211,0,0,7.610357618312838,2.302585092994046,5.5254529391317835,7.610357618312838,2.302585092994046,5.6539736081356775
2019-10-31,DOGEUSDT,0.0025891,0.0026357,0.0025473,0.0025844,93293235.0,-5.927588745520509,18.351258155150152,0.029050004422329665,0.05511574130543457,-0.003553499297401238,-0.012034024044312431,0.015450746702166005,0.00019363791121885415,0.0005503557391529004,19.580350054998856,2019-10-31,69.24177587440694,0,0,7.610357618312838,2.302585092994046,5.5254529391317835,7.610357618312838,2.302585092994046,5.6539736081356775
2019-11-01,DOGEUSDT,0.0025811,0.002675,0.0025522,0.0025932,48308176.0,-5.938606477619803,17.693111379659662,0.0431127138576846,0.052114984443497075,0.0033992616168302256,-0.003553499297401238,0.010249366085574897,0.00019212345097980232,0.0003435657412332447,19.58157629509014,2019-11-01,69.30739424263604,0,0,7.610357618312838,2.3978952727983707,5.407171771460119,7.610357618312838,2.3978952727983707,5.626923185303185
2019-11-02,DOGEUSDT,0.0025994,0.0026114,0.0025463,0.0025773,136199748.0,-5.923805898634167,18.72963310145771,0.019131950970096828,0.04386922607514701,-0.006150294988720128,0.0033992616168302256,0.00523723825946143,0.000328372422214798,0.00020081675397469066,19.56558885498304,2019-11-02,69.30392628437309,0,0,7.610357618312838,2.3978952727983707,5.407171771460119,7.610357618312838,2.3978952727983707,5.626923185303185
2019-11-03,DOGEUSDT,0.0025966,0.0026369,0.0025427,0.0025861,94348909.0,-5.947868802990336,18.362510266383943,0.030253369207806673,0.040465261858311924,0.0034086100322740036,-0.006150294988720128,0.0059786827520598804,0.00018562876114569754,0.00020407766900331533,19.569663087668772,2019-11-03,69.24756247800262,0,0,7.610357618312838,2.3978952727983707,5.407171771460119,7.610357618312838,2.3978952727983707,5.626923185303185
2019-11-04,DOGEUSDT,0.0025803,0.0026,0.002538,0.0025751,89131455.0,-5.938151294210965,18.30562286044353,0.02057763689141292,0.035493355616587174,-0.004262581049158826,0.0034086100322740036,0.00591983500978686,0.00023285637870153013,0.00017292232234305415,19.570659990531002,2019-11-04,69.19636455100247,0,0,7.610357618312838,2.3978952727983707,5.407171771460119,7.610357618312838,2.3978952727983707,5.626923185303185
2019-11-05,DOGEUSDT,0.0025751,0.0026045,0.0025501,0.0025927,89896615.0,-5.952243833954701,18.314170845785238,0.02003131351356119,0.03162784509083068,0.006811435445220341,-0.004262581049158826,0.0052568481347873555,0.00037192158479770336,7.995950661108895e-05,19.553816010227493,2019-11-05,68.88391852000089,0,0,7.610357618312838,2.3978952727983707,5.407171771460119,7.610357618312838,2.3978952727983707,5.626923185303185
2019-11-06,DOGEUSDT,0.0025881,0.00261,0.00255,0.0025952,78525806.0,-5.950514560779028,18.17893786758336,0.021366915690975347,0.029062612740866845,0.0009637811806379186,0.006811435445220341,0.004971828828755077,5.3016363643363944e-05,0.00011358747814589662,19.55351285826365,2019-11-06,68.54530577405228,0,0,7.610357618312838,2.3978952727983707,5.407171771460119,7.610357618312838,2.3978952727983707,5.626923185303185
2019-11-07,DOGEUSDT,0.0025942,0.0027449,0.0025694,0.0026982,389579342.0,-5.948405057647535,19.78057810471289,0.06481286556040283,0.03800017594575084,0.03892129908362282,0.0009637811806379186,0.016536186276893527,0.001967652253517782,0.0007164651642698469,19.59750898161345,2019-11-07,68.59386349942768,0,0,7.610357618312838,2.3978952727983707,5.407171771460119,7.610357618312838,2.3978952727983707,5.626923185303185
2019-11-08,DOGEUSDT,0.002704,0.0027096,0.002535,0.0026381,140343464.0,-5.898010634556722,18.759603290396726,0.052063909791747506,0.04151610940725001,-0.02252592294024205,0.03892129908362282,0.02004388517670234,0.0012007675531056326,0.0007564170897824628,19.59330853013403,2019-11-08,68.53011704074474,0,0,7.610357618312838,2.3978952727983707,5.407171771460119,7.610357618312838,2.3978952727983707,5.626923185303185
2019-11-09,DOGEUSDT,0.0026442,0.0027351,0.0026079,0.0027126,355378242.0,-5.9109542564607125,19.688693250651475,0.046408356435968565,0.04273917116442964,0.027848623464139813,-0.02252592294024205,0.022285460038704182,0.0014144475262835605,0.0007657801206538842,19.597706529739302,2019-11-09,68.21318823897658,0,0,7.610357618312838,2.3978952727983707,5.407171771460119,7.610357618312838,2.3978952727983707,5.626923185303185
2019-11-10,DOGEUSDT,0.0027078,0.0027849,0.0026647,0.0027565,305203814.0,-5.901587280705307,19.536490354019953,0.04221554777291981,0.04260826531655219,0.016054174501123702,0.027848623464139813,0.02158962951851201,0.0008217532530258329,0.000702369694192972,19.62197794379172,2019-11-10,68.0897182372911,0,0,7.610357618312838,2.3978952727983707,5.407171771460119,7.610357618312838,2.3978952727983707,5.626923185303185
2019-11-11,DOGEUSDT,0.0027653,0.0027687,0.002646,0.002705,145629942.0,-5.883543312890278,18.796579318189096,0.032066033731155075,0.03997270742020291,-0.01885984674915636,0.016054174501123702,0.024950083366130162,0.001003365901310886,0.0006389938780664568,19.6377095216743,2019-11-11,68.04879457645328,0,0,7.610357618312838,2.3978952727983707,5.407171771460119,7.610357618312838,2.3978952727983707,5.626923185303185
2019-11-12,DOGEUSDT,0.0027042,0.0027244,0.0026456,0.0027078,116799812.0,-5.889377383024634,18.575972018768063,0.026973046524977756,0.036722792196396625,0.0010345847804285146,-0.01885984674915636,0.02494663590635777,5.5694785682452114e-05,0.0006381359461592364,19.608456851162565,2019-11-12,67.82776156367166,0,0,7.610357618312838,2.3978952727983707,5.407171771460119,7.610357618312838,2.3978952727983707,5.626923185303185
2019-11-13,DOGEUSDT,0.0027078,0.0027078,0.0026316,0.0026821,140516822.0,-5.90550705859711,18.76083776910843,0.023293229591386536,0.0333654015451441,-0.009536427306722155,0.0010345847804285146,0.019911993953295043,0.000508315642621505,0.0004923620309476308,19.596454682923035,2019-11-13,67.85337769040542,0,0,7.610357618312838,2.3978952727983707,5.407171771460119,7.610357618312838,2.3978952727983707,5.626923185303185
2019-11-14,DOGEUSDT,0.0026751,0.0026862,0.0025991,0.002662,99444648.0,-5.911618781903264,18.415111745828188,0.028734729839247238,0.03220773361866988,-0.007522349799231388,-0.009536427306722155,0.017458633335899146,0.0004084878714317616,0.00048044087150259253,19.594534780273598,2019-11-14,67.79712842085921,0,0,7.610357618312838,2.3978952727983707,5.407171771460119,7.610357618312838,2.3978952727983707,5.626923185303185
2019-11-15,DOGEUSDT,0.002665,0.00271,0.0025767,0.002658,196496664.0,-5.919627723489299,19.096156012030242,0.043488899578885895,0.03502802510872388,-0.0015037596818661765,-0.007522349799231388,0.011793064149867872,7.874672163962393e-05,0.00038409889816220475,19.60483340271536,2019-11-15,67.84444354100194,0,0,7.610357618312838,2.3978952727983707,5.407171771460119,7.610357618312838,2.3978952727983707,5.626923185303185
2019-11-16,DOGEUSDT,0.0026504,0.0027,0.0026164,0.0026606,184465713.0,-5.910806644090528,19.032974166776572,0.028274716809964094,0.033339698034033936,0.0009777009766146257,-0.0015037596818661765,0.007726983873815557,5.136879649220946e-05,0.0003754304759063717,19.602401861831037,2019-11-16,67.78834855207543,0,0,7.610357618312838,2.3978952727983707,5.407171771460119,7.610357618312838,2.3978952727983707,5.626923185303185
2019-11-17,DOGEUSDT,0.0026517,0.0026619,0.0025893,0.0026258,81768446.0,-5.914503505971854,18.219401981432686,0.02096436759770164,0.030245865424950863,-0.013166049749795322,0.0009777009766146257,0.005966325407271755,0.0007226389627504123,0.0002843019382654842,19.59717947684522,2019-11-17,67.74897152464682,0,0,7.610357618312838,2.3978952727983707,5.407171771460119,7.610357618312838,2.3978952727983707,5.626923185303185
2019-11-18,DOGEUSDT,0.0026159,0.0026299,0.0025002,0.0025395,72203979.0,-5.928715125454873,18.095005713147835,0.03123293088065179,0.030492631788876096,-0.03341840025871037,-0.013166049749795322,0.012284932663679589,0.0018468300473886315,0.0006614173894560474,19.557337672809044,2019-11-18,67.7117610924585,0,0,7.610357618312838,2.3978952727983707,5.407171771460119,7.610357618312838,2.3978952727983707,5.626923185303185
2019-11-19,DOGEUSDT,0.0025351,0.0025381,0.0024883,0.0025165,60867796.0,-5.9408094563290375,17.92421479150177,0.015278115496149552,0.02668900271569446,-0.009098164024885036,-0.03341840025871037,0.012294497390441143,0.0005075906604956919,0.0006614381532327949,19.552062877060678,2019-11-19,67.8164596681665,0,0,7.610357618312838,2.3978952727983707,5.407171771460119,7.610357618312838,2.3978952727983707,5.626923185303185
2019-11-20,DOGEUSDT,0.0025206,0.00259,0.0025065,0.0025225,51326120.0,-5.976339509362913,17.753710342355486,0.030426495064458308,0.02762337580288542,0.0023814260113492907,-0.009098164024885036,0.013408235511632664,0.00013413680664079897,0.0006865480920645336,19.543689728089536,2019-11-20,67.87902053780164,0,0,7.610357618312838,2.3978952727983707,5.407171771460119,7.610357618312838,2.3978952727983707,5.626923185303185
2019-11-21,DOGEUSDT,0.0025209,0.0025302,0.0023,0.0024063,139844659.0,-5.95609740327069,18.75604278596411,0.06704239005990537,0.03747812936714041,-0.04716017518677539,0.0023814260113492907,0.01976927060530343,0.002514398997962791,0.000997120951941963,19.504680818896723,2019-11-21,67.96386862621193,0,0,7.610357618312838,2.3978952727983707,5.407171771460119,7.610357618312838,2.3978952727983707,5.626923185303185
2019-11-22,DOGEUSDT,0.0024059,0.0024426,0.0021733,0.0023524,165526781.0,-5.979456927983705,18.92464355842127,0.09909711872870287,0.05288287670753102,-0.022654214455187633,-0.04716017518677539,0.01783051746851687,0.001197074829190468,0.000891806298057492,19.477027874345143,2019-11-22,68.06022565554241,0,0,7.610357618312838,2.3978952727983707,5.407171771460119,7.610357618312838,2.3978952727983707,5.626923185303185
2019-11-23,DOGEUSDT,0.0023528,0.0024,0.0022612,0.0023994,172491867.0,-6.014692233227286,18.965860645498108,0.05948969976607072,0.05453458247216594,0.019782622495026575,-0.022654214455187633,0.02440849506976491,0.0010430648450283928,0.0008701559089090293,19.464706927958503,2019-11-23,68.00197278948264,0,0,7.610357618312838,2.3978952727983707,5.407171771460119,7.610357618312838,2.3978952727983707,5.626923185303185
2019-11-24,DOGEUSDT,0.0023892,0.0023892,0.0022323,0.002233,116673800.0,-6.032286541628237,18.57489256476762,0.004614845430983178,0.04205464821187025,-0.07187273324066969,0.019782622495026575,0.03354265376996336,0.0038693485300149754,0.0013987187861319546,19.466966811867504,2019-11-24,67.97957697024258,0,0,7.610357618312838,2.3978952727983707,5.407171771460119,7.610357618312838,2.3978952727983707,5.626923185303185
2019-11-25,DOGEUSDT,0.0022368,0.0023206,0.002081,0.0022539,150700812.0,-6.036796697106123,18.830807051770662,0.0988457442037945,0.05625242220985131,0.009316076203066804,-0.07187273324066969,0.0356722138844941,0.0004947252753137213,0.0014006344048564285,19.433389507367206,2019-11-25,68.1711746424645,0,0,7.610357618312838,2.3978952727983707,5.407171771460119,7.610357618312838,2.3978952727983707,5.626923185303185
2019-11-26,DOGEUSDT,0.0022474,0.0023128,0.0022267,0.0022663,46658505.0,-6.065929506050829,17.658365783752785,0.03537473510030859,0.051033000432465635,0.0054864966616603025,0.009316076203066804,0.03605391684893037,0.000310702401844476,0.0013665766486743404,19.427217183313463,2019-11-26,68.21262529962135,0,0,7.610357618312838,2.3978952727983707,5.407171771460119,7.610357618312838,2.3978952727983707,5.626923185303185
2019-11-27,DOGEUSDT,0.0022663,0.00236,0.0021866,0.0023208,98287760.0,-6.069296367262138,18.403410060579187,0.07227824662768625,0.05634431198127079,0.023763408102309477,0.0054864966616603025,0.03614886007333291,0.0012912502641677052,0.0012866949642280222,19.44776544806079,2019-11-27,68.33692502249792,0,0,7.610357618312838,2.3978952727983707,5.407171771460119,7.610357618312838,2.3978952727983707,5.626923185303185
2019-11-28,DOGEUSDT,0.0023153,0.00236,0.0022614,0.002272,98429449.0,-6.049093659944618,18.404850595702904,0.030434328115196554,0.04986681601475223,-0.021251452966152246,0.023763408102309477,0.036024158050697544,0.0011546658776525986,0.001287935558282875,19.45699754028652,2019-11-28,68.50931598360599,0,0,7.610357618312838,2.3978952727983707,5.407171771460119,7.610357618312838,2.3978952727983707,5.626923185303185
2019-11-29,DOGEUSDT,0.0022735,0.0023733,0.0022722,0.0023593,98438924.0,-6.049093659944618,18.40494685291134,0.04349398185256483,0.04827360747420538,0.037704464011625666,-0.021251452966152246,0.03917445518933665,0.0020486048839451813,0.0013036748833354325,19.472850759971138,2019-11-29,68.59113596622089,0,0,7.610357618312838,2.3978952727983707,5.407171771460119,7.610357618312838,2.3978952727983707,5.626923185303185
2019-11-30,DOGEUSDT,0.0023593,0.0023607,0.0022711,0.0022918,59323424.0,-6.043473887268814,17.898514794404367,0.019200273332632276,0.041005273938812106,-0.029027429860319778,0.037704464011625666,0.025631384977915173,0.00162177868911194,0.000660873061888121,19.46003979765874,2019-11-30,68.68445907198573,0,0,7.610357618312838,2.3978952727983707,5.407171771460119,7.610357618312838,2.3978952727983707,5.626923185303185
2019-12-01,DOGEUSDT,0.002292,0.0023041,0.0022323,0.0022648,71868565.0,-6.048797093755227,18.090349522638917,0.02341290499214584,0.03660718170214554,-0.011851080194658052,-0.029027429860319778,0.02625723788758922,0.0006551050978770301,0.0006314829413331988,19.441790787914268,2019-12-01,68.49075530372892,0,0,7.610357618312838,2.4849066497880004,5.4638318050256105,7.610357618312838,2.4849066497880004,5.690529223696209
2019-12-02,DOGEUSDT,0.0022708,0.0022708,0.0021588,0.0022194,163746405.0,-6.073065134312587,18.913829478040164,0.03742014111716919,0.03681042155590145,-0.020249565731226566,-0.011851080194658052,0.02741587943278684,0.0010706222002655388,0.0004802829569160518,19.417775344490146,2019-12-02,68.36193686280441,0,0,7.610357618312838,2.4849066497880004,5.4638318050256105,7.610357618312838,2.4849066497880004,5.690529223696209
2019-12-03,DOGEUSDT,0.0022209,0.0022366,0.0021504,0.0021782,189360213.0,-6.087623086667703,19.059161648010942,0.026291158446033667,0.03418060577843451,-0.018738041424877203,-0.020249565731226566,0.02427857525529228,0.0009831513983109927,0.0004984316225643213,19.408641971936543,2019-12-03,68.41298894909532,0,0,7.610357618312838,2.4849066497880004,5.4638318050256105,7.610357618312838,2.4849066497880004,5.690529223696209
2019-12-04,DOGEUSDT,0.0021731,0.002245,0.0021123,0.0021682,259311714.0,-6.102798423370186,19.373541424960937,0.05219648158199368,0.0386845747293243,-0.004601517414394721,-0.018738041424877203,0.023759350900625555,0.0002375155534788343,0.0006524392470759502,19.412243798266307,2019-12-04,68.65789602966338,0,0,7.610357618312838,2.4849066497880004,5.4638318050256105,7.610357618312838,2.4849066497880004,5.690529223696209
2019-12-05,DOGEUSDT,0.0021717,0.0022199,0.0021406,0.0021755,75250597.0,-6.0990497577879195,18.136334395116606,0.03212153631406674,0.03704381512550991,0.0033611929335434342,-0.004601517414394721,0.011664430215688559,0.0001853292324852849,0.0005471643482890449,19.399410403162356,2019-12-05,68.66491517064567,0,0,7.610357618312838,2.4849066497880004,5.4638318050256105,7.610357618312838,2.4849066497880004,5.690529223696209
2019-12-06,DOGEUSDT,0.0021705,0.0022416,0.0021001,0.0021944,132923213.0,-6.110293129157553,18.705282173593066,0.059581757930824576,0.04267830082683857,0.008650137462658821,0.0033611929335434342,0.011786086268188152,0.0004624435698099512,0.00037244858479083945,19.403774490034255,2019-12-06,68.75698159940534,0,0,7.610357618312838,2.4849066497880004,5.4638318050256105,7.610357618312838,2.4849066497880004,5.690529223696209
2019-12-07,DOGEUSDT,0.0021894,0.0022504,0.0021601,0.002184,61735171.0,-6.100565382381531,17.938364358883764,0.03568851652401718,0.04093085475113323,-0.004750602758597753,0.008650137462658821,0.011585033936958486,0.00026482920424375663,0.00039414411922189004,19.40519391718728,2019-12-07,68.85095689601775,0,0,7.610357618312838,2.4849066497880004,5.4638318050256105,7.610357618312838,2.4849066497880004,5.690529223696209
2019-12-08,DOGEUSDT,0.0021834,0.0022499,0.00215,0.0021971,56793315.0,-6.096647300788627,17.854929183102964,0.0411911442861562,0.04099592713488897,0.005980251097528854,-0.004750602758597753,0.009997453656683407,0.0003349355820009789,0.00029603334243875933,19.416667822512863,2019-12-08,68.69461617293393,0,0,7.610357618312838,2.4849066497880004,5.4638318050256105,7.610357618312838,2.4849066497880004,5.690529223696209
2019-12-09,DOGEUSDT,0.0021968,0.0022182,0.0021624,0.0021699,56493155.0,-6.096869508197936,17.849630038334883,0.01736754643208018,0.03508883195918677,-0.012457225438979721,0.005980251097528854,0.007979741017029822,0.0006978982428333738,0.00018962074529920656,19.41032834713406,2019-12-09,68.62479559760078,0,0,7.610357618312838,2.4849066497880004,5.4638318050256105,7.610357618312838,2.4849066497880004,5.690529223696209
2019-12-10,DOGEUSDT,0.0021635,0.002215,0.0020903,0.0021368,116186991.0,-6.1110592227936325,18.570711442586422,0.0460483794478517,0.037828718831353005,-0.015371700727593793,-0.012457225438979721,0.010004576349565383,0.0008277389250873477,0.0002533698133792074,19.378346967594805,2019-12-10,68.58313414764095,0,0,7.610357618312838,2.4849066497880004,5.4638318050256105,7.610357618312838,2.4849066497880004,5.690529223696209
2019-12-11,DOGEUSDT,0.0021402,0.002174,0.0021079,0.0021379,86454061.0,-6.112502875485038,18.27512374412041,0.026433413136648976,0.034979892407676995,0.0005146560106110916,-0.015371700727593793,0.009738920064744732,2.816156091838612e-05,0.0002927780687488607,19.377276161524257,2019-12-11,68.50561300401793,0,0,7.610357618312838,2.4849066497880004,5.4638318050256105,7.610357618312838,2.4849066497880004,5.690529223696209
2019-12-12,DOGEUSDT,0.0021515,0.0021688,0.0021166,0.0021344,55721062.0,-6.1311864902831195,17.83586876627788,0.01822296465811487,0.030790660470286463,-0.0016384620850577593,0.0005146560106110916,0.00805801229372125,9.186331804344653e-05,0.00032355474627725336,19.37537164642886,2019-12-12,68.56652133545715,0,0,7.610357618312838,2.4849066497880004,5.4638318050256105,7.610357618312838,2.4849066497880004,5.690529223696209
2019-12-13,DOGEUSDT,0.0021348,0.0022245,0.0021051,0.0021321,105233189.0,-6.1335812597798185,18.471689293303896,0.0494900991701838,0.0354655201452608,-0.0010781672203453326,-0.0016384620850577593,0.008184635740223711,5.836863121859542e-05,0.0003476023976897085,19.372420588981793,2019-12-13,68.52770400366882,0,0,7.610357618312838,2.4849066497880004,5.4638318050256105,7.610357618312838,2.4849066497880004,5.690529223696209
2019-12-14,DOGEUSDT,0.0021274,0.0022933,0.002048,0.0021127,97345597.0,-6.108223107718177,18.393778060202887,0.09837679902695896,0.05119333986568534,-0.009140659194770239,-0.0010781672203453326,0.006684310059452433,0.0004969429969663022,0.00035339043972849914,19.369646201534874,2019-12-14,68.4358125260091,0,0,7.610357618312838,2.4849066497880004,5.4638318050256105,7.610357618312838,2.4849066497880004,5.690529223696209
2019-12-15,DOGEUSDT,0.0021127,0.0022,0.0020938,0.0021363,61190730.0,-6.077763450694348,17.92950626542149,0.046732418785685764,0.05007810959568545,0.011108610349999848,-0.009140659194770239,0.009019580552137436,0.0006195714586644087,0.00033990392720560344,19.38037092476922,2019-12-15,68.41087512429631,0,0,7.610357618312838,2.4849066497880004,5.4638318050256105,7.610357618312838,2.4849066497880004,5.690529223696209
2019-12-16,DOGEUSDT,0.0021363,0.002177,0.0020705,0.002087,99814375.0,-6.119297918617867,18.418822768985358,0.03456766069515844,0.04620049737055369,-0.02334773257898801,0.011108610349999848,0.01151953273158662,0.0012676017827970105,0.00048080451029135836,19.381118748907173,2019-12-16,68.71909596180325,0,0,7.610357618312838,2.4849066497880004,5.4638318050256105,7.610357618312838,2.4849066497880004,5.690529223696209
2019-12-17,DOGEUSDT,0.0020835,0.0021318,0.0019349,0.0019772,209772941.0,-6.129807496729726,19.161536270393963,0.061815444824964615,0.05010423423415642,-0.0540459256443964,-0.02334773257898801,0.023061545698422347,0.0028205424075470127,0.0010417099825734987,19.329107511886157,2019-12-17,69.3911389683597,0,0,7.610357618312838,2.4849066497880004,5.4638318050256105,7.610357618312838,2.4849066497880004,5.690529223696209
2019-12-18,DOGEUSDT,0.0019772,0.0020868,0.0019,0.0020483,444442268.0,-6.150788585709238,19.912330723718092,0.08973648944127796,0.06001229803593681,0.03532847837380556,-0.0540459256443964,0.03046219469135732,0.0017742010648570082,0.0010090121320483693,19.33342711674554,2019-12-18,69.92210729297925,0,0,7.610357618312838,2.4849066497880004,5.4638318050256105,7.610357618312838,2.4849066497880004,5.690529223696209
2019-12-19,DOGEUSDT,0.0020541,0.00218,0.0019819,0.0020205,91905080.0,-6.172123486816036,18.33626686327369,0.07973371229158771,0.06494265159984954,-0.013665175288081399,0.03532847837380556,0.03041755180581342,0.0007452539489077696,0.0008891155660865027,19.343164983426696,2019-12-19,70.27709924565944,0,0,7.610357618312838,2.4849066497880004,5.4638318050256105,7.610357618312838,2.4849066497880004,5.690529223696209
2019-12-20,DOGEUSDT,0.0020241,0.002065,0.0019933,0.0020273,58972845.0,-6.12843040218114,17.892587641683214,0.03108527531943656,0.056478307529746294,0.00335985295561978,-0.013665175288081399,0.0308280704707047,0.0001877790414055341,0.000950896054006215,19.33745872201515,2019-12-20,70.15831692753702,0,0,7.610357618312838,2.4849066497880004,5.4638318050256105,7.610357618312838,2.4849066497880004,5.690529223696209
2019-12-21,DOGEUSDT,0.0020275,0.0020676,0.0020091,0.00204,83070907.0,-6.182625052569141,18.235205102258117,0.02648148394869493,0.04897910163448345,0.006244949364113896,0.00335985295561978,0.03032032540234085,0.00034246663687597165,0.0009926267567429735,19.34636233516672,2019-12-21,70.1260669415095,0,0,7.610357618312838,2.4849066497880004,5.4638318050256105,7.610357618312838,2.4849066497880004,5.690529223696209
2019-12-22,DOGEUSDT,0.00204,0.0020859,0.00202,0.0020808,97517875.0,-6.18136676464239,18.39554625249791,0.03172504204736476,0.04466558673770378,0.01980262729617951,0.006244949364113896,0.0309733990236442,0.001076490310446233,0.000992691014253262,19.343464802775646,2019-12-22,70.33522540938522,0,0,7.610357618312838,2.4849066497880004,5.4638318050256105,7.610357618312838,2.4849066497880004,5.690529223696209
2019-12-23,DOGEUSDT,0.0020848,0.0021261,0.0020276,0.002051,187366372.0,-6.172554862191192,19.048576466629054,0.03535192365334824,0.04233717096661489,-0.014424956062061105,0.01980262729617951,0.019295237678126735,0.0007572721293547574,0.0005680365608591659,19.33213795629892,2019-12-23,70.6203894240364,0,0,7.610357618312838,2.4849066497880004,5.4638318050256105,7.610357618312838,2.4849066497880004,5.690529223696209
2019-12-24,DOGEUSDT,0.002047,0.0020546,0.002002,0.0020184,61042421.0,-6.153465963479954,17.927079606670322,0.016657156864136897,0.03591716744099539,-0.016022360745532486,-0.014424956062061105,0.014545959292939118,0.0008937518601507673,0.0003371486075559291,19.329071796229297,2019-12-24,70.546730002575,0,0,7.610357618312838,2.4849066497880004,5.4638318050256105,7.610357618312838,2.4849066497880004,5.690529223696209
2019-12-25,DOGEUSDT,0.002017,0.0020591,0.0019938,0.00204,108851438.0,-6.187674097182111,18.505494556398176,0.03050807948463774,0.03456489545190598,0.010644689511414228,-0.016022360745532486,0.01417858594539705,0.0005752177808041279,0.00033641788442651877,19.317595729646744,2019-12-25,70.56502485872785,0,0,7.610357618312838,2.4849066497880004,5.4638318050256105,7.610357618312838,2.4849066497880004,5.690529223696209
2019-12-26,DOGEUSDT,0.0020331,0.0020545,0.0020013,0.0020245,81831506.0,-6.185486284850173,18.22017288634252,0.021363706232321315,0.03126459814700982,-0.007627051366046458,0.010644689511414228,0.014608913726362735,0.0004186047746980241,0.000283569121492216,19.340742897106992,2019-12-26,70.56722201504465,0,0,7.610357618312838,2.4849066497880004,5.4638318050256105,7.610357618312838,2.4849066497880004,5.690529223696209
2019-12-27,DOGEUSDT,0.0020172,0.0020426,0.0019901,0.0020277,145246366.0,-6.18772276964081,18.79394193445044,0.024062094119541716,0.02946397214014279,0.001579389302202303,-0.007627051366046458,0.014316560650146809,8.403714918939842e-05,0.0003551827688856335,19.3153520641845,2019-12-27,70.4491140460666,0,0,7.610357618312838,2.4849066497880004,5.4638318050256105,7.610357618312838,2.4849066497880004,5.690529223696209
2019-12-28,DOGEUSDT,0.0020277,0.0020624,0.0020277,0.0020458,48401004.0,-6.1935317728202754,17.695031115273363,0.016968207410504695,0.026340030957733268,0.008886765248488896,0.001579389302202303,0.011573984655450254,0.0005022181193464156,0.00028200746270387416,19.337286443894612,2019-12-28,70.33947839509155,0,0,7.610357618312838,2.4849066497880004,5.4638318050256105,7.610357618312838,2.4849066497880004,5.690529223696209
2019-12-29,DOGEUSDT,0.0020458,0.0020609,0.0020259,0.0020329,50528679.0,-6.183884925779351,17.738051634040946,0.012636411951500406,0.022914126206175053,-0.006325565995888632,0.008886765248488896,0.010359379757337632,0.0003566099663251228,0.0002668791315691332,19.34047649833908,2019-12-29,70.19515491042128,0,0,7.610357618312838,2.4849066497880004,5.4638318050256105,7.610357618312838,2.4849066497880004,5.690529223696209
2019-12-30,DOGEUSDT,0.0020391,0.0020585,0.0020123,0.0020264,76749919.0,-6.184612498386811,18.156062889056432,0.017530514649650084,0.021568223317043812,-0.0032025253395529135,-0.006325565995888632,0.007753856064275049,0.0001763887555976266,0.00018946889679615002,19.32093323660006,2019-12-30,69.98655002578113,0,0,7.610357618312838,2.4849066497880004,5.4638318050256105,7.610357618312838,2.4849066497880004,5.690529223696209
2019-12-31,DOGEUSDT,0.002019,0.0020299,0.0019862,0.0020135,131083309.0,-6.185777716754314,18.691343625601984,0.01846001586813669,0.020791171454817032,-0.006386318395956435,-0.0032025253395529135,0.006359261841567219,0.0003416725155707341,0.0001554130211951936,19.326371620641616,2019-12-31,70.00018541870904,0,0,7.610357618312838,2.4849066497880004,5.4638318050256105,7.610357618312838,2.4849066497880004,5.690529223696209
2020-01-01,DOGEUSDT,0.0020136,0.002039,0.0020001,0.0020245,31462868.0,-6.199768748225552,17.26431861482135,0.017972978626402025,0.02008662324771328,0.005448255180706811,-0.006386318395956435,0.006359348520675895,0.0003155789291347708,0.00014690394905728156,19.324052639258337,2020-01-01,69.96825036231105,0,0,7.61085279039525,0.0,5.293304824724492,7.61085279039525,0.0,5.527069495147359
2020-01-02,DOGEUSDT,0.0020245,0.00204,0.0019485,0.0019951,191887309.0,-6.195295787389819,19.072418825388205,0.035416427013765364,0.0239190741892263,-0.014628582091200135,0.005448255180706811,0.008601447033532111,0.0007670019322209584,0.00020345181607740075,19.31496669602703,2020-01-02,69.95474907988518,0,0,7.61085279039525,0.0,5.293304824724492,7.61085279039525,0.0,5.527069495147359
2020-01-03,DOGEUSDT,0.0019986,0.0020359,0.0019675,0.0020236,109005714.0,-6.194805471126012,18.50691086083778,0.032754281302323926,0.026127875967500706,0.0141839290367654,-0.014628582091200135,0.01015948624725107,0.0007664125657394188,0.0002505603641280145,19.318348270920882,2020-01-03,69.95305268243612,0,0,7.61085279039525,0.0,5.293304824724492,7.61085279039525,0.0,5.527069495147359
2020-01-04,DOGEUSDT,0.0020185,0.0021035,0.002015,0.0020579,123468609.0,-6.196817297413642,18.631497503585916,0.04253868431529971,0.03023057805445046,0.016807941930722235,0.0141839290367654,0.01227608909541754,0.0009021251205109676,0.0003018930157993292,19.336221662107633,2020-01-04,69.90363053612036,0,0,7.61085279039525,0.0,5.293304824724492,7.61085279039525,0.0,5.527069495147359
2020-01-05,DOGEUSDT,0.0020589,0.0020922,0.0020361,0.0020696,66437147.0,-6.164152654933699,18.01176690078798,0.02485571737201341,0.028886862883841197,0.005669306523316055,0.016807941930722235,0.01205099612322564,0.0003147557124486235,0.0002719125129869133,19.36063881140303,2020-01-05,69.77603582999495,0,0,7.61085279039525,0.0,5.293304824724492,7.61085279039525,0.0,5.527069495147359
2020-01-06,DOGEUSDT,0.0020722,0.0021345,0.0020692,0.0021344,108507039.0,-6.169539135054614,18.502325604416495,0.03106927574987307,0.029432466100349164,0.03083022484948503,0.005669306523316055,0.015121617205013793,0.0016662891740552807,0.000496480067561554,19.386167149041285,2020-01-06,69.32000868159336,0,0,7.61085279039525,0.0,5.293304824724492,7.61085279039525,0.0,5.527069495147359
2020-01-07,DOGEUSDT,0.0021333,0.0021847,0.0020777,0.002175,121470207.0,-6.149522851766258,18.615179580799477,0.049032983642889036,0.034332595485984135,0.018843087801479915,0.03083022484948503,0.015352105518519683,0.001012243138439315,0.00044220099406737807,19.382357216983134,2020-01-07,69.79313006485535,0,0,7.61085279039525,0.0,5.293304824724492,7.61085279039525,0.0,5.527069495147359
2020-01-08,DOGEUSDT,0.0021687,0.0022263,0.0020701,0.0020886,205791636.0,-6.126276759632227,19.142374739138923,0.0481750787924822,0.03779321631260865,-0.04053467947733623,0.018843087801479915,0.024959378909206333,0.0021175366186128477,0.0006519888485892626,19.37571443767384,2020-01-08,70.56895904768442,0,0,7.61085279039525,0.0,5.293304824724492,7.61085279039525,0.0,5.527069495147359
2020-01-09,DOGEUSDT,0.0020934,0.0021633,0.0020642,0.0021282,80515080.0,-6.107414264320076,18.203955054037415,0.044374393430918445,0.0394385105921861,0.018782566962182907,-0.04053467947733623,0.02526944319083654,0.0010317849558751334,0.0006310652879711822,19.376136281647298,2020-01-09,70.33634583994845,0,0,7.61085279039525,0.0,5.293304824724492,7.61085279039525,0.0,5.527069495147359
2020-01-10,DOGEUSDT,0.0021323,0.0022024,0.0020983,0.0021973,222205607.0,-6.136120445373451,19.219113668874833,0.04803383857417396,0.04158734258768307,0.03195278189559018,0.018782566962182907,0.026976078214143693,0.0016625523136031709,0.0006417824005741821,19.402824441216037,2020-01-10,69.91391862676429,0,0,7.61085279039525,0.0,5.293304824724492,7.61085279039525,0.0,5.527069495147359
2020-01-11,DOGEUSDT,0.0022007,0.002225,0.0021651,0.0021754,94223943.0,-6.118207604135876,18.36118487922489,0.019418790231362972,0.036045204498603045,-0.010016778243471344,0.03195278189559018,0.028314080501301304,0.0005455409500726185,0.0005742214436154231,19.412507346542384,2020-01-11,69.68010526635763,0,0,7.61085279039525,0.0,5.293304824724492,7.61085279039525,0.0,5.527069495147359
2020-01-12,DOGEUSDT,0.0021671,0.0022133,0.002155,0.0021963,49775170.0,-6.107998363363934,17.723026823277863,0.025872604688000827,0.03350205454595249,0.009561570660956671,-0.010016778243471344,0.02618178467038159,0.0005394998696497072,0.0006276712366528761,19.40732195048908,2020-01-12,69.55559422071806,0,0,7.61085279039525,0.0,5.293304824724492,7.61085279039525,0.0,5.527069495147359
2020-01-13,DOGEUSDT,0.0022026,0.0022049,0.0021652,0.0021704,66668055.0,-6.113270664516275,18.015236460627364,0.007748761239347446,0.027063731219301227,-0.011862643975984742,0.009561570660956671,0.025878794632445908,0.0006584783942142959,0.0006591955857442493,19.403823520981803,2020-01-13,69.53081852823016,0,0,7.61085279039525,0.0,5.293304824724492,7.61085279039525,0.0,5.527069495147359
2020-01-14,DOGEUSDT,0.0021656,0.0023955,0.0021653,0.0023581,297610208.0,-6.117073122585659,19.51129516141021,0.101022268120298,0.04555336544455042,0.0829447276744006,-0.011862643975984742,0.035017928175228696,0.0042511133673201855,0.0014380445918784172,19.42745431291569,2020-01-14,68.42748042013127,0,0,7.61085279039525,0.0,5.293304824724492,7.61085279039525,0.0,5.527069495147359
2020-01-15,DOGEUSDT,0.0023493,0.0024913,0.0023204,0.0023669,262905054.0,-6.034163301641097,19.38730351355489,0.06645456115861095,0.05077866437306555,0.003724872031642988,0.0829447276744006,0.03567554458972922,0.00019212945364159044,0.0015249003242073695,19.489436817072836,2020-01-15,67.54065709138932,0,0,7.61085279039525,0.0,5.293304824724492,7.61085279039525,0.0,5.527069495147359
2020-01-16,DOGEUSDT,0.002376,0.0023768,0.0022871,0.0023276,98583989.0,-5.9949506163928135,18.406419423020118,0.02612115644583439,0.044614287391257765,-0.016743388268250562,0.003724872031642988,0.03729183517068564,0.0009096493936952412,0.0015208835314234025,19.466672641117444,2020-01-16,67.76195467671553,0,0,7.61085279039525,0.0,5.293304824724492,7.61085279039525,0.0,5.527069495147359
2020-01-17,DOGEUSDT,0.0023343,0.0025035,0.0023159,0.0024868,280388650.0,-6.042000233815876,19.451687234416728,0.07755062531173905,0.052848371871378086,0.06615904961266769,-0.016743388268250562,0.041952770010856885,0.0034011985086625065,0.0017159176138497384,19.51398600887603,2020-01-17,67.4557242325987,0,0,7.61085279039525,0.0,5.293304824724492,7.61085279039525,0.0,5.527069495147359
2020-01-18,DOGEUSDT,0.0024855,0.0025225,0.0024441,0.0025115,191378707.0,-5.990065526194274,19.069764782100698,0.030388808230717882,0.047233480961213034,0.009883440794916995,0.06615904961266769,0.04193342902304757,0.0005182780651911245,0.0017187055336856942,19.549625785351765,2020-01-18,67.05554133465935,0,0,7.61085279039525,0.0,5.293304824724492,7.61085279039525,0.0,5.527069495147359
2020-01-19,DOGEUSDT,0.0025137,0.0025833,0.0023269,0.0023982,161012185.0,-5.98250480573651,18.89699060331472,0.07201052518840383,0.05342774201801073,-0.046161728244766505,0.009883440794916995,0.049232940822698905,0.0024428084457357607,0.0016653040295388608,19.53146686321213,2020-01-19,67.14847465846317,0,0,7.61085279039525,0.0,5.293304824724492,7.61085279039525,0.0,5.527069495147359
2020-01-20,DOGEUSDT,0.0023999,0.002427,0.0023468,0.002376,95126694.0,-5.958687627594045,18.370720182134736,0.025573437245029255,0.04646416582476536,-0.009300054462797277,-0.046161728244766505,0.03735447232720068,0.0005062433247359266,0.0012912863209023117,19.49345716250596,2020-01-20,67.32652365009308,0,0,7.61085279039525,0.0,5.293304824724492,7.61085279039525,0.0,5.527069495147359
2020-01-21,DOGEUSDT,0.002376,0.0023952,0.0023206,0.0023673,130661575.0,-6.021099352237672,18.688121141490665,0.02692068776438739,0.041578296309670866,-0.003668336287436467,-0.009300054462797277,0.037378848023326396,0.0001962924073352759,0.0012905546017132567,19.503608695510483,2020-01-21,67.0529000505416,0,0,7.61085279039525,0.0,5.293304824724492,7.61085279039525,0.0,5.527069495147359
2020-01-22,DOGEUSDT,0.0023583,0.0023904,0.0023353,0.0023434,72204081.0,-6.03428854429891,18.095007125811364,0.018687399266987575,0.03585557204900004,-0.010147198961043885,-0.003668336287436467,0.03688059876586137,0.0005607734161413817,0.0013207378230375426,19.48038678979558,2020-01-22,66.96135942562759,0,0,7.61085279039525,0.0,5.293304824724492,7.61085279039525,0.0,5.527069495147359
2020-01-23,DOGEUSDT,0.002343,0.0023478,0.002225,0.0022514,120187526.0,-6.036294563025776,18.6045637976419,0.02682296424836568,0.03359742009884145,-0.04005062131335137,-0.010147198961043885,0.02185109514640435,0.0021527310045521045,0.0009696905131552544,19.458591940372823,2020-01-23,67.21741911220195,0,0,7.61085279039525,0.0,5.293304824724492,7.61085279039525,0.0,5.527069495147359
2020-01-24,DOGEUSDT,0.002255,0.0022885,0.0021968,0.0022698,72913429.0,-6.054276559519852,18.104783391262362,0.03818172703586192,0.03474349683309657,0.008139476946334916,-0.04005062131335137,0.021436438012981004,0.00044957604686191103,0.0009777789888649375,19.4361981373953,2020-01-24,67.48444113242194,0,0,7.61085279039525,0.0,5.293304824724492,7.61085279039525,0.0,5.527069495147359
2020-01-25,DOGEUSDT,0.0022706,0.0022708,0.0022265,0.002251,74227952.0,-6.079858697870577,18.12265134878991,0.014709768987931,0.02973506487180518,-0.008317159960306407,0.008139476946334916,0.015960265460859577,0.000458937260350802,0.0007126446811763186,19.433606238206472,2020-01-25,67.5100876333739,0,0,7.61085279039525,0.0,5.293304824724492,7.61085279039525,0.0,5.527069495147359
2020-01-26,DOGEUSDT,0.0022497,0.0023091,0.0022364,0.0022854,62787676.0,-6.087623086667703,17.955269370142222,0.031019565966911807,0.030056190145581835,0.015166501805881076,-0.008317159960306407,0.019152105464265837,0.0008446824992278544,0.000705629102086145,19.4435130966441,2020-01-26,67.30264210652949,0,0,7.61085279039525,0.0,5.293304824724492,7.61085279039525,0.0,5.527069495147359
2020-01-27,DOGEUSDT,0.002291,0.0024271,0.002256,0.0023594,189983953.0,-6.070897440755893,19.062450168663254,0.07006169972253708,0.04005756753982065,0.0318662856951288,0.015166501805881076,0.024843771044930286,0.001671678373618191,0.0007196538197434657,19.48980022742856,2020-01-27,67.18066890453946,0,0,7.61085279039525,0.0,5.293304824724492,7.61085279039525,0.0,5.527069495147359
2020-01-28,DOGEUSDT,0.0023594,0.0024437,0.00235,0.0024412,132996335.0,-6.02105814995506,18.705832129415366,0.03904566662666385,0.03980459231153145,0.03408237226259768,0.0318662856951288,0.027813475335469167,0.0018220185034699599,0.0007414853863591042,19.51371491789442,2020-01-28,67.54722413989593,1,0,7.61085279039525,0.0,5.293304824724492,7.61085279039525,0.0,5.527069495147359
2020-01-29,DOGEUSDT,0.0024427,0.0024477,0.002371,0.0023865,113185519.0,-6.01424199479797,18.54453879152211,0.0161005705063397,0.03387858686023351,-0.022661864224388668,0.03408237226259768,0.02231622516960275,0.0012220236091689078,0.0005931867499430252,19.515328861701985,2020-01-29,67.68374079704418,0,0,7.61085279039525,0.0,5.293304824724492,7.61085279039525,0.0,5.527069495147359
2020-01-30,DOGEUSDT,0.0023865,0.0024243,0.0023544,0.002414,78294104.0,-6.01260647086141,18.17598285799812,0.02825436196736122,0.03247253063701544,0.01145726521152548,-0.022661864224388668,0.022310553717824123,0.0006303518935419687,0.0005584483679310705,19.510618499512844,2020-01-30,67.48951260341073,0,0,7.61085279039525,0.0,5.293304824724492,7.61085279039525,0.0,5.527069495147359
2020-01-31,DOGEUSDT,0.0024164,0.002445,0.002362,0.0023776,106455643.0,-6.022212456056763,18.483238958701932,0.023585120093130192,0.030250678001044126,-0.015193547134036709,0.01145726521152548,0.0235956436699173,0.0008220175678074847,0.0004894181029155398,19.511966741810937,2020-01-31,67.37081908463381,0,0,7.61085279039525,0.0,5.293304824724492,7.61085279039525,0.0,5.527069495147359
2020-02-01,DOGEUSDT,0.0023776,0.002417,0.002373,0.002417,69780779.0,-6.013710156055302,18.060869157317796,0.018372124267719347,0.027281039567712932,0.016435526180042896,-0.015193547134036709,0.023666269666531473,0.0009100074883928633,0.00048142729073721857,19.49949036467879,2020-02-01,67.27771496885237,0,0,7.61085279039525,0.6931471805599453,5.3230099791384085,7.61085279039525,0.6931471805599453,5.464032333223572
2020-02-02,DOGEUSDT,0.0024118,0.0025018,0.0023985,0.0024406,140214787.0,-6.025228177260791,18.758685997759176,0.04051043762523785,0.030588389082094162,0.00971680899425618,0.016435526180042896,0.021028576149307497,0.0005179898525630688,0.0004759845524538455,19.515439189717252,2020-02-02,66.83943214577809,0,0,7.61085279039525,0.6931471805599453,5.3230099791384085,7.61085279039525,0.6931471805599453,5.464032333223572
2020-02-03,DOGEUSDT,0.0024397,0.0024999,0.0024133,0.0024156,147181393.0,-5.990744806183633,18.807176350019105,0.029491406168327274,0.03031414335365244,-0.01029620726399298,0.00971680899425618,0.016295430737181763,0.0005474616216900907,0.00026796222916724644,19.52796044663428,2020-02-03,66.6392031648536,0,0,7.61085279039525,0.6931471805599453,5.3230099791384085,7.61085279039525,0.6931471805599453,5.464032333223572
2020-02-04,DOGEUSDT,0.0024167,0.0025178,0.002398,0.0025169,243323349.0,-5.991504547908003,19.309901771089937,0.04872195581980033,0.03491609647018941,0.04108028207521112,-0.01029620726399298,0.02024128563227049,0.002127420561854695,0.0006085475768077534,19.541080060041132,2020-02-04,66.32271043731595,0,0,7.61085279039525,0.6931471805599453,5.3230099791384085,7.61085279039525,0.6931471805599453,5.464032333223572
2020-02-05,DOGEUSDT,0.0025169,0.0026334,0.0024723,0.0025826,456737744.0,-5.984369774632115,19.939619919802716,0.060305352119908076,0.041263410382619076,0.025768657903593985,0.04108028207521112,0.02141671180552197,0.0012923344580907609,0.0006042471015495644,19.564236243884523,2020-02-05,65.8813858670268,0,0,7.61085279039525,0.6931471805599453,5.3230099791384085,7.61085279039525,0.6931471805599453,5.464032333223572
2020-02-06,DOGEUSDT,0.0025823,0.0026896,0.0025696,0.0026654,245310854.0,-5.939479492042031,19.318036756109574,0.045151443614972,0.04223541869070731,0.031557496733075306,0.025768657903593985,0.01812211213840724,0.0016335768034551879,0.0006366753954517611,19.59132749771165,2020-02-06,65.63128190808482,0,0,7.61085279039525,0.6931471805599453,5.3230099791384085,7.61085279039525,0.6931471805599453,5.464032333223572
2020-02-07,DOGEUSDT,0.0026642,0.0028,0.00265,0.0027888,266969073.0,-5.918362795309923,19.402643378194867,0.05486492008437038,0.04539279403912308,0.045257255620129944,0.031557496733075306,0.02089952384637493,0.0023325304051607255,0.0007706138280239683,19.646555913460038,2020-02-07,65.3409444225862,0,0,7.61085279039525,0.6931471805599453,5.3230099791384085,7.61085279039525,0.6931471805599453,5.464032333223572
2020-02-08,DOGEUSDT,0.0027997,0.0032674,0.0027214,0.003171,1122954168.0,-5.8781358618009785,20.839228699759463,0.18051023080812378,0.07917215323137325,0.12843559977259078,0.045257255620129944,0.04598684027591731,0.006163164751585707,0.001973379505373876,19.73645753914245,2020-02-08,65.08320454119311,0,0,7.61085279039525,0.6931471805599453,5.3230099791384085,7.61085279039525,0.6931471805599453,5.464032333223572
2020-02-09,DOGEUSDT,0.0031745,0.00489,0.003078,0.0032235,1307461248.0,-5.723760717371865,20.991353115223212,0.4488022245801232,0.17157967106856073,0.01642073021232749,0.12843559977259078,0.04071138550466247,0.0007822616351691476,0.0019324015449256042,19.812707302705576,2020-02-09,65.0636362360085,0,0,7.61085279039525,0.6931471805599453,5.3230099791384085,7.61085279039525,0.6931471805599453,5.464032333223572
2020-02-10,DOGEUSDT,0.0032155,0.0032819,0.0028417,0.0029663,810781064.0,-5.320562975495356,20.513508617557996,0.09081253461509055,0.15138788695519317,-0.08315234084272516,0.01642073021232749,0.06766000646399348,0.004053540639632613,0.0020374772694603774,19.75291530896922,2020-02-10,64.71125335673223,0,0,7.61085279039525,0.6931471805599453,5.3230099791384085,7.61085279039525,0.6931471805599453,5.464032333223572
2020-02-11,DOGEUSDT,0.0029618,0.0030946,0.0028388,0.00303,584824864.0,-5.7193327560045155,20.18682298259588,0.08092561871627504,0.13377231989546365,0.021247234595465205,-0.08315234084272516,0.067706721530697,0.0010525298910969577,0.002072882446428651,19.734438806396067,2020-02-11,64.4446032094022,0,0,7.61085279039525,0.6931471805599453,5.3230099791384085,7.61085279039525,0.6931471805599453,5.464032333223572
2020-02-12,DOGEUSDT,0.00303,0.0031568,0.003,0.0030589,621222834.0,-5.778096621908702,20.24720040645121,0.04777114905890274,0.11227202718632343,0.009492754691438643,0.021247234595465205,0.06798405749882089,0.0004688428276935531,0.002237324159829936,19.745640543162278,2020-02-12,63.94622674219182,0,0,7.61085279039525,0.6931471805599453,5.3230099791384085,7.61085279039525,0.6931471805599453,5.464032333223572
2020-02-13,DOGEUSDT,0.0030599,0.00321,0.0029443,0.0030132,570152846.0,-5.7581964226959235,20.161415033724044,0.07091119799325168,0.1019318198880555,-0.015052737243313836,0.009492754691438643,0.06848293756841828,0.0007466111489761552,0.0023485082375864653,19.74061291261988,2020-02-13,63.267648704760944,0,0,7.61085279039525,0.6931471805599453,5.3230099791384085,7.61085279039525,0.6931471805599453,5.464032333223572
2020-02-14,DOGEUSDT,0.0030098,0.0031383,0.0029756,0.0031067,305515579.0,-5.741484341840213,19.537511330365735,0.0521380025903971,0.0894833655636409,0.03055843261615944,-0.015052737243313836,0.04199039583820124,0.001564090333688748,0.001330605182878448,19.764302410416164,2020-02-14,62.749170019170016,0,0,7.61085279039525,0.6931471805599453,5.3230099791384085,7.61085279039525,0.6931471805599453,5.464032333223572
2020-02-15,DOGEUSDT,0.0031099,0.0031769,0.00284,0.0029031,320372009.0,-5.764074026946449,19.584993406670478,0.06621575217890914,0.08366646221745795,-0.06778193801269264,0.03055843261615944,0.047715921915707615,0.003460911964851962,0.00150221599430547,19.73213963459615,2020-02-15,62.86100102824403,0,0,7.61085279039525,0.6931471805599453,5.3230099791384085,7.61085279039525,0.6931471805599453,5.464032333223572
2020-02-16,DOGEUSDT,0.0028981,0.0029621,0.0026023,0.0027522,417846263.0,-5.751849400425587,19.850624130970985,0.0941181079185197,0.0862793736427234,-0.053378539723825356,-0.06778193801269264,0.04052221281941014,0.002689010651334839,0.0011775754228066078,19.656622454032355,2020-02-16,63.938301170970526,0,0,7.61085279039525,0.6931471805599453,5.3230099791384085,7.61085279039525,0.6931471805599453,5.464032333223572
2020-02-17,DOGEUSDT,0.0027475,0.0027561,0.0025241,0.0026999,273787797.0,-5.821856802734103,19.427863900796908,0.0773619239624911,0.08405001122266532,-0.01918585656168581,-0.053378539723825356,0.036999322724542524,0.0009875432862641595,0.001184598674966265,19.61007573122229,2020-02-17,64.10880147232893,0,0,7.61085279039525,0.6931471805599453,5.3230099791384085,7.61085279039525,0.6931471805599453,5.464032333223572
2020-02-18,DOGEUSDT,0.0026819,0.0028656,0.0026538,0.0028286,344021674.0,-5.893938642018743,19.656215219166842,0.07588859605531274,0.08200965743082718,0.04656715431690409,-0.01918585656168581,0.04498785661486606,0.0023690804052397788,0.0010512585641462367,19.64684826928892,2020-02-18,63.61654857957787,0,0,7.61085279039525,0.6931471805599453,5.3230099791384085,7.61085279039525,0.6931471805599453,5.464032333223572
2020-02-19,DOGEUSDT,0.0028349,0.0028615,0.0025623,0.0026085,156007562.0,-5.854977526657827,18.86541503839794,0.05327405698719918,0.07482575731992018,-0.08100654612395204,0.04656715431690409,0.05293244033295269,0.004293918048400972,0.0012112523213019869,19.637501557209838,2020-02-19,63.84995517738311,0,0,7.61085279039525,0.6931471805599453,5.3230099791384085,7.61085279039525,0.6931471805599453,5.464032333223572
2020-02-20,DOGEUSDT,0.002603,0.0029909,0.0025415,0.002653,268076623.0,-5.856409316115117,19.406783404328014,0.1537656874455474,0.09456073985132699,0.016915731675292273,-0.08100654612395204,0.0503480616240076,0.0008716401540051095,0.0013502237290247817,19.590471281255365,2020-02-20,64.18744528135464,0,0,7.61085279039525,0.6931471805599453,5.3230099791384085,7.61085279039525,0.6931471805599453,5.464032333223572
2020-02-21,DOGEUSDT,0.00265,0.002712,0.0025891,0.0026481,153113913.0,-5.812180933527479,18.846692731743946,0.039954744742688904,0.08090924107416747,-0.0018486734434427306,0.016915731675292273,0.046537637441517614,9.809007181026327e-05,0.0015302958450118891,19.599148005049937,2020-02-21,64.12319997611029,0,0,7.61085279039525,0.6931471805599453,5.3230099791384085,7.61085279039525,0.6931471805599453,5.464032333223572
2020-02-22,DOGEUSDT,0.0026469,0.0026533,0.0025719,0.0025887,107733066.0,-5.9100689089039875,18.495167114504383,0.016198772022151645,0.06473162381116351,-0.022686582511925273,-0.0018486734434427306,0.043076082388395595,0.0012266221965701448,0.001492600105494363,19.599662266647133,2020-02-22,64.09587005235527,0,0,7.61085279039525,0.6931471805599453,5.3230099791384085,7.61085279039525,0.6931471805599453,5.464032333223572
2020-02-23,DOGEUSDT,0.0025905,0.00268,0.0025905,0.0026772,85158189.0,-5.931951130686938,18.260021131910918,0.033965887250059355,0.057040189670887476,0.033615653044115464,-0.022686582511925273,0.046158274783404,0.0018409427240677883,0.001458122811346896,19.58899333636096,2020-02-23,63.96991856913117,0,0,7.61085279039525,0.6931471805599453,5.3230099791384085,7.61085279039525,0.6931471805599453,5.464032333223572
2020-02-24,DOGEUSDT,0.0026744,0.0026822,0.0025436,0.0025769,123771852.0,-5.921938484459372,18.633950525642522,0.028403087784183028,0.04988091419921136,-0.038184346138844805,0.033615653044115464,0.04124757821169285,0.002049181470472331,0.001438135020364852,19.593689357002884,2020-02-24,64.05025990285039,0,0,7.61085279039525,0.6931471805599453,5.3230099791384085,7.61085279039525,0.6931471805599453,5.464032333223572
2020-02-25,DOGEUSDT,0.0025831,0.0025831,0.0023977,0.0024734,256619298.0,-5.921117925687434,19.363104213865096,0.048115783098400276,0.04943963142400859,-0.040993403779685515,-0.038184346138844805,0.0303360358847006,0.0021170884237834077,0.000790929226947572,19.543012065823604,2020-02-25,64.54523670208934,0,0,7.61085279039525,0.6931471805599453,5.3230099791384085,7.61085279039525,0.6931471805599453,5.464032333223572
2020-02-26,DOGEUSDT,0.0024733,0.0024864,0.0021862,0.0023439,305716693.0,-5.958765050944966,19.53816939119292,0.09630100487221976,0.061154974786061383,-0.05377751363714851,-0.040993403779685515,0.03200355628762435,0.002752433585788718,0.0009177521334439544,19.49420347605894,2020-02-26,65.3646007216407,0,0,7.61085279039525,0.6931471805599453,5.3230099791384085,7.61085279039525,0.6931471805599453,5.464032333223572
2020-02-27,DOGEUSDT,0.0023406,0.0024164,0.0023,0.0023255,164177168.0,-5.996919397790946,18.916456695375164,0.04202882047896992,0.056373436209288516,-0.007881139006656603,-0.05377751363714851,0.03138368186914679,0.0004166287129546541,0.000810880873529262,19.485020202731224,2020-02-27,65.4416716604926,0,0,7.61085279039525,0.6931471805599453,5.3230099791384085,7.61085279039525,0.6931471805599453,5.464032333223572
2020-02-28,DOGEUSDT,0.0023255,0.00237,0.0022161,0.0022823,99076087.0,-6.0254764496996875,18.411398668466834,0.05187487007732697,0.05524879467629813,-0.018751363254320075,-0.007881139006656603,0.03139883327751616,0.001018464897315786,0.0008408209204759582,19.468612843955093,2020-02-28,65.36866994500762,0,0,7.61085279039525,0.6931471805599453,5.3230099791384085,7.61085279039525,0.6931471805599453,5.464032333223572
2020-02-29,DOGEUSDT,0.0022823,0.0023197,0.0022112,0.0022153,84399218.0,-6.044865323835097,18.251068694120416,0.028935152718574955,0.04867038418686734,-0.029795871921201866,-0.018751363254320075,0.01645813275456355,0.0016325549161294104,0.0008380907019515142,19.44186600169644,2020-02-29,65.31100506575676,0,0,7.61085279039525,0.6931471805599453,5.3230099791384085,7.61085279039525,0.6931471805599453,5.464032333223572
2020-03-01,DOGEUSDT,0.0022202,0.00231,0.0022004,0.0022794,116810334.0,-6.06631741201005,18.576062100472026,0.04736363501829316,0.048343696894723794,0.028524415933005254,-0.029795871921201866,0.028911779157618212,0.001535546973235002,0.0008168902206296229,19.431943513269335,2020-03-01,65.42293898960986,0,0,7.61085279039525,1.0986122886681098,5.8888779583328805,7.61085279039525,1.0986122886681098,5.821676605474622
2020-03-02,DOGEUSDT,0.0022688,0.0023792,0.0022205,0.0023471,96449244.0,-6.0705077544484345,18.38452745902713,0.06688122855998978,0.05297807981104029,0.02926827310586134,0.028524415933005254,0.03288147750024148,0.0015920057325971737,0.0007747259795225676,19.480045191773296,2020-03-02,65.22441573172395,0,0,7.61085279039525,1.0986122886681098,5.8888779583328805,7.61085279039525,1.0986122886681098,5.821676605474622
2020-03-03,DOGEUSDT,0.002358,0.0025355,0.0023082,0.0024985,276081118.0,-6.040990982258384,19.436205286296676,0.09223726544162233,0.0627928762186858,0.0625100282567634,0.02926827310586134,0.03521167161335274,0.0032161642324716306,0.0009327255684849833,19.50873556414671,2020-03-03,65.13670843935789,0,0,7.61085279039525,1.0986122886681098,5.8888779583328805,7.61085279039525,1.0986122886681098,5.821676605474622
2020-03-04,DOGEUSDT,0.0025031,0.0025033,0.00237,0.0024187,201587827.0,-5.977364422729201,19.12173571039398,0.033403045719262385,0.05544541859382995,-0.03246034605445832,0.0625100282567634,0.039021809631517766,0.001697562739391586,0.0007437893900698624,19.52936704663366,2020-03-04,65.14084385806687,0,0,7.61085279039525,1.0986122886681098,5.8888779583328805,7.61085279039525,1.0986122886681098,5.821676605474622
2020-03-05,DOGEUSDT,0.0024251,0.00253,0.0024222,0.0024771,122219349.0,-5.9901454175420845,18.621327930956376,0.043251778462954325,0.05239700856111104,0.023858315361691234,-0.03246034605445832,0.037337376887844234,0.0012812359811369205,0.0006960398973967093,19.541093966124496,2020-03-05,65.20251764182977,0,0,7.61085279039525,1.0986122886681098,5.8888779583328805,7.61085279039525,1.0986122886681098,5.821676605474622
2020-03-06,DOGEUSDT,0.0024773,0.0024999,0.0024374,0.0024862,63303104.0,-5.979535976242708,17.963444922247074,0.023490728485439004,0.045170438542193034,0.003666919266122495,0.023858315361691234,0.03160960795401772,0.00020413229656084223,0.0009669419638110246,19.549847638275036,2020-03-06,65.05219734118518,0,0,7.61085279039525,1.0986122886681098,5.8888779583328805,7.61085279039525,1.0986122886681098,5.821676605474622
2020-03-07,DOGEUSDT,0.0024862,0.002494,0.0023922,0.0024066,112331024.0,-5.991504547908003,18.53696064157371,0.019022399474937453,0.03863342877537914,-0.03254047735355289,0.003666919266122495,0.03733066724682754,0.0017554375813137798,0.0009687319840454368,19.533889220324824,2020-03-07,64.85889925128878,0,0,7.61085279039525,1.0986122886681098,5.8888779583328805,7.61085279039525,1.0986122886681098,5.821676605474622
2020-03-08,DOGEUSDT,0.0024029,0.0024039,0.00215,0.0021671,181080658.0,-5.993867431724293,19.014453114278467,0.03045391726112541,0.03658855089681571,-0.10482509478577715,-0.03254047735355289,0.057497712867389916,0.005512916630090252,0.0018573789239571933,19.459644915197174,2020-03-08,65.63973687076714,0,0,7.61085279039525,1.0986122886681098,5.8888779583328805,7.61085279039525,1.0986122886681098,5.821676605474622
2020-03-09,DOGEUSDT,0.0021714,0.0022269,0.00208,0.0022203,229780847.0,-6.030662860512139,19.25263657351726,0.06730087364779623,0.04426663158456084,0.02425245365324546,-0.10482509478577715,0.048885867382376144,0.0012596951882738825,0.001831270269910307,19.406655605558853,2020-03-09,65.76375913471509,0,0,7.61085279039525,1.0986122886681098,5.8888779583328805,7.61085279039525,1.0986122886681098,5.821676605474622
2020-03-10,DOGEUSDT,0.0022261,0.0022641,0.0021533,0.0022053,225779527.0,-6.107144795172663,19.235069536835784,0.04053005921183871,0.04333248849138031,-0.0067787678233788866,0.02425245365324546,0.04866631035183577,0.00035241712073862407,0.0019472880863801694,19.42191198667174,2020-03-10,65.39039058776767,0,0,7.61085279039525,1.0986122886681098,5.8888779583328805,7.61085279039525,1.0986122886681098,5.821676605474622
2020-03-11,DOGEUSDT,0.0022021,0.0022181,0.0020911,0.0021716,128060172.0,-6.090577950005342,18.66801080517444,0.0487910176060175,0.04469712077003961,-0.015399331016855566,-0.0067787678233788866,0.04482055202102727,0.0008249047623535308,0.0019768966418718956,19.41249807518285,2020-03-11,65.76189264987865,0,0,7.61085279039525,1.0986122886681098,5.8888779583328805,7.61085279039525,1.0986122886681098,5.821676605474622
2020-03-12,DOGEUSDT,0.0021759,0.0021805,0.0014003,0.0015996,770809996.0,-6.1111043054075305,20.462952462764974,0.2441011455366055,0.09454812696168108,-0.3057106250586328,-0.015399331016855566,0.12162538485283683,0.014939712420038768,0.005618367923289403,19.27106677617932,2020-03-12,65.60402467170141,0,0,7.61085279039525,1.0986122886681098,5.8888779583328805,7.61085279039525,1.0986122886681098,5.821676605474622
2020-03-13,DOGEUSDT,0.0014971,0.0017957,0.0011345,0.001746,372647948.0,-6.1282010706814525,19.73614469276937,0.4506474528918284,0.1835729584442179,0.08757385942688417,-0.3057106250586328,0.13843863262386816,0.004437232336413108,0.005499237602738265,19.09360360724611,2020-03-13,65.21662601669463,0,0,7.61085279039525,1.0986122886681098,5.8888779583328805,7.61085279039525,1.0986122886681098,5.821676605474622
2020-03-14,DOGEUSDT,0.0017226,0.0017771,0.001633,0.0016632,224230347.0,-6.322360360916422,19.22818441626669,0.06010683829448446,0.15270642840678453,-0.048583999855744284,0.08757385942688417,0.1361520407392664,0.0025267076081631045,0.005530191477708651,19.17707749589422,2020-03-14,64.72895956897949,0,0,7.61085279039525,1.0986122886681098,5.8888779583328805,7.61085279039525,1.0986122886681098,5.821676605474622
2020-03-15,DOGEUSDT,0.0016603,0.0018329,0.0016295,0.0016932,183272920.0,-6.332772456772833,19.02648696594391,0.11113690392355735,0.14231404728597774,0.01787677210296528,-0.048583999855744284,0.13553529416954047,0.0009395729298300555,0.005564014819132274,19.165254816359308,2020-03-15,65.53908167221266,0,0,7.61085279039525,1.0986122886681098,5.8888779583328805,7.61085279039525,1.0986122886681098,5.821676605474622
2020-03-16,DOGEUSDT,0.0016903,0.0017,0.0013478,0.0015817,232810549.0,-6.301855866986472,19.265735586368812,0.1938134236987705,0.15518889138917594,-0.06812001167732551,0.01787677210296528,0.13436869328574136,0.0035358116160133964,0.005291334636736793,19.105624195595063,2020-03-16,65.62973272666125,0,0,7.61085279039525,1.0986122886681098,5.8888779583328805,7.61085279039525,1.0986122886681098,5.821676605474622
2020-03-17,DOGEUSDT,0.0015927,0.0016873,0.001546,0.0016219,120269653.0,-6.3771270279199666,18.605246888107615,0.08045232716517953,0.13650475033317683,0.02509808352420072,-0.06812001167732551,0.13775397023665065,0.001348978794806711,0.005221729950426861,19.12406270108769,2020-03-17,65.88280990544787,0,0,7.61085279039525,1.0986122886681098,5.8888779583328805,7.61085279039525,1.0986122886681098,5.821676605474622
2020-03-18,DOGEUSDT,0.0016219,0.0016428,0.0015442,0.0016002,153194705.0,-6.3846256607599825,18.847220252010278,0.050411349403509054,0.11498140010075988,-0.013469680077620208,0.02509808352420072,0.05621534222290859,0.0007146772785330775,0.0015099759337558626,19.107131285158776,2020-03-18,65.97681015113612,0,0,7.61085279039525,1.0986122886681098,5.8888779583328805,7.61085279039525,1.0986122886681098,5.821676605474622
2020-03-19,DOGEUSDT,0.0016002,0.0018395,0.001565,0.00177,315677300.0,-6.411353175881871,19.570231047236973,0.15893543291708004,0.12596990830483992,0.1008509251518513,-0.013469680077620208,0.06045082619657977,0.005153282294339083,0.0017296839820357534,19.168230258319234,2020-03-19,66.05247435502022,0,0,7.61085279039525,1.0986122886681098,5.8888779583328805,7.61085279039525,1.0986122886681098,5.821676605474622
2020-03-20,DOGEUSDT,0.00176,0.0019361,0.0016412,0.0017802,301406598.0,-6.298261483419445,19.52397073509158,0.14642388086032704,0.1310834014437117,0.005746170956956316,0.1008509251518513,0.05514512493838611,0.00029431364320928763,0.0019189388427405887,19.22959697566169,2020-03-20,66.52252871434155,0,0,7.61085279039525,1.0986122886681098,5.8888779583328805,7.61085279039525,1.0986122886681098,5.821676605474622
2020-03-21,DOGEUSDT,0.0017758,0.0018533,0.0016964,0.0017849,120948576.0,-6.247079638569154,18.610876021490895,0.07813389479909708,0.11784602478255804,0.0026366737106310063,0.005746170956956316,0.05513427083094399,0.0001416738098510951,0.0020312971557399128,19.209720860011995,2020-03-21,66.71700637926192,0,0,7.61085279039525,1.0986122886681098,5.8888779583328805,7.61085279039525,1.0986122886681098,5.821676605474622
2020-03-22,DOGEUSDT,0.0017897,0.0018447,0.0017155,0.0017264,156027627.0,-6.290787445161009,18.865543645687985,0.049659458939525,0.10079938332179977,-0.03332407573159203,0.0026366737106310063,0.046595207151799406,0.0017663989099624368,0.0018615264260348357,19.19501902893204,2020-03-22,66.74901120606685,0,0,7.61085279039525,1.0986122886681098,5.8888779583328805,7.61085279039525,1.0986122886681098,5.821676605474622
2020-03-23,DOGEUSDT,0.0017222,0.0018576,0.0016843,0.0018192,180308460.0,-6.295438616336741,19.01017960886976,0.09553271168173148,0.0994827154117827,0.05235852849240141,-0.03332407573159203,0.04908720923030877,0.002754236391747293,0.0019157849630199962,19.20640242467735,2020-03-23,67.11890427127108,0,0,7.61085279039525,1.0986122886681098,5.8888779583328805,7.61085279039525,1.0986122886681098,5.821676605474622
2020-03-24,DOGEUSDT,0.001826,0.001916,0.0018047,0.0018641,283137113.0,-6.288469947020647,19.461441836509355,0.05708980515410368,0.08888448784736294,0.02438151887892828,0.05235852849240141,0.04641894088353667,0.0012528115380017186,0.0018665463106023602,19.24620653737067,2020-03-24,67.53568109054027,0,0,7.61085279039525,1.0986122886681098,5.8888779583328805,7.61085279039525,1.0986122886681098,5.821676605474622
2020-03-25,DOGEUSDT,0.0018511,0.0018947,0.00179,0.0018296,170824524.0,-6.257515599433468,18.956147412149846,0.04536324044802498,0.07800417599752846,-0.018680999166628468,0.02438151887892828,0.030504163482570974,0.0009854850123530363,0.0009721709751373995,19.250202238451166,2020-03-25,67.79571101855731,0,0,7.61085279039525,1.0986122886681098,5.8888779583328805,7.61085279039525,1.0986122886681098,5.821676605474622
2020-03-26,DOGEUSDT,0.0018296,0.0018673,0.0018111,0.0018519,151160373.0,-6.268694764325957,18.833851904026535,0.029149572181029888,0.06579052504340381,0.012114775359388591,-0.018680999166628468,0.030624188602626258,0.0006432446968959411,0.0009160337882258063,19.245618062773605,2020-03-26,67.56716056361604,0,0,7.61085279039525,1.0986122886681098,5.8888779583328805,7.61085279039525,1.0986122886681098,5.821676605474622
2020-03-27,DOGEUSDT,0.001847,0.00187,0.0017408,0.0017766,195811269.0,-6.28326174173924,19.092661840030686,0.04573294328921483,0.060776129604856566,-0.04151071373235933,0.012114775359388591,0.03650105228990896,0.002174171107211765,0.0007877916824818185,19.233922227115592,2020-03-27,67.10839258081421,0,0,7.61085279039525,1.0986122886681098,5.8888779583328805,7.61085279039525,1.0986122886681098,5.821676605474622
2020-03-28,DOGEUSDT,0.0017754,0.001809,0.0016981,0.001783,314932329.0,-6.281816848115642,19.567868345139516,0.057947506924026566,0.060068973934649064,0.0035959135275399484,-0.04151071373235933,0.03284585412069623,0.00018376623677730035,0.0009644870273232592,19.20552735469111,2020-03-28,66.79164683081584,0,0,7.61085279039525,1.0986122886681098,5.8888779583328805,7.61085279039525,1.0986122886681098,5.821676605474622
2020-03-29,DOGEUSDT,0.001793,0.0018001,0.0017018,0.0017099,156054263.0,-6.314981072568979,18.865714344475183,0.021675132058145384,0.05047051346552314,-0.0418624496085931,0.0035959135275399484,0.0280672762176136,0.0022189697588022956,0.0008206935349316083,19.201840000012584,2020-03-29,66.47982074088839,0,0,7.61085279039525,1.0986122886681098,5.8888779583328805,7.61085279039525,1.0986122886681098,5.821676605474622
2020-03-30,DOGEUSDT,0.0017202,0.0019,0.001709,0.0017957,116199882.0,-6.319913060067615,18.570822386891034,0.10419043241926694,0.06390049320395909,0.04896002879330471,-0.0418624496085931,0.035066925279203284,0.0026363952965198314,0.0009989881011697491,19.213022629117205,2020-03-30,66.68272869177108,0,0,7.61085279039525,1.0986122886681098,5.8888779583328805,7.61085279039525,1.0986122886681098,5.821676605474622
2020-03-31,DOGEUSDT,0.0017994,0.0018286,0.001792,0.0018041,67786701.0,-6.2659013928097425,18.031876583228133,0.018793460447467582,0.05262373501483621,0.004666934410905245,0.04896002879330471,0.03470254895000519,0.0002588157915436305,0.0011080999236466019,19.231510883366763,2020-03-31,66.29053352361512,0,0,7.61085279039525,1.0986122886681098,5.8888779583328805,7.61085279039525,1.0986122886681098,5.821676605474622
2020-04-01,DOGEUSDT,0.0018,0.0018743,0.0017659,0.0018631,152034474.0,-6.304204632233948,18.8396178557263,0.0586047942757169,0.054118999830056386,0.032179914567550795,0.004666934410905245,0.03724751490097528,0.001708098052411913,0.0010558143626244764,19.24959225228079,2020-04-01,66.53117268353658,0,0,7.61085279039525,1.3862943611198906,5.697093486505405,7.61085279039525,1.3862943611198906,5.864849365973268
2020-04-02,DOGEUSDT,0.0018637,0.00195,0.0018405,0.0018777,146749302.0,-6.279520022599335,18.804236260272752,0.05354114450502809,0.05397453599879931,0.0078058565724573245,0.032179914567550795,0.030887553045221495,0.00041511159849382266,0.0010850024248627488,19.28356098951762,2020-04-02,66.7724530270041,0,0,7.61085279039525,1.3862943611198906,5.697093486505405,7.61085279039525,1.3862943611198906,5.864849365973268
2020-04-03,DOGEUSDT,0.0018701,0.0019048,0.0018205,0.0018467,97617758.0,-6.239925906406482,18.396569981554336,0.03487574805170388,0.04919983901202545,-0.016647361146938502,0.0078058565724573245,0.03267896298115342,0.0009049165775810539,0.0009798628224357807,19.261623606610556,2020-04-03,66.50384835771928,0,0,7.61085279039525,1.3862943611198906,5.697093486505405,7.61085279039525,1.3862943611198906,5.864849365973268
2020-04-04,DOGEUSDT,0.0018467,0.0019085,0.001828,0.0018697,92364705.0,-6.263378262791621,18.34125548311929,0.04059731060005794,0.047049206909033574,0.012377727719401425,-0.016647361146938502,0.022870596076151748,0.0006748571672639036,0.0009083787943588483,19.256137383279743,2020-04-04,66.39936330912698,0,0,7.61085279039525,1.3862943611198906,5.697093486505405,7.61085279039525,1.3862943611198906,5.864849365973268
2020-04-05,DOGEUSDT,0.0018745,0.0018817,0.0018381,0.00185,55344996.0,-6.26143768577899,17.82909680652794,0.014711144736288252,0.038964691365847244,-0.010592351098857925,0.012377727719401425,0.0173947391115472,0.0005941047498816454,0.000514741117734773,19.264195905482126,2020-04-05,66.4350815748014,0,0,7.61085279039525,1.3862943611198906,5.697093486505405,7.61085279039525,1.3862943611198906,5.864849365973268
2020-04-06,DOGEUSDT,0.0018469,0.0019901,0.0018443,0.0019896,210552139.0,-6.275579655413675,19.16524387162771,0.0760827607401831,0.048244208709431205,0.07274797441682426,-0.010592351098857925,0.032664373530630536,0.0037958282662147913,0.0012813752619756276,19.292386686007625,2020-04-06,65.91245147139547,0,0,7.61085279039525,1.3862943611198906,5.697093486505405,7.61085279039525,1.3862943611198906,5.864849365973268
2020-04-07,DOGEUSDT,0.0019894,0.0020209,0.0019501,0.0019943,202961221.0,-6.219570390252007,19.128525489200943,0.03174008893574024,0.044118178766008466,0.002359498069981106,0.07274797441682426,0.03202959935035557,0.00012334970990383792,0.0013537899696303625,19.329489217038805,2020-04-07,65.5882903725426,0,0,7.61085279039525,1.3862943611198906,5.697093486505405,7.61085279039525,1.3862943611198906,5.864849365973268
2020-04-08,DOGEUSDT,0.0019966,0.0020426,0.001967,0.0020038,90384907.0,-6.204212322240071,18.31958785345877,0.03370304190161736,0.04151439454991069,0.004752266265986701,0.002359498069981106,0.032121151028350586,0.0002594090164036886,0.0013705802262758853,19.34084333671099,2020-04-08,65.39335793209779,0,0,7.61085279039525,1.3862943611198906,5.697093486505405,7.61085279039525,1.3862943611198906,5.864849365973268
2020-04-09,DOGEUSDT,0.0020037,0.0020454,0.0019852,0.0020151,89094012.0,-6.1935317728202754,18.30520268479545,0.027459078884384147,0.038000565633529056,0.005623444115765981,0.004752266265986701,0.029489482771633897,0.0003072046899779422,0.0014052797791280637,19.331707358970796,2020-04-09,65.0367192175539,0,0,7.61085279039525,1.3862943611198906,5.697093486505405,7.61085279039525,1.3862943611198906,5.864849365973268
2020-04-10,DOGEUSDT,0.0020226,0.0020356,0.001873,0.001965,212989247.0,-6.192161909592362,19.176752238831288,0.06494626165258913,0.044736989638294075,-0.02517657663756692,0.005623444115765981,0.033722936478636535,0.0013128696832504566,0.001403605307368491,19.327132825829153,2020-04-10,65.34851582726976,0,0,7.61085279039525,1.3862943611198906,5.697093486505405,7.61085279039525,1.3862943611198906,5.864849365973268
2020-04-11,DOGEUSDT,0.0019654,0.00201,0.0019349,0.0019645,76732837.0,-6.196964663249597,18.155840297274583,0.03304397591233029,0.04181373620680313,-0.0002544853048472411,-0.02517657663756692,0.0328174468048591,1.4016718624994871e-05,0.0014613564925575135,19.317285615469622,2020-04-11,65.30594505038826,0,0,7.61085279039525,1.3862943611198906,5.697093486505405,7.61085279039525,1.3862943611198906,5.864849365973268
2020-04-12,DOGEUSDT,0.001968,0.002012,0.0019392,0.0019673,114627907.0,-6.209620556911153,18.55720184917897,0.032046527106548206,0.0393719339317394,0.0014242842837053227,-0.0002544853048472411,0.011615102557808996,7.675102611271848e-05,0.00048498855409597906,19.319910980219092,2020-04-12,65.31856921092873,0,0,7.61085279039525,1.3862943611198906,5.697093486505405,7.61085279039525,1.3862943611198906,5.864849365973268
2020-04-13,DOGEUSDT,0.0019641,0.001976,0.0018598,0.0019533,185252284.0,-6.2086260267446445,19.037229151349216,0.05515957828626445,0.04331884502037066,-0.007141794371293915,0.0014242842837053227,0.011569331136501262,0.00037514883676166485,0.0004722926137973042,19.299900863142383,2020-04-13,65.30077688625448,0,0,7.61085279039525,1.3862943611198906,5.697093486505405,7.61085279039525,1.3862943611198906,5.864849365973268
2020-04-14,DOGEUSDT,0.0019533,0.001977,0.0019315,0.0019656,67401911.0,-6.226680679656461,18.02618392859632,0.021845441277315265,0.03795049408460681,0.006277292296043489,-0.007141794371293915,0.011800335414577088,0.0003482319009341371,0.0004687253644797902,19.31859030171822,2020-04-14,65.337640284001,0,0,7.61085279039525,1.3862943611198906,5.697093486505405,7.61085279039525,1.3862943611198906,5.864849365973268
2020-04-15,DOGEUSDT,0.0019646,0.0019731,0.00189,0.0019061,143735234.0,-6.226174734793657,18.783483512365674,0.022674612032150356,0.0341315235714927,-0.030738272471942184,0.006277292296043489,0.015203951220386834,0.0016364521762806325,0.0006795695190740511,19.292756439612056,2020-04-15,65.02908485884433,0,0,7.61085279039525,1.3862943611198906,5.697093486505405,7.61085279039525,1.3862943611198906,5.864849365973268
2020-04-16,DOGEUSDT,0.001903,0.00203,0.0018722,0.001995,151063706.0,-6.228149368988859,18.833212199846667,0.07914868896560265,0.04538581492002018,0.04558478058893646,-0.030738272471942184,0.02480747356707974,0.002420446395719345,0.0009848968684096453,19.31643628314919,2020-04-16,64.78039388371951,0,0,7.61085279039525,1.3862943611198906,5.697093486505405,7.61085279039525,1.3862943611198906,5.864849365973268
2020-04-17,DOGEUSDT,0.0020002,0.0020047,0.001974,0.001983,55401970.0,-6.1997194859284415,17.830125710652073,0.009729287877733039,0.0364716831594484,-0.006033200804167809,0.04558478058893646,0.025047989424760456,0.0003383711871735965,0.0009402366584189302,19.347442671589512,2020-04-17,64.82279362069639,0,0,7.61085279039525,1.3862943611198906,5.697093486505405,7.61085279039525,1.3862943611198906,5.864849365973268
2020-04-18,DOGEUSDT,0.0019886,0.0020962,0.00198,0.0020445,92775767.0,-6.212260855353843,18.345696032190155,0.0560723811167934,0.04137185764878465,0.030542411284900883,-0.006033200804167809,0.027696688185131744,0.0016648270652315311,0.0008961497082376096,19.349627665184226,2020-04-18,64.46711602642694,0,0,7.61085279039525,1.3862943611198906,5.697093486505405,7.61085279039525,1.3862943611198906,5.864849365973268
2020-04-19,DOGEUSDT,0.0020463,0.0020722,0.0019977,0.0020313,70450538.0,-6.167629097228197,18.070421432901522,0.029350285364635617,0.038366464577747394,-0.0064772786449874865,0.030542411284900883,0.027632889790363987,0.0003584464628585835,0.0008989870906974606,19.36268905053226,2020-04-19,64.37864046807928,0,0,7.61085279039525,1.3862943611198906,5.697093486505405,7.61085279039525,1.3862943611198906,5.864849365973268
2020-04-20,DOGEUSDT,0.0020311,0.0020499,0.0019354,0.0019787,180876115.0,-6.179144434146623,19.01332290737515,0.039968035409821474,0.03876685728576591,-0.026235918761315216,-0.0064772786449874865,0.03070822931682111,0.0013798702567207998,0.0008147798298345531,19.3267488589092,2020-04-20,64.49611014971964,0,0,7.61085279039525,1.3862943611198906,5.697093486505405,7.61085279039525,1.3862943611198906,5.864849365973268
2020-04-21,DOGEUSDT,0.0019688,0.002,0.00193,0.00195,85730979.0,-6.189964267509432,18.266724800162812,0.027665224348061797,0.035991449051339885,-0.014610690840601816,-0.026235918761315216,0.02794476175847339,0.0007998527924651052,0.0008172130509969433,19.31609137650795,2020-04-21,64.50866139513725,0,0,7.61085279039525,1.3862943611198906,5.697093486505405,7.61085279039525,1.3862943611198906,5.864849365973268
2020-04-22,DOGEUSDT,0.0019497,0.00205,0.0019425,0.0019957,72581197.0,-6.214608098422191,18.100216451759803,0.05293402427427765,0.04022709285707433,0.02316549341614716,-0.014610690840601816,0.02213417642945452,0.0012798462094576158,0.0005565402885740242,19.33674978969118,2020-04-22,64.44811278180427,0,0,7.61085279039525,1.3862943611198906,5.697093486505405,7.61085279039525,1.3862943611198906,5.864849365973268
2020-04-23,DOGEUSDT,0.002,0.0021612,0.0019886,0.0020512,243115927.0,-6.18991548583182,19.309048953388714,0.0814191531554953,0.05052510793167957,0.02743012175241125,0.02316549341614716,0.024392931025010126,0.001420583780103644,0.0004810656866577781,19.369607637179453,2020-04-23,64.86749142175114,0,0,7.61085279039525,1.3862943611198906,5.697093486505405,7.61085279039525,1.3862943611198906,5.864849365973268
2020-04-24,DOGEUSDT,0.0020449,0.0021075,0.0020431,0.0020832,75266362.0,-6.137091655994364,18.136543873173597,0.03086916825519581,0.04561112301255863,0.01548018528789908,0.02743012175241125,0.021971950108850245,0.0008535355686369975,0.0004174189484129435,19.353181543736298,2020-04-24,64.99101649135542,0,0,7.61085279039525,1.3862943611198906,5.697093486505405,7.61085279039525,1.3862943611198906,5.864849365973268
2020-04-25,DOGEUSDT,0.002083,0.0021533,0.0020682,0.0021245,173120551.0,-6.162252868088264,18.96949873638073,0.03911422289401625,0.04398689798292303,0.019631307540616327,0.01548018528789908,0.022273127474966885,0.0010348880491484124,0.00026973403930261893,19.37899239981607,2020-04-25,64.71988718852622,0,0,7.61085279039525,1.3862943611198906,5.697093486505405,7.61085279039525,1.3862943611198906,5.864849365973268
2020-04-26,DOGEUSDT,0.0021303,0.0024479,0.0021283,0.0024076,804586311.0,-6.140753729851712,20.505838803912415,0.1398512410062094,0.06795298373874463,0.12509392011874945,0.019631307540616327,0.04766745032204362,0.006100404929296632,0.002064477614615776,19.457161254928774,2020-04-26,64.619934235655,0,0,7.61085279039525,1.3862943611198906,5.697093486505405,7.61085279039525,1.3862943611198906,5.864849365973268
2020-04-27,DOGEUSDT,0.0024032,0.0024137,0.0022821,0.0023456,475335023.0,-6.012524764839631,19.979530424962544,0.04078576063198508,0.06116117796205474,-0.026089167981283395,0.12509392011874945,0.050113466642089356,0.0013057948523498546,0.002019673424147208,19.51347673461404,2020-04-27,64.8475075023201,0,0,7.61085279039525,1.3862943611198906,5.697093486505405,7.61085279039525,1.3862943611198906,5.864849365973268
2020-04-28,DOGEUSDT,0.0023459,0.0023565,0.0023,0.002327,168260399.0,-6.0265944390917205,18.941023331414215,0.018439747633761397,0.0504808203799814,-0.007961348390040712,-0.026089167981283395,0.05260904785424904,0.00042032303380549633,0.0021093892139358483,19.4828069021433,2020-04-28,64.69751368852818,0,0,7.61085279039525,1.3862943611198906,5.697093486505405,7.61085279039525,1.3862943611198906,5.864849365973268
2020-04-29,DOGEUSDT,0.0023178,0.002542,0.0023066,0.0024912,354821868.0,-6.050577811600489,19.687126441224144,0.09667217116301338,0.0620286580757394,0.06818463777744205,-0.007961348390040712,0.05544735046963734,0.0034634123969796747,0.0021884513571769687,19.527553097116137,2020-04-29,65.19338206302862,0,0,7.61085279039525,1.3862943611198906,5.697093486505405,7.61085279039525,1.3862943611198906,5.864849365973268
2020-04-30,DOGEUSDT,0.0024912,0.0026904,0.0023585,0.002433,551825570.0,-5.974804106214875,20.128742557927183,0.10876873113347243,0.07371367634017266,-0.02363945829621129,0.06818463777744205,0.059950542799125206,0.001174413067690684,0.002152701239421093,19.570518897950066,2020-04-30,66.15891854472785,0,0,7.61085279039525,1.3862943611198906,5.697093486505405,7.61085279039525,1.3862943611198906,5.864849365973268
2020-05-01,DOGEUSDT,0.0024225,0.0025466,0.0024176,0.0024749,220229951.0,-5.918065397538214,19.210182790260383,0.05142463150342555,0.06814141513098589,0.017074927362598757,-0.02363945829621129,0.06001279972743969,0.000888847729822529,0.002169942846059098,19.548532340164815,2020-05-01,66.37102610493238,0,0,7.61085279039525,1.6094379124341003,5.641907070938114,7.61085279039525,1.6094379124341003,6.060042733424922
2020-05-02,DOGEUSDT,0.0024782,0.0025574,0.0024501,0.002542,148558121.0,-5.972996142824939,18.81648682684042,0.04205112844760263,0.06161884346014007,0.02675118160327789,0.017074927362598757,0.03596493955687189,0.0014216884293788133,0.0010513222420374226,19.552499076551378,2020-05-02,66.40129616105892,0,0,7.61085279039525,1.6094379124341003,5.641907070938114,7.61085279039525,1.6094379124341003,6.060042733424922
2020-05-03,DOGEUSDT,0.0025393,0.00258,0.00246,0.0025001,167590125.0,-5.968764161587206,18.93703182422867,0.03564181068871824,0.055124585267284615,-0.016620441693085904,0.02675118160327789,0.03428290092449889,0.0008776687839654553,0.0010769372803001644,19.58530487301972,2020-05-03,66.589981991352,0,0,7.61085279039525,1.6094379124341003,5.641907070938114,7.61085279039525,1.6094379124341003,6.060042733424922
2020-05-04,DOGEUSDT,0.0025011,0.0025094,0.0023375,0.0024605,151515338.0,-5.959965880048611,18.836197418713272,0.060862945183938325,0.056559175246448046,-0.015966149750280455,-0.016620441693085904,0.03529206510140959,0.0008476312599282114,0.001013485723119291,19.535556182771447,2020-05-04,66.82900728179085,0,0,7.61085279039525,1.6094379124341003,5.641907070938114,7.61085279039525,1.6094379124341003,6.060042733424922
2020-05-05,DOGEUSDT,0.0024717,0.0025183,0.0024266,0.0024738,83336304.0,-5.987711598238675,18.238394834523035,0.0323662280586451,0.050510938449497306,0.005390848634876373,-0.015966149750280455,0.020581706555281624,0.0002955769235060182,0.00037796497593706294,19.54936586763679,2020-05-05,66.95772599081126,0,0,7.61085279039525,1.6094379124341003,5.641907070938114,7.61085279039525,1.6094379124341003,6.060042733424922
2020-05-06,DOGEUSDT,0.0024776,0.0025623,0.0024572,0.0024801,180927494.0,-5.984171208280516,19.01360692333888,0.03853029863499551,0.04751577849587186,0.0025434519858301475,0.005390848634876373,0.017393066021692404,0.00013377009402188196,0.00046525537381891536,19.56058407452135,2020-05-06,67.5928051250132,0,0,7.61085279039525,1.6094379124341003,5.641907070938114,7.61085279039525,1.6094379124341003,6.060042733424922
2020-05-07,DOGEUSDT,0.00248,0.0026975,0.002459,0.0026627,366483103.0,-5.966849986344063,19.71946297454468,0.09197231258566058,0.05862991201831904,0.07104176364066453,0.0025434519858301475,0.03297772812191703,0.003602621619684594,0.001265270805959738,19.588737096486717,2020-05-07,68.48590630626498,0,0,7.61085279039525,1.6094379124341003,5.641907070938114,7.61085279039525,1.6094379124341003,6.060042733424922
2020-05-08,DOGEUSDT,0.0026632,0.0026894,0.00257,0.0026052,259386572.0,-5.915429860831985,19.37383006289378,0.030482210409401057,0.05159298661608955,-0.02183119789515778,0.07104176364066453,0.03461127751214219,0.001126839547177124,0.0012604919901504303,19.60380297576245,2020-05-08,68.65616592630485,0,0,7.61085279039525,1.6094379124341003,5.641907070938114,7.61085279039525,1.6094379124341003,6.060042733424922
2020-05-09,DOGEUSDT,0.0026157,0.0026453,0.00251,0.0026075,216543474.0,-5.918437158574505,19.193301888943605,0.04650539985504919,0.050321089925829454,0.0008824602026810266,-0.02183119789515778,0.03322620458117925,4.5977508601027745e-05,0.0013393439372249673,19.60231691625506,2020-05-09,68.14332837085652,0,0,7.61085279039525,1.6094379124341003,5.641907070938114,7.61085279039525,1.6094379124341003,6.060042733424922
2020-05-10,DOGEUSDT,0.0025986,0.0025986,0.0022425,0.0024602,321215093.0,-5.934970798553517,19.587621528347608,0.1168550150394229,0.06695457120422782,-0.0581492604402428,0.0008824602026810266,0.042287531324257534,0.002968673881925276,0.0015514385818882208,19.563669426430483,2020-05-10,67.87180305603185,0,0,7.61085279039525,1.6094379124341003,5.641907070938114,7.61085279039525,1.6094379124341003,6.060042733424922
2020-05-11,DOGEUSDT,0.0024432,0.0025373,0.0022957,0.0024125,192928752.0,-5.952782440515638,19.077831518090843,0.08289628599212567,0.07093999990120228,-0.019579093221543623,-0.0581492604402428,0.04287312664889882,0.0010262745639082434,0.0014778984909403984,19.536742784568336,2020-05-11,67.80105651031465,0,0,7.61085279039525,1.6094379124341003,5.641907070938114,7.61085279039525,1.6094379124341003,6.060042733424922
2020-05-12,DOGEUSDT,0.0024045,0.0025132,0.0023993,0.0024606,107312600.0,-5.976654755454502,18.491256628479427,0.04588349178012524,0.06467587287093302,0.019741668412927422,-0.019579093221543623,0.043973487456378677,0.0010676217852345505,0.0013509829259389441,19.534302991408776,2020-05-12,67.71556401326022,0,0,7.61085279039525,1.6094379124341003,5.641907070938114,7.61085279039525,1.6094379124341003,6.060042733424922
2020-05-13,DOGEUSDT,0.0024605,0.0025425,0.0024433,0.0025245,168041623.0,-5.986198437435482,18.939722262633477,0.03916709739098973,0.05829867900094719,0.025637800672901886,0.019741668412927422,0.031034329992756737,0.0013536524093324836,0.0009498858805877099,19.55629200097953,2020-05-13,68.00169503064667,0,0,7.61085279039525,1.6094379124341003,5.641907070938114,7.61085279039525,1.6094379124341003,6.060042733424922
2020-05-14,DOGEUSDT,0.0025191,0.00265,0.0025,0.0025813,315454837.0,-5.9746074300415595,19.569526082313875,0.05652744780356735,0.05785587120160223,0.02225012468281607,0.025637800672901886,0.03253735626611552,0.0011369782073018524,0.0009496002646068892,19.58171961054765,2020-05-14,68.029235380628,0,0,7.61085279039525,1.6094379124341003,5.641907070938114,7.61085279039525,1.6094379124341003,6.060042733424922
2020-05-15,DOGEUSDT,0.0025727,0.0025828,0.00246,0.0024888,126538135.0,-5.933195638984007,18.656054283151768,0.026687864993056965,0.050063869649465916,-0.03649248139835899,0.02225012468281607,0.03543073890195112,0.001956066424576994,0.000759781965826871,19.575358482133016,2020-05-15,68.20962927441781,0,0,7.61085279039525,1.6094379124341003,5.641907070938114,7.61085279039525,1.6094379124341003,6.060042733424922
2020-05-16,DOGEUSDT,0.0025005,0.0025345,0.0024728,0.0025098,82487862.0,-5.958881197211962,18.228161713207903,0.02232253639374244,0.043128536335535046,0.008402402092780386,-0.03649248139835899,0.025539529067819644,0.00046095718399799513,0.0004871431729252472,19.560139693347,2020-05-16,67.90609860527168,0,0,7.61085279039525,1.6094379124341003,5.641907070938114,7.61085279039525,1.6094379124341003,6.060042733424922
2020-05-17,DOGEUSDT,0.0025084,0.00258,0.002502,0.0025331,103697263.0,-5.97775890005187,18.45698627940882,0.029925919310896026,0.03982788207937529,0.009240780424996785,0.008402402092780386,0.022948663276876204,0.0005006657254389403,0.0005593956064395847,19.57096349637093,2020-05-17,67.9455912082402,0,0,7.61085279039525,1.6094379124341003,5.641907070938114,7.61085279039525,1.6094379124341003,6.060042733424922
2020-05-18,DOGEUSDT,0.002525,0.0025899,0.0024987,0.0025379,93527053.0,-5.959965880048611,18.353761289307464,0.032753044291138476,0.03805917263231609,0.0018931182936535206,0.009240780424996785,0.022289819254295615,0.00010314606710922048,0.0006873670549249705,19.585411964316627,2020-05-18,67.89688659676654,0,0,7.61085279039525,1.6094379124341003,5.641907070938114,7.61085279039525,1.6094379124341003,6.060042733424922
2020-05-19,DOGEUSDT,0.00254,0.0025775,0.0024903,0.0025487,90146889.0,-5.956136014054687,18.31695099786673,0.031023688770869577,0.036300301666954464,0.004246457841842882,0.0018931182936535206,0.01994596728007754,0.00023183213419839595,0.0006978466814418645,19.587096878475897,2020-05-19,67.89542858923883,0,0,7.61085279039525,1.6094379124341003,5.641907070938114,7.61085279039525,1.6094379124341003,6.060042733424922
2020-05-20,DOGEUSDT,0.0025394,0.002566,0.0024588,0.0025002,152417725.0,-5.960935342073159,18.842135500228107,0.031356848112098774,0.035064438278240545,-0.019212696580238244,0.004246457841842882,0.018485656335467237,0.001019666617937529,0.0006857563648933303,19.58025902355571,2020-05-20,67.77362285724826,0,0,7.61085279039525,1.6094379124341003,5.641907070938114,7.61085279039525,1.6094379124341003,6.060042733424922
2020-05-21,DOGEUSDT,0.0025012,0.0025514,0.0024215,0.0024774,205051270.0,-5.965407012788693,19.138770603394477,0.04215994471874948,0.03683831488836778,-0.009161105536363363,-0.019212696580238244,0.011199547336570484,0.0004786673985599962,0.0003144619869917641,19.555090200788666,2020-05-21,67.52212936827867,0,0,7.61085279039525,1.6094379124341003,5.641907070938114,7.61085279039525,1.6094379124341003,6.060042733424922
2020-05-22,DOGEUSDT,0.002477,0.00255,0.0024627,0.0025175,107093984.0,-5.971113050860084,18.48921736203823,0.03375224944448997,0.03606679852739833,0.016056722472617902,-0.009161105536363363,0.012777451082200646,0.0008684371089489873,0.0003546359333732316,19.559456208205848,2020-05-22,67.21279652569366,0,0,7.61085279039525,1.6094379124341003,5.641907070938114,7.61085279039525,1.6094379124341003,6.060042733424922
2020-05-23,DOGEUSDT,0.0025199,0.0025631,0.0024936,0.0025271,160030526.0,-5.971661919811802,18.89087514250048,0.024643338540815306,0.03321093353075257,0.00380605462825134,0.016056722472617902,0.01221504776118093,0.00020147582362071309,0.0003803201845452007,19.57746189730362,2020-05-23,67.01853119311356,0,0,7.61085279039525,1.6094379124341003,5.641907070938114,7.61085279039525,1.6094379124341003,6.060042733424922
2020-05-24,DOGEUSDT,0.0025356,0.002563,0.002435,0.0024461,160499199.0,-5.9665378155841235,18.893799509867687,0.027106673173696423,0.03168486844148853,-0.03257748073513406,0.00380605462825134,0.017767722753112655,0.0017242418984132746,0.0005794470148393301,19.54492328138774,2020-05-24,66.86884750581413,0,0,7.61085279039525,1.6094379124341003,5.641907070938114,7.61085279039525,1.6094379124341003,6.060042733424922
2020-05-25,DOGEUSDT,0.0024379,0.002548,0.00242,0.0025324,280489252.0,-5.966576831600203,19.452045964902346,0.05110026551997637,0.03653871771111049,0.0346725501841367,-0.03257748073513406,0.024421200595421477,0.0017824628960211675,0.0006423336094025549,19.544435665604606,2020-05-25,66.63444572285785,0,0,7.61085279039525,1.6094379124341003,5.641907070938114,7.61085279039525,1.6094379124341003,6.060042733424922
2020-05-26,DOGEUSDT,0.0025251,0.0025329,0.0024571,0.0024781,186936703.0,-5.9724465412722205,19.046280630888315,0.018056332641979984,0.031918121443827864,-0.02167533217002899,0.0346725501841367,0.02480479802332928,0.001138034905086771,0.0006444124005017742,19.568193285027416,2020-05-26,66.60694939885875,0,0,7.61085279039525,1.6094379124341003,5.641907070938114,7.61085279039525,1.6094379124341003,6.060042733424922
2020-05-27,DOGEUSDT,0.002478,0.0025186,0.0024499,0.0024998,176177359.0,-5.97839038762071,18.98700176718279,0.026065400444511805,0.03045494119399885,0.00871859115617887,-0.02167533217002899,0.024771406562136732,0.0004591873568605296,0.0006477992577961631,19.568810179570256,2020-05-27,66.81607757411325,0,0,7.61085279039525,1.6094379124341003,5.641907070938114,7.61085279039525,1.6094379124341003,6.060042733424922
2020-05-28,DOGEUSDT,0.0024998,0.0025599,0.0024816,0.002523,256317241.0,-5.984052087392528,19.36192645789745,0.029307288448142253,0.0301680280075347,0.00923794098493636,0.00871859115617887,0.024117809572381518,0.00047711889646024025,0.0006857797275342138,19.571542708028563,2020-05-28,67.76349384866369,0,0,7.61085279039525,1.6094379124341003,5.641907070938114,7.61085279039525,1.6094379124341003,6.060042733424922
2020-05-29,DOGEUSDT,0.0025265,0.0025533,0.0024995,0.0025303,142622163.0,-5.967787083753625,18.775709474625277,0.018875764592803147,0.027344962153851814,0.0028892031259012715,0.00923794098493636,0.024094530452500307,0.00015387983765971294,0.0006965514648422855,19.573238838492077,2020-05-29,66.99520241753275,0,0,7.61085279039525,1.6094379124341003,5.641907070938114,7.61085279039525,1.6094379124341003,6.060042733424922
2020-05-30,DOGEUSDT,0.0025302,0.0026299,0.002526,0.002618,217499962.0,-5.970368638813249,19.197709233780355,0.04021523192265499,0.030562529596052608,0.03407279470288626,0.0028892031259012715,0.02113718922912331,0.0017748364811636824,0.0007079277880362839,19.59015624994997,2020-05-30,66.46994214751845,0,0,7.61085279039525,1.6094379124341003,5.641907070938114,7.61085279039525,1.6094379124341003,6.060042733424922
2020-05-31,DOGEUSDT,0.0026181,0.0026822,0.002543,0.0025599,164715811.0,-5.9408094563290375,18.919732189325952,0.03849484209065258,0.0325456077197026,-0.022442472259196423,0.03407279470288626,0.021376146484852,0.001186193971173541,0.00060437463425989,19.581225344620982,2020-05-31,66.21627382770788,0,0,7.61085279039525,1.6094379124341003,5.641907070938114,7.61085279039525,1.6094379124341003,6.060042733424922
2020-06-01,DOGEUSDT,0.0025492,0.0027,0.0024997,0.0026452,291813951.0,-5.921117925687434,19.491627003054024,0.07442718896070191,0.043016003029952427,0.032778481589858376,-0.022442472259196423,0.020971681631083025,0.0016816698567401539,0.0006884219986350051,19.61414150052071,2020-06-01,64.86666456698559,0,0,7.61085279039525,1.791759469228055,5.5134287461649825,7.61085279039525,1.791759469228055,5.820597506540664
2020-06-02,DOGEUSDT,0.0026565,0.0026647,0.0024696,0.0025666,325981114.0,-5.914503505971854,19.60235000513749,0.05518088652756125,0.046057223904354634,-0.03016461099014657,0.032778481589858376,0.02693225447656964,0.0015388262622716593,0.0006736970215408392,19.585705502047293,2020-06-02,64.60680322423096,0,0,7.61085279039525,1.791759469228055,5.5134287461649825,7.61085279039525,1.791759469228055,5.820597506540664
2020-06-03,DOGEUSDT,0.002561,0.002596,0.0025177,0.0025867,130101538.0,-5.927663798057321,18.683825765088493,0.02961005251115011,0.0419454310560535,0.007800866213700744,-0.03016461099014657,0.026886925991825218,0.00041751974738904853,0.0006856773161744528,19.582481846060244,2020-06-03,64.11744105442969,0,0,7.61085279039525,1.791759469228055,5.5134287461649825,7.61085279039525,1.791759469228055,5.820597506540664
2020-06-04,DOGEUSDT,0.0025805,0.0026679,0.0025656,0.002623,326193437.0,-5.953783480140293,19.603001128390233,0.037821506456400616,0.04091444990614028,0.013935768842812252,0.007800866213700744,0.0271596821776636,0.0007108997623139266,0.0005526149421637341,19.58651731635132,2020-06-04,64.13619242737745,0,0,7.61085279039525,1.791759469228055,5.5134287461649825,7.61085279039525,1.791759469228055,5.820597506540664
2020-06-05,DOGEUSDT,0.002623,0.0026288,0.00258,0.0025907,114071897.0,-5.92646363289057,18.552339483005188,0.010478455665215833,0.03330545134590917,-0.012390591419450054,0.013935768842812252,0.02399278679726152,0.0006678721802606306,0.0005130262910055104,19.58858179096288,2020-06-05,64.18140638131229,0,0,7.61085279039525,1.791759469228055,5.5134287461649825,7.61085279039525,1.791759469228055,5.820597506540664
2020-06-06,DOGEUSDT,0.0025834,0.0025999,0.0025507,0.0025926,101549796.0,-5.94122781068127,18.43605983712602,0.01814357343391657,0.02951498186791102,0.0007331237185187785,-0.012390591419450054,0.021755936212763814,3.9765748483981076e-05,0.0006421650724519084,19.58070674931009,2020-06-06,64.04361143399552,0,0,7.61085279039525,1.791759469228055,5.5134287461649825,7.61085279039525,1.791759469228055,5.820597506540664
2020-06-07,DOGEUSDT,0.0025899,0.0026135,0.00255,0.0025987,132911616.0,-5.952282296232826,18.705194923927166,0.022734089713996892,0.027819758829432488,0.002350086801948582,0.0007331237185187785,0.015950713109669824,0.00012563818829508248,0.0005420021056551807,19.601237283297465,2020-06-07,64.09612063567162,0,0,7.61085279039525,1.791759469228055,5.5134287461649825,7.61085279039525,1.791759469228055,5.820597506540664
2020-06-08,DOGEUSDT,0.0025912,0.0026038,0.0025505,0.0025786,121989865.0,-5.947064959811297,18.619448525476223,0.016546841840963483,0.025001529582315236,-0.0077647039911538625,0.002350086801948582,0.009708868018870834,0.00041702115830819257,0.00027348800791159836,19.58289394457897,2020-06-08,64.17741712194453,0,0,7.61085279039525,1.791759469228055,5.5134287461649825,7.61085279039525,1.791759469228055,5.820597506540664
2020-06-09,DOGEUSDT,0.0025848,0.0025888,0.00249,0.0025586,116938419.0,-5.950783362500977,18.577158020866687,0.032797399513584576,0.02695049706513257,-0.007786382093802615,-0.0077647039911538625,0.009537577670051317,0.000419137420538524,0.00027351372614829196,19.58377304105425,2020-06-09,64.24959569026768,0,0,7.61085279039525,1.791759469228055,5.5134287461649825,7.61085279039525,1.791759469228055,5.820597506540664
2020-06-10,DOGEUSDT,0.0025586,0.0025953,0.0025409,0.0025761,113128228.0,-5.956560831100101,18.544032494383885,0.01993000573287076,0.02519537423206712,0.006816393463614274,-0.007786382093802615,0.00738533671496038,0.0003675788135983174,0.00022651527687320743,19.59946688062778,2020-06-10,64.24459246139524,0,0,7.61085279039525,1.791759469228055,5.5134287461649825,7.61085279039525,1.791759469228055,5.820597506540664
2020-06-11,DOGEUSDT,0.00258,0.0025938,0.0023801,0.0024463,169023974.0,-5.954053162109836,18.94555112081462,0.051683231322420024,0.031817338504655346,-0.05169994839701048,0.006816393463614274,0.021438884641182616,0.002728870121925885,0.0010148739603651543,19.563335279944816,2020-06-11,64.3356291684238,0,0,7.61085279039525,1.791759469228055,5.5134287461649825,7.61085279039525,1.791759469228055,5.820597506540664
2020-06-12,DOGEUSDT,0.0024463,0.002525,0.0024351,0.0025,133287436.0,-5.954631297062633,18.7080185271434,0.03561792704901883,0.03276748564074622,0.021714052906753826,-0.05169994839701048,0.024887026201001777,0.001160681601595005,0.0009751781564169848,19.55415080300548,2020-06-12,64.33947729371651,0,0,7.61085279039525,1.791759469228055,5.5134287461649825,7.61085279039525,1.791759469228055,5.820597506540664
2020-06-13,DOGEUSDT,0.002514,0.0025338,0.0024869,0.0025241,93631744.0,-5.981514216254814,18.354880029250197,0.017535425707227898,0.028959470657366638,0.009593831671321162,0.021714052906753826,0.02554374013832626,0.0005226856103680605,0.0009268530077721859,19.57068718948252,2020-06-13,64.23626058627679,0,0,7.61085279039525,1.791759469228055,5.5134287461649825,7.61085279039525,1.791759469228055,5.820597506540664
2020-06-14,DOGEUSDT,0.0025135,0.0025319,0.002482,0.0024972,65658290.0,-5.978035126796321,17.999974426445466,0.014905841621357696,0.025446063398364402,-0.010714459340024038,0.009593831671321162,0.025639162236102048,0.0005952485868136796,0.0009095891720611747,19.55456102653174,2020-06-14,64.29275809011105,0,0,7.61085279039525,1.791759469228055,5.5134287461649825,7.61085279039525,1.791759469228055,5.820597506540664
2020-06-15,DOGEUSDT,0.0024886,0.0024941,0.0023963,0.0024743,147058752.0,-5.978785269950908,18.806342738364233,0.03604063960423228,0.02809470744983137,-0.009212576471088446,-0.010714459340024038,0.0256728997244887,0.0004898653927164231,0.0009015116680404372,19.554805590624003,2020-06-15,64.36214751955977,0,0,7.61085279039525,1.791759469228055,5.5134287461649825,7.61085279039525,1.791759469228055,5.820597506540664
2020-06-16,DOGEUSDT,0.0024701,0.0024999,0.0024087,0.0024855,219496367.0,-5.99382733629717,19.20684623908968,0.03515276288880311,0.029859221309574305,0.004516318818226522,-0.009212576471088446,0.025467056569502364,0.00023514109302520122,0.0009208455847712821,19.556336265111298,2020-06-16,64.43876954791878,0,0,7.61085279039525,1.791759469228055,5.5134287461649825,7.61085279039525,1.791759469228055,5.820597506540664
2020-06-17,DOGEUSDT,0.0024856,0.0025024,0.0024445,0.0024806,136091681.0,-5.991504547908003,18.728839341580134,0.020053002461818275,0.0274076665976353,-0.001973380153498071,0.004516318818226522,0.012289770484300432,0.00010536585409844082,0.000366086446934986,19.571343502842222,2020-06-17,64.2767621410735,0,0,7.61085279039525,1.791759469228055,5.5134287461649825,7.61085279039525,1.791759469228055,5.820597506540664
2020-06-18,DOGEUSDT,0.0024788,0.0024919,0.0024322,0.0024575,59137982.0,-5.990505007613282,17.89538394938505,0.01800585557848127,0.025057213842846794,-0.009355893359907547,-0.001973380153498071,0.008420670464003625,0.0005228104290117256,0.00019466728637510208,19.546475859222497,2020-06-18,64.2556701864735,0,0,7.61085279039525,1.791759469228055,5.5134287461649825,7.61085279039525,1.791759469228055,5.820597506540664
2020-06-19,DOGEUSDT,0.002457,0.002468,0.0024256,0.0024399,84566591.0,-5.994709807273011,18.25304984114341,0.012369937889728655,0.02188539485456726,-0.007187518180482408,-0.009355893359907547,0.00585337087425107,0.0003937708077847535,0.00018694917915064346,19.540480865455216,2020-06-19,64.33104438607756,0,0,7.61085279039525,1.791759469228055,5.5134287461649825,7.61085279039525,1.791759469228055,5.820597506540664
2020-06-20,DOGEUSDT,0.0024399,0.0024516,0.0023921,0.0024419,59266072.0,-6.004347172938996,17.89754755857985,0.022917436405848462,0.02214340524238756,0.0008193699503849056,-0.007187518180482408,0.005752355620466149,4.57811299399012e-05,0.00020059605383203075,19.545957560761547,2020-06-20,64.32968225374151,0,0,7.61085279039525,1.791759469228055,5.5134287461649825,7.61085279039525,1.791759469228055,5.820597506540664
2020-06-21,DOGEUSDT,0.0024466,0.0024658,0.0024277,0.0024295,84555177.0,-6.011014406352698,18.252914861475777,0.01129043399887084,0.01943016243150838,-0.00509094994526647,0.0008193699503849056,0.00518515204852553,0.00027891161405739766,0.00017757361304345936,19.550126753050588,2020-06-21,64.35557096066974,0,0,7.61085279039525,1.791759469228055,5.5134287461649825,7.61085279039525,1.791759469228055,5.820597506540664
2020-06-22,DOGEUSDT,0.0024357,0.0025001,0.002432,0.0024731,118270150.0,-6.005238980529822,18.58848197251093,0.027316272509123503,0.02140168995091216,0.01778694957445532,-0.00509094994526647,0.009817159098412534,0.0009568801584098726,0.00033185177461413876,19.5404944433696,2020-06-22,64.26781643083204,0,0,7.61085279039525,1.791759469228055,5.5134287461649825,7.61085279039525,1.791759469228055,5.820597506540664
2020-06-23,DOGEUSDT,0.0024828,0.0024909,0.0024615,0.0024686,96686433.0,-5.991424547907961,18.386983650683984,0.007967999530724275,0.01804326734586519,-0.0018212361105846258,0.01778694957445532,0.009813822121035492,9.905029259744173e-05,0.0003329203183453438,19.545413409091843,2020-06-23,64.22129425237779,0,0,7.61085279039525,1.791759469228055,5.5134287461649825,7.61085279039525,1.791759469228055,5.820597506540664
2020-06-24,DOGEUSDT,0.0024775,0.0024867,0.0023772,0.0024193,124832546.0,-5.995111188028179,18.642483765157447,0.029873126312641936,0.021000732087559378,-0.020172946200086483,-0.0018212361105846258,0.012361101379273268,0.0010820954146565733,0.00044076800439479276,19.543297194788046,2020-06-24,64.04019805388795,0,0,7.61085279039525,1.791759469228055,5.5134287461649825,7.61085279039525,1.791759469228055,5.820597506540664
2020-06-25,DOGEUSDT,0.0024247,0.0024288,0.002378,0.0024081,73502899.0,-5.996798748698684,18.112835405582114,0.01674317490393126,0.019936342791652347,-0.004640187304101029,-0.020172946200086483,0.012215367514326617,0.00025618227075982757,0.0004494013145693851,19.519013071362693,2020-06-25,64.00375366785224,0,0,7.61085279039525,1.791759469228055,5.5134287461649825,7.61085279039525,1.791759469228055,5.820597506540664
2020-06-26,DOGEUSDT,0.0024111,0.002417,0.0023465,0.0023593,69665977.0,-6.020357970762963,18.059222621690445,0.014835509465673287,0.01866113446015758,-0.020473089952973148,-0.004640187304101029,0.014112963264039982,0.0011336639667082608,0.0004711070097660616,19.505376769568976,2020-06-26,64.0192907723771,0,0,7.61085279039525,1.791759469228055,5.5134287461649825,7.61085279039525,1.791759469228055,5.820597506540664
2020-06-27,DOGEUSDT,0.0023515,0.0023635,0.00227,0.0023045,94867690.0,-6.025228177260791,18.367993741963307,0.027157334567279295,0.02078518448693801,-0.02350123169210461,-0.020473089952973148,0.015840480697034025,0.0012794664470303018,0.0004964812509660653,19.471370944313303,2020-06-27,64.31451350298589,0,0,7.61085279039525,1.791759469228055,5.5134287461649825,7.61085279039525,1.791759469228055,5.820597506540664
2020-06-28,DOGEUSDT,0.0023041,0.0023459,0.0022784,0.0023142,116394661.0,-6.047611707730983,18.572497224512063,0.02645342715648199,0.022202245154324004,0.004200322281674196,-0.02350123169210461,0.01171223374420172,0.00022615818599399723,0.0005385064999900487,19.48302803336166,2020-06-28,64.40483277405919,0,0,7.61085279039525,1.791759469228055,5.5134287461649825,7.61085279039525,1.791759469228055,5.820597506540664
2020-06-29,DOGEUSDT,0.0023194,0.00233,0.0022908,0.0023077,85385099.0,-6.055086155405307,18.26268215875704,0.01298320396322215,0.01989748485654854,-0.0028126979317035917,0.004200322281674196,0.011561708450800822,0.00015401340872347658,0.0005270036207561138,19.49178331672695,2020-06-29,64.268063486908,0,0,7.61085279039525,1.791759469228055,5.5134287461649825,7.61085279039525,1.791759469228055,5.820597506540664
2020-06-30,DOGEUSDT,0.002303,0.0023257,0.0022821,0.0023185,58330225.0,-6.061887011404528,17.881630956085658,0.018162828751291174,0.0194638208302342,0.0046690673209818356,-0.0028126979317035917,0.012153020251311859,0.000261109701483511,0.0005107311585431837,19.502124387713543,2020-06-30,64.23446350363899,0,0,7.61085279039525,1.791759469228055,5.5134287461649825,7.61085279039525,1.791759469228055,5.820597506540664
2020-07-01,DOGEUSDT,0.0023101,0.0023709,0.0023,0.0023203,120676078.0,-6.063734209988064,18.608620472555664,0.028761668000594223,0.021788282622824208,0.0007760628138058682,0.0046690673209818356,0.012565792784207523,4.170447857488522e-05,0.0005420991910329363,19.48748937046943,2020-07-01,64.16786549232586,0,0,7.61085279039525,1.9459101490553132,5.517452896464707,7.61085279039525,1.9459101490553132,5.851935461082179
2020-07-02,DOGEUSDT,0.0023251,0.0023498,0.0022839,0.002322,97986311.0,-6.044485649085234,18.400338343204705,0.02442089114161717,0.02244643475252245,0.0007323956125155663,0.0007760628138058682,0.010568578759796866,3.980337746267812e-05,0.0004722780209510401,19.491250239616935,2020-07-02,64.03498447755274,0,0,7.61085279039525,1.9459101490553132,5.517452896464707,7.61085279039525,1.9459101490553132,5.851935461082179
2020-07-03,DOGEUSDT,0.0023172,0.0023345,0.0022882,0.0023139,76387879.0,-6.053425060830802,18.151334589717756,0.017019570726233873,0.021089718745950305,-0.003494470649773589,0.0007323956125155663,0.0034041865398876507,0.0001925186620576711,9.359651686528883e-05,19.494960943419137,2020-07-03,63.923215374873095,0,0,7.61085279039525,1.9459101490553132,5.517452896464707,7.61085279039525,1.9459101490553132,5.851935461082179
2020-07-04,DOGEUSDT,0.0023155,0.0023312,0.0022993,0.0023012,60368775.0,-6.059957543553282,17.915982559031203,0.009945205631714128,0.01830359046739126,-0.005503686618924677,-0.003494470649773589,0.003689524653954453,0.00030719423848458386,0.00011063772465478441,19.488742173532348,2020-07-04,63.78192266088763,0,0,7.61085279039525,1.9459101490553132,5.517452896464707,7.61085279039525,1.9459101490553132,5.851935461082179
2020-07-05,DOGEUSDT,0.0023033,0.002319,0.0022787,0.0023029,88706470.0,-6.061372122523334,18.300843387122452,0.015248795664047191,0.01753989176655524,0.0007384722648320295,-0.005503686618924677,0.0036128530208460264,4.035181599071341e-05,0.000122235172431512,19.494264566604464,2020-07-05,63.69252900686606,0,0,7.61085279039525,1.9459101490553132,5.517452896464707,7.61085279039525,1.9459101490553132,5.851935461082179
2020-07-06,DOGEUSDT,0.0022988,0.002622,0.002293,0.0026193,461294907.0,-6.066619220708742,19.94954810792949,0.13406667494736788,0.0466715875617584,0.1287379082309012,0.0007384722648320295,0.05317426039322657,0.00645317415384115,0.002586032999125657,19.55866941515321,2020-07-06,63.3603835323794,0,0,7.61085279039525,1.9459101490553132,5.517452896464707,7.61085279039525,1.9459101490553132,5.851935461082179
2020-07-07,DOGEUSDT,0.0026191,0.0032953,0.0025999,0.003136,3965388549.0,-5.943817893640629,22.100869681935713,0.23625391855730446,0.09406717031064492,0.18004099598542667,0.1287379082309012,0.08234849156455783,0.008146330826636398,0.003734664083629995,19.713430317734023,2020-07-07,62.94890789584112,0,0,7.61085279039525,1.9459101490553132,5.517452896464707,7.61085279039525,1.9459101490553132,5.851935461082179
2020-07-08,DOGEUSDT,0.003136,0.0055999,0.00291,0.0047657,23657008079.0,-5.7152580681312255,23.88692523268231,0.645314433313086,0.2318789860612552,0.4184963283406601,0.18004099598542667,0.16613641405864485,0.017519891081170615,0.006889301992370761,20.07516009383453,2020-07-08,62.6235220917057,0,0,7.61085279039525,1.9459101490553132,5.517452896464707,7.61085279039525,1.9459101490553132,5.851935461082179
2020-07-09,DOGEUSDT,0.0047626,0.0050594,0.00405,0.0043214,8645375967.0,-5.185006538543331,22.880290444667544,0.15480840788227687,0.21261134151651062,-0.09786500699938865,0.4184963283406601,0.18368753355529788,0.004277262442802467,0.006454780479954576,20.15620921900249,2020-07-09,62.00198148322805,0,0,7.61085279039525,1.9459101490553132,5.517452896464707,7.61085279039525,1.9459101490553132,5.851935461082179
2020-07-10,DOGEUSDT,0.0043225,0.0043334,0.0034001,0.0035313,7536784753.0,-5.286507379788679,22.743061502689574,0.09848175992459234,0.18407894611853104,-0.20191334872502528,-0.09786500699938865,0.22086658373140394,0.00887801972927643,0.005827977201033614,20.007474521324664,2020-07-10,62.28292954231314,0,0,7.61085279039525,1.9459101490553132,5.517452896464707,7.61085279039525,1.9459101490553132,5.851935461082179
2020-07-11,DOGEUSDT,0.0035313,0.0039634,0.0034555,0.0038041,3661361202.0,-5.441402825691667,22.0211008283319,0.13385021248415627,0.17152176270993735,0.0744133573509806,-0.20191334872502528,0.21818599708960684,0.003379184261998469,0.005078440404861161,19.96192012158301,2020-07-11,62.209987535817746,0,0,7.61085279039525,1.9459101490553132,5.517452896464707,7.61085279039525,1.9459101490553132,5.851935461082179
2020-07-12,DOGEUSDT,0.0038109,0.0038501,0.0035799,0.0036358,1546255634.0,-5.530653036231161,21.159102125318334,0.04139465157915781,0.13898998492724246,-0.0452502631535638,0.0744133573509806,0.22251439709871593,0.002138571990699866,0.00563478848547632,19.962745376170677,2020-07-12,62.04829449501632,0,0,7.61085279039525,1.9459101490553132,5.517452896464707,7.61085279039525,1.9459101490553132,5.851935461082179
2020-07-13,DOGEUSDT,0.0036357,0.0036408,0.0029767,0.0031677,4007164536.0,-5.559656156993789,22.111349729898645,0.1127809639378858,0.1324377296799033,-0.13782339680338299,-0.0452502631535638,0.22452131308308018,0.006233151683952617,0.005637551844134938,19.859545759235985,2020-07-13,62.4725818194736,0,0,7.61085279039525,1.9459101490553132,5.517452896464707,7.61085279039525,1.9459101490553132,5.851935461082179
2020-07-14,DOGEUSDT,0.0031587,0.00339,0.0030302,0.0032888,2316802022.0,-5.6155518412618415,21.563453632910814,0.10644442778034158,0.12593940420501287,0.03751698410309029,-0.13782339680338299,0.1052652131112083,0.0017398411563271433,0.002707421216655662,19.811286834802246,2020-07-14,62.49135123393334,0,0,7.61085279039525,1.9459101490553132,5.517452896464707,7.61085279039525,1.9459101490553132,5.851935461082179
2020-07-15,DOGEUSDT,0.0032911,0.0032911,0.003056,0.0030868,1386310052.0,-5.686925357589778,21.0499114154381,0.027262268947953007,0.10127012039074791,-0.06338780100022075,0.03751698410309029,0.10383539590374664,0.0030113096321028624,0.0027713087121171774,19.811696437812593,2020-07-15,62.36008799587858,0,0,7.61085279039525,1.9459101490553132,5.517452896464707,7.61085279039525,1.9459101490553132,5.851935461082179
2020-07-16,DOGEUSDT,0.0030954,0.003096,0.0028525,0.0029808,2070197756.0,-5.716533423581635,21.450909973960094,0.06009394115362955,0.09097607558146832,-0.03494323473612387,-0.06338780100022075,0.07541864983631,0.0016289861259285742,0.001720700663547567,19.751818942796366,2020-07-16,62.010861064959535,0,0,7.61085279039525,1.9459101490553132,5.517452896464707,7.61085279039525,1.9459101490553132,5.851935461082179
2020-07-17,DOGEUSDT,0.0029808,0.00309,0.0029169,0.0030528,1885382230.0,-5.777644323254656,21.357396411826215,0.055326462670737646,0.08206367235378566,0.023867481406643486,-0.03494323473612387,0.06354675204064164,0.00111752766799924,0.001868167710323031,19.751221114798632,2020-07-17,61.9500546226591,0,0,7.61085279039525,1.9459101490553132,5.517452896464707,7.61085279039525,1.9459101490553132,5.851935461082179
2020-07-18,DOGEUSDT,0.0030528,0.00368,0.003013,0.003449,8332776850.0,-5.779584188072483,22.84346259291675,0.19783795840370036,0.11100724386626433,0.12202513168287336,0.023867481406643486,0.09015317586607981,0.005341796638164244,0.002133402958102316,19.848648913987084,2020-07-18,61.94744208757849,0,0,7.61085279039525,1.9459101490553132,5.517452896464707,7.61085279039525,1.9459101490553132,5.851935461082179
2020-07-19,DOGEUSDT,0.0034488,0.0037789,0.0033104,0.0033811,3659586603.0,-5.604842526801297,22.020616027980353,0.11386154953630562,0.11172082028377466,-0.019883233618136483,0.12202513168287336,0.06602013987721914,0.0009029372108787503,0.0016656529045745263,19.891206856126,2020-07-19,61.82636681953986,0,0,7.61085279039525,1.9459101490553132,5.517452896464707,7.61085279039525,1.9459101490553132,5.851935461082179
2020-07-20,DOGEUSDT,0.0033811,0.0034315,0.00314,0.0032201,1636615889.0,-5.578322316991902,21.21589646455253,0.05636514108487337,0.09788190048404934,-0.048788685361853795,-0.019883233618136483,0.06841087161882624,0.0022996287450483092,0.001644186205427453,19.850449648034957,2020-07-20,61.92855202220164,0,0,7.61085279039525,1.9459101490553132,5.517452896464707,7.61085279039525,1.9459101490553132,5.851935461082179
2020-07-21,DOGEUSDT,0.0032192,0.0033659,0.0031377,0.0032979,1188848956.0,-5.674757795615585,20.896251412102735,0.06637343302716422,0.09000478361982805,0.02387348729607722,-0.048788685361853795,0.062124257186156794,0.001142477032136497,0.0016781766339154993,19.826884671560627,2020-07-21,62.03640202412148,0,0,7.61085279039525,1.9459101490553132,5.517452896464707,7.61085279039525,1.9459101490553132,5.851935461082179
2020-07-22,DOGEUSDT,0.0032978,0.003305,0.0032089,0.0032868,591711751.0,-5.694059892508077,20.19853016717593,0.026829754476414593,0.0742110263339747,-0.003371455195895042,0.02387348729607722,0.058694388940581516,0.0001669158680354821,0.0018525038743437158,19.829508791605615,2020-07-22,61.60834539053388,0,0,7.61085279039525,1.9459101490553132,5.517452896464707,7.61085279039525,1.9459101490553132,5.851935461082179
2020-07-23,DOGEUSDT,0.0032917,0.003337,0.0032598,0.0032997,792908063.0,-5.712318805678487,20.491217837190796,0.020937828841329713,0.06089272696081345,0.003917108174147896,-0.003371455195895042,0.05874414964629874,0.0001911603402623777,0.0019591484830513107,19.843047924789662,2020-07-23,61.27274223290031,0,0,7.61085279039525,1.9459101490553132,5.517452896464707,7.61085279039525,1.9459101490553132,5.851935461082179
2020-07-24,DOGEUSDT,0.0033035,0.0033114,0.0031465,0.0032113,824558980.0,-5.7026830792129,20.530359231668665,0.03338555950887242,0.05401593509782819,-0.027155715667500805,0.003917108174147896,0.02553391217976727,0.0013227102049735368,0.000796371422662585,19.835666970155017,2020-07-24,61.169630394590556,0,0,7.61085279039525,1.9459101490553132,5.517452896464707,7.61085279039525,1.9459101490553132,5.851935461082179
2020-07-25,DOGEUSDT,0.0032173,0.0033433,0.0031761,0.0032475,867588133.0,-5.710384218290764,20.581227658861255,0.04751239632911857,0.052390050405650784,0.011209629981074717,-0.027155715667500805,0.026717734479341396,0.000544653125988255,0.0008186143143590437,19.812935874432817,2020-07-25,60.69935837081296,0,0,7.61085279039525,1.9459101490553132,5.517452896464707,7.61085279039525,1.9459101490553132,5.851935461082179
2020-07-26,DOGEUSDT,0.003249,0.0032898,0.0031728,0.0032323,888157925.0,-5.700796935815835,20.604660128612636,0.029880671957492156,0.04676270579361113,-0.004691511429265442,0.011209629981074717,0.01720098528981816,0.00022769176487170398,0.0005124405502021989,19.837903905087188,2020-07-26,60.52564277220026,0,0,7.61085279039525,1.9459101490553132,5.517452896464707,7.61085279039525,1.9459101490553132,5.851935461082179
2020-07-27,DOGEUSDT,0.0032374,0.0032441,0.0030019,0.0031694,1339892681.0,-5.716928506326217,21.01585535889598,0.06527782467518031,0.051391485514003424,-0.019651662606781237,-0.004691511429265442,0.014385674963942984,0.0009350874504597652,0.0004740267618995571,19.81344249423471,2020-07-27,61.684643596819946,0,0,7.61085279039525,1.9459101490553132,5.517452896464707,7.61085279039525,1.9459101490553132,5.851935461082179
2020-07-28,DOGEUSDT,0.00317,0.003225,0.0031238,0.003188,649930752.0,-5.730917317063519,20.292376379794046,0.029104947275941873,0.04581985095448804,0.005851465401397739,-0.019651662606781237,0.015268386667055359,0.000288357819305199,0.0004558905255403343,19.813974286555762,2020-07-28,62.4045304388035,0,0,7.61085279039525,1.9459101490553132,5.517452896464707,7.61085279039525,1.9459101490553132,5.851935461082179
2020-07-29,DOGEUSDT,0.0031886,0.0033,0.0031542,0.0031663,675383829.0,-5.736822328734402,20.330791722780425,0.0399161120403324,0.04434391622594913,-0.006830047167385996,0.005851465401397739,0.014617365621488649,0.00033594595136858367,0.00043419388773155107,19.814942799190387,2020-07-29,62.29686982426401,0,0,7.61085279039525,1.9459101490553132,5.517452896464707,7.61085279039525,1.9459101490553132,5.851935461082179
2020-07-30,DOGEUSDT,0.0031707,0.00325,0.0031334,0.0032281,523325865.0,-5.713832810509703,20.075714896836054,0.035424451672010374,0.04211405008746444,0.01933001510160701,-0.006830047167385996,0.01402750779293463,0.0009628556293481451,0.0003276962600507867,19.814504853381628,2020-07-30,62.12024387653177,0,0,7.61085279039525,1.9459101490553132,5.517452896464707,7.61085279039525,1.9459101490553132,5.851935461082179
2020-07-31,DOGEUSDT,0.0032304,0.0032412,0.0031713,0.003224,632319202.0,-5.729100282640491,20.264904891063694,0.01941863280923445,0.03644019576790694,-0.0012709042178078217,0.01933001510160701,0.013080986154302176,6.271454145182088e-05,0.0003833439988458076,19.829542796217574,2020-07-31,61.91068821825785,0,0,7.61085279039525,1.9459101490553132,5.517452896464707,7.61085279039525,1.9459101490553132,5.851935461082179
2020-08-01,DOGEUSDT,0.0032204,0.0039,0.0032001,0.0037144,4298724372.0,-5.731811647377704,22.181584157959918,0.19701352989477347,0.07658352929962357,0.14159433307919306,-0.0012709042178078217,0.05944754865534268,0.006383418428136999,0.0024225667074427707,19.895269482984453,2020-08-01,61.49098608418957,0,0,7.61085279039525,2.0794415416798357,5.3612921657094255,7.61085279039525,2.0794415416798357,5.776073361839086
2020-08-02,DOGEUSDT,0.0037096,0.0037754,0.0031,0.0033312,2337347018.0,-5.546778725846536,21.572282370140456,0.1279790735202288,0.08943241535477488,-0.10888455828506224,0.14159433307919306,0.07993469460187975,0.005047428752173955,0.0027868999856533357,19.91221158633523,2020-08-02,60.98552693687647,0,0,7.61085279039525,2.0794415416798357,5.3612921657094255,7.61085279039525,2.0794415416798357,5.776073361839086
2020-08-03,DOGEUSDT,0.0033351,0.0034468,0.0032995,0.0033818,859800460.0,-5.579248941629641,20.572210897034452,0.04127010588906621,0.07739183798834771,0.015075512683678951,-0.10888455828506224,0.07996691635954502,0.0007328095535833795,0.002731925254222577,19.868125840565813,2020-08-03,60.32005339908352,0,0,7.61085279039525,2.0794415416798357,5.3612921657094255,7.61085279039525,2.0794415416798357,5.776073361839086
2020-08-04,DOGEUSDT,0.0033828,0.0035746,0.0033608,0.0035458,1247440791.0,-5.670309014598662,20.944359922339338,0.06124483938510472,0.07335508833753697,0.047355692359951344,0.015075512683678951,0.08076408789320277,0.0022610236137816544,0.0025698166999581274,19.895632667531487,2020-08-04,60.03777020961509,0,0,7.61085279039525,2.0794415416798357,5.3612921657094255,7.61085279039525,2.0794415416798357,5.776073361839086
2020-08-05,DOGEUSDT,0.0035459,0.0035871,0.003449,0.0035028,1099317757.0,-5.633901997207996,20.81795560342509,0.02970520789594491,0.06244261822713895,-0.012201155816210774,0.047355692359951344,0.08174776188386391,0.0005860880889861908,0.00262118000045901,19.909382052569086,2020-08-05,60.346442227680555,0,0,7.61085279039525,2.0794415416798357,5.3612921657094255,7.61085279039525,2.0794415416798357,5.776073361839086
2020-08-06,DOGEUSDT,0.0035024,0.00365,0.00345,0.00356,908946142.0,-5.63041120237063,20.627796400661445,0.05290842253886786,0.060059069305071176,0.016197896198006684,-0.012201155816210774,0.0814221431684833,0.0007852460768658395,0.00249992948000029,19.91840621296179,2020-08-06,60.66619532991763,0,0,7.61085279039525,2.0794415416798357,5.3612921657094255,7.61085279039525,2.0794415416798357,5.776073361839086
2020-08-07,DOGEUSDT,0.0035602,0.003617,0.003317,0.003496,886076044.0,-5.613028111387737,20.602313333328745,0.0713394406852319,0.06287916215011136,-0.018141087070650038,0.016197896198006684,0.053766170143731515,0.0008805364124475704,0.0017437392896929322,19.907950613181395,2020-08-07,60.84373135827365,0,0,7.61085279039525,2.0794415416798357,5.3612921657094255,7.61085279039525,2.0794415416798357,5.776073361839086
2020-08-08,DOGEUSDT,0.0034961,0.0035249,0.0033981,0.0035134,624969060.0,-5.6221103260121765,20.253212702475313,0.03534484997864215,0.055995584107244055,0.004964771803856417,-0.018141087070650038,0.023504033864294657,0.000245135025084175,0.0006956865328046081,19.895512808924085,2020-08-08,60.658340098334094,0,0,7.61085279039525,2.0794415416798357,5.3612921657094255,7.61085279039525,2.0794415416798357,5.776073361839086
2020-08-09,DOGEUSDT,0.0035179,0.00353,0.0034103,0.0034664,587442093.0,-5.647903211914633,20.191288234018344,0.025006047429956428,0.04824819993792215,-0.013467638153582864,0.004964771803856417,0.02484824109774837,0.0006670024219104824,0.000699643457131864,19.888535309059296,2020-08-09,60.368887681993066,0,0,7.61085279039525,2.0794415416798357,5.3612921657094255,7.61085279039525,2.0794415416798357,5.776073361839086
2020-08-10,DOGEUSDT,0.0034677,0.0035559,0.0034089,0.0034952,826540351.0,-5.646457408036931,20.53275929557022,0.03857397314786787,0.04582964324040858,0.00827400721152645,-0.013467638153582864,0.01400280692439781,0.00040296616214224564,0.00023760023280568646,19.879979300659198,2020-08-10,60.39847864955476,0,0,7.61085279039525,2.0794415416798357,5.3612921657094255,7.61085279039525,2.0794415416798357,5.776073361839086
2020-08-11,DOGEUSDT,0.0034947,0.0035778,0.0033168,0.0033906,1215986149.0,-5.63914708321071,20.918821229800514,0.05412839065219047,0.04790433009335405,-0.030383701773373486,0.00827400721152645,0.01795817075463728,0.0014524576427896187,0.00042265778044045277,19.880057986801575,2020-08-11,60.38273056007973,0,0,7.61085279039525,2.0794415416798357,5.3612921657094255,7.61085279039525,2.0794415416798357,5.776073361839086
2020-08-12,DOGEUSDT,0.0033873,0.0034965,0.0033165,0.0034606,829060692.0,-5.633007192607159,20.535803921517477,0.050748215496158426,0.04861530144405514,0.020435087558695247,-0.030383701773373486,0.019029922743840955,0.000995095572434995,0.0004357409037844379,19.874633725688305,2020-08-12,60.282759713649625,0,0,7.61085279039525,2.0794415416798357,5.3612921657094255,7.61085279039525,2.0794415416798357,5.776073361839086
2020-08-13,DOGEUSDT,0.0034599,0.0035208,0.003335,0.0034877,1141424689.0,-5.6559928108203525,20.855543046286776,0.05091203119134265,0.049189483880877016,0.007800508733009253,0.020435087558695247,0.018303845744439117,0.000374025683037685,0.00045936588002042046,19.890059900657928,2020-08-13,59.67450464247079,0,0,7.61085279039525,2.0794415416798357,5.3612921657094255,7.61085279039525,2.0794415416798357,5.776073361839086
2020-08-14,DOGEUSDT,0.0034877,0.00359,0.0034334,0.0035731,852114289.0,-5.649067042467393,20.56323121781613,0.04376325858475132,0.047832927556845595,0.024191073161623094,0.007800508733009253,0.020925285544259212,0.0011764237295870006,0.0004359514491407329,19.912379786274908,2020-08-14,59.14822255733131,0,0,7.61085279039525,2.0794415416798357,5.3612921657094255,7.61085279039525,2.0794415416798357,5.776073361839086
2020-08-15,DOGEUSDT,0.0035736,0.0036243,0.0034617,0.0035328,1065565878.0,-5.62960307648195,20.786771835841307,0.03596451698895378,0.04486582491487264,-0.011342808674458837,0.024191073161623094,0.020610353874753205,0.0005456743723381403,0.0004484742039491557,19.916552026699673,2020-08-15,58.95683888379686,0,0,7.61085279039525,2.0794415416798357,5.3612921657094255,7.61085279039525,2.0794415416798357,5.776073361839086
2020-08-16,DOGEUSDT,0.0035319,0.0035583,0.0034382,0.0035302,756283319.0,-5.620094112770646,20.44392662452061,0.031075759534245836,0.04141830856971594,-0.0007362310965429495,-0.011342808674458837,0.02049132887742175,3.6012215757999635e-05,0.0005342624049448557,19.902200499319836,2020-08-16,58.80387298570284,0,0,7.61085279039525,2.0794415416798357,5.3612921657094255,7.61085279039525,2.0794415416798357,5.776073361839086
2020-08-17,DOGEUSDT,0.003526,0.0037238,0.0034927,0.0035877,1596549440.0,-5.638472376260935,21.191110537381554,0.06125033300122797,0.04637631467759395,0.016156802096692954,-0.0007362310965429495,0.013577681867455862,0.0007624330054902985,0.00041781884443597604,19.94208091535636,2020-08-17,58.97086738835824,0,0,7.61085279039525,2.0794415416798357,5.3612921657094255,7.61085279039525,2.0794415416798357,5.776073361839086
2020-08-18,DOGEUSDT,0.0035821,0.0037165,0.0034297,0.003476,1122350625.0,-5.5930106267023225,20.83869109522896,0.05950670082110683,0.04965891121347217,-0.031629121257588905,0.016156802096692954,0.02016638260860592,0.0015178074819118762,0.0005409481795149365,19.93421666700293,2020-08-18,59.31697679587492,0,0,7.61085279039525,2.0794415416798357,5.3612921657094255,7.61085279039525,2.0794415416798357,5.776073361839086
2020-08-19,DOGEUSDT,0.0034795,0.0035374,0.0033341,0.0034196,865075768.0,-5.594972913798926,20.57832765412369,0.04536146218875437,0.04858454895729272,-0.016358622233203994,-0.031629121257588905,0.02087415417995754,0.0007949442009164379,0.0005111855524662942,19.90085603567097,2020-08-19,59.545001494493704,0,0,7.61085279039525,2.0794415416798357,5.3612921657094255,7.61085279039525,2.0794415416798357,5.776073361839086
2020-08-20,DOGEUSDT,0.0034197,0.0035043,0.0033711,0.0034399,483184322.0,-5.644363284963581,19.995908757866438,0.03515958744411069,0.04522830857899721,0.005918816025389566,-0.016358622233203994,0.017045392594114087,0.00029600135192960856,0.0005097948189709305,19.889832651111007,2020-08-20,59.465894068260795,0,0,7.61085279039525,2.0794415416798357,5.3612921657094255,7.61085279039525,2.0794415416798357,5.776073361839086
2020-08-21,DOGEUSDT,0.0034386,0.0035651,0.0033622,0.0033776,1082335183.0,-5.653764493134514,20.80238675035967,0.04711304853010776,0.04569949356677485,-0.018277003083412124,0.005918816025389566,0.017676481698605882,0.0008786012539208328,0.0005131252334696678,19.898066085908237,2020-08-21,59.493410923849396,0,0,7.61085279039525,2.0794415416798357,5.3612921657094255,7.61085279039525,2.0794415416798357,5.776073361839086
2020-08-22,DOGEUSDT,0.0033808,0.0034605,0.0033201,0.0034331,663901289.0,-5.636563175018402,20.313644035244966,0.039641420480383764,0.04418497529517708,0.016298244981048073,-0.018277003083412124,0.020169838229745198,0.0008023299489136454,0.00039148149217965717,19.870017387489092,2020-08-22,59.757183679362704,0,0,7.61085279039525,2.0794415416798357,5.3612921657094255,7.61085279039525,2.0794415416798357,5.776073361839086
2020-08-23,DOGEUSDT,0.003431,0.0034562,0.0033607,0.0033955,449353268.0,-5.666342191682356,19.923319924769483,0.020452966637905363,0.03825197313085915,-0.011012617521258167,0.016298244981048073,0.01742828025081777,0.000552750122110263,0.000408975244939208,19.89365921576195,2020-08-23,59.601663422619076,0,0,7.61085279039525,2.0794415416798357,5.3612921657094255,7.61085279039525,2.0794415416798357,5.776073361839086
2020-08-24,DOGEUSDT,0.0033977,0.0034689,0.0033715,0.0034116,697239432.0,-5.667585559344383,20.362639427670025,0.026118260811590785,0.03521854505104206,0.0047303638911083455,-0.011012617521258167,0.0140547917638311,0.00023230602829810127,0.00027788370412934216,19.874199434892923,2020-08-24,59.40053138828841,0,0,7.61085279039525,2.0794415416798357,5.3612921657094255,7.61085279039525,2.0794415416798357,5.776073361839086
2020-08-25,DOGEUSDT,0.003407,0.0034261,0.0032092,0.0032907,804352786.0,-5.663917738161248,20.505548519460906,0.04319240987638243,0.03721201125737716,-0.036081081359556205,0.0047303638911083455,0.019152830061613585,0.001759576503174897,0.0005570409764528772,19.864280669557083,2020-08-25,59.497098098096885,0,0,7.61085279039525,2.0794415416798357,5.3612921657094255,7.61085279039525,2.0794415416798357,5.776073361839086
2020-08-26,DOGEUSDT,0.0032896,0.0033461,0.0032323,0.0032939,573094887.0,-5.676332690948101,20.166561857828007,0.030347607328890303,0.03549591027525544,0.0009719649642877309,-0.036081081359556205,0.018615209896113157,4.819686028486038e-05,0.0006048855973134394,19.847657948610497,2020-08-26,59.579506986246734,0,0,7.61085279039525,2.0794415416798357,5.3612921657094255,7.61085279039525,2.0794415416798357,5.776073361839086
2020-08-27,DOGEUSDT,0.0032916,0.0033078,0.0031427,0.0031997,811879341.0,-5.699959790432535,20.51486229225706,0.032915823180187265,0.034850888501488396,-0.029015217656673798,0.0009719649642877309,0.020327354748364498,0.0014143510808563914,0.0006703464146382603,19.819774579289508,2020-08-27,59.80086042537629,0,0,7.61085279039525,2.0794415416798357,5.3612921657094255,7.61085279039525,2.0794415416798357,5.776073361839086
2020-08-28,DOGEUSDT,0.0032017,0.0032687,0.0031678,0.0032637,414648220.0,-5.711471963140581,19.842941056075233,0.031094078313011805,0.03391168595436925,0.019804465702134715,-0.029015217656673798,0.021231017377619527,0.0009980610054814059,0.0006751353494897281,19.823842297099777,2020-08-28,59.871058662024865,0,0,7.61085279039525,2.0794415416798357,5.3612921657094255,7.61085279039525,2.0794415416798357,5.776073361839086
2020-08-29,DOGEUSDT,0.0032636,0.0032973,0.0032285,0.0032749,443081651.0,-5.7233629266351445,19.909264624795465,0.01925936300512277,0.030248605217057627,0.0034258131568776686,0.019804465702134715,0.021693467414302704,0.00017207130556751355,0.0007230617714632859,19.839756954699137,2020-08-29,59.53775147092055,0,0,7.61085279039525,2.0794415416798357,5.3612921657094255,7.61085279039525,2.0794415416798357,5.776073361839086
2020-08-30,DOGEUSDT,0.0032751,0.003348,0.003261,0.0032981,456619299.0,-5.7146513272213095,19.939360557921027,0.02506871488962585,0.028953632635199684,0.007059210814748554,0.0034258131568776686,0.021943828606124212,0.0003540339618335575,0.0007064488389240209,19.838234584776746,2020-08-30,59.11984072478183,0,0,7.61085279039525,2.0794415416798357,5.3612921657094255,7.61085279039525,2.0794415416798357,5.776073361839086
2020-08-31,DOGEUSDT,0.0032981,0.0033054,0.0031841,0.0032073,792397030.0,-5.699392126354908,20.49057312467463,0.018385841878589573,0.026311684946047156,-0.027917083379209017,0.007059210814748554,0.019830000361509476,0.0013624354579712282,0.0006095079163537674,19.84630342666586,2020-08-31,58.36269895642616,0,0,7.61085279039525,2.0794415416798357,5.3612921657094255,7.61085279039525,2.0794415416798357,5.776073361839086
2020-09-01,DOGEUSDT,0.0032061,0.0032784,0.0031519,0.0032411,728992095.0,-5.712197784257548,20.40717344629274,0.03678764164256059,0.028930674120175515,0.01048331665247087,-0.027917083379209017,0.02069497667591418,0.0005137074313628337,0.0005306782120488397,19.820134796432498,2020-09-01,57.99253266842568,0,0,7.61085279039525,2.1972245773362196,5.631211781821365,7.61085279039525,2.1972245773362196,5.699349278882169
2020-09-02,DOGEUSDT,0.0032398,0.0032626,0.0030101,0.0031161,758139570.0,-5.720399780479639,20.44637805594453,0.05576712185466941,0.035639786053798986,-0.03933055843815933,0.01048331665247087,0.02355046635903935,0.0019235953835219468,0.0006704365717927538,19.79548856410236,2020-09-02,57.91029197376477,0,0,7.61085279039525,2.1972245773362196,5.631211781821365,7.61085279039525,2.1972245773362196,5.699349278882169
2020-09-03,DOGEUSDT,0.0031185,0.0031265,0.0027,0.0027692,1202524192.0,-5.725230855462072,20.907688677829142,0.06342286856662015,0.042585556682004276,-0.11802375009800514,-0.03933055843815933,0.04884277175290876,0.005644992706590254,0.002062602251003771,19.72972318098159,2020-09-03,58.255987951712086,0,0,7.61085279039525,2.1972245773362196,5.631211781821365,7.61085279039525,2.1972245773362196,5.699349278882169
2020-09-04,DOGEUSDT,0.0027704,0.0029632,0.0027006,0.0028797,1128781264.0,-5.767841110956922,20.844404360207793,0.0887787670169823,0.054133859265748784,0.039127652233730645,-0.11802375009800514,0.05511839780479669,0.0018771297830138904,0.001929464047799268,19.68598333881859,2020-09-04,58.23334188224616,0,0,7.61085279039525,2.1972245773362196,5.631211781821365,7.61085279039525,2.1972245773362196,5.699349278882169
2020-09-05,DOGEUSDT,0.0028789,0.0029269,0.0026786,0.002764,1058743832.0,-5.821485513512414,20.78034897817567,0.061066706797904886,0.055867071148787806,-0.041007216150040396,0.039127652233730645,0.05362167045178398,0.0019733651341999965,0.0017688170318278902,19.699674986631155,2020-09-05,59.01172392815966,0,0,7.61085279039525,2.1972245773362196,5.631211781821365,7.61085279039525,2.1972245773362196,5.699349278882169
2020-09-06,DOGEUSDT,0.0027505,0.0028068,0.0026875,0.0027859,1165434272.0,-5.833811436529741,20.876359620169453,0.041392005501903126,0.05224830473706664,0.007892075053507652,-0.041007216150040396,0.05577525652761211,0.00037803885337761735,0.0019042760875855745,19.67502546041099,2020-09-06,59.27064472828327,0,0,7.61085279039525,2.1972245773362196,5.631211781821365,7.61085279039525,2.1972245773362196,5.699349278882169
2020-09-07,DOGEUSDT,0.0027814,0.0028373,0.002688,0.0028151,930536034.0,-5.8757102345861405,20.651271358713213,0.051513952901621425,0.05206471677820534,0.010426803980446757,0.007892075053507652,0.05576837913159561,0.0005048988897261023,0.0019057018937018117,19.697061660357033,2020-09-07,59.030935787325795,0,0,7.61085279039525,2.1972245773362196,5.631211781821365,7.61085279039525,2.1972245773362196,5.699349278882169
2020-09-08,DOGEUSDT,0.0028188,0.0028386,0.0026742,0.002747,602845165.0,-5.864902383240269,20.217170947258225,0.04280229483674986,0.04974911129284147,-0.024488377826241012,0.010426803980446757,0.055251778704145015,0.0012112662988370305,0.0019371063810907714,19.684587403114765,2020-09-08,59.05109700287381,0,0,7.61085279039525,2.1972245773362196,5.631211781821365,7.61085279039525,2.1972245773362196,5.699349278882169
2020-09-09,DOGEUSDT,0.0027455,0.002805,0.0026863,0.002779,603901405.0,-5.8644443060991165,20.21892150581955,0.04082394754692239,0.0475178203563617,0.011581743647229727,-0.024488377826241012,0.02868904145359992,0.0005728170834382135,0.000711510880994047,19.682439061751214,2020-09-09,58.84020979864582,0,0,7.61085279039525,2.1972245773362196,5.631211781821365,7.61085279039525,2.1972245773362196,5.699349278882169
2020-09-10,DOGEUSDT,0.0027779,0.002848,0.0027522,0.0028077,589054621.0,-5.876351740007477,20.194029472460535,0.03222267464626714,0.043694033928838055,0.010274492088816851,0.011581743647229727,0.02273817514176405,0.0005087886052077233,0.000620831252584269,19.696692101731394,2020-09-10,58.42928732834557,0,0,7.61085279039525,2.1972245773362196,5.631211781821365,7.61085279039525,2.1972245773362196,5.699349278882169
2020-09-11,DOGEUSDT,0.002806,0.00282,0.0027364,0.0027956,633511688.0,-5.861138285432408,20.26678900743688,0.026217596004606932,0.039324924447780275,-0.00431889022834658,0.010274492088816851,0.014195073335711576,0.00021310184986688159,0.00034154931741610666,19.689239192561597,2020-09-11,58.27551975268896,0,0,7.61085279039525,2.1972245773362196,5.631211781821365,7.61085279039525,2.1972245773362196,5.699349278882169
2020-09-12,DOGEUSDT,0.0027952,0.0028321,0.00276,0.0028141,538072324.0,-5.871018394032115,20.103503540317757,0.024170397909033556,0.035536292813093596,0.0065957420426510744,-0.00431889022834658,0.01409504587610949,0.00032808918253593233,0.0003475681216356353,19.68631977636277,2020-09-12,57.929173549553205,0,0,7.61085279039525,2.1972245773362196,5.631211781821365,7.61085279039525,2.1972245773362196,5.699349278882169
2020-09-13,DOGEUSDT,0.002814,0.0028199,0.0027403,0.002783,736932793.0,-5.8667367930396095,20.418007256036258,0.021687084727085453,0.03207399079159156,-0.011113012119734304,0.0065957420426510744,0.014164165769895914,0.0005442750597734712,0.0003467699112164325,19.676421318978903,2020-09-13,57.96596114625289,0,0,7.61085279039525,2.1972245773362196,5.631211781821365,7.61085279039525,2.1972245773362196,5.699349278882169
2020-09-14,DOGEUSDT,0.0027836,0.0028143,0.0027334,0.0027851,622069203.0,-5.871053855653779,20.248561903357093,0.025708408872111014,0.030482595311721424,0.0007542968335944731,-0.011113012119734304,0.008880364628759666,3.7251871870930995e-05,0.00021345854288846379,19.678278859496295,2020-09-14,58.35862367116533,0,0,7.61085279039525,2.1972245773362196,5.631211781821365,7.61085279039525,2.1972245773362196,5.699349278882169
2020-09-15,DOGEUSDT,0.0027876,0.0028699,0.0027751,0.0028278,837946931.0,-5.873041716164259,20.546465328278753,0.032586788279613414,0.031008643553694423,0.015215244798254953,0.0007542968335944731,0.009724071305764918,0.0007405285802280419,0.0002530485792449818,19.70108688484737,2020-09-15,58.86253356649376,0,0,7.61085279039525,2.1972245773362196,5.631211781821365,7.61085279039525,2.1972245773362196,5.699349278882169
2020-09-16,DOGEUSDT,0.002827,0.00285,0.00278,0.0028053,718768350.0,-5.853478093023221,20.39304968018472,0.01879863537998599,0.027956141510267315,-0.007988539048229326,0.015215244798254953,0.009812473448883467,0.0003917285140530764,0.0002469924455008728,19.69383693982781,2020-09-16,59.53753931318234,0,0,7.61085279039525,2.1972245773362196,5.631211781821365,7.61085279039525,2.1972245773362196,5.699349278882169
2020-09-17,DOGEUSDT,0.0028079,0.0028577,0.0027625,0.0028078,708422584.0,-5.860436284701578,20.378551343658405,0.029338920798627478,0.028301836332357354,0.0008907734283400267,-0.007988539048229326,0.009597139530992829,4.371132242514512e-05,0.0002771520286769973,19.668643002229054,2020-09-17,59.17755879220156,0,0,7.61085279039525,2.1972245773362196,5.631211781821365,7.61085279039525,2.1972245773362196,5.699349278882169
2020-09-18,DOGEUSDT,0.0028047,0.002815,0.0027468,0.0027892,596841059.0,-5.857738173493488,20.207161403079805,0.02023464923251267,0.02628503955739618,-0.006646442190995175,0.0008907734283400267,0.00949938909605085,0.0003289151830094345,0.0002771406054453582,19.67975397039525,2020-09-18,58.960923476398904,0,0,7.61085279039525,2.1972245773362196,5.631211781821365,7.61085279039525,2.1972245773362196,5.699349278882169
2020-09-19,DOGEUSDT,0.0027876,0.0028099,0.0027635,0.0027901,896333697.0,-5.872793017390483,20.613823331291982,0.014691867783425877,0.023386746613903605,0.00032262112014266,-0.006646442190995175,0.008244757573125682,1.565071723754021e-05,0.00028604639346496317,19.687831373860988,2020-09-19,59.15182990114738,0,0,7.61085279039525,2.1972245773362196,5.631211781821365,7.61085279039525,2.1972245773362196,5.699349278882169
2020-09-20,DOGEUSDT,0.0027918,0.0028009,0.0027234,0.0027729,893231406.0,-5.8746063834583335,20.61035623853023,0.023197496922671926,0.023339434191095687,-0.0061837335281567495,0.00032262112014266,0.008665098028250745,0.00030003040493771326,0.0002644933100289457,19.672289002413258,2020-09-20,59.39956490606245,0,0,7.61085279039525,2.1972245773362196,5.631211781821365,7.61085279039525,2.1972245773362196,5.699349278882169
2020-09-21,DOGEUSDT,0.0027732,0.0028035,0.0025688,0.0025972,1374012637.0,-5.877814484876646,21.041001227938626,0.04233076617692566,0.02808726718755318,-0.06545976230450995,-0.0061837335281567495,0.02540116995521609,0.003111057387211749,0.001192052364630883,19.634936068167722,2020-09-21,59.785650288498694,0,0,7.61085279039525,2.1972245773362196,5.631211781821365,7.61085279039525,2.1972245773362196,5.699349278882169
2020-09-22,DOGEUSDT,0.0025946,0.0026588,0.0025802,0.0026432,695672800.0,-5.876886642400547,20.360389992817492,0.029457229500189155,0.028429757765712174,0.017556362692327278,-0.06545976230450995,0.028586974939798983,0.000862280275501629,0.001183278631943557,19.617148218915155,2020-09-22,59.94966717245146,0,0,7.61085279039525,2.1972245773362196,5.631211781821365,7.61085279039525,2.1972245773362196,5.699349278882169
2020-09-23,DOGEUSDT,0.002641,0.0026493,0.0025364,0.0025444,499113155.0,-5.929880385796848,20.028343391535884,0.01624539128203997,0.025383666144794124,-0.03809543852200975,0.017556362692327278,0.030032432663526707,0.001902076361348445,0.0011961153034147983,19.61695878193865,2020-09-23,60.16713736063977,0,0,7.61085279039525,2.1972245773362196,5.631211781821365,7.61085279039525,2.1972245773362196,5.699349278882169
2020-09-24,DOGEUSDT,0.0025403,0.0026612,0.0025277,0.0026297,388768314.0,-5.933459824821408,19.778494130315924,0.050888899510130654,0.03175997448612826,0.03297490541979694,-0.03809543852200975,0.036310460560190924,0.001667210112283216,0.0011504601093272426,19.59968765728895,2020-09-24,60.222552265929934,0,0,7.61085279039525,2.1972245773362196,5.631211781821365,7.61085279039525,2.1972245773362196,5.699349278882169
2020-09-25,DOGEUSDT,0.0026297,0.0027192,0.0026146,0.0027015,513362397.0,-5.928978130096541,20.056492580633595,0.03874427460297573,0.03350604951534013,0.026937403059674313,0.03297490541979694,0.03929914444838232,0.0013430764602224057,0.0009644293303467653,19.64784370232488,2020-09-25,59.786267561097745,0,0,7.61085279039525,2.1972245773362196,5.631211781821365,7.61085279039525,2.1972245773362196,5.699349278882169
2020-09-26,DOGEUSDT,0.0027044,0.002761,0.0026724,0.0026972,311169397.0,-5.907417559582368,19.555848006744,0.02802717458647381,0.03213633078312355,-0.0015929764236936028,0.026937403059674313,0.03932500965951436,8.145780347363363e-05,0.0010225971027525446,19.671270812280884,2020-09-26,59.49556732921255,0,0,7.61085279039525,2.1972245773362196,5.631211781821365,7.61085279039525,2.1972245773362196,5.699349278882169
2020-09-27,DOGEUSDT,0.0026973,0.0027351,0.0026581,0.0026954,236020657.0,-5.8921623460341195,19.279429888820403,0.02452379269349551,0.03023319626071654,-0.0006675815253679103,-0.0015929764236936028,0.025868440926935382,3.462662170083266e-05,0.0007961475650987588,19.661722656803487,2020-09-27,59.31597932306932,0,0,7.61085279039525,2.1972245773362196,5.631211781821365,7.61085279039525,2.1972245773362196,5.699349278882169
2020-09-28,DOGEUSDT,0.0026989,0.002744,0.0026183,0.0026504,360127848.0,-5.901587280705307,19.701969659702847,0.0338607789708817,0.03114009193825783,-0.016836044349372928,-0.0006675815253679103,0.026643696538526506,0.0008545361017283617,0.0007963862982432218,19.635425811995773,2020-09-28,59.24982796441637,0,0,7.61085279039525,2.1972245773362196,5.631211781821365,7.61085279039525,2.1972245773362196,5.699349278882169
2020-09-29,DOGEUSDT,0.0026474,0.0027049,0.0026307,0.0026727,412130695.0,-5.898338569118498,19.836851077883683,0.026417598528770545,0.02995946858588601,0.008378625409021739,-0.016836044349372928,0.01879498879845342,0.0004223767863218552,0.0006735618133829396,19.62455854705889,2020-09-29,59.25941660811254,0,0,7.61085279039525,2.1972245773362196,5.631211781821365,7.61085279039525,2.1972245773362196,5.699349278882169
2020-09-30,DOGEUSDT,0.0026726,0.0026767,0.0026158,0.002635,347857639.0,-5.912690335943757,19.667303870708,0.013870123301279758,0.025937132264734448,-0.014206015419245054,0.008378625409021739,0.016021210395018692,0.0007223163638816374,0.000499730605959571,19.627010547888393,2020-09-30,59.19721759623279,0,0,7.61085279039525,2.1972245773362196,5.631211781821365,7.61085279039525,2.1972245773362196,5.699349278882169
2020-10-01,DOGEUSDT,0.0026361,0.002682,0.0025575,0.0026246,647138169.0,-5.923170586468993,20.288070382988938,0.04005581010333228,0.029466801724383904,-0.003954678513276492,-0.014206015419245054,0.009328355448699475,0.00019492630095528432,0.00034254076402298215,19.61917026561557,2020-10-01,59.10460229327548,0,0,7.61085279039525,2.302585092994046,5.7430031878094825,7.61085279039525,2.302585092994046,5.734554593928909
2020-10-02,DOGEUSDT,0.0026272,0.0026273,0.0025307,0.0025902,1051902545.0,-5.92119249412265,20.773866309138082,0.0295143599444099,0.029478691279390404,-0.013193410672699411,-0.003954678513276492,0.009721346289083277,0.0006350965427603549,0.0003181040798414518,19.616651474283298,2020-10-02,59.43988298970787,0,0,7.61085279039525,2.302585092994046,5.7430031878094825,7.61085279039525,2.302585092994046,5.734554593928909
2020-10-03,DOGEUSDT,0.0025902,0.002637,0.0025737,0.0025955,344780813.0,-5.941798576093162,19.658419448453735,0.022113119161266577,0.027637298249859447,0.0020440834777970653,-0.013193410672699411,0.010115518278477812,0.000103980052066589,0.00029951815378675457,19.596079680718677,2020-10-03,59.48045187359198,0,0,7.61085279039525,2.302585092994046,5.7430031878094825,7.61085279039525,2.302585092994046,5.734554593928909
2020-10-04,DOGEUSDT,0.0025964,0.00268,0.0025893,0.002633,362664249.0,-5.938113371610988,19.70898803032954,0.03371828950827495,0.029157546064463323,0.014344704229025588,0.0020440834777970653,0.011527669938411025,0.0007278255081869741,0.00027176027788263174,19.611449398543918,2020-10-04,59.44523110045857,0,0,7.61085279039525,2.302585092994046,5.7430031878094825,7.61085279039525,2.302585092994046,5.734554593928909
2020-10-05,DOGEUSDT,0.0026328,0.0026577,0.0025983,0.0026182,293823603.0,-5.921938484459372,19.498490155441132,0.017703443830479233,0.0262940205059673,-0.005636821750310582,0.014344704229025588,0.010606579700582677,0.0002890901657191957,0.00028148496281766823,19.622086143190515,2020-10-05,59.44290052931564,0,0,7.61085279039525,2.302585092994046,5.7430031878094825,7.61085279039525,2.302585092994046,5.734554593928909
2020-10-06,DOGEUSDT,0.00262,0.0026285,0.0025687,0.002597,535191865.0,-5.930294191878178,20.09813586673751,0.017064842572191683,0.023986726022523396,-0.008130126083250288,-0.005636821750310582,0.009616220051517443,0.0004045214012462557,0.0002467441920536816,19.618598643060167,2020-10-06,59.82124506162328,0,0,7.61085279039525,2.302585092994046,5.7430031878094825,7.61085279039525,2.302585092994046,5.734554593928909
2020-10-07,DOGEUSDT,0.0025969,0.0026111,0.002556,0.0025895,748742886.0,-5.941341937704771,20.433906206180183,0.01797266149348469,0.02248320989026372,-0.0028921257988022866,-0.008130126083250288,0.009592081616865405,0.0001415356305162823,0.00025608356679933164,19.602913050905517,2020-10-07,60.09858164162555,0,0,7.61085279039525,2.302585092994046,5.7430031878094825,7.61085279039525,2.302585092994046,5.734554593928909
2020-10-08,DOGEUSDT,0.0025881,0.00263,0.002541,0.0026098,612786395.0,-5.947983690496446,20.233526974773444,0.032304028808282995,0.02493841461976854,0.0078087831642003605,-0.0028921257988022866,0.008575447770179693,0.00038593287141367485,0.00022553896535150818,19.60667326968072,2020-10-08,60.064728704123056,0,0,7.61085279039525,2.302585092994046,5.7430031878094825,7.61085279039525,2.302585092994046,5.734554593928909
2020-10-09,DOGEUSDT,0.0026097,0.0026701,0.0025891,0.0026556,497901615.0,-5.940771432792464,20.02591305523037,0.030097030011834666,0.02622806846778507,0.01739702781685803,0.0078087831642003605,0.010847165181836604,0.0008687258238302536,0.00027474616626279214,19.62590396903572,2020-10-09,59.836538001524865,0,0,7.61085279039525,2.302585092994046,5.7430031878094825,7.61085279039525,2.302585092994046,5.734554593928909
2020-10-10,DOGEUSDT,0.002657,0.0027291,0.0026472,0.0026621,445615862.0,-5.925639354087811,19.914967842891727,0.028922913395575692,0.026901779699732727,0.0024446671445229424,0.01739702781685803,0.00954685296735671,0.00012275526447287337,0.0002720426940069811,19.63797135484703,2020-10-10,59.764125827543495,0,0,7.61085279039525,2.302585092994046,5.7430031878094825,7.61085279039525,2.302585092994046,5.734554593928909
2020-10-11,DOGEUSDT,0.0026583,0.0027065,0.0026499,0.0026701,251041495.0,-5.903783394468149,19.341128802157524,0.0200949757961288,0.025200078723831745,0.003000639886935377,0.0024446671445229424,0.008818864470163649,0.00015514295559629655,0.0002850722148729601,19.64835420238393,2020-10-11,59.90903062444113,0,0,7.61085279039525,2.302585092994046,5.7430031878094825,7.61085279039525,2.302585092994046,5.734554593928909
2020-10-12,DOGEUSDT,0.0026711,0.0027069,0.0026251,0.002667,421633283.0,-5.912098991727241,19.859646496572626,0.02614597603779407,0.025436553052322328,-0.001161679694448469,0.003000639886935377,0.007354249941612691,5.8494479982257064e-05,0.00030525767314826236,19.647412192345016,2020-10-12,59.866531631943865,0,0,7.61085279039525,2.302585092994046,5.7430031878094825,7.61085279039525,2.302585092994046,5.734554593928909
2020-10-13,DOGEUSDT,0.0026669,0.0026745,0.0026285,0.0026385,283366623.0,-5.911951210295709,19.46225210481995,0.010219741932278979,0.02163235027231149,-0.010743671336291843,-0.001161679694448469,0.009346898794967091,0.0005520261107722011,0.00031159519514302973,19.65845680930576,2020-10-13,59.74228156243187,0,0,7.61085279039525,2.302585092994046,5.7430031878094825,7.61085279039525,2.302585092994046,5.734554593928909
2020-10-14,DOGEUSDT,0.0026353,0.0026609,0.0026173,0.002639,216681797.0,-5.92399283199297,19.193940462055377,0.014707368261869757,0.019901104769701056,0.00018948365760163447,-0.010743671336291843,0.009097424307765325,9.872056130226407e-06,0.00034108160500177423,19.63443882850051,2020-10-14,59.32812515855845,0,0,7.61085279039525,2.302585092994046,5.7430031878094825,7.61085279039525,2.302585092994046,5.734554593928909
2020-10-15,DOGEUSDT,0.002639,0.0026391,0.0025648,0.0025953,311443948.0,-5.929090867549922,19.55672993778515,0.018391010775724345,0.019523581271206878,-0.016697940648885655,0.00018948365760163447,0.008033529697684132,0.000853820689962278,0.0003360805556934618,19.62615443909531,2020-10-15,59.81217558051805,0,0,7.61085279039525,2.302585092994046,5.7430031878094825,7.61085279039525,2.302585092994046,5.734554593928909
2020-10-16,DOGEUSDT,0.0025953,0.0026243,0.0025511,0.002604,445955018.0,-5.937317329037535,19.91572864839574,0.025824557035273216,0.021098825212223463,0.0033466074740214945,-0.016697940648885655,0.008181457134435669,0.00016803841491840532,0.0003320029967173512,19.62110574129613,2020-10-16,60.05538604809346,0,0,7.61085279039525,2.302585092994046,5.7430031878094825,7.61085279039525,2.302585092994046,5.734554593928909
2020-10-17,DOGEUSDT,0.0026029,0.0026091,0.0025733,0.0025834,142653202.0,-5.942941085167094,18.775927081919356,0.008813189650608969,0.01802741632181984,-0.007942363530544705,0.0033466074740214945,0.007593534083575392,0.00042300779588097986,0.00032666537322954635,19.61663219713664,2020-10-17,60.21372841436468,0,0,7.61085279039525,2.302585092994046,5.7430031878094825,7.61085279039525,2.302585092994046,5.734554593928909
2020-10-18,DOGEUSDT,0.0025842,0.0026055,0.00258,0.0025874,159785875.0,-5.948749944700445,18.889345195649994,0.009240781252549332,0.015830757554502212,0.0015471496858863757,-0.007942363530544705,0.007974155395996843,8.190594591085492e-05,0.0003226856187754636,19.603232664938915,2020-10-18,60.15079590913733,0,0,7.61085279039525,2.302585092994046,5.7430031878094825,7.61085279039525,2.302585092994046,5.734554593928909
2020-10-19,DOGEUSDT,0.0025884,0.002622,0.002569,0.0025921,477390409.0,-5.950130683615004,19.983845181595978,0.018185702990287683,0.01641949391344858,0.0018148474910787108,0.0015471496858863757,0.007827656340248063,9.081573013536381e-05,0.0003193110691950405,19.620193808451305,2020-10-19,60.41412841020109,0,0,7.61085279039525,2.302585092994046,5.7430031878094825,7.61085279039525,2.302585092994046,5.734554593928909
2020-10-20,DOGEUSDT,0.002592,0.0026252,0.0025792,0.0025944,417212777.0,-5.943817893640629,19.84910690622117,0.01593988918094784,0.016299592730323394,0.0008869180182279546,0.0018148474910787108,0.007888667140894154,4.468301885914948e-05,0.00031388228735249686,19.605277851575934,2020-10-20,61.291478837174765,0,0,7.61085279039525,2.302585092994046,5.7430031878094825,7.61085279039525,2.302585092994046,5.734554593928909
2020-10-21,DOGEUSDT,0.0025956,0.00266,0.002593,0.002623,436248066.0,-5.942598195364707,19.893721598233263,0.025233971975540385,0.01853318754162764,0.010963424873765419,0.0008869180182279546,0.0060359964013865465,0.0005510997436869262,0.00020965356664538623,19.62055778592282,2020-10-21,61.995832642426066,0,0,7.61085279039525,2.302585092994046,5.7430031878094825,7.61085279039525,2.302585092994046,5.734554593928909
2020-10-22,DOGEUSDT,0.002623,0.002693,0.0026159,0.002646,323059048.0,-5.9294291561885295,19.59334567562452,0.028214189639124473,0.020953438066001848,0.008730364808027387,0.010963424873765419,0.006682852280759072,0.0004455780524960863,0.00022425946673837113,19.644271970744466,2020-10-22,62.044336766232334,0,0,7.61085279039525,2.302585092994046,5.7430031878094825,7.61085279039525,2.302585092994046,5.734554593928909
2020-10-23,DOGEUSDT,0.0026453,0.0026889,0.0026225,0.0026423,242563993.0,-5.917099465152675,19.306776122189117,0.02176857927568061,0.02115722336842154,-0.001399315698331178,0.008730364808027387,0.00490198477343402,7.247795745261458e-05,0.0002229724068306262,19.632527938003232,2020-10-23,61.781821931035495,0,0,7.61085279039525,2.302585092994046,5.7430031878094825,7.61085279039525,2.302585092994046,5.734554593928909
2020-10-24,DOGEUSDT,0.0026423,0.002647,0.00261,0.0026365,212440872.0,-5.918623090932848,19.17417425819843,0.012217499663446913,0.01892229244217788,-0.0021974700060453383,-0.001399315698331178,0.005447646331754326,0.00011460571790233685,0.00021945739177252802,19.64102203713005,2020-10-24,61.78824647409555,0,0,7.61085279039525,2.302585092994046,5.7430031878094825,7.61085279039525,2.302585092994046,5.734554593928909
2020-10-25,DOGEUSDT,0.0026354,0.0026749,0.002617,0.0026528,297054117.0,-5.934328355737173,19.509424892289573,0.020512317246696905,0.019319798643307635,0.006163405970451296,-0.0021974700060453383,0.005525890182783732,0.00031591940841306753,0.000212098997032951,19.658904488680797,2020-10-25,61.784917652830714,0,0,7.61085279039525,2.302585092994046,5.7430031878094825,7.61085279039525,2.302585092994046,5.734554593928909
2020-10-26,DOGEUSDT,0.0026529,0.0029115,0.002632,0.002665,1878752405.0,-5.923843282510505,21.353873779137093,0.09739628925608967,0.03883892129650315,0.004588371658969029,0.006163405970451296,0.005331056096192656,0.0002148730345803535,0.00018797050790635774,19.677712189782792,2020-10-26,62.05397177836648,0,0,7.61085279039525,2.302585092994046,5.7430031878094825,7.61085279039525,2.302585092994046,5.734554593928909
2020-10-27,DOGEUSDT,0.0026658,0.0027076,0.002615,0.0026702,577987198.0,-5.8390868666871,20.175062277602436,0.030713556800854577,0.036807580172591,0.0019493183560499005,0.004588371658969029,0.004308925441464054,9.662019027390847e-05,0.0001467017709078366,19.643708712741283,2020-10-27,62.63205961433573,0,0,7.61085279039525,2.302585092994046,5.7430031878094825,7.61085279039525,2.302585092994046,5.734554593928909
2020-10-28,DOGEUSDT,0.0026719,0.0026907,0.0025628,0.0025801,437955580.0,-5.911692645329821,19.897628047672704,0.024938831436960986,0.0338403929886835,-0.034325218101546394,0.0019493183560499005,0.01511179954679404,0.0017250909515097298,0.0006441614748915886,19.633966883337823,2020-10-28,62.962965629672,0,0,7.61085279039525,2.302585092994046,5.7430031878094825,7.61085279039525,2.302585092994046,5.734554593928909
2020-10-29,DOGEUSDT,0.00258,0.0026117,0.0025061,0.0025733,289596529.0,-5.917953896172207,19.483999232906772,0.035679708931756954,0.034300221974451865,-0.0026390359555072992,-0.034325218101546394,0.015074219136663868,0.00013544631797409427,0.0006377848061763561,19.615683182425826,2020-10-29,63.22244443128656,0,0,7.61085279039525,2.302585092994046,5.7430031878094825,7.61085279039525,2.302585092994046,5.734554593928909
2020-10-30,DOGEUSDT,0.0025726,0.0026002,0.002501,0.0025833,440794399.0,-5.947753928681848,19.90408910927942,0.03645511986172622,0.034838946446270454,0.0038785294712883433,-0.0026390359555072992,0.015451945865692367,0.00019486093787030663,0.0006305532863793016,19.623825058882353,2020-10-30,63.70188394118079,0,0,7.61085279039525,2.302585092994046,5.7430031878094825,7.61085279039525,2.302585092994046,5.734554593928909
2020-10-31,DOGEUSDT,0.0025833,0.0026004,0.00255,0.0025666,260150933.0,-5.952166913836206,19.376772532086623,0.014605294385688616,0.029780533431124995,-0.006485585559868628,0.0038785294712883433,0.01473277914121377,0.00033470927880940637,0.0006298174970034463,19.618226850860143,2020-10-31,63.8976173038041,0,0,7.61085279039525,2.302585092994046,5.7430031878094825,7.61085279039525,2.302585092994046,5.734554593928909
2020-11-01,DOGEUSDT,0.0025676,0.002586,0.0025521,0.0025745,132635410.0,-5.9520899996339605,18.703114643806778,0.012130138768203723,0.025367934765394676,0.0030732746758353486,-0.006485585559868628,0.014536850665298003,0.00016431887064612588,0.0006339211994794153,19.594656802073455,2020-11-01,63.568586218805976,0,0,7.61085279039525,2.3978952727983707,5.793013608384144,7.61085279039525,2.3978952727983707,5.962520500208145
2020-11-02,DOGEUSDT,0.0025765,0.0025887,0.0025065,0.0025162,291742975.0,-5.957642998632471,19.49138375000642,0.016088003910764127,0.02304795205173704,-0.022905513569165453,0.0030732746758353486,0.01541601904148237,0.0011751609769192455,0.000668428901539689,19.60891080452175,2020-11-02,63.67115900413751,0,0,7.61085279039525,2.3978952727983707,5.793013608384144,7.61085279039525,2.3978952727983707,5.962520500208145
2020-11-03,DOGEUSDT,0.0025164,0.002531,0.0024519,0.0025141,332644991.0,-5.956599459781902,19.62258638617017,0.028882166249437187,0.024506505601162076,-0.0008349403105171039,-0.022905513569165453,0.009868725804101846,4.254996227742754e-05,0.0004194666886120666,19.566191743469922,2020-11-03,64.44379334247012,0,0,7.61085279039525,2.3978952727983707,5.793013608384144,7.61085279039525,2.3978952727983707,5.962520500208145
2020-11-04,DOGEUSDT,0.0025189,0.002565,0.002486,0.002546,279402291.0,-5.97914079741915,19.44816320446719,0.029680069673624514,0.025799896619277687,0.01260861351083844,-0.0008349403105171039,0.012098994933498858,0.0006483189892165383,0.0004214108563459106,19.584422646331227,2020-11-04,64.80423930244433,0,0,7.61085279039525,2.3978952727983707,5.793013608384144,7.61085279039525,2.3978952727983707,5.962520500208145
2020-11-05,DOGEUSDT,0.0025467,0.0026769,0.0025467,0.0026347,341107854.0,-5.965796800359405,19.64770927262951,0.04986100516218371,0.03181517375500419,0.03424582338407079,0.01260861351083844,0.019203793484281265,0.001742993186069654,0.0006584081875971189,19.620356027230006,2020-11-05,65.6104585611474,0,0,7.61085279039525,2.3978952727983707,5.793013608384144,7.61085279039525,2.3978952727983707,5.962520500208145
2020-11-06,DOGEUSDT,0.002635,0.0028201,0.0026298,0.002757,922020782.0,-5.923095870390059,20.642078321396994,0.06954389710320853,0.04124735459205528,0.045373808522373923,0.03424582338407079,0.0247864602094188,0.002198122098749171,0.0008668141839532634,19.65013379177089,2020-11-06,65.72111483993027,0,0,7.61085279039525,2.3978952727983707,5.793013608384144,7.61085279039525,2.3978952727983707,5.962520500208145
2020-11-07,DOGEUSDT,0.0027578,0.0028424,0.002592,0.00267,748360033.0,-5.870982933667933,20.433394747677916,0.06800562885147482,0.047936923156910165,-0.03206465962950146,0.045373808522373923,0.030734120143871543,0.0015692282180935861,0.0007831849983033331,19.663776119303645,2020-11-07,64.75534175355124,0,0,7.61085279039525,2.3978952727983707,5.793013608384144,7.61085279039525,2.3978952727983707,5.962520500208145
2020-11-08,DOGEUSDT,0.0026724,0.002739,0.0026513,0.002707,244213598.0,-5.863106513257457,19.313553801956274,0.03107858796906012,0.043722339359947654,0.013762538220006068,-0.03206465962950146,0.027270482866158897,0.0007125844555139333,0.0008118353536106199,19.665720719699113,2020-11-08,64.9037226710267,0,0,7.61085279039525,2.3978952727983707,5.793013608384144,7.61085279039525,2.3978952727983707,5.962520500208145
2020-11-09,DOGEUSDT,0.002707,0.0028095,0.002657,0.002672,438097273.0,-5.900162388701196,19.8979515281585,0.04668104427417756,0.04446201558850513,-0.013013754957764983,0.013762538220006068,0.02884114286932109,0.0006540248597625048,0.0006707905605786115,19.664818795897233,2020-11-09,64.9806021776223,0,0,7.61085279039525,2.3978952727983707,5.793013608384144,7.61085279039525,2.3978952727983707,5.962520500208145
2020-11-10,DOGEUSDT,0.0026671,0.0029198,0.0026536,0.002761,807091404.0,-5.8747487474120215,20.508947483760867,0.09410197617226643,0.05687200573444545,0.03276567727361817,-0.013013754957764983,0.030320556427476504,0.0015976284155762878,0.000608347001509157,19.68803085695807,2020-11-10,64.75937509336067,0,0,7.61085279039525,2.3978952727983707,5.793013608384144,7.61085279039525,2.3978952727983707,5.962520500208145
2020-11-11,DOGEUSDT,0.0027601,0.00295,0.0027419,0.002758,560505263.0,-5.836240158198395,20.14434919026291,0.07004482216300535,0.060165209841585424,-0.001087153576907308,0.03276567727361817,0.028885375023090888,5.396816579375028e-05,0.0007888104987050792,19.705881040543627,2020-11-11,64.77467490101321,0,0,7.61085279039525,2.3978952727983707,5.793013608384144,7.61085279039525,2.3978952727983707,5.962520500208145
2020-11-12,DOGEUSDT,0.00276,0.002802,0.0027253,0.0027788,209777176.0,-5.825950108630408,19.161556458685318,0.025790363868620644,0.05157149834834423,0.007513400465478828,-0.001087153576907308,0.022395498128071477,0.0003921080462163211,0.0006284011678614624,19.68771675534136,2020-11-12,65.43901671369437,0,0,7.61085279039525,2.3978952727983707,5.793013608384144,7.61085279039525,2.3978952727983707,5.962520500208145
2020-11-13,DOGEUSDT,0.0027791,0.0028483,0.0027666,0.0028114,373289403.0,-5.877421831067322,19.73786455612587,0.028075127094143847,0.045697405534794136,0.011663400078939686,0.007513400465478828,0.015376555027330808,0.0005909149921347401,0.0005148743516749391,19.721490834047206,2020-11-13,65.49979773438316,0,0,7.61085279039525,2.3978952727983707,5.793013608384144,7.61085279039525,2.3978952727983707,5.962520500208145
2020-11-14,DOGEUSDT,0.0028156,0.0028239,0.002708,0.0027689,308002702.0,-5.861032953901317,19.545619113626643,0.03146318990031544,0.042138851626174464,-0.015232450499455409,0.011663400078939686,0.017795772469941528,0.000779328114955222,0.0005167770031214065,19.69800111051493,2020-11-14,65.18304370279847,0,0,7.61085279039525,2.3978952727983707,5.793013608384144,7.61085279039525,2.3978952727983707,5.962520500208145
2020-11-15,DOGEUSDT,0.0027731,0.0028285,0.0027221,0.0027718,323892550.0,-5.86963637074299,19.59592238295082,0.03308021422233735,0.03987419227521519,0.0010467992364921156,-0.015232450499455409,0.015976671214786613,5.341923773911606e-05,0.000577008146187492,19.69082123834511,2020-11-15,65.37989183470353,0,0,7.61085279039525,2.3978952727983707,5.793013608384144,7.61085279039525,2.3978952727983707,5.962520500208145
2020-11-16,DOGEUSDT,0.0027715,0.0030452,0.0027522,0.00289,1345726687.0,-5.868008743181064,21.02019999182969,0.09934288748755825,0.05474136607830095,0.041759573471775696,0.0010467992364921156,0.019095163677085792,0.001986640159846584,0.0007189127058886277,19.74207326704706,2020-11-16,65.74996785987756,0,0,7.61085279039525,2.3978952727983707,5.793013608384144,7.61085279039525,2.3978952727983707,5.962520500208145
2020-11-17,DOGEUSDT,0.0028936,0.0030094,0.0028832,0.0029398,920887323.0,-5.794188698532216,20.64084824471564,0.04184505534429081,0.05151728839479841,0.017085049701409203,0.041759573471775696,0.018879632855787778,0.0008277300185947166,0.0006590868935763928,19.720341274716077,2020-11-17,66.27441461505401,0,0,7.61085279039525,2.3978952727983707,5.793013608384144,7.61085279039525,2.3978952727983707,5.962520500208145
2020-11-18,DOGEUSDT,0.0029385,0.003021,0.00281,0.0029085,1015668627.0,-5.806014555639496,20.738812978375186,0.05954251519444623,0.053523595094710365,-0.010704067457070967,0.017085049701409203,0.020845421144705063,0.0005161369393818408,0.0006466279748005122,19.736590245186644,2020-11-18,66.92149181135139,0,0,7.61085279039525,2.3978952727983707,5.793013608384144,7.61085279039525,2.3978952727983707,5.962520500208145
2020-11-19,DOGEUSDT,0.002909,0.0029689,0.0028549,0.0029068,567308685.0,-5.802167376577602,20.156414131539737,0.033708498526417205,0.04856982095263707,-0.000584664608335312,-0.010704067457070967,0.020967630505060664,2.90063800296928e-05,0.0007183516647469094,19.753192071023033,2020-11-19,67.08654775909358,0,0,7.61085279039525,2.3978952727983707,5.793013608384144,7.61085279039525,2.3978952727983707,5.962520500208145
2020-11-20,DOGEUSDT,0.0029096,0.0030245,0.0029005,0.002987,880383945.0,-5.819563765141945,20.595868671421226,0.04139323737051726,0.04677567505710712,0.027216719473628956,-0.000584664608335312,0.019669408986372316,0.0013214649941614167,0.0007632148479312715,19.75071360180213,2020-11-20,66.98452456032018,0,0,7.61085279039525,2.3978952727983707,5.793013608384144,7.61085279039525,2.3978952727983707,5.962520500208145
2020-11-21,DOGEUSDT,0.0029872,0.0036062,0.0029796,0.0035132,3288496045.0,-5.8010094904173055,21.913696168028963,0.19069108643933286,0.08275452790266355,0.16225776382685256,0.027216719473628956,0.06301604843474531,0.007404399631294464,0.00272498774500575,19.847010464708127,2020-11-21,65.89917870529538,0,0,7.61085279039525,2.3978952727983707,5.793013608384144,7.61085279039525,2.3978952727983707,5.962520500208145
2020-11-22,DOGEUSDT,0.0035091,0.00369,0.0031507,0.0033415,2121938713.0,-5.625100692622006,21.475595995005754,0.11948451088746671,0.09193702364886434,-0.05010749509183761,0.16225776382685256,0.07276516528423975,0.00233322954592228,0.002727957847165785,19.900220894867477,2020-11-22,64.72404262317006,0,0,7.61085279039525,2.3978952727983707,5.793013608384144,7.61085279039525,2.3978952727983707,5.962520500208145
2020-11-23,DOGEUSDT,0.0033416,0.0037,0.0032201,0.0036845,1981374929.0,-5.6021288209297015,21.40705684924863,0.13835966391178126,0.10354268371459358,0.09771502325592923,-0.05010749509183761,0.07841573392010075,0.004564617356979596,0.0028123426612896843,19.927268529604294,2020-11-23,63.53083569842117,0,0,7.61085279039525,2.3978952727983707,5.793013608384144,7.61085279039525,2.3978952727983707,5.962520500208145
2020-11-24,DOGEUSDT,0.0036894,0.0042925,0.0035,0.0042592,5893223305.0,-5.599422459331958,22.49706893534745,0.20309841861578187,0.12843161743989065,0.1449465179937386,0.09771502325592923,0.0847198321699798,0.006442906780891722,0.0029323555758493563,20.05926769408469,2020-11-24,62.290135387092,0,0,7.61085279039525,2.3978952727983707,5.793013608384144,7.61085279039525,2.3978952727983707,5.962520500208145
2020-11-25,DOGEUSDT,0.0042589,0.0042978,0.003581,0.0037081,2828578294.0,-5.450885965192644,21.76304005276036,0.08778198409537956,0.11826920910376287,-0.13856173316240694,0.1449465179937386,0.11786162966320247,0.006366837207783946,0.0024558173278214812,20.05723775075578,2020-11-25,62.72164977077714,0,0,7.61085279039525,2.3978952727983707,5.793013608384144,7.61085279039525,2.3978952727983707,5.962520500208145
2020-11-26,DOGEUSDT,0.0037139,0.0037979,0.0029395,0.0032492,3248357755.0,-5.449652015115814,21.90141539942403,0.17074600116503377,0.1313884071190806,-0.13211080386158694,-0.13856173316240694,0.13774525571001298,0.006032066944178467,0.0018138484043451252,19.907122608715532,2020-11-26,63.32031389280314,0,0,7.61085279039525,2.3978952727983707,5.793013608384144,7.61085279039525,2.3978952727983707,5.962520500208145
2020-11-27,DOGEUSDT,0.003256,0.0033656,0.0030763,0.0032752,1019204144.0,-5.573306996585857,20.742287908707972,0.0808234546984435,0.11874716901392132,0.007970123730226378,-0.13211080386158694,0.11744316833574264,0.00038424515970971466,0.002494705602792189,19.851688457350257,2020-11-27,63.07231070538587,0,0,7.61085279039525,2.3978952727983707,5.793013608384144,7.61085279039525,2.3978952727983707,5.962520500208145
2020-11-28,DOGEUSDT,0.0032752,0.0034841,0.003236,0.0033945,715333106.0,-5.694149025687963,20.388258874686198,0.07171702204158643,0.1069896322708376,0.03577753883467682,0.007970123730226378,0.11705777942486605,0.001754810896535052,0.0025974707286810406,19.87222123688682,2020-11-28,62.81416671613808,0,0,7.61085279039525,2.3978952727983707,5.793013608384144,7.61085279039525,2.3978952727983707,5.962520500208145
2020-11-29,DOGEUSDT,0.0033946,0.0035384,0.00335,0.0034365,577062454.0,-5.659545517763151,20.173461057783047,0.051060631718575306,0.09300738213277203,0.012297036819958237,0.03577753883467682,0.1080255858826108,0.0006095650510705977,0.0029779504585105286,19.87620319482809,2020-11-29,62.800675219836684,0,0,7.61085279039525,2.3978952727983707,5.793013608384144,7.61085279039525,2.3978952727983707,5.962520500208145
2020-11-30,DOGEUSDT,0.0034427,0.0035955,0.0034001,0.003561,847539304.0,-5.644080631410157,20.557847772544708,0.054793478342658554,0.08345390618524366,0.03558789271611785,0.012297036819958237,0.0825485777718622,0.0017311098471915905,0.0026846369197021055,19.93384993228062,2020-11-30,63.0269349589217,0,0,7.61085279039525,2.3978952727983707,5.793013608384144,7.61085279039525,2.3978952727983707,5.962520500208145
2020-12-01,DOGEUSDT,0.0035597,0.00358,0.0032276,0.0033211,1033683299.0,-5.628072215421725,20.756394278883093,0.058190054834816075,0.07713794334763677,-0.0697453509421454,0.03558789271611785,0.0679029845574556,0.0033601862638108653,0.002107131180492468,19.91394154881139,2020-12-01,63.32312774838309,0,0,7.61085279039525,2.4849066497880004,5.342334251964811,7.61085279039525,2.4849066497880004,5.698784797713799
2020-12-02,DOGEUSDT,0.003324,0.0034423,0.0032642,0.0033624,591501037.0,-5.632392478569528,20.198173994551087,0.04894826809580708,0.07009052453467934,0.01235895135527462,-0.0697453509421454,0.038943448964432206,0.0006118845871220203,0.0011273933352895739,19.874740232611583,2020-12-02,63.268640200166175,0,0,7.61085279039525,2.4849066497880004,5.342334251964811,7.61085279039525,2.4849066497880004,5.698784797713799
2020-12-03,DOGEUSDT,0.003365,0.0035481,0.003345,0.003429,662685216.0,-5.671615426362178,20.311810648072626,0.05719300168244002,0.06686614382161951,0.019613668772013447,0.01235895135527462,0.03936654204975901,0.0009656287719418345,0.0010436115886143435,19.894077260404753,2020-12-03,63.22481095453035,0,0,7.61085279039525,2.4849066497880004,5.342334251964811,7.61085279039525,2.4849066497880004,5.698784797713799
2020-12-04,DOGEUSDT,0.003423,0.0034484,0.0032705,0.003283,572169239.0,-5.641343030039093,20.164945377960095,0.02377906741259627,0.0560943747193637,-0.04351103496132773,0.019613668772013447,0.04129616286026791,0.002157756152857447,0.0010753438694300677,19.88181586030255,2020-12-04,63.546085447744446,0,0,7.61085279039525,2.4849066497880004,5.342334251964811,7.61085279039525,2.4849066497880004,5.698784797713799
2020-12-05,DOGEUSDT,0.0032821,0.0034153,0.00325,0.0033917,369424898.0,-5.669844923628504,19.727458024649177,0.04891865351309795,0.054300444417797265,0.032573632102626794,-0.04351103496132773,0.0438038915420144,0.0016511824312045935,0.000967424314943616,19.843440137892827,2020-12-05,63.728056497080416,0,0,7.61085279039525,2.4849066497880004,5.342334251964811,7.61085279039525,2.4849066497880004,5.698784797713799
2020-12-06,DOGEUSDT,0.003392,0.0034424,0.0033461,0.0033857,285729554.0,-5.679489942087169,19.47055630602323,0.024057771791228973,0.04673977626115519,-0.0017705909544946303,0.032573632102626794,0.039835971341504066,9.093684467284054e-05,0.0011807756615509687,19.860988601786573,2020-12-06,63.53117033330278,0,0,7.61085279039525,2.4849066497880004,5.342334251964811,7.61085279039525,2.4849066497880004,5.698784797713799
2020-12-07,DOGEUSDT,0.0033881,0.0033985,0.0033,0.003336,312605787.0,-5.671586376439884,19.560453488256304,0.019390882726430466,0.03990255287747401,-0.01478819517108746,-0.0017705909544946303,0.027240327907399938,0.0007560251698645939,0.000747407789014082,19.86191163974552,2020-12-07,63.58074635052084,0,0,7.61085279039525,2.4849066497880004,5.342334251964811,7.61085279039525,2.4849066497880004,5.698784797713799
2020-12-08,DOGEUSDT,0.003336,0.0033624,0.0031105,0.0031723,521543481.0,-5.684421121177581,20.07230320572715,0.04461776376366091,0.041081355599020736,-0.050315607642479734,-0.01478819517108746,0.033250353606159834,0.0025067181940597325,0.0009128890645883995,19.850922327432606,2020-12-08,63.75267992325738,0,0,7.61085279039525,2.4849066497880004,5.342334251964811,7.61085279039525,2.4849066497880004,5.698784797713799
2020-12-09,DOGEUSDT,0.0031725,0.0031851,0.0030037,0.0031562,441109948.0,-5.695100274273367,19.904804717529995,0.05422317968386118,0.044366811620230845,-0.005088104522125291,-0.050315607642479734,0.030292664542713534,0.0002556219261796746,0.001013846278614391,19.8130493737172,2020-12-09,63.646220940356,0,0,7.61085279039525,2.4849066497880004,5.342334251964811,7.61085279039525,2.4849066497880004,5.698784797713799
2020-12-10,DOGEUSDT,0.0031563,0.003171,0.003059,0.0031043,268351654.0,-5.749271593276637,19.40780882016044,0.025047603599821732,0.039537009615128564,-0.016580525196647378,-0.005088104522125291,0.026807591279239453,0.0008543223683976041,0.0009114035034205684,19.828779164127855,2020-12-10,63.59909063051545,0,0,7.61085279039525,2.4849066497880004,5.342334251964811,7.61085279039525,2.4849066497880004,5.698784797713799
2020-12-11,DOGEUSDT,0.0031091,0.0031171,0.0029969,0.0030732,328458778.0,-5.753708283425927,19.609921902474635,0.032017310998534804,0.03765708496098012,-0.01006888312390513,-0.016580525196647378,0.017521147742456382,0.0005134586039648892,0.0008710647865682925,19.79908609769106,2020-12-11,63.81280361789766,0,0,7.61085279039525,2.4849066497880004,5.342334251964811,7.61085279039525,2.4849066497880004,5.698784797713799
2020-12-12,DOGEUSDT,0.0030732,0.00319,0.0030732,0.0031609,334526072.0,-5.770852196581304,19.628225377693948,0.037301552785410405,0.03756820191708769,0.02813743316335551,-0.01006888312390513,0.02512985218046654,0.0014335189566007153,0.0008139624516636551,19.821970080179817,2020-12-12,64.21475002193758,0,0,7.61085279039525,2.4849066497880004,5.342334251964811,7.61085279039525,2.4849066497880004,5.698784797713799
2020-12-13,DOGEUSDT,0.0031631,0.0032776,0.0031479,0.00326,374401350.0,-5.747734362185384,19.740838908330442,0.040053414875552015,0.038189505156703774,0.03087039820391811,0.02813743316335551,0.030298606596417744,0.001563783502173816,0.0008217281968943047,19.83717110373099,2020-12-13,64.3540246882141,0,0,7.61085279039525,2.4849066497880004,5.342334251964811,7.61085279039525,2.4849066497880004,5.698784797713799
2020-12-14,DOGEUSDT,0.0032604,0.0032888,0.003191,0.003226,297347285.0,-5.720643831731612,19.51041132342108,0.022282846462198483,0.03421284048307745,-0.010484215675599096,0.03087039820391811,0.02102302657215616,0.000537365179124308,0.000531737500927565,19.831461643321372,2020-12-14,64.3313038523869,0,0,7.61085279039525,2.4849066497880004,5.342334251964811,7.61085279039525,2.4849066497880004,5.698784797713799
2020-12-15,DOGEUSDT,0.003225,0.0032516,0.0031611,0.0032078,273863826.0,-5.7172325223806055,19.428141555412708,0.022920700603946347,0.03138980551329467,-0.005657635781876691,-0.010484215675599096,0.02106699286595763,0.00029120828493760204,0.0005237913384503764,19.839029643877197,2020-12-15,64.5456573497272,0,0,7.61085279039525,2.4849066497880004,5.342334251964811,7.61085279039525,2.4849066497880004,5.698784797713799
2020-12-16,DOGEUSDT,0.0032073,0.0034448,0.00318,0.0034183,547786094.0,-5.728608096091857,20.121395429293973,0.07957091444974326,0.04343508274740682,0.06355800754673978,-0.005657635781876691,0.029934069642396092,0.003158727622548886,0.0010719144530923993,19.86406463946873,2020-12-16,64.96913877005282,0,0,7.61085279039525,2.4849066497880004,5.342334251964811,7.61085279039525,2.4849066497880004,5.698784797713799
2020-12-17,DOGEUSDT,0.0034179,0.0041458,0.003404,0.003722,3421588199.0,-5.670889431354175,21.953370665899783,0.196026885988679,0.08158303355772487,0.08511780675217878,0.06355800754673978,0.03756747470732415,0.0038772090194055006,0.0014297627063999663,19.969835570435816,2020-12-17,65.79706343315532,0,0,7.61085279039525,2.4849066497880004,5.342334251964811,7.61085279039525,2.4849066497880004,5.698784797713799
2020-12-18,DOGEUSDT,0.0037182,0.0039976,0.0035975,0.0038675,1409796634.0,-5.485659505398863,21.066711299728492,0.10014444733217684,0.08622338700133786,0.03834714524502507,0.08511780675217878,0.03759289548808494,0.0018202720253502162,0.0014180487434379903,20.009302027129145,2020-12-18,66.31965845782842,0,0,7.61085279039525,2.4849066497880004,5.342334251964811,7.61085279039525,2.4849066497880004,5.698784797713799
2020-12-19,DOGEUSDT,0.0038646,0.0040379,0.0037952,0.0039291,1386297504.0,-5.522061097934279,21.049902364030896,0.057857605312598204,0.07913194157915295,0.015802088556245774,0.03834714524502507,0.03831021413925432,0.0007506965249989785,0.0014907005039402775,20.03439021837044,2020-12-19,66.565577172523,0,0,7.61085279039525,2.4849066497880004,5.342334251964811,7.61085279039525,2.4849066497880004,5.698784797713799
2020-12-20,DOGEUSDT,0.0039264,0.0047496,0.0038,0.0046381,10007395897.0,-5.51203052413316,23.02659024627877,0.22131005221536446,0.11467646923820582,0.1658944075972548,0.015802088556245774,0.06097352436713102,0.007204471257921667,0.002534826217319925,20.11501854697665,2020-12-20,66.93416458897131,0,0,7.61085279039525,2.4849066497880004,5.342334251964811,7.61085279039525,2.4849066497880004,5.698784797713799
2020-12-21,DOGEUSDT,0.0046405,0.0055,0.004255,0.0047784,10363901378.0,-5.349694875007809,23.061594583776994,0.2316751915062202,0.1439261498052094,0.029800962817374675,0.1658944075972548,0.05467022729446813,0.001292233401689343,0.002359579220318822,20.2315738836256,2020-12-21,67.14374281181179,0,0,7.61085279039525,2.4849066497880004,5.342334251964811,7.61085279039525,2.4849066497880004,5.698784797713799
2020-12-22,DOGEUSDT,0.0047747,0.0048479,0.00433,0.0045159,2679851524.0,-5.2030071867437115,21.70902722844192,0.07634518369818931,0.12703090827845437,-0.05650125988352834,0.029800962817374675,0.0743549048266589,0.002602661984296728,0.0023638283913672235,20.212595547195445,2020-12-22,67.74373999848272,0,0,7.61085279039525,2.4849066497880004,5.342334251964811,7.61085279039525,2.4849066497880004,5.698784797713799
2020-12-23,DOGEUSDT,0.0045168,0.0048,0.003623,0.0037449,2674249457.0,-5.329209657490571,21.706934601102912,0.1562184949079076,0.13432780493581767,-0.18720958820945297,-0.05650125988352834,0.1169297337720554,0.00862441388660843,0.00333954888126572,20.106734608757066,2020-12-23,69.23813013220374,0,0,7.61085279039525,2.4849066497880004,5.342334251964811,7.61085279039525,2.4849066497880004,5.698784797713799
2020-12-24,DOGEUSDT,0.0037561,0.0045999,0.0036599,0.0045731,1978566747.0,-5.339139361068292,21.405638554384463,0.22826690170290506,0.1578125791275895,0.19979639757690307,-0.18720958820945297,0.14292410795699897,0.00933382094952637,0.0038554712127120833,20.088537979249406,2020-12-24,69.52163332915825,0,0,7.61085279039525,2.4849066497880004,5.342334251964811,7.61085279039525,2.4849066497880004,5.698784797713799
2020-12-25,DOGEUSDT,0.0045753,0.004643,0.0043661,0.0045549,1664864616.0,-5.381720714853821,21.23300964536113,0.053707477810423614,0.13178630379829803,-0.003987735345766351,0.19979639757690307,0.14348721598854655,0.00018780829530860076,0.0039833434251875756,20.189565913601154,2020-12-25,69.21114125810354,0,0,7.61085279039525,2.4849066497880004,5.342334251964811,7.61085279039525,2.4849066497880004,5.698784797713799
2020-12-26,DOGEUSDT,0.0045607,0.0046879,0.0043963,0.0045131,1701026447.0,-5.372394569944352,21.25449769815226,0.05224260219267592,0.1119003783968925,-0.00921929776512327,-0.003987735345766351,0.12571635997788672,0.0004337574990504123,0.004146867146634745,20.19494021265981,2020-12-26,70.22058496405651,0,0,7.61085279039525,2.4849066497880004,5.342334251964811,7.61085279039525,2.4849066497880004,5.698784797713799
2020-12-27,DOGEUSDT,0.004513,0.0048231,0.0044,0.004547,1843249775.0,-5.362770557992956,21.334796032767024,0.08327481979106403,0.10474398874543539,0.007483396033882287,-0.00921929776512327,0.12482360742106449,0.0003507601395574123,0.004274133385324369,20.20860132217426,2020-12-27,70.75522303056621,0,0,7.61085279039525,2.4849066497880004,5.342334251964811,7.61085279039525,2.4849066497880004,5.698784797713799
2020-12-28,DOGEUSDT,0.0045472,0.0047355,0.0045,0.0046015,1074600031.0,-5.33433840412725,20.79521436510694,0.04798433849502228,0.09055407618283211,0.011914662453901033,0.007483396033882287,0.12264266829944628,0.000572952134308992,0.004444718592166019,20.193372172395264,2020-12-28,70.0031850198733,0,0,7.61085279039525,2.4849066497880004,5.342334251964811,7.61085279039525,2.4849066497880004,5.698784797713799
2020-12-29,DOGEUSDT,0.0046015,0.0046295,0.0042412,0.0045012,1071755865.0,-5.352667961298118,20.79256413578568,0.0733666173423639,0.08625721147271506,-0.022038309403069466,0.011914662453901033,0.08374198395718892,0.0010599130179014217,0.003610032836588502,20.186700919699938,2020-12-29,70.02143517696425,0,0,7.61085279039525,2.4849066497880004,5.342334251964811,7.61085279039525,2.4849066497880004,5.698784797713799
2020-12-30,DOGEUSDT,0.0044901,0.00474,0.0044165,0.0046251,1118987751.0,-5.375306408076172,20.83569031983559,0.06776024928611137,0.08163297092606414,0.027153964458561275,-0.022038309403069466,0.017323832786976953,0.0013032428511720912,0.0004360288771225054,20.20197124314386,2020-12-30,70.67383007018057,0,0,7.61085279039525,2.4849066497880004,5.342334251964811,7.61085279039525,2.4849066497880004,5.698784797713799
2020-12-31,DOGEUSDT,0.0046251,0.0047593,0.00452,0.0046709,929996060.0,-5.351718143275152,20.65069090754346,0.047227361292090146,0.07303156851757064,0.00985378024660662,0.027153964458561275,0.017307064495746424,0.0004771646765100313,0.00038783728422321905,20.208940406695117,2020-12-31,71.03817274818475,0,0,7.61085279039525,2.4849066497880004,5.342334251964811,7.61085279039525,2.4849066497880004,5.698784797713799
2021-01-01,DOGEUSDT,0.0046716,0.005697,0.004601,0.00568,3019717963.0,-5.347654680376547,21.828429274236996,0.21355952818631194,0.10816355843475597,0.19559946013418728,0.00985378024660662,0.07869319886559527,0.008960766607473839,0.003370739837817407,20.326365188580596,2021-01-01,71.09734780119683,0,0,7.611347717403621,0.0,5.442417710521793,7.611347717403621,0.0,5.665546398695244
2021-01-02,DOGEUSDT,0.0056783,0.013988,0.005524,0.0105264,46333347255.0,-5.167815558483879,24.559127781876573,0.924872738561234,0.31234085346637547,0.6169351546165364,0.19559946013418728,0.24612716998432962,0.02512040167288857,0.009802063242589015,20.856047023721768,2021-01-02,72.0495978694738,0,0,7.611347717403621,0.0,5.442417710521793,7.611347717403621,0.0,5.665546398695244
2021-01-03,DOGEUSDT,0.0105245,0.01405,0.0092693,0.0098209,29648808916.0,-4.2695554597810075,24.112687790116134,0.35707938616305307,0.32352548664054487,-0.06937361948829748,0.6169351546165364,0.25659591960190675,0.002877058753969931,0.009577781902848853,21.051251875526063,2021-01-03,71.61333731687691,0,0,7.611347717403621,0.0,5.442417710521793,7.611347717403621,0.0,5.665546398695244
2021-01-04,DOGEUSDT,0.0098188,0.0115198,0.0076,0.0097613,14328029441.0,-4.265132883202383,23.385483556490538,0.3613300704972109,0.3329766326047114,-0.006087179584881898,-0.06937361948829748,0.25482750154811146,0.00026029735798182495,0.009675899473400954,20.930555326322253,2021-01-04,69.26630252434362,0,0,7.611347717403621,0.0,5.442417710521793,7.611347717403621,0.0,5.665546398695244
2021-01-05,DOGEUSDT,0.0097721,0.0102822,0.0088501,0.00997,5427135672.0,-4.463687984976209,22.414677331162405,0.13942721875177483,0.28458927914147725,0.02115499569732987,-0.006087179584881898,0.2553183788444648,0.0009438010364717033,0.009715539656804032,20.950316523173598,2021-01-05,68.95226359957552,0,0,7.611347717403621,0.0,5.442417710521793,7.611347717403621,0.0,5.665546398695244
2021-01-06,DOGEUSDT,0.0099771,0.011,0.0095521,0.01042,6108894506.0,-4.577341034069415,22.533011661844867,0.13251737366250876,0.2465713027717351,0.0441464523514739,0.02115499569732987,0.2525127003146211,0.0019591900547509616,0.009551073155833128,20.995006741878132,2021-01-06,69.02091496639946,0,0,7.611347717403621,0.0,5.442417710521793,7.611347717403621,0.0,5.665546398695244
2021-01-07,DOGEUSDT,0.0104187,0.0105735,0.0087999,0.0097439,3523998014.0,-4.509860006183766,21.982861981456054,0.14112126447596693,0.22020879319779307,-0.06708558813612182,0.0441464523514739,0.2622256289134158,0.0030517222094517443,0.009574338621650838,20.984744172579873,2021-01-07,69.5818408417017,0,0,7.611347717403621,0.0,5.442417710521793,7.611347717403621,0.0,5.665546398695244
2021-01-08,DOGEUSDT,0.0097517,0.010318,0.0088047,0.00974,2971766597.0,-4.549404408082234,21.81242242673412,0.13880253743008994,0.1998572292558673,-0.00040033053465532285,-0.06708558813612182,0.046350910131621396,1.8353327604946015e-05,0.0013080101472177118,20.93405345063193,2021-01-08,70.63275975908938,0,0,7.611347717403621,0.0,5.442417710521793,7.611347717403621,0.0,5.665546398695244
2021-01-09,DOGEUSDT,0.0097475,0.01079,0.0096486,0.0101789,3706408260.0,-4.573865336159678,22.033329120641824,0.10911563334865418,0.17717183027906402,0.044075832619746486,-0.00040033053465532285,0.04162488605388515,0.0020004163863941125,0.001167284191450194,20.97749815349334,2021-01-09,70.17109970934251,0,0,7.611347717403621,0.0,5.442417710521793,7.611347717403621,0.0,5.665546398695244
2021-01-10,DOGEUSDT,0.010189,0.0109155,0.0089534,0.00982,3113405972.0,-4.529135499712094,21.858983131724393,0.15997216230720765,0.17287191328609994,-0.03589582790781567,0.044075832619746486,0.044993950502459364,0.0016421545179619683,0.0010325490472955074,20.944746373865847,2021-01-10,68.89815909581917,0,0,7.611347717403621,0.0,5.442417710521793,7.611347717403621,0.0,5.665546398695244
2021-01-11,DOGEUSDT,0.0098162,0.0098455,0.0067094,0.0088326,5840909392.0,-4.517571481509023,22.488152339472006,0.3252143673753564,0.21095752680841406,-0.10597170035648928,-0.03589582790781567,0.06077051370683823,0.004712334688807848,0.0015620627371087444,20.857716048734822,2021-01-11,69.18834916092152,0,0,7.611347717403621,0.0,5.442417710521793,7.611347717403621,0.0,5.665546398695244
2021-01-12,DOGEUSDT,0.0088104,0.0091394,0.0078217,0.0080807,2526092815.0,-4.620740780979049,21.649939604063487,0.09790614945771205,0.18269468247073856,-0.08897091956599401,-0.10597170035648928,0.05675197298857716,0.004109522760483591,0.001725446192612362,20.80774780750146,2021-01-12,69.29003645014717,0,0,7.611347717403621,0.0,5.442417710521793,7.611347717403621,0.0,5.665546398695244
2021-01-13,DOGEUSDT,0.0080806,0.0087,0.00777,0.0086738,1818357046.0,-4.6951605411850625,21.32119920835823,0.11252880934850941,0.16515321419018128,0.07082848529049876,-0.08897091956599401,0.07090589834239587,0.003321974744400537,0.0017433728700113002,20.776913696618887,2021-01-13,69.24726638204376,0,0,7.611347717403621,0.0,5.442417710521793,7.611347717403621,0.0,5.665546398695244
2021-01-14,DOGEUSDT,0.008679,0.0101,0.0083105,0.0093907,4000190243.0,-4.744432253321599,22.109607757685325,0.18674015855417023,0.17054995028117853,0.07941285009810413,0.07082848529049876,0.08182638905608271,0.0035917801423003596,0.001195269779455347,20.878105084091924,2021-01-14,69.48177344926304,0,0,7.611347717403621,0.0,5.442417710521793,7.611347717403621,0.0,5.665546398695244
2021-01-15,DOGEUSDT,0.0093931,0.0098443,0.0083123,0.0093525,3236586057.0,-4.595219855134923,21.897784925122068,0.14949656374079237,0.165286603646082,-0.004076150592330121,0.07941285009810413,0.07820370764460613,0.00018614442539591246,0.0016939205590082316,20.886740943483055,2021-01-15,68.86095936414829,0,0,7.611347717403621,0.0,5.442417710521793,7.611347717403621,0.0,5.665546398695244
2021-01-16,DOGEUSDT,0.0093568,0.0095675,0.0090727,0.0092374,1640096206.0,-4.620862671501197,21.21802073925708,0.04167994849732962,0.1343849398588939,-0.012383226464222933,-0.004076150592330121,0.07747957465173234,0.0005836183599025229,0.0018974387202770528,20.88933553237395,2021-01-16,67.79657536327525,0,0,7.611347717403621,0.0,5.442417710521793,7.611347717403621,0.0,5.665546398695244
2021-01-17,DOGEUSDT,0.0092374,0.0093957,0.008779,0.0090987,1438377582.0,-4.649383340664417,21.086781636187542,0.054535581892905055,0.1144226003673967,-0.01512891460104753,-0.012383226464222933,0.06243541445926208,0.0007174596323928555,0.0017680017681561205,20.89423646929429,2021-01-17,66.89803227827991,0,0,7.611347717403621,0.0,5.442417710521793,7.611347717403621,0.0,5.665546398695244
2021-01-18,DOGEUSDT,0.0090987,0.00932,0.008935,0.0091782,1156154741.0,-4.6675031411754,20.86836545723482,0.03874724803044301,0.09550376228315827,0.008699560800243922,-0.01512891460104753,0.04264853219562638,0.000416877920701158,0.0015518441498172252,20.880201441865132,2021-01-18,66.92642706841139,0,0,7.611347717403621,0.0,5.442417710521793,7.611347717403621,0.0,5.665546398695244
2021-01-19,DOGEUSDT,0.0091782,0.0096757,0.00896,0.0090428,1749440421.0,-4.675592650284637,21.282561814319315,0.06540511414011325,0.08797910024739701,-0.014862246015609972,0.008699560800243922,0.036640217121808746,0.0006983297473902023,0.0012694595671991868,20.91128903490123,2021-01-19,66.2904225392524,0,0,7.611347717403621,0.0,5.442417710521793,7.611347717403621,0.0,5.665546398695244
2021-01-20,DOGEUSDT,0.0090428,0.009144,0.0085,0.0090487,1162054114.0,-4.638137691262341,20.873455063999195,0.06844775121626356,0.08309626298961365,0.0006522400253338523,-0.014862246015609972,0.009658689809382746,3.124734373557456e-05,0.0002815648039525238,20.856363266289147,2021-01-20,65.61303230697423,0,0,7.611347717403621,0.0,5.442417710521793,7.611347717403621,0.0,5.665546398695244
2021-01-21,DOGEUSDT,0.0090589,0.0091,0.0080301,0.0081581,1258982248.0,-4.694657352489628,20.953569491829786,0.04972541669190196,0.07475355141518572,-0.10360980225827274,0.0006522400253338523,0.04074999880239819,0.004944732795940676,0.0018363316817829115,20.82785807305905,2021-01-21,65.37581818993857,0,0,7.611347717403621,0.0,5.442417710521793,7.611347717403621,0.0,5.665546398695244
2021-01-22,DOGEUSDT,0.0081581,0.0087708,0.0075639,0.0085075,1152693965.0,-4.699480865459333,20.865367618023573,0.1400397877242109,0.09107511049244202,0.04193682866633491,-0.10360980225827274,0.04876545267618016,0.0020098772968710956,0.001827900568389032,20.775510545180286,2021-01-22,65.38508668993566,0,0,7.611347717403621,0.0,5.442417710521793,7.611347717403621,0.0,5.665546398695244
2021-01-23,DOGEUSDT,0.0085092,0.0088324,0.00835,0.0085779,718712164.0,-4.736327256689928,20.392971507298924,0.05101313948920403,0.08105961774163252,0.00824100090473871,0.04193682866633491,0.04955716331556336,0.0004041098621546714,0.0018579229504910538,20.8126911839463,2021-01-23,64.78896456257519,0,0,7.611347717403621,0.0,5.442417710521793,7.611347717403621,0.0,5.665546398695244
2021-01-24,DOGEUSDT,0.0085822,0.0089672,0.0085,0.0087135,901503263.0,-4.729328500617879,20.619574220124115,0.050860797210166106,0.07350991260876591,0.015684418820897543,0.00824100090473871,0.05015771974127212,0.0007606567746481399,0.0018259172796279205,20.837753974596783,2021-01-24,63.68191855171165,0,0,7.611347717403621,0.0,5.442417710521793,7.611347717403621,0.0,5.665546398695244
2021-01-25,DOGEUSDT,0.0087206,0.0089172,0.0081795,0.0083509,998144121.0,-4.714181803257389,20.721408233669283,0.05703979110407556,0.06939238223259332,-0.04250422963298254,0.015684418820897543,0.05207422435802487,0.0020512230227634496,0.001794107258300324,20.84252914784549,2021-01-25,63.45007369026061,0,0,7.611347717403621,0.0,5.442417710521793,7.611347717403621,0.0,5.665546398695244
2021-01-26,DOGEUSDT,0.0083341,0.0084615,0.0079523,0.0082472,719489035.0,-4.7197732830128505,20.394051844425743,0.051469704269966124,0.06491171274193652,-0.0124955686855395,-0.04250422963298254,0.051646246774575084,0.0006127065274159772,0.0016991096965832781,20.78242707968656,2021-01-26,63.73651765714574,0,0,7.611347717403621,0.0,5.442417710521793,7.611347717403621,0.0,5.665546398695244
2021-01-27,DOGEUSDT,0.0082472,0.0082482,0.007257,0.0074124,1121405247.0,-4.772228816116134,20.83784842061561,0.052207180752488855,0.06173557974457461,-0.10671947529232105,-0.0124955686855395,0.05271238877990421,0.005121424877375523,0.0017648324300482742,20.72273433762464,2021-01-27,63.61533312398531,0,0,7.611347717403621,0.0,5.442417710521793,7.611347717403621,0.0,5.665546398695244
2021-01-28,DOGEUSDT,0.0074104,0.0374849,0.007288,0.0364995,102989795103.0,-4.797760284258844,25.357895743597727,1.637573559139134,0.45569507459321446,1.594144288356765,-0.10671947529232105,0.6635463748233495,0.06286579550904767,0.024996297409420352,21.77750674337698,2021-01-28,63.70902232274108,0,0,7.611347717403621,0.0,5.442417710521793,7.611347717403621,0.0,5.665546398695244
2021-01-29,DOGEUSDT,0.036442,0.0875,0.0313,0.0459059,109073693231.0,-3.28381709376443,25.415289575421333,0.9791387521446585,0.5865559939810755,0.22929508724643155,1.594144288356765,0.6539911912101379,0.009021934869795018,0.024440252070469393,22.64321679442767,2021-01-29,64.33961152916315,0,0,7.611347717403621,0.0,5.442417710521793,7.611347717403621,0.0,5.665546398695244
2021-01-30,DOGEUSDT,0.0459059,0.0508804,0.0222001,0.02826,54559388569.0,-2.436116485618568,24.722555643838913,0.510559088549373,0.5675567676231499,-0.48514627185453185,0.22929508724643155,0.7227544469757535,0.019623629484091576,0.023690065686051087,22.26914830633866,2021-01-30,63.63418592465262,0,0,7.611347717403621,0.0,5.442417710521793,7.611347717403621,0.0,5.665546398695244
2021-01-31,DOGEUSDT,0.0282428,0.0494843,0.0267661,0.037,44577797729.0,-2.978277498345953,24.52050176325769,0.6016815192755623,0.576087955536253,0.26947053538784294,-0.48514627185453185,0.7133165574915138,0.010989601191262173,0.02286260520754877,22.245178570081542,2021-01-31,63.13739875931806,0,0,7.611347717403621,0.0,5.442417710521793,7.611347717403621,0.0,5.665546398695244
2021-02-01,DOGEUSDT,0.0369623,0.0438268,0.0328615,0.0348173,23868437622.0,-3.0060998314342515,23.895822821531173,0.23632379517170746,0.4911469154451166,-0.060803522953424026,0.26947053538784294,0.7171086558121744,0.0025445251836499817,0.022579964301678666,22.28535562673161,2021-02-01,62.85658972316251,0,0,7.611347717403621,0.6931471805599453,5.220355825078324,7.611347717403621,0.6931471805599453,5.376848061706555
2021-02-02,DOGEUSDT,0.0348233,0.035294,0.02877,0.0313489,11550248752.0,-3.1275097765710553,23.169972810651995,0.13833530258019372,0.4029440122288859,-0.10493521094675742,-0.060803522953424026,0.7169364480461882,0.004528931121512377,0.02265063085725691,22.171186895838723,2021-02-02,62.55664451299823,0,0,7.611347717403621,0.6931471805599453,5.220355825078324,7.611347717403621,0.6931471805599453,5.376848061706555
2021-02-03,DOGEUSDT,0.0313489,0.0397836,0.0307918,0.0372597,12960787222.0,-3.3440423011610956,23.285194268464064,0.2539024734326073,0.3656836275298162,0.17273313486719502,-0.10493521094675742,0.28461619533192484,0.007418153049344897,0.006016372172733125,22.21774527628901,2021-02-03,63.57344702851083,0,0,7.611347717403621,0.6931471805599453,5.220355825078324,7.611347717403621,0.6931471805599453,5.376848061706555
2021-02-04,DOGEUSDT,0.0372327,0.0598,0.0358367,0.0529081,48795642519.0,-3.2243005119134276,24.610906853175244,0.5074431646259253,0.4011235118038435,0.3506441326241115,0.17273313486719502,0.30728451933023987,0.014247509639364312,0.006383535348010281,22.499741418100093,2021-02-04,62.226779778856226,0,0,7.611347717403621,0.6931471805599453,5.220355825078324,7.611347717403621,0.6931471805599453,5.376848061706555
2021-02-05,DOGEUSDT,0.0528149,0.05434,0.0431516,0.0467193,16560079172.0,-2.816749618025551,23.53026076680997,0.15038346578761355,0.338438500299786,-0.12439909070433475,0.3506441326241115,0.20662355142894467,0.005286770594561486,0.004381671532051582,22.572015439989837,2021-02-05,61.5103882068708,0,0,7.611347717403621,0.6931471805599453,5.220355825078324,7.611347717403621,0.6931471805599453,5.376848061706555
2021-02-06,DOGEUSDT,0.0467527,0.0588683,0.0444191,0.0576559,17252485844.0,-2.9124946749839355,23.57122207693993,0.279735091561681,0.3237626481152598,0.2103352276647564,-0.12439909070433475,0.19718999513013724,0.008923390861033482,0.0041265744556809045,22.628288445463774,2021-02-06,61.78579663621219,0,0,7.611347717403621,0.6931471805599453,5.220355825078324,7.611347717403621,0.6931471805599453,5.376848061706555
2021-02-07,DOGEUSDT,0.0576579,0.087297,0.0531446,0.0779247,38837846298.0,-2.8324525335459434,24.382661028214173,0.48688382378436057,0.364542942032535,0.3012503925945885,0.2103352276647564,0.20302432356788533,0.012355107272581914,0.0038684213061025126,22.9111102670748,2021-02-07,61.97046587073209,0,0,7.611347717403621,0.6931471805599453,5.220355825078324,7.611347717403621,0.6931471805599453,5.376848061706555
2021-02-08,DOGEUSDT,0.0779851,0.0853555,0.0622214,0.0787,26387019347.0,-2.4384391809882136,23.99613803477731,0.28566277549692326,0.34482290039863206,0.009900179632997937,0.3012503925945885,0.18008048714804814,0.00041257387412298294,0.0049809871535293855,23.029968315248407,2021-02-08,63.01273657732143,0,0,7.611347717403621,0.6931471805599453,5.220355825078324,7.611347717403621,0.6931471805599453,5.376848061706555
2021-02-09,DOGEUSDT,0.0787384,0.0838001,0.063,0.0700121,14602698981.0,-2.4609303912789326,23.40447221028821,0.20324522683732002,0.30942848200830403,-0.11697507116921614,0.009900179632997937,0.21018635652465584,0.0049979794510297,0.005143299941052222,22.982756717215352,2021-02-09,63.75787790513674,0,0,7.611347717403621,0.6931471805599453,5.220355825078324,7.611347717403621,0.6931471805599453,5.376848061706555
2021-02-10,DOGEUSDT,0.0700122,0.0816496,0.066,0.0725527,14156312430.0,-2.479321078177389,23.37342646968622,0.1957171705820556,0.2810006541517419,0.03564511009686903,-0.11697507116921614,0.17257029959532943,0.0015250271560782226,0.004486649027756817,22.96530167324195,2021-02-10,62.27517305952502,0,0,7.611347717403621,0.6931471805599453,5.220355825078324,7.611347717403621,0.6931471805599453,5.376848061706555
2021-02-11,DOGEUSDT,0.0725523,0.0755622,0.068,0.069583,6327153991.0,-2.505318358536634,22.568116365522105,0.07601008889812888,0.22975301283833865,-0.041792909718791085,0.03564511009686903,0.15833020673888315,0.0018518563553066038,0.004743850787834596,22.943527385054495,2021-02-11,61.92957186297014,0,0,7.611347717403621,0.6931471805599453,5.220355825078324,7.611347717403621,0.6931471805599453,5.376848061706555
2021-02-12,DOGEUSDT,0.0695853,0.07298,0.0608,0.0697675,7517732599.0,-2.5827991208383323,22.74053041335262,0.16512266570997514,0.21359542605624776,0.002648000657450886,-0.041792909718791085,0.14247643715793806,0.00011644410263606043,0.004652810632225965,22.89690629453811,2021-02-12,61.58621634211522,0,0,7.611347717403621,0.6931471805599453,5.220355825078324,7.611347717403621,0.6931471805599453,5.376848061706555
2021-02-13,DOGEUSDT,0.069778,0.071709,0.0656,0.0662405,3844449349.0,-2.6175698479738356,22.069896217424503,0.05504999550053183,0.17395906841731879,-0.05187622693197576,0.002648000657450886,0.05495120273015196,0.0023505424049533466,0.0017511918002914796,22.89496706163356,2021-02-13,60.62344866311638,0,0,7.611347717403621,0.6931471805599453,5.220355825078324,7.611347717403621,0.6931471805599453,5.376848061706555
2021-02-14,DOGEUSDT,0.0662372,0.0664663,0.055558,0.0626783,8229158262.0,-2.6351390162413644,22.83094956961254,0.1477162249752435,0.16739835755679996,-0.0552767631266393,-0.05187622693197576,0.05257056850673952,0.0024211328993609354,0.0016010988831585134,22.81622859514321,2021-02-14,61.14385245021377,0,0,7.611347717403621,0.6931471805599453,5.220355825078324,7.611347717403621,0.6931471805599453,5.376848061706555
2021-02-15,DOGEUSDT,0.0626878,0.0642,0.0474935,0.0565,11321001492.0,-2.711060226687374,23.149925376832854,0.23533939853670896,0.1843836178017772,-0.10377465707866003,-0.0552767631266393,0.04873784509945862,0.004482721019157664,0.0014259230882624238,22.73012317640156,2021-02-15,61.87370365032735,0,0,7.611347717403621,0.6931471805599453,5.220355825078324,7.611347717403621,0.6931471805599453,5.376848061706555
2021-02-16,DOGEUSDT,0.0564643,0.0598452,0.0506003,0.053476,6643077510.0,-2.7457520682862215,22.616841173482566,0.12577457372237674,0.16973135678192708,-0.05500768303151912,-0.10377465707866003,0.0340088868450757,0.002432155870467608,0.001397440641076303,22.686514428384665,2021-02-16,62.00755834419546,0,0,7.611347717403621,0.6931471805599453,5.220355825078324,7.611347717403621,0.6931471805599453,5.376848061706555
2021-02-17,DOGEUSDT,0.0535231,0.055109,0.0478,0.0495187,6168131231.0,-2.81599405069564,22.54266174908357,0.09027482147946014,0.14986722295631033,-0.07688257910851197,-0.05500768303151912,0.035138876465244634,0.003410536872897784,0.0014468697086023976,22.613101247056036,2021-02-17,62.51638361633577,0,0,7.611347717403621,0.6931471805599453,5.220355825078324,7.611347717403621,0.6931471805599453,5.376848061706555
2021-02-18,DOGEUSDT,0.0494987,0.0645617,0.0489,0.0587991,13034098004.0,-2.898442236778753,23.290834683932214,0.2757889164313005,0.18134764632505787,0.1717761726526282,-0.07688257910851197,0.10008375821318675,0.007375269069731212,0.0019624294265185287,22.68451625847385,2021-02-18,61.92970930255284,0,0,7.611347717403621,0.6931471805599453,5.220355825078324,7.611347717403621,0.6931471805599453,5.376848061706555
2021-02-19,DOGEUSDT,0.0587991,0.059719,0.0536581,0.055033,6405564988.0,-2.740133923272951,22.58043297886537,0.06305682324702157,0.1517749405555488,-0.06619354336055382,0.1717761726526282,0.10091955714538531,0.0029314558946902857,0.0018929494583333492,22.71479609502169,2021-02-19,61.550074699996635,0,0,7.611347717403621,0.6931471805599453,5.220355825078324,7.611347717403621,0.6931471805599453,5.376848061706555
2021-02-20,DOGEUSDT,0.055033,0.0607,0.051,0.0541708,7359009281.0,-2.8181050512604524,22.71919115206687,0.14715962015521036,0.1506211104554642,-0.015790987421732208,-0.06619354336055382,0.10029700633436016,0.0006950505991185178,0.002249661623403406,22.695206580231073,2021-02-20,62.044149423447735,0,0,7.611347717403621,0.6931471805599453,5.220355825078324,7.611347717403621,0.6931471805599453,5.376848061706555
2021-02-21,DOGEUSDT,0.0541567,0.06,0.05325,0.0560183,5548376495.0,-2.8018115809166844,22.43677119848801,0.11438661157909101,0.1415624857363709,0.03353640518390662,-0.015790987421732208,0.0940077039451923,0.0014947072770509244,0.0023323031442175094,22.68929870147954,2021-02-21,62.28067795892031,0,0,7.611347717403621,0.6931471805599453,5.220355825078324,7.611347717403621,0.6931471805599453,5.376848061706555
2021-02-22,DOGEUSDT,0.0559921,0.0608037,0.0461003,0.0535557,8420498923.0,-2.8134107167600364,22.85393491795823,0.22795119071014464,0.16315966197981432,-0.044956189260433516,0.03353640518390662,0.0929454729343184,0.001967109358708627,0.002364704576408577,22.664431129038746,2021-02-22,62.38198248163016,0,0,7.611347717403621,0.6931471805599453,5.220355825078324,7.611347717403621,0.6931471805599453,5.376848061706555
2021-02-23,DOGEUSDT,0.0536093,0.0538776,0.0413332,0.0476562,5958874372.0,-2.8001046365984643,22.508147436428274,0.19580952740654037,0.17132212833649585,-0.11670949674527213,-0.044956189260433516,0.10065772457874295,0.0051852111363187466,0.0025343754403484796,22.577624666108825,2021-02-23,62.833664299899155,0,0,7.611347717403621,0.6931471805599453,5.220355825078324,7.611347717403621,0.6931471805599453,5.376848061706555
2021-02-24,DOGEUSDT,0.047692,0.060586,0.0459034,0.0567911,11172353520.0,-2.921040471861906,23.1367081279229,0.2730337220224,0.19675002675797187,0.17536688624817065,-0.11670949674527213,0.10193146375006831,0.007579595389221614,0.0026009902990896156,22.646503975174486,2021-02-24,62.261193642869834,0,0,7.611347717403621,0.6931471805599453,5.220355825078324,7.611347717403621,0.6931471805599453,5.376848061706555
2021-02-25,DOGEUSDT,0.0567907,0.0581,0.0495002,0.0499138,4913047375.0,-2.8036914356991263,22.31516023287088,0.06924193005568495,0.16487300258240015,-0.12908210567915382,0.17536688624817065,0.11210991457476396,0.0057845027475541995,0.0027732835641394696,22.658560407550816,2021-02-25,62.28943883073646,0,0,7.611347717403621,0.6931471805599453,5.220355825078324,7.611347717403621,0.6931471805599453,5.376848061706555
2021-02-26,DOGEUSDT,0.0499157,0.0526032,0.0484,0.0504768,3147923785.0,-2.8455896151242714,21.870008956598575,0.07525092579848891,0.14246748338642234,0.011216307151555971,-0.12908210567915382,0.11267387108312657,0.0005128624855076618,0.0028145635884205588,22.588722501392386,2021-02-26,62.2526561655466,0,0,7.611347717403621,0.6931471805599453,5.220355825078324,7.611347717403621,0.6931471805599453,5.376848061706555
2021-02-27,DOGEUSDT,0.0504727,0.0521,0.0491,0.0500725,2268877377.0,-2.9449783245870367,21.542550998533642,0.04922107517407777,0.1191558813333362,-0.00804186958822952,0.011216307151555971,0.1105893265097991,0.0003733016386395889,0.003024035802135799,22.59046480501963,2021-02-27,61.66351489313457,0,0,7.611347717403621,0.6931471805599453,5.220355825078324,7.611347717403621,0.6931471805599453,5.376848061706555
2021-02-28,DOGEUSDT,0.0500705,0.0502426,0.0446561,0.0481582,2384823456.0,-2.954590330222816,21.592390935905396,0.09510421492853975,0.11314296473213709,-0.038980530306445584,-0.00804186958822952,0.11033219801227423,0.001805290133091557,0.003041828445002842,22.55540407983491,2021-02-28,61.758647357762385,0,0,7.611347717403621,0.6931471805599453,5.220355825078324,7.611347717403621,0.6931471805599453,5.376848061706555
2021-03-01,DOGEUSDT,0.0481447,0.052505,0.0478589,0.0505933,2752580452.0,-2.9908920065689046,21.73580465483514,0.09145182515717425,0.10772017983839638,0.049327731572302004,-0.038980530306445584,0.10095819354865464,0.0022694228419709796,0.0029582095917499427,22.57603993047818,2021-03-01,61.76129551270803,0,0,7.611347717403621,1.0986122886681098,5.37989735354046,7.611347717403621,1.0986122886681098,5.381494310904721
2021-03-02,DOGEUSDT,0.0505754,0.05249,0.0491004,0.050364,2378364146.0,-2.94684687582418,21.589678754694308,0.056855353833323574,0.09500397333712818,-0.004542522319652782,0.049327731572302004,0.060699072873715086,0.000210402497010989,0.002112421106815499,22.59840971409259,2021-03-02,61.82879505973774,0,0,7.611347717403621,1.0986122886681098,5.37989735354046,7.611347717403621,1.0986122886681098,5.381494310904721
2021-03-03,DOGEUSDT,0.0504021,0.0521972,0.0499556,0.0504146,1841086026.0,-2.9471326037179284,21.33362146597093,0.040218260883828565,0.08130754522380328,0.001004181527665702,-0.004542522319652782,0.028803527239728916,4.707037336663459e-05,0.0009294826488641931,22.60309708562427,2021-03-03,61.89333260361724,0,0,7.611347717403621,1.0986122886681098,5.37989735354046,7.611347717403621,1.0986122886681098,5.381494310904721
2021-03-04,DOGEUSDT,0.0504337,0.0511539,0.04765,0.0499865,1943532071.0,-2.9527264253789554,21.38777280979264,0.06102482276873258,0.0762368646100356,-0.008527846695535966,0.001004181527665702,0.02862120374589392,0.00039872532644593046,0.0009393624002055205,22.595175858678953,2021-03-04,61.694385360992236,0,0,7.611347717403621,1.0986122886681098,5.37989735354046,7.611347717403621,1.0986122886681098,5.381494310904721
2021-03-05,DOGEUSDT,0.0499866,0.051079,0.0479661,0.0495285,1714962753.0,-2.9729165431567948,21.26265719896112,0.05178706251540686,0.07012441408637841,-0.009204707505981409,-0.008527846695535966,0.028677212893506446,0.0004329048537936804,0.0009336016107852835,22.583047006047778,2021-03-05,61.41617748755612,0,0,7.611347717403621,1.0986122886681098,5.37989735354046,7.611347717403621,1.0986122886681098,5.381494310904721
2021-03-06,DOGEUSDT,0.0495247,0.0525801,0.049084,0.0509588,2749264710.0,-2.9743818251433405,21.734599334691154,0.06673919455064811,0.06927810920244584,0.02846920164035918,-0.009204707505981409,0.024042803817700437,0.0013098562895943865,0.0008516546441386317,22.5913124141209,2021-03-06,61.196701556661296,0,0,7.611347717403621,1.0986122886681098,5.37989735354046,7.611347717403621,1.0986122886681098,5.381494310904721
2021-03-07,DOGEUSDT,0.0509242,0.0524716,0.0504286,0.0519871,1494562661.0,-2.945417557818384,21.125099466544352,0.03855448117057693,0.06159720219447862,0.01997814777621905,0.02846920164035918,0.01590988529524257,0.0009457066844990851,0.0004771777081001917,22.61584676672703,2021-03-07,61.135513868251934,0,0,7.611347717403621,1.0986122886681098,5.37989735354046,7.611347717403621,1.0986122886681098,5.381494310904721
2021-03-08,DOGEUSDT,0.0519481,0.063075,0.0515505,0.0629738,7572972187.0,-2.9474832081330384,22.747851454418505,0.20173200896413293,0.09663090388689219,0.1917231559943138,0.01997814777621905,0.07720723426996942,0.00842818744348156,0.0032159390621267813,22.71663792145733,2021-03-08,60.957778811952224,0,0,7.611347717403621,1.0986122886681098,5.37989735354046,7.611347717403621,1.0986122886681098,5.381494310904721
2021-03-09,DOGEUSDT,0.0629582,0.0630025,0.056,0.0579117,4412560062.0,-2.7634307844550157,22.20772087089789,0.06335856288409195,0.08831281863619213,-0.08379933017259013,0.1917231559943138,0.09159009158357684,0.0037734322517717234,0.0031391604380930313,22.77347992419275,2021-03-09,60.8328164525977,0,0,7.611347717403621,1.0986122886681098,5.37989735354046,7.611347717403621,1.0986122886681098,5.381494310904721
2021-03-10,DOGEUSDT,0.0579432,0.0587592,0.0545,0.0558692,2390746818.0,-2.764580870838253,21.594871630229953,0.050718559101706084,0.07891425375257062,-0.03590619229008034,-0.08379933017259013,0.09412816572687756,0.0016627184872827138,0.0030056400566581664,22.711372329375394,2021-03-10,61.413886413033715,0,0,7.611347717403621,1.0986122886681098,5.37989735354046,7.611347717403621,1.0986122886681098,5.381494310904721
2021-03-11,DOGEUSDT,0.0558831,0.05698,0.0542647,0.0559286,1647182774.0,-2.8343075424730215,21.222332255876694,0.04285651529961368,0.06989981913933138,0.0010626328172734867,-0.03590619229008034,0.09361475138040215,5.0071443819716474e-05,0.003068301053500427,22.690422336702856,2021-03-11,62.04659992285082,0,0,7.611347717403621,1.0986122886681098,5.37989735354046,7.611347717403621,1.0986122886681098,5.381494310904721
2021-03-12,DOGEUSDT,0.0559117,0.057,0.054051,0.0552731,1821925239.0,-2.8650549499123747,21.323159602560327,0.042199754570949766,0.06297480299723598,-0.011789524664985014,0.0010626328172734867,0.09434810790872915,0.0005528976420346924,0.003151089701747273,22.687022978352097,2021-03-12,62.43614964267158,0,0,7.611347717403621,1.0986122886681098,5.37989735354046,7.611347717403621,1.0986122886681098,5.381494310904721
2021-03-13,DOGEUSDT,0.0552769,0.063,0.0546635,0.0627892,3660176589.0,-2.864704011147587,22.020777231556426,0.14180670522683428,0.08268277855463556,0.1274967315964339,-0.011789524664985014,0.1053800467167046,0.005789837945126083,0.0032703579312286135,22.74610318500154,2021-03-13,62.68496191001019,0,0,7.611347717403621,1.0986122886681098,5.37989735354046,7.611347717403621,1.0986122886681098,5.381494310904721
2021-03-14,DOGEUSDT,0.0627887,0.0636789,0.05817,0.058221,5115194076.0,-2.7646205525906042,22.355481178152196,0.03661691470027399,0.07116631259104517,-0.07553696976447845,0.1274967315964339,0.07666371845093102,0.003378901539292298,0.0021773529001850693,22.77683477728749,2021-03-14,62.82671939517627,0,0,7.611347717403621,1.0986122886681098,5.37989735354046,7.611347717403621,1.0986122886681098,5.381494310904721
2021-03-15,DOGEUSDT,0.058221,0.0597745,0.055,0.0569691,2409422648.0,-2.753902011464551,21.602652990603435,0.06476170428825928,0.0695651605153487,-0.02173709881885957,-0.07553696976447845,0.06901919284598433,0.001006223579498065,0.002155437586328746,22.725270561707404,2021-03-15,62.381357251461395,0,0,7.611347717403621,1.0986122886681098,5.37989735354046,7.611347717403621,1.0986122886681098,5.381494310904721
2021-03-16,DOGEUSDT,0.0570152,0.0591427,0.0552668,0.0586507,2003574159.0,-2.817176130373695,21.41819850207968,0.06583356209833068,0.06863226091109419,0.029090494657918322,-0.02173709881885957,0.06786264547751175,0.0013582138878343887,0.0021705740904718242,22.729617350386274,2021-03-16,61.71365477824339,0,0,7.611347717403621,1.0986122886681098,5.37989735354046,7.611347717403621,1.0986122886681098,5.381494310904721
2021-03-17,DOGEUSDT,0.0586389,0.0589584,0.0565314,0.057892,1162146770.0,-2.827802111220497,20.873534795489437,0.03314997402322837,0.059761689189127734,-0.013020304461768422,0.029090494657918322,0.06839607686625739,0.0006237709419768222,0.002076913750426994,22.733586136411333,2021-03-17,61.68104580108513,0,0,7.611347717403621,1.0986122886681098,5.37989735354046,7.611347717403621,1.0986122886681098,5.381494310904721
2021-03-18,DOGEUSDT,0.0578925,0.0592896,0.0568896,0.0573485,1338098958.0,-2.8309231685113345,21.014515755558826,0.033552213741055444,0.05320932032710966,-0.009432517729476902,-0.013020304461768422,0.06828186002718081,0.0004488572489224161,0.002092969455215188,22.73165797467677,2021-03-18,61.88680810607764,0,0,7.611347717403621,1.0986122886681098,5.37989735354046,7.611347717403621,1.0986122886681098,5.381494310904721
2021-03-19,DOGEUSDT,0.0573629,0.0599,0.0563741,0.0582472,1691688848.0,-2.8253213677858713,21.248993185238415,0.0565148007332625,0.05403569042864787,0.01554933457506531,-0.009432517729476902,0.036291037098986186,0.000731768062586013,0.0010867875651242751,22.734931203020842,2021-03-19,61.65084111033556,0,0,7.611347717403621,1.0986122886681098,5.37989735354046,7.611347717403621,1.0986122886681098,5.381494310904721
2021-03-20,DOGEUSDT,0.0582624,0.060625,0.05797,0.0588186,1939829246.0,-2.8150787738607335,21.385865788622105,0.04304891065826132,0.05128899548605123,0.009762108793558313,0.01554933457506531,0.019477981185938284,0.0004564747992925325,0.00035385528033881356,22.757544094476945,2021-03-20,61.45397801020569,0,0,7.611347717403621,1.0986122886681098,5.37989735354046,7.611347717403621,1.0986122886681098,5.381494310904721
2021-03-21,DOGEUSDT,0.0588396,0.0595555,0.0567,0.0574781,1204263965.0,-2.8030479297244897,20.909134399836677,0.03315221958445441,0.046754801510652026,-0.023054125725652068,0.009762108793558313,0.019799717558899785,0.0011025863282906703,0.0003685544027551066,22.739851765631432,2021-03-21,61.37272947962752,0,0,7.611347717403621,1.0986122886681098,5.37989735354046,7.611347717403621,1.0986122886681098,5.381494310904721
2021-03-22,DOGEUSDT,0.0574888,0.0579777,0.0544234,0.054888,1270766976.0,-2.8208466280838103,20.96288647324199,0.031647053362798036,0.04297786447368853,-0.046109260300262946,-0.023054125725652068,0.022451804311878976,0.0021995663793303926,0.0006678822350876958,22.708334443313483,2021-03-22,61.0965365097217,0,0,7.611347717403621,1.0986122886681098,5.37989735354046,7.611347717403621,1.0986122886681098,5.381494310904721
2021-03-23,DOGEUSDT,0.0548901,0.0561052,0.0525963,0.0533532,1437944729.0,-2.8476968251267856,21.08648065948433,0.04498881711817544,0.04348060263481026,-0.028360788183773314,-0.046109260300262946,0.023566725555330265,0.0013449749458792275,0.000667256064427257,22.672345605636497,2021-03-23,60.911374844523536,0,0,7.611347717403621,1.0986122886681098,5.37989735354046,7.611347717403621,1.0986122886681098,5.381494310904721
2021-03-24,DOGEUSDT,0.0534234,0.0567995,0.05075,0.0514996,1666398121.0,-2.880526779126986,21.23393032032999,0.08748531979364396,0.054481781924518684,-0.035359916555580385,-0.028360788183773314,0.024982591670224128,0.001665255372987909,0.0006329472149122501,22.64920032578673,2021-03-24,61.30197185930163,0,0,7.611347717403621,1.0986122886681098,5.37989735354046,7.611347717403621,1.0986122886681098,5.381494310904721
2021-03-25,DOGEUSDT,0.0514996,0.0524498,0.0495798,0.051266,1665397693.0,-2.8682277561106777,21.233329786512243,0.047951817399160955,0.05284929079317925,-0.004546276231523917,-0.035359916555580385,0.020550675449715165,0.00021411037633917342,0.0007433788098133693,22.609853584526665,2021-03-25,61.2239972589162,0,0,7.611347717403621,1.0986122886681098,5.37989735354046,7.611347717403621,1.0986122886681098,5.381494310904721
2021-03-26,DOGEUSDT,0.051266,0.054038,0.051232,0.053931,873797527.0,-2.9478987573024873,20.588359244310517,0.05331083456220499,0.05296467673543569,0.05067768731467669,-0.004546276231523917,0.03477577696453232,0.0024614728504254754,0.0008095172490348225,22.64374963764245,2021-03-26,60.794261822437946,0,0,7.611347717403621,1.0986122886681098,5.37989735354046,7.611347717403621,1.0986122886681098,5.381494310904721
2021-03-27,DOGEUSDT,0.0539203,0.05545,0.053386,0.054436,1176365221.0,-2.9180677761975136,20.88569520028326,0.03542783757157357,0.04858046694447016,0.00932024796568245,0.05067768731467669,0.035675347711089184,0.00044625031038258403,0.0009115495352191335,22.674314584418518,2021-03-27,60.9227364918744,0,0,7.611347717403621,1.0986122886681098,5.37989735354046,7.611347717403621,1.0986122886681098,5.381494310904721
2021-03-28,DOGEUSDT,0.054422,0.0549,0.0529496,0.0536656,675382127.0,-2.892273565185761,20.330789202728756,0.026167350749409485,0.04297718789570499,-0.014253499355641235,0.00932024796568245,0.031141739571913993,0.00070107949148025,0.0008479860887933085,22.664985736242656,2021-03-28,60.96411268837387,0,0,7.611347717403621,1.0986122886681098,5.37989735354046,7.611347717403621,1.0986122886681098,5.381494310904721
2021-03-29,DOGEUSDT,0.0536634,0.0547123,0.053202,0.054124,977387405.0,-2.9022419304666522,20.70039365648853,0.02627221667199925,0.038800945089778556,0.008505510058967807,-0.014253499355641235,0.028869716807460696,0.00041088639182964323,0.0008874050726066431,22.66175313051976,2021-03-29,60.79370555603164,0,0,7.611347717403621,1.0986122886681098,5.37989735354046,7.611347717403621,1.0986122886681098,5.381494310904721
2021-03-30,DOGEUSDT,0.054124,0.0556267,0.053328,0.0540003,1399307591.0,-2.905666731943589,21.059243373366513,0.036624296826169855,0.03825678302387638,-0.0022881082969998445,0.008505510058967807,0.022723552164008686,0.00010865102114226952,0.0008755756587857134,22.66662742119893,2021-03-30,60.69886404424817,0,0,7.611347717403621,1.0986122886681098,5.37989735354046,7.611347717403621,1.0986122886681098,5.381494310904721
2021-03-31,DOGEUSDT,0.0540014,0.0545,0.0513424,0.0537699,1085164149.0,-2.8890919771649823,20.804997101896667,0.053676441489910895,0.04211169764038501,-0.004275771057648239,-0.0022881082969998445,0.022694162795350817,0.00020551654185322826,0.0008765825222377755,22.653836068005802,2021-03-31,60.471975122790425,0,0,7.611347717403621,1.0986122886681098,5.37989735354046,7.611347717403621,1.0986122886681098,5.381494310904721
2021-04-01,DOGEUSDT,0.0537835,0.07135,0.0534999,0.062151,15242021778.0,-2.9095545773129388,23.447322041004433,0.28664745194809205,0.10324563621731177,0.14485307688511176,-0.004275771057648239,0.060023649309831874,0.006177808989521029,0.002378146822594137,22.77156381141968,2021-04-01,59.897205386731514,0,0,7.611347717403621,1.3862943611198906,5.19295685089021,7.611347717403621,1.3862943611198906,5.353921643731886
2021-04-02,DOGEUSDT,0.0621509,0.062905,0.0572,0.0575849,3415466916.0,-2.6401579350592916,21.951580045659753,0.0412712172190554,0.08775203146774768,-0.07630652737583965,0.14485307688511176,0.07290688177532523,0.0034761291541256004,0.0024698926660009896,22.771814685905206,2021-04-02,59.141198180177966,0,0,7.611347717403621,1.3862943611198906,5.19295685089021,7.611347717403621,1.3862943611198906,5.353921643731886
2021-04-03,DOGEUSDT,0.0575887,0.0595516,0.0555,0.0555113,2066362739.0,-2.7661296271790428,21.44905576774051,0.048673599082869355,0.0779824233715281,-0.036673776924430045,-0.07630652737583965,0.07490708684487303,0.001709808455978169,0.0024099209949478874,22.722294314169115,2021-04-03,58.64311793169658,0,0,7.611347717403621,1.3862943611198906,5.19295685089021,7.611347717403621,1.3862943611198906,5.353921643731886
2021-04-04,DOGEUSDT,0.0555,0.0582181,0.0550864,0.0573943,1563798693.0,-2.820912115363769,21.17038375786971,0.05432092224629624,0.07206704809022013,0.033358391627157674,-0.036673776924430045,0.07577958055843159,0.0015757102945645608,0.002299248612643811,22.71368968368428,2021-04-04,58.17726659554094,0,0,7.611347717403621,1.3862943611198906,5.19295685089021,7.611347717403621,1.3862943611198906,5.353921643731886
2021-04-05,DOGEUSDT,0.0573806,0.0607069,0.0562315,0.0599992,2638868932.0,-2.8435589760305784,21.69361622745172,0.07501551400969875,0.07280416457008979,0.044386233541128174,0.033358391627157674,0.0766834946639695,0.0020460504636825175,0.0020699016429583075,22.74015123398553,2021-04-05,57.56584457499051,0,0,7.611347717403621,1.3862943611198906,5.19295685089021,7.611347717403621,1.3862943611198906,5.353921643731886
2021-04-06,DOGEUSDT,0.0599779,0.066,0.0579904,0.0644047,4762148739.0,-2.8016979135714606,22.283964819088602,0.12615043522021976,0.08614073223262228,0.07085538301387939,0.044386233541128174,0.07851759947869043,0.0031796578207296472,0.0017295152148265745,22.80095539895595,2021-04-06,56.84012184757122,0,0,7.611347717403621,1.3862943611198906,5.19295685089021,7.611347717403621,1.3862943611198906,5.353921643731886
2021-04-07,DOGEUSDT,0.0644047,0.06744,0.0571267,0.0587769,4840051853.0,-2.7181005369557116,22.300191271047314,0.10515657984415995,0.0908946941355067,-0.09143769124061715,0.07085538301387939,0.06798916695569016,0.004100309729600038,0.001045310375122719,22.80442166400735,2021-04-07,56.83722297048251,0,0,7.611347717403621,1.3862943611198906,5.19295685089021,7.611347717403621,1.3862943611198906,5.353921643731886
2021-04-08,DOGEUSDT,0.058777,0.062324,0.0586319,0.0617838,1745571706.0,-2.696516965288537,21.28034796415828,0.06089123773297401,0.08339383003487352,0.0498922736045487,-0.09143769124061715,0.06240654628007659,0.0023445233925958563,0.000972785844033194,22.77955724126532,2021-04-08,56.815567073110515,0,0,7.611347717403621,1.3862943611198906,5.19295685089021,7.611347717403621,1.3862943611198906,5.353921643731886
2021-04-09,DOGEUSDT,0.0617837,0.0642733,0.0604712,0.0615878,2149603024.0,-2.775408694627029,21.48854902203792,0.05293159636413923,0.07577827161718995,-0.003177395201143551,0.0498922736045487,0.05859211475096366,0.00014786457651863434,0.001357218569669457,22.807488593619635,2021-04-09,56.490418325311495,0,0,7.611347717403621,1.3862943611198906,5.19295685089021,7.611347717403621,1.3862943611198906,5.353921643731886
2021-04-10,DOGEUSDT,0.0616103,0.0657518,0.0609445,0.0637167,2780510108.0,-2.7446109750325474,21.745900239902674,0.07363935164944131,0.07524354162525279,0.03398289564698918,-0.003177395201143551,0.05862686338187996,0.0015627265494684928,0.0013584846753792327,22.812132882159677,2021-04-10,56.29260808762271,0,0,7.611347717403621,1.3862943611198906,5.19295685089021,7.611347717403621,1.3862943611198906,5.353921643731886
2021-04-11,DOGEUSDT,0.0637167,0.08,0.0633959,0.07433,14967931146.0,-2.721868231873135,23.42917582582745,0.23182854795730623,0.11438979320826614,0.1540679441136677,0.03398289564698918,0.08139617260255433,0.006575901143898922,0.002220756077922107,22.933334037415325,2021-04-11,55.90873262931338,0,0,7.611347717403621,1.3862943611198906,5.19295685089021,7.611347717403621,1.3862943611198906,5.353921643731886
2021-04-12,DOGEUSDT,0.0743335,0.0754791,0.0685,0.0707343,4300356226.0,-2.5257286443082556,22.18196369947043,0.06408645426766807,0.10181395847311663,-0.049584034966315055,0.1540679441136677,0.08572732971922259,0.002235331174376542,0.0022376140637412846,22.965661438772255,2021-04-12,55.56006286472201,0,0,7.611347717403621,1.3862943611198906,5.19295685089021,7.611347717403621,1.3862943611198906,5.353921643731886
2021-04-13,DOGEUSDT,0.0707001,0.0962255,0.0706409,0.094402,13605840277.0,-2.5838994822412698,23.33376496964118,0.30905917114657677,0.15362526164148166,0.2886316555968166,-0.049584034966315055,0.12307834838439637,0.012369699273663982,0.004540185143628327,23.094473270556403,2021-04-13,55.3489924229075,0,0,7.611347717403621,1.3862943611198906,5.19295685089021,7.611347717403621,1.3862943611198906,5.353921643731886
2021-04-14,DOGEUSDT,0.0944011,0.1453955,0.092118,0.1214329,36680989724.0,-2.341060883670982,24.3255244666315,0.4515309000268724,0.22810167123782935,0.2517995874848276,0.2886316555968166,0.13997997887220057,0.010351250096590242,0.005033501249262846,23.40383039148364,2021-04-14,54.878909188989006,0,0,7.611347717403621,1.3862943611198906,5.19295685089021,7.611347717403621,1.3862943611198906,5.353921643731886
2021-04-15,DOGEUSDT,0.1214319,0.1918922,0.1197878,0.1823599,24615971220.0,-1.9282976634675661,23.926661305807198,0.4704743417554926,0.2886948388672452,0.4066203601266895,0.2517995874848276,0.1691212730031589,0.01699444627604602,0.0060248335947489014,23.712116547553325,2021-04-15,53.91992167006098,0,0,7.611347717403621,1.3862943611198906,5.19295685089021,7.611347717403621,1.3862943611198906,5.353921643731886
2021-04-16,DOGEUSDT,0.1825003,0.45,0.1791,0.3654434,57510545356.0,-1.650821522964441,24.775234165430103,0.9191763701549157,0.4463152216891628,0.6951292038579793,0.4066203601266895,0.25019135142734333,0.028057422150541023,0.009021171837632617,24.371438377675204,2021-04-16,53.13715686518077,0,0,7.611347717403621,1.3862943611198906,5.19295685089021,7.611347717403621,1.3862943611198906,5.353921643731886
2021-04-17,DOGEUSDT,0.3653855,0.38125,0.231,0.2822532,24857057931.0,-0.7985076962177716,23.936407570530825,0.3364219226165241,0.41884189692100315,-0.2583068704049122,0.6951292038579793,0.3369615460919986,0.010791380019904291,0.008597029579741204,24.43229443673077,2021-04-17,52.65687489807517,0,0,7.611347717403621,1.3862943611198906,5.19295685089021,7.611347717403621,1.3862943611198906,5.353921643731886
2021-04-18,DOGEUSDT,0.2824945,0.351,0.2397,0.3223299,18379866877.0,-0.9642999510605157,23.634521711029443,0.3625835909268453,0.40477732042246367,0.13277101479668654,-0.2583068704049122,0.3150358463414964,0.005617673013231604,0.007785913143507496,24.39059051180017,2021-04-18,52.99594145885837,0,0,7.611347717403621,1.3862943611198906,5.19295685089021,7.611347717403621,1.3862943611198906,5.353921643731886
2021-04-19,DOGEUSDT,0.3225953,0.435546,0.308,0.408903,20873394140.0,-1.0469690555162714,23.761741177299115,0.3422574971274358,0.3891473645987067,0.23790240887186204,0.13277101479668654,0.31456141589044295,0.01001199394845455,0.007944369067561135,24.587139615869727,2021-04-19,52.598035523068546,0,0,7.611347717403621,1.3862943611198906,5.19295685089021,7.611347717403621,1.3862943611198906,5.353921643731886
2021-04-20,DOGEUSDT,0.4088997,0.4246216,0.27,0.3173205,20969142688.0,-0.8311548625500169,23.766317798239584,0.29001521087157806,0.36436432616692455,-0.25356565997181757,0.23790240887186204,0.37416900251872187,0.010669118461026372,0.00791909209836241,24.552091908058873,2021-04-20,52.654695871366776,0,0,7.611347717403621,1.3862943611198906,5.19295685089021,7.611347717403621,1.3862943611198906,5.353921643731886
2021-04-21,DOGEUSDT,0.3173205,0.347661,0.2960052,0.3058251,9460395395.0,-0.8565568595985033,22.970380015648377,0.13022120862663553,0.3058285467818523,-0.03689893421170545,-0.25356565997181757,0.3592370487277641,0.0016063702118366508,0.009046544020742946,24.43518470998845,2021-04-21,51.7747977695912,0,0,7.611347717403621,1.3862943611198906,5.19295685089021,7.611347717403621,1.3862943611198906,5.353921643731886
2021-04-22,DOGEUSDT,0.3058074,0.3093988,0.253,0.2606615,11199121834.0,-1.0565274119194112,23.139101204494846,0.08947043681003869,0.25173901928889886,-0.15979073920841683,-0.03689893421170545,0.20645103800133077,0.006905658858407903,0.0036264979389192403,24.318646182939517,2021-04-22,51.438726342663635,0,0,7.611347717403621,1.3862943611198906,5.19295685089021,7.611347717403621,1.3862943611198906,5.353921643731886
2021-04-23,DOGEUSDT,0.2606616,0.2695,0.1597278,0.2498155,17170003022.0,-1.1731242193251594,23.56642968786044,0.48629739914287307,0.31037861425239244,-0.042499985302706496,-0.15979073920841683,0.18151479536687345,0.001803412136060607,0.003891416397527375,24.111771193042273,2021-04-23,51.94635635833366,0,0,7.611347717403621,1.3862943611198906,5.19295685089021,7.611347717403621,1.3862943611198906,5.353921643731886
2021-04-24,DOGEUSDT,0.2499997,0.28999,0.2278,0.27,10626242110.0,-1.311186888633085,23.086592449394686,0.2272039721980006,0.28958495373879445,0.07769931359218496,-0.042499985302706496,0.17343620021239278,0.0033655600653279684,0.0040527885428597145,24.23810848382798,2021-04-24,51.72270457949803,0,0,7.611347717403621,1.3862943611198906,5.19295685089021,7.611347717403621,1.3862943611198906,5.353921643731886
2021-04-25,DOGEUSDT,0.2700802,0.289296,0.224,0.25159,5726007353.4,-1.237908839354782,22.468284327833874,0.1982705224918306,0.2667563459270535,-0.0706211805899488,0.07769931359218496,0.11376046534774013,0.0031431496753164534,0.0035377207607611653,24.23569700290412,2021-04-25,51.591910637905336,0,0,7.611347717403621,1.3862943611198906,5.19295685089021,7.611347717403621,1.3862943611198906,5.353921643731886
2021-04-26,DOGEUSDT,0.25159,0.28077,0.247,0.27161,4881379028.6,-1.2403048935733392,22.308693604718915,0.1257420556826073,0.23150277336594194,0.07656643544956969,-0.0706211805899488,0.09116516304703402,0.003432134431815126,0.0019037118038455801,24.2472282982338,2021-04-26,51.20138436489647,0,0,7.611347717403621,1.3862943611198906,5.19295685089021,7.611347717403621,1.3862943611198906,5.353921643731886
2021-04-27,DOGEUSDT,0.27161,0.27994,0.2644,0.27232,3367212939.4,-1.2702194501448623,21.937351218190635,0.05019279983923896,0.1861752799842662,0.0026106315270136324,0.07656643544956969,0.09163957388627891,0.00011900395362448657,0.002246261720104143,24.283872236479457,2021-04-27,50.72075729132027,0,0,7.611347717403621,1.3862943611198906,5.19295685089021,7.611347717403621,1.3862943611198906,5.353921643731886
2021-04-28,DOGEUSDT,0.27227,0.348,0.25511,0.32311,13418044375.1,-1.2731799844896372,23.31986623321385,0.3026284850710163,0.21528858125595374,0.17101497713672256,0.0026106315270136324,0.08973119211172453,0.0073334458880021615,0.002392191292073755,24.392182058151366,2021-04-28,50.36049259671261,0,0,7.611347717403621,1.3862943611198906,5.19295685089021,7.611347717403621,1.3862943611198906,5.353921643731886
2021-04-29,DOGEUSDT,0.32321,0.32604,0.2955,0.30479,4149329330.8,-1.0555527992076628,22.14621255109305,0.06026554729893202,0.1765328227666983,-0.05836980764639807,0.17101497713672256,0.09268588486815385,0.0026356564361393327,0.0023180335294881002,24.423588484336065,2021-04-29,49.66997689036078,0,0,7.611347717403621,1.3862943611198906,5.19295685089021,7.611347717403621,1.3862943611198906,5.353921643731886
2021-04-30,DOGEUSDT,0.30479,0.34,0.30213,0.33746,4042637011.8,-1.1207352057558804,22.120163041679778,0.11780959078054173,0.16185201477015915,0.10182396989485751,-0.05836980764639807,0.09548595316291912,0.004603219682558232,0.0023753200278887037,24.448792737086112,2021-04-30,49.731501205495405,0,0,7.611347717403621,1.3862943611198906,5.19295685089021,7.611347717403621,1.3862943611198906,5.353921643731886
2021-05-01,DOGEUSDT,0.33746,0.3975,0.32756,0.39087,7062340392.2,-1.0788096613719298,22.678042333829087,0.19222537083508962,0.16944535378639175,0.14692803911275854,0.10182396989485751,0.08732401331928916,0.0064788678383223735,0.002638412009514757,24.575836677089203,2021-05-01,49.762129973612836,0,0,7.611347717403621,1.6094379124341003,4.948759890378168,7.611347717403621,1.6094379124341003,5.279927848083106
2021-05-02,DOGEUSDT,0.39086,0.39999,0.362,0.37397,5092764030.1,-0.9225603448877504,22.35108655157445,0.06927922495273937,0.14440382157797865,-0.0441994435894684,0.14692803911275854,0.09952215904945101,0.0019775076029292598,0.002775373545494735,24.62554365775389,2021-05-02,49.18714506642041,0,0,7.611347717403621,1.6094379124341003,4.948759890378168,7.611347717403621,1.6094379124341003,5.279927848083106
2021-05-03,DOGEUSDT,0.37459,0.4479,0.37386,0.44142,6428014853.9,-0.9163157321866603,22.58393159563108,0.18060991483749778,0.15345534489285845,0.1658212228787465,-0.0441994435894684,0.1050474586835887,0.007342442664448429,0.0023655492103587202,24.699837983512825,2021-05-03,48.277295407913044,0,0,7.611347717403621,1.6094379124341003,4.948759890378168,7.611347717403621,1.6094379124341003,5.279927848083106
2021-05-04,DOGEUSDT,0.44142,0.61186,0.3979,0.53854,21282557921.9,-0.8031852857688826,23.781153697292847,0.41462244487274974,0.21874711988783127,0.19886497107410464,0.1658212228787465,0.11032923621498385,0.008362292830929504,0.0025898052271610826,24.890071190027303,2021-05-04,47.058112710312244,0,0,7.611347717403621,1.6094379124341003,4.948759890378168,7.611347717403621,1.6094379124341003,5.279927848083106
2021-05-05,DOGEUSDT,0.53854,0.69663,0.51668,0.654,19076895175.7,-0.4912517808088869,23.671743763084674,0.2944199271874196,0.23766532171272836,0.19424557721086616,0.19886497107410464,0.0911410671197171,0.008205799249727683,0.0024678746379153387,25.07746025851315,2021-05-05,46.35657595368074,0,0,7.611347717403621,1.6094379124341003,4.948759890378168,7.611347717403621,1.6094379124341003,5.279927848083106
2021-05-06,DOGEUSDT,0.654,0.665,0.54,0.58106,8546432048.7,-0.3615008556554276,22.868779728553818,0.13232484713349718,0.21133020306792055,-0.11825332971353784,0.19424557721086616,0.1364444114776328,0.005170950576164213,0.0024062852369260666,25.096343180275227,2021-05-06,45.68060401207065,0,0,7.611347717403621,1.6094379124341003,4.948759890378168,7.611347717403621,1.6094379124341003,5.279927848083106
2021-05-07,DOGEUSDT,0.58099,0.733,0.51717,0.68982,12586268621.3,-0.4079682383262829,23.255872264688485,0.3384943602162872,0.2431212423550122,0.17157667225004294,-0.11825332971353784,0.13883089484319946,0.0073777784078459824,0.0024504909307521685,25.131489902222466,2021-05-07,45.89912598059631,0,0,7.611347717403621,1.6094379124341003,4.948759890378168,7.611347717403621,1.6094379124341003,5.279927848083106
2021-05-08,DOGEUSDT,0.68982,0.73995,0.6,0.63708,11387955620.8,-0.3106095770954856,23.155822109340207,0.15189739666757626,0.22031528093315322,-0.07953545761012339,0.17157667225004294,0.1464412649575395,0.003434793082904265,0.0019435397155580074,25.185048936346153,2021-05-08,45.906378830863964,0,0,7.611347717403621,1.6094379124341003,4.948759890378168,7.611347717403621,1.6094379124341003,5.279927848083106
2021-05-09,DOGEUSDT,0.63708,0.70009,0.416,0.57063,26072068896.0,-0.3011726626342801,23.98413042100656,0.42871739579631235,0.272415809648943,-0.1101542227507211,-0.07953545761012339,0.16010908925349454,0.004592796187192272,0.0020675494657537603,25.04445830878972,2021-05-09,45.63849766630697,0,0,7.611347717403621,1.6094379124341003,4.948759890378168,7.611347717403621,1.6094379124341003,5.279927848083106
2021-05-10,DOGEUSDT,0.57082,0.5726,0.41844,0.45074,9677354634.4,-0.3565463807747587,22.993054419316437,0.15513689683488385,0.2430960814454282,-0.23585033704233974,-0.1101542227507211,0.17318199679603222,0.010257460046030342,0.0025533422468060362,24.90322532886375,2021-05-10,45.502122658788934,0,0,7.611347717403621,1.6094379124341003,4.948759890378168,7.611347717403621,1.6094379124341003,5.279927848083106
2021-05-11,DOGEUSDT,0.4505,0.5485,0.4429,0.49326,7553577270.2,-0.5575678863181224,22.74528709861705,0.2095778753398627,0.23471652991903683,0.09014574180157749,-0.23585033704233974,0.14991545214356325,0.003963271222329767,0.002576010632820478,24.86509253616247,2021-05-11,44.951355520801926,0,0,7.611347717403621,1.6094379124341003,4.948759890378168,7.611347717403621,1.6094379124341003,5.279927848083106
2021-05-12,DOGEUSDT,0.49353,0.522,0.38203,0.3916,5372061299.6,-0.6005679992668521,22.40447752648794,0.15441379789834553,0.214640846913864,-0.23079550773574165,0.09014574180157749,0.1667113359469441,0.010301311756227349,0.0031197287152344827,24.784874582404903,2021-05-12,42.93417469458268,0,0,7.611347717403621,1.6094379124341003,4.948759890378168,7.611347717403621,1.6094379124341003,5.279927848083106
2021-05-13,DOGEUSDT,0.39142,0.52,0.3516,0.48945,10449387293.9,-0.6500876910994983,23.06980918147562,0.382945105026419,0.25671691144200276,0.22304140105108394,-0.23079550773574165,0.18198921707135637,0.0096681077548825,0.003357012204147893,24.771756144618728,2021-05-13,42.39481807476124,0,0,7.611347717403621,1.6094379124341003,4.948759890378168,7.611347717403621,1.6094379124341003,5.279927848083106
2021-05-14,DOGEUSDT,0.48927,0.59,0.46412,0.55971,10623296337.0,-0.6539264674066639,23.086315194147357,0.23411292940102565,0.2510659159317585,0.134136480744578,0.22304140105108394,0.19702699944725072,0.005810216122258572,0.0029644457378040483,24.94773886010367,2021-05-14,41.4906204553361,0,0,7.611347717403621,1.6094379124341003,4.948759890378168,7.611347717403621,1.6094379124341003,5.279927848083106
2021-05-15,DOGEUSDT,0.5599,0.56405,0.49009,0.50855,5232752313.5,-0.527632742082372,22.378203231570975,0.07721275859214985,0.20760262659685633,-0.09585525338041223,0.134136480744578,0.1958241656084448,0.004283420451074485,0.003025767184257692,24.952896884323014,2021-05-15,40.85052641896802,0,0,7.611347717403621,1.6094379124341003,4.948759890378168,7.611347717403621,1.6094379124341003,5.279927848083106
2021-05-16,DOGEUSDT,0.50838,0.5489,0.45,0.5137,5377121653.3,-0.5726123789312076,22.405419059271598,0.17715725680341607,0.19999128414849626,0.01007589840161719,-0.09585525338041223,0.16466537591278269,0.00044970809851680403,0.00372842827166802,24.91438941531,2021-05-16,40.875960224858986,0,0,7.611347717403621,1.6094379124341003,4.948759890378168,7.611347717403621,1.6094379124341003,5.279927848083106
2021-05-17,DOGEUSDT,0.51371,0.5162,0.45555,0.4875,4268994077.1,-0.5998390034262935,22.17464405730033,0.09353579974420115,0.1733774130474225,-0.052349147035320405,0.01007589840161719,0.16310353749153741,0.00236076605784732,0.00393343587580265,24.88689418085267,2021-05-17,41.00361884451319,0,0,7.611347717403621,1.6094379124341003,4.948759890378168,7.611347717403621,1.6094379124341003,5.279927848083106
2021-05-18,DOGEUSDT,0.48745,0.51536,0.46783,0.47574,3039758659.2,-0.6612609916976235,21.83504396079206,0.07795032355705356,0.14952064067483026,-0.024418803925539335,-0.052349147035320405,0.12169882200147579,0.0011183308799096894,0.00343698625407647,24.864215369538588,2021-05-18,40.498609614464485,0,0,7.611347717403621,1.6094379124341003,4.948759890378168,7.611347717403621,1.6094379124341003,5.279927848083106
2021-05-19,DOGEUSDT,0.47574,0.4794,0.21111,0.32945,11489907654.4,-0.6628895933992482,23.164734891733872,0.6065322220567523,0.2637735360203108,-0.3674468891525336,-0.024418803925539335,0.16704433821954745,0.015862339494489692,0.005690276100341203,24.60339153178137,2021-05-19,42.567935219649314,0,0,7.611347717403621,1.6094379124341003,4.948759890378168,7.611347717403621,1.6094379124341003,5.279927848083106
2021-05-20,DOGEUSDT,0.32972,0.435,0.29402,0.39758,8529470589.6,-0.735219956981853,22.866793131998712,0.3783115312631832,0.2924080348310289,0.18797157434654627,-0.3674468891525336,0.18082058221873465,0.008220285776911486,0.005843534718683356,24.589488319858194,2021-05-20,43.92616649421289,0,0,7.611347717403621,1.6094379124341003,4.948759890378168,7.611347717403621,1.6094379124341003,5.279927848083106
2021-05-21,DOGEUSDT,0.39747,0.41198,0.31357,0.35778,5243254333.5,-0.8324092478934529,22.38020819851534,0.20262980233273872,0.2699634767064564,-0.10547789934330579,0.18797157434654627,0.1812761902012494,0.004712999021622283,0.005829991609365717,24.5945157734059,2021-05-21,43.9576871407711,0,0,7.611347717403621,1.6094379124341003,4.948759890378168,7.611347717403621,1.6094379124341003,5.279927848083106
2021-05-22,DOGEUSDT,0.35778,0.364,0.31672,0.34199,3793145642.7,-0.886780474500214,22.056461496675027,0.10842305328909228,0.22957837085211535,-0.045136775494036406,-0.10547789934330579,0.17847199149284065,0.0020464196172555013,0.005587262913782226,24.528767778404152,2021-05-22,45.33808126254776,0,0,7.611347717403621,1.6094379124341003,4.948759890378168,7.611347717403621,1.6094379124341003,5.279927848083106
2021-05-23,DOGEUSDT,0.34199,0.35094,0.24782,0.30633,5634274411.3,-1.0106014113453965,22.452134211515506,0.2779492944156298,0.24167110174299397,-0.11011854463347676,-0.045136775494036406,0.1790285207177448,0.004904591411937931,0.005373797494285283,24.428289812692768,2021-05-23,46.736756134843674,0,0,7.611347717403621,1.6094379124341003,4.948759890378168,7.611347717403621,1.6094379124341003,5.279927848083106
2021-05-24,DOGEUSDT,0.30623,0.375,0.29511,0.36589,4854625486.1,-1.0471400102991477,22.303197795879047,0.23767180422274078,0.24067127736293067,0.1776697895445876,-0.11011854463347676,0.20771053292350003,0.007966112804569018,0.004788187218299729,24.500828688254376,2021-05-24,45.517774642925595,0,0,7.611347717403621,1.6094379124341003,4.948759890378168,7.611347717403621,1.6094379124341003,5.279927848083106
2021-05-25,DOGEUSDT,0.36589,0.38,0.32141,0.34598,3709319825.9,-0.9808292530117262,22.03411436142085,0.12603211113286178,0.21201148580541346,-0.05595177186131244,0.1776697895445876,0.1377824537996573,0.0025393247463250637,0.002608171100406771,24.554060059601774,2021-05-25,44.28832980026321,0,0,7.611347717403621,1.6094379124341003,4.948759890378168,7.611347717403621,1.6094379124341003,5.279927848083106
2021-05-26,DOGEUSDT,0.34597,0.36671,0.33632,0.35284,2385684153.7,-0.9675840262617056,21.592751777048417,0.07995592771244835,0.17899759628217218,0.019633726471734815,-0.05595177186131244,0.10769988389567933,0.0009092739394431465,0.002546286751177532,24.540573086267365,2021-05-26,43.37974788744281,0,0,7.611347717403621,1.6094379124341003,4.948759890378168,7.611347717403621,1.6094379124341003,5.279927848083106
2021-05-27,DOGEUSDT,0.35291,0.35309,0.327,0.33403,1794158136.6,-1.003183934028524,21.30780174418989,0.040756475428486955,0.14443731606875088,-0.054783887088191235,0.019633726471734815,0.10145048726823015,0.002571071748550009,0.0025506445020627285,24.51511725558961,2021-05-27,43.06803218259361,0,0,7.611347717403621,1.6094379124341003,4.948759890378168,7.611347717403621,1.6094379124341003,5.279927848083106
2021-05-28,DOGEUSDT,0.33404,0.34754,0.30052,0.31123,2620384686.8,-1.0410322970379,21.686586970964285,0.09727411397520482,0.13264651554536436,-0.0706986206161412,-0.054783887088191235,0.10366080506918932,0.0032600160048604277,0.002459826524465255,24.46224054197654,2021-05-28,43.563439270415145,0,0,7.611347717403621,1.6094379124341003,4.948759890378168,7.611347717403621,1.6094379124341003,5.279927848083106
2021-05-29,DOGEUSDT,0.31122,0.31794,0.28,0.3028,2016681043.4,-1.0568755126880287,21.42471894925432,0.10483290459824049,0.1256931128085834,-0.027459667122939905,-0.0706986206161412,0.09360966935728161,0.0012816815561492174,0.0025457206018645448,24.402040778870592,2021-05-29,44.059703015931134,0,0,7.611347717403621,1.6094379124341003,4.948759890378168,7.611347717403621,1.6094379124341003,5.279927848083106
2021-05-30,DOGEUSDT,0.30273,0.31079,0.28653,0.30179,1514854219.6,-1.1458925932494113,21.138585046591384,0.07063512161997501,0.1119286150114313,-0.003341110304682089,-0.027459667122939905,0.03492364284520915,0.00015805742424660757,0.0011857267610049956,24.390126709661818,2021-05-30,44.091785072220716,0,0,7.611347717403621,1.6094379124341003,4.948759890378168,7.611347717403621,1.6094379124341003,5.279927848083106
2021-05-31,DOGEUSDT,0.30179,0.32991,0.29386,0.32557,1897905257.4,-1.168637836038447,21.364016618817647,0.11418263220420584,0.11249211930962494,0.07584608103270724,-0.003341110304682089,0.053454091803482685,0.0035501789006240157,0.0013713577378193693,24.424249357664408,2021-05-31,43.38853045513859,0,0,7.611347717403621,1.6094379124341003,4.948759890378168,7.611347717403621,1.6094379124341003,5.279927848083106
2021-06-01,DOGEUSDT,0.32558,0.38476,0.31121,0.37006,4488851727.4,-1.1089353889911844,22.224862765993525,0.2079662960260915,0.1363606634887416,0.12808766236225114,0.07584608103270724,0.07816062325760856,0.005763259989989198,0.0019434554589167646,24.541376154266047,2021-06-01,42.740531388643696,0,0,7.611347717403621,1.791759469228055,5.030437921392435,7.611347717403621,1.791759469228055,5.203736370324734
2021-06-02,DOGEUSDT,0.37007,0.44834,0.3511,0.42338,8351828077.5,-0.9551355156977223,22.84574628328431,0.23823649638744301,0.16182962171341694,0.1346049662758638,0.12808766236225114,0.08564631880129414,0.005891904979017956,0.0023148814625934917,24.678011379543555,2021-06-02,42.409470659288814,0,0,7.611347717403621,1.791759469228055,5.030437921392435,7.611347717403621,1.791759469228055,5.203736370324734
2021-06-03,DOGEUSDT,0.42344,0.442,0.37722,0.40078,5070741840.7,-0.802203405836387,22.346752963510518,0.11747784787010325,0.15074167825258852,-0.054857472603436076,0.1346049662758638,0.0817239561319831,0.002454829687919831,0.0023420610133660074,24.699402129344573,2021-06-03,42.28773782496155,0,0,7.611347717403621,1.791759469228055,5.030437921392435,7.611347717403621,1.791759469228055,5.203736370324734
2021-06-04,DOGEUSDT,0.40078,0.40249,0.35,0.37628,4035854544.9,-0.816445396904439,22.11848389936812,0.10199859656596179,0.13855590783093183,-0.06307910122224725,-0.054857472603436076,0.08878062138019749,0.0028518727372652017,0.002168361807904568,24.63806798860737,2021-06-04,42.41416113499295,0,0,7.611347717403621,1.791759469228055,5.030437921392435,7.611347717403621,1.791759469228055,5.203736370324734
2021-06-05,DOGEUSDT,0.37628,0.395,0.35974,0.3713,2396911157.1,-0.910085027152651,21.597446727506508,0.07721149816118315,0.12321980541349466,-0.01332318592071623,-0.06307910122224725,0.08975815983459826,0.0006168870834045313,0.002033130222922036,24.613429434443937,2021-06-05,42.14989040884236,0,0,7.611347717403621,1.791759469228055,5.030437921392435,7.611347717403621,1.791759469228055,5.203736370324734
2021-06-06,DOGEUSDT,0.3713,0.37703,0.36634,0.37143,1194622756.0,-0.9288695140810151,20.901096287135125,0.02502111736764128,0.09867013340203132,0.0003500599176752475,-0.01332318592071623,0.08808681468993054,1.674839983827612e-05,0.002484738222207755,24.598743723594374,2021-06-06,41.90653175937784,0,0,7.611347717403621,1.791759469228055,5.030437921392435,7.611347717403621,1.791759469228055,5.203736370324734
2021-06-07,DOGEUSDT,0.37143,0.37999,0.3275,0.33146,2064211543.4,-0.9754305191032793,21.44801417127115,0.06999961079369671,0.09150250274994767,-0.11385328240531194,0.0003500599176752475,0.08511703384213819,0.00530833677636293,0.0023860679858986687,24.548126089151058,2021-06-07,41.58010804682784,0,0,7.611347717403621,1.791759469228055,5.030437921392435,7.611347717403621,1.791759469228055,5.203736370324734
2021-06-08,DOGEUSDT,0.3315,0.34183,0.29526,0.32586,2908803652.9,-0.9676103423974458,21.791007717756603,0.12613702081318354,0.10016113226575664,-0.017039297420588986,-0.11385328240531194,0.04241567423046915,0.0007819416908702372,0.0019599718109353263,24.466000051280144,2021-06-08,41.74915875258644,0,0,7.611347717403621,1.791759469228055,5.030437921392435,7.611347717403621,1.791759469228055,5.203736370324734
2021-06-09,DOGEUSDT,0.32592,0.3548,0.31227,0.34318,2068160059.0,-1.0734417415261654,21.449925188566578,0.1219797724026669,0.1056157922999842,0.05178724958266608,-0.017039297420588986,0.056708232829376336,0.002414332410365243,0.001958182256819356,24.491374508029942,2021-06-09,42.67892180205338,0,0,7.611347717403621,1.791759469228055,5.030437921392435,7.611347717403621,1.791759469228055,5.203736370324734
2021-06-10,DOGEUSDT,0.34323,0.34515,0.3225,0.32606,1348789846.5,-1.0362010285467127,21.02247361738104,0.03259685931522074,0.08736105905379334,-0.05117367734596669,0.05178724958266608,0.055337159736897276,0.0024342367257703264,0.001928979917726168,24.496748109946463,2021-06-10,43.89471652539264,0,0,7.611347717403621,1.791759469228055,5.030437921392435,7.611347717403621,1.791759469228055,5.203736370324734
2021-06-11,DOGEUSDT,0.32613,0.3338,0.31069,0.3187,1204137023.4,-1.0637761738326525,20.909028984168167,0.05387365563373449,0.07898920819877862,-0.022831192088217607,-0.05117367734596669,0.05511021901797236,0.0010919298120206757,0.0018733122044061175,24.457187067860357,2021-06-11,44.9289320863823,0,0,7.611347717403621,1.791759469228055,5.030437921392435,7.611347717403621,1.791759469228055,5.203736370324734
2021-06-12,DOGEUSDT,0.31874,0.31932,0.3,0.31216,1217468360.1,-1.0972132677544024,20.9200394249858,0.05020996220219551,0.07179439669963285,-0.020734344548489627,-0.022831192088217607,0.05379174811561904,0.0009911235885973336,0.0017004333145810729,24.43592561558174,2021-06-12,45.06744581763799,0,0,7.611347717403621,1.791759469228055,5.030437921392435,7.611347717403621,1.791759469228055,5.203736370324734
2021-06-13,DOGEUSDT,0.31221,0.33,0.30744,0.32394,1042596039.8,-1.141561544204539,20.76497963190242,0.06876833008594607,0.07103788004621116,0.03704243658344958,-0.020734344548489627,0.039563988296945796,0.0017838898587956798,0.0007333807000519647,24.446724275040854,2021-06-13,44.96087511312139,0,0,7.611347717403621,1.791759469228055,5.030437921392435,7.611347717403621,1.791759469228055,5.203736370324734
2021-06-14,DOGEUSDT,0.32392,0.33777,0.32,0.32767,1310349921.9,-1.1086626245216111,20.993560054444554,0.05050887624436443,0.06590562909574947,0.011448690909041848,0.03704243658344958,0.039369891436852614,0.0005453429946779342,0.0007892909506797305,24.4715881726309,2021-06-14,45.642478394235496,0,0,7.611347717403621,1.791759469228055,5.030437921392435,7.611347717403621,1.791759469228055,5.203736370324734
2021-06-15,DOGEUSDT,0.32769,0.33069,0.31642,0.32028,1015598512.1,-1.0853900884989882,20.73874394274843,0.02874629928882011,0.05661579664401713,-0.02281139116285946,0.011448690909041848,0.030979435927308726,0.00109994082697741,0.0006730966914371666,24.465919606853948,2021-06-15,45.76273087937775,0,0,7.611347717403621,1.791759469228055,5.030437921392435,7.611347717403621,1.791759469228055,5.203736370324734
2021-06-16,DOGEUSDT,0.32025,0.32146,0.30505,0.30775,888434880.9,-1.1065738983388034,20.604971911820723,0.025021945528000265,0.04871733386501291,-0.039907848139870125,-0.02281139116285946,0.028322085436636234,0.0019368067236711771,0.0005229476766869492,24.43212695784192,2021-06-16,45.89914287791949,0,0,7.611347717403621,1.791759469228055,5.030437921392435,7.611347717403621,1.791759469228055,5.203736370324734
2021-06-17,DOGEUSDT,0.30774,0.31413,0.3026,0.30619,680701230.2,-1.134882159841142,20.338634045673782,0.031099569484796724,0.04431289276995887,-0.005081940767483476,-0.039907848139870125,0.027585107396795212,0.0002498663752969415,0.0006648561323983345,24.412559864593838,2021-06-17,45.753599137869465,0,0,7.611347717403621,1.791759469228055,5.030437921392435,7.611347717403621,1.791759469228055,5.203736370324734
2021-06-18,DOGEUSDT,0.30619,0.30766,0.28,0.29328,1314700190.7,-1.1579483660146566,20.996874484718926,0.0677833214278212,0.05018049993442445,-0.04307804020568458,-0.005081940767483476,0.031141746444001913,0.0020516406018922413,0.0007634160978492396,24.38274892824468,2021-06-18,45.53606623943913,0,0,7.611347717403621,1.791759469228055,5.030437921392435,7.611347717403621,1.791759469228055,5.203736370324734
2021-06-19,DOGEUSDT,0.29321,0.29791,0.28558,0.28567,624846001.4,-1.1787600018545321,20.25301577957976,0.02608617028819953,0.04415691752286822,-0.02629048561836727,-0.04307804020568458,0.02089261178485159,0.0012981022631145546,0.0007237521175200517,24.353916928958018,2021-06-19,45.398354471155415,0,0,7.611347717403621,1.791759469228055,5.030437921392435,7.611347717403621,1.791759469228055,5.203736370324734
2021-06-20,DOGEUSDT,0.28563,0.28988,0.2551,0.28054,1528605029.5,-1.2109638515147896,21.147621411033246,0.11239912324185666,0.06121746895261533,-0.01812098118150215,-0.02629048561836727,0.014106024179907369,0.0008568803474062563,0.0006773426635327394,24.31220336519353,2021-06-20,45.40115021207085,0,0,7.611347717403621,1.791759469228055,5.030437921392435,7.611347717403621,1.791759469228055,5.203736370324734
2021-06-21,DOGEUSDT,0.28054,0.28138,0.1649,0.17873,7023706752.6,-1.2382882347410562,22.672556943062595,0.210696870609909,0.09858731936693875,-0.4508400300892381,-0.01812098118150215,0.17380462191152754,0.019884833952404618,0.007625730072409549,24.10662097842461,2021-06-21,46.08828221219462,0,0,7.611347717403621,1.791759469228055,5.030437921392435,7.611347717403621,1.791759469228055,5.203736370324734
2021-06-22,DOGEUSDT,0.17873,0.2174,0.16322,0.19072,7520083611.8,-1.2680492100330698,22.740843093436773,0.26509767397677275,0.14021490801939726,0.06493009667469779,-0.4508400300892381,0.185588980325241,0.0028552194132783603,0.00757594284856327,23.905062293422997,2021-06-22,47.37764911333494,0,0,7.611347717403621,1.791759469228055,5.030437921392435,7.611347717403621,1.791759469228055,5.203736370324734
2021-06-23,DOGEUSDT,0.19075,0.2485,0.18046,0.23468,5839514040.0,-1.5260163042950279,22.487913417995443,0.3149356537972632,0.18389509446386373,0.20741650018067417,0.06493009667469779,0.21980826999463707,0.009223465793615776,0.007445981867221481,24.050635731825512,2021-06-23,47.57432182504079,0,0,7.611347717403621,1.791759469228055,5.030437921392435,7.611347717403621,1.791759469228055,5.203736370324734
2021-06-24,DOGEUSDT,0.23475,0.26953,0.222,0.26377,3579998951.2,-1.3923124334454537,21.99862834439808,0.19086789405002352,0.1856382943604037,0.11685462724160091,0.20741650018067417,0.2294752164569589,0.00531190515209362,0.0072130535172583955,24.199006322942818,2021-06-24,47.1227639470773,0,0,7.611347717403621,1.791759469228055,5.030437921392435,7.611347717403621,1.791759469228055,5.203736370324734
2021-06-25,DOGEUSDT,0.26374,0.28959,0.22886,0.23745,5942192455.5,-1.3110755775742167,22.50534400247275,0.1650246165435346,0.18048487490618642,-0.10512043630412936,0.11685462724160091,0.23230632875102786,0.004670909997757837,0.006841734723268473,24.225638464840717,2021-06-25,47.05352078714456,0,0,7.611347717403621,1.791759469228055,5.030437921392435,7.611347717403621,1.791759469228055,5.203736370324734
2021-06-26,DOGEUSDT,0.23748,0.2554,0.23057,0.24583,2653188955.6,-1.2392891494535037,21.69902813293552,0.09660610970457612,0.15951518360578384,0.034683165136771985,-0.10512043630412936,0.23387823257116275,0.0015983741264489492,0.006711127347947879,24.172082125299987,2021-06-26,47.077347280737705,0,0,7.611347717403621,1.791759469228055,5.030437921392435,7.611347717403621,1.791759469228055,5.203736370324734
2021-06-27,DOGEUSDT,0.24583,0.26753,0.24002,0.2645,1968559379.6,-1.3649243353836982,21.400567832790244,0.10724674955899574,0.1464480750940868,0.07320101116645134,0.034683165136771985,0.1028572342338196,0.0034205172375983287,0.002656632119488852,24.22057750699932,2021-06-27,47.45893103016709,0,0,7.611347717403621,1.791759469228055,5.030437921392435,7.611347717403621,1.791759469228055,5.203736370324734
2021-06-28,DOGEUSDT,0.26462,0.26735,0.2505,0.25707,1734504424.8,-1.3185235694016542,21.273987575423,0.04569296342714619,0.12125929717735165,-0.028492829949216928,0.07320101116645134,0.10976839973230128,0.0013393271876370545,0.0029062227740285743,24.247530069136292,2021-06-28,47.185388980985046,0,0,7.611347717403621,1.791759469228055,5.030437921392435,7.611347717403621,1.791759469228055,5.203736370324734
2021-06-29,DOGEUSDT,0.25709,0.27573,0.25248,0.26349,1927372368.1,-1.3191966175873966,21.37942344491883,0.08329625726876667,0.11176853720020541,0.024666995247998456,-0.028492829949216928,0.07804136116701572,0.0011537727063383914,0.0018111923220945397,24.255040879496494,2021-06-29,46.737018801536344,0,0,7.611347717403621,1.791759469228055,5.030437921392435,7.611347717403621,1.791759469228055,5.203736370324734
2021-06-30,DOGEUSDT,0.26349,0.26391,0.23778,0.25391,1610075649.0,-1.2883331529440094,21.19954700179545,0.08309436092277257,0.1045999931308472,-0.03703554307721867,0.024666995247998456,0.06350062136994242,0.0017469969086642287,0.0014077486557133383,24.22637355088723,2021-06-30,46.32431369655031,0,0,7.611347717403621,1.791759469228055,5.030437921392435,7.611347717403621,1.791759469228055,5.203736370324734
2021-07-01,DOGEUSDT,0.2539,0.2614,0.23817,0.24381,2253058516.9,-1.3321471430494443,21.535554470939832,0.06485491767290384,0.09466372426636135,-0.04059064008669393,-0.03703554307721867,0.04665704735585514,0.0018848198285986602,0.0008107849702734492,24.21211129274943,2021-07-01,45.89727683307205,0,0,7.611347717403621,1.9459101490553132,5.2832037287379885,7.611347717403621,1.9459101490553132,5.345317719007269
2021-07-02,DOGEUSDT,0.2438,0.24916,0.23839,0.24505,1081847381.6,-1.3417034777920154,20.80193595529622,0.03973999191161292,0.08093279117767424,0.005073037922333236,-0.04059064008669393,0.04432149372192882,0.0002438733555009157,0.0010504464913628267,24.185429882663563,2021-07-02,46.05011321929632,0,0,7.611347717403621,1.9459101490553132,5.2832037287379885,7.611347717403621,1.9459101490553132,5.345317719007269
2021-07-03,DOGEUSDT,0.24498,0.25039,0.242,0.24636,759251070.1,-1.3896600185961923,20.447843071306327,0.03103217249857332,0.06845763650789902,0.00533160946328601,0.005073037922333236,0.027027419995163032,0.0002607419004876682,0.0007116007031329527,24.188656803704443,2021-07-03,45.92147890086279,0,0,7.611347717403621,1.9459101490553132,5.2832037287379885,7.611347717403621,1.9459101490553132,5.345317719007269
2021-07-04,DOGEUSDT,0.24634,0.253,0.24324,0.24643,823044174.7,-1.3847355766558973,20.52852043241352,0.034849583894567486,0.060055623354566136,0.0002840966759505799,0.00533160946328601,0.026015903783836804,1.383912088968698e-05,0.0008215319886145621,24.193401667290203,2021-07-04,45.80404184406167,0,0,7.611347717403621,1.9459101490553132,5.2832037287379885,7.611347717403621,1.9459101490553132,5.345317719007269
2021-07-05,DOGEUSDT,0.24636,0.249,0.22547,0.2311,1181584860.3,-1.374365790254617,20.89012247621852,0.05695103291681813,0.05927947574512914,-0.06422746021445795,0.0002840966759505799,0.029432189321536212,0.0030745372741387707,0.0012235467135174505,24.159828985554846,2021-07-05,45.53607875055047,0,0,7.611347717403621,1.9459101490553132,5.2832037287379885,7.611347717403621,1.9459101490553132,5.345317719007269
2021-07-06,DOGEUSDT,0.23117,0.2423,0.22931,0.23417,981368400.5,-1.3903023825174294,20.704458482711644,0.052540419058778313,0.05759471157354143,0.013196830033585929,-0.06422746021445795,0.03133524070112844,0.000637390736135667,0.0012088530021248161,24.14533531238664,2021-07-06,45.22446232298769,0,0,7.611347717403621,1.9459101490553132,5.2832037287379885,7.611347717403621,1.9459101490553132,5.345317719007269
2021-07-07,DOGEUSDT,0.23418,0.23862,0.22084,0.22386,952129896.6,-1.417578651159657,20.674212029456132,0.04744485046096895,0.05505724629539831,-0.0450264908527996,0.013196830033585929,0.03214443559953594,0.002177906020729927,0.0012558354236182222,24.123505673331998,2021-07-07,44.8532934610094,0,0,7.611347717403621,1.9459101490553132,5.2832037287379885,7.611347717403621,1.9459101490553132,5.345317719007269
2021-07-08,DOGEUSDT,0.22386,0.22481,0.20148,0.2069,1487061330.1,-1.432882950534483,21.12006774775683,0.057096716689081846,0.055567113893819194,-0.07878527170962409,-0.0450264908527996,0.039469959241525736,0.003730351277779016,0.0015664154044524366,24.051231048686766,2021-07-08,45.14503838733794,0,0,7.611347717403621,1.9459101490553132,5.2832037287379885,7.611347717403621,1.9459101490553132,5.345317719007269
2021-07-09,DOGEUSDT,0.20708,0.22986,0.19521,0.21963,2291127903.5,-1.492499677966219,21.55231006753684,0.15495288566352075,0.08041355683624458,0.05970872757516356,-0.07878527170962409,0.052726911246230405,0.002770409639990277,0.0014524603508888096,24.056569517670248,2021-07-09,45.73980921459473,0,0,7.611347717403621,1.9459101490553132,5.2832037287379885,7.611347717403621,1.9459101490553132,5.345317719007269
2021-07-10,DOGEUSDT,0.21966,0.22812,0.2097,0.21375,919482894.5,-1.4702848510415243,20.63932199879048,0.06379195069115083,0.07625815529997115,-0.02713720450979138,0.05970872757516356,0.05188812357918817,0.0013148302309243345,0.0011502472118166528,24.069227837322224,2021-07-10,45.899583383926306,0,0,7.611347717403621,1.9459101490553132,5.2832037287379885,7.611347717403621,1.9459101490553132,5.345317719007269
2021-07-11,DOGEUSDT,0.21376,0.21917,0.21061,0.21597,551263176.4,-1.477883472693799,20.127722887206104,0.03699782657238964,0.06644307311807578,0.010332401332451542,-0.02713720450979138,0.04909755323979594,0.000513341791833749,0.001267560982462651,24.06013485280037,2021-07-11,46.06482149592679,0,0,7.611347717403621,1.9459101490553132,5.2832037287379885,7.611347717403621,1.9459101490553132,5.345317719007269
2021-07-12,DOGEUSDT,0.21597,0.219,0.20394,0.20775,805441341.2,-1.5179075945885094,20.506900935086637,0.045315194185027906,0.06116110338481381,-0.03880407541376365,0.010332401332451542,0.048497604775305764,0.0018922447392999858,0.0011210685896361232,24.046303682284986,2021-07-12,46.12802380481624,0,0,7.611347717403621,1.9459101490553132,5.2832037287379885,7.611347717403621,1.9459101490553132,5.345317719007269
2021-07-13,DOGEUSDT,0.20776,0.20893,0.19749,0.19997,916221269.9,-1.5186835491656363,20.635768454493437,0.030803873583635448,0.05357179593451922,-0.03816807843864591,-0.03880407541376365,0.047865110325759665,0.0018496078070857989,0.001122555184268169,24.001857577229032,2021-07-13,46.24397389498812,0,0,7.611347717403621,1.9459101490553132,5.2832037287379885,7.611347717403621,1.9459101490553132,5.345317719007269
2021-07-14,DOGEUSDT,0.19995,0.20479,0.18725,0.19761,1247947078.4,-1.5657560113479776,20.94476570086632,0.07533549974357061,0.05901272188678207,-0.011871963976200314,-0.03816807843864591,0.03784196166921671,0.0005668224770692596,0.0008680082034612127,23.970060812118337,2021-07-14,46.35866934912869,0,0,7.611347717403621,1.9459101490553132,5.2832037287379885,7.611347717403621,1.9459101490553132,5.345317719007269
2021-07-15,DOGEUSDT,0.19759,0.20089,0.18051,0.18534,966797093.3,-1.5857702151339161,20.68949920027274,0.06449104817738081,0.060382303459431755,-0.064103415162166,-0.011871963976200314,0.02550801295541375,0.00309835509026342,0.0009695569187808463,23.939134586513333,2021-07-15,46.02999802824483,0,0,7.611347717403621,1.9459101490553132,5.2832037287379885,7.611347717403621,1.9459101490553132,5.345317719007269
2021-07-16,DOGEUSDT,0.18534,0.18833,0.17118,0.17202,1185633674.2,-1.604997784408079,20.893543214768066,0.043784554632912226,0.05623286625280187,-0.07458122703521183,-0.064103415162166,0.031684353918844485,0.003569582538901109,0.0012589674303954204,23.875405675707942,2021-07-16,46.1429311014149,0,0,7.611347717403621,1.9459101490553132,5.2832037287379885,7.611347717403621,1.9459101490553132,5.345317719007269
2021-07-17,DOGEUSDT,0.17203,0.2053,0.16884,0.18734,2572720766.9,-1.6695595357754813,21.66822984002725,0.19108862618911243,0.0899468062368795,0.08531439865765103,-0.07458122703521183,0.05776302472288415,0.003937303567827751,0.0012724931351340764,23.89810792703243,2021-07-17,46.39188320017129,0,0,7.611347717403621,1.9459101490553132,5.2832037287379885,7.611347717403621,1.9459101490553132,5.345317719007269
2021-07-18,DOGEUSDT,0.18738,0.19605,0.18019,0.18157,1344894101.6,-1.5832829549572491,21.019581112030572,0.06414135001762485,0.08349544218206584,-0.031283893498408925,0.08531439865765103,0.057450549082726766,0.0014883214528239846,0.0013199650123733124,23.91125791499447,2021-07-18,46.175062151910424,0,0,7.611347717403621,1.9459101490553132,5.2832037287379885,7.611347717403621,1.9459101490553132,5.345317719007269
2021-07-19,DOGEUSDT,0.18156,0.18429,0.17025,0.17362,1079953391.4,-1.6293855502437964,20.800183721040177,0.0494303208605355,0.07497916185168325,-0.04477225131891379,-0.031283893498408925,0.05787364943346178,0.0021524930702234595,0.0012994976945236063,23.86428883869116,2021-07-19,46.3216862376501,0,0,7.611347717403621,1.9459101490553132,5.2832037287379885,7.611347717403621,1.9459101490553132,5.345317719007269
2021-07-20,DOGEUSDT,0.17362,0.17997,0.15988,0.17047,1865041957.2,-1.6912446751381913,21.34654938694731,0.09767073978639992,0.08065205633536242,-0.018309674800828304,-0.04477225131891379,0.05767317774988041,0.0008577346375252597,0.0012171583160059977,23.8383503617008,2021-07-20,46.69165172421954,0,0,7.611347717403621,1.9459101490553132,5.2832037287379885,7.611347717403621,1.9459101490553132,5.345317719007269
2021-07-21,DOGEUSDT,0.17048,0.21442,0.16836,0.19046,4505979384.2,-1.7149651086490256,22.22867110375736,0.23874677254677965,0.12017573538821673,0.11088287060306641,-0.018309674800828304,0.07527368101903371,0.004988281579474341,0.0015862029608273663,23.91746610652957,2021-07-21,46.40970326888568,0,0,7.611347717403621,1.9459101490553132,5.2832037287379885,7.611347717403621,1.9459101490553132,5.345317719007269
2021-07-22,DOGEUSDT,0.19045,0.19646,0.18632,0.19123,1393922167.5,-1.5398185705540433,21.05538731379484,0.047082134878458436,0.10190233526077716,0.004034693308983091,0.11088287060306641,0.06486968012291719,0.00019162284924294337,0.0018497528049342452,23.94070237775475,2021-07-22,46.11764630361016,0,0,7.611347717403621,1.9459101490553132,5.2832037287379885,7.611347717403621,1.9459101490553132,5.345317719007269
2021-07-23,DOGEUSDT,0.19119,0.19977,0.18292,0.19489,1352326692.4,-1.6272964307354136,21.025092421768345,0.08167713616374546,0.09684603548651924,0.01895840475904997,0.004034693308983091,0.05608746065413904,0.0009017037537214995,0.0017123175171393124,23.951417908472354,2021-07-23,46.06176686300786,0,0,7.611347717403621,1.9459101490553132,5.2832037287379885,7.611347717403621,1.9459101490553132,5.345317719007269
2021-07-24,DOGEUSDT,0.1949,0.2045,0.19117,0.19688,1627615706.2,-1.6105885741914963,21.210382023959234,0.061722250608786194,0.08806508926708598,0.010159109248867591,0.01895840475904997,0.05295560701208374,0.0004789687068055572,0.0017924492443311373,23.970187401212463,2021-07-24,46.08808837449036,0,0,7.611347717403621,1.9459101490553132,5.2832037287379885,7.611347717403621,1.9459101490553132,5.345317719007269
2021-07-25,DOGEUSDT,0.19689,0.20076,0.19105,0.19793,1122436168.6,-1.5871873034992807,20.83876731057403,0.045057915983290925,0.07731329594613721,0.005319026749843204,0.010159109248867591,0.04533287436715975,0.0002552467077620382,0.0018411462032019914,23.975338402051268,2021-07-25,46.4732305606787,0,0,7.611347717403621,1.9459101490553132,5.2832037287379885,7.611347717403621,1.9459101490553132,5.345317719007269
2021-07-26,DOGEUSDT,0.19788,0.23314,0.19679,0.20362,4546455511.8,-1.6056451141954042,22.23761375792895,0.16728152231303997,0.09980535253786291,0.028342078846406018,0.005319026749843204,0.04084808007208385,0.0012745107975580556,0.0018299050977024114,24.021134043574193,2021-07-26,47.33109889075186,0,0,7.611347717403621,1.9459101490553132,5.2832037287379885,7.611347717403621,1.9459101490553132,5.345317719007269
2021-07-27,DOGEUSDT,0.20363,0.2095,0.19506,0.20585,2030159664.4,-1.4561161474904507,21.431380279320962,0.06591357485285487,0.09133240811661089,0.010892236536864101,0.028342078846406018,0.009195160918935042,0.0005082377520674191,0.000413441153148594,24.005288123139934,2021-07-27,48.150545730165376,0,0,7.611347717403621,1.9459101490553132,5.2832037287379885,7.611347717403621,1.9459101490553132,5.345317719007269
2021-07-28,DOGEUSDT,0.20586,0.21386,0.20161,0.20574,1698684418.6,-1.5630315396199446,21.25311991700376,0.05169042237989096,0.0814219116824309,-0.0005345125130297589,0.010892236536864101,0.010214040837629697,2.5149837535246627e-05,0.0004504000231440099,24.022771690391338,2021-07-28,48.63441370679233,0,0,7.611347717403621,1.9459101490553132,5.2832037287379885,7.611347717403621,1.9459101490553132,5.345317719007269
2021-07-29,DOGEUSDT,0.20571,0.20664,0.2003,0.20502,875707720.8,-1.5424336836536265,20.59054294117164,0.02759172625063946,0.06796436532448304,-0.0035057003476284972,-0.0005345125130297589,0.01129640186521154,0.000170257790561642,0.000442878217295134,24.009126214174557,2021-07-29,48.32858087855095,0,0,7.611347717403621,1.9459101490553132,5.2832037287379885,7.611347717403621,1.9459101490553132,5.345317719007269
2021-07-30,DOGEUSDT,0.20503,0.21065,0.19587,0.20873,1260492016.3,-1.5767771301945521,20.954767970815745,0.06981119393962468,0.06842607247826844,0.017934015402559584,-0.0035057003476284972,0.011958813117645723,0.0008558441414162523,0.00047314884747007155,24.016461578728258,2021-07-30,48.55910776082679,0,0,7.611347717403621,1.9459101490553132,5.2832037287379885,7.611347717403621,1.9459101490553132,5.345317719007269
2021-07-31,DOGEUSDT,0.20872,0.2145,0.20476,0.20765,1177482439.7,-1.5575572905571116,20.8866444705377,0.03921578072422617,0.061123499539757875,-0.005187580681052443,0.017934015402559584,0.013416263304203957,0.00024836831442072687,0.00047391143274669496,24.02870774806068,2021-07-31,48.25161625742386,0,0,7.611347717403621,1.9459101490553132,5.2832037287379885,7.611347717403621,1.9459101490553132,5.345317719007269
2021-08-01,DOGEUSDT,0.20764,0.21799,0.20082,0.20424,1550637730.2,-1.5394455406140655,21.161932122098527,0.06748835442861667,0.06271471326197257,-0.01655819714353419,-0.005187580681052443,0.012266945164468782,0.0007824520487069871,0.0003394197543640228,24.022238777308417,2021-08-01,47.53319305604427,0,0,7.611347717403621,2.0794415416798357,5.231108616854587,7.611347717403621,2.0794415416798357,5.457960062323462
2021-08-02,DOGEUSDT,0.2042,0.20998,0.2018,0.20327,896401081.3,-1.5233060888048133,20.613898506159842,0.03456752582493114,0.05567791640271222,-0.004760628362357776,-0.01655819714353419,0.011237793854676532,0.00023094265070409685,0.0003457366228864229,24.008209752643754,2021-08-02,46.7035495373069,0,0,7.611347717403621,2.0794415416798357,5.231108616854587,7.611347717403621,2.0794415416798357,5.457960062323462
2021-08-03,DOGEUSDT,0.20325,0.2051,0.1931,0.19626,977103235.1,-1.5607429908953419,20.70010286982916,0.03711907999344885,0.05103820730039638,-0.0350948337925231,-0.004760628362357776,0.01742661104763499,0.0016953941733146925,0.0005862897998294016,23.986045994965856,2021-08-03,46.30016455498509,0,0,7.611347717403621,2.0794415416798357,5.231108616854587,7.611347717403621,2.0794415416798357,5.457960062323462
2021-08-04,DOGEUSDT,0.19626,0.20326,0.19416,0.20153,873261017.4,-1.584257613903802,20.58774505811901,0.04478834944228894,0.049475742835869516,0.026497942901050286,-0.0350948337925231,0.022494599388295667,0.0012870735880130071,0.0005754153621864478,23.981973123016253,2021-08-04,45.94969304231709,0,0,7.611347717403621,2.0794415416798357,5.231108616854587,7.611347717403621,2.0794415416798357,5.457960062323462
2021-08-05,DOGEUSDT,0.20152,0.20258,0.1943,0.20095,946707300.6,-1.5932693312725166,20.668500522699258,0.038036349099247,0.04661589440171389,-0.002882132784187735,0.026497942901050286,0.020126407268539925,0.00013944566423783003,0.0006441812786742569,23.986198153859117,2021-08-05,45.86152761353627,0,0,7.611347717403621,2.0794415416798357,5.231108616854587,7.611347717403621,2.0794415416798357,5.457960062323462
2021-08-06,DOGEUSDT,0.20094,0.212,0.19841,0.20482,1263420290.4,-1.5966204087234859,20.95708839645505,0.06286958508893,0.050679317073517915,0.019075423752081478,-0.002882132784187735,0.022677831169336457,0.000910213450991987,0.000600256250450477,24.002405758558748,2021-08-06,46.37392624436416,0,0,7.611347717403621,2.0794415416798357,5.231108616854587,7.611347717403621,2.0794415416798357,5.457960062323462
2021-08-07,DOGEUSDT,0.20482,0.2628,0.20358,0.26189,5158338816.2,-1.5511690043101247,22.363880429762773,0.25529298778860127,0.10183273475228875,0.2457930236249947,0.019075423752081478,0.10241106178935656,0.010990625012369644,0.004182028852025974,24.14065896129787,2021-08-07,46.36191713419459,0,0,7.611347717403621,2.0794415416798357,5.231108616854587,7.611347717403621,2.0794415416798357,5.457960062323462
2021-08-08,DOGEUSDT,0.26184,0.28377,0.235,0.23996,5791158603.5,-1.3363619923716816,22.479598212744566,0.1320087550076955,0.10937673981614043,-0.08745232548739393,0.2457930236249947,0.11469864842523286,0.003890297533779486,0.0040420258970738174,24.232782387140848,2021-08-08,46.385299264053806,0,0,7.611347717403621,2.0794415416798357,5.231108616854587,7.611347717403621,2.0794415416798357,5.457960062323462
2021-08-09,DOGEUSDT,0.23996,0.26666,0.23048,0.25609,3702865258.6,-1.259591228088948,22.032372751124313,0.14010843821206756,0.11705966441512222,0.06505670241105445,-0.08745232548739393,0.1109669201057649,0.0029527778576519683,0.003983564071535499,24.201887816583824,2021-08-09,46.81278926071558,0,0,7.611347717403621,2.0794415416798357,5.231108616854587,7.611347717403621,2.0794415416798357,5.457960062323462
2021-08-10,DOGEUSDT,0.2561,0.26321,0.24513,0.25732,2588076619.6,-1.3217808402948246,21.674180818865526,0.06382353002124391,0.10375063081665264,0.004791501346852821,0.06505670241105445,0.11201415549731376,0.00022106954753658913,0.004116165380020596,24.23400630575095,2021-08-10,46.51891552510882,0,0,7.611347717403621,2.0794415416798357,5.231108616854587,7.611347717403621,2.0794415416798357,5.457960062323462
2021-08-11,DOGEUSDT,0.25734,0.28295,0.25626,0.26445,3712761104.7,-1.334803086331753,22.035041669834428,0.0976319897410297,0.10222097054774691,0.02733175096918944,0.004791501346852821,0.11032785827985983,0.0012403766409303464,0.003975431604495664,24.268088915705157,2021-08-11,45.65276317615888,0,0,7.611347717403621,2.0794415416798357,5.231108616854587,7.611347717403621,2.0794415416798357,5.457960062323462
2021-08-12,DOGEUSDT,0.26448,0.2949,0.25165,0.26401,3923287429.8,-1.2624850753936043,22.0901957693461,0.14018145898265885,0.1117110926564749,-0.0016652162951771667,0.02733175096918944,0.11164839436373171,7.53825956349349e-05,0.004091552398031845,24.284175849063917,2021-08-12,45.331258155135494,0,0,7.611347717403621,2.0794415416798357,5.231108616854587,7.611347717403621,2.0794415416798357,5.457960062323462
2021-08-13,DOGEUSDT,0.26405,0.28756,0.26121,0.28667,2142420241.3,-1.2211189631609065,21.485201980812114,0.09593230137179165,0.10776639483530409,0.08234474720200485,-0.0016652162951771667,0.060118973312477536,0.00383262616174355,0.0017480145437479687,24.30773808312753,2021-08-13,45.193131501534694,0,0,7.611347717403621,2.0794415416798357,5.231108616854587,7.611347717403621,2.0794415416798357,5.457960062323462
2021-08-14,DOGEUSDT,0.2867,0.29864,0.2757,0.29402,3131790645.4,-1.2463237448664664,21.864870769098808,0.07601393947200358,0.09982828099447896,0.025316063817003413,0.08234474720200485,0.03330657712808211,0.0011578419138329465,0.0015075125640599746,24.357324877739792,2021-08-14,44.848888151515574,0,0,7.611347717403621,2.0794415416798357,5.231108616854587,7.611347717403621,2.0794415416798357,5.457960062323462
2021-08-15,DOGEUSDT,0.29399,0.3495,0.2862,0.33984,4964816125.0,-1.2085164443758085,22.325642099518085,0.1979202033368701,0.12435126158007676,0.14482712637769907,0.025316063817003413,0.056260363329335254,0.006487030730499136,0.0025090033989380004,24.44750411370862,2021-08-15,44.35092722154004,0,0,7.611347717403621,2.0794415416798357,5.231108616854587,7.611347717403621,2.0794415416798357,5.457960062323462
2021-08-16,DOGEUSDT,0.33996,0.3517,0.31001,0.31956,4130699106.8,-1.0512517173082723,22.14171250484815,0.08415333183823362,0.11430177914461598,-0.061529868999678,0.14482712637769907,0.07086768361760752,0.002778911928614619,0.0023221689951433153,24.49225151958084,2021-08-16,44.12711885001028,0,0,7.611347717403621,2.0794415416798357,5.231108616854587,7.611347717403621,2.0794415416798357,5.457960062323462
2021-08-17,DOGEUSDT,0.31946,0.34021,0.29452,0.29933,3520234606.5,-1.0449767395022003,21.981793473909295,0.10194344262287304,0.11121219501418024,-0.06539840589921654,-0.061529868999678,0.08234537096770925,0.0029751169292368904,0.002225714262350273,24.441830988062225,2021-08-17,44.208226832227986,0,0,7.611347717403621,2.0794415416798357,5.231108616854587,7.611347717403621,2.0794415416798357,5.457960062323462
2021-08-18,DOGEUSDT,0.2993,0.325,0.2775,0.3032,4089557667.2,-1.0781922049785457,22.131702651323657,0.14040824167811647,0.1185112066801643,0.012846010053591907,-0.06539840589921654,0.0817700004838091,0.0005804347842538726,0.002104476085429104,24.39957243626915,2021-08-18,44.303873815085254,0,0,7.611347717403621,2.0794415416798357,5.231108616854587,7.611347717403621,2.0794415416798357,5.457960062323462
2021-08-19,DOGEUSDT,0.30321,0.31943,0.29355,0.31778,2386616242.5,-1.1239300966523995,21.593142401583535,0.08349198195162547,0.1097564004980296,0.04696666569200439,0.012846010053591907,0.07782088340521684,0.002175073216233691,0.0020769943741015535,24.423985434418576,2021-08-19,43.940138335694925,0,0,7.611347717403621,2.0794415416798357,5.231108616854587,7.611347717403621,2.0794415416798357,5.457960062323462
2021-08-20,DOGEUSDT,0.31777,0.3364,0.31373,0.32733,2177517962.3,-1.141217121500547,21.50145151570398,0.06721519583564405,0.09912109933243321,0.02960951687489602,0.04696666569200439,0.07793041709169174,0.0013770938605363534,0.0020462979877698983,24.4690754498962,2021-08-20,44.00418477200623,0,0,7.611347717403621,2.0794415416798357,5.231108616854587,7.611347717403621,2.0794415416798357,5.457960062323462
2021-08-21,DOGEUSDT,0.32733,0.33,0.31313,0.31662,1751965697.2,-1.089454350883344,21.28400425004519,0.030296292033551907,0.08191489750771289,-0.03326651968948558,0.02960951687489602,0.04812973140183484,0.0015629821953928125,0.0009090524532489777,24.46606593908061,2021-08-21,44.23707362706811,0,0,7.611347717403621,2.0794415416798357,5.231108616854587,7.611347717403621,2.0794415416798357,5.457960062323462
2021-08-22,DOGEUSDT,0.31666,0.32159,0.305,0.31467,1401118643.8,-1.1086626245216111,21.060536785797787,0.0446011032252053,0.07258644893708599,-0.006177846004009328,-0.03326651968948558,0.041544572164780594,0.0002933375377295877,0.0009952070562599402,24.442605351436114,2021-08-22,44.30788239398124,0,0,7.611347717403621,2.0794415416798357,5.231108616854587,7.611347717403621,2.0794415416798357,5.457960062323462
2021-08-23,DOGEUSDT,0.31467,0.328,0.3128,0.31783,1842154214.4,-1.1344778366881338,21.334201492447743,0.045428274039245736,0.06579690521262593,0.009992177998766205,-0.006177846004009328,0.027902980615986894,0.0004683642836270864,0.0007433891857245688,24.452822672855554,2021-08-23,43.936634366781774,0,0,7.611347717403621,2.0794415416798357,5.231108616854587,7.611347717403621,2.0794415416798357,5.457960062323462
2021-08-24,DOGEUSDT,0.31775,0.31968,0.27433,0.28864,2336380653.8,-1.1147416705979933,21.571868839750316,0.09163930912291558,0.07225750619019834,-0.09633641176612953,0.009992177998766205,0.051389342240712836,0.004465835226506253,0.0015159692545871355,24.397628705525523,2021-08-24,43.85035380113596,0,0,7.611347717403621,2.0794415416798357,5.231108616854587,7.611347717403621,2.0794415416798357,5.457960062323462
2021-08-25,DOGEUSDT,0.28862,0.29789,0.27948,0.29255,1658742148.8,-1.1404347835219484,21.229325410396775,0.059055226774425054,0.06895693633625502,0.013455355359986166,-0.09633641176612953,0.04570034836417714,0.0006338098408627054,0.0015543018411250356,24.36160123619863,2021-08-25,44.07264976573345,0,0,7.611347717403621,2.0794415416798357,5.231108616854587,7.611347717403621,2.0794415416798357,5.457960062323462
2021-08-26,DOGEUSDT,0.29254,0.29645,0.2641,0.2684,1401204832.1,-1.2110309881378427,21.060598297825763,0.05644434674721128,0.06582878893899409,-0.08615718713671822,0.013455355359986166,0.048089653567050535,0.0040909183071789965,0.0018830392130751966,24.326748819266182,2021-08-26,44.12374377513225,0,0,7.611347717403621,2.0794415416798357,5.231108616854587,7.611347717403621,2.0794415416798357,5.457960062323462
2021-08-27,DOGEUSDT,0.2684,0.2951,0.265,0.2944,1345067751.7,-1.2158767088287603,21.019710221742688,0.10744365326437334,0.0762325050203389,0.09246098175719426,-0.08615718713671822,0.0702701173184864,0.00439877528195194,0.0021170854482286806,24.329194263466615,2021-08-27,43.90838126713841,0,0,7.611347717403621,2.0794415416798357,5.231108616854587,7.611347717403621,2.0794415416798357,5.457960062323462
2021-08-28,DOGEUSDT,0.2944,0.2995,0.283,0.286,813242385.1,-1.2204409970332435,20.51653975973255,0.037278831313412884,0.0664940865936074,-0.028947576034868628,0.09246098175719426,0.07049903421561218,0.0014109385098009326,0.0019370357228515158,24.35797828366499,2021-08-28,43.53125450076582,0,0,7.611347717403621,2.0794415416798357,5.231108616854587,7.611347717403621,2.0794415416798357,5.457960062323462
2021-08-29,DOGEUSDT,0.286,0.2918,0.2764,0.2809,758831427.0,-1.205640861426633,20.44729021187808,0.04049628390269076,0.05999463592087824,-0.01799307670965456,-0.028947576034868628,0.06935816985587187,0.0008799736553453994,0.0018528325620309541,24.33769436851043,2021-08-29,43.652158405671805,0,0,7.611347717403621,2.0794415416798357,5.231108616854587,7.611347717403621,2.0794415416798357,5.457960062323462
2021-08-30,DOGEUSDT,0.2809,0.2905,0.2698,0.272,994923907.0,-1.2316866428934519,20.718176816821593,0.05302437283544046,0.058252070149518796,-0.03219666781420055,-0.01799307670965456,0.05960511917599409,0.0015540299756520706,0.0016514578417567084,24.3142343633263,2021-08-30,43.25585570731833,0,0,7.611347717403621,2.0794415416798357,5.231108616854587,7.611347717403621,2.0794415416798357,5.457960062323462
2021-08-31,DOGEUSDT,0.2719,0.286,0.2696,0.2781,994391602.0,-1.2361517026901712,20.71764165283147,0.05700207540647947,0.057939571463758964,0.022178694943921873,-0.03219666781420055,0.06038985834475945,0.0010705221817991393,0.0015786864681469467,24.317848633025697,2021-08-31,42.62703448678908,0,0,7.611347717403621,2.0794415416798357,5.231108616854587,7.611347717403621,2.0794415416798357,5.457960062323462
2021-09-01,DOGEUSDT,0.2782,0.295,0.2728,0.2943,1077645215.0,-1.2517634681622845,20.7980441411631,0.07793825812778568,0.06293924312976565,0.056618893999507904,0.022178694943921873,0.051050127808151,0.0027223181956542177,0.0013371547713498138,24.34155237555271,2021-09-01,41.68886771734319,0,0,7.611347717403621,2.1972245773362196,5.332718793265369,7.611347717403621,2.1972245773362196,5.3230923986686545
2021-09-02,DOGEUSDT,0.2944,0.31,0.2917,0.2947,1859879704.7,-1.2207799226423173,21.34377764768754,0.056885415966197006,0.06142578633887349,0.0013582345042219318,0.056618893999507904,0.03434415223256789,6.363608760556442e-05,0.0008781669361898625,24.392494194052855,2021-09-02,41.51376872777599,0,0,7.611347717403621,2.1972245773362196,5.332718793265369,7.611347717403621,2.1972245773362196,5.3230923986686545
2021-09-03,DOGEUSDT,0.2946,0.3047,0.287,0.2961,1248795134.0,-1.171182981502945,20.945445030617226,0.05322768630814354,0.059376261331191005,0.004739345363896347,0.0013582345042219318,0.03124590110049774,0.00022627093179297737,0.0009719709521550085,24.375532608922086,2021-09-03,41.20062222056655,0,0,7.611347717403621,2.1972245773362196,5.332718793265369,7.611347717403621,2.1972245773362196,5.3230923986686545
2021-09-04,DOGEUSDT,0.2961,0.3087,0.2929,0.2992,1170386591.0,-1.1884275929904735,20.88059995083764,0.04920027670117324,0.056832265173686565,0.010415010992776775,0.004739345363896347,0.02899348835728732,0.0004987888766270324,0.0010001885984247045,24.387473550519452,2021-09-04,40.906372743755874,0,0,7.611347717403621,2.1972245773362196,5.332718793265369,7.611347717403621,2.1972245773362196,5.3230923986686545
2021-09-05,DOGEUSDT,0.2993,0.3155,0.296,0.3143,1273101183.7,-1.1753853474740235,20.96472163780915,0.06346725097144089,0.058491011623125144,0.0492356977031998,0.010415010992776775,0.023546865867123516,0.0023485023342453984,0.0011289195329735181,24.4160486090136,2021-09-05,40.898439445279664,0,0,7.611347717403621,2.1972245773362196,5.332718793265369,7.611347717403621,2.1972245773362196,5.3230923986686545
2021-09-06,DOGEUSDT,0.3144,0.3199,0.2997,0.309,1327741283.1,-1.1535965970008693,21.006745052078596,0.05093610675783833,0.05660228540680344,-0.017006666905776503,0.0492356977031998,0.028988683118668583,0.000809581249432725,0.0011378162564786721,24.429815420687195,2021-09-06,41.05480217281692,0,0,7.611347717403621,2.1972245773362196,5.332718793265369,7.611347717403621,2.1972245773362196,5.3230923986686545
2021-09-07,DOGEUSDT,0.3091,0.3114,0.2145,0.2552,4143609594.1,-1.1397468320266646,22.144833127547606,0.2573703244939632,0.10679429517859337,-0.1912937254271107,-0.017006666905776503,0.08491477881180716,0.00863830060607439,0.0033075001842192996,24.295764841798324,2021-09-07,41.69905014079528,0,0,7.611347717403621,2.1972245773362196,5.332718793265369,7.611347717403621,2.1972245773362196,5.3230923986686545
2021-09-08,DOGEUSDT,0.2553,0.2635,0.2332,0.2567,2036725778.0,-1.1666770195822391,21.43460934460855,0.11204928748311127,0.10810804325472284,0.005860536406459954,-0.1912937254271107,0.0852005381104438,0.00027341465907957193,0.0032827163188921937,24.228206242164294,2021-09-08,41.2435487286221,0,0,7.611347717403621,2.1972245773362196,5.332718793265369,7.611347717403621,2.1972245773362196,5.3230923986686545
2021-09-09,DOGEUSDT,0.2566,0.2597,0.2486,0.2525,972908690.0,-1.33370191100072,20.695800791964558,0.03189968995012516,0.08905595492857342,-0.01649683916168011,0.005860536406459954,0.08425314613529175,0.0007971104538310615,0.003224171378793862,24.229726141748525,2021-09-09,40.42475750395288,0,0,7.611347717403621,2.1972245773362196,5.332718793265369,7.611347717403621,2.1972245773362196,5.3230923986686545
2021-09-10,DOGEUSDT,0.2525,0.262,0.2353,0.2397,1039971873.0,-1.3482281603134343,20.762459504541656,0.07264139886287369,0.08495231591214848,-0.05202310727507589,-0.01649683916168011,0.08261473099149932,0.0025056331723944444,0.003111064670785956,24.20124250146446,2021-09-10,40.590786635198675,0,0,7.611347717403621,2.1972245773362196,5.332718793265369,7.611347717403621,2.1972245773362196,5.3230923986686545
2021-09-11,DOGEUSDT,0.2398,0.2479,0.2376,0.241,574961334.0,-1.3394107752210402,20.16981335128317,0.03925192950564066,0.07352721931052153,0.005408792050316231,-0.05202310727507589,0.07506234285173827,0.0002681627219902921,0.0032523468191701516,24.181080143391508,2021-09-11,40.50471690005975,0,0,7.611347717403621,2.1972245773362196,5.332718793265369,7.611347717403621,2.1972245773362196,5.3230923986686545
2021-09-12,DOGEUSDT,0.241,0.2551,0.2387,0.2502,824439503.0,-1.3947298399409922,20.53021432310575,0.06503354694626551,0.07140380121945752,0.03746366454215564,0.005408792050316231,0.08199161383335869,0.0018248063051145122,0.003190401937994507,24.203702076001278,2021-09-12,40.31613116020148,0,0,7.611347717403621,2.1972245773362196,5.332718793265369,7.611347717403621,2.1972245773362196,5.3230923986686545
2021-09-13,DOGEUSDT,0.2504,0.2523,0.2281,0.2358,1194502511.0,-1.3660996538343713,20.900995626862713,0.06212057050490719,0.06908299354081994,-0.05927660992954007,0.03746366454215564,0.03719556904141094,0.0028360663285033005,0.0011293408063195777,24.182433278989862,2021-09-13,40.56747084933862,0,0,7.611347717403621,2.1972245773362196,5.332718793265369,7.611347717403621,2.1972245773362196,5.3230923986686545
2021-09-14,DOGEUSDT,0.2359,0.2417,0.2335,0.2406,600777341.0,-1.3771364233351249,20.213734942989266,0.033832742120472284,0.060270430685733026,0.020151815437307912,-0.05927660992954007,0.03906891671320182,0.000996936760778946,0.0010156477127298078,24.165301158242947,2021-09-14,40.847498958808,0,0,7.611347717403621,2.1972245773362196,5.332718793265369,7.611347717403621,2.1972245773362196,5.3230923986686545
2021-09-15,DOGEUSDT,0.2406,0.2484,0.2388,0.2476,624731884.0,-1.4200579912726998,20.25283313006003,0.03910545937754039,0.054979187858684865,0.028678737269862534,0.020151815437307912,0.04199395633745225,0.0014160358249975633,0.0009549520290878574,24.181782654039278,2021-09-15,40.81280849776081,0,0,7.611347717403621,2.1972245773362196,5.332718793265369,7.611347717403621,2.1972245773362196,5.3230923986686545
2021-09-16,DOGEUSDT,0.2477,0.2479,0.2329,0.2418,767085717.0,-1.3927149289228133,20.458109109280233,0.04858835581590084,0.053381479847988855,-0.023703602629748778,0.028678737269862534,0.036672177176684674,0.0011586409331933967,0.0008652266149686774,24.186919091958927,2021-09-16,40.844166974802484,0,0,7.611347717403621,2.1972245773362196,5.332718793265369,7.611347717403621,2.1972245773362196,5.3230923986686545
2021-09-17,DOGEUSDT,0.2419,0.2599,0.2373,0.2401,1532347235.0,-1.3947298399409922,21.150066537282253,0.08218569165339877,0.06058253279934134,-0.007055434953484661,-0.023703602629748778,0.0367562652412427,0.00033358925566724353,0.000848098255366027,24.18431302206888,2021-09-17,41.12962532600548,0,0,7.611347717403621,2.1972245773362196,5.332718793265369,7.611347717403621,2.1972245773362196,5.3230923986686545
2021-09-18,DOGEUSDT,0.2401,0.2474,0.2379,0.2413,532008968.0,-1.3474583373346924,20.092170904306695,0.036102440639473286,0.05446250975937433,0.00498546940377846,-0.007055434953484661,0.0321251721324563,0.0002481299520854583,0.0009397512224161977,24.17830443866698,2021-09-18,41.38181976155094,0,0,7.611347717403621,2.1972245773362196,5.332718793265369,7.611347717403621,2.1972245773362196,5.3230923986686545
2021-09-19,DOGEUSDT,0.2414,0.2415,0.2307,0.2331,486273037.0,-1.3967488190237496,20.002280828638437,0.02209434157052641,0.04637046771216235,-0.0345734265892745,0.00498546940377846,0.02465066963999171,0.0017284742117895727,0.0005892402560120201,24.161421989866525,2021-09-19,41.40778316409712,0,0,7.611347717403621,2.1972245773362196,5.332718793265369,7.611347717403621,2.1972245773362196,5.3230923986686545
2021-09-20,DOGEUSDT,0.2331,0.2335,0.1988,0.2086,1842218251.9,-1.4208858058895097,21.334236254134076,0.08907802853254457,0.0570473579172579,-0.11104900347503933,-0.0345734265892745,0.04814865533364473,0.005205201730787088,0.00182394880265457,24.08012907485505,2021-09-20,41.83679428308984,0,0,7.611347717403621,2.1972245773362196,5.332718793265369,7.611347717403621,2.1972245773362196,5.3230923986686545
2021-09-21,DOGEUSDT,0.2086,0.2185,0.1976,0.2009,1475472637.8,-1.454573201873185,21.112244207817476,0.07455933711623765,0.061425352717002835,-0.03761127074578346,-0.11104900347503933,0.04073728623627232,0.0017814908910468502,0.0018194000647424743,24.016590125315947,2021-09-21,41.78238669064826,0,0,7.611347717403621,2.1972245773362196,5.332718793265369,7.611347717403621,2.1972245773362196,5.3230923986686545
2021-09-22,DOGEUSDT,0.2008,0.2304,0.1999,0.2245,1505717159.7,-1.5209692644464923,21.132535139721657,0.1415887687444527,0.0814662067238653,0.11106843536142033,-0.03761127074578346,0.07271060972604501,0.0052558027054998785,0.002269580519409241,24.05702617957609,2021-09-22,41.54685154800208,0,0,7.611347717403621,2.1972245773362196,5.332718793265369,7.611347717403621,2.1972245773362196,5.3230923986686545
2021-09-23,DOGEUSDT,0.2244,0.2273,0.2175,0.2246,809134784.0,-1.4679383501604009,20.511476066831612,0.03961219574051356,0.07100270397802737,0.0004453351220338586,0.11106843536142033,0.07288458438166542,2.1711510209350286e-05,0.002329843066223358,24.104746221795246,2021-09-23,41.06282470847257,0,0,7.611347717403621,2.1972245773362196,5.332718793265369,7.611347717403621,2.1972245773362196,5.3230923986686545
2021-09-24,DOGEUSDT,0.2245,0.2291,0.1965,0.2091,1446332143.9,-1.4814845481236396,21.092296632715748,0.10673599641297325,0.07993602708676384,-0.07150843586975487,0.0004453351220338586,0.07612174712879279,0.0033902631427456735,0.0020981968831491134,24.062352290001375,2021-09-24,41.16834839291345,0,0,7.611347717403621,2.1972245773362196,5.332718793265369,7.611347717403621,2.1972245773362196,5.3230923986686545
2021-09-25,DOGEUSDT,0.2092,0.214,0.2043,0.2083,648108334.0,-1.4735966895226873,20.289568422441945,0.03888257178722836,0.06967266326187997,-0.0038332581676615435,-0.07150843586975487,0.07629168020940039,0.0001889275359559468,0.0023488637807741967,24.03377696142708,2021-09-25,41.240312018954,0,0,7.611347717403621,2.1972245773362196,5.332718793265369,7.611347717403621,2.1972245773362196,5.3230923986686545
2021-09-26,DOGEUSDT,0.2084,0.2089,0.194,0.205,778024870.7,-1.5417792639602856,20.472269049112438,0.06423595847652513,0.06831348706554126,-0.015969369128518207,-0.0038332581676615435,0.06177971298588964,0.0007800488109162745,0.0020594325557416033,24.017953394046394,2021-09-26,41.45772959872152,0,0,7.611347717403621,2.1972245773362196,5.332718793265369,7.611347717403621,2.1972245773362196,5.3230923986686545
2021-09-27,DOGEUSDT,0.205,0.2093,0.1996,0.1997,447272392.0,-1.565899610419617,19.91867834505848,0.03159804508106387,0.05913462656942191,-0.02619373871663867,-0.015969369128518207,0.060662503324276335,0.0013150339727804748,0.002073693622451086,24.00791553579163,2021-09-27,41.522633988145685,0,0,7.611347717403621,2.1972245773362196,5.332718793265369,7.611347717403621,2.1972245773362196,5.3230923986686545
2021-09-28,DOGEUSDT,0.1998,0.2027,0.196,0.1965,478010126.0,-1.5639866495301828,19.98514247433177,0.02309293704414252,0.05012420418810206,-0.01615380911245346,-0.02619373871663867,0.025972282768810712,0.0008082909157740986,0.0012223125413233747,23.98605983550466,2021-09-28,41.801441580853826,0,0,7.611347717403621,2.1972245773362196,5.332718793265369,7.611347717403621,2.1972245773362196,5.3230923986686545
2021-09-29,DOGEUSDT,0.1966,0.2043,0.1946,0.1987,508197881.0,-1.5960282255241827,20.046381459223383,0.04562878119179973,0.04900034843902648,0.011133718248455228,-0.01615380911245346,0.028114515731757682,0.0005553979041605327,0.0011466197111300296,23.98693731484262,2021-09-29,41.697336469383934,0,0,7.611347717403621,2.1972245773362196,5.332718793265369,7.611347717403621,2.1972245773362196,5.3230923986686545
2021-09-30,DOGEUSDT,0.1987,0.206,0.1976,0.2042,525345573.0,-1.5881657771585607,20.079566838300444,0.04104207423082384,0.04701077988697582,0.027303756172794107,0.011133718248455228,0.019962522566420126,0.0013597781462453661,0.00044836227010641374,24.025411407144638,2021-09-30,41.814921225374015,0,0,7.611347717403621,2.1972245773362196,5.332718793265369,7.611347717403621,2.1972245773362196,5.3230923986686545
2021-10-01,DOGEUSDT,0.2043,0.2253,0.2018,0.2226,1029403020.0,-1.579879110192556,20.75224487892644,0.10947987804705434,0.06262805442699546,0.08627653311087936,0.027303756172794107,0.04190563428270673,0.004157455427797681,0.001342006876507885,24.097532628917023,2021-10-01,42.05675835992077,0,0,7.611347717403621,2.302585092994046,5.293304824724492,7.611347717403621,2.302585092994046,5.335313618478648
2021-10-02,DOGEUSDT,0.2227,0.225,0.2151,0.2185,726979560.0,-1.4903224315439383,20.404408919559216,0.031731577351788214,0.05490393515819365,-0.018590424305799547,0.08627653311087936,0.04225602727733677,0.0009110983993258034,0.0013290277274518138,24.078840404327487,2021-10-02,41.70258293584075,0,0,7.611347717403621,2.302585092994046,5.293304824724492,7.611347717403621,2.302585092994046,5.335313618478648
2021-10-03,DOGEUSDT,0.2186,0.2266,0.2155,0.2218,697996641.0,-1.491654876777717,20.36372484839415,0.0470828942994852,0.05294867494351654,0.014990060380621837,-0.018590424305799547,0.038231536216986745,0.0007361158379530909,0.001367163562332074,24.08465677928524,2021-10-03,41.47042747606052,0,0,7.611347717403621,2.302585092994046,5.293304824724492,7.611347717403621,2.302585092994046,5.335313618478648
2021-10-04,DOGEUSDT,0.2218,0.249,0.2119,0.2414,3281218340.0,-1.4845689303882312,21.911480635495753,0.15689069323886304,0.07893417951735317,0.08467923374716442,0.014990060380621837,0.04241585073520717,0.003864605735953203,0.0016359986236221039,24.13067980909918,2021-10-04,41.78415490864864,0,0,7.611347717403621,2.302585092994046,5.293304824724492,7.611347717403621,2.302585092994046,5.335313618478648
2021-10-05,DOGEUSDT,0.2415,0.268,0.2325,0.2516,3796153741.0,-1.3903023825174294,22.057254217664262,0.1333912778784229,0.0925484541076206,0.04138521616285428,0.08467923374716442,0.040881761088283626,0.001876263280753752,0.0014968682896213724,24.217588168266033,2021-10-05,42.58826173239077,0,0,7.611347717403621,2.302585092994046,5.293304824724492,7.611347717403621,2.302585092994046,5.335313618478648
2021-10-06,DOGEUSDT,0.2517,0.2719,0.2422,0.2541,3681509190.0,-1.3167682984712803,22.026588611035038,0.10380137819913461,0.0953616851304991,0.00988736549983299,0.04138521616285428,0.04249387897500776,0.00044888319632389856,0.0016331409781728066,24.23421420022087,2021-10-06,43.58181075190583,0,0,7.611347717403621,2.302585092994046,5.293304824724492,7.611347717403621,2.302585092994046,5.335313618478648
2021-10-07,DOGEUSDT,0.2542,0.257,0.2357,0.2428,2142393485.0,-1.3023209273437122,21.485189491914483,0.056482710431066646,0.08564194145564098,-0.045489831140775275,0.00988736549983299,0.04552627611219912,0.0021172646002444824,0.00126470242270353,24.206840992283517,2021-10-07,44.148129083097814,0,0,7.611347717403621,2.302585092994046,5.293304824724492,7.611347717403621,2.302585092994046,5.335313618478648
2021-10-08,DOGEUSDT,0.2429,0.2549,0.2414,0.2441,1381822126.0,-1.3586791940869172,21.046668846338303,0.051893348424178504,0.07720479319777536,0.005339918213571263,-0.045489831140775275,0.0430297577872744,0.0002537179756358594,0.0013668099828529783,24.19123411981513,2021-10-08,43.74054467164183,0,0,7.611347717403621,2.302585092994046,5.293304824724492,7.611347717403621,2.302585092994046,5.335313618478648
2021-10-09,DOGEUSDT,0.2442,0.2527,0.2407,0.2467,1073585552.0,-1.3668839676000673,20.794269866565056,0.04494533118713528,0.06913992769511534,0.010595046136396648,0.005339918213571263,0.043138022119356884,0.0005095175836605035,0.001396584992042187,24.19139569103595,2021-10-09,43.68212136068675,0,0,7.611347717403621,2.302585092994046,5.293304824724492,7.611347717403621,2.302585092994046,5.335313618478648
2021-10-10,DOGEUSDT,0.2467,0.2487,0.226,0.2288,977648960.0,-1.3755522645879885,20.700661226960612,0.04303397087844597,0.062613438490948,-0.07532476402966819,0.010595046136396648,0.04293124278651918,0.0036387612551991794,0.001321512419074926,24.16698363202016,2021-10-10,44.402654910121306,0,0,7.611347717403621,2.302585092994046,5.293304824724492,7.611347717403621,2.302585092994046,5.335313618478648
2021-10-11,DOGEUSDT,0.2287,0.2394,0.2249,0.2312,1072711057.0,-1.391507928172778,20.793454979149473,0.057617510178523845,0.06136445641284196,0.010434877292579494,-0.07532476402966819,0.037145396910303205,0.0005018347024601256,0.00135651093182446,24.12511150301886,2021-10-11,45.086405903949206,0,0,7.611347717403621,2.302585092994046,5.293304824724492,7.611347717403621,2.302585092994046,5.335313618478648
2021-10-12,DOGEUSDT,0.2312,0.2318,0.216,0.2261,1030470079.0,-1.4296194858582643,20.753280922453552,0.05736477871763345,0.06036453698903983,-0.022305757514298162,0.010434877292579494,0.035266323086286404,0.0010748063208726164,0.0013061761867264462,24.109257520195772,2021-10-12,45.53986094057696,0,0,7.611347717403621,2.302585092994046,5.293304824724492,7.611347717403621,2.302585092994046,5.335313618478648
2021-10-13,DOGEUSDT,0.226,0.2342,0.2203,0.2326,1044380785.0,-1.4618803480764857,20.766689996496677,0.05973703837062136,0.06020766233443521,0.028342860800639903,-0.022305757514298162,0.037195029721691565,0.001364823224376216,0.0012527263749638987,24.12472840592099,2021-10-13,45.20738572914211,0,0,7.611347717403621,2.302585092994046,5.293304824724492,7.611347717403621,2.302585092994046,5.335313618478648
2021-10-14,DOGEUSDT,0.2325,0.2403,0.2311,0.2325,1098049682.0,-1.4515798278185201,20.816801426733235,0.03639558245800637,0.054254642365328,-0.00043001505715304484,0.028342860800639903,0.03688069511448794,2.0657114814998108e-05,0.0012918288572868726,24.15384733691079,2021-10-14,44.97415298837231,0,0,7.611347717403621,2.302585092994046,5.293304824724492,7.611347717403621,2.302585092994046,5.335313618478648
2021-10-15,DOGEUSDT,0.2325,0.2436,0.2239,0.234,1457540715.0,-1.4258671362397137,21.10001641061865,0.07480511651834927,0.05939226090358332,0.006430890330290331,-0.00043001505715304484,0.036495365588731885,0.00030478129519624284,0.0013157247896155473,24.15194038257896,2021-10-15,45.51138108231267,0,0,7.611347717403621,2.302585092994046,5.293304824724492,7.611347717403621,2.302585092994046,5.335313618478648
2021-10-16,DOGEUSDT,0.2341,0.2459,0.2337,0.2372,1224144433.0,-1.412227743146395,20.92550801489199,0.05027778671288681,0.0571136423559092,0.013582551765868912,0.006430890330290331,0.01684703424073927,0.0006490906579760291,0.0004956999545922948,24.166195139258225,2021-10-16,46.11426557858846,0,0,7.611347717403621,2.302585092994046,5.293304824724492,7.611347717403621,2.302585092994046,5.335313618478648
2021-10-17,DOGEUSDT,0.2373,0.2421,0.2252,0.2378,1210409235.0,-1.4028303297599902,20.914224350118502,0.06556174508776148,0.05922566803887227,0.0025263171331111355,0.013582551765868912,0.016740567456311573,0.00012079420641276716,0.000541208049680713,24.161833385708093,2021-10-17,46.32328378490556,0,0,7.611347717403621,2.302585092994046,5.293304824724492,7.611347717403621,2.302585092994046,5.335313618478648
2021-10-18,DOGEUSDT,0.2377,0.273,0.237,0.2474,4909224967.0,-1.4184044150381243,22.314381918432048,0.1403811193229167,0.07951453085988337,0.03957647570170603,0.0025263171331111355,0.015818671753792077,0.0017735860149016814,0.0007141656525892858,24.211712516946967,2021-10-18,46.779089005601605,0,0,7.611347717403621,2.302585092994046,5.293304824724492,7.611347717403621,2.302585092994046,5.335313618478648
2021-10-19,DOGEUSDT,0.2474,0.255,0.2399,0.2454,1415459318.0,-1.2982834837971773,21.07071992172879,0.05044534423252281,0.07224723420304323,-0.008116927681576467,0.03957647570170603,0.016651204283252573,0.0003852230826344967,0.0006416129991676006,24.2033214606883,2021-10-19,47.20198872180086,0,0,7.611347717403621,2.302585092994046,5.293304824724492,7.611347717403621,2.302585092994046,5.335313618478648
2021-10-20,DOGEUSDT,0.2454,0.262,0.2421,0.2548,1638568849.0,-1.3664917338237108,21.217089044750406,0.07656848101651231,0.0733275459064105,0.03758939142119723,-0.008116927681576467,0.01938704212533265,0.0017716563917847018,0.0007465049635285631,24.22072770746369,2021-10-20,47.16305391611665,0,0,7.611347717403621,2.302585092994046,5.293304824724492,7.611347717403621,2.302585092994046,5.335313618478648
2021-10-21,DOGEUSDT,0.2548,0.2584,0.2382,0.2424,1573673715.0,-1.3394107752210402,21.176678668756377,0.04816125000374691,0.06703597193074459,-0.049889669502848996,0.03758939142119723,0.03321952579140651,0.002355877910942435,0.0009077938436557364,24.206203810878517,2021-10-21,46.35256525833205,0,0,7.611347717403621,2.302585092994046,5.293304824724492,7.611347717403621,2.302585092994046,5.335313618478648
2021-10-22,DOGEUSDT,0.2425,0.2549,0.2352,0.2446,1553243637.0,-1.35324650707369,21.163611250327982,0.07217386594812965,0.06832044543509086,0.009034969057912675,-0.049889669502848996,0.0330600794427154,0.000426910556570191,0.0009376288631244091,24.197818879890445,2021-10-22,45.59150287099615,0,0,7.611347717403621,2.302585092994046,5.293304824724492,7.611347717403621,2.302585092994046,5.335313618478648
2021-10-23,DOGEUSDT,0.2446,0.254,0.24,0.2511,1258672648.0,-1.3668839676000673,20.95332354866891,0.05473896034352741,0.0649250741622,0.026227042910467215,0.009034969057912675,0.034088118769204805,0.0012516889193997735,0.0007947984920448141,24.207865471583666,2021-10-23,45.004367172520006,0,0,7.611347717403621,2.302585092994046,5.293304824724492,7.611347717403621,2.302585092994046,5.335313618478648
2021-10-24,DOGEUSDT,0.2511,0.2832,0.2457,0.2756,4887922846.0,-1.3704210119636004,22.310033274321246,0.13994486107189782,0.08368002088962445,0.09309927297596433,0.026227042910467215,0.047880688566805066,0.0041729777733286125,0.0014210423258742399,24.27108539018279,2021-10-24,44.86951187553772,0,0,7.611347717403621,2.302585092994046,5.293304824724492,7.611347717403621,2.302585092994046,5.335313618478648
2021-10-25,DOGEUSDT,0.2757,0.2805,0.2585,0.2651,2939692178.0,-1.2616019171625723,21.801570711454886,0.055080448317077244,0.07653012774648765,-0.03884342584452369,0.09309927297596433,0.05263830760925905,0.0017816801531696405,0.0012628007722628883,24.298437166760937,2021-10-25,45.05630275794755,0,0,7.611347717403621,2.302585092994046,5.293304824724492,7.611347717403621,2.302585092994046,5.335313618478648
2021-10-26,DOGEUSDT,0.2651,0.2743,0.252,0.2559,2132162373.0,-1.271181554019386,21.480402500293703,0.06058913756534314,0.07254488020120152,-0.03532037012923663,-0.03884342584452369,0.054183373077184876,0.0016443067176582793,0.0012676630864533152,24.26513238387604,2021-10-26,44.644149030479156,0,0,7.611347717403621,2.302585092994046,5.293304824724492,7.611347717403621,2.302585092994046,5.335313618478648
2021-10-27,DOGEUSDT,0.2558,0.2636,0.2169,0.2379,5223432326.0,-1.2935328810385796,22.376420556476855,0.1452640837754259,0.09072468109475762,-0.07293632585683123,-0.03532037012923663,0.05908381670127659,0.0032595171186000885,0.0013761468576861584,24.200306452607236,2021-10-27,44.62064716928124,0,0,7.611347717403621,2.302585092994046,5.293304824724492,7.611347717403621,2.302585092994046,5.335313618478648
2021-10-28,DOGEUSDT,0.2379,0.34,0.2324,0.2997,17320109431.0,-1.333322476353785,23.57513405824781,0.3765876645436528,0.1621904269569814,0.23093155701370552,-0.07293632585683123,0.11303266699223084,0.009795556472473745,0.00320808859459742,24.33354426926486,2021-10-28,44.38881536429628,0,0,7.611347717403621,2.302585092994046,5.293304824724492,7.611347717403621,2.302585092994046,5.335313618478648
2021-10-29,DOGEUSDT,0.2997,0.307,0.2752,0.2882,4977184874.0,-1.0788096613719298,22.328130281803027,0.08104316846661694,0.1419036123343903,-0.039127290757195836,0.23093155701370552,0.11699477578170155,0.0017523764983171826,0.0031389649213840244,24.383695042869917,2021-10-29,44.152705097159156,0,0,7.611347717403621,2.302585092994046,5.293304824724492,7.611347717403621,2.302585092994046,5.335313618478648
2021-10-30,DOGEUSDT,0.2882,0.295,0.258,0.269,3441001301.0,-1.18090753139494,21.959028341849447,0.08801736750514313,0.1284320511270785,-0.06894330396358257,-0.039127290757195836,0.11626833891124942,0.003139633634526107,0.0031384371538940724,24.325243034483773,2021-10-30,44.274496249209164,0,0,7.611347717403621,2.302585092994046,5.293304824724492,7.611347717403621,2.302585092994046,5.335313618478648
2021-10-31,DOGEUSDT,0.269,0.2852,0.252,0.28,3857354566.0,-1.2207799226423173,22.073247439870645,0.11880938035032536,0.12602638343289022,0.040078223567410524,-0.06894330396358257,0.11600745303493211,0.001815692216407528,0.0031346063874627553,24.308484001211177,2021-10-31,44.20911179684616,0,0,7.611347717403621,2.302585092994046,5.293304824724492,7.611347717403621,2.302585092994046,5.335313618478648
2021-11-01,DOGEUSDT,0.28,0.2866,0.2631,0.2716,2497093967.0,-1.2545645904419962,21.638393479494333,0.06302935837330292,0.1102771271679934,-0.030459207484708574,0.040078223567410524,0.11565148962584546,0.0014076464370413313,0.0031649932273712603,24.316683276135304,2021-11-01,43.87547584953231,0,0,7.611347717403621,2.3978952727983707,5.5093883366279774,7.611347717403621,2.3978952727983707,5.481935343459496
2021-11-02,DOGEUSDT,0.2716,0.281,0.2666,0.2739,1912493294.0,-1.2496677635880655,21.371673617253588,0.0478727110655171,0.09467602314237432,0.008432680584491384,-0.030459207484708574,0.10854422992716783,0.0003945727758860957,0.003419547418456966,24.311952147801776,2021-11-02,43.69520018341808,0,0,7.611347717403621,2.3978952727983707,5.5093883366279774,7.611347717403621,2.3978952727983707,5.481935343459496
2021-11-03,DOGEUSDT,0.2739,0.2776,0.262,0.2689,1607498166.0,-1.2694006096483912,21.197944873173377,0.043940020737335245,0.08199202254111455,-0.018423512994213537,0.008432680584491384,0.038128015637432934,0.0008691178840421005,0.0009440677465323092,24.293437956467383,2021-11-03,43.3265457637299,0,0,7.611347717403621,2.3978952727983707,5.5093883366279774,7.611347717403621,2.3978952727983707,5.481935343459496
2021-11-04,DOGEUSDT,0.2689,0.2709,0.2539,0.263,1446957670.0,-1.2815740503494875,21.092729030539665,0.05001473252123274,0.0739977000361441,-0.022185531097054307,-0.018423512994213537,0.03686338384327795,0.001051809420437365,0.0009591887818600215,24.276253766389054,2021-11-04,43.10750619125326,0,0,7.611347717403621,2.3978952727983707,5.5093883366279774,7.611347717403621,2.3978952727983707,5.481935343459496
2021-11-05,DOGEUSDT,0.263,0.2709,0.2547,0.2609,1282376452.0,-1.3060055298910878,20.97198079664561,0.05095316009576346,0.06823656505104894,-0.008016840035081726,-0.022185531097054307,0.025865938795568016,0.00038226432270832474,0.0005654106100784553,24.271220722353622,2021-11-05,42.915173022193585,0,0,7.611347717403621,2.3978952727983707,5.5093883366279774,7.611347717403621,2.3978952727983707,5.481935343459496
2021-11-06,DOGEUSDT,0.2608,0.2676,0.25,0.2618,1135857725.0,-1.3060055298910878,20.85065390732446,0.06084132224116543,0.06638775434857806,0.003443661333116573,-0.008016840035081726,0.015190717989461104,0.00016515843332409237,0.00047594147842807116,24.261571425372207,2021-11-06,42.793912286348814,0,0,7.611347717403621,2.3978952727983707,5.5093883366279774,7.611347717403621,2.3978952727983707,5.481935343459496
2021-11-07,DOGEUSDT,0.2618,0.2698,0.2584,0.2664,912146975.0,-1.3182619507280637,20.63131169185249,0.04120747769953059,0.06009268518631619,0.017418085190434772,0.003443661333116573,0.015620292808389299,0.0008442548612802621,0.00035014239190226456,24.278962109512992,2021-11-07,42.805987507203554,0,0,7.611347717403621,2.3978952727983707,5.5093883366279774,7.611347717403621,2.3978952727983707,5.481935343459496
2021-11-08,DOGEUSDT,0.2664,0.2973,0.2644,0.2819,3420674489.0,-1.3100743352084816,21.953103587581662,0.11555712606722514,0.07395879540654343,0.05655345945383256,0.017418085190434772,0.029227720088151506,0.0025761031568139405,0.0008490777993366532,24.328257278287236,2021-11-08,43.494323402244234,0,0,7.611347717403621,2.3978952727983707,5.5093883366279774,7.611347717403621,2.3978952727983707,5.481935343459496
2021-11-09,DOGEUSDT,0.282,0.2905,0.2708,0.2736,1854893482.0,-1.213013548978085,21.341093109254672,0.05002260245930027,0.06797474716973265,-0.029885212371671424,0.05655345945383256,0.03134675300745273,0.0014003599636942473,0.0008626117100535924,24.331099516353742,2021-11-09,43.86953314523618,0,0,7.611347717403621,2.3978952727983707,5.5093883366279774,7.611347717403621,2.3978952727983707,5.481935343459496
2021-11-10,DOGEUSDT,0.2737,0.2775,0.235,0.2553,2600272877.0,-1.2361517026901712,21.678882229159008,0.12215944461831593,0.08152092153187847,-0.06922786150095715,-0.029885212371671424,0.04269958800118712,0.0031933316842250644,0.0012218333765567724,24.266736406148357,2021-11-10,43.87621040803022,0,0,7.611347717403621,2.3978952727983707,5.5093883366279774,7.611347717403621,2.3978952727983707,5.481935343459496
2021-11-11,DOGEUSDT,0.2553,0.2716,0.2529,0.2605,1356541795.0,-1.2819343457956478,21.028204500499047,0.06851814170798179,0.0782702265759043,0.020163536945983412,-0.06922786150095715,0.043829991690698164,0.0009588805808648516,0.0011433926861744506,24.260235869251403,2021-11-11,43.46641319120135,0,0,7.611347717403621,2.3978952727983707,5.5093883366279774,7.611347717403621,2.3978952727983707,5.481935343459496
2021-11-12,DOGEUSDT,0.2604,0.2686,0.2484,0.2593,1227134455.0,-1.3034248832975959,20.927947576948803,0.06670916231581735,0.07537996051088255,-0.004617168648803059,0.020163536945983412,0.04381745803675838,0.00022062214327642254,0.0011303693371736976,24.259626189962738,2021-11-12,43.21919707255606,0,0,7.611347717403621,2.3978952727983707,5.5093883366279774,7.611347717403621,2.3978952727983707,5.481935343459496
2021-11-13,DOGEUSDT,0.2594,0.2624,0.2542,0.2613,730909452.0,-1.3145319948929999,20.409800141368645,0.030379471647981927,0.0641298382951574,0.007683479981948059,-0.004617168648803059,0.04314757357255214,0.00037646032438967426,0.0012012262792615918,24.259834041374287,2021-11-13,43.191860214815335,0,0,7.611347717403621,2.3978952727983707,5.5093883366279774,7.611347717403621,2.3978952727983707,5.481935343459496
2021-11-14,DOGEUSDT,0.2612,0.2719,0.2597,0.2628,1109308026.0,-1.337885221912203,20.827002257876078,0.04371981309489532,0.05902733199509187,0.005724114083888643,0.007683479981948059,0.03281745588466334,0.0002748409979032856,0.0011370784640792454,24.27541312183721,2021-11-14,43.34997651370374,0,0,7.611347717403621,2.3978952727983707,5.5093883366279774,7.611347717403621,2.3978952727983707,5.481935343459496
2021-11-15,DOGEUSDT,0.2628,0.2654,0.2553,0.2566,784663988.0,-1.3023209273437122,20.480766143346752,0.023000622845274994,0.050020654707637655,-0.023874834428919363,0.005724114083888643,0.0322377077529257,0.0011657197910379532,0.001127469499532244,24.260000638032448,2021-11-15,43.441665218686815,0,0,7.611347717403621,2.3978952727983707,5.5093883366279774,7.611347717403621,2.3978952727983707,5.481935343459496
2021-11-16,DOGEUSDT,0.2567,0.2567,0.2225,0.2365,1931306150.0,-1.3265171570840297,21.381462372621332,0.09340694816651957,0.06086722807235813,-0.08157024424954841,-0.023874834428919363,0.03679198771995119,0.003814998377005213,0.001368626719244414,24.195495223521963,2021-11-16,43.59647807786294,0,0,7.611347717403621,2.3978952727983707,5.5093883366279774,7.611347717403621,2.3978952727983707,5.481935343459496
2021-11-17,DOGEUSDT,0.2364,0.2413,0.2293,0.2374,1016537117.0,-1.3598471911050425,20.739667704876613,0.045881501578951114,0.057120796449006375,0.003798274243580003,-0.08157024424954841,0.034392463589557935,0.00018314055449822358,0.001424135669110085,24.163560645503416,2021-11-17,43.697884521695336,0,0,7.611347717403621,2.3978952727983707,5.5093883366279774,7.611347717403621,2.3978952727983707,5.481935343459496
2021-11-18,DOGEUSDT,0.2373,0.2413,0.215,0.2208,1424059825.0,-1.421714306351151,21.076777660991922,0.06749840521678357,0.05971519864095068,-0.07248916777262744,0.003798274243580003,0.04069156723665029,0.003439290812788122,0.0016564113927007402,24.132153753109293,2021-11-18,43.630242956644025,0,0,7.611347717403621,2.3978952727983707,5.5093883366279774,7.611347717403621,2.3978952727983707,5.481935343459496
2021-11-19,DOGEUSDT,0.2209,0.2369,0.2155,0.2329,1011256982.0,-1.421714306351151,20.73445993063947,0.09242467198536568,0.06789256697705442,0.05335186248735506,-0.07248916777262744,0.051313815705227105,0.002573101140122613,0.0015885326964360125,24.12316880819317,2021-11-19,43.08891754554169,0,0,7.611347717403621,2.3978952727983707,5.5093883366279774,7.611347717403621,2.3978952727983707,5.481935343459496
2021-11-20,DOGEUSDT,0.2328,0.2357,0.2249,0.233,638393250.0,-1.4401171678173972,20.274465030735705,0.042452549493467655,0.061532562606157734,0.0004292766754053381,0.05335186248735506,0.050843308312238565,2.1173267691875606e-05,0.0016431448077523054,24.14936331992565,2021-11-20,42.74872807944563,0,0,7.611347717403621,2.3978952727983707,5.5093883366279774,7.611347717403621,2.3978952727983707,5.481935343459496
2021-11-21,DOGEUSDT,0.233,0.2334,0.225,0.2255,584498069.0,-1.4451954690400517,20.186264035192583,0.011850070674562209,0.049111939623258855,-0.03271829462296751,0.0004292766754053381,0.051103561966387906,0.0016208197101715643,0.0016145965418521183,24.13607786808714,2021-11-21,42.81184543497485,0,0,7.611347717403621,2.3978952727983707,5.5093883366279774,7.611347717403621,2.3978952727983707,5.481935343459496
2021-11-22,DOGEUSDT,0.2256,0.2273,0.2163,0.2195,715429215.0,-1.4550015591296814,20.388393221249192,0.03147420766526148,0.04470250663375951,-0.026967926427507,-0.03271829462296751,0.042393492680766344,0.0013227097464159406,0.0013323056880233022,24.10273020168854,2021-11-22,42.73271084461991,0,0,7.611347717403621,2.3978952727983707,5.5093883366279774,7.611347717403621,2.3978952727983707,5.481935343459496
2021-11-23,DOGEUSDT,0.2194,0.2369,0.2132,0.2266,1648276631.0,-1.4814845481236396,21.222996112963514,0.09917901062576265,0.058321632631760295,0.03183411607867993,-0.026967926427507,0.04593722692078475,0.0014999821848544227,0.0011646223976025448,24.112917419563253,2021-11-23,42.42997995629892,0,0,7.611347717403621,2.3978952727983707,5.5093883366279774,7.611347717403621,2.3978952727983707,5.481935343459496
2021-11-24,DOGEUSDT,0.2267,0.2304,0.2106,0.217,1150989995.0,-1.4401171678173972,20.86388827420702,0.06049848807037306,0.058865846491413486,-0.04328899505344633,0.03183411607867993,0.038681989005806675,0.002074828741628297,0.0008617213236503568,24.101033573464676,2021-11-24,42.45081119929202,0,0,7.611347717403621,2.3978952727983707,5.5093883366279774,7.611347717403621,2.3978952727983707,5.481935343459496
2021-11-25,DOGEUSDT,0.217,0.2289,0.2138,0.2209,1097415948.0,-1.4679383501604009,20.81622411501499,0.0642554133665753,0.06021323821020394,0.01781275688561196,-0.04328899505344633,0.030120415929896362,0.0008557150800832994,0.000714041139347759,24.0939231589744,2021-11-25,42.394868299105454,0,0,7.611347717403621,2.3978952727983707,5.5093883366279774,7.611347717403621,2.3978952727983707,5.481935343459496
2021-11-26,DOGEUSDT,0.221,0.2217,0.186,0.2016,2305030656.3,-1.474470052023616,21.558359813219813,0.12017255374366029,0.07520306709356803,-0.09142457422885802,0.01781275688561196,0.044426605687200776,0.0042407945233753595,0.0011969913606724803,24.031087745529845,2021-11-26,42.412852088730475,0,0,7.611347717403621,2.3978952727983707,5.5093883366279774,7.611347717403621,2.3978952727983707,5.481935343459496
2021-11-27,DOGEUSDT,0.2016,0.21,0.2005,0.2049,908852823.0,-1.5064301623598713,20.62769372814168,0.04481689288888973,0.06760652354239845,0.016236519047640573,-0.09142457422885802,0.046956240510945775,0.0007871223638292452,0.001285951891024207,24.023618313841613,2021-11-27,42.264469385635095,0,0,7.611347717403621,2.3978952727983707,5.5093883366279774,7.611347717403621,2.3978952727983707,5.481935343459496
2021-11-28,DOGEUSDT,0.2049,0.2074,0.1907,0.2073,858901257.0,-1.5606477482646683,20.571164522235208,0.0837412261250837,0.07164019918806976,0.011644964196879834,0.016236519047640573,0.047785562874709864,0.0005660819145310361,0.0013757137367415352,24.022659495769883,2021-11-28,42.6539299558313,0,0,7.611347717403621,2.3978952727983707,5.5093883366279774,7.611347717403621,2.3978952727983707,5.481935343459496
2021-11-29,DOGEUSDT,0.2072,0.227,0.2025,0.215,1857437869.0,-1.57310598318671,21.342463885275368,0.1086176129478607,0.0808845526280175,0.03647100868592878,0.011644964196879834,0.04861857133386121,0.0017088471547603706,0.0013731685026976115,24.068211209221726,2021-11-29,42.608837620435935,0,0,7.611347717403621,2.3978952727983707,5.5093883366279774,7.611347717403621,2.3978952727983707,5.481935343459496
2021-11-30,DOGEUSDT,0.2149,0.2275,0.2125,0.2147,1617695220.0,-1.4828052615007343,21.20426826948317,0.06326140473073824,0.07647876565369768,-0.001396323242927416,0.03647100868592878,0.04558099868991093,6.5851045892349e-05,0.0015038350604747372,24.08749271052583,2021-11-30,41.95935433307457,0,0,7.611347717403621,2.3978952727983707,5.5093883366279774,7.611347717403621,2.3978952727983707,5.481935343459496
2021-12-01,DOGEUSDT,0.2147,0.2189,0.2058,0.2093,803902283.0,-1.480605040591132,20.50498828119962,0.04369772063055787,0.06828350439791273,-0.025473075432781246,-0.001396323242927416,0.045285090375866734,0.0012422867588827988,0.0014855265957105725,24.06655087585327,2021-12-01,41.61332930239891,0,0,7.611347717403621,2.4849066497880004,5.697093486505405,7.611347717403621,2.4849066497880004,5.61827353099362
2021-12-02,DOGEUSDT,0.2093,0.2233,0.2011,0.2095,1689895075.0,-1.5191402744533198,21.247932278155172,0.09173572831760013,0.07414656037783457,0.0009551099102383413,-0.025473075432781246,0.02066327417562967,4.495072262726863e-05,0.0006574027869988826,24.054070224845212,2021-12-02,41.639373804526365,0,0,7.611347717403621,2.4849066497880004,5.697093486505405,7.611347717403621,2.4849066497880004,5.61827353099362
2021-12-03,DOGEUSDT,0.2095,0.2122,0.1902,0.1999,1011968037.0,-1.499239120136025,20.735162823320806,0.0787969320011497,0.07530915328366336,-0.046906497855838086,0.0009551099102383413,0.029037828530101728,0.002262171667303351,0.0009083251667432813,24.015813103953683,2021-12-03,41.53945813358572,0,0,7.611347717403621,2.4849066497880004,5.697093486505405,7.611347717403621,2.4849066497880004,5.61827353099362
2021-12-04,DOGEUSDT,0.1998,0.2004,0.131,0.1781,5303849448.2,-1.5502260528022542,22.391698704849446,0.3618395155730619,0.146941743856013,-0.11547205121073832,-0.046906497855838086,0.052295780934635425,0.005156913404954406,0.0018906261269812665,23.87738329514745,2021-12-04,41.32130968483645,0,0,7.611347717403621,2.4849066497880004,5.697093486505405,7.611347717403621,2.4849066497880004,5.61827353099362
2021-12-05,DOGEUSDT,0.1781,0.1812,0.1617,0.1712,1381389600.0,-1.6074399097714274,21.046355785996628,0.0864856677616391,0.13182772483241953,-0.03951272658797431,-0.11547205121073832,0.04265625403874232,0.001877414170403051,0.0018912010571452988,23.85938669444037,2021-12-05,40.89531025519438,0,0,7.611347717403621,2.4849066497880004,5.697093486505405,7.611347717403621,2.4849066497880004,5.61827353099362
2021-12-06,DOGEUSDT,0.1712,0.1804,0.1591,0.1776,1661970370.0,-1.708153885373258,21.231269705302577,0.12099472799936309,0.12911947562415543,0.03670136685042796,-0.03951272658797431,0.05117395871543119,0.0017286468195193093,0.0017031488005075266,23.85603114352627,2021-12-06,41.14628726634784,0,0,7.611347717403621,2.4849066497880004,5.697093486505405,7.611347717403621,2.4849066497880004,5.61827353099362
2021-12-07,DOGEUSDT,0.1775,0.1839,0.1746,0.1762,1069148248.0,-1.7125786713536137,20.79012813851364,0.044592032222821064,0.10798761477382184,-0.007914117055990643,0.03670136685042796,0.052089533144933906,0.0003806670648330333,0.0018175629931726917,23.888787962407612,2021-12-07,41.003683009778065,0,0,7.611347717403621,2.4849066497880004,5.697093486505405,7.611347717403621,2.4849066497880004,5.61827353099362
2021-12-08,DOGEUSDT,0.1762,0.1821,0.172,0.179,870067110.0,-1.6933631473718616,20.58408090456896,0.053308359910404626,0.09431780105796753,0.01576609233867581,-0.007914117055990643,0.05408806166237363,0.0007659361820316338,0.0016890075441652,23.876236909803193,2021-12-08,40.687553685295946,0,0,7.611347717403621,2.4849066497880004,5.697093486505405,7.611347717403621,2.4849066497880004,5.61827353099362
2021-12-09,DOGEUSDT,0.1791,0.1833,0.1685,0.1691,974195305.0,-1.7031992922485748,20.69712235998616,0.04656532553677063,0.0823796821776683,-0.05689554993622029,0.01576609233867581,0.05499810966892645,0.002748959442121129,0.001713976456845101,23.87619888212202,2021-12-09,40.38928533583672,0,0,7.611347717403621,2.4849066497880004,5.697093486505405,7.611347717403621,2.4849066497880004,5.61827353099362
2021-12-10,DOGEUSDT,0.1691,0.1748,0.1632,0.1641,743981315.0,-1.6966311241364778,20.427526478234686,0.04971660028203812,0.07421391170376077,-0.030014257808489403,-0.05689554993622029,0.03532793222541885,0.0014693045602202145,0.0008422799735920032,23.830264535195166,2021-12-10,41.03609617447772,0,0,7.611347717403621,2.4849066497880004,5.697093486505405,7.611347717403621,2.4849066497880004,5.61827353099362
2021-12-11,DOGEUSDT,0.1641,0.17,0.1612,0.1689,654792769.0,-1.744112815760702,20.299829360333693,0.05205240699313361,0.06867353552610397,0.028830825717709084,-0.030014257808489403,0.03632321170247208,0.0014202496585535415,0.000821198271581101,23.819043566892454,2021-12-11,41.433246509699615,0,0,7.611347717403621,2.4849066497880004,5.697093486505405,7.611347717403621,2.4849066497880004,5.61827353099362
2021-12-12,DOGEUSDT,0.1689,0.1738,0.1656,0.1697,499912432.0,-1.7719568419318752,20.029943505048365,0.043182557017178644,0.06230079089887264,0.004725348426426295,0.028830825717709084,0.031488540143311386,0.00023591421639483477,0.0009278093723065477,23.83740915275269,2021-12-12,41.51884187152393,0,0,7.611347717403621,2.4849066497880004,5.697093486505405,7.611347717403621,2.4849066497880004,5.61827353099362
2021-12-13,DOGEUSDT,0.1696,0.1704,0.1514,0.1573,972416861.0,-1.7498500661508454,20.695295139828108,0.06997181646391985,0.06421854729013445,-0.07587736217594848,0.004725348426426295,0.042075490276506124,0.0036664063818989687,0.0012737875034245052,23.79129343224735,2021-12-13,41.73483405431867,0,0,7.611347717403621,2.4849066497880004,5.697093486505405,7.611347717403621,2.4849066497880004,5.61827353099362
2021-12-14,DOGEUSDT,0.1574,0.2204,0.1549,0.1909,7338444571.0,-1.7696066645869217,22.71639274580856,0.34938731873338624,0.13551074015094738,0.19359492066746967,-0.07587736217594848,0.09750632762180386,0.00852225627694301,0.0029489177575150703,23.906262956157523,2021-12-14,41.855881496624434,0,0,7.611347717403621,2.4849066497880004,5.697093486505405,7.611347717403621,2.4849066497880004,5.61827353099362
2021-12-15,DOGEUSDT,0.1909,0.1912,0.1703,0.1808,2177343912.0,-1.5123112017033775,21.501371581917276,0.08374743336980954,0.12256991345566293,-0.05435828277362582,0.19359492066746967,0.09715928141274242,0.0025281309411601125,0.002954208363503236,23.920144012255747,2021-12-15,41.557665353217466,0,0,7.611347717403621,2.4849066497880004,5.697093486505405,7.611347717403621,2.4849066497880004,5.61827353099362
2021-12-16,DOGEUSDT,0.1808,0.1853,0.1723,0.1732,1077785070.0,-1.6544352783648362,20.79817391107602,0.04515685997146383,0.10321665008461316,-0.042944451829741354,-0.05435828277362582,0.09839053163046614,0.0020648183832558194,0.002903118219977134,23.885087525035267,2021-12-16,41.0270557428794,0,0,7.611347717403621,2.4849066497880004,5.697093486505405,7.611347717403621,2.4849066497880004,5.61827353099362
2021-12-17,DOGEUSDT,0.1732,0.1766,0.1614,0.1685,1033871332.0,-1.685779145690823,20.756576168152375,0.06919044038678626,0.09471009766015644,-0.02751124633591823,-0.042944451829741354,0.09880655529074701,0.001325423138818521,0.002914152104039822,23.83718626594024,2021-12-17,40.899797056003855,0,0,7.611347717403621,2.4849066497880004,5.697093486505405,7.611347717403621,2.4849066497880004,5.61827353099362
2021-12-18,DOGEUSDT,0.1684,0.1757,0.1659,0.1723,594262965.0,-1.7338679908122774,20.202832481383492,0.05478743110955777,0.08472943102250677,0.022301393741467588,-0.02751124633591823,0.09924827981096042,0.001103874605801829,0.0027637565871620534,23.842722477828417,2021-12-18,40.53369274616797,0,0,7.611347717403621,2.4849066497880004,5.697093486505405,7.611347717403621,2.4849066497880004,5.61827353099362
2021-12-19,DOGEUSDT,0.1723,0.1746,0.1691,0.1694,479149291.0,-1.7389772837890856,19.987522779049307,0.021393066855061614,0.06889533998064548,-0.016974361315929987,0.022301393741467588,0.09263375196369991,0.0008492478784675767,0.0029047467173989364,23.847209507850515,2021-12-19,40.38436819209294,0,0,7.611347717403621,2.4849066497880004,5.697093486505405,7.611347717403621,2.4849066497880004,5.61827353099362
2021-12-20,DOGEUSDT,0.1695,0.1708,0.161,0.1671,823398873.0,-1.7452576355766352,20.528951298584058,0.04862852065188225,0.06382863514845467,-0.013670346616605928,-0.016974361315929987,0.026732500061859083,0.0006659057453923041,0.0007275975044921936,23.823857081145555,2021-12-20,40.44136043498504,0,0,7.611347717403621,2.4849066497880004,5.697093486505405,7.611347717403621,2.4849066497880004,5.61827353099362
2021-12-21,DOGEUSDT,0.1671,0.1724,0.1657,0.1707,514233887.0,-1.7672619976276676,20.058188752997214,0.038572397165149215,0.05751457565262831,0.021315194199046934,-0.013670346616605928,0.02637066569064909,0.0010626679438272757,0.0004893449463842544,23.832727326878768,2021-12-21,40.54329556234954,0,0,7.611347717403621,2.4849066497880004,5.697093486505405,7.611347717403621,2.4849066497880004,5.61827353099362
2021-12-22,DOGEUSDT,0.1708,0.1799,0.1697,0.173,885691231.0,-1.7579379207525443,20.60187895008724,0.056162669647419165,0.05717659915132602,0.013383964697384032,0.021315194199046934,0.021736944031210848,0.0006496477690122219,0.0002676095951125814,23.859256954910162,2021-12-22,40.563407145040486,0,0,7.611347717403621,2.4849066497880004,5.697093486505405,7.611347717403621,2.4849066497880004,5.61827353099362
2021-12-23,DOGEUSDT,0.173,0.1851,0.1712,0.185,1027458506.0,-1.7153541380256496,20.75035412006424,0.07802754593121587,0.06238933584629849,0.06706423058054584,0.013383964697384032,0.030492250737639913,0.003231955955667238,0.0009844916139697278,23.896694045048733,2021-12-23,40.37162188001417,0,0,7.611347717403621,2.4849066497880004,5.697093486505405,7.611347717403621,2.4849066497880004,5.61827353099362
2021-12-24,DOGEUSDT,0.1851,0.1955,0.1791,0.1862,1245909390.0,-1.6868590594026853,20.943131533961132,0.07791361972150841,0.06627040681510096,0.006465539764641811,0.06706423058054584,0.030478421859581422,0.00030871886346878777,0.001060393815566201,23.934655057478086,2021-12-24,40.4641282621647,0,0,7.611347717403621,2.4849066497880004,5.697093486505405,7.611347717403621,2.4849066497880004,5.61827353099362
2021-12-25,DOGEUSDT,0.1862,0.1957,0.1847,0.1908,883688963.0,-1.6321948995567166,20.599615706877593,0.056049269022005306,0.06371512236682705,0.024404394171219323,0.006465539764641811,0.026820278768199007,0.0011847014293121705,0.001051562319658179,23.94671421900271,2021-12-25,40.276952387291,0,0,7.611347717403621,2.4849066497880004,5.697093486505405,7.611347717403621,2.4849066497880004,5.61827353099362
2021-12-26,DOGEUSDT,0.1908,0.1925,0.1849,0.1898,537153520.0,-1.6311724045801064,20.1017944961597,0.03433477502695023,0.05637003553185785,-0.005254872838358697,0.024404394171219323,0.02486708175155661,0.00026141312107048957,0.0011031172344217212,23.949747121704462,2021-12-26,40.01023024157251,0,0,7.611347717403621,2.4849066497880004,5.697093486505405,7.611347717403621,2.4849066497880004,5.61827353099362
2021-12-27,DOGEUSDT,0.1898,0.1928,0.1863,0.1879,613113643.0,-1.647659125254298,20.234060864972694,0.026400775745029,0.048877720585150636,-0.010060979756407736,-0.005254872838358697,0.027953115544527972,0.0004972298849720453,0.0011324017710695534,23.951194395165466,2021-12-27,40.02409356173354,0,0,7.611347717403621,2.4849066497880004,5.697093486505405,7.611347717403621,2.4849066497880004,5.61827353099362
2021-12-28,DOGEUSDT,0.1879,0.188,0.1716,0.1739,979781920.0,-1.6461018968056917,20.702840574253035,0.03545062768263399,0.045520947359521474,-0.07742948505918232,-0.010060979756407736,0.04744399544875869,0.003740041603540967,0.0015535314545768214,23.89606019531061,2021-12-28,40.087144057695255,0,0,7.611347717403621,2.4849066497880004,5.697093486505405,7.611347717403621,2.4849066497880004,5.61827353099362
2021-12-29,DOGEUSDT,0.1738,0.1773,0.1661,0.168,716005365.0,-1.6713133161521878,20.389198217913606,0.04261961523222798,0.0447956143276981,-0.03451644195697833,-0.07742948505918232,0.0357892719437315,0.0016928788267236898,0.00132853201871701,23.848110189361464,2021-12-29,40.08965418793716,0,0,7.611347717403621,2.4849066497880004,5.697093486505405,7.611347717403621,2.4849066497880004,5.61827353099362
2021-12-30,DOGEUSDT,0.168,0.1758,0.1651,0.1711,524275170.0,-1.7299120659019749,20.077527238038712,0.05891884484530533,0.04832642195709991,0.018284201494888803,-0.03451644195697833,0.037558832506303895,0.0009106799496826338,0.001261475645051366,23.842409669646607,2021-12-30,40.13777947342478,0,0,7.611347717403621,2.4849066497880004,5.697093486505405,7.611347717403621,2.4849066497880004,5.61827353099362
2021-12-31,DOGEUSDT,0.171,0.1758,0.1661,0.1703,572705101.0,-1.7384082937310603,20.165881484256495,0.04792952601425657,0.04822719797138907,-0.004686593229505139,0.018284201494888803,0.033222178726166486,0.00023240210120068207,0.0013480728664900193,23.84679756611315,2021-12-31,40.16931476593241,0,0,7.611347717403621,2.4849066497880004,5.697093486505405,7.611347717403621,2.4849066497880004,5.61827353099362
2022-01-01,DOGEUSDT,0.1703,0.1737,0.1697,0.1732,297504077.0,-1.7384082937310603,19.510938487057736,0.023078114915811725,0.04193992720749474,0.016885408459692122,-0.004686593229505139,0.036147538486718526,0.0008654329196359664,0.0012829322587420112,23.851311589074857,2022-01-01,40.054131542438164,0,0,7.611842399580417,0.0,5.579729825986222,7.611842399580417,0.0,5.481471129046078
2022-01-02,DOGEUSDT,0.1731,0.1763,0.1705,0.1745,312955886.0,-1.7504256057350778,19.561572799274426,0.03104368477659915,0.03921586659977084,0.00747774551414705,0.016885408459692122,0.03734091330239606,0.0003822670902221325,0.0012984976535168685,23.859558760171776,2022-01-02,39.97107722197763,0,0,7.611842399580417,0.0,5.579729825986222,7.611842399580417,0.0,5.481471129046078
2022-01-03,DOGEUSDT,0.1745,0.1745,0.1674,0.1703,460985351.0,-1.7355681895783124,19.948876823883367,0.026710354146570046,0.036089488486470644,-0.024363153973839164,0.00747774551414705,0.021951423554371827,0.001221279482996802,0.0005376643096304748,23.84650563792387,2022-01-03,39.74083760392314,0,0,7.611842399580417,0.0,5.579729825986222,7.611842399580417,0.0,5.481471129046078
2022-01-04,DOGEUSDT,0.1703,0.1726,0.1665,0.1684,496439208.0,-1.7458305373396552,20.022971592865368,0.027180013902052443,0.03386211984036609,-0.011219485860416297,-0.024363153973839164,0.016827402854037655,0.000560330708575447,0.00036945063759234113,23.838002434669164,2022-01-04,39.54592654565821,0,0,7.611842399580417,0.0,5.579729825986222,7.611842399580417,0.0,5.481471129046078
2022-01-05,DOGEUSDT,0.1685,0.171,0.1472,0.159,1084632258.0,-1.7567785003328094,20.804506833769263,0.11237644171625392,0.05349070030933805,-0.057437899587994785,-0.011219485860416297,0.0264007339360594,0.002760839276168915,0.0009307687866289271,23.79036002147435,2022-01-05,39.69106435157972,0,0,7.611842399580417,0.0,5.579729825986222,7.611842399580417,0.0,5.481471129046078
2022-01-06,DOGEUSDT,0.1591,0.1621,0.1539,0.1599,705767171.0,-1.7660917224794772,20.374795954947135,0.04733506325594116,0.05195179104598883,0.00564441761967691,-0.057437899587994785,0.027311804181585624,0.0002770294059463407,0.000923522085459493,23.771498890288942,2022-01-06,39.754267459747524,0,0,7.611842399580417,0.0,5.579729825986222,7.611842399580417,0.0,5.481471129046078
2022-01-07,DOGEUSDT,0.16,0.1604,0.1489,0.155,1079690606.0,-1.8195418502405067,20.799940361114547,0.055430225374289745,0.05282139962806406,-0.031123502920661825,0.00564441761967691,0.024579224541793374,0.0014963265461494862,0.0009393861380498715,23.753237168034158,2022-01-07,39.97961833155522,0,0,7.611842399580417,0.0,5.579729825986222,7.611842399580417,0.0,5.481471129046078
2022-01-08,DOGEUSDT,0.1551,0.1579,0.1451,0.1509,582238373.0,-1.830084583549723,20.182390497443894,0.06422404263496818,0.05567206037979009,-0.02680775114544333,-0.031123502920661825,0.02106514151749515,0.0013282743265144205,0.0008682303269966263,23.731037439214013,2022-01-08,40.32837240273274,0,0,7.611842399580417,0.0,5.579729825986222,7.611842399580417,0.0,5.481471129046078
2022-01-09,DOGEUSDT,0.1509,0.1539,0.1486,0.1505,381170543.0,-1.8457933577205405,19.75875745236186,0.029749302607344902,0.049191370936678795,-0.0026542815848728286,-0.02680775114544333,0.022825965236292278,0.0001343344383508058,0.0009867419400599652,23.722315257691758,2022-01-09,40.47858391348022,0,0,7.611842399580417,0.0,5.579729825986222,7.611842399580417,0.0,5.481471129046078
2022-01-10,DOGEUSDT,0.1505,0.1522,0.1368,0.1431,845047878.0,-1.8714522381373035,20.55490384407134,0.07413107215146283,0.0554262962403748,-0.050419397626525086,-0.0026542815848728286,0.025100756621546816,0.0024529133295394896,0.0010805085553733046,23.683557247390812,2022-01-10,40.58547698126908,0,0,7.611842399580417,0.0,5.579729825986222,7.611842399580417,0.0,5.481471129046078
2022-01-11,DOGEUSDT,0.143,0.167,0.1417,0.1538,1691718365.0,-1.8825598335545515,21.24901063333032,0.1619768196286117,0.08206392708743403,0.07210937050913832,-0.050419397626525086,0.04309022274210899,0.0033935401395126857,0.0012555961650722591,23.72956166621356,2022-01-11,40.59557554232552,0,0,7.611842399580417,0.0,5.579729825986222,7.611842399580417,0.0,5.481471129046078
2022-01-12,DOGEUSDT,0.1538,0.1636,0.1511,0.1628,911010585.0,-1.7897614665653818,20.63006507425662,0.07893450962651918,0.08128157272220532,0.056869396496896325,0.07210937050913832,0.050232529858539036,0.0027566271018631553,0.0011724510915990054,23.767557221800605,2022-01-12,40.12928390473277,0,0,7.611842399580417,0.0,5.579729825986222,7.611842399580417,0.0,5.481471129046078
2022-01-13,DOGEUSDT,0.1627,0.1781,0.1613,0.1717,2116971492.0,-1.8103308548134904,21.473252362782677,0.09747010592472134,0.08532870602283432,0.05322631433498979,0.056869396496896325,0.05057613055241459,0.0024787262514197124,0.0011688689672207893,23.830761915402203,2022-01-13,39.92948273492284,0,0,7.611842399580417,0.0,5.579729825986222,7.611842399580417,0.0,5.481471129046078
2022-01-14,DOGEUSDT,0.1716,0.2148,0.1703,0.1832,5406672589.0,-1.7254100886865211,22.410899692341047,0.22952461571787414,0.12137768344659428,0.06482968433660016,0.05322631433498979,0.04847438176860829,0.002892774731340027,0.0011388808774277135,23.923601841592845,2022-01-14,39.70841817970044,0,0,7.611842399580417,0.0,5.579729825986222,7.611842399580417,0.0,5.481471129046078
2022-01-15,DOGEUSDT,0.1832,0.1948,0.1815,0.1845,1633943311.0,-1.5380479163474274,21.21426213939194,0.06704138545536363,0.10779360894878662,0.007071011240552042,0.06482968433660016,0.047217036658771576,0.00033331403157417174,0.0010616879484209335,23.930873621556916,2022-01-15,39.55845215700886,0,0,7.611842399580417,0.0,5.579729825986222,7.611842399580417,0.0,5.481471129046078
2022-01-16,DOGEUSDT,0.1845,0.1847,0.1734,0.1766,1069094552.0,-1.6357818877737023,20.790077914095708,0.03468471463216739,0.08951638536963182,-0.043762175310722226,0.007071011240552042,0.04485727026999036,0.0021049548487286525,0.0010667048606324795,23.896893412971874,2022-01-16,39.440547487412715,0,0,7.611842399580417,0.0,5.579729825986222,7.611842399580417,0.0,5.481471129046078
2022-01-17,DOGEUSDT,0.1766,0.1784,0.1656,0.1708,1091483397.0,-1.6890223917769427,20.810803522661303,0.05237771440588577,0.0802317176286953,-0.03339400681539018,-0.043762175310722226,0.047996732266382146,0.0016046476427028287,0.0009527848862219413,23.852328070684084,2022-01-17,39.67103225948044,0,0,7.611842399580417,0.0,5.579729825986222,7.611842399580417,0.0,5.481471129046078
2022-01-18,DOGEUSDT,0.1708,0.1743,0.1616,0.1651,945110452.0,-1.7237270588362281,20.666812359051313,0.05216338169278111,0.07321463364471675,-0.03394193042838726,-0.03339400681539018,0.047403519635097334,0.0016423398944502405,0.000888934529218505,23.82734514019478,2022-01-18,39.97118118994179,0,0,7.611842399580417,0.0,5.579729825986222,7.611842399580417,0.0,5.481471129046078
2022-01-19,DOGEUSDT,0.1651,0.1696,0.1589,0.1615,867134554.0,-1.7469773264561617,20.580704717628358,0.04872036708881911,0.06709106700574234,-0.022046208263371028,-0.03394193042838726,0.040733609017994894,0.0010712076464751664,0.0008731289471493545,23.802790166930855,2022-01-19,40.2695195383942,0,0,7.611842399580417,0.0,5.579729825986222,7.611842399580417,0.0,5.481471129046078
2022-01-20,DOGEUSDT,0.1616,0.1693,0.1536,0.1553,763530515.0,-1.7743125556243344,20.453463649080348,0.07133676102589505,0.06815249051078051,-0.03914641250806987,-0.022046208263371028,0.018445734847557023,0.0019139258357266063,0.0006473683087928053,23.778711213798264,2022-01-20,40.47672799374867,0,0,7.611842399580417,0.0,5.579729825986222,7.611842399580417,0.0,5.481471129046078
2022-01-21,DOGEUSDT,0.1553,0.1576,0.1399,0.1419,1503858051.0,-1.7760829898430475,21.13129967703585,0.05686635199771554,0.06533095588251427,-0.09023614598864435,-0.03914641250806987,0.023902527957539967,0.0042702601055204965,0.0011187411262749479,23.70346094093222,2022-01-21,40.87767573473044,0,0,7.611842399580417,0.0,5.579729825986222,7.611842399580417,0.0,5.481471129046078
2022-01-22,DOGEUSDT,0.142,0.1453,0.12,0.1332,2241546261.6,-1.8476951015583583,21.53043176002625,0.14819754340643404,0.08604760276349421,-0.06327082605970813,-0.09023614598864435,0.02519567693167052,0.002938669635839713,0.0011699030146170104,23.611245176847067,2022-01-22,41.37289838255904,0,0,7.611842399580417,0.0,5.579729825986222,7.611842399580417,0.0,5.481471129046078
2022-01-23,DOGEUSDT,0.1333,0.1447,0.132,0.1418,1196841624.0,-1.9289547084058998,20.90295194399146,0.09077435142551596,0.08722928992899964,0.0625658559917383,-0.06327082605970813,0.05188465098126102,0.002993158868631606,0.0011562981806685763,23.630634845936047,2022-01-23,41.11975591679279,0,0,7.611842399580417,0.0,5.579729825986222,7.611842399580417,0.0,5.481471129046078
2022-01-24,DOGEUSDT,0.1417,0.1418,0.1256,0.1373,1607720454.0,-1.9330926453446988,21.198083145575115,0.10405686818417627,0.0914361844927938,-0.03224930132410182,0.0625658559917383,0.05187013790170346,0.0015213310138767683,0.0011745658072869088,23.623544551707802,2022-01-24,41.57805566024445,0,0,7.611842399580417,0.0,5.579729825986222,7.611842399580417,0.0,5.481471129046078
2022-01-25,DOGEUSDT,0.1373,0.1506,0.1325,0.1427,1316136672.0,-1.9533376648841099,20.997966518560418,0.12032448806371145,0.09865826038552321,0.038576211708865354,-0.03224930132410182,0.05927570699431802,0.001837140357127785,0.0010268976169525092,23.65072160451419,2022-01-25,42.13027861620884,0,0,7.611842399580417,0.0,5.579729825986222,7.611842399580417,0.0,5.481471129046078
2022-01-26,DOGEUSDT,0.1427,0.1534,0.1409,0.1431,1324673854.0,-1.8931279636163438,21.004432118160697,0.07963939684643541,0.09390354450075125,0.0027991620796145524,0.038576211708865354,0.05912800651161842,0.0001332653062871603,0.001434135128310034,23.6795975280036,2022-01-26,42.02671551392532,0,0,7.611842399580417,0.0,5.579729825986222,7.611842399580417,0.0,5.481471129046078
2022-01-27,DOGEUSDT,0.1431,0.1459,0.1362,0.1414,677890025.0,-1.874706390048981,20.334495627733265,0.056433973918357035,0.0845361518551527,-0.011950933099932903,0.0027991620796145524,0.04603131283115672,0.0005877172130905271,0.0011784046237647472,23.65674038707181,2022-01-27,42.3150284356543,0,0,7.611842399580417,0.0,5.579729825986222,7.611842399580417,0.0,5.481471129046078
2022-01-28,DOGEUSDT,0.1415,0.1426,0.1377,0.1414,464231063.0,-1.924833823453397,19.955892966842786,0.031505225529046145,0.07127842027362606,0.0,-0.011950933099932903,0.03463656133133277,0.0,0.0011553985214087477,23.651254133146306,2022-01-28,42.53998753353413,0,0,7.611842399580417,0.0,5.579729825986222,7.611842399580417,0.0,5.481471129046078
2022-01-29,DOGEUSDT,0.1415,0.1442,0.1403,0.143,339117872.0,-1.9477117710019414,19.641858309924093,0.026088098843342965,0.05998083991605529,0.011251876797434847,0.0,0.023637134431119602,0.0005728519481147978,0.000744786993526847,23.662021159761206,2022-01-29,42.381889308754005,0,0,7.611842399580417,0.0,5.579729825986222,7.611842399580417,0.0,5.481471129046078
2022-01-30,DOGEUSDT,0.1429,0.1438,0.138,0.1391,341622629.0,-1.9365540541312884,19.64921726182984,0.023140783253755907,0.05077082575048044,-0.02765153133051001,0.011251876797434847,0.02236837929207074,0.0014072586689865402,0.0007230765240772345,23.652850019660228,2022-01-30,42.28830115250127,0,0,7.611842399580417,0.0,5.579729825986222,7.611842399580417,0.0,5.481471129046078
2022-01-31,DOGEUSDT,0.1392,0.1426,0.1363,0.1415,365107026.0,-1.9393318336951906,19.715701090483428,0.04334358457903814,0.048914015457619864,0.017106618153895057,-0.02765153133051001,0.016264209885650933,0.0008676647142998252,0.000510270014243042,23.64502358339634,2022-01-31,42.275526997734204,0,0,7.611842399580417,0.0,5.579729825986222,7.611842399580417,0.0,5.481471129046078
2022-02-01,DOGEUSDT,0.1416,0.1444,0.1408,0.1423,374440012.0,-1.9477117710019414,19.740942166515676,0.023545669713224693,0.04257192902152107,0.0056377880125144985,0.017106618153895057,0.016451258583534932,0.0002855885988094955,0.0004859238479773283,23.66149433562431,2022-02-01,42.25220088012034,0,0,7.611842399580417,0.6931471805599453,5.393627546352362,7.611842399580417,0.6931471805599453,5.233483386833545
2022-02-02,DOGEUSDT,0.1423,0.1466,0.135,0.137,491750010.0,-1.9351680525234112,20.01348103556898,0.056820066864090205,0.04613396348216335,-0.03795657926768178,0.0056377880125144985,0.022314943827094248,0.001896550590085923,0.0007103759587638144,23.648410697783017,2022-02-02,41.61359778761074,0,0,7.611842399580417,0.6931471805599453,5.393627546352362,7.611842399580417,0.6931471805599453,5.233483386833545
2022-02-03,DOGEUSDT,0.1369,0.1389,0.1346,0.1379,384297073.0,-1.9200474895295858,19.766926439060583,0.02943603145713268,0.04195948047590568,0.006547858971131017,-0.03795657926768178,0.02277941571101643,0.0003312532674878615,0.0006417505351180578,23.625549473567,2022-02-03,41.56039395823306,0,0,7.611842399580417,0.6931471805599453,5.393627546352362,7.611842399580417,0.6931471805599453,5.233483386833545
2022-02-04,DOGEUSDT,0.138,0.1481,0.1369,0.1478,562305646.0,-1.974001029221839,20.147556114115453,0.0785337401764593,0.05110304540104409,0.06933122371484522,0.006547858971131017,0.03794141265598044,0.0034411728808275417,0.0011895940004250818,23.66307397614757,2022-02-04,41.91682923677585,0,0,7.611842399580417,0.6931471805599453,5.393627546352362,7.611842399580417,0.6931471805599453,5.233483386833545
2022-02-05,DOGEUSDT,0.1479,0.1507,0.1447,0.1469,526695035.0,-1.909867557708384,20.08213225779062,0.03304601185918137,0.046588787015578406,-0.006107925334269631,0.06933122371484522,0.035088485134286404,0.00030414725168937854,0.0012657806450866737,23.697717681910085,2022-02-05,41.99870816878692,0,0,7.611842399580417,0.6931471805599453,5.393627546352362,7.611842399580417,0.6931471805599453,5.233483386833545
2022-02-06,DOGEUSDT,0.1468,0.1559,0.1445,0.1539,705984242.0,-1.8924641733496872,20.375103475095106,0.07458061366461446,0.05358674367783742,0.04655095766500188,-0.006107925334269631,0.03834158303079382,0.00228469797573799,0.0013249330214426653,23.71651333508877,2022-02-06,41.99495000910221,0,0,7.611842399580417,0.6931471805599453,5.393627546352362,7.611842399580417,0.6931471805599453,5.233483386833545
2022-02-07,DOGEUSDT,0.154,0.1731,0.1513,0.1653,1810847856.0,-1.8585405029184061,21.31706100127494,0.13154054685471375,0.0730751944720565,0.07145896398214485,0.04655095766500188,0.044406861572236285,0.00335219587624537,0.0013879807058174826,23.78416421477975,2022-02-07,41.937651905644266,0,0,7.611842399580417,0.6931471805599453,5.393627546352362,7.611842399580417,0.6931471805599453,5.233483386833545
2022-02-08,DOGEUSDT,0.1653,0.1711,0.1529,0.1581,1273034951.0,-1.7538858167999734,20.964669611761437,0.08053769002097642,0.07494081835928648,-0.04453426061155228,0.07145896398214485,0.04631141008922358,0.0021242529186612136,0.0013898307639953864,23.791131805102793,2022-02-08,42.08550680531003,0,0,7.611842399580417,0.6931471805599453,5.393627546352362,7.611842399580417,0.6931471805599453,5.233483386833545
2022-02-09,DOGEUSDT,0.1582,0.1624,0.1542,0.1594,691842118.0,-1.7655070980839893,20.354868334371858,0.046978421231390365,0.06795021907731245,0.0081890221406884,-0.04453426061155228,0.046193303508596795,0.0004023127050574022,0.001373247178169122,23.77008167883073,2022-02-09,42.03086925819173,0,0,7.611842399580417,0.6931471805599453,5.393627546352362,7.611842399580417,0.6931471805599453,5.233483386833545
2022-02-10,DOGEUSDT,0.1594,0.1607,0.15,0.1514,921972005.0,-1.8176928512545596,20.642025417719328,0.033531115923157176,0.059345443288773635,-0.0514914253527661,0.0081890221406884,0.048817795751580954,0.0024944948138938597,0.0012180667388799473,23.753237168046237,2022-02-10,42.16382736235931,0,0,7.611842399580417,0.6931471805599453,5.393627546352362,7.611842399580417,0.6931471805599453,5.233483386833545
2022-02-11,DOGEUSDT,0.1515,0.1543,0.1419,0.1446,706523003.0,-1.82821600623867,20.375866318652946,0.052612728950558935,0.05766226470421996,-0.04595403127868411,-0.0514914253527661,0.05300069820656661,0.0022553166849458473,0.000964181641645483,23.709673705438806,2022-02-11,42.569311124140086,0,0,7.611842399580417,0.6931471805599453,5.393627546352362,7.611842399580417,0.6931471805599453,5.233483386833545
2022-02-12,DOGEUSDT,0.1446,0.1475,0.1402,0.1444,573672346.0,-1.868856519613022,20.167568965516804,0.04381804757903392,0.054201210422923446,-0.0013840832659384526,-0.04595403127868411,0.0474240066777768,6.86291574510049e-05,0.0012769887908436906,23.68286972588801,2022-02-12,42.76588092656213,0,0,7.611842399580417,0.6931471805599453,5.393627546352362,7.611842399580417,0.6931471805599453,5.233483386833545
2022-02-13,DOGEUSDT,0.1443,0.158,0.1437,0.148,1586345314.0,-1.9139271032022627,21.184698662815737,0.09342036531975474,0.06400599914713127,0.024625047305389194,-0.0013840832659384526,0.03281748049153844,0.0011623978087831903,0.0010272768149964004,23.703629361992487,2022-02-13,42.87961930863814,0,0,7.611842399580417,0.6931471805599453,5.393627546352362,7.611842399580417,0.6931471805599453,5.233483386833545
2022-02-14,DOGEUSDT,0.1481,0.1506,0.1427,0.1457,901483820.0,-1.8451602459551701,20.619552652581913,0.04092367611502195,0.05823541838910394,-0.015662560562955924,0.024625047305389194,0.030238852311280283,0.0007595974959716068,0.0009900037512123733,23.69296304568225,2022-02-14,42.99957966746284,0,0,7.611842399580417,0.6931471805599453,5.393627546352362,7.611842399580417,0.6931471805599453,5.233483386833545
2022-02-15,DOGEUSDT,0.1458,0.1524,0.1448,0.1517,600243216.0,-1.8931279636163438,20.212845491044252,0.05084452884854863,0.056387696003965114,0.040355173153327546,-0.015662560562955924,0.03697765075549497,0.0019965112369363233,0.0009492636554825682,23.70598428318147,2022-02-15,42.77621442188005,0,0,7.611842399580417,0.6931471805599453,5.393627546352362,7.611842399580417,0.6931471805599453,5.233483386833545
2022-02-16,DOGEUSDT,0.1517,0.1517,0.1462,0.1487,432478291.0,-1.8812466357295912,19.88504268885678,0.02502295444858721,0.048546510615120636,-0.019974032888377163,0.040355173153327546,0.03142907092233102,0.001004475233013719,0.0008076329154713559,23.711179100054437,2022-02-16,42.52134415270028,0,0,7.611842399580417,0.6931471805599453,5.393627546352362,7.611842399580417,0.6931471805599453,5.233483386833545
2022-02-17,DOGEUSDT,0.1487,0.15,0.1368,0.1383,740203412.0,-1.8858503926276504,20.422435587470687,0.04136939495385706,0.04675223169980474,-0.07250561479539686,-0.019974032888377163,0.03951573156064502,0.003550292250150593,0.001214231004500415,23.670586896964483,2022-02-17,42.30977957626237,0,0,7.611842399580417,0.6931471805599453,5.393627546352362,7.611842399580417,0.6931471805599453,5.233483386833545
2022-02-18,DOGEUSDT,0.1383,0.1422,0.136,0.1386,619882904.0,-1.8971199848858813,20.245041153650135,0.03946277923630874,0.04492986858393074,0.002166848085090293,-0.07250561479539686,0.039650649198170386,0.00010703105361184288,0.0012057315458002676,23.636415208868428,2022-02-18,42.207716030764836,0,0,7.611842399580417,0.6931471805599453,5.393627546352362,7.611842399580417,0.6931471805599453,5.233483386833545
2022-02-19,DOGEUSDT,0.1386,0.1465,0.1384,0.1409,677612304.0,-1.9505207616129967,20.334085859342693,0.05638045178547385,0.04779251438431652,0.016458332148831578,0.002166848085090293,0.03847762787867789,0.0008093962159242894,0.0012297762780594998,23.653381416343134,2022-02-19,42.40412257356466,0,0,7.611842399580417,0.6931471805599453,5.393627546352362,7.611842399580417,0.6931471805599453,5.233483386833545
2022-02-20,DOGEUSDT,0.1409,0.1411,0.135,0.1366,508576015.0,-1.9207298505250152,20.0471252509728,0.02380496716135865,0.04179562757857705,-0.030993471767944862,0.016458332148831578,0.03956643503725995,0.001546030734079485,0.0011929082081361929,23.633348551815157,2022-02-20,42.49417824093217,0,0,7.611842399580417,0.6931471805599453,5.393627546352362,7.611842399580417,0.6931471805599453,5.233483386833545
2022-02-21,DOGEUSDT,0.1367,0.1419,0.1271,0.1282,1003925366.0,-1.9582864201233687,20.727183518799457,0.06884571733476601,0.048558150017624285,-0.06346540265011996,-0.030993471767944862,0.035209337431270686,0.0030619404991786337,0.0013501271242727696,23.59729535517653,2022-02-21,42.43571780885155,0,0,7.611842399580417,0.6931471805599453,5.393627546352362,7.611842399580417,0.6931471805599453,5.233483386833545
2022-02-22,DOGEUSDT,0.1283,0.1318,0.1238,0.1313,711049048.0,-1.95263269481614,20.382251969917025,0.06152513170630401,0.051799895439794214,0.023893236822180745,-0.06346540265011996,0.04125733393467278,0.0011722569644142227,0.0013349936626866278,23.562999747912343,2022-02-22,42.64746776226006,0,0,7.611842399580417,0.6931471805599453,5.393627546352362,7.611842399580417,0.6931471805599453,5.233483386833545
2022-02-23,DOGEUSDT,0.1313,0.1356,0.1272,0.1273,608946632.0,-2.02646965691373,20.22724118965034,0.045668941911559076,0.05026715705773543,-0.03093827574538966,0.023893236822180745,0.0336073627603951,0.0015295351182750435,0.0009866675234569485,23.574945940083218,2022-02-23,42.52153348174146,0,0,7.611842399580417,0.6931471805599453,5.393627546352362,7.611842399580417,0.6931471805599453,5.233483386833545
2022-02-24,DOGEUSDT,0.1273,0.1277,0.1065,0.1241,2457565179.9,-1.9980459034758418,21.622436932482294,0.16689740969790573,0.07942472021777801,-0.02545881335279924,-0.03093827574538966,0.03286438995791946,0.0011774257190480576,0.0007894798359479238,23.503089641073263,2022-02-24,42.869646498225435,0,0,7.611842399580417,0.6931471805599453,5.393627546352362,7.611842399580417,0.6931471805599453,5.233483386833545
2022-02-25,DOGEUSDT,0.1241,0.1284,0.1205,0.1276,799509758.0,-2.0580715159436433,20.499509295292007,0.062035017113583946,0.07507729444172949,0.027812678700127873,-0.02545881335279924,0.035495794780004745,0.0013567485103907065,0.0007149734024837352,23.532894178671143,2022-02-25,42.871961627490684,0,0,7.611842399580417,0.6931471805599453,5.393627546352362,7.611842399580417,0.6931471805599453,5.233483386833545
2022-02-26,DOGEUSDT,0.1276,0.1306,0.1257,0.1276,531223949.0,-2.052604887726276,20.090694239824067,0.033372844119675345,0.06465118186121595,0.0,0.027812678700127873,0.03522328055557148,0.0,0.0009839070374752306,23.554238862523935,2022-02-26,42.38838859931676,0,0,7.611842399580417,0.6931471805599453,5.393627546352362,7.611842399580417,0.6931471805599453,5.233483386833545
2022-02-27,DOGEUSDT,0.1276,0.1284,0.1209,0.1229,635411701.0,-2.0356160621398063,20.269783694801678,0.03551224670346738,0.057366448071778806,-0.03752935433870037,0.0,0.0284995329316037,0.001851492591325729,0.0006319453210556724,23.532494578249057,2022-02-27,42.46800125668527,0,0,7.611842399580417,0.6931471805599453,5.393627546352362,7.611842399580417,0.6931471805599453,5.233483386833545
2022-02-28,DOGEUSDT,0.123,0.1349,0.1213,0.1335,734786347.0,-2.052604887726276,20.415090330566482,0.10558159090389273,0.06942023377980729,0.0827304612683151,-0.03752935433870037,0.046012249973355006,0.004052417105617552,0.0013309981091467217,23.557557557610217,2022-02-28,43.182004966990114,0,0,7.611842399580417,0.6931471805599453,5.393627546352362,7.611842399580417,0.6931471805599453,5.233483386833545
2022-03-01,DOGEUSDT,0.1334,0.139,0.1297,0.134,925222290.0,-2.003221515768427,20.645544580119545,0.06136036300356949,0.06740526608574784,0.003738322110607158,0.0827304612683151,0.043011516232841,0.00018107161552943215,0.0014648108145399368,23.60233973765333,2022-03-01,43.830548860571895,0,0,7.611842399580417,1.0986122886681098,5.971261839790462,7.611842399580417,1.0986122886681098,5.845915251048722
2022-03-02,DOGEUSDT,0.134,0.1373,0.1306,0.133,672511452.0,-1.973281345851445,20.32652969829156,0.04105044266146656,0.060816560229677526,-0.007490671729157626,0.003738322110607158,0.040735457652173984,0.00036851699922920024,0.0015292356395110206,23.59954044498539,2022-03-02,44.02581285869278,0,0,7.611842399580417,1.0986122886681098,5.971261839790462,7.611842399580417,1.0986122886681098,5.845915251048722
2022-03-03,DOGEUSDT,0.133,0.1339,0.1271,0.1297,523496191.0,-1.9855869662082117,20.076040312221654,0.035641777763683914,0.05452286461317912,-0.025125036899355548,-0.007490671729157626,0.04221308733497992,0.0012514936465862856,0.001529081669295148,23.57857848398531,2022-03-03,43.84219855853878,0,0,7.611842399580417,1.0986122886681098,5.971261839790462,7.611842399580417,1.0986122886681098,5.845915251048722
2022-03-04,DOGEUSDT,0.1297,0.1302,0.12,0.1226,660309989.0,-2.01066202628501,20.308219963022506,0.044498370833816685,0.052016741168338515,-0.05629706782028721,-0.025125036899355548,0.04869739783825693,0.002772132068826993,0.00148152841103457,23.536682439589125,2022-03-04,43.5017010163013,0,0,7.611842399580417,1.0986122886681098,5.971261839790462,7.611842399580417,1.0986122886681098,5.845915251048722
2022-03-05,DOGEUSDT,0.1226,0.1256,0.1209,0.125,323924728.0,-2.038683549207668,19.596021725778247,0.03725159830621726,0.0483254554528082,0.019386713800190084,-0.05629706782028721,0.046995837692704295,0.0009893188562190242,0.0015107946434912726,23.52002709322074,2022-03-05,43.13559585132364,0,0,7.611842399580417,1.0986122886681098,5.971261839790462,7.611842399580417,1.0986122886681098,5.845915251048722
2022-03-06,DOGEUSDT,0.1249,0.1256,0.1193,0.1207,386679370.0,-2.074653024948039,19.77310640630519,0.028684266541113383,0.043415158224884495,-0.03500560919881529,0.019386713800190084,0.027490846943433733,0.001770364680162385,0.0009560950416100186,23.512715931482624,2022-03-06,43.14048684637032,0,0,7.611842399580417,1.0986122886681098,5.971261839790462,7.611842399580417,1.0986122886681098,5.845915251048722
2022-03-07,DOGEUSDT,0.1207,0.1226,0.1132,0.1167,511547343.0,-2.074653024948039,20.052950696257554,0.05656309661019485,0.046702142821212086,-0.03370158881097555,-0.03500560919881529,0.026111426097925446,0.0016806299143429908,0.0008151282299965093,23.478294121374944,2022-03-07,43.340797138190354,0,0,7.611842399580417,1.0986122886681098,5.971261839790462,7.611842399580417,1.0986122886681098,5.845915251048722
2022-03-08,DOGEUSDT,0.1168,0.12,0.1152,0.117,545435466.0,-2.098828255480026,20.117095053764317,0.03629350569178741,0.044099983538855914,0.0025673955052459545,-0.03370158881097555,0.027590239499597845,0.00012762257663864558,0.0008834264001297989,23.46790276499947,2022-03-08,43.39149451225001,0,0,7.611842399580417,1.0986122886681098,5.971261839790462,7.611842399580417,1.0986122886681098,5.845915251048722
2022-03-09,DOGEUSDT,0.117,0.1245,0.1164,0.1215,538317389.0,-2.120263536200091,20.103958886557646,0.06633456583209212,0.04965862911216497,0.0377403279828469,0.0025673955052459545,0.03640445725312071,0.0018772585138980599,0.0008947302863550544,23.490039222831818,2022-03-09,43.67376161449978,0,0,7.611842399580417,1.0986122886681098,5.971261839790462,7.611842399580417,1.0986122886681098,5.845915251048722
2022-03-10,DOGEUSDT,0.1215,0.1219,0.1145,0.1169,558495794.0,-2.083449563077375,20.14075764555887,0.037904857601105124,0.04672018623440001,-0.038595394302580306,0.0377403279828469,0.0324955587803665,0.0019162831399786376,0.0007067677264863832,23.48082256770987,2022-03-10,43.666993515172734,0,0,7.611842399580417,1.0986122886681098,5.971261839790462,7.611842399580417,1.0986122886681098,5.845915251048722
2022-03-11,DOGEUSDT,0.1169,0.1186,0.1137,0.1155,407557724.0,-2.104554242494911,19.825693134600943,0.03232841438106284,0.043122243271065716,-0.01204833851617448,-0.038595394302580306,0.029616130034019514,0.0006077133563187773,0.0007651786263024386,23.458478835754672,2022-03-11,43.32924086888976,0,0,7.611842399580417,1.0986122886681098,5.971261839790462,7.611842399580417,1.0986122886681098,5.845915251048722
2022-03-12,DOGEUSDT,0.1154,0.1173,0.1146,0.1147,214689375.0,-2.131998792418512,19.18470277396726,0.019655861939022926,0.03725564793805502,-0.006950505826523302,-0.01204833851617448,0.027627883114311955,0.000362294162615582,0.0008172541135571678,23.452868117542877,2022-03-12,43.30420748217029,0,0,7.611842399580417,1.0986122886681098,5.971261839790462,7.611842399580417,1.0986122886681098,5.845915251048722
2022-03-13,DOGEUSDT,0.1147,0.1164,0.1099,0.1114,401940015.0,-2.1430205233227073,19.81181341903151,0.03774828596182714,0.03737880744399805,-0.02919269664214139,-0.006950505826523302,0.026855766650299363,0.0014734994735059674,0.0007915547707374973,23.431211359503347,2022-03-13,43.24218767712791,0,0,7.611842399580417,1.0986122886681098,5.971261839790462,7.611842399580417,1.0986122886681098,5.845915251048722
2022-03-14,DOGEUSDT,0.1114,0.122,0.1102,0.1139,948724536.0,-2.1507227436847995,20.670629046788235,0.0979987234995244,0.052533786457879636,0.02219354295995273,-0.02919269664214139,0.02943465480951535,0.0010736752572801417,0.000650078729851955,23.44351920717672,2022-03-14,43.46843978137042,0,0,7.611842399580417,1.0986122886681098,5.971261839790462,7.611842399580417,1.0986122886681098,5.845915251048722
2022-03-15,DOGEUSDT,0.1139,0.1143,0.1101,0.1126,417039779.0,-2.1037342342488805,19.848692168498797,0.029884861162388983,0.046871555134006974,-0.011479154747546409,0.02219354295995273,0.02095284673074883,0.0005783330533869932,0.0006012556771827748,23.42921910650695,2022-03-15,43.64108323054591,0,0,7.611842399580417,1.0986122886681098,5.971261839790462,7.611842399580417,1.0986122886681098,5.845915251048722
2022-03-16,DOGEUSDT,0.1126,0.1171,0.1121,0.1171,548022368.0,-2.168928708181372,20.121826661597524,0.04363694052555735,0.04606290148189457,0.039186554898081524,-0.011479154747546409,0.025318408116739004,0.0019474650864013756,0.000610798257849381,23.44700808991525,2022-03-16,43.56371192760723,0,0,7.611842399580417,1.0986122886681098,5.971261839790462,7.611842399580417,1.0986122886681098,5.845915251048722
2022-03-17,DOGEUSDT,0.117,0.1194,0.1158,0.1163,444108919.0,-2.1447270083784655,19.911580403375233,0.025808064437825795,0.040999192220877376,-0.006855211079052857,0.039186554898081524,0.02489773723042794,0.0003442826204740043,0.0006532468430450168,23.4679027649834,2022-03-17,43.40859483720246,0,0,7.611842399580417,1.0986122886681098,5.971261839790462,7.611842399580417,1.0986122886681098,5.845915251048722
2022-03-18,DOGEUSDT,0.1164,0.1196,0.1142,0.1191,431655767.0,-2.1252760780236355,19.88313899291796,0.045328185726930786,0.04208144059739073,0.02379041683663574,-0.006855211079052857,0.02603432439866024,0.0011965121224123357,0.000584964970052045,23.47003223770637,2022-03-18,43.231105219207045,0,0,7.611842399580417,1.0986122886681098,5.971261839790462,7.611842399580417,1.0986122886681098,5.845915251048722
2022-03-19,DOGEUSDT,0.1192,0.1251,0.1183,0.1236,678711412.0,-2.1236024374656055,20.33570657603093,0.05506567235205996,0.04532749853605804,0.03708706866233605,0.02379041683663574,0.021671793118246435,0.0018237413351572171,0.0006439204173364965,23.503501163699482,2022-03-19,43.05383987415696,0,0,7.611842399580417,1.0986122886681098,5.971261839790462,7.611842399580417,1.0986122886681098,5.845915251048722
2022-03-20,DOGEUSDT,0.1235,0.1241,0.1174,0.1191,425713425.0,-2.0786418615092717,19.869276966594285,0.031578803952955224,0.041890324890282334,-0.03708706866233596,0.03708706866233605,0.030656405130360765,0.0018665535099585916,0.000701298475411782,23.499171706396236,2022-03-20,43.01901175380872,0,0,7.611842399580417,1.0986122886681098,5.971261839790462,7.611842399580417,1.0986122886681098,5.845915251048722
2022-03-21,DOGEUSDT,0.1191,0.1217,0.1176,0.1192,403696503.0,-2.0866675867715756,19.816173923412602,0.03018868436573946,0.03896491475914662,0.0008392782699949171,-0.03708706866233596,0.029527646896910894,4.235319457926833e-05,0.0008323927629102964,23.485441513574717,2022-03-21,42.77433932366794,0,0,7.611842399580417,1.0986122886681098,5.971261839790462,7.611842399580417,1.0986122886681098,5.845915251048722
2022-03-22,DOGEUSDT,0.1193,0.1257,0.1186,0.1224,640695818.0,-2.1061962789886555,20.278065359352112,0.056779311137136294,0.043418513853644036,0.026491615446976285,0.0008392782699949171,0.027348886605076277,0.0013064173025144395,0.0007553789004776301,23.50391251707549,2022-03-22,42.7133510759,0,0,7.611842399580417,1.0986122886681098,5.971261839790462,7.611842399580417,1.0986122886681098,5.845915251048722
2022-03-23,DOGEUSDT,0.1224,0.1314,0.121,0.1298,1136679760.0,-2.0738571633859353,20.851377358568968,0.08159646208257033,0.05296300091087561,0.05870043419176392,0.026491615446976285,0.033030290256103156,0.0028151825743847427,0.0009189950014466368,23.54065463945558,2022-03-23,42.70089797045613,0,0,7.611842399580417,1.0986122886681098,5.971261839790462,7.611842399580417,1.0986122886681098,5.845915251048722
2022-03-24,DOGEUSDT,0.1299,0.1413,0.1277,0.1368,2168603367.0,-2.029509172931627,21.49734918761574,0.09843227302575783,0.06433031893959616,0.05252520091846062,0.05870043419176392,0.03593994201438987,0.0024433338482830014,0.0009736881032167947,23.601034376162744,2022-03-24,42.63471271850509,0,0,7.611842399580417,1.0986122886681098,5.971261839790462,7.611842399580417,1.0986122886681098,5.845915251048722
2022-03-25,DOGEUSDT,0.1368,0.1377,0.1274,0.1308,1191949148.0,-1.9568699892916552,20.898855743605733,0.04883384325280345,0.06045620001789798,-0.04485056616535179,0.05252520091846062,0.0441811917838243,0.0021460775994434234,0.0009895670191248612,23.595795823505334,2022-03-25,42.79230071658033,0,0,7.611842399580417,1.0986122886681098,5.971261839790462,7.611842399580417,1.0986122886681098,5.845915251048722
2022-03-26,DOGEUSDT,0.1308,0.1369,0.1289,0.136,780328909.0,-1.9826778732475279,20.47522606697177,0.05940699020611646,0.0601938975649526,0.03898544671295381,-0.04485056616535179,0.03874037799664653,0.0019040300988832817,0.0009904163624822172,23.59560822382026,2022-03-26,42.86909016664775,0,0,7.611842399580417,1.0986122886681098,5.971261839790462,7.611842399580417,1.0986122886681098,5.845915251048722
2022-03-27,DOGEUSDT,0.1361,0.1456,0.1354,0.1448,1864810242.0,-1.9885045466877338,21.34642513794873,0.07243392469495265,0.06325390434745261,0.06269859421556398,0.03898544671295381,0.04015137523192355,0.002937194111444037,0.0006081831389269597,23.648410697783017,2022-03-27,42.83668099538538,0,0,7.611842399580417,1.0986122886681098,5.971261839790462,7.611842399580417,1.0986122886681098,5.845915251048722
2022-03-28,DOGEUSDT,0.1447,0.1537,0.1406,0.1425,1905719594.0,-1.9268921432195514,21.368125513831966,0.07590215332905635,0.06641596659285354,-0.016011480242910915,0.06269859421556398,0.04487867418583389,0.000749316089169656,0.0007961294800791058,23.683213545731615,2022-03-28,42.98707454982848,0,0,7.611842399580417,1.0986122886681098,5.971261839790462,7.611842399580417,1.0986122886681098,5.845915251048722
2022-03-29,DOGEUSDT,0.1424,0.1489,0.1404,0.1444,1173218699.0,-1.8727526284375868,20.88301683339947,0.05496326893727695,0.06355279217895939,0.013245226750020723,-0.016011480242910915,0.0418559312613636,0.0006342582997317147,0.000927419817746314,23.674062139363837,2022-03-29,42.88204914336982,0,0,7.611842399580417,1.0986122886681098,5.971261839790462,7.611842399580417,1.0986122886681098,5.845915251048722
2022-03-30,DOGEUSDT,0.1444,0.1456,0.1379,0.1432,1131014248.0,-1.9044803392921736,20.846380631702193,0.04676205519293536,0.05935510793245338,-0.008344971932180647,0.013245226750020723,0.03902710203023541,0.0004003079517549443,0.0010158557978679397,23.664476009305993,2022-03-30,42.56456650015267,0,0,7.611842399580417,1.0986122886681098,5.971261839790462,7.611842399580417,1.0986122886681098,5.845915251048722
2022-03-31,DOGEUSDT,0.1431,0.148,0.1359,0.1381,1464999405.0,-1.9268921432195514,21.105120673272015,0.06083350586602634,0.05972470741584662,-0.03626419411129879,-0.008344971932180647,0.036812882459137206,0.001718265186572686,0.000972306992721185,23.653912530793576,2022-03-31,42.263100515470384,0,0,7.611842399580417,1.0986122886681098,5.971261839790462,7.611842399580417,1.0986122886681098,5.845915251048722
2022-04-01,DOGEUSDT,0.1381,0.143,0.132,0.1413,1030256213.0,-1.9105430052180221,20.75307335874012,0.07659346077704263,0.06394189575614562,0.02290722927523545,-0.03626419411129879,0.03472403999415114,0.0011037993688577268,0.0009422058676287292,23.634973247543925,2022-04-01,42.01443351464165,0,0,7.611842399580417,1.3862943611198906,5.814130531825066,7.611842399580417,1.3862943611198906,5.69759754870645
2022-04-02,DOGEUSDT,0.1414,0.1445,0.1378,0.1387,804996467.0,-1.9449106487222299,20.506348446553332,0.0346047933451384,0.05660762015339381,-0.018571962369695997,0.02290722927523545,0.021805734774302477,0.0009056689160481683,0.00045870782029170764,23.650899145578652,2022-04-02,41.67985143729183,0,0,7.611842399580417,1.3862943611198906,5.814130531825066,7.611842399580417,1.3862943611198906,5.69759754870645
2022-04-03,DOGEUSDT,0.1387,0.1496,0.1362,0.1466,1229288569.0,-1.9344757714296503,20.929701439806408,0.09185648283476563,0.06541983582373677,0.055394462131765264,-0.018571962369695997,0.03275444620907745,0.002646691463377016,0.0008257955961400055,23.665176289463552,2022-04-03,41.56477870598826,0,0,7.611842399580417,1.3862943611198906,5.814130531825066,7.611842399580417,1.3862943611198906,5.69759754870645
2022-04-04,DOGEUSDT,0.1465,0.1567,0.1412,0.1485,2703058960.0,-1.8997902134417601,21.717649916803417,0.09416961735287693,0.0726072812060218,0.012877168790202988,0.055394462131765264,0.03273564321601844,0.0005929356463306669,0.0008319554540478311,23.701943873648514,2022-04-04,41.60081019169358,0,0,7.611842399580417,1.3862943611198906,5.814130531825066,7.611842399580417,1.3862943611198906,5.69759754870645
2022-04-05,DOGEUSDT,0.1485,0.1796,0.1471,0.1727,6454340799.0,-1.8534221296201618,22.588018733489488,0.19868786178572426,0.10412742635094742,0.15097102690987863,0.012877168790202988,0.06687844293069525,0.006683677249038478,0.0022786251174273255,23.791440351851698,2022-04-05,41.62709169560144,0,0,7.611842399580417,1.3862943611198906,5.814130531825066,7.611842399580417,1.3862943611198906,5.69759754870645
2022-04-06,DOGEUSDT,0.1727,0.1748,0.141,0.1433,5121714785.0,-1.7170231231140378,22.35675513887031,0.07667140569613522,0.09726342118724438,-0.18661565031850663,0.15097102690987863,0.11089993429986286,0.008347170649735728,0.003322527362610452,23.7667670202718,2022-04-06,41.874254884979514,0,0,7.611842399580417,1.3862943611198906,5.814130531825066,7.611842399580417,1.3862943611198906,5.69759754870645
2022-04-07,DOGEUSDT,0.1432,0.1483,0.14,0.1459,1901323940.0,-1.744112815760702,21.365816290985386,0.05429944613207286,0.0865224274234515,0.017981120694613686,-0.18661565031850663,0.11076931493426832,0.0008415836048445403,0.003359968582715777,23.676314587692236,2022-04-07,41.91503174775193,0,0,7.611842399580417,1.3862943611198906,5.814130531825066,7.611842399580417,1.3862943611198906,5.69759754870645
2022-04-08,DOGEUSDT,0.1459,0.1534,0.1404,0.1424,2219140122.0,-1.9085180298382507,21.520385625365584,0.07058661954432927,0.08253847545367093,-0.02428145655086454,0.017981120694613686,0.11104000544655224,0.0011283002532373094,0.0033288431742066462,23.683385411327567,2022-04-08,41.690642574353035,0,0,7.611842399580417,1.3862943611198906,5.814130531825066,7.611842399580417,1.3862943611198906,5.69759754870645
2022-04-09,DOGEUSDT,0.1423,0.1446,0.1405,0.1442,598706994.0,-1.874706390048981,20.210282877804964,0.028144167602477288,0.06893989849087252,0.012561225872973257,-0.02428145655086454,0.10845160810488799,0.0006215264748603821,0.003514743528462846,23.666400600941234,2022-04-09,41.650122262905484,0,0,7.611842399580417,1.3862943611198906,5.814130531825066,7.611842399580417,1.3862943611198906,5.69759754870645
2022-04-10,DOGEUSDT,0.1442,0.1578,0.1435,0.1482,2653381549.0,-1.9337839692574728,21.699100719703157,0.09337189714298358,0.07504789815390028,0.0273614880111378,0.012561225872973257,0.10902872611005628,0.001260950320687396,0.0034314764708053567,23.703966119027253,2022-04-10,41.620220224219146,0,0,7.611842399580417,1.3862943611198906,5.814130531825066,7.611842399580417,1.3862943611198906,5.69759754870645
2022-04-11,DOGEUSDT,0.1482,0.1515,0.1329,0.1341,2077944539.0,-1.8464268705703633,21.454645039661884,0.06216289658400155,0.0718266477614256,-0.09997692257435374,0.0273614880111378,0.08482273044199969,0.004659919676579713,0.003097554196008476,23.656387342053044,2022-04-11,41.7601961632669,0,0,7.611842399580417,1.3862943611198906,5.814130531825066,7.611842399580417,1.3862943611198906,5.69759754870645
2022-04-12,DOGEUSDT,0.134,0.1446,0.1332,0.138,1432968065.0,-1.8871696540327132,21.08301370012891,0.08039821930373661,0.07396954064700335,0.028667894869572063,-0.09997692257435374,0.04979932644456526,0.001359762663788279,0.0015019020636320127,23.62700507789366,2022-04-12,41.64009995859222,0,0,7.611842399580417,1.3862943611198906,5.814130531825066,7.611842399580417,1.3862943611198906,5.69759754870645
2022-04-13,DOGEUSDT,0.138,0.1435,0.1362,0.1399,982887318.0,-1.9337839692574728,20.70600504081856,0.048911891813951384,0.06770512843874037,0.013674196514230685,0.028667894869572063,0.04940917203711157,0.000660397623166526,0.0015229684812324204,23.647342321634234,2022-04-13,41.611451006900744,0,0,7.611842399580417,1.3862943611198906,5.814130531825066,7.611842399580417,1.3862943611198906,5.69759754870645
2022-04-14,DOGEUSDT,0.14,0.1478,0.1368,0.1441,2218098250.0,-1.9414202437824613,21.51991602155718,0.07345246693867273,0.06914196306372346,0.029579621334040948,0.013674196514230685,0.05052154663489388,0.0013745230838452208,0.0015104928241332061,23.65920821839626,2022-04-14,41.585536114559744,0,0,7.611842399580417,1.3862943611198906,5.814130531825066,7.611842399580417,1.3862943611198906,5.69759754870645
2022-04-15,DOGEUSDT,0.1442,0.1498,0.1418,0.1458,1414074566.0,-1.9118952704680356,21.069741137118093,0.05057609321000905,0.06450049560029486,0.011728316569081338,0.029579621334040948,0.05048778389777661,0.0005566426513147722,0.001519586500841768,23.683385411327567,2022-04-15,41.551582109921625,0,0,7.611842399580417,1.3862943611198906,5.814130531825066,7.611842399580417,1.3862943611198906,5.69759754870645
2022-04-16,DOGEUSDT,0.1458,0.148,0.1414,0.1435,747201976.0,-1.898454207899018,20.431846089415025,0.03368927677857213,0.05679769089486418,-0.015900784374882147,0.011728316569081338,0.049186289507607575,0.0007782353246640668,0.001556343165020545,23.679597528016604,2022-04-16,41.46569385225898,0,0,7.611842399580417,1.3862943611198906,5.814130531825066,7.611842399580417,1.3862943611198906,5.69759754870645
2022-04-17,DOGEUSDT,0.1435,0.145,0.1383,0.1392,693196715.0,-1.9105430052180221,20.356824376902402,0.027043724140761678,0.04935919920633856,-0.03042328729935657,-0.015900784374882147,0.024362044616953182,0.0014945006517753303,0.0004163977417983174,23.65603417234947,2022-04-17,41.463008493335366,0,0,7.611842399580417,1.3862943611198906,5.814130531825066,7.611842399580417,1.3862943611198906,5.69759754870645
2022-04-18,DOGEUSDT,0.1392,0.1405,0.1327,0.1402,1219207335.0,-1.9310215365615626,20.921466759118715,0.0562146096594274,0.05107305181961077,0.007158226700170449,-0.03042328729935657,0.021851545114653426,0.00034214745947726174,0.0004633981087203682,23.632806399461018,2022-04-18,41.65385642108916,0,0,7.611842399580417,1.3862943611198906,5.814130531825066,7.611842399580417,1.3862943611198906,5.69759754870645
2022-04-19,DOGEUSDT,0.1401,0.1446,0.1391,0.1425,811386437.0,-1.9625477902083366,20.51425499304355,0.03740260285076359,0.04765543957739898,0.016272025108215443,0.007158226700170449,0.022137861151182346,0.0007932057544245861,0.0004546017072036406,23.65656388013587,2022-04-19,41.72611366072236,0,0,7.611842399580417,1.3862943611198906,5.814130531825066,7.611842399580417,1.3862943611198906,5.69759754870645
2022-04-20,DOGEUSDT,0.1425,0.1468,0.1389,0.1407,1387121991.0,-1.9337839692574728,21.05049692754772,0.04442951861213049,0.04684895933608185,-0.012712035588361861,0.016272025108215443,0.018431260468343355,0.0006038829217245823,0.00039528255378684326,23.66149433562431,2022-04-20,41.7415592422368,0,0,7.611842399580417,1.3862943611198906,5.814130531825066,7.611842399580417,1.3862943611198906,5.69759754870645
2022-04-21,DOGEUSDT,0.1407,0.143,0.134,0.1362,873720271.0,-1.9186841628017217,20.588270826326863,0.0429948790453219,0.045885439263391864,-0.03250557040493141,-0.012712035588361861,0.019694892392897893,0.0015788392662566652,0.0004966491797541214,23.63587471699805,2022-04-21,41.89856929203387,0,0,7.611842399580417,1.3862943611198906,5.814130531825066,7.611842399580417,1.3862943611198906,5.69759754870645
2022-04-22,DOGEUSDT,0.1362,0.1382,0.1346,0.1363,572175737.0,-1.9449106487222299,20.16495673467531,0.023088528482392408,0.040186211568142,0.0007339449870750548,-0.03250557040493141,0.020093284143698695,3.639705240790205e-05,0.0006196367502107709,23.618972906195292,2022-04-22,41.71309073622353,0,0,7.611842399580417,1.3862943611198906,5.814130531825066,7.611842399580417,1.3862943611198906,5.69759754870645
2022-04-23,DOGEUSDT,0.1363,0.1368,0.1331,0.1339,337691149.0,-1.9790533676485675,19.63764227535878,0.015581027054232801,0.0340349154396647,-0.017765086005360236,0.0007339449870750548,0.017884171741960112,0.0009046445472556439,0.0005291518675887146,23.609396405757096,2022-04-23,41.57993239139602,0,0,7.611842399580417,1.3862943611198906,5.814130531825066,7.611842399580417,1.3862943611198906,5.69759754870645
2022-04-24,DOGEUSDT,0.1338,0.1348,0.1309,0.1317,521764787.0,-1.989235273793687,20.07272744467954,0.018764764188700947,0.03021737762692376,-0.016566643947891275,-0.017765086005360236,0.016861980723850544,0.0008253309867106483,0.0004978404168125638,23.593918241269044,2022-04-24,41.677642978445924,0,0,7.611842399580417,1.3862943611198906,5.814130531825066,7.611842399580417,1.3862943611198906,5.69759754870645
2022-04-25,DOGEUSDT,0.1318,0.1711,0.1224,0.1581,7687212862.0,-2.0039630805039303,22.76282411809692,0.32610923682076653,0.10419034242538446,0.18270113546619082,-0.016566643947891275,0.08171878060668619,0.008026294739102238,0.0029959317078616585,23.685959857105676,2022-04-25,41.88841028597428,0,0,7.611842399580417,1.3862943611198906,5.814130531825066,7.611842399580417,1.3862943611198906,5.69759754870645
2022-04-26,DOGEUSDT,0.1582,0.1668,0.1354,0.1376,6993892003.0,-1.7655070980839893,22.66830303409005,0.1163986698155883,0.10724242427293541,-0.13887681871618301,0.18270113546619082,0.1041450454946871,0.006126476186035237,0.0033141764784157092,23.71051031556699,2022-04-26,41.895670477803314,0,0,7.611842399580417,1.3862943611198906,5.814130531825066,7.611842399580417,1.3862943611198906,5.69759754870645
2022-04-27,DOGEUSDT,0.1376,0.1456,0.135,0.14,2395315272.0,-1.7909597890574906,21.596780696724114,0.07046573402031883,0.09804825170978126,0.017291497110061043,-0.13887681871618301,0.10337297055970555,0.0008006516041848722,0.003391315781317459,23.642520453164998,2022-04-27,41.96825553246108,0,0,7.611842399580417,1.3862943611198906,5.814130531825066,7.611842399580417,1.3862943611198906,5.69759754870645
2022-04-28,DOGEUSDT,0.1399,0.1433,0.1352,0.1375,1507644481.0,-1.9268921432195514,21.133814323432485,0.0444254415414841,0.08464254916770697,-0.018018505502678365,0.017291497110061043,0.1037953603669924,0.000852591265680802,0.0032732493109491495,23.637855093906882,2022-04-28,42.12518630772462,0,0,7.611842399580417,1.3862943611198906,5.814130531825066,7.611842399580417,1.3862943611198906,5.69759754870645
2022-04-29,DOGEUSDT,0.1375,0.1451,0.1331,0.1349,2002962085.0,-1.9428149441480107,21.417892964344595,0.0712809011917683,0.08130213717372231,-0.01909015389291598,-0.018018505502678365,0.10384584622549753,0.0008913180173556887,0.003274896629573774,23.62864010413391,2022-04-29,42.21069801981945,0,0,7.611842399580417,1.3862943611198906,5.814130531825066,7.611842399580417,1.3862943611198906,5.69759754870645
2022-04-30,DOGEUSDT,0.135,0.1368,0.1238,0.1274,1256533034.0,-1.9303321190919949,20.951622205091788,0.061685647598409006,0.07639801477989398,-0.05720202007564708,-0.01909015389291598,0.1065298017609353,0.002730195281095967,0.0031198296473074006,23.576859450038956,2022-04-30,42.52376507338841,0,0,7.611842399580417,1.3862943611198906,5.814130531825066,7.611842399580417,1.3862943611198906,5.69759754870645
2022-05-01,DOGEUSDT,0.1273,0.1366,0.126,0.1327,1208220038.0,-1.989235273793687,20.912414070533867,0.07891313384989342,0.07702679454739383,0.04075919820009874,-0.05720202007564708,0.06339731942316287,0.00194904318853984,0.0020612555673135704,23.57647704086887,2022-05-01,42.6584374198971,0,0,7.611842399580417,1.6094379124341003,5.793013608384144,7.611842399580417,1.6094379124341003,5.7035374653105295
2022-05-02,DOGEUSDT,0.1327,0.134,0.1276,0.1308,791121203.0,-1.9906983318454474,20.488961741553837,0.038050196879701306,0.0672826451304707,-0.014421502315063632,0.04075919820009874,0.03376790570235262,0.0007038669160973277,0.000828965399647126,23.581056327644422,2022-05-02,42.64502765939534,0,0,7.611842399580417,1.6094379124341003,5.793013608384144,7.611842399580417,1.6094379124341003,5.7035374653105295
2022-05-03,DOGEUSDT,0.1308,0.132,0.1264,0.1295,602983927.0,-2.0099154790312257,20.217401099278163,0.03499968205543514,0.059211904361711816,-0.009988557883505807,-0.014421502315063632,0.03135995710376361,0.0004940574624036338,0.0008756133056396446,23.567255073475813,2022-05-03,42.47097158553345,0,0,7.611842399580417,1.6094379124341003,5.793013608384144,7.611842399580417,1.6094379124341003,5.7035374653105295
2022-05-04,DOGEUSDT,0.1294,0.1363,0.129,0.1359,999925457.0,-2.0249533563957662,20.723191291167943,0.05496322183658615,0.0581497337304304,0.04823844001750541,-0.009988557883505807,0.039773565340614186,0.002327751519528956,0.0009396692375290709,23.591095241362545,2022-05-04,42.30586959775604,0,0,7.611842399580417,1.6094379124341003,5.793013608384144,7.611842399580417,1.6094379124341003,5.7035374653105295
2022-05-05,DOGEUSDT,0.136,0.1378,0.125,0.1282,1663729207.0,-1.9928969402796501,21.232327429924574,0.0584277239475906,0.05821923128472045,-0.05832777667052828,0.04823844001750541,0.04590793549727249,0.0027471211935212454,0.0009966121146254545,23.583907769532836,2022-05-05,41.966200143996474,0,0,7.611842399580417,1.6094379124341003,5.793013608384144,7.611842399580417,1.6094379124341003,5.7035374653105295
2022-05-06,DOGEUSDT,0.1281,0.1299,0.1234,0.1278,919219399.0,-1.9819519204025788,20.63903538849719,0.04501027858575624,0.0549169931099794,-0.0031250025431352776,-0.05832777667052828,0.039258802059710045,0.00015141223823265227,0.0010808415358143362,23.548748652655462,2022-05-06,41.73021880320515,0,0,7.611842399580417,1.6094379124341003,5.793013608384144,7.611842399580417,1.6094379124341003,5.7035374653105295
2022-05-07,DOGEUSDT,0.1277,0.1324,0.1245,0.1275,913433603.0,-2.0409903553055835,20.632721246958994,0.05317808723413819,0.05448226664101909,-0.0023501773449535156,-0.0031250025431352776,0.034017021683643976,0.00011390535047818292,0.0011503071676447249,23.554825315473625,2022-05-07,41.76637525401906,0,0,7.611842399580417,1.6094379124341003,5.793013608384144,7.611842399580417,1.6094379124341003,5.7035374653105295
2022-05-08,DOGEUSDT,0.1274,0.1283,0.1226,0.1241,770287457.0,-2.0219276354792295,20.462274323924362,0.028052328804990746,0.04787478218201201,-0.02702867238791926,-0.0023501773449535156,0.03496821224417236,0.0013209026504115188,0.0011364138708061626,23.537875757159473,2022-05-08,41.76591698016159,0,0,7.611842399580417,1.6094379124341003,5.793013608384144,7.611842399580417,1.6094379124341003,5.7035374653105295
2022-05-09,DOGEUSDT,0.1241,0.1253,0.1001,0.1019,2102771008.3,-2.0533840073605463,21.46652183962601,0.07740233268829703,0.055256669808583264,-0.1970957519818823,-0.02702867238791926,0.08455355555183872,0.009181541073787484,0.003382749579008482,23.430326403705386,2022-05-09,41.80572247676718,0,0,7.611842399580417,1.6094379124341003,5.793013608384144,7.611842399580417,1.6094379124341003,5.7035374653105295
2022-05-10,DOGEUSDT,0.1018,0.1184,0.0992,0.108,1929997320.5,-2.0770444170801143,21.380784451520274,0.17007604285220929,0.08396151306948976,0.0581392868955405,-0.1970957519818823,0.08668846721486193,0.0027192307666432007,0.003379285888564326,23.375274978841304,2022-05-10,41.94388514844104,0,0,7.611842399580417,1.6094379124341003,5.793013608384144,7.611842399580417,1.6094379124341003,5.7035374653105295
2022-05-11,DOGEUSDT,0.108,0.1109,0.0711,0.0853,4698607567.9,-2.133686556532232,22.270532039619187,0.29647887162064074,0.1370908527072775,-0.2359567726265862,0.0581392868955405,0.11914996258052857,0.010595021807598491,0.004670607055159286,23.2416099410287,2022-05-11,42.681130407889796,0,0,7.611842399580417,1.6094379124341003,5.793013608384144,7.611842399580417,1.6094379124341003,5.7035374653105295
2022-05-12,DOGEUSDT,0.0852,0.0899,0.0689,0.0826,4099690301.0,-2.1991263846258158,22.134177271462196,0.2297717769171723,0.1602610837597512,-0.032164773970700944,-0.2359567726265862,0.11655389927524237,0.0014531723305646102,0.00448173041086126,23.091948856003597,2022-05-12,43.8082153440821,0,0,7.611842399580417,1.6094379124341003,5.793013608384144,7.611842399580417,1.6094379124341003,5.7035374653105295
2022-05-13,DOGEUSDT,0.0826,0.0964,0.082,0.0881,2571346706.0,-2.4090573375045627,21.667695608724912,0.1597455293449909,0.16013219515606114,0.06446285241520136,-0.032164773970700944,0.1273187585984571,0.002975067288154268,0.0040913123664144705,23.168714401575624,2022-05-13,44.643057358713165,0,0,7.611842399580417,1.6094379124341003,5.793013608384144,7.611842399580417,1.6094379124341003,5.7035374653105295
2022-05-14,DOGEUSDT,0.0881,0.092,0.0836,0.0894,1212363074.0,-2.339249077365637,20.915837245739198,0.08754476856684622,0.1419853385087574,0.01464814923733455,0.06446285241520136,0.13067520884679068,0.0007003376946011832,0.004200435591654695,23.18327153033833,2022-05-14,44.62919104637805,0,0,7.611842399580417,1.6094379124341003,5.793013608384144,7.611842399580417,1.6094379124341003,5.7035374653105295
2022-05-15,DOGEUSDT,0.0895,0.0933,0.0864,0.0932,799028070.0,-2.385966701933097,20.498906634527724,0.07658602994858374,0.12563551136871398,0.04162703951207723,0.01464814923733455,0.11389974907148544,0.002030695600221035,0.0036156537845281967,23.208731011522065,2022-05-15,44.650754075727754,0,0,7.611842399580417,1.6094379124341003,5.793013608384144,7.611842399580417,1.6094379124341003,5.7035374653105295
2022-05-16,DOGEUSDT,0.0932,0.0932,0.0858,0.088,674846170.0,-2.371935171128839,20.329995326568202,0.04576581394622591,0.10566808701309197,-0.05741090721333916,0.04162703951207723,0.10873720273603367,0.002823950831819025,0.0036118901726467124,23.202635121201595,2022-05-16,44.73087288219684,0,0,7.611842399580417,1.6094379124341003,5.793013608384144,7.611842399580417,1.6094379124341003,5.7035374653105295
2022-05-17,DOGEUSDT,0.088,0.0914,0.0869,0.0903,632579482.0,-2.3730075572905913,20.265316433912094,0.04895587912413069,0.09149003504085165,0.02580064594473347,-0.05741090721333916,0.04595279964977232,0.0012731430090851443,0.0009005433954693876,23.193701505067015,2022-05-17,44.644638560277066,0,0,7.611842399580417,1.6094379124341003,5.793013608384144,7.611842399580417,1.6094379124341003,5.7035374653105295
2022-05-18,DOGEUSDT,0.0903,0.091,0.0831,0.0833,552003943.0,-2.3925098005220327,20.1290657473318,0.030016968731424835,0.07612176846349494,-0.08068891125014276,0.02580064594473347,0.05755580761153203,0.004008577062789833,0.0012112252006449202,23.167563653478055,2022-05-18,44.735988819547075,0,0,7.611842399580417,1.6094379124341003,5.793013608384144,7.611842399580417,1.6094379124341003,5.7035374653105295
2022-05-19,DOGEUSDT,0.0834,0.0876,0.0814,0.0866,537654022.0,-2.396895772465287,20.10272582947589,0.07148228658827954,0.07496189799469109,0.038851266395592485,-0.08068891125014276,0.0526878263392718,0.0019326367341998118,0.0011694060402384359,23.141906269366626,2022-05-19,45.13311222452195,0,0,7.611842399580417,1.6094379124341003,5.793013608384144,7.611842399580417,1.6094379124341003,5.7035374653105295
2022-05-20,DOGEUSDT,0.0866,0.088,0.0825,0.084,494642225.0,-2.4349742810397914,20.019345281425398,0.043691293620966264,0.06714424690125989,-0.030483016725075765,0.038851266395592485,0.05290910944548945,0.0015226780045278954,0.0010052534668211325,23.148089124333843,2022-05-20,45.165799592344264,0,0,7.611842399580417,1.6094379124341003,5.793013608384144,7.611842399580417,1.6094379124341003,5.7035374653105295
2022-05-21,DOGEUSDT,0.084,0.0855,0.0824,0.0845,200173227.0,-2.430418464503931,19.11469368463384,0.033728924249018334,0.0587904162381995,0.0059347355198145265,-0.030483016725075765,0.04763549132744163,0.0003104802837926415,0.0012904026768960765,23.13390029627709,2022-05-21,44.941255152923745,0,0,7.611842399580417,1.6094379124341003,5.793013608384144,7.611842399580417,1.6094379124341003,5.7035374653105295
2022-05-22,DOGEUSDT,0.0844,0.0867,0.0838,0.0859,212040160.0,-2.4592389030394224,19.172286248658203,0.03303458490341784,0.052351458404504086,0.016432294627081432,0.0059347355198145265,0.044323859369058125,0.0008570858172030196,0.0012824994198902605,23.14838259463469,2022-05-22,44.97183635743072,0,0,7.611842399580417,1.6094379124341003,5.793013608384144,7.611842399580417,1.6094379124341003,5.7035374653105295
2022-05-23,DOGEUSDT,0.0859,0.0884,0.0821,0.0833,491119625.0,-2.445301395195641,20.012198291522385,0.052702642163100354,0.052439254344153155,-0.030735279817412784,0.016432294627081432,0.0426945375725538,0.0015358272674338299,0.0012714664498711835,23.144560746669224,2022-05-23,44.88966745753881,0,0,7.611842399580417,1.6094379124341003,5.793013608384144,7.611842399580417,1.6094379124341003,5.7035374653105295
2022-05-24,DOGEUSDT,0.0833,0.0844,0.0801,0.0837,359716178.0,-2.425883309338539,19.700825884023644,0.04907299791796864,0.051597690237607026,0.004790428322632518,-0.030735279817412784,0.027231076107963215,0.00024315875643149098,0.0007031171798351061,23.11920517506015,2022-05-24,44.935650121073586,0,0,7.611842399580417,1.6094379124341003,5.793013608384144,7.611842399580417,1.6094379124341003,5.7035374653105295
2022-05-25,DOGEUSDT,0.0837,0.0845,0.0821,0.083,417147590.0,-2.4721878773802257,19.848950649997334,0.022011831324292144,0.044201225509278304,-0.008398369698831606,0.004790428322632518,0.019860160571001127,0.0004231140399773594,0.0005928385219053041,23.125829709965263,2022-05-25,45.13583901447642,0,0,7.611842399580417,1.6094379124341003,5.793013608384144,7.611842399580417,1.6094379124341003,5.7035374653105295
2022-05-26,DOGEUSDT,0.0829,0.0837,0.075,0.0779,863761845.0,-2.4710037446190087,20.57680764641088,0.06966632510844982,0.05056750040907118,-0.06341465491989547,-0.008398369698831606,0.02972373288912097,0.0030818509853231093,0.0010944134877631066,23.083844073464682,2022-05-26,45.847812383189364,0,0,7.611842399580417,1.6094379124341003,5.793013608384144,7.611842399580417,1.6094379124341003,5.7035374653105295
2022-05-27,DOGEUSDT,0.0779,0.09,0.076,0.0816,1955445636.0,-2.4805163014867073,21.393883951210885,0.16176344802222895,0.07836648731236062,0.04640330909335882,-0.06341465491989547,0.03815647586239325,0.002168998822242018,0.0010976726009206284,23.100296407939815,2022-05-27,46.52567061849141,0,0,7.611842399580417,1.6094379124341003,5.793013608384144,7.611842399580417,1.6094379124341003,5.7035374653105295
2022-05-28,DOGEUSDT,0.0815,0.0834,0.0808,0.0818,539169761.0,-2.4079456086518722,20.105541034758307,0.028913286691264927,0.0660031871570867,0.0024479816386400372,0.04640330909335882,0.03693284191921432,0.00012175656623256171,0.001204276284387321,23.107352734222314,2022-05-28,46.391771402798504,0,0,7.611842399580417,1.6094379124341003,5.793013608384144,7.611842399580417,1.6094379124341003,5.7035374653105295
2022-05-29,DOGEUSDT,0.0818,0.0833,0.0798,0.0827,368598200.0,-2.484106969617436,19.7252177198457,0.04078744895218888,0.059699252605862244,0.010942358420944227,0.0024479816386400372,0.035735653288145805,0.000554739550982752,0.0012261407517672703,23.10704697053904,2022-05-29,46.33658682726505,0,0,7.611842399580417,1.6094379124341003,5.793013608384144,7.611842399580417,1.6094379124341003,5.7035374653105295
2022-05-30,DOGEUSDT,0.0827,0.08857,0.0821,0.088,1210365782.0,-2.48530672980934,20.914188450045426,0.07554466308544042,0.06366060522575678,0.062117212448560805,0.010942358420944227,0.044297167387826915,0.0029700991074519023,0.0013451120880152594,23.149262489097712,2022-05-30,46.4487261098483,0,0,7.611842399580417,1.6094379124341003,5.793013608384144,7.611842399580417,1.6094379124341003,5.7035374653105295
2022-05-31,DOGEUSDT,0.088,0.0885,0.08308,0.08591,1380975219.0,-2.4239620791606455,21.046055766969264,0.04780375793989255,0.059696393404290726,-0.024036577828241267,0.062117212448560805,0.04591036381463517,0.0011420941811798046,0.001253161221974336,23.160921029794473,2022-05-31,46.620229270698935,0,0,7.611842399580417,1.6094379124341003,5.793013608384144,7.611842399580417,1.6094379124341003,5.7035374653105295
2022-06-01,DOGEUSDT,0.0859,0.08952,0.07872,0.08105,2111914425.0,-2.4247527269682534,21.470860683503624,0.0886170990155678,0.06692656980711,-0.05823398846828003,-0.024036577828241267,0.04437252599769988,0.002712233539525598,0.0011768288425085779,23.131814168244492,2022-06-01,46.638675997150585,0,0,7.611842399580417,1.791759469228055,5.808142489980444,7.611842399580417,1.791759469228055,5.6339138144210725
2022-06-02,DOGEUSDT,0.08106,0.08313,0.08001,0.08277,950935239.0,-2.4132932149784674,20.672956520399108,0.03750714046089683,0.059571712470556704,0.02099942871561933,-0.05823398846828003,0.04089114120596849,0.0010157922353727237,0.0011616712258062968,23.106129118278552,2022-06-02,46.717511613812746,0,0,7.611842399580417,1.791759469228055,5.808142489980444,7.611842399580417,1.791759469228055,5.6339138144210725
2022-06-03,DOGEUSDT,0.08279,0.08296,0.07936,0.08029,719704158.0,-2.4873496314391406,20.394350793868597,0.024165549113228435,0.050720171631224636,-0.03042059670071174,0.02099942871561933,0.043025032019164605,0.0014916187824844838,0.0009752783796460129,23.100604242340577,2022-06-03,46.849921073378724,0,0,7.611842399580417,1.791759469228055,5.808142489980444,7.611842399580417,1.791759469228055,5.6339138144210725
2022-06-04,DOGEUSDT,0.08033,0.08252,0.07932,0.08187,508858133.0,-2.489396715060865,20.04767981857363,0.03826451865221599,0.04760625838647248,0.019487543191764177,-0.03042059670071174,0.04371886952405512,0.0009720597778955696,0.0008931616011154414,23.09875581299227,2022-06-04,46.883782217504866,0,0,7.611842399580417,1.791759469228055,5.808142489980444,7.611842399580417,1.791759469228055,5.6339138144210725
2022-06-05,DOGEUSDT,0.08188,0.08225,0.0806,0.08107,372318514.0,-2.494714590779086,19.735260266319916,0.013526914447450652,0.03908642240171702,-0.009819644388740991,0.019487543191764177,0.030627486634602047,0.0004975685274087386,0.0007600140399526543,23.102141994446985,2022-06-05,46.851775538050134,0,0,7.611842399580417,1.791759469228055,5.808142489980444,7.611842399580417,1.791759469228055,5.6339138144210725
2022-06-06,DOGEUSDT,0.08108,0.08473,0.08089,0.0825,810064865.0,-2.4979918893366557,20.51262488267142,0.045699955407385986,0.040739805653134266,0.01748531434101955,-0.009819644388740991,0.03245338460255237,0.0008524172036018038,0.0007813508978990146,23.11253646282991,2022-06-06,47.206772399542864,0,0,7.611842399580417,1.791759469228055,5.808142489980444,7.611842399580417,1.791759469228055,5.6339138144210725
2022-06-07,DOGEUSDT,0.0825,0.08258,0.07769,0.08039,733934095.0,-2.4682855487717643,20.413929793719195,0.04595006058762468,0.04204236938675687,-0.02590850300076585,0.01748531434101955,0.023699885233709597,0.0012691580338802372,0.0003428592674507728,23.09535812631968,2022-06-07,47.571131969910404,0,0,7.611842399580417,1.791759469228055,5.808142489980444,7.611842399580417,1.791759469228055,5.6339138144210725
2022-06-08,DOGEUSDT,0.08039,0.0816,0.0788,0.07927,536757669.0,-2.493987758524193,20.1010572824646,0.025306670035690898,0.03785844454899038,-0.014030043490805045,-0.02590850300076585,0.021280535361424227,0.0006979753996842904,0.00036669998179616683,23.085095246609185,2022-06-08,47.5192281080477,0,0,7.611842399580417,1.791759469228055,5.808142489980444,7.611842399580417,1.791759469228055,5.6339138144210725
2022-06-09,DOGEUSDT,0.07927,0.08105,0.07893,0.07937,322805496.0,-2.505926017012076,19.59256052023743,0.02474823730753098,0.03458089273862553,0.0012607162537197289,-0.014030043490805045,0.018052544937219167,6.434668160996707e-05,0.00041528250207304704,23.080709274666347,2022-06-09,47.20980071759964,0,0,7.611842399580417,1.791759469228055,5.808142489980444,7.611842399580417,1.791759469228055,5.6339138144210725
2022-06-10,DOGEUSDT,0.07937,0.07974,0.07423,0.07539,584554571.0,-2.512689030800452,20.18636069807689,0.03702962362885319,0.035193075461182444,-0.05144582287917361,0.0012607162537197289,0.02360210392123088,0.002548543724579079,0.0008614524164020519,23.048484441353388,2022-06-10,47.33662979212403,0,0,7.611842399580417,1.791759469228055,5.808142489980444,7.611842399580417,1.791759469228055,5.6339138144210725
2022-06-11,DOGEUSDT,0.07538,0.07649,0.06793,0.06993,750865386.0,-2.528983937028928,20.43673694732365,0.06895309658289604,0.04363308074161085,-0.07517989850783495,-0.05144582287917361,0.034153778386153986,0.003678664490403413,0.0013432022110704423,22.985932704423977,2022-06-11,47.94185954231018,0,0,7.611842399580417,1.791759469228055,5.808142489980444,7.611842399580417,1.791759469228055,5.6339138144210725
2022-06-12,DOGEUSDT,0.06994,0.07037,0.06344,0.06353,1339377069.7,-2.5705952656483624,21.015470469463903,0.02781587459423305,0.039678779204766396,-0.09598250643733361,-0.07517989850783495,0.03742355605046487,0.004567230915757942,0.0017647634764319708,22.904335458064573,2022-06-12,48.19389239255282,0,0,7.611842399580417,1.791759469228055,5.808142489980444,7.611842399580417,1.791759469228055,5.6339138144210725
2022-06-13,DOGEUSDT,0.06352,0.06627,0.05234,0.0542,3222482666.2,-2.6539882430036794,21.893417913771682,0.12946648011524603,0.062125704432386304,-0.15883132683284146,-0.09598250643733361,0.058373018062474746,0.0072547524310003384,0.0026469283274136264,22.780918604699142,2022-06-13,47.192403904322084,0,0,7.611842399580417,1.791759469228055,5.808142489980444,7.611842399580417,1.791759469228055,5.6339138144210725
2022-06-14,DOGEUSDT,0.05418,0.05842,0.04978,0.05555,2292552206.0,-2.7140179728820018,21.552931534354688,0.14610862963164165,0.08312143573220014,0.024602607640038635,-0.15883132683284146,0.06674307477336255,0.0011414970441873701,0.002570334762838235,22.699285650221874,2022-06-14,46.04433545482953,0,0,7.611842399580417,1.791759469228055,5.808142489980444,7.611842399580417,1.791759469228055,5.6339138144210725
2022-06-15,DOGEUSDT,0.05556,0.06394,0.05041,0.06285,2340963490.0,-2.8400969820225423,21.57382842943438,0.23421179542325596,0.1208940256549641,0.12346741895061751,0.024602607640038635,0.09951012427238082,0.005723018487630319,0.0021966262560139684,22.76425511294656,2022-06-15,45.620673478013494,0,0,7.611842399580417,1.791759469228055,5.808142489980444,7.611842399580417,1.791759469228055,5.6339138144210725
2022-06-16,DOGEUSDT,0.06285,0.06285,0.05421,0.05523,1635504912.0,-2.7498101353504416,21.21521740830109,0.052504458966697844,0.10379663398289754,-0.12924465112316022,0.12346741895061751,0.10630907433133191,0.006092072903885933,0.0021551734269988636,22.77454238757437,2022-06-16,45.260634185932155,0,0,7.611842399580417,1.791759469228055,5.808142489980444,7.611842399580417,1.791759469228055,5.6339138144210725
2022-06-17,DOGEUSDT,0.05523,0.05814,0.05463,0.05689,694665887.0,-2.7670043439458807,20.35894154980795,0.06033436433080027,0.09293106656987322,0.02961329484945996,-0.12924465112316022,0.11024717641036058,0.0014545596477602398,0.0025329779225466203,22.73007124117684,2022-06-17,44.9680794407789,0,0,7.611842399580417,1.791759469228055,5.808142489980444,7.611842399580417,1.791759469228055,5.6339138144210725
2022-06-18,DOGEUSDT,0.0569,0.05787,0.04914,0.0529,1478029999.0,-2.8449013838514072,21.113975956289444,0.11651024151038877,0.09882586030500211,-0.07271623989830235,0.02961329484945996,0.10803473162975398,0.0034439861089564988,0.0025570734936805266,22.69467734711143,2022-06-18,44.43196991357931,0,0,7.611842399580417,1.791759469228055,5.808142489980444,7.611842399580417,1.791759469228055,5.6339138144210725
2022-06-19,DOGEUSDT,0.05289,0.0629,0.05116,0.06047,2339917678.0,-2.8495561633963895,21.5733815853553,0.20339228283271246,0.1249674659369297,0.1337440354208679,-0.07271623989830235,0.10450702013343097,0.0061994933382005174,0.0023299052560019655,22.741596191463902,2022-06-19,44.16764113292741,0,0,7.611842399580417,1.791759469228055,5.808142489980444,7.611842399580417,1.791759469228055,5.6339138144210725
2022-06-20,DOGEUSDT,0.06046,0.06152,0.05744,0.06002,963247514.0,-2.766209115275742,20.68582096062112,0.05868592080275017,0.10839707965338481,-0.007469534272900554,0.1337440354208679,0.10493610394263879,0.0003610944079579944,0.0025347817675819644,22.79355035160812,2022-06-20,44.349019337560314,0,0,7.611842399580417,1.791759469228055,5.808142489980444,7.611842399580417,1.791759469228055,5.6339138144210725
2022-06-21,DOGEUSDT,0.06002,0.06993,0.05896,0.06581,2221434344.0,-2.7883929537847485,21.521418925098175,0.1674349857967278,0.12315655618922056,0.09209396245580664,-0.007469534272900554,0.0989346762140882,0.0042791770736086135,0.002389058076020227,22.855601472110337,2022-06-21,44.1949151088022,0,0,7.611842399580417,1.791759469228055,5.808142489980444,7.611842399580417,1.791759469228055,5.6339138144210725
2022-06-22,DOGEUSDT,0.06583,0.06583,0.06105,0.0617,1245199586.0,-2.6602605372663617,20.94256166405496,0.028255182128320597,0.09943121267399557,-0.06448787155668552,0.09209396245580664,0.08330973778538413,0.003079273328218015,0.0020648128679464184,22.85520815842072,2022-06-22,44.187766834639014,0,0,7.611842399580417,1.791759469228055,5.808142489980444,7.611842399580417,1.791759469228055,5.6339138144210725
2022-06-23,DOGEUSDT,0.06172,0.06476,0.06155,0.06398,826794075.0,-2.7206796175023515,20.533066219563338,0.05050849315576449,0.0872005327944378,0.03628660361002983,-0.06448787155668552,0.08353261929333448,0.0017672277107574396,0.0020172802575796093,22.845324701799132,2022-06-23,44.19129542058479,0,0,7.611842399580417,1.791759469228055,5.808142489980444,7.611842399580417,1.791759469228055,5.6339138144210725
2022-06-24,DOGEUSDT,0.06398,0.06854,0.06391,0.06694,897806951.0,-2.737067150172703,20.61546562654099,0.06975657743464615,0.08283954395448989,0.04522616126180873,0.03628660361002983,0.07029987525177235,0.0021937977090162432,0.002049900035819384,22.889240831847776,2022-06-24,43.77906932281762,0,0,7.611842399580417,1.791759469228055,5.808142489980444,7.611842399580417,1.791759469228055,5.6339138144210725
2022-06-25,DOGEUSDT,0.06694,0.06934,0.0651,0.06852,767798491.0,-2.6803377625356744,20.45903787517348,0.06041279884639965,0.07723285767746733,0.02332897767273856,0.04522616126180873,0.05291290836899167,0.0011402773588413794,0.0013974301871155477,22.913655190020393,2022-06-25,43.38758543670424,0,0,7.611842399580417,1.791759469228055,5.808142489980444,7.611842399580417,1.791759469228055,5.6339138144210725
2022-06-26,DOGEUSDT,0.06852,0.07759,0.06719,0.07296,1762543405.0,-2.66873333872526,21.290023719297814,0.13966125339452998,0.092839956606733,0.0627856723101568,0.02332897767273856,0.05317085977856362,0.0029490653997367926,0.0011094497441941106,22.973777666824788,2022-06-26,43.42466837962939,0,0,7.611842399580417,1.791759469228055,5.808142489980444,7.611842399580417,1.791759469228055,5.6339138144210725
2022-06-27,DOGEUSDT,0.07297,0.0788,0.0705,0.07216,1823287836.0,-2.556316726076279,21.323907211567228,0.0967288965198804,0.09381219158501986,-0.01102547001170771,0.0627856723101568,0.0462914346174663,0.0005170473638961863,0.0010074485881584507,22.99964563787403,2022-06-27,43.425559032009936,0,0,7.611842399580417,1.791759469228055,5.808142489980444,7.611842399580417,1.791759469228055,5.6339138144210725
2022-06-28,DOGEUSDT,0.07218,0.0734,0.0654,0.0661,1134861583.0,-2.540842282118304,20.849776527138904,0.054629824030414414,0.08401659969636849,-0.0877171288967275,-0.01102547001170771,0.05454064140363033,0.004207101634041563,0.0013192463993668942,22.93857403159406,2022-06-28,43.45732295377666,0,0,7.611842399580417,1.791759469228055,5.808142489980444,7.611842399580417,1.791759469228055,5.6339138144210725
2022-06-29,DOGEUSDT,0.0661,0.07159,0.06409,0.06956,1112315068.0,-2.611831343361667,20.82970932717553,0.10657814105087669,0.08965698503499554,0.051020942628441535,-0.0877171288967275,0.05618775538121712,0.0024494313303679636,0.0013111954690141578,22.918467340693017,2022-06-29,43.665736875567504,0,0,7.611842399580417,1.791759469228055,5.808142489980444,7.611842399580417,1.791759469228055,5.6339138144210725
2022-06-30,DOGEUSDT,0.06958,0.06973,0.06227,0.06644,1057005992.0,-2.6367998795740433,20.778706212692615,0.08624653595389832,0.08880437276472124,-0.04589040474098809,0.051020942628441535,0.05831266559304776,0.0022085304191343763,0.00131109917115168,22.90658012793023,2022-06-30,43.81467202963226,0,0,7.611842399580417,1.791759469228055,5.808142489980444,7.611842399580417,1.791759469228055,5.6339138144210725
2022-07-01,DOGEUSDT,0.06642,0.06846,0.06386,0.06644,872749922.0,-2.6631246377492177,20.58715961457674,0.06050537045474209,0.08172962218722644,0.0,-0.04589040474098809,0.0571114427509324,0.0,0.0015619452696283213,22.896061623740245,2022-07-01,43.76500972217592,0,0,7.611842399580417,1.9459101490553132,6.0014148779611505,7.611842399580417,1.9459101490553132,5.754260506590944
2022-07-02,DOGEUSDT,0.06645,0.068,0.0655,0.06667,618971181.0,-2.681505645880098,20.24356927221448,0.03344604911196234,0.06965872891841042,0.0034557918848743692,0.0,0.04729095448035088,0.0001707106013966446,0.0016531246421486068,22.90246104330274,2022-07-02,43.315162751565154,0,0,7.611842399580417,1.9459101490553132,6.0014148779611505,7.611842399580417,1.9459101490553132,5.754260506590944
2022-07-03,DOGEUSDT,0.06667,0.0675,0.06482,0.06721,437895956.0,-2.6882475738060303,19.897491896743826,0.03898940341098658,0.06199139754155446,0.00806696935190601,0.0034557918848743692,0.04824666007983004,0.0004054264423761946,0.0016682022102689745,22.899454652446813,2022-07-03,43.2646596574167,0,0,7.611842399580417,1.9459101490553132,6.0014148779611505,7.611842399580417,1.9459101490553132,5.754260506590944
2022-07-04,DOGEUSDT,0.06721,0.06981,0.06566,0.06938,647421086.0,-2.695627681103653,20.288507469207143,0.06009974422848936,0.061518484213288184,0.03177659555972896,0.00806696935190601,0.03287834313013306,0.001566236235364176,0.0010785641404554263,22.921785316118587,2022-07-04,43.333826489349676,0,0,7.611842399580417,1.9459101490553132,6.0014148779611505,7.611842399580417,1.9459101490553132,5.754260506590944
2022-07-05,DOGEUSDT,0.06937,0.07002,0.0655,0.06716,634033746.0,-2.661978012999827,20.267612738114323,0.04537683837281659,0.057483072753170286,-0.032520809332263624,0.03177659555972896,0.028442324274892867,0.0016045702941178915,0.00091515929577805,22.922153301391397,2022-07-05,43.49394691479158,0,0,7.611842399580417,1.9459101490553132,6.0014148779611505,7.611842399580417,1.9459101490553132,5.754260506590944
2022-07-06,DOGEUSDT,0.06716,0.0693,0.06616,0.06844,643845555.0,-2.6589743634556173,20.2829694338783,0.044302783825143986,0.05418800052116371,0.018879616814652667,-0.032520809332263624,0.021698904903574786,0.0009308112836337643,0.000698679570650651,22.918467340720852,2022-07-06,43.53445957103099,0,0,7.611842399580417,1.9459101490553132,6.0014148779611505,7.611842399580417,1.9459101490553132,5.754260506590944
2022-07-07,DOGEUSDT,0.06843,0.07122,0.06786,0.07055,698711394.0,-2.6693103727862795,20.364748330817797,0.0475018860752857,0.052516471909694204,0.030364229274830297,0.018879616814652667,0.023758585618419887,0.001491019126854633,0.0006274562543012527,22.945427079176536,2022-07-07,43.76657387072681,0,0,7.611842399580417,1.9459101490553132,6.0014148779611505,7.611842399580417,1.9459101490553132,5.754260506590944
2022-07-08,DOGEUSDT,0.07056,0.0735,0.06823,0.06906,767634396.0,-2.6419816011325055,20.458824130890658,0.05867891747009027,0.054057083299793224,-0.021345986336976798,0.030364229274830297,0.027054611136290783,0.0010433633037954815,0.00047045766595636023,22.955797277560055,2022-07-08,44.22870590082277,0,0,7.611842399580417,1.9459101490553132,6.0014148779611505,7.611842399580417,1.9459101490553132,5.754260506590944
2022-07-09,DOGEUSDT,0.06906,0.07019,0.06881,0.06947,356555177.0,-2.610469872763346,19.69199956003588,0.018891739258874097,0.045265747289563445,0.005919312742943468,-0.021345986336976798,0.027033931931735238,0.00030059480373727384,0.000505343817023548,22.942186752278275,2022-07-09,44.216614384497156,0,0,7.611842399580417,1.9459101490553132,6.0014148779611505,7.611842399580417,1.9459101490553132,5.754260506590944
2022-07-10,DOGEUSDT,0.06947,0.0695,0.06626,0.06728,500345310.0,-2.6565494282398068,20.030809038018216,0.02726403059313222,0.04076531811545564,-0.032031989040096936,0.005919312742943468,0.027185733973491114,0.0015991360598216794,0.0005108327985424979,22.923623889899464,2022-07-10,44.02525176929561,0,0,7.611842399580417,1.9459101490553132,6.0014148779611505,7.611842399580417,1.9459101490553132,5.754260506590944
2022-07-11,DOGEUSDT,0.06728,0.06729,0.06119,0.06175,567740257.0,-2.6664285264113907,20.157174578080546,0.029639362942288833,0.03798382932216394,-0.08576904015660614,-0.032031989040096936,0.042369669072939466,0.004255013014069625,0.0013789138656543772,22.865773703763324,2022-07-11,43.91554847753077,0,0,7.611842399580417,1.9459101490553132,6.0014148779611505,7.611842399580417,1.9459101490553132,5.754260506590944
2022-07-12,DOGEUSDT,0.06175,0.06316,0.05972,0.05982,490698646.0,-2.69874364178191,20.01134074173291,0.036336555238536385,0.03757201080125705,-0.03175392230628463,-0.08576904015660614,0.039453914277112846,0.0015867963429388318,0.0013403953935891039,22.815483777946575,2022-07-12,43.84615775170644,0,0,7.611842399580417,1.9459101490553132,6.0014148779611505,7.611842399580417,1.9459101490553132,5.754260506590944
2022-07-13,DOGEUSDT,0.05981,0.06235,0.05754,0.06194,765623144.0,-2.762084089594696,20.456200627531164,0.07867742209025927,0.047848363623507605,0.03482612134325489,-0.03175392230628463,0.040671432441083566,0.0017024726134326155,0.0013361757892071415,22.803956272745726,2022-07-13,43.84162712474789,0,0,7.611842399580417,1.9459101490553132,6.0014148779611505,7.611842399580417,1.9459101490553132,5.754260506590944
2022-07-14,DOGEUSDT,0.06194,0.06282,0.05946,0.06246,619370560.0,-2.7749916068560916,20.244214294506182,0.052790373748808087,0.04908386615483273,0.008360177309875767,0.03482612134325489,0.04248952668030712,0.0004129662523946177,0.0014245186156188585,22.823637104790883,2022-07-14,43.720348358571826,0,0,7.611842399580417,1.9459101490553132,6.0014148779611505,7.611842399580417,1.9459101490553132,5.754260506590944
2022-07-15,DOGEUSDT,0.06247,0.06443,0.06162,0.06294,651264714.0,-2.7674817848716367,20.29442674425071,0.04084090966510132,0.04702312703239987,0.007655539781328278,0.008360177309875767,0.042680206855832105,0.0003772237510230264,0.001410351136702889,22.843734244198995,2022-07-15,43.45267236845123,0,0,7.611842399580417,1.9459101490553132,6.0014148779611505,7.611842399580417,1.9459101490553132,5.754260506590944
2022-07-16,DOGEUSDT,0.06293,0.06484,0.06176,0.06439,450542104.0,-2.742175915831586,19.92596209124483,0.04730492432301337,0.04709357635505325,0.02277644991383153,0.007655539781328278,0.044505044692762535,0.0011430539619383879,0.0014262047293376583,22.854421066679745,2022-07-16,43.14828094406194,0,0,7.611842399580417,1.9459101490553132,6.0014148779611505,7.611842399580417,1.9459101490553132,5.754260506590944
2022-07-17,DOGEUSDT,0.06437,0.06552,0.06289,0.06306,413264543.0,-2.7358325821146616,19.839598485818726,0.028075745303784108,0.042339118592235964,-0.02087168743317735,0.02277644991383153,0.025418951242865896,0.0010520216650602258,0.0005622927613971821,22.86148268878419,2022-07-17,42.73580823975675,0,0,7.611842399580417,1.9459101490553132,6.0014148779611505,7.611842399580417,1.9459101490553132,5.754260506590944
2022-07-18,DOGEUSDT,0.06306,0.06897,0.06299,0.06756,1153131436.0,-2.725399839437323,20.865747066532602,0.0905690803331838,0.054396609027472925,0.06892943782268435,-0.02087168743317735,0.030263873689694687,0.003303473276221344,0.0010857500560188704,22.88809949636983,2022-07-18,42.45630756273482,0,0,7.611842399580417,1.9459101490553132,6.0014148779611505,7.611842399580417,1.9459101490553132,5.754260506590944
2022-07-19,DOGEUSDT,0.06755,0.07025,0.06539,0.06901,1049353576.0,-2.674083651538937,20.771440169625787,0.0675339072533337,0.057680933583938124,0.021235329692911333,0.06892943782268435,0.029455153642019383,0.0010223330457347823,0.0010747681165653963,22.92472541377736,2022-07-19,42.6812130424029,0,0,7.611842399580417,1.9459101490553132,6.0014148779611505,7.611842399580417,1.9459101490553132,5.754260506590944
2022-07-20,DOGEUSDT,0.06902,0.07695,0.06769,0.07014,1879167633.0,-2.6556949707682818,21.354094767341998,0.12098217221136434,0.07350624324079467,0.01624182307952138,0.021235329692911333,0.02911225869803444,0.0007605952514719052,0.0010311426029129766,22.965708863152177,2022-07-20,43.47345762691454,0,0,7.611842399580417,1.9459101490553132,6.0014148779611505,7.611842399580417,1.9459101490553132,5.754260506590944
2022-07-21,DOGEUSDT,0.07012,0.07091,0.06691,0.06998,831525229.0,-2.5645994186972487,20.538772197688374,0.05246595180018976,0.06824617038064344,-0.0022837577724900103,0.01624182307952138,0.030172739920603573,0.00011119251679255909,0.0010820071294718808,22.94614572812416,2022-07-21,43.19371554331049,0,0,7.611842399580417,1.9459101490553132,6.0014148779611505,7.611842399580417,1.9459101490553132,5.754260506590944
2022-07-22,DOGEUSDT,0.06997,0.07141,0.0667,0.06743,698239065.0,-2.646343811666232,20.36407210208691,0.04371468634418297,0.062113299371528326,-0.037119464193051344,-0.0022837577724900103,0.03722905392883963,0.0018227918270456004,0.001106133963083064,22.937487665389757,2022-07-22,42.87521200171922,0,0,7.611842399580417,1.9459101490553132,6.0014148779611505,7.611842399580417,1.9459101490553132,5.754260506590944
2022-07-23,DOGEUSDT,0.06743,0.0695,0.06594,0.06804,574830361.0,-2.6393173634211182,20.169585530885556,0.04785826902139866,0.058549541783995906,0.009005744781170501,-0.037119464193051344,0.03454643107381903,0.00044650123163810494,0.0011643455014999314,22.919205620538502,2022-07-23,42.67329520876238,0,0,7.611842399580417,1.9459101490553132,6.0014148779611505,7.611842399580417,1.9459101490553132,5.754260506590944
2022-07-24,DOGEUSDT,0.06802,0.06893,0.06721,0.06755,422181889.0,-2.6664285264113907,19.860946795726996,0.019906627436946885,0.04888881319723365,-0.007227703121453256,0.009005744781170501,0.021124136408892,0.00036391533574865964,0.0006122553783118837,22.923623889899464,2022-07-24,42.39175779997102,0,0,7.611842399580417,1.9459101490553132,6.0014148779611505,7.611842399580417,1.9459101490553132,5.754260506590944
2022-07-25,DOGEUSDT,0.06755,0.06799,0.06175,0.06193,699294463.0,-2.6746637820845764,20.36558247472483,0.029771246519367835,0.044109421527767194,-0.08686334945623835,-0.007227703121453256,0.03839937503168445,0.004265203294039936,0.0015731833471311926,22.875072492212055,2022-07-25,42.44917277087787,0,0,7.611842399580417,1.9459101490553132,6.0014148779611505,7.611842399580417,1.9459101490553132,5.754260506590944
2022-07-26,DOGEUSDT,0.06194,0.06267,0.06011,0.06252,598070119.0,-2.6883946434437687,20.20921856089382,0.04083598565486264,0.04329106255954106,0.009481790603306473,-0.08686334945623835,0.037275016099703816,0.0004691814567068104,0.001597296638563856,22.827688974182628,2022-07-26,42.558181808711026,0,0,7.611842399580417,1.9459101490553132,6.0014148779611505,7.611842399580417,1.9459101490553132,5.754260506590944
2022-07-27,DOGEUSDT,0.06253,0.06722,0.06178,0.06721,722135201.0,-2.769872414745553,20.397722938329093,0.08438049766814917,0.05356342133669309,0.07233554042859856,0.009481790603306473,0.0531166949834734,0.003546255660364609,0.00171990531107317,22.87198249362875,2022-07-27,42.51142694818243,0,0,7.611842399580417,1.9459101490553132,6.0014148779611505,7.611842399580417,1.9459101490553132,5.754260506590944
2022-07-28,DOGEUSDT,0.06722,0.07089,0.06518,0.06909,947954323.0,-2.6997844566851774,20.66981687656903,0.0791167720934298,0.059951759025877266,0.027587956518828963,0.07233554042859856,0.052275114183939576,0.001334697674564414,0.0017311946844361984,22.92472541377736,2022-07-28,42.40985754195371,0,0,7.611842399580417,1.9459101490553132,6.0014148779611505,7.611842399580417,1.9459101490553132,5.754260506590944
2022-07-29,DOGEUSDT,0.06912,0.07244,0.06723,0.06877,1006131726.0,-2.646625899115211,20.729378840409872,0.06426166012113686,0.06102923429969216,-0.004642399168958814,0.027587956518828963,0.05231344339970235,0.0002239526425128049,0.0017664158229090032,22.94254730757994,2022-07-29,42.3412890269048,0,0,7.611842399580417,1.9459101490553132,6.0014148779611505,7.611842399580417,1.9459101490553132,5.754260506590944
2022-07-30,DOGEUSDT,0.06879,0.07454,0.06788,0.06965,1305533142.0,-2.6249966459669243,20.989877332223205,0.08863590975840581,0.06793090316437057,0.012715096894070044,-0.004642399168958814,0.05226028668844707,0.000605772806235037,0.0017322429145937093,22.956863944346896,2022-07-30,42.20222361662533,0,0,7.611842399580417,1.9459101490553132,6.0014148779611505,7.611842399580417,1.9459101490553132,5.754260506590944
2022-07-31,DOGEUSDT,0.06966,0.07225,0.06771,0.06807,789967033.0,-2.596419384931025,20.48750177217486,0.050197044532999696,0.06349743850652785,-0.02294611276595467,0.012715096894070044,0.03256931256196505,0.0011200054072536543,0.001213891772442714,22.943268028308484,2022-07-31,42.12852349330365,0,0,7.611842399580417,1.9459101490553132,6.0014148779611505,7.611842399580417,1.9459101490553132,5.754260506590944
2022-08-01,DOGEUSDT,0.06809,0.07128,0.06682,0.06845,770509779.0,-2.6276229519895957,20.462562904402503,0.05841338335717807,0.062226424719190404,0.00556696427459762,-0.02294611276595467,0.03275879012495791,0.0002720560616285212,0.001240543106902031,22.93458490574386,2022-08-01,42.07710428716252,0,0,7.611842399580417,2.0794415416798357,5.793013608384144,7.611842399580417,2.0794415416798357,5.523622302786094
2022-08-02,DOGEUSDT,0.06845,0.06913,0.06546,0.06652,571786789.0,-2.641139495819583,20.16427673335333,0.03544988840963599,0.055532290641801804,-0.02860089740973096,0.00556696427459762,0.021457395515476145,0.0014183944104686277,0.0005317704697997911,22.915138319675187,2022-08-02,42.22433876983784,0,0,7.611842399580417,2.0794415416798357,5.793013608384144,7.611842399580417,2.0794415416798357,5.523622302786094
2022-08-03,DOGEUSDT,0.06652,0.06842,0.06509,0.06621,475501306.0,-2.6717664890249635,19.979880186528494,0.04214147626178452,0.05218458704679749,-0.004671145387972024,-0.02860089740973096,0.015990103111331415,0.00023379246243536339,0.0005120087673712144,22.90283620742928,2022-08-03,42.149801121853315,0,0,7.611842399580417,2.0794415416798357,5.793013608384144,7.611842399580417,2.0794415416798357,5.523622302786094
2022-08-04,DOGEUSDT,0.06621,0.06767,0.06574,0.06725,417953599.0,-2.6820900994326786,19.850880977150243,0.028158536241646166,0.046178074345509655,0.01558550954519369,-0.004671145387972024,0.01854006366656979,0.0007851293634339808,0.00046901820127651165,22.903586113730086,2022-08-04,41.74331522319618,0,0,7.611842399580417,2.0794415416798357,5.793013608384144,7.611842399580417,2.0794415416798357,5.523622302786094
2022-08-05,DOGEUSDT,0.06725,0.07028,0.06717,0.06981,655343802.0,-2.693112328738003,20.300670544443335,0.04517222534173951,0.04592661209456712,0.03736024750036145,0.01558550954519369,0.024638038923249648,0.0018403454909812146,0.0006388428636209665,22.93094456679371,2022-08-05,41.400345196556415,0,0,7.611842399580417,2.0794415416798357,5.793013608384144,7.611842399580417,2.0794415416798357,5.523622302786094
2022-08-06,DOGEUSDT,0.06981,0.07133,0.0684,0.06863,515275101.0,-2.655268015663241,20.060211492705456,0.031176312701252446,0.042239037246238446,-0.01704750906176682,0.03736024750036145,0.023617568821088137,0.0008498170155367429,0.0006335364297443908,22.946504859046662,2022-08-06,41.246258524700536,0,0,7.611842399580417,2.0794415416798357,5.793013608384144,7.611842399580417,2.0794415416798357,5.523622302786094
2022-08-07,DOGEUSDT,0.06863,0.07,0.06735,0.06897,334443472.0,-2.64043828269219,19.627978430725552,0.03478917382595965,0.04037657139116875,0.004941870522656578,-0.01704750906176682,0.023596698162109873,0.0002517768470195889,0.0006375970545255006,22.934584905716473,2022-08-07,41.25510344422208,0,0,7.611842399580417,2.0794415416798357,5.793013608384144,7.611842399580417,2.0794415416798357,5.523622302786094
2022-08-08,DOGEUSDT,0.06896,0.07258,0.06881,0.07011,791973876.0,-2.659260036932778,20.4900389643862,0.05262883628439396,0.04343963761447505,0.016393809775676352,0.004941870522656578,0.018888293152887044,0.0008000868033570108,0.0005841073605755352,22.953303954835107,2022-08-08,41.20478247104377,0,0,7.611842399580417,2.0794415416798357,5.793013608384144,7.611842399580417,2.0794415416798357,5.523622302786094
2022-08-09,DOGEUSDT,0.07009,0.075,0.06743,0.06904,1319171735.0,-2.6230658771972126,21.000269903115967,0.09009402220738108,0.055103233762701556,-0.015379390443703839,0.016393809775676352,0.02081850832144148,0.0007323425134370241,0.000520568542932609,22.95650851517394,2022-08-09,41.329117277097595,0,0,7.611842399580417,2.0794415416798357,5.793013608384144,7.611842399580417,2.0794415416798357,5.523622302786094
2022-08-10,DOGEUSDT,0.06902,0.07147,0.06649,0.07126,864532997.0,-2.5902671654458267,20.577700031242955,0.071461426690333,0.059192781994609416,0.0316491134025174,-0.015379390443703839,0.023059451778948765,0.0015380296804047493,0.0005813139415397491,22.946504859019598,2022-08-10,41.12628834921186,0,0,7.611842399580417,2.0794415416798357,5.793013608384144,7.611842399580417,2.0794415416798357,5.523622302786094
2022-08-11,DOGEUSDT,0.07126,0.0755,0.07042,0.07084,1244652711.0,-2.6384774977502494,20.942122380962182,0.06400325820469031,0.06039540104712964,-0.005911347263057237,0.0316491134025174,0.01908496344409588,0.0002822706865867165,0.0004691319614381278,22.980047279818795,2022-08-11,40.93466311493062,0,0,7.611842399580417,2.0794415416798357,5.793013608384144,7.611842399580417,2.0794415416798357,5.523622302786094
2022-08-12,DOGEUSDT,0.07085,0.07275,0.06966,0.0723,558720656.0,-2.583622622727158,20.141160185287024,0.042174499332610374,0.05584017561849983,0.020400316250086346,-0.005911347263057237,0.017493908115641617,0.0010128669879200223,0.0004811675873431667,22.972029108890418,2022-08-12,40.86749581368669,0,0,7.611842399580417,2.0794415416798357,5.793013608384144,7.611842399580417,2.0794415416798357,5.523622302786094
2022-08-13,DOGEUSDT,0.07232,0.07517,0.0718,0.07293,814196356.0,-2.6207263729305352,20.517712118464306,0.04342283734118871,0.05273584104917205,0.008675947831422651,0.020400316250086346,0.01740039500878253,0.0004228516211422515,0.0004482945478247346,22.99384060191994,2022-08-13,40.83117743518261,0,0,7.611842399580417,2.0794415416798357,5.793013608384144,7.611842399580417,2.0794415416798357,5.523622302786094
2022-08-14,DOGEUSDT,0.07292,0.08494,0.07262,0.08168,3169284659.0,-2.5880030637927596,21.876771739749184,0.15618911685170309,0.07859915999980481,0.11330909686026848,0.008675947831422651,0.04629274445861209,0.005179424926502778,0.0018441600743113028,23.061371217624956,2022-08-14,40.8004172789847,0,0,7.611842399580417,2.0794415416798357,5.793013608384144,7.611842399580417,2.0794415416798357,5.523622302786094
2022-08-15,DOGEUSDT,0.08168,0.08203,0.07467,0.07662,1760099314.0,-2.465810154097012,21.28863607281354,0.05210752892910569,0.07197625223213003,-0.06395103458390726,0.11330909686026848,0.057702866755944354,0.003003998676344294,0.0018809691437019817,23.069659438480812,2022-08-15,40.96073617209781,0,0,7.611842399580417,2.0794415416798357,5.793013608384144,7.611842399580417,2.0794415416798357,5.523622302786094
2022-08-16,DOGEUSDT,0.07663,0.08962,0.07615,0.08677,4011386761.0,-2.5006702449674783,22.112402844166756,0.16224883554528233,0.0945443980604181,0.12440280053289543,-0.06395103458390726,0.07275690792781382,0.005625928643286853,0.002391771209493482,23.12041290465915,2022-08-16,40.9099438781298,0,0,7.611842399580417,2.0794415416798357,5.793013608384144,7.611842399580417,2.0794415416798357,5.523622302786094
2022-08-17,DOGEUSDT,0.08677,0.08897,0.07933,0.08021,2056226341.0,-2.41217676962414,21.444138266515107,0.062132172839110614,0.08644134175509123,-0.07861274442656514,0.12440280053289543,0.08544495545451707,0.0036659316149494554,0.002123249660905491,23.13211245314405,2022-08-17,40.82574676338991,0,0,7.611842399580417,2.0794415416798357,5.793013608384144,7.611842399580417,2.0794415416798357,5.523622302786094
2022-08-18,DOGEUSDT,0.08021,0.08229,0.07347,0.07474,1299546363.0,-2.419456044725461,20.985281088977686,0.06638325128567743,0.08142681913773778,-0.07063277132149541,-0.07861274442656514,0.09323664165434141,0.0033658244091185697,0.0018487197763859878,23.056236418125714,2022-08-18,40.97122748683979,0,0,7.611842399580417,2.0794415416798357,5.793013608384144,7.611842399580417,2.0794415416798357,5.523622302786094
2022-08-19,DOGEUSDT,0.07474,0.07529,0.06702,0.06776,2379477045.0,-2.4975056853645157,21.590146571494245,0.04528029501284245,0.07239018810651394,-0.0980433737135389,-0.07063277132149541,0.10225960722801189,0.0045411166334084485,0.0010502255989318378,22.96992679558762,2022-08-19,40.84289395810043,0,0,7.611842399580417,2.0794415416798357,5.793013608384144,7.611842399580417,2.0794415416798357,5.523622302786094
2022-08-20,DOGEUSDT,0.06777,0.07118,0.06764,0.06933,1258894600.0,-2.586407955120106,20.953499871268235,0.05051431840788388,0.06692122068185644,0.02290566261060022,-0.0980433737135389,0.08531470616347134,0.001093166428106305,0.0015279593341728079,22.937849918596974,2022-08-20,40.85792663155634,0,0,7.611842399580417,2.0794415416798357,5.793013608384144,7.611842399580417,2.0794415416798357,5.523622302786094
2022-08-21,DOGEUSDT,0.06934,0.0708,0.06739,0.06932,1013563879.0,-2.6425433989000906,20.736738549990516,0.04282558209084765,0.06089731103410424,-0.00014424810699369071,0.02290566261060022,0.08379901788933349,6.9561617245618734e-06,0.0021178889129591727,22.94146525152166,2022-08-21,41.05060161588755,0,0,7.611842399580417,2.0794415416798357,5.793013608384144,7.611842399580417,2.0794415416798357,5.523622302786094
2022-08-22,DOGEUSDT,0.06933,0.06942,0.06518,0.0684,884457833.0,-2.647896278282463,20.60048539716598,0.05530053760878624,0.05949811767777474,-0.013360640218900635,-0.00014424810699369071,0.049097575168437484,0.0006485594859205922,0.0018669738108943916,22.923256445455515,2022-08-22,40.89445142024928,0,0,7.611842399580417,2.0794415416798357,5.793013608384144,7.611842399580417,2.0794415416798357,5.523622302786094
2022-08-23,DOGEUSDT,0.06841,0.06923,0.06687,0.06884,498322188.0,-2.667580268548497,20.026757389653454,0.03277717188979481,0.05281788123077976,0.006412146714833765,-0.013360640218900635,0.0478566118517239,0.00032017897805795115,0.0018483838814588724,22.92802272396747,2022-08-23,40.789815484435906,0,0,7.611842399580417,2.0794415416798357,5.793013608384144,7.611842399580417,2.0794415416798357,5.523622302786094
2022-08-24,DOGEUSDT,0.06884,0.06967,0.06703,0.06791,536623127.0,-2.670320984292203,20.100806594169807,0.028469208552804617,0.046730713061285976,-0.013601672217638592,0.006412146714833765,0.042452770088958106,0.0006766729560784753,0.0016702466193524248,22.928388421500244,2022-08-24,40.600451842309575,0,0,7.611842399580417,2.0794415416798357,5.793013608384144,7.611842399580417,2.0794415416798357,5.523622302786094
2022-08-25,DOGEUSDT,0.06791,0.07185,0.06761,0.06898,904268436.0,-2.6639854699401098,20.622636816755634,0.059322567749554286,0.049878676733353056,0.015633308382994836,-0.013601672217638592,0.014970951658095373,0.0007580654463299751,0.0003754694478378791,22.938212040651614,2022-08-25,40.501277132070214,0,0,7.611842399580417,2.0794415416798357,5.793013608384144,7.611842399580417,2.0794415416798357,5.523622302786094
2022-08-26,DOGEUSDT,0.06898,0.06957,0.06273,0.06351,1220146376.0,-2.633174666457103,20.922236668822382,0.04533343858320461,0.04874236719581594,-0.08261923369381147,0.015633308382994836,0.03519568085925389,0.003948871958652867,0.001442858619321277,22.894549907646958,2022-08-26,40.562094946145926,0,0,7.611842399580417,2.0794415416798357,5.793013608384144,7.611842399580417,2.0794415416798357,5.523622302786094
2022-08-27,DOGEUSDT,0.06351,0.06412,0.06225,0.06351,713605775.0,-2.665421839046587,20.385841231966385,0.026162549208230447,0.04309741269891957,0.0,-0.08261923369381147,0.03520758835235277,0.0,0.0014438763087729844,22.85284502221595,2022-08-27,40.63401105198333,0,0,7.611842399580417,2.0794415416798357,5.793013608384144,7.611842399580417,2.0794415416798357,5.523622302786094
2022-08-28,DOGEUSDT,0.06353,0.06432,0.06129,0.06178,533481708.0,-2.746998951240785,20.094935341332896,0.029701458583173863,0.03974842416998314,-0.0276176863244478,0.0,0.03558713819047837,0.0013743605468409495,0.0014330028922226667,22.842141253043426,2022-08-28,40.49692106614445,0,0,7.611842399580417,2.0794415416798357,5.793013608384144,7.611842399580417,2.0794415416798357,5.523622302786094
2022-08-29,DOGEUSDT,0.06177,0.06409,0.06088,0.06384,599200371.0,-2.743884654111426,20.21110660932597,0.050828680479994545,0.042518488247486,0.032800265651117474,-0.0276176863244478,0.040364055356134305,0.00162288321392469,0.0013742127535261823,22.84134380483109,2022-08-29,40.45655560516492,0,0,7.611842399580417,2.0794415416798357,5.793013608384144,7.611842399580417,2.0794415416798357,5.523622302786094
2022-08-30,DOGEUSDT,0.06383,0.06448,0.06007,0.06154,611034766.0,-2.7474669334660016,20.23066441568078,0.04675065807134662,0.043576530703451154,-0.036692583247657534,0.032800265651117474,0.041565297508133064,0.0018137112303250468,0.0013328194893013484,22.83814763749086,2022-08-30,40.14210035135467,0,0,7.611842399580417,2.0794415416798357,5.793013608384144,7.611842399580417,2.0794415416798357,5.523622302786094
2022-08-31,DOGEUSDT,0.06155,0.06346,0.06072,0.06135,550957335.0,-2.7414001807837645,20.127167932177258,0.0385869485672191,0.04232913516939314,-0.0030921987369752152,-0.036692583247657534,0.039319956686666,0.0001536330768141366,0.0014274263455402196,22.828497381668278,2022-08-31,40.07843757675225,0,0,7.611842399580417,2.0794415416798357,5.793013608384144,7.611842399580417,2.0794415416798357,5.523622302786094
2022-09-01,DOGEUSDT,0.06134,0.06263,0.05988,0.06239,567020740.0,-2.7573454928270875,20.155906439506296,0.043859840272143215,0.04271181144508066,0.016809834965774574,-0.0030921987369752152,0.026169870245546015,0.0008339905236326508,0.0007651652938443898,22.823231013427907,2022-09-01,39.99878331450172,0,0,7.611842399580417,2.1972245773362196,5.983936280687191,7.611842399580417,2.1972245773362196,5.593921167838494
2022-09-02,DOGEUSDT,0.06238,0.06288,0.06068,0.06165,436731244.0,-2.7705108824448157,19.894828561580056,0.02687967907242331,0.038753778351916325,-0.011931776512341652,0.016809834965774574,0.026352172967901894,0.0005997426152936914,0.0006431040468220346,22.82809325960055,2022-09-02,39.92946983040578,0,0,7.611842399580417,2.1972245773362196,5.983936280687191,7.611842399580417,2.1972245773362196,5.593921167838494
2022-09-03,DOGEUSDT,0.06164,0.06403,0.06112,0.06271,506474868.0,-2.766527130861186,20.04298526146835,0.04457515278301693,0.04020912195969148,0.017047694944576162,-0.011931776512341652,0.024940408054418627,0.0008505566771707165,0.0006283184771686994,22.83694643618416,2022-09-03,39.85159841943188,0,0,7.611842399580417,2.1972245773362196,5.983936280687191,7.611842399580417,2.1972245773362196,5.593921167838494
2022-09-04,DOGEUSDT,0.06272,0.06391,0.06187,0.06323,426054692.0,-2.7484035554514263,19.870078280969526,0.030106842193036127,0.037683552018027644,0.00825794751559224,0.017047694944576162,0.020612129153511027,0.00041559713046028865,0.0005716716984575522,22.846118983050545,2022-09-04,39.7535157785936,0,0,7.611842399580417,2.1972245773362196,5.983936280687191,7.611842399580417,2.1972245773362196,5.593921167838494
2022-09-05,DOGEUSDT,0.06323,0.06374,0.06092,0.06275,394413001.0,-2.7502794353199467,19.792909144145398,0.03827587864888604,0.03783163367574224,-0.007620294058628486,0.00825794751559224,0.012555461170756002,0.0003850012144820316,0.0002739433482094663,22.840944842141745,2022-09-05,39.51600922830202,0,0,7.611842399580417,2.1972245773362196,5.983936280687191,7.611842399580417,2.1972245773362196,5.593921167838494
2022-09-06,DOGEUSDT,0.06275,0.06531,0.058,0.05889,1030694821.0,-2.7529429699929464,20.753498995253928,0.07710510397361679,0.04765000125021088,-0.06348728105541394,-0.007620294058628486,0.030309509838218954,0.003059112155975853,0.001016497467068142,22.818345010196488,2022-09-06,39.44300784637542,0,0,7.611842399580417,2.1972245773362196,5.983936280687191,7.611842399580417,2.1972245773362196,5.593921167838494
2022-09-07,DOGEUSDT,0.05888,0.06155,0.05737,0.06097,572781904.0,-2.7286101150675712,20.166015580932896,0.06855726520037189,0.05287681723775113,0.03471064296324552,-0.06348728105541394,0.03378275822627665,0.0017212444780646042,0.0010473947113508258,22.79396867415885,2022-09-07,39.259466424525,0,0,7.611842399580417,2.1972245773362196,5.983936280687191,7.611842399580417,2.1972245773362196,5.593921167838494
2022-09-08,DOGEUSDT,0.06098,0.06142,0.05965,0.06096,474879318.0,-2.7879054263516747,19.978571262349913,0.026254159168383782,0.046221152720409296,-0.00016402854133391138,0.03471064296324552,0.03355968795934934,8.210223803292031e-06,0.0011361022019544724,22.809736635629655,2022-09-08,39.03188813532952,0,0,7.611842399580417,2.1972245773362196,5.983936280687191,7.611842399580417,2.1972245773362196,5.593921167838494
2022-09-09,DOGEUSDT,0.06099,0.06489,0.0609,0.06385,1042646377.0,-2.7900197639694606,20.765027911373053,0.0632720861431418,0.05048388607609242,0.04631867110015756,-0.00016402854133391138,0.03860849227536875,0.0022306096239239205,0.0012186881163624933,22.840944842111668,2022-09-09,39.719906655730604,0,0,7.611842399580417,2.1972245773362196,5.983936280687191,7.611842399580417,2.1972245773362196,5.593921167838494
2022-09-10,DOGEUSDT,0.06386,0.06557,0.06315,0.06466,860544762.0,-2.7350617503490597,20.57307619085679,0.03546712820024245,0.04672969660712993,0.01260618981873853,0.04631867110015756,0.038767350574866966,0.0006127518170734744,0.0011923394952030237,22.86694079203178,2022-09-10,40.430217328815594,0,0,7.611842399580417,2.1972245773362196,5.983936280687191,7.611842399580417,2.1972245773362196,5.593921167838494
2022-09-11,DOGEUSDT,0.06467,0.06531,0.06261,0.06369,712921351.0,-2.724637004706609,20.384881665141414,0.03113557924305916,0.04283116726611224,-0.015115207914012552,0.01260618981873853,0.03932288780847726,0.0007414910796298554,0.0011433388154082848,22.86421546427944,2022-09-11,40.5469385688315,0,0,7.611842399580417,2.1972245773362196,5.983936280687191,7.611842399580417,2.1972245773362196,5.593921167838494
2022-09-12,DOGEUSDT,0.06369,0.06545,0.06261,0.06393,676230761.0,-2.7286101150675712,20.332044938182378,0.03957359543684061,0.04201677430879433,0.0037611703953610363,-0.015115207914012552,0.022925653469990197,0.00018498731469443984,0.0008783495854559439,22.86187354282199,2022-09-12,41.13128660762432,0,0,7.611842399580417,2.1972245773362196,5.983936280687191,7.611842399580417,2.1972245773362196,5.593921167838494
2022-09-13,DOGEUSDT,0.06395,0.06419,0.05921,0.05964,1028728701.0,-2.7264687866262283,20.75158960597452,0.029321727744980465,0.03884301266784086,-0.06946224488209779,0.0037611703953610363,0.03818614351845632,0.0033473216366084625,0.001317415853686784,22.825665091691047,2022-09-13,40.997506047470154,0,0,7.611842399580417,2.1972245773362196,5.983936280687191,7.611842399580417,2.1972245773362196,5.593921167838494
2022-09-14,DOGEUSDT,0.05965,0.0615,0.05914,0.06115,689192149.0,-2.7459078436584505,20.351030671084796,0.03849835991711937,0.03875684948016049,0.025003372236643808,-0.06946224488209779,0.03998877161139118,0.0012286047149527991,0.0011866346998911797,22.804370265762746,2022-09-14,40.32535045970587,0,0,7.611842399580417,2.1972245773362196,5.983936280687191,7.611842399580417,2.1972245773362196,5.593921167838494
2022-09-15,DOGEUSDT,0.06114,0.06121,0.05847,0.0586,674751292.0,-2.7887181041696647,20.32985472464381,0.012311452413649759,0.03214550021353281,-0.0425951655502145,0.025003372236643808,0.035886092607255574,0.002095202652805026,0.0011686231399341584,22.79605766589963,2022-09-15,40.41179770969437,0,0,7.611842399580417,2.1972245773362196,5.983936280687191,7.611842399580417,2.1972245773362196,5.593921167838494
2022-09-16,DOGEUSDT,0.05862,0.0605,0.05807,0.06046,481393122.0,-2.7934447041191586,19.992194795716372,0.040918072171045046,0.03433864320291087,0.031247292768345026,-0.0425951655502145,0.0393237018592457,0.001562974605221445,0.0011085829702915599,22.789357473357622,2022-09-16,40.76921481418299,0,0,7.611842399580417,2.1972245773362196,5.983936280687191,7.611842399580417,2.1972245773362196,5.593921167838494
2022-09-17,DOGEUSDT,0.06045,0.06241,0.0602,0.0622,440603174.0,-2.8051119139453413,19.90365519611955,0.035858926853105634,0.03471871411545956,0.028373010393821715,0.031247292768345026,0.042347819911600026,0.0014255175802760772,0.0010450259997726228,22.819976331937198,2022-09-17,40.89554495218801,0,0,7.611842399580417,2.1972245773362196,5.983936280687191,7.611842399580417,2.1972245773362196,5.593921167838494
2022-09-18,DOGEUSDT,0.0622,0.06225,0.05628,0.05743,600769480.0,-2.7740297600361856,20.213721858189135,0.04587035099674387,0.03750662333578064,-0.07978818486892854,0.028373010393821715,0.05195383655982662,0.003947228789863068,0.0011226560666681834,22.788937216977008,2022-09-18,41.15732157491807,0,0,7.611842399580417,2.1972245773362196,5.983936280687191,7.611842399580417,2.1972245773362196,5.593921167838494
2022-09-19,DOGEUSDT,0.05744,0.05881,0.05588,0.05853,624550093.0,-2.7765967436373202,20.252542097283396,0.04980313585790013,0.040580751466310516,0.01897262842692424,-0.07978818486892854,0.0466652490184467,0.0009368023202118988,0.0010899153492886881,22.759071516031838,2022-09-19,41.216147692467786,0,0,7.611842399580417,2.1972245773362196,5.983936280687191,7.611842399580417,2.1972245773362196,5.593921167838494
2022-09-20,DOGEUSDT,0.05852,0.06064,0.05759,0.05839,518174761.0,-2.8334433705102726,20.065823119772997,0.045359173301010476,0.041775356924985504,-0.0023948010076833247,0.01897262842692424,0.044658945075921636,0.00011934725993490254,0.0012945383193546558,22.778797713102815,2022-09-20,40.983035997825255,0,0,7.611842399580417,2.1972245773362196,5.983936280687191,7.611842399580417,2.1972245773362196,5.593921167838494
2022-09-21,DOGEUSDT,0.0584,0.06091,0.05606,0.05715,802984616.0,-2.8028005376480207,20.503846113570603,0.0654154381304753,0.047685377226357954,-0.02146525205462659,-0.0023948010076833247,0.0421174551777516,0.0010468890536795277,0.0012982214712427332,22.767695976542228,2022-09-21,40.87631241079163,0,0,7.611842399580417,2.1972245773362196,5.983936280687191,7.611842399580417,2.1972245773362196,5.593921167838494
2022-09-22,DOGEUSDT,0.05715,0.06007,0.05682,0.05958,485039595.0,-2.798357914133744,19.99974108474472,0.05519414986771588,0.04956257038669744,0.04164055704431657,-0.02146525205462659,0.04403576195605412,0.002082054806003409,0.0013198562886834917,22.77069705060573,2022-09-22,40.943099555562206,0,0,7.611842399580417,2.1972245773362196,5.983936280687191,7.611842399580417,2.1972245773362196,5.593921167838494
2022-09-23,DOGEUSDT,0.05959,0.06431,0.05912,0.06337,1396167433.0,-2.812244730120067,21.056996771773726,0.08345016363990225,0.05803446869999864,0.061670616050289194,0.04164055704431657,0.0503426804246046,0.0029287469964832218,0.0014205447274019975,22.82525982320826,2022-09-23,40.778739433386725,0,0,7.611842399580417,2.1972245773362196,5.983936280687191,7.611842399580417,2.1972245773362196,5.593921167838494
2022-09-24,DOGEUSDT,0.06337,0.06831,0.06239,0.0631,2594470223.0,-2.744040138835365,21.676648179735693,0.08355325775442342,0.06441416596360483,-0.0042697937882580335,0.061670616050289194,0.03131897262366578,0.00019697666137561014,0.001098282501309936,22.86810651979289,2022-09-24,40.54962679089631,0,0,7.611842399580417,2.1972245773362196,5.983936280687191,7.611842399580417,2.1972245773362196,5.593921167838494
2022-09-25,DOGEUSDT,0.0631,0.06388,0.06004,0.06117,773373679.0,-2.683699110238379,20.466272903716344,0.04109170715887152,0.0585835512624215,-0.031063896292694015,-0.0042697937882580335,0.03650342042488181,0.001517809150636964,0.0010940867041758968,22.832127149692482,2022-09-25,40.52158081712234,0,0,7.611842399580417,2.1972245773362196,5.983936280687191,7.611842399580417,2.1972245773362196,5.593921167838494
2022-09-26,DOGEUSDT,0.06117,0.06188,0.05972,0.06113,586568692.0,-2.7507489556353253,20.1898003411092,0.031142335554323837,0.051723247335397085,-0.0006541292138395798,-0.031063896292694015,0.03641727158473119,3.23989936892879e-05,0.001113499107330732,22.813435016734722,2022-09-26,40.70599005957066,0,0,7.611842399580417,2.1972245773362196,5.983936280687191,7.611842399580417,2.1972245773362196,5.593921167838494
2022-09-27,DOGEUSDT,0.06112,0.06307,0.05973,0.06048,580177161.0,-2.782558253277272,20.178844064864386,0.04467539310692862,0.04996128377827997,-0.010690012169356462,-0.0006541292138395798,0.03493006159370272,0.0005297633568599711,0.0011562760274013463,22.81671102295781,2022-09-27,40.94164203185606,0,0,7.611842399580417,2.1972245773362196,5.983936280687191,7.611842399580417,2.1972245773362196,5.593921167838494
2022-09-28,DOGEUSDT,0.0605,0.06113,0.05848,0.06051,501123807.0,-2.763510058306577,20.03236374828056,0.040223150413787725,0.04752675043715691,0.0004959087629526466,-0.010690012169356462,0.031181496360291945,2.475537930441244e-05,0.001152632898293447,22.80022260322088,2022-09-28,41.04306769893874,0,0,7.611842399580417,2.1972245773362196,5.983936280687191,7.611842399580417,2.1972245773362196,5.593921167838494
2022-09-29,DOGEUSDT,0.06051,0.06108,0.05927,0.06086,399104883.0,-2.794752534941503,19.80473480497293,0.028812618005764786,0.04284821732930888,0.005767503834594936,0.0004959087629526466,0.013108700833293284,0.0002912184329348721,0.0005637594537623768,22.803956272776936,2022-09-29,41.1328295431922,0,0,7.611842399580417,2.1972245773362196,5.983936280687191,7.611842399580417,2.1972245773362196,5.593921167838494
2022-09-30,DOGEUSDT,0.06088,0.06228,0.05954,0.06167,685383674.0,-2.7955707986317053,20.345489347453743,0.04248782582800929,0.042758119453983987,0.013221444534576583,0.005767503834594936,0.015494565619066031,0.0006498464749991997,0.0005562416206355522,22.815893026967053,2022-09-30,41.22460824535563,0,0,7.611842399580417,2.1972245773362196,5.983936280687191,7.611842399580417,2.1972245773362196,5.593921167838494
2022-10-01,DOGEUSDT,0.06168,0.06316,0.06025,0.06059,716678180.0,-2.7761149320163394,20.39013745540511,0.03536151891537412,0.04090896931933152,-0.017667726046503858,0.013221444534576583,0.011135906694659145,0.0008664839109174527,0.0003419463058295457,22.819976331937198,2022-10-01,41.1505044654919,0,0,7.611842399580417,2.302585092994046,6.037870919922137,7.611842399580417,2.302585092994046,5.7109490469877375
2022-10-02,DOGEUSDT,0.0606,0.06096,0.0588,0.05927,337873392.0,-2.762084089594696,19.638181803393067,0.021301177689125057,0.03600702141177991,-0.02202658715715079,-0.017667726046503858,0.013862052836892692,0.001121620493061382,0.0003935777319515956,22.795640216522834,2022-10-02,41.22271183133366,0,0,7.611842399580417,2.302585092994046,6.037870919922137,7.611842399580417,2.302585092994046,5.7109490469877375
2022-10-03,DOGEUSDT,0.05926,0.06058,0.05879,0.06034,317408954.0,-2.7975373676037463,19.575701576118664,0.029461385794191945,0.034370612507382915,0.017891957931168052,-0.02202658715715079,0.016277977347837494,0.0009139880816836373,0.00041435838454652557,22.79355035160812,2022-10-03,41.43021301505341,0,0,7.611842399580417,2.302585092994046,6.037870919922137,7.611842399580417,2.302585092994046,5.7109490469877375
2022-10-04,DOGEUSDT,0.06033,0.06645,0.05994,0.06584,1976517731.0,-2.803790473383046,21.40460241156895,0.10281527146642502,0.051481777247143444,0.08723232263789929,0.017891957931168052,0.03936300589120761,0.004075400278902223,0.001379101487179633,22.84849804836017,2022-10-04,41.69945393468038,0,0,7.611842399580417,2.302585092994046,6.037870919922137,7.611842399580417,2.302585092994046,5.7109490469877375
2022-10-05,DOGEUSDT,0.06584,0.06687,0.06262,0.06478,1259186373.0,-2.711305493822883,20.95373161361841,0.05215146211687296,0.05164919846457582,-0.016230642625631037,0.08723232263789929,0.04126928068111148,0.000774594374163039,0.001319846255368035,22.878537365749605,2022-10-05,41.80338948950862,0,0,7.611842399580417,2.302585092994046,6.037870919922137,7.611842399580417,2.302585092994046,5.7109490469877375
2022-10-06,DOGEUSDT,0.06479,0.06686,0.06279,0.06345,685939526.0,-2.70500484291625,20.34630002728537,0.047990193310434685,0.05073444717604054,-0.02074471958278649,-0.016230642625631037,0.04309466884669084,0.0010195819168579458,0.0012859965737086927,22.86965871255532,2022-10-06,41.69142051413389,0,0,7.611842399580417,2.302585092994046,6.037870919922137,7.611842399580417,2.302585092994046,5.7109490469877375
2022-10-07,DOGEUSDT,0.06345,0.06383,0.06124,0.06235,500880550.0,-2.7051543979901846,20.03187820746813,0.02973483762768318,0.0454845447889512,-0.017488522034351237,-0.02074471958278649,0.0430760889485237,0.0008730345628714586,0.0012853925768046156,22.843734244198995,2022-10-07,41.44258319381486,0,0,7.611842399580417,2.302585092994046,6.037870919922137,7.611842399580417,2.302585092994046,5.7109490469877375
2022-10-08,DOGEUSDT,0.06237,0.06268,0.06118,0.06165,230874372.0,-2.751531979714171,19.257384276393353,0.0163560204784775,0.038202413711332775,-0.011290442515692181,-0.017488522034351237,0.04194846291978257,0.0005862915935853531,0.001331579844505912,22.8301122387092,2022-10-08,41.26471852596598,0,0,7.611842399580417,2.302585092994046,6.037870919922137,7.611842399580417,2.302585092994046,5.7109490469877375
2022-10-09,DOGEUSDT,0.06164,0.0624,0.06116,0.06212,226968934.0,-2.769712861494317,19.24032371145468,0.019176102204997467,0.03344583583474895,0.007594768670132955,-0.011290442515692181,0.04160141182689138,0.00039473185503689984,0.0013833112247883038,22.828093259631018,2022-10-09,41.24932455893739,0,0,7.611842399580417,2.302585092994046,6.037870919922137,7.611842399580417,2.302585092994046,5.7109490469877375
2022-10-10,DOGEUSDT,0.0621,0.0625,0.0592,0.05938,386782574.0,-2.7741900036067553,19.773373268822247,0.02221430501278555,0.0306379531292581,-0.04511052894487256,0.007594768670132955,0.016984040543728464,0.002281377503554276,0.0006702116232462121,22.809736635691717,2022-10-10,41.20245413682627,0,0,7.611842399580417,2.302585092994046,6.037870919922137,7.611842399580417,2.302585092994046,5.7109490469877375
2022-10-11,DOGEUSDT,0.05938,0.06099,0.0575,0.06025,478062235.0,-2.772588722239781,19.985251480725378,0.05549243982415597,0.03685157480298257,0.014545103035150615,-0.04511052894487256,0.02141009723948613,0.0007277918443597534,0.0006734603906485235,22.789357473357622,2022-10-11,41.417831609093014,0,0,7.611842399580417,2.302585092994046,6.037870919922137,7.611842399580417,2.302585092994046,5.7109490469877375
2022-10-12,DOGEUSDT,0.06025,0.06099,0.05927,0.05981,252208137.0,-2.797045362673772,19.34576524505075,0.022314705509641507,0.033217357479647304,-0.007329701314298633,0.014545103035150615,0.021021511055313462,0.0003788788513379588,0.0007155008917347701,22.79897494240047,2022-10-12,41.45569612872803,0,0,7.611842399580417,2.302585092994046,6.037870919922137,7.611842399580417,2.302585092994046,5.7109490469877375
2022-10-13,DOGEUSDT,0.05979,0.06024,0.05509,0.05965,761866013.0,-2.797045362673772,20.451281262231962,0.08474021291714613,0.04609807133902201,-0.002678722512540518,-0.007329701314298633,0.020813182056739876,0.00013098066953327764,0.0007771154348930574,22.775820887600542,2022-10-13,41.69764349004249,0,0,7.611842399580417,2.302585092994046,6.037870919922137,7.611842399580417,2.302585092994046,5.7109490469877375
2022-10-14,DOGEUSDT,0.05964,0.06103,0.05809,0.05866,327532810.0,-2.809418695490499,19.607098791227685,0.037344526221138936,0.04390968505955124,-0.016736084994620263,-0.002678722512540518,0.021134161992693475,0.0008535727377529241,0.000773506001174286,22.786411963128238,2022-10-14,41.807031207360964,0,0,7.611842399580417,2.302585092994046,6.037870919922137,7.611842399580417,2.302585092994046,5.7109490469877375
2022-10-15,DOGEUSDT,0.05865,0.05978,0.05797,0.05857,249335168.0,-2.7963897324257334,19.33430860553234,0.02658603936287412,0.03957877363538196,-0.0015354434476140771,-0.016736084994620263,0.020063620269900093,7.941548254664373e-05,0.0008156657746252984,22.774968735925718,2022-10-15,41.69019577349157,0,0,7.611842399580417,2.302585092994046,6.037870919922137,7.611842399580417,2.302585092994046,5.7109490469877375
2022-10-16,DOGEUSDT,0.05857,0.05946,0.05847,0.05891,160481253.0,-2.8170841221263454,18.893687689973937,0.016310261694326637,0.03376164565011813,0.005788235431905146,-0.0015354434476140771,0.010750749894004687,0.00030635816188370215,0.00031513436581010395,22.777523015680078,2022-10-16,41.777161015359205,0,0,7.611842399580417,2.302585092994046,6.037870919922137,7.611842399580417,2.302585092994046,5.7109490469877375
2022-10-17,DOGEUSDT,0.0589,0.06017,0.05854,0.05998,194737870.0,-2.8224514614121854,19.0871649557946,0.027108296778460102,0.032098308432203626,0.018000317787267038,0.005788235431905146,0.011811072789029993,0.0009430587428230085,0.0003662691139439903,22.788516783938405,2022-10-17,41.74367693762764,0,0,7.611842399580417,2.302585092994046,6.037870919922137,7.611842399580417,2.302585092994046,5.7109490469877375
2022-10-18,DOGEUSDT,0.05997,0.06116,0.05854,0.05976,351446283.0,-2.810581389749877,19.677567435345882,0.03685225956497437,0.03328679621539631,-0.0036746324963011553,0.018000317787267038,0.011493747352013974,0.0001867422133541053,0.00038167095793848594,22.794804794581786,2022-10-18,41.75179813820368,0,0,7.611842399580417,2.302585092994046,6.037870919922137,7.611842399580417,2.302585092994046,5.7109490469877375
2022-10-19,DOGEUSDT,0.05975,0.0608,0.05821,0.05868,458718503.0,-2.7942618979212757,19.94394729666534,0.03111835348732446,0.03274468553337835,-0.0182375875497809,-0.0036746324963011553,0.01372065126991873,0.0009144422254279751,0.00039804326077997346,22.787254423165642,2022-10-19,41.877738191987795,0,0,7.611842399580417,2.302585092994046,6.037870919922137,7.611842399580417,2.302585092994046,5.7109490469877375
2022-10-20,DOGEUSDT,0.05868,0.06037,0.05823,0.05942,340532633.0,-2.800165490010016,19.646021517434463,0.03435838498298267,0.03314811039577943,0.012531916759680666,-0.0182375875497809,0.012926066428702903,0.0006378857291059908,0.00037385193895085963,22.783035007568856,2022-10-20,41.97030545077759,0,0,7.611842399580417,2.302585092994046,6.037870919922137,7.611842399580417,2.302585092994046,5.7109490469877375
2022-10-21,DOGEUSDT,0.05942,0.05951,0.05709,0.05933,287377970.0,-2.8072629861738023,19.476308875922445,0.04002937555407295,0.03486842668535281,-0.0015157897639096662,0.012531916759680666,0.012924949528387776,7.782736316035523e-05,0.0003742192634527128,22.779222251442018,2022-10-21,41.98277973392358,0,0,7.611842399580417,2.302585092994046,6.037870919922137,7.611842399580417,2.302585092994046,5.7109490469877375
2022-10-22,DOGEUSDT,0.05933,0.0599,0.0591,0.05968,198858373.0,-2.8216109133253764,19.10810343584741,0.012903166197847165,0.0293771115634764,0.005881875624953563,-0.0015157897639096662,0.012930278528388049,0.0003078210061349666,0.000374059673677908,22.788937216977008,2022-10-22,41.89693314728525,0,0,7.611842399580417,2.302585092994046,6.037870919922137,7.611842399580417,2.302585092994046,5.7109490469877375
2022-10-23,DOGEUSDT,0.05969,0.0605,0.05865,0.06038,249563654.0,-2.8150787738607335,19.335224566869183,0.03048875433994369,0.02965502225759322,0.011660968383187422,0.005881875624953563,0.01156434613818342,0.0006030945408913655,0.0003169696006452778,22.793968674127324,2022-10-23,41.85687461737927,0,0,7.611842399580417,2.302585092994046,6.037870919922137,7.611842399580417,2.302585092994046,5.7109490469877375
2022-10-24,DOGEUSDT,0.06038,0.06092,0.05866,0.05945,344276898.0,-2.8051119139453413,19.656956827596904,0.026892316318945415,0.02896434577293127,-0.015522301141901909,0.011660968383187422,0.013408686555306954,0.0007896594207354495,0.0003105601318856582,22.794386821725976,2022-10-24,41.75697767425866,0,0,7.611842399580417,2.302585092994046,6.037870919922137,7.611842399580417,2.302585092994046,5.7109490469877375
2022-10-25,DOGEUSDT,0.05944,0.06428,0.05913,0.06305,1024580884.0,-2.7981937509551758,20.747549472258438,0.08290304811011569,0.042449021357227376,0.058792439274137576,-0.015522301141901909,0.0251694674666614,0.0028337052215611767,0.0009930902415788002,22.821604996770255,2022-10-25,41.57061633316548,0,0,7.611842399580417,2.302585092994046,6.037870919922137,7.611842399580417,2.302585092994046,5.7109490469877375
2022-10-26,DOGEUSDT,0.06304,0.07361,0.0626,0.07265,2893785380.0,-2.744506738112825,21.78583130207397,0.1617315987791106,0.07226966571269819,0.14172532760536347,0.058792439274137576,0.058688030420510545,0.006505389931660376,0.0024834769023935593,22.923256445483215,2022-10-26,41.5739992914792,0,0,7.611842399580417,2.302585092994046,6.037870919922137,7.611842399580417,2.302585092994046,5.7109490469877375
2022-10-27,DOGEUSDT,0.07265,0.08552,0.07172,0.07689,5263995288.0,-2.6089743929115228,22.38415613583225,0.17204266090380058,0.09721291451047379,0.05672243902779739,0.14172532760536347,0.056513505745180395,0.002534044110646498,0.002330055026153778,23.043282869178917,2022-10-27,41.429498462223506,0,0,7.611842399580417,2.302585092994046,6.037870919922137,7.611842399580417,2.302585092994046,5.7109490469877375
2022-10-28,DOGEUSDT,0.07686,0.08849,0.0725,0.08387,6297011393.0,-2.4590050122653473,22.563340975725637,0.19128573982435218,0.12073112083894338,0.08689215195223063,0.05672243902779739,0.05547941147846497,0.003851032169646861,0.0021797969768249767,23.09039533697477,2022-10-28,41.2938379731841,0,0,7.611842399580417,2.302585092994046,6.037870919922137,7.611842399580417,2.302585092994046,5.7109490469877375
2022-10-29,DOGEUSDT,0.08387,0.1515,0.08285,0.12176,15308814618.0,-2.4248657277028784,23.451694618275592,0.6013345631284497,0.24088198141131995,0.37278391311705555,0.08689215195223063,0.13529733043855577,0.015895819862269144,0.005474271085822163,23.404088773493953,2022-10-29,40.895163873764936,0,0,7.611842399580417,2.302585092994046,6.037870919922137,7.611842399580417,2.302585092994046,5.7109490469877375
2022-10-30,DOGEUSDT,0.12176,0.1435,0.11122,0.11773,9155956957.0,-1.8871696540327132,22.937670537955345,0.2168265693048843,0.23486812838471105,-0.033658027023270184,0.37278391311705555,0.13899930784077513,0.0014673690149823928,0.0053660010678860046,23.520229419987835,2022-10-30,40.66755173500863,0,0,7.611842399580417,2.302585092994046,6.037870919922137,7.611842399580417,2.302585092994046,5.7109490469877375
2022-10-31,DOGEUSDT,0.11774,0.1318,0.11373,0.12686,7416828751.0,-1.9414202437824613,22.72701741071917,0.14289939863254,0.21187594594666828,0.07469024911564566,-0.033658027023270184,0.13788634959772483,0.003286407880359087,0.00532378362003645,23.511696251591413,2022-10-31,40.52423918559044,0,0,7.611842399580417,2.302585092994046,6.037870919922137,7.611842399580417,2.302585092994046,5.7109490469877375
2022-11-01,DOGEUSDT,0.12685,0.15893,0.12448,0.14211,9951558350.0,-2.02646965691373,23.020994993944033,0.23996233400266173,0.21889754296066666,0.11351728939801896,0.07469024911564566,0.1373351070852254,0.004931033147258889,0.005308419574894649,23.631359221197915,2022-11-01,40.41433439591252,0,0,7.611842399580417,2.3978952727983707,5.877735781779639,7.611842399580417,2.3978952727983707,5.817509640975765
2022-11-02,DOGEUSDT,0.14211,0.148,0.122,0.12765,6438544218.0,-1.839291425273409,22.585568298403228,0.12146252157496702,0.19453878761424176,-0.10730926191627703,0.11351728939801896,0.16419724869141972,0.004751231427896532,0.0051498629055311594,23.607914924010803,2022-11-02,40.59777175967507,0,0,7.611842399580417,2.3978952727983707,5.877735781779639,7.611842399580417,2.3978952727983707,5.817509640975765
2022-11-03,DOGEUSDT,0.12766,0.13699,0.12,0.12262,3814668576.0,-1.9105430052180221,22.06211962399033,0.10332851488535438,0.17173621943201992,-0.04020200135295103,-0.10730926191627703,0.17184460996244336,0.001822218446736886,0.005357730203109887,23.54678053551213,2022-11-03,40.55339477309204,0,0,7.611842399580417,2.3978952727983707,5.877735781779639,7.611842399580417,2.3978952727983707,5.817509640975765
2022-11-04,DOGEUSDT,0.12262,0.12915,0.11552,0.12613,4491405373.0,-1.9878473485188388,22.225431490394236,0.10501338212864439,0.15505551010617602,0.028222978764559807,-0.04020200135295103,0.08163144067868101,0.0012698506562969405,0.0016474319777735173,23.518812272266263,2022-11-04,40.36468089515793,0,0,7.611842399580417,2.3978952727983707,5.877735781779639,7.611842399580417,2.3978952727983707,5.817509640975765
2022-11-05,DOGEUSDT,0.12612,0.136,0.12013,0.12445,2575911841.0,-2.0467807594402876,21.669469421388605,0.1052491620450075,0.14260392309088388,-0.013409092285500735,0.028222978764559807,0.08007379619850931,0.0006188011355859706,0.0018241613374354259,23.54520324811056,2022-11-05,40.317453972689634,0,0,7.611842399580417,2.3978952727983707,5.877735781779639,7.611842399580417,2.3978952727983707,5.817509640975765
2022-11-06,DOGEUSDT,0.12444,0.1277,0.11183,0.11477,1828089235.0,-1.995100393246085,21.326537124432438,0.07876776088342548,0.1266448825390193,-0.08097390312102411,-0.013409092285500735,0.07984856070717924,0.003796861283600399,0.0018639759414791305,23.4881608960749,2022-11-06,40.67410441359486,0,0,7.611842399580417,2.3978952727983707,5.877735781779639,7.611842399580417,2.3978952727983707,5.817509640975765
2022-11-07,DOGEUSDT,0.11477,0.11908,0.10717,0.11123,1960584662.0,-2.0580715159436433,21.396508562645927,0.0802025363818511,0.11503429599972724,-0.03132999608863907,-0.08097390312102411,0.04825326861476263,0.0014642574042820727,0.0016163245272795897,23.432095532880236,2022-11-07,40.66078940864867,0,0,7.611842399580417,2.3978952727983707,5.877735781779639,7.611842399580417,2.3978952727983707,5.817509640975765
2022-11-08,DOGEUSDT,0.11124,0.113,0.0777,0.08827,6869827495.0,-2.1279597428345616,22.650404832967304,0.22725960748360485,0.14309062387069665,-0.23119983057179633,-0.03132999608863907,0.09044782546290399,0.010207315598849194,0.00359882737412367,23.285026801747268,2022-11-08,40.45408027030345,0,0,7.611842399580417,2.3978952727983707,5.877735781779639,7.611842399580417,2.3978952727983707,5.817509640975765
2022-11-09,DOGEUSDT,0.08827,0.09219,0.07053,0.0745,5778334733.0,-2.1803674602697964,22.477381369641968,0.15467111145731335,0.14598574576735082,-0.16960117364662766,-0.23119983057179633,0.09934815424344076,0.0075454151378902,0.003906979935590692,23.103370495813344,2022-11-09,40.54103007367868,0,0,7.611842399580417,2.3978952727983707,5.877735781779639,7.611842399580417,2.3978952727983707,5.817509640975765
2022-11-10,DOGEUSDT,0.07452,0.09461,0.07306,0.08978,4922943119.0,-2.383903614171634,22.317172383522067,0.2564686980621106,0.17360648384104077,0.1865631079682722,-0.16960117364662766,0.14524514270561587,0.008359621226299326,0.003933566479404773,23.118298419654664,2022-11-10,40.30357598223987,0,0,7.611842399580417,2.3978952727983707,5.877735781779639,7.611842399580417,2.3978952727983707,5.817509640975765
2022-11-11,DOGEUSDT,0.08976,0.09355,0.08001,0.08509,2597129664.0,-2.357992100265784,21.67767269675954,0.11637990892055258,0.15929984011091872,-0.05365271349232014,0.1865631079682722,0.14377020383047875,0.0024750218458801784,0.0035422698793556987,23.167275759430414,2022-11-11,39.97207326067265,0,0,7.611842399580417,2.3978952727983707,5.877735781779639,7.611842399580417,2.3978952727983707,5.817509640975765
2022-11-12,DOGEUSDT,0.08511,0.0952,0.07845,0.08815,3871215593.0,-2.3692592262620384,22.07683440138526,0.17657883843381858,0.1636195896916437,0.03533038898241327,-0.05365271349232014,0.1486780351146506,0.0016003376362779798,0.0038694234663683284,23.16236883661711,2022-11-12,39.994224339938434,0,0,7.611842399580417,2.3978952727983707,5.877735781779639,7.611842399580417,2.3978952727983707,5.817509640975765
2022-11-13,DOGEUSDT,0.08814,0.09157,0.08269,0.08495,2193482956.0,-2.3517753371848173,21.508756508310128,0.07493553704662365,0.14144857653038867,-0.03697706072593824,0.03533038898241327,0.1485997813361203,0.0017191631097619136,0.003820298676616764,23.16669972254509,2022-11-13,40.12983010946534,0,0,7.611842399580417,2.3978952727983707,5.877735781779639,7.611842399580417,2.3978952727983707,5.817509640975765
2022-11-14,DOGEUSDT,0.08496,0.0915,0.07917,0.08595,2525683803.0,-2.390651571862496,21.6497776760798,0.1285826464561719,0.13823209401183448,0.011702883710917293,-0.03697706072593824,0.11754422874240172,0.0005405544521525254,0.0033560090539096255,23.14926248911981,2022-11-14,40.17907193918142,0,0,7.611842399580417,2.3978952727983707,5.877735781779639,7.611842399580417,2.3978952727983707,5.817509640975765
2022-11-15,DOGEUSDT,0.08594,0.0895,0.0847,0.08706,1318756115.0,-2.3914163067006613,20.999954792144724,0.05134995926074991,0.11651156032406333,0.012831804295293226,0.011702883710917293,0.08550559617080775,0.0006110396151944627,0.002937580717403391,23.165546652340513,2022-11-15,40.24696955369097,0,0,7.611842399580417,2.3978952727983707,5.877735781779639,7.611842399580417,2.3978952727983707,5.817509640975765
2022-11-16,DOGEUSDT,0.08705,0.09121,0.08338,0.08548,1621532204.0,-2.4135166537013273,21.206637344137306,0.07253555768997508,0.10551755966554127,-0.018315105673204605,0.012831804295293226,0.03385184686133496,0.000863649685520176,0.0007600508402277386,23.16583504459005,2022-11-16,40.36129595173959,0,0,7.611842399580417,2.3978952727983707,5.877735781779639,7.611842399580417,2.3978952727983707,5.817509640975765
2022-11-17,DOGEUSDT,0.08549,0.08729,0.08233,0.08467,1133495442.0,-2.39459073879007,20.848572006730414,0.047691732943823374,0.0910611029851118,-0.009521082796761064,-0.018315105673204605,0.025842466882820065,0.00045667793428189865,0.0005561511946976601,23.145149674840116,2022-11-17,40.57439146203251,0,0,7.611842399580417,2.3978952727983707,5.877735781779639,7.611842399580417,2.3978952727983707,5.817509640975765
2022-11-18,DOGEUSDT,0.08467,0.08679,0.08363,0.08474,818587592.0,-2.4385193702348786,20.523090964321575,0.03286601636346286,0.07651233132969956,0.0008263975442272764,-0.009521082796761064,0.01916392732287121,4.0266719358401206e-05,0.0005644645792819597,23.145444008901872,2022-11-18,40.61763590903044,0,0,7.611842399580417,2.3978952727983707,5.877735781779639,7.611842399580417,2.3978952727983707,5.817509640975765
2022-11-19,DOGEUSDT,0.08474,0.085,0.08303,0.08455,489697622.0,-2.4442638713259837,20.00929866062645,0.021015634402409254,0.06263815709787698,-0.0022446698538237503,0.0008263975442272764,0.012080691772828906,0.0001121813358826378,0.00031187626137654193,23.13776302579574,2022-11-19,40.523021295458896,0,0,7.611842399580417,2.3978952727983707,5.877735781779639,7.611842399580417,2.3978952727983707,5.817509640975765
2022-11-20,DOGEUSDT,0.08455,0.08584,0.07633,0.07703,1168377788.0,-2.4651040224918206,20.878882117684352,0.052073408238493366,0.059996969883031076,-0.09314811897971488,-0.0022446698538237503,0.0381368161249308,0.004461355663329249,0.0016796331865373887,23.095667484417415,2022-11-20,40.65149536578193,0,0,7.611842399580417,2.3978952727983707,5.877735781779639,7.611842399580417,2.3978952727983707,5.817509640975765
2022-11-21,DOGEUSDT,0.07705,0.07738,0.07131,0.07466,1869844515.0,-2.455270180659694,21.349121117297173,0.06247584328841797,0.0606166882343778,-0.03125048287843664,-0.09314811897971488,0.03507164969706521,0.0014637831087630736,0.0016669423440618298,23.020535885432917,2022-11-21,40.74724306240998,0,0,7.611842399580417,2.3978952727983707,5.877735781779639,7.611842399580417,2.3978952727983707,5.817509640975765
2022-11-22,DOGEUSDT,0.07466,0.0797,0.07307,0.07876,1448103545.0,-2.5590269297097703,21.093520637331192,0.08536872499947615,0.06680469742565238,0.05346078028448701,-0.03125048287843664,0.04793804389275128,0.002534464549738199,0.001731222196838672,23.039036578262756,2022-11-22,40.72761307008259,0,0,7.611842399580417,2.3978952727983707,5.877735781779639,7.611842399580417,2.3978952727983707,5.817509640975765
2022-11-23,DOGEUSDT,0.07877,0.08354,0.07779,0.08197,1258795497.0,-2.529485693185968,20.95342114593173,0.06962741895939327,0.06751037780908761,0.03994807289401462,0.05346078028448701,0.05279724073171782,0.0019065179197131179,0.0016540152676775292,23.091327737967926,2022-11-23,40.57743713643324,0,0,7.611842399580417,2.3978952727983707,5.877735781779639,7.611842399580417,2.3978952727983707,5.817509640975765
2022-11-24,DOGEUSDT,0.08197,0.08434,0.08013,0.08146,739233520.0,-2.4824297199131076,20.421124423583983,0.04281647812932718,0.061336902889147504,-0.006241224444672671,0.03994807289401462,0.05270927559117602,0.00030562589577412275,0.001601779183536744,23.110709978317164,2022-11-24,40.33716424588634,0,0,7.611842399580417,2.3978952727983707,5.877735781779639,7.611842399580417,2.3978952727983707,5.817509640975765
2022-11-25,DOGEUSDT,0.08146,0.09191,0.08053,0.0895,2497331251.0,-2.472899030663723,21.638488499037052,0.13102086462240267,0.0787578933224613,0.0941265230605431,-0.006241224444672671,0.06703179285251516,0.004349958319165032,0.0016438744014901942,23.15452565914767,2022-11-25,40.21120280255181,0,0,7.611842399580417,2.3978952727983707,5.877735781779639,7.611842399580417,2.3978952727983707,5.817509640975765
2022-11-26,DOGEUSDT,0.0895,0.09558,0.08712,0.08893,1914481802.0,-2.3869454416121187,21.37271282348257,0.0815194400877496,0.07944828001378337,-0.0063890818692609935,0.0941265230605431,0.04675603012792661,0.00029893640185167317,0.0015265564876362405,23.20596475801464,2022-11-26,39.99538659984221,0,0,7.611842399580417,2.3978952727983707,5.877735781779639,7.611842399580417,2.3978952727983707,5.817509640975765
2022-11-27,DOGEUSDT,0.08892,0.108,0.0888,0.09868,4273685671.0,-2.347791685832125,22.175742446683998,0.1954330161034293,0.10844446403619486,0.10403274824960736,-0.0063890818692609935,0.047431158795518215,0.004691285917471668,0.0019025485446983535,23.267468901678413,2022-11-27,39.902485855051616,0,0,7.611842399580417,2.3978952727983707,5.877735781779639,7.611842399580417,2.3978952727983707,5.817509640975765
2022-11-28,DOGEUSDT,0.0987,0.09975,0.09056,0.09513,3340654160.0,-2.2256240518579173,21.929432481045108,0.0725279290621411,0.09946533029268143,-0.036637914442790284,0.10403274824960736,0.05789163067916655,0.001670718769145466,0.0019182129288551409,23.26798973500664,2022-11-28,40.06931177662842,0,0,7.611842399580417,2.3978952727983707,5.877735781779639,7.611842399580417,2.3978952727983707,5.817509640975765
2022-11-29,DOGEUSDT,0.09512,0.10524,0.0936,0.10146,2909789625.0,-2.3050882232121643,21.791346621702054,0.11467197097920226,0.10326699046431163,0.06442025492017825,-0.036637914442790284,0.059449264889917225,0.002956231023190736,0.0019334810734407196,23.29673176995472,2022-11-29,40.01343781682297,0,0,7.611842399580417,2.3978952727983707,5.877735781779639,7.611842399580417,2.3978952727983707,5.817509640975765
2022-11-30,DOGEUSDT,0.10146,0.11,0.09937,0.10677,2791151929.0,-2.2515118228100452,21.749720225346888,0.09853091032337616,0.10208297042907777,0.05101235605166717,0.06442025492017825,0.055887581782750995,0.002345425850223946,0.0016553775396273176,23.35161083624135,2022-11-30,40.0899108621724,0,0,7.611842399580417,2.3978952727983707,5.877735781779639,7.611842399580417,2.3978952727983707,5.817509640975765
2022-12-01,DOGEUSDT,0.10676,0.10777,0.10025,0.10175,1927610473.0,-2.2072749131897207,21.37954697589685,0.04019325522857502,0.08661054162895208,-0.048158163867506695,0.05101235605166717,0.06088476558251867,0.002252534346111256,0.0014508433347687148,23.34969329010196,2022-12-01,40.25473728928595,0,0,7.611842399580417,2.4849066497880004,5.634789603169249,7.611842399580417,2.4849066497880004,5.594042613648549
2022-12-02,DOGEUSDT,0.10175,0.1036,0.09665,0.1021,1560905751.0,-2.2277559523733967,21.168532099334694,0.063812938833339,0.08091114093004881,0.0034339008479156077,-0.048158163867506695,0.06011594045475895,0.0001622172398067947,0.0014903955856333043,23.318996604635547,2022-12-02,40.22968484859887,0,0,7.611842399580417,2.4849066497880004,5.634789603169249,7.611842399580417,2.4849066497880004,5.594042613648549
2022-12-03,DOGEUSDT,0.1021,0.10319,0.09808,0.0997,1356635083.0,-2.2672179491567546,21.028273267117832,0.03460339779958247,0.06933420514743223,-0.02378704820282726,0.0034339008479156077,0.04684819293008814,0.0011311936030441148,0.000997223246354174,23.315526960529517,2022-12-03,40.337069326979815,0,0,7.611842399580417,2.4849066497880004,5.634789603169249,7.611842399580417,2.4849066497880004,5.594042613648549
2022-12-04,DOGEUSDT,0.0997,0.10575,0.09954,0.10406,1609965913.0,-2.271183329854514,21.199478843668963,0.0603040904798001,0.06707667648052419,0.042801978894364864,-0.02378704820282726,0.04503188220307719,0.002019010901635787,0.001001599467341425,23.331046424618528,2022-12-04,40.442950516061025,0,0,7.611842399580417,2.4849066497880004,5.634789603169249,7.611842399580417,2.4849066497880004,5.594042613648549
2022-12-05,DOGEUSDT,0.10405,0.11192,0.09922,0.10149,2106903673.0,-2.2466774610557496,21.468485253115407,0.09928324900757117,0.07512831961228594,-0.025007384401430733,0.042801978894364864,0.039890973061691704,0.0011648415855423139,0.000847053016584207,23.349933184541783,2022-12-05,40.4006572233076,0,0,7.611842399580417,2.4849066497880004,5.634789603169249,7.611842399580417,2.4849066497880004,5.594042613648549
2022-12-06,DOGEUSDT,0.10149,0.10276,0.09802,0.10019,1145270821.0,-2.1899709486249113,20.858906970875843,0.036729338099391697,0.06552857423406239,-0.012891888189555145,-0.025007384401430733,0.03113217339239283,0.0006180519529405537,0.0007995737834378397,23.3155269605108,2022-12-06,40.44453683969872,0,0,7.611842399580417,2.4849066497880004,5.634789603169249,7.611842399580417,2.4849066497880004,5.594042613648549
2022-12-07,DOGEUSDT,0.1002,0.1012,0.09269,0.09575,1404880230.0,-2.275359106740454,21.06321789054691,0.0583328762277159,0.06372964973247576,-0.045327755210416196,-0.012891888189555145,0.030463536648954345,0.002151986246638939,0.000774378561971343,23.283489916171447,2022-12-07,40.57231630211699,0,0,7.611842399580417,2.4849066497880004,5.634789603169249,7.611842399580417,2.4849066497880004,5.594042613648549
2022-12-08,DOGEUSDT,0.09575,0.09918,0.09459,0.09847,1031574520.0,-2.290656522128772,20.7543521321705,0.04645139214136831,0.059410085334698895,0.028011305198955436,-0.045327755210416196,0.03408878262431736,0.0013496593399095422,0.0005813759393261955,23.278865036410785,2022-12-08,40.652250748114305,0,0,7.611842399580417,2.4849066497880004,5.634789603169249,7.611842399580417,2.4849066497880004,5.594042613648549
2022-12-09,DOGEUSDT,0.09847,0.09945,0.09561,0.0967,956187442.0,-2.3108188979211493,20.67846452083431,0.02690876765123384,0.05128475591383263,-0.01813853080046219,0.028011305198955436,0.03357454626446671,0.0008771701004292149,0.0006137216603372173,23.284002473848112,2022-12-09,40.657099474624765,0,0,7.611842399580417,2.4849066497880004,5.634789603169249,7.611842399580417,2.4849066497880004,5.594042613648549
2022-12-10,DOGEUSDT,0.0967,0.09743,0.09603,0.09632,429034730.0,-2.308100273682156,19.87704842932651,0.011393726058480387,0.04131199844999457,-0.0039374208987376725,-0.01813853080046219,0.024411682028350742,0.00019808881146198844,0.0006721553381042512,23.273959901995365,2022-12-10,40.6238716550623,0,0,7.611842399580417,2.4849066497880004,5.634789603169249,7.611842399580417,2.4849066497880004,5.594042613648549
2022-12-11,DOGEUSDT,0.09632,0.09715,0.09161,0.09266,627479341.0,-2.3286211075448873,20.257221305719085,0.03278962318919588,0.0391814046347949,-0.0387391015720085,-0.0039374208987376725,0.02634308511474306,0.001912360090624648,0.0007591323507636839,23.25118702938336,2022-12-11,40.73978292264792,0,0,7.611842399580417,2.4849066497880004,5.634789603169249,7.611842399580417,2.4849066497880004,5.594042613648549
2022-12-12,DOGEUSDT,0.09266,0.093,0.08471,0.09029,1940139927.0,-2.331499103158688,21.386025934740186,0.0778742921650885,0.0488546265173683,-0.025910167669114616,-0.0387391015720085,0.02665217223595,0.0012115466308784963,0.0007074615394939672,23.205964757993762,2022-12-12,40.92617676544526,0,0,7.611842399580417,2.4849066497880004,5.634789603169249,7.611842399580417,2.4849066497880004,5.594042613648549
2022-12-13,DOGEUSDT,0.09029,0.09555,0.08691,0.09105,1698390609.0,-2.375155785828881,21.25294693901632,0.08451056173628335,0.05776861032209706,0.00838209385422925,-0.025910167669114616,0.024286793514581195,0.00039439678075144205,0.0006362045691148891,23.213965904290024,2022-12-13,41.13972113454203,0,0,7.611842399580417,2.4849066497880004,5.634789603169249,7.611842399580417,2.4849066497880004,5.594042613648549
2022-12-14,DOGEUSDT,0.09105,0.09247,0.087,0.08824,1247687146.0,-2.348105608295855,20.944557391172214,0.039844340015939464,0.053287542745557664,-0.031348431228369965,0.00838209385422925,0.017687142255327012,0.0014967340031536217,0.0006553537475932002,23.200687700896452,2022-12-14,41.44152771697566,0,0,7.611842399580417,2.4849066497880004,5.634789603169249,7.611842399580417,2.4849066497880004,5.594042613648549
2022-12-15,DOGEUSDT,0.08825,0.0888,0.08402,0.08485,899180340.0,-2.38087101139259,20.616994172985677,0.02875096739472451,0.04715339890784938,-0.03917538326501179,-0.031348431228369965,0.019631264810349238,0.0019001500866864026,0.0007399216871352562,23.162947372917642,2022-12-15,41.527322972372566,0,0,7.611842399580417,2.4849066497880004,5.634789603169249,7.611842399580417,2.4849066497880004,5.594042613648549
2022-12-16,DOGEUSDT,0.08483,0.08682,0.07391,0.07569,1755203327.0,-2.4213686289840126,21.285850542993927,0.08373977501862528,0.05629999293554336,-0.11423894035915927,-0.03917538326501179,0.040318019181461,0.00536689572861631,0.0017200740012858302,23.09008434333427,2022-12-16,41.82181190287335,0,0,7.611842399580417,2.4849066497880004,5.634789603169249,7.611842399580417,2.4849066497880004,5.594042613648549
2022-12-17,DOGEUSDT,0.07569,0.07949,0.07552,0.07919,1337164978.0,-2.4439182691106898,21.013817521619828,0.05115066437885659,0.05501266079637167,0.04520397690124512,-0.11423894035915927,0.05336713021370858,0.0021511549176982015,0.001719097596459079,23.053013727670837,2022-12-17,42.0649897832098,0,0,7.611842399580417,2.4849066497880004,5.634789603169249,7.611842399580417,2.4849066497880004,5.594042613648549
2022-12-18,DOGEUSDT,0.07918,0.08005,0.07759,0.07847,630900319.0,-2.532124051397116,20.262658434967793,0.023871698023445086,0.04722742010314002,-0.009133642082939219,0.04520397690124512,0.0538217207568419,0.00045076227841737965,0.00182157009434637,23.070928474190826,2022-12-18,41.94767413898231,0,0,7.611842399580417,2.4849066497880004,5.634789603169249,7.611842399580417,2.4849066497880004,5.594042613648549
2022-12-19,DOGEUSDT,0.07846,0.07951,0.06997,0.07133,1529698798.0,-2.525103839539413,21.148336688918196,0.06248018985683749,0.05104061254156439,-0.09539938984943502,-0.009133642082939219,0.058078742311583095,0.004510964207384907,0.0018879835657332963,23.019201217226424,2022-12-19,41.953051166672076,0,0,7.611842399580417,2.4849066497880004,5.634789603169249,7.611842399580417,2.4849066497880004,5.594042613648549
2022-12-20,DOGEUSDT,0.07133,0.07566,0.07101,0.07483,1127168971.0,-2.531872479068745,20.842974990668083,0.06303672644402401,0.0540396410171793,0.04790187780232034,-0.09539938984943502,0.06867156011109025,0.0022982265163090775,0.0018174323696132186,22.99657658175327,2022-12-20,42.01360510444492,0,0,7.611842399580417,2.4849066497880004,5.634789603169249,7.611842399580417,2.4849066497880004,5.594042613648549
2022-12-21,DOGEUSDT,0.07483,0.07502,0.07131,0.07374,912809062.0,-2.5815056597772537,20.632037284157864,0.04175101211781205,0.05096748379233749,-0.014673481286268617,0.04790187780232034,0.06856496064040321,0.0007111988546829316,0.0019892094839162695,23.004401081617825,2022-12-21,42.05638516563569,0,0,7.611842399580417,2.4849066497880004,5.634789603169249,7.611842399580417,2.4849066497880004,5.594042613648549
2022-12-22,DOGEUSDT,0.07369,0.07783,0.07327,0.07685,1485392938.0,-2.5900005343283956,21.118945178913226,0.05977288909331123,0.05316883511758092,0.04131007717860633,-0.014673481286268617,0.0555080814889188,0.0019560672575566645,0.0014476726399843445,23.026851346007387,2022-12-22,41.99837543593487,0,0,7.611842399580417,2.4849066497880004,5.634789603169249,7.611842399580417,2.4849066497880004,5.594042613648549
2022-12-23,DOGEUSDT,0.07687,0.07904,0.07616,0.07721,1022963248.0,-2.55322831801084,20.745969397561858,0.03406395173426003,0.0483926142717507,0.004673512336119561,0.04131007717860633,0.051605954923552064,0.0002252732685833813,0.001614789803069567,23.05172173782024,2022-12-23,41.95895566184831,0,0,7.611842399580417,2.4849066497880004,5.634789603169249,7.611842399580417,2.4849066497880004,5.594042613648549
2022-12-24,DOGEUSDT,0.07721,0.07814,0.07661,0.07752,360306517.0,-2.5378012255425246,19.70246566325943,0.01813513590517291,0.04082824468010625,0.00400698526178644,0.004673512336119561,0.05163455734151126,0.00020337481258797706,0.0016554700189182318,23.05269088665336,2022-12-24,41.96102426665305,0,0,7.611842399580417,2.4849066497880004,5.634789603169249,7.611842399580417,2.4849066497880004,5.594042613648549
2022-12-25,DOGEUSDT,0.07751,0.07765,0.0732,0.07598,1157436298.0,-2.5492531893552126,20.86947330828496,0.0473185415251587,0.04245081889136936,-0.02006581982303125,0.00400698526178644,0.02825681549671183,0.0009614914342407162,0.0008829586468702172,23.035429425631897,2022-12-25,42.01074459248341,0,0,7.611842399580417,2.4849066497880004,5.634789603169249,7.611842399580417,2.4849066497880004,5.594042613648549
2022-12-26,DOGEUSDT,0.07599,0.07664,0.07421,0.07568,648289873.0,-2.5555437293874412,20.289848489168676,0.027191238040077524,0.0386359236785464,-0.0039562230158568055,-0.02006581982303125,0.021710628620678008,0.00019498534047549714,0.0006888820688242976,23.029168077119355,2022-12-26,42.04559079628534,0,0,7.611842399580417,2.4849066497880004,5.634789603169249,7.611842399580417,2.4849066497880004,5.594042613648549
2022-12-27,DOGEUSDT,0.07569,0.07616,0.07256,0.07372,706850540.0,-2.568636145319532,20.376329801229772,0.03113791010690166,0.03676142028563521,-0.02623979194200032,-0.0039562230158568055,0.023879796348226224,0.0012877585020446946,0.0007283755655229059,23.014180286162432,2022-12-27,41.93903488929922,0,0,7.611842399580417,2.4849066497880004,5.634789603169249,7.611842399580417,2.4849066497880004,5.594042613648549
2022-12-28,DOGEUSDT,0.07372,0.07391,0.06921,0.0704,1500166937.0,-2.574918888499027,21.128842230195488,0.035289266709620425,0.036393381891631514,-0.04608086963762566,-0.02623979194200032,0.019936813274825993,0.002180946269349814,0.0008015706282250887,22.978309659897995,2022-12-28,42.012836513670685,0,0,7.611842399580417,2.4849066497880004,5.634789603169249,7.611842399580417,2.4849066497880004,5.594042613648549
2022-12-29,DOGEUSDT,0.07039,0.07162,0.06925,0.07094,772145313.0,-2.6049071421853416,20.464683319550755,0.03125117984158514,0.03510783137911992,0.007641186181478963,-0.04608086963762566,0.020538638666058096,0.0003733840422626537,0.000780779091939669,22.95899387058922,2022-12-29,42.15900397855863,0,0,7.611842399580417,2.4849066497880004,5.634789603169249,7.611842399580417,2.4849066497880004,5.594042613648549
2022-12-30,DOGEUSDT,0.07093,0.07145,0.06581,0.0684,1196523595.0,-2.63638091441185,20.902686185134982,0.05909879767483095,0.041105572953047675,-0.03646162471697101,0.007641186181478963,0.020035623928472815,0.00174435115152333,0.0007722291378175293,22.939659218860196,2022-12-30,42.17370800266278,0,0,7.611842399580417,2.4849066497880004,5.634789603169249,7.611842399580417,2.4849066497880004,5.594042613648549
2022-12-31,DOGEUSDT,0.0684,0.07137,0.06796,0.07025,731983708.0,-2.6387573746062607,20.411268814847297,0.04790448107083983,0.042805299982495715,0.026687483585350467,-0.03646162471697101,0.027939222210802587,0.0013074877327536743,0.0007705998462880558,22.942547307525594,2022-12-31,42.092496919542,0,0,7.611842399580417,2.4849066497880004,5.634789603169249,7.611842399580417,2.4849066497880004,5.594042613648549
2023-01-01,DOGEUSDT,0.07024,0.07087,0.06906,0.07024,446408160.0,-2.639877665999161,19.9167442484342,0.02276079329479592,0.037794173310570764,-0.00014235888699404612,0.026687483585350467,0.02822986534065159,7.147698701068474e-06,0.0008208686652695805,22.951876402809475,2023-01-01,42.09824456937708,0,0,7.612336837167746,0.0,5.641907070938114,7.612336837167746,0.0,5.569127315985931
2023-01-02,DOGEUSDT,0.07023,0.07374,0.06906,0.0714,1115176285.0,-2.6469080661599724,20.832278332500522,0.061299520406862436,0.043670510084643684,0.01637992001867755,-0.00014235888699404612,0.02939868910357383,0.0007862759779434768,0.0008295432757028678,22.96711681831111,2023-01-02,42.03772176345477,0,0,7.612336837167746,0.0,5.641907070938114,7.612336837167746,0.0,5.569127315985931
2023-01-03,DOGEUSDT,0.07138,0.07231,0.06943,0.07049,732706343.0,-2.607209886176139,20.412255556114694,0.03075389015690276,0.04044135510270845,-0.012827013559754538,0.01637992001867755,0.022506185219310266,0.0006283976567161917,0.0006307496644396884,22.96465159431236,2023-01-03,41.92319436501803,0,0,7.612336837167746,0.0,5.641907070938114,7.612336837167746,0.0,5.569127315985931
2023-01-04,DOGEUSDT,0.07049,0.07362,0.07019,0.07311,790550617.0,-2.6267928467952766,20.488240244189416,0.047399148894049045,0.0421808035505436,0.03649430051944033,-0.012827013559754538,0.02703719746303178,0.0017812315789195378,0.0006953594421798435,22.977265636816018,2023-01-04,41.73601853670398,0,0,7.612336837167746,0.0,5.641907070938114,7.612336837167746,0.0,5.569127315985931
2023-01-05,DOGEUSDT,0.0731,0.07529,0.07035,0.07152,1201528327.0,-2.608838551031262,20.90686018922576,0.051339807372387136,0.044470554506004484,-0.021988025439965787,0.03649430051944033,0.02292942496819708,0.0010517134204253778,0.0006074752336809882,22.987657140094896,2023-01-05,41.61738969230532,0,0,7.612336837167746,0.0,5.641907070938114,7.612336837167746,0.0,5.569127315985931
2023-01-06,DOGEUSDT,0.07151,0.07281,0.0695,0.07241,906514550.0,-2.586407955120106,20.62511763877499,0.04480690491706724,0.04455464210877017,0.012367280535470709,-0.021988025439965787,0.021204983845425247,0.0005996223028672747,0.0005872109915632099,22.97447623473995,2023-01-06,41.668402976160685,0,0,7.612336837167746,0.0,5.641907070938114,7.612336837167746,0.0,5.569127315985931
2023-01-07,DOGEUSDT,0.07242,0.07305,0.07167,0.07219,438575312.0,-2.6199019705755173,19.89904210417413,0.015506526957401295,0.03729261332092795,-0.003042879249659726,0.012367280535470709,0.021379304309337065,0.00015291586568488318,0.0005491817084746232,22.983859448659985,2023-01-07,41.586651871467694,0,0,7.612336837167746,0.0,5.641907070938114,7.612336837167746,0.0,5.569127315985931
2023-01-08,DOGEUSDT,0.07219,0.07399,0.07121,0.07363,699742440.0,-2.6166111407854284,20.366222882442955,0.037416185404670003,0.03732350634186347,0.01975101922955581,-0.003042879249659726,0.02179224296890693,0.0009697929431275403,0.000551141888016069,22.991440463617266,2023-01-08,41.46587447588841,0,0,7.612336837167746,0.0,5.641907070938114,7.612336837167746,0.0,5.569127315985931
2023-01-09,DOGEUSDT,0.07362,0.07963,0.07293,0.07566,2439547755.0,-2.6038253300446774,21.615078512761297,0.08510709853279541,0.049269404389596455,0.027197067824257744,0.01975101922955581,0.021318350508946964,0.0012582451554918434,0.0005572536578021506,23.02685134598241,2023-01-09,41.11002661821122,0,0,7.612336837167746,0.0,5.641907070938114,7.612336837167746,0.0,5.569127315985931
2023-01-10,DOGEUSDT,0.07565,0.0779,0.07372,0.07782,1467632421.0,-2.5303643727127834,21.10691634137065,0.05491056035571843,0.05067969338112695,0.028148848351524224,0.027197067824257744,0.01958657636299463,0.0013336314929315858,0.0004455180767676899,23.038709192446248,2023-01-10,41.07850935010838,0,0,7.612336837167746,0.0,5.641907070938114,7.612336837167746,0.0,5.569127315985931
2023-01-11,DOGEUSDT,0.07782,0.07856,0.07468,0.07814,1121053232.0,-2.5523293261054345,20.83753446608206,0.048421855295332786,0.05011523385967841,0.004103622070517039,0.028148848351524224,0.012610138707708383,0.000196934146753141,0.0005161844357197766,23.05075164882643,2023-01-11,41.216355048127895,0,0,7.612336837167746,0.0,5.641907070938114,7.612336837167746,0.0,5.569127315985931
2023-01-12,DOGEUSDT,0.07816,0.08127,0.07514,0.08025,1968905283.0,-2.5438926149359267,21.400743531332598,0.07518388706123057,0.05638239716006645,0.02664467238320066,0.004103622070517039,0.01339246879301601,0.0012450348906892176,0.0005445832668262647,23.069024316219014,2023-01-12,41.63650970585978,0,0,7.612336837167746,0.0,5.641907070938114,7.612336837167746,0.0,5.569127315985931
2023-01-13,DOGEUSDT,0.08025,0.0852,0.07854,0.0845,1429185415.0,-2.5099783342170237,21.080370479051663,0.08029440114161178,0.06236039815545278,0.05160477235300303,0.02664467238320066,0.015363731315732569,0.002448001205874659,0.0007251713800917073,23.112232280304987,2023-01-13,42.413807278049276,0,0,7.612336837167746,0.0,5.641907070938114,7.612336837167746,0.0,5.569127315985931
2023-01-14,DOGEUSDT,0.08449,0.09267,0.0825,0.08729,2545072024.0,-2.462753845146867,21.65742478674492,0.10994412671351406,0.0742563302949681,0.032484374384130266,0.05160477235300303,0.01516602143102699,0.0014999186054665099,0.0007176374784485327,23.16612335365002,2023-01-14,42.838797292447914,0,0,7.612336837167746,0.0,5.641907070938114,7.612336837167746,0.0,5.569127315985931
2023-01-15,DOGEUSDT,0.08729,0.08794,0.08281,0.08608,1138888071.0,-2.378710483383537,20.85331824704801,0.049863781663066625,0.06815819313699273,-0.013958812333784133,0.032484374384130266,0.023054673490315647,0.0006693808711119699,0.0007679634952208316,23.15830968344327,2023-01-15,42.889207641821784,0,0,7.612336837167746,0.0,5.641907070938114,7.612336837167746,0.0,5.569127315985931
2023-01-16,DOGEUSDT,0.08607,0.08833,0.08155,0.08368,1287934489.0,-2.431100515229473,20.97630560075739,0.05882908694071769,0.06582591658792397,-0.02827709609686155,-0.013958812333784133,0.030202684984925017,0.0013480493960690845,0.0007683669923601935,23.145149674840116,2023-01-16,42.98360293436704,0,0,7.612336837167746,0.0,5.641907070938114,7.612336837167746,0.0,5.569127315985931
2023-01-17,DOGEUSDT,0.08369,0.08505,0.08194,0.08285,756342910.0,-2.4266754782250963,20.444005415961467,0.028877164719779292,0.056588728620887804,-0.009968256444040988,-0.02827709609686155,0.03146770094165009,0.000487588231426429,0.0006955807043534185,23.128227792639333,2023-01-17,43.15485080541292,0,0,7.612336837167746,0.0,5.641907070938114,7.612336837167746,0.0,5.569127315985931
2023-01-18,DOGEUSDT,0.08286,0.08976,0.0778,0.08,2493642731.0,-2.4645159601402664,21.637010422539426,0.11486974064312272,0.07115898162644653,-0.03500510919869024,-0.009968256444040988,0.034744297340109996,0.001617834835547575,0.0007080502283549788,23.117995985040846,2023-01-18,43.30028171100544,0,0,7.612336837167746,0.0,5.641907070938114,7.612336837167746,0.0,5.569127315985931
2023-01-19,DOGEUSDT,0.08,0.08218,0.07971,0.08161,691282040.0,-2.4106158372077506,20.354058460540397,0.030099928254238763,0.060894218283394586,0.019925168807269838,-0.03500510919869024,0.026719193344381498,0.0009789285437053238,0.00046146617098888093,23.096903960601438,2023-01-19,43.42914522704442,0,0,7.612336837167746,0.0,5.641907070938114,7.612336837167746,0.0,5.569127315985931
2023-01-20,DOGEUSDT,0.08159,0.087,0.0806,0.08617,918640712.0,-2.4988433155268734,20.63840564849069,0.07563980560183269,0.06458061511300411,0.054370285770523906,0.019925168807269838,0.03359914368877442,0.0026344227696920024,0.0007802709523074667,23.13211245314405,2023-01-20,43.66407214269081,0,0,7.612336837167746,0.0,5.641907070938114,7.612336837167746,0.0,5.569127315985931
2023-01-21,DOGEUSDT,0.08616,0.08913,0.0837,0.08467,1633128413.0,-2.4418471603275536,21.213763284095368,0.049638588290687936,0.06084510840742507,-0.01756074159748967,0.054370285770523906,0.03388325923793629,0.0008277994508713839,0.000757442105588677,23.15889057222247,2023-01-21,44.154293069242094,0,0,7.612336837167746,0.0,5.641907070938114,7.612336837167746,0.0,5.569127315985931
2023-01-22,DOGEUSDT,0.08468,0.09343,0.08432,0.08824,1738503746.0,-2.417659300839511,21.27629066414096,0.10139979628388648,0.07098378037654042,0.04129902729106114,-0.01756074159748967,0.03527781042336424,0.0019410821154397222,0.0007999938407959112,23.176447506138565,2023-01-22,44.20780202596837,0,0,7.612336837167746,0.0,5.641907070938114,7.612336837167746,0.0,5.569127315985931
2023-01-23,DOGEUSDT,0.08822,0.09151,0.08621,0.08851,1434286413.0,-2.370542786177273,21.083933289305957,0.05283301074974956,0.06644608796984271,0.003055165035538593,0.04129902729106114,0.03427528744193845,0.00014490489007040316,0.0008869227690827508,23.187795145631885,2023-01-23,44.142507559619396,0,0,7.612336837167746,0.0,5.641907070938114,7.612336837167746,0.0,5.569127315985931
2023-01-24,DOGEUSDT,0.08851,0.0908,0.0821,0.08392,1125073702.0,-2.3913070230548503,20.841114383345808,0.06497027721960792,0.06607713528228401,-0.05325157589274402,0.003055165035538593,0.039574719998886884,0.002555121329562756,0.0010152116538850202,23.162947372895847,2023-01-24,44.39242335802218,0,0,7.612336837167746,0.0,5.641907070938114,7.612336837167746,0.0,5.569127315985931
2023-01-25,DOGEUSDT,0.08392,0.08818,0.08165,0.08654,1051938532.0,-2.3990959933748894,20.773900519897055,0.07351668647358162,0.0679370230801084,0.03074277070869709,-0.05325157589274402,0.04046455098834347,0.0014798747437560866,0.0009825072787507628,23.146326491670763,2023-01-25,44.546100973141186,0,0,7.612336837167746,0.0,5.641907070938114,7.612336837167746,0.0,5.569127315985931
2023-01-26,DOGEUSDT,0.08655,0.08771,0.08451,0.08633,798277511.0,-2.4283750990523454,20.4979668531056,0.03167089388578536,0.058870490781527646,-0.002429572549307451,0.03074277070869709,0.03408665690094763,0.00011852748941973006,0.000988159266946247,23.161210758868556,2023-01-26,44.340346796476396,0,0,7.612336837167746,0.0,5.641907070938114,7.612336837167746,0.0,5.569127315985931
2023-01-27,DOGEUSDT,0.08634,0.088,0.08352,0.08723,754008754.0,-2.433719361018847,20.440914535984408,0.04937910387292027,0.0564976440543758,0.010371146197695759,-0.002429572549307451,0.03304959394160397,0.0005073719269966263,0.0010190396730240271,23.161789965374922,2023-01-27,44.293664397557414,0,0,7.612336837167746,0.0,5.641907070938114,7.612336837167746,0.0,5.569127315985931
2023-01-28,DOGEUSDT,0.08723,0.09381,0.08671,0.08773,1403207343.0,-2.430418464503931,21.06202641260727,0.07611437976286273,0.061401827981497535,0.005715607695165402,0.010371146197695759,0.02803823876212273,0.0002713702652914804,0.0009786226639712625,23.192017530523408,2023-01-28,44.31455037637046,0,0,7.612336837167746,0.0,5.641907070938114,7.612336837167746,0.0,5.569127315985931
2023-01-29,DOGEUSDT,0.08773,0.09102,0.08725,0.09009,1040667224.0,-2.3664838188442774,20.76312790592553,0.04163038048735725,0.056458966107962465,0.026545254523056172,0.005715607695165402,0.0302636847173844,0.0012784805181246558,0.0009240572148856448,23.193140495252802,2023-01-29,44.402088098534534,0,0,7.612336837167746,0.0,5.641907070938114,7.612336837167746,0.0,5.569127315985931
2023-01-30,DOGEUSDT,0.09009,0.09286,0.0845,0.08837,1972615630.0,-2.396676016393641,21.40262623000545,0.0756675914886275,0.06126112245312872,-0.019276625133435525,0.026545254523056172,0.018560970060460143,0.0009006663446942145,0.0005515239550952663,23.192298389946007,2023-01-30,44.38780124374222,0,0,7.612336837167746,0.0,5.641907070938114,7.612336837167746,0.0,5.569127315985931
2023-01-31,DOGEUSDT,0.08833,0.09867,0.08822,0.09612,3424868562.0,-2.3766622963903616,21.954328931865827,0.1118014322595471,0.07389619990473331,0.08406486533835511,-0.019276625133435525,0.035922411915528404,0.0038290792489830256,0.001378769864378272,23.2327496333499,2023-01-31,44.3803574977382,0,0,7.612336837167746,0.0,5.641907070938114,7.612336837167746,0.0,5.569127315985931
2023-02-01,DOGEUSDT,0.09613,0.09717,0.08812,0.09403,2518388790.0,-2.315974330113062,21.64688516493857,0.08185142027471395,0.07588500499722847,-0.02198353057928259,0.08406486533835511,0.03885890561628446,0.0010155516792267776,0.0012902263744042019,23.245345270858287,2023-02-01,44.40915306760467,0,0,7.612336837167746,0.6931471805599453,5.605802066295998,7.612336837167746,0.6931471805599453,5.589060826293141
2023-02-02,DOGEUSDT,0.09403,0.09594,0.09006,0.09099,1627338143.0,-2.331293257130789,21.210211475795706,0.04141273349786492,0.06726693712238759,-0.032864269920386144,-0.02198353057928259,0.04345645968867813,0.001549455080063186,0.001230895947445844,23.23355836771887,2023-02-02,44.21498672965116,0,0,7.612336837167746,0.6931471805599453,5.605802066295998,7.612336837167746,0.6931471805599453,5.589060826293141
2023-02-03,DOGEUSDT,0.09099,0.09334,0.09025,0.09293,1151670924.0,-2.3440322829082194,20.864479702162594,0.033126927055109834,0.05873193460556815,0.021096911200648407,-0.032864269920386144,0.04381536223805474,0.0010111400572553803,0.001118220604064882,23.224354187972118,2023-02-03,43.8460313461709,0,0,7.612336837167746,0.6931471805599453,5.605802066295998,7.612336837167746,0.6931471805599453,5.589060826293141
2023-02-04,DOGEUSDT,0.09293,0.0998,0.0925,0.09567,2334550634.0,-2.3715065384604674,21.571085261581047,0.07465814770277307,0.06271348787986938,0.029058248120828103,0.021096911200648407,0.04402129861181245,0.001347092543951972,0.0011146521251830428,23.260673266519,2023-02-04,43.515483290987156,0,0,7.612336837167746,0.6931471805599453,5.605802066295998,7.612336837167746,0.6931471805599453,5.589060826293141
2023-02-05,DOGEUSDT,0.09567,0.097,0.09042,0.09203,1602924250.0,-2.304587095664719,21.195095454310668,0.044338789624269355,0.058119813315969375,-0.03879015883931052,0.029058248120828103,0.04722264563330102,0.0018301478718474639,0.001059786939476104,23.245078923835216,2023-02-05,43.494901667990526,0,0,7.612336837167746,0.6931471805599453,5.605802066295998,7.612336837167746,0.6931471805599453,5.589060826293141
2023-02-06,DOGEUSDT,0.09203,0.09329,0.0885,0.08955,969968684.0,-2.333044300478754,20.692774344404462,0.034323200804976965,0.05217066018822127,-0.02731748234404473,-0.03879015883931052,0.029217364360398974,0.0013201459547850169,0.0003155278169945918,23.214240667299745,2023-02-06,43.52457725057407,0,0,7.612336837167746,0.6931471805599453,5.605802066295998,7.612336837167746,0.6931471805599453,5.589060826293141
2023-02-07,DOGEUSDT,0.08956,0.09274,0.0894,0.09253,846234202.0,-2.3720423580092675,20.55630671377426,0.036623897922641355,0.048283969621826295,0.032735787754218086,-0.02731748234404473,0.03361242383524612,0.0015924936424636371,0.000280837831267857,23.215064503650833,2023-02-07,43.416401326927,0,0,7.612336837167746,0.6931471805599453,5.605802066295998,7.612336837167746,0.6931471805599453,5.589060826293141
2023-02-08,DOGEUSDT,0.09252,0.09339,0.08842,0.09018,817449844.0,-2.377955400018822,20.521700105948316,0.03748594118282022,0.04558446251207478,-0.025725243268000866,0.032735787754218086,0.03243601787377455,0.001253562966771173,0.0002841017204589375,23.2156133511293,2023-02-08,43.21221243551356,0,0,7.612336837167746,0.6931471805599453,5.605802066295998,7.612336837167746,0.6931471805599453,5.589060826293141
2023-02-09,DOGEUSDT,0.09017,0.09093,0.07878,0.08144,1673139025.0,-2.3709710058605107,21.2379673547215,0.07541943726476404,0.05304320620024709,-0.10194112019072547,-0.025725243268000866,0.04963385192074346,0.0047999471177293486,0.0013767240947848705,23.149555615281134,2023-02-09,43.314990490479175,0,0,7.612336837167746,0.6931471805599453,5.605802066295998,7.612336837167746,0.6931471805599453,5.589060826293141
2023-02-10,DOGEUSDT,0.08144,0.08305,0.07922,0.08089,1054839195.0,-2.3976652992443155,20.77665417045611,0.03874065417126677,0.049467568193002014,-0.006776345772351356,-0.10194112019072547,0.044110386108287575,0.0003261519259432615,0.0015314961984076655,23.09998847877107,2023-02-10,43.36172899656788,0,0,7.612336837167746,0.6931471805599453,5.605802066295998,7.612336837167746,0.6931471805599453,5.589060826293141
2023-02-11,DOGEUSDT,0.08087,0.08259,0.08063,0.08225,409857675.0,-2.488312442922833,19.831320523251282,0.023761206117480154,0.04304097767412155,0.016673182615620032,-0.006776345772351356,0.04709940798910179,0.0008407499942362142,0.0015868110762318759,23.10521042276818,2023-02-11,43.330361506421525,0,0,7.612336837167746,0.6931471805599453,5.605802066295998,7.612336837167746,0.6931471805599453,5.589060826293141
2023-02-12,DOGEUSDT,0.08226,0.08582,0.08115,0.08215,932273677.0,-2.4938666711595117,20.65313697439444,0.05036813840380189,0.04487276785654164,-0.00121654516220422,0.016673182615620032,0.04735177689133284,5.89036505065783e-05,0.0017231069041287754,23.12071460928283,2023-02-12,43.35485074167515,0,0,7.612336837167746,0.6931471805599453,5.605802066295998,7.612336837167746,0.6931471805599453,5.589060826293141
2023-02-13,DOGEUSDT,0.08217,0.08648,0.07936,0.08209,1742593714.0,-2.4555031994187586,21.278640480501426,0.07462753297881441,0.05231145913710983,-0.0007306381231023181,-0.00121654516220422,0.042405249793205306,3.4336691941002276e-05,0.00181735402617536,23.11617945412767,2023-02-13,43.6118225195098,0,0,7.612336837167746,0.6931471805599453,5.605802066295998,7.612336837167746,0.6931471805599453,5.589060826293141
2023-02-14,DOGEUSDT,0.08209,0.08371,0.08002,0.0836,785765214.0,-2.4478421056511843,20.48216859584712,0.04470782658726467,0.050410550999648536,0.018227313730481073,-0.0007306381231023181,0.044929841980943595,0.0008899113218986376,0.0018220263708489724,23.114966597696057,2023-02-14,43.64510614304068,0,0,7.612336837167746,0.6931471805599453,5.605802066295998,7.612336837167746,0.6931471805599453,5.589060826293141
2023-02-15,DOGEUSDT,0.0836,0.08961,0.08265,0.08928,1906740485.0,-2.480396834310172,21.368661068829656,0.08059091911940387,0.05795564302958737,0.06573397854234497,0.018227313730481073,0.026725200099070222,0.0030761861181012764,0.0011419705690210503,23.16034131960841,2023-02-15,43.845153265542905,0,0,7.612336837167746,0.6931471805599453,5.605802066295998,7.612336837167746,0.6931471805599453,5.589060826293141
2023-02-16,DOGEUSDT,0.08927,0.09199,0.08468,0.08489,1730290902.0,-2.412288358086009,21.271555382765317,0.05114633649312072,0.05625331639547071,-0.05042119788312444,0.06573397854234497,0.03764897775249569,0.002370357831189759,0.0012470021721725578,23.177588082259106,2023-02-16,44.279177837601196,0,0,7.612336837167746,0.6931471805599453,5.605802066295998,7.612336837167746,0.6931471805599453,5.589060826293141
2023-02-17,DOGEUSDT,0.08489,0.08851,0.0843,0.08771,778220031.0,-2.3860754034930713,20.472519858353078,0.04807957816005018,0.05420988183661558,0.032679617213413885,-0.05042119788312444,0.03892805237741024,0.0015962674570360784,0.0012401745051514887,23.162368836573492,2023-02-17,44.29435944553159,0,0,7.612336837167746,0.6931471805599453,5.605802066295998,7.612336837167746,0.6931471805599453,5.589060826293141
2023-02-18,DOGEUSDT,0.08771,0.09049,0.08675,0.08882,741187928.0,-2.424639739001351,20.423764765140845,0.03970628086997481,0.050583981594955384,0.012575931900665959,0.032679617213413885,0.038487511036898264,0.0006157499386269118,0.001142315206069154,23.184970284981382,2023-02-18,44.381346200050054,0,0,7.612336837167746,0.6931471805599453,5.605802066295998,7.612336837167746,0.6931471805599453,5.589060826293141
2023-02-19,DOGEUSDT,0.08882,0.09,0.08559,0.08697,933849140.0,-2.4025159316190954,20.654825462804688,0.03543409994120755,0.046796511181518424,-0.021048618262282257,0.012575931900665959,0.04076483137354641,0.0010190654140450964,0.0009573791362988235,23.179296510908216,2023-02-19,44.20221536448497,0,0,7.612336837167746,0.6931471805599453,5.605802066295998,7.612336837167746,0.6931471805599453,5.589060826293141
2023-02-20,DOGEUSDT,0.08698,0.08875,0.08513,0.08829,774767125.0,-2.4079456086518722,20.46807305829233,0.040280231879848936,0.045167441356101054,0.015063619311817088,-0.021048618262282257,0.04065160480374228,0.0007359568860691696,0.0009817945214282448,23.17444836224863,2023-02-20,44.149427579693906,0,0,7.612336837167746,0.6931471805599453,5.605802066295998,7.612336837167746,0.6931471805599453,5.589060826293141
2023-02-21,DOGEUSDT,0.08829,0.08884,0.08429,0.08546,984199238.0,-2.421931850626612,20.70733891216297,0.031074465779224205,0.04164419746188184,-0.03257842069761225,0.015063619311817088,0.032190103620805516,0.001573278963357117,0.0006589912229406424,23.165835044568315,2023-02-21,44.29307802432937,0,0,7.612336837167746,0.6931471805599453,5.605802066295998,7.612336837167746,0.6931471805599453,5.589060826293141
2023-02-22,DOGEUSDT,0.08546,0.08882,0.08286,0.0855,1754704513.0,-2.4209182799559104,21.285566311027676,0.060395468099372844,0.046332015121254594,0.00046794572683584655,-0.03257842069761225,0.024286195355120662,2.1984180265545114e-05,0.000604400390264343,23.152774345183687,2023-02-22,44.265816004859886,0,0,7.612336837167746,0.6931471805599453,5.605802066295998,7.612336837167746,0.6931471805599453,5.589060826293141
2023-02-23,DOGEUSDT,0.0855,0.08642,0.0835,0.08425,708234194.0,-2.421143429118181,20.378285379447405,0.02407350797003795,0.040767388333450436,-0.014727806710243398,0.00046794572683584655,0.019165682523192062,0.0007227206036233638,0.0005085701129202686,23.14544400887969,2023-02-23,44.09436488735655,0,0,7.612336837167746,0.6931471805599453,5.605802066295998,7.612336837167746,0.6931471805599453,5.589060826293141
2023-02-24,DOGEUSDT,0.08424,0.08499,0.07922,0.08092,1006076322.0,-2.44853614847835,20.729323772545424,0.04390550793541859,0.04155191823394248,-0.04032755693292642,-0.014727806710243398,0.020632836974389404,0.001945435238284884,0.0006820441250802271,23.11344845561346,2023-02-24,43.91155803917262,0,0,7.612336837167746,0.6931471805599453,5.605802066295998,7.612336837167746,0.6931471805599453,5.589060826293141
2023-02-25,DOGEUSDT,0.08091,0.08216,0.07836,0.08075,671481093.0,-2.4652216764716024,20.324996417164826,0.04108699980415237,0.04143568862649495,-0.0021030501967787877,-0.04032755693292642,0.02106367038463069,0.00010347112263216557,0.0007739807372624991,23.09256958849111,2023-02-25,43.909565436384526,0,0,7.612336837167746,0.6931471805599453,5.605802066295998,7.612336837167746,0.6931471805599453,5.589060826293141
2023-02-26,DOGEUSDT,0.08075,0.08264,0.08041,0.08216,375150914.0,-2.499086713361834,19.742838940311835,0.026902268659655695,0.037802333634785135,0.01731060351753671,-0.0021030501967787877,0.021660439904320775,0.0008768041703562259,0.0007719460538055685,23.104597489838806,2023-02-26,43.96115382020811,0,0,7.612336837167746,0.6931471805599453,5.605802066295998,7.612336837167746,0.6931471805599453,5.589060826293141
2023-02-27,DOGEUSDT,0.08217,0.08231,0.07992,0.08136,535217985.0,-2.493261454170754,20.09818467047377,0.023365854482178122,0.03419321384663338,-0.00978481387999827,0.01731060351753671,0.019185414115314794,0.00048685063056332317,0.0006990801547341564,23.10306351193753,2023-02-27,43.92986186445231,0,0,7.612336837167746,0.6931471805599453,5.605802066295998,7.612336837167746,0.6931471805599453,5.589060826293141
2023-02-28,DOGEUSDT,0.08136,0.08312,0.0799,0.08085,782956200.0,-2.4972626719975843,20.478587313693133,0.032551447389978956,0.033782772232469775,-0.006288165717188566,-0.00978481387999827,0.018769093955187503,0.0003070605223331956,0.0006524994044704593,23.101219626978626,2023-02-28,43.97303488744539,0,0,7.612336837167746,0.6931471805599453,5.605802066295998,7.612336837167746,0.6931471805599453,5.589060826293141
2023-03-01,DOGEUSDT,0.08085,0.08284,0.08023,0.08193,449680442.0,-2.487469932191165,19.924047759578798,0.030656718509172676,0.0330012588016455,0.013269638130607359,-0.006288165717188566,0.020551429970963576,0.0006660111585120936,0.0006532168733863679,23.10306351193753,2023-03-01,43.91543701502884,0,0,7.612336837167746,1.0986122886681098,5.783825182329737,7.612336837167746,1.0986122886681098,5.830433915721401
2023-03-02,DOGEUSDT,0.08193,0.08226,0.07959,0.08056,396580116.0,-2.4908442424547537,19.798388636635774,0.021992177038822443,0.030248988360939734,-0.016862975743416473,0.013269638130607359,0.013390244529727903,0.0008517347574545795,0.0003077947503493234,23.099680454752743,2023-03-02,43.8908394407578,0,0,7.612336837167746,1.0986122886681098,5.783825182329737,7.612336837167746,1.0986122886681098,5.830433915721401
2023-03-03,DOGEUSDT,0.08057,0.08062,0.0732,0.07684,1391618480.0,-2.497870316179859,21.053733280831956,0.06866891700483058,0.039853970521912446,-0.047276910509950934,-0.016862975743416473,0.023323481251444136,0.0022455357384523087,0.000691398839277423,23.057522591967505,2023-03-03,43.77402850133676,0,0,7.612336837167746,1.0986122886681098,5.783825182329737,7.612336837167746,1.0986122886681098,5.830433915721401
2023-03-04,DOGEUSDT,0.07684,0.07727,0.07255,0.07462,646573785.0,-2.518008521293117,20.287197879594256,0.04436139592909173,0.04098082687370727,-0.029316770107344105,-0.047276910509950934,0.02071702168621628,0.0014450872062933928,0.000724773006396585,23.02552508585904,2023-03-04,43.73603010683995,0,0,7.612336837167746,1.0986122886681098,5.783825182329737,7.612336837167746,1.0986122886681098,5.830433915721401
2023-03-05,DOGEUSDT,0.07462,0.07612,0.07429,0.07474,473247429.0,-2.5604494970366445,19.975128915392357,0.022607233227278412,0.03638742846210006,0.001606856264325969,-0.029316770107344105,0.021893865343781647,8.044284826055685e-05,0.0007976871096872989,23.018867271667276,2023-03-05,43.72708009140753,0,0,7.612336837167746,1.0986122886681098,5.783825182329737,7.612336837167746,1.0986122886681098,5.830433915721401
2023-03-06,DOGEUSDT,0.07475,0.07515,0.07316,0.07479,601290505.0,-2.5754442365541883,20.214588745098492,0.02483942262919583,0.033500427003874005,0.000668762146238334,0.001606856264325969,0.022567029269076756,3.308314379635803e-05,0.0008469791995512949,23.013508919903387,2023-03-06,43.84710979272083,0,0,7.612336837167746,1.0986122886681098,5.783825182329737,7.612336837167746,1.0986122886681098,5.830433915721401
2023-03-07,DOGEUSDT,0.0748,0.07597,0.07234,0.07407,715751875.0,-2.5882691627831536,20.388844121568827,0.03937290979415018,0.034968547701443045,-0.00967359417837833,0.000668762146238334,0.01886939715541642,0.00047445525213196796,0.0008604770303219273,23.010482181445237,2023-03-07,43.73009206442142,0,0,7.612336837167746,1.0986122886681098,5.783825182329737,7.612336837167746,1.0986122886681098,5.830433915721401
2023-03-08,DOGEUSDT,0.07407,0.07432,0.07,0.07112,710430111.0,-2.577416753467007,20.381381134723703,0.0331492087649943,0.034513712967330856,-0.04064200081954866,-0.00967359417837833,0.0212322133105933,0.0019940749133191466,0.0009779535120780086,22.985932704449993,2023-03-08,43.7047993571685,0,0,7.612336837167746,1.0986122886681098,5.783825182329737,7.612336837167746,1.0986122886681098,5.830433915721401
2023-03-09,DOGEUSDT,0.07112,0.0723,0.06393,0.06595,1514038685.0,-2.599375184476554,21.13804654315439,0.0730760916090906,0.04415430762777079,-0.07547171204232567,-0.04064200081954866,0.029702107376228522,0.0035704203739094983,0.0013729305139907962,22.927290927342813,2023-03-09,43.43065053394034,0,0,7.612336837167746,1.0986122886681098,5.783825182329737,7.612336837167746,1.0986122886681098,5.830433915721401
2023-03-10,DOGEUSDT,0.06597,0.06618,0.06253,0.06572,1320901834.0,-2.626931149817418,21.001580547840398,0.053338230408794575,0.04645028832302674,-0.0034935859942561666,-0.07547171204232567,0.030880979203353164,0.00016634871772141043,0.0014373579614394769,22.880840629706928,2023-03-10,43.07205146969197,0,0,7.612336837167746,1.0986122886681098,5.783825182329737,7.612336837167746,1.0986122886681098,5.830433915721401
2023-03-11,DOGEUSDT,0.06572,0.06821,0.06324,0.06604,1096354085.0,-2.715376976488671,20.815256043551752,0.06693218086579894,0.05157076145871979,0.00485732588286002,-0.0034935859942561666,0.03138481802994504,0.00023335412606489392,0.001417885922918094,22.900583108426176,2023-03-11,43.27902985518445,0,0,7.612336837167746,1.0986122886681098,5.783825182329737,7.612336837167746,1.0986122886681098,5.830433915721401
2023-03-12,DOGEUSDT,0.06604,0.07082,0.06516,0.07051,950190978.0,-2.685164097315509,20.672173551828827,0.08294165350170696,0.05941348446946658,0.06549392467902204,0.00485732588286002,0.04730285214990651,0.003168216661630529,0.0015288606896748027,22.939297620658156,2023-03-12,43.47714217866663,0,0,7.612336837167746,1.0986122886681098,5.783825182329737,7.612336837167746,1.0986122886681098,5.830433915721401
2023-03-13,DOGEUSDT,0.07051,0.07353,0.06814,0.07279,1285142360.0,-2.6476138322983793,20.974135335149498,0.07382280161313189,0.0630158137553829,0.03182403939921712,0.06549392467902204,0.05026952981327835,0.001517299230251691,0.0014313225649472767,22.97656901542414,2023-03-13,44.271755384514464,0,0,7.612336837167746,1.0986122886681098,5.783825182329737,7.612336837167746,1.0986122886681098,5.830433915721401
2023-03-14,DOGEUSDT,0.07279,0.07762,0.07108,0.07456,1507610170.0,-2.610061792774006,21.133791565155676,0.08240879853093556,0.06786405994927107,0.024025587247169387,0.03182403939921712,0.04741173676619362,0.0011368327908931192,0.0014477655841896476,23.010818938467306,2023-03-14,45.176850930247255,0,0,7.612336837167746,1.0986122886681098,5.783825182329737,7.612336837167746,1.0986122886681098,5.830433915721401
2023-03-15,DOGEUSDT,0.07455,0.07589,0.06735,0.06963,1326712138.0,-2.555930153041377,21.00596964186165,0.07421732522404674,0.069452376267965,-0.06840866142288045,0.024025587247169387,0.04495243266406493,0.0032566295481334297,0.0013671658374503602,22.98108840434575,2023-03-15,45.335669646326636,0,0,7.612336837167746,1.0986122886681098,5.783825182329737,7.612336837167746,1.0986122886681098,5.830433915721401
2023-03-16,DOGEUSDT,0.06964,0.07407,0.06868,0.07256,842159396.0,-2.5784703555663158,20.551479860703704,0.0736361535085681,0.07049832057811577,0.04121829685242577,-0.06840866142288045,0.04614735556555146,0.002005612108315319,0.0011802916166207696,22.972379065164493,2023-03-16,45.66063610580588,0,0,7.612336837167746,1.0986122886681098,5.783825182329737,7.612336837167746,1.0986122886681098,5.830433915721401
2023-03-17,DOGEUSDT,0.07256,0.07724,0.07143,0.07642,1234974838.0,-2.6027446869569393,20.934316432729727,0.07712095040336141,0.07215397803442718,0.05183063621187278,0.04121829685242577,0.04773401485592396,0.002475869531179831,0.000865164700199278,23.01518649117041,2023-03-17,46.29603896634518,0,0,7.612336837167746,1.0986122886681098,5.783825182329737,7.612336837167746,1.0986122886681098,5.830433915721401
2023-03-18,DOGEUSDT,0.07642,0.0789,0.07234,0.07295,1383588746.0,-2.5608378214218233,21.047946501140494,0.05685915464026708,0.06833027218588715,-0.04647016704995927,0.05183063621187278,0.05024279491204682,0.0022078242667255576,0.000743886580290517,23.02519324578864,2023-03-18,46.688682535670246,0,0,7.612336837167746,1.0986122886681098,5.783825182329737,7.612336837167746,1.0986122886681098,5.830433915721401
2023-03-19,DOGEUSDT,0.07296,0.07652,0.07295,0.0745,818390779.0,-2.5395740511303084,20.522850505431666,0.04773947806748932,0.0631825736562877,0.021024850416719126,-0.04647016704995927,0.04930312730319708,0.0010244605353995342,0.0008418563530893382,23.01317306768609,2023-03-19,47.13449206700154,0,0,7.612336837167746,1.0986122886681098,5.783825182329737,7.612336837167746,1.0986122886681098,5.830433915721401
2023-03-20,DOGEUSDT,0.07451,0.07557,0.07035,0.07137,1079402871.0,-2.570203134410085,20.799673827956287,0.04287288747649858,0.058105152111340416,-0.04292151240253771,0.021024850416719126,0.05136188500026941,0.0020635666096286594,0.000724752404376323,22.99555146631973,2023-03-20,47.627365454325144,0,0,7.612336837167746,1.0986122886681098,5.783825182329737,7.612336837167746,1.0986122886681098,5.830433915721401
2023-03-21,DOGEUSDT,0.07136,0.07788,0.07031,0.0766,1544655030.0,-2.5826958999495084,21.158066440811684,0.10104681463942569,0.06884056774336174,0.0707194637635695,-0.04292151240253771,0.04962554288261223,0.0033424350926112554,0.0007508054415134956,23.01115558212226,2023-03-21,47.44956298052294,0,0,7.612336837167746,1.0986122886681098,5.783825182329737,7.612336837167746,1.0986122886681098,5.830433915721401
2023-03-22,DOGEUSDT,0.07661,0.0781,0.07137,0.07385,1912919819.0,-2.552586098478138,21.37189661277808,0.0644663326786699,0.06774700897718877,-0.03656106776915685,0.0707194637635695,0.05180036498277557,0.0017107076845625994,0.0007743103632160069,23.022867276971475,2023-03-22,47.19454103538693,0,0,7.612336837167746,1.0986122886681098,5.783825182329737,7.612336837167746,1.0986122886681098,5.830433915721401
2023-03-23,DOGEUSDT,0.07385,0.07922,0.07294,0.07736,1770056622.0,-2.5497652221364966,21.294277372850992,0.08078855486441716,0.07100739544899587,0.04643384216765017,-0.03656106776915685,0.05081913579111611,0.002180578441551189,0.0007577068412958242,23.033785499570794,2023-03-23,47.24489192784717,0,0,7.612336837167746,1.0986122886681098,5.783825182329737,7.612336837167746,1.0986122886681098,5.830433915721401
2023-03-24,DOGEUSDT,0.07736,0.07749,0.07295,0.07453,836571352.0,-2.5355264867883665,20.54482237302005,0.036865545391468475,0.06247193293461402,-0.03726812225143642,0.04643384216765017,0.049174682099044825,0.0018139909693440722,0.0007623223798951609,23.031479453441328,2023-03-24,47.361314912777516,0,0,7.612336837167746,1.0986122886681098,5.783825182329737,7.612336837167746,1.0986122886681098,5.830433915721401
2023-03-25,DOGEUSDT,0.07453,0.07597,0.07244,0.07402,658593695.0,-2.557606383206278,20.30561735452333,0.03904144849514074,0.0566143118247457,-0.006866401935592462,-0.03726812225143642,0.0485085747474355,0.00033815282814156274,0.0009662593615298121,23.012501024646497,2023-03-25,47.52415003965513,0,0,7.612336837167746,1.0986122886681098,5.783825182329737,7.612336837167746,1.0986122886681098,5.830433915721401
2023-03-26,DOGEUSDT,0.07401,0.07558,0.07334,0.07436,480451959.0,-2.577416753467007,19.99023780010665,0.027516303976594002,0.04933980986270778,0.004582835895233199,-0.006866401935592462,0.04397817095818191,0.0002292536957818855,0.0011749353450199228,23.012501024646497,2023-03-26,47.624028953046434,0,0,7.612336837167746,1.0986122886681098,5.783825182329737,7.612336837167746,1.0986122886681098,5.830433915721401
2023-03-27,DOGEUSDT,0.07436,0.07639,0.07124,0.07287,1127427328.0,-2.582563581060794,20.84320417316186,0.053381488635519975,0.05035022955591083,-0.02024113117105237,0.004582835895233199,0.031445967667148536,0.0009711141820083147,0.0008168891325158682,23.003383959965962,2023-03-27,47.56411248613263,0,0,7.612336837167746,1.0986122886681098,5.783825182329737,7.612336837167746,1.0986122886681098,5.830433915721401
2023-03-28,DOGEUSDT,0.07289,0.07404,0.07165,0.07381,644358903.0,-2.5719034814288686,20.28376643162813,0.03198851703243703,0.04575980142504238,0.012817192099770048,-0.02024113117105237,0.028938207883430343,0.0006318940884560975,0.0008025257653751279,22.99555146631973,2023-03-28,47.42042605007953,0,0,7.612336837167746,1.0986122886681098,5.783825182329737,7.612336837167746,1.0986122886681098,5.830433915721401
2023-03-29,DOGEUSDT,0.07381,0.07692,0.07351,0.07557,1004337728.0,-2.60314979127684,20.727594184122168,0.044542184331487655,0.0454553971516537,0.023565155250667533,0.012817192099770048,0.02233840389183155,0.0011368977528862952,0.0005866967879394142,23.019868773997057,2023-03-29,47.43542755937749,0,0,7.612336837167746,1.0986122886681098,5.783825182329737,7.612336837167746,1.0986122886681098,5.830433915721401
2023-03-30,DOGEUSDT,0.07557,0.07685,0.07327,0.07422,827561063.0,-2.564989358261558,20.533993454638,0.034632579805048636,0.04274969281500243,-0.018025723400177007,0.023565155250667533,0.017432621365860365,0.0008778479178927344,0.0003614276137764273,23.06487807753421,2023-03-30,47.613098752842085,0,0,7.612336837167746,1.0986122886681098,5.783825182329737,7.612336837167746,1.0986122886681098,5.830433915721401
2023-03-31,DOGEUSDT,0.07421,0.07789,0.0734,0.07695,838503016.0,-2.565899808997532,20.547128736120293,0.05824065602171095,0.04662243361667956,0.03612220465243684,-0.018025723400177007,0.022489423305159184,0.0017580171476191096,0.0005123743624726393,23.07460273361223,2023-03-31,47.62872640570691,0,0,7.612336837167746,1.0986122886681098,5.783825182329737,7.612336837167746,1.0986122886681098,5.830433915721401
2023-04-01,DOGEUSDT,0.07695,0.085,0.07586,0.08181,1854882421.0,-2.55245770405028,21.34108714609124,0.11133740086112097,0.06280117542778992,0.061243625240718386,0.03612220465243684,0.03159232561513207,0.0028697518932129734,0.0008246411388706955,23.12463850543094,2023-04-01,47.77286250964091,0,0,7.612336837167746,1.3862943611198906,5.497168225293202,7.612336837167746,1.3862943611198906,5.494182125018732
2023-04-02,DOGEUSDT,0.08181,0.08559,0.07724,0.07903,2199172283.0,-2.4651040224918206,21.511346891516535,0.0771592954283209,0.06639070542792266,-0.034571958308722776,0.061243625240718386,0.03520730636681897,0.0016071498676057787,0.0008030517370805515,23.14341469938198,2023-04-02,47.739581972049265,0,0,7.612336837167746,1.3862943611198906,5.497168225293202,7.612336837167746,1.3862943611198906,5.494182125018732
2023-04-03,DOGEUSDT,0.07903,0.105,0.076,0.096,8818532284.0,-2.4581868250886187,22.900121285408062,0.3177615228865931,0.12923340979259026,0.19452066425095224,-0.034571958308722776,0.08179728554774628,0.00849430716224637,0.0028774528181861633,23.237362524671987,2023-04-03,47.5736193048469,0,0,7.612336837167746,1.3862943611198906,5.497168225293202,7.612336837167746,1.3862943611198906,5.494182125018732
2023-04-04,DOGEUSDT,0.09601,0.1035,0.09219,0.09512,7327021779.0,-2.2537949288246137,22.714834964550555,0.09981530158625404,0.12187888274100621,-0.00920893908530995,0.19452066425095224,0.08447016554173072,0.0004054151879017256,0.0029753642439376434,23.31989667970958,2023-04-04,47.28825653960236,0,0,7.612336837167746,1.3862943611198906,5.497168225293202,7.612336837167746,1.3862943611198906,5.494182125018732
2023-04-05,DOGEUSDT,0.0951,0.09917,0.09055,0.09267,3340986573.0,-2.2681836662767134,21.929531981456325,0.07032292748155669,0.10898989392614383,-0.026094456783926304,-0.00920893908530995,0.08560374440321893,0.001189923104879386,0.002940317327911317,23.296179308684128,2023-04-05,47.104391933660466,0,0,7.612336837167746,1.3862943611198906,5.497168225293202,7.612336837167746,1.3862943611198906,5.494182125018732
2023-04-06,DOGEUSDT,0.09268,0.09275,0.08415,0.08541,3278113280.0,-2.3109197297841035,21.910533874328056,0.03883870940907392,0.09145209779687635,-0.08158160564054422,-0.026094456783926304,0.09837910130047803,0.0037233965228081933,0.0029210254113163107,23.23512271024224,2023-04-06,47.13961009872121,0,0,7.612336837167746,1.3862943611198906,5.497168225293202,7.612336837167746,1.3862943611198906,5.494182125018732
2023-04-07,DOGEUSDT,0.08541,0.0862,0.08113,0.08222,2228211181.0,-2.3778475774945926,21.52446493952861,0.03527342919376162,0.07740743064609767,-0.03806460848832348,-0.08158160564054422,0.09787700648678806,0.001768434597341359,0.002968704299629313,23.176668749575686,2023-04-07,47.27469415346632,0,0,7.612336837167746,1.3862943611198906,5.497168225293202,7.612336837167746,1.3862943611198906,5.494182125018732
2023-04-08,DOGEUSDT,0.08222,0.08383,0.08035,0.08134,1218517909.0,-2.4510851013124895,20.920901128500518,0.03322569234865596,0.06636199607173725,-0.010760680990653894,-0.03806460848832348,0.09662912553360735,0.0005143507406568941,0.003092243708012723,23.155039401627228,2023-04-08,47.35961775977483,0,0,7.612336837167746,1.3862943611198906,5.497168225293202,7.612336837167746,1.3862943611198906,5.494182125018732
2023-04-09,DOGEUSDT,0.08135,0.08393,0.08107,0.08318,922447755.0,-2.478964340332371,20.64254129812884,0.03422089957542706,0.0583267219476597,0.022369033835687235,-0.010760680990653894,0.03481927999046711,0.001083637596390077,0.0012196847130002903,23.162128666252194,2023-04-09,47.51387190558371,0,0,7.612336837167746,1.3862943611198906,5.497168225293202,7.612336837167746,1.3862943611198906,5.494182125018732
2023-04-10,DOGEUSDT,0.08318,0.08541,0.08225,0.08473,948759612.0,-2.4777721608874006,20.670666017848088,0.03648835597656868,0.052867130454886946,0.018462795895607075,0.022369033835687235,0.038762166715136055,0.0008931882446199543,0.0011506342037595303,23.17964294251859,2023-04-10,47.99106247321299,0,0,7.612336837167746,1.3862943611198906,5.497168225293202,7.612336837167746,1.3862943611198906,5.494182125018732
2023-04-11,DOGEUSDT,0.08474,0.08607,0.08359,0.08408,1001623427.0,-2.4602920890240814,20.724887947613254,0.02313387384472862,0.045433816302347364,-0.007701003641677032,0.018462795895607075,0.03884253703550152,0.00037158240185148527,0.0012435861426402107,23.18804263088731,2023-04-11,48.571263930570865,0,0,7.612336837167746,1.3862943611198906,5.497168225293202,7.612336837167746,1.3862943611198906,5.494182125018732
2023-04-12,DOGEUSDT,0.08409,0.0851,0.08036,0.08346,1733885327.0,-2.452594360320754,21.27363058105335,0.04900603001281003,0.04632686972996303,-0.007401251405289104,-0.007701003641677032,0.022050565318160766,0.00034790730134614547,0.0005461096341622472,23.171469031731686,2023-04-12,48.67569725827059,0,0,7.612336837167746,1.3862943611198906,5.497168225293202,7.612336837167746,1.3862943611198906,5.494182125018732
2023-04-13,DOGEUSDT,0.08346,0.08886,0.08279,0.08729,1824584606.0,-2.4639282434028087,21.324618184922375,0.06973206936412417,0.052178169638503316,0.04486843358385192,-0.007401251405289104,0.02230493271981731,0.002104067383282682,0.0006655963586016038,23.202310004395816,2023-04-13,48.37077629263342,0,0,7.612336837167746,1.3862943611198906,5.497168225293202,7.612336837167746,1.3862943611198906,5.494182125018732
2023-04-14,DOGEUSDT,0.08729,0.09138,0.08527,0.08866,2129880806.0,-2.4206931814743746,21.479331855477533,0.06388810328711483,0.05510565305065619,0.015572920569649124,0.04486843358385192,0.01986682248215748,0.0007250188541445626,0.0006473911341958026,23.22940529995687,2023-04-14,47.91443971180684,0,0,7.612336837167746,1.3862943611198906,5.497168225293202,7.612336837167746,1.3862943611198906,5.494182125018732
2023-04-15,DOGEUSDT,0.08866,0.09057,0.08714,0.08888,873116413.0,-2.3927286428470116,20.587579453138304,0.0341288142488697,0.04986144335020957,0.0024783160144670005,0.015572920569649124,0.019922928101099507,0.00012037918396906121,0.000714882167260912,23.237406203091105,2023-04-15,47.59262928979768,0,0,7.612336837167746,1.3862943611198906,5.497168225293202,7.612336837167746,1.3862943611198906,5.494182125018732
2023-04-16,DOGEUSDT,0.08889,0.09183,0.0875,0.09043,1204599668.0,-2.40163224659528,20.909413122963695,0.04572505217954408,0.0488273455575432,0.017288925421014224,0.0024783160144670005,0.019841131836720684,0.0008268489086394643,0.0007129272256549121,23.248409203753198,2023-04-16,47.35977224172172,0,0,7.612336837167746,1.3862943611198906,5.497168225293202,7.612336837167746,1.3862943611198906,5.494182125018732
2023-04-17,DOGEUSDT,0.09043,0.09488,0.08807,0.09137,2941097287.0,-2.3878162373567062,21.802048575535927,0.06745803285307225,0.05348501738142546,0.010341126258140472,0.017288925421014224,0.017721064142244673,0.00047431901742225484,0.0007032084795770004,23.26313731678994,2023-04-17,47.07941036317857,0,0,7.612336837167746,1.3862943611198906,5.497168225293202,7.612336837167746,1.3862943611198906,5.494182125018732
2023-04-18,DOGEUSDT,0.09137,0.095,0.08974,0.09411,1670819556.0,-2.3551423437327217,21.236580095091455,0.05545306744823287,0.05397702989812732,0.029547113860167125,0.010341126258140472,0.01507870696327276,0.0013913310772197514,0.0007080125836567597,23.276574578139616,2023-04-18,47.142332391612015,0,0,7.612336837167746,1.3862943611198906,5.497168225293202,7.612336837167746,1.3862943611198906,5.494182125018732
2023-04-19,DOGEUSDT,0.09412,0.09413,0.0842,0.08788,2757696460.0,-2.353878387381596,21.73766155224764,0.06911002985958585,0.05776027988849195,-0.06849206335428702,0.029547113860167125,0.03524524188169394,0.0031508478126620314,0.0010822101415794436,23.253693755310188,2023-04-19,47.48028606333248,0,0,7.612336837167746,1.3862943611198906,5.497168225293202,7.612336837167746,1.3862943611198906,5.494182125018732
2023-04-20,DOGEUSDT,0.08787,0.0935,0.08251,0.08389,4572088496.0,-2.363078473423008,22.243235938772138,0.09385862297590997,0.06678486566034646,-0.04646583065820613,-0.06849206335428702,0.03905260515311982,0.002088986997490398,0.0011263180551568336,23.216000347722996,2023-04-20,47.38342787832455,0,0,7.612336837167746,1.3862943611198906,5.497168225293202,7.612336837167746,1.3862943611198906,5.494182125018732
2023-04-21,DOGEUSDT,0.0839,0.0847,0.0762,0.07842,2208532603.0,-2.369793842687496,21.515594151400382,0.06138464440574573,0.06543481034669628,-0.0674274199940177,-0.04646583065820613,0.04486139578718285,0.003133886032593205,0.0011443082172678946,23.143102216821294,2023-04-21,47.25762582661427,0,0,7.612336837167746,1.3862943611198906,5.497168225293202,7.612336837167746,1.3862943611198906,5.494182125018732
2023-04-22,DOGEUSDT,0.07842,0.08101,0.07817,0.08028,807742799.0,-2.4686396773241284,20.509754247742112,0.035279371184576656,0.05789595055616637,0.023441527063951844,-0.0674274199940177,0.045964766095147165,0.0011429452923129241,0.001094276119205692,23.1241630078549,2023-04-22,47.299586825950975,0,0,7.612336837167746,1.3862943611198906,5.497168225293202,7.612336837167746,1.3862943611198906,5.494182125018732
2023-04-23,DOGEUSDT,0.08029,0.08083,0.07651,0.07878,776127337.0,-2.513182675139737,20.4698271587577,0.042167853580336825,0.05396392631220898,-0.018861366385377554,0.023441527063951844,0.043615533213929816,0.0009214228453955465,0.000988085687618486,23.120787914161426,2023-04-23,47.34407282292787,0,0,7.612336837167746,1.3862943611198906,5.497168225293202,7.612336837167746,1.3862943611198906,5.494182125018732
2023-04-24,DOGEUSDT,0.07876,0.08,0.07715,0.07873,835608693.0,-2.5154070952363843,20.54367099089559,0.031390638541223606,0.04832060436946264,-0.0006348803463841462,-0.018861366385377554,0.03740466530114824,3.090393857385607e-05,0.0012651176923699668,23.11676671650368,2023-04-24,47.355323684817364,0,0,7.612336837167746,1.3862943611198906,5.497168225293202,7.612336837167746,1.3862943611198906,5.494182125018732
2023-04-25,DOGEUSDT,0.07875,0.07996,0.07752,0.07976,649768816.0,-2.5257286443082556,20.292127189896895,0.030347799051570108,0.043827403039989506,0.012997848457207003,-0.0006348803463841462,0.03525217582369281,0.0006405365162346513,0.0011130970813545457,23.120034294604263,2023-04-25,47.596075631666125,0,0,7.612336837167746,1.3862943611198906,5.497168225293202,7.612336837167746,1.3862943611198906,5.494182125018732
2023-04-26,DOGEUSDT,0.07976,0.08358,0.0748,0.07859,1881668380.0,-2.5262287693499377,21.355424656419814,0.09146351768875022,0.055736431702179685,-0.01477766077549936,0.012997848457207003,0.03202994213624177,0.0006919862757707765,0.0010668392612691866,23.123606896844894,2023-04-26,47.98975888166028,0,0,7.612336837167746,1.3862943611198906,5.497168225293202,7.612336837167746,1.3862943611198906,5.494182125018732
2023-04-27,DOGEUSDT,0.07859,0.081,0.07837,0.08014,1030067337.0,-2.4819510219623675,20.75289001277921,0.03255154105047338,0.04994020903925311,0.019530640329914983,-0.01477766077549936,0.01786602989325452,0.0009411046036425966,0.000387271273958419,23.127480883589364,2023-04-27,48.371598263327904,0,0,7.612336837167746,1.3862943611198906,5.497168225293202,7.612336837167746,1.3862943611198906,5.494182125018732
2023-04-28,DOGEUSDT,0.08013,0.08074,0.07892,0.08033,490310858.0,-2.513306124309698,20.01055015200138,0.021032164321088828,0.04271319785971204,0.0023680449777226426,0.019530640329914983,0.015036399007928442,0.00011833982372972388,0.0003936340788080372,23.134466944130313,2023-04-28,48.61345543349701,0,0,7.612336837167746,1.3862943611198906,5.497168225293202,7.612336837167746,1.3862943611198906,5.494182125018732
2023-04-29,DOGEUSDT,0.08033,0.08197,0.08019,0.08157,590694438.0,-2.5165211635573423,20.19680941628595,0.021759309056040847,0.03747472565879424,0.015318397126767996,0.0023680449777226426,0.012708780527914501,0.0007584562893590417,0.0003682982030407776,23.146350352475142,2023-04-29,48.539858549837625,0,0,7.612336837167746,1.3862943611198906,5.497168225293202,7.612336837167746,1.3862943611198906,5.494182125018732
2023-04-30,DOGEUSDT,0.08157,0.08174,0.07923,0.07951,585421236.0,-2.501401952317198,20.187842207614665,0.012946575188502337,0.03134268804122126,-0.025578747399096966,0.015318397126767996,0.01814995354579794,0.0012670372165604158,0.0003787154422843723,23.1405722335641,2023-04-30,48.6145188319554,0,0,7.612336837167746,1.3862943611198906,5.497168225293202,7.612336837167746,1.3862943611198906,5.494182125018732
2023-05-01,DOGEUSDT,0.0795,0.08003,0.07733,0.07882,687515788.0,-2.5042118008460057,20.34859535160496,0.02749928045179021,0.0303818361438635,-0.008716028146534388,-0.025578747399096966,0.017589216354184277,0.00042833561707476413,0.0003988156163068782,23.1187173344523,2023-05-01,48.386272491668535,0,0,7.612336837167746,1.6094379124341003,5.583496308781699,7.612336837167746,1.6094379124341003,5.459000065781429
2023-05-02,DOGEUSDT,0.07882,0.0791,0.07754,0.07876,429294264.0,-2.5253537146031824,19.877653171819713,0.018062012184107464,0.027301880153924492,-0.0007615179959329492,-0.008716028146534388,0.01644232371629545,3.8310256716448965e-05,0.0004822798482342265,23.115957528957235,2023-05-02,48.26131393931711,0,0,7.612336837167746,1.6094379124341003,5.583496308781699,7.612336837167746,1.6094379124341003,5.459000065781429
2023-05-03,DOGEUSDT,0.07876,0.08072,0.07711,0.07962,666847319.0,-2.537042404208529,20.318071670630204,0.042460189849355144,0.031091457577782155,0.010860063801246447,-0.0007615179959329492,0.014710271234462065,0.000534502682011142,0.00045095245469190247,23.12113086117366,2023-05-03,48.34444122164398,0,0,7.612336837167746,1.6094379124341003,5.583496308781699,7.612336837167746,1.6094379124341003,5.459000065781429
2023-05-04,DOGEUSDT,0.07961,0.0797,0.07794,0.07838,521626133.0,-2.5167689029367835,20.072461668932103,0.012024057343933784,0.026324607519320063,-0.01569652480068568,0.010860063801246447,0.015678945765257288,0.0007819930140895752,0.00041113687794229535,23.121227054411293,2023-05-04,48.44463518955919,0,0,7.612336837167746,1.6094379124341003,5.583496308781699,7.612336837167746,1.6094379124341003,5.459000065781429
2023-05-05,DOGEUSDT,0.07837,0.08147,0.07705,0.08017,751560591.0,-2.529485693185968,20.43766239065365,0.053274786610060694,0.03306215229200522,0.022580587283374788,-0.01569652480068568,0.017635613499994134,0.0011048517610165202,0.0004540586264695941,23.12637445900221,2023-05-05,48.40389313023626,0,0,7.612336837167746,1.6094379124341003,5.583496308781699,7.612336837167746,1.6094379124341003,5.459000065781429
2023-05-06,DOGEUSDT,0.08017,0.08049,0.07566,0.07672,866161917.0,-2.5075204246595866,20.579582420181424,0.03243555506401578,0.03290550298500786,-0.04398694947967757,0.022580587283374788,0.023121194239094915,0.002137407289495906,0.0007296908985140892,23.11507708442582,2023-05-06,48.441906020386256,0,0,7.612336837167746,1.6094379124341003,5.583496308781699,7.612336837167746,1.6094379124341003,5.459000065781429
2023-05-07,DOGEUSDT,0.07672,0.07756,0.07617,0.07652,440286253.0,-2.5196223258764947,19.902935648344407,0.015162767662243625,0.028469819154316803,-0.0026102860031305955,-0.04398694947967757,0.02310964734422344,0.00013115080354227684,0.0007718908751657896,23.097185840711077,2023-05-07,48.49266868300204,0,0,7.612336837167746,1.6094379124341003,5.583496308781699,7.612336837167746,1.6094379124341003,5.459000065781429
2023-05-08,DOGEUSDT,0.07652,0.07711,0.06982,0.07239,1086840054.0,-2.556703448607686,20.806540289824458,0.06383629236843717,0.037311437457846895,-0.055483976267002126,-0.0026102860031305955,0.030688383495320087,0.002666660362277377,0.0009792699195342888,23.06097509599849,2023-05-08,48.39805063345094,0,0,7.612336837167746,1.6094379124341003,5.583496308781699,7.612336837167746,1.6094379124341003,5.459000065781429
2023-05-09,DOGEUSDT,0.07239,0.07333,0.07206,0.0731,581336500.0,-2.562522305137268,20.18084032099796,0.01705496497218149,0.03224731933643055,0.00976019845068272,-0.055483976267002126,0.030512566151735015,0.00048363687019154167,0.0009866469201931475,23.0420687259689,2023-05-09,48.23486687712546,0,0,7.612336837167746,1.6094379124341003,5.583496308781699,7.612336837167746,1.6094379124341003,5.459000065781429
2023-05-10,DOGEUSDT,0.0731,0.0747,0.07033,0.07312,830157442.0,-2.6127854768764287,20.53712592992283,0.05299093897214669,0.03743322424535958,0.00027356039016184625,0.00976019845068272,0.03105183387321803,1.3320285958964959e-05,0.001098129888809616,23.041824662173354,2023-05-10,48.11128565328304,0,0,7.612336837167746,1.6094379124341003,5.583496308781699,7.612336837167746,1.6094379124341003,5.459000065781429
2023-05-11,DOGEUSDT,0.07312,0.07317,0.06908,0.07193,786571281.0,-2.5942751868433653,20.483193906997982,0.04834379048916755,0.04016086580631158,-0.016408503266629865,0.00027356039016184625,0.02616968917208896,0.0008010715194676735,0.00110426662914185,23.02777300846348,2023-05-11,48.04325723979201,0,0,7.612336837167746,1.6094379124341003,5.583496308781699,7.612336837167746,1.6094379124341003,5.459000065781429
2023-05-12,DOGEUSDT,0.07193,0.07275,0.06933,0.07235,977393789.0,-2.6149697780861985,20.700400188165855,0.04599517046159816,0.041619441970133224,0.005822029198228047,-0.016408503266629865,0.024126797824552217,0.00028125201181165686,0.0009889411338791778,23.024039232682604,2023-05-12,47.73179598277244,0,0,7.612336837167746,1.6094379124341003,5.583496308781699,7.612336837167746,1.6094379124341003,5.459000065781429
2023-05-13,DOGEUSDT,0.07235,0.0724,0.0713,0.07167,331390133.0,-2.6207263729305352,19.618806888826104,0.009286780948064956,0.033536276714616155,-0.009443203071665037,0.005822029198228047,0.023881014441478124,0.00048133421798669194,0.0009563617028507927,23.029355755183744,2023-05-13,47.62562626247752,0,0,7.612336837167746,1.6094379124341003,5.583496308781699,7.612336837167746,1.6094379124341003,5.459000065781429
2023-05-14,DOGEUSDT,0.07168,0.07265,0.07111,0.07196,239907331.0,-2.6255489795904663,19.29576328590909,0.019566789585150866,0.030043904932249833,0.004038159076504462,-0.009443203071665037,0.009980343778397571,0.00020927698047857818,0.00027263343425374065,23.02667297267073,2023-05-14,47.76618478428401,0,0,7.612336837167746,1.6094379124341003,5.583496308781699,7.612336837167746,1.6094379124341003,5.459000065781429
2023-05-15,DOGEUSDT,0.07195,0.07368,0.07084,0.07191,501437549.0,-2.622101888965845,20.032989629197203,0.034161805847619416,0.031073380161092228,-0.0006950719679295589,0.004038159076504462,0.008535524038710274,3.469636738175724e-05,0.0002983404214699872,23.03059107620007,2023-05-15,47.87061939728733,0,0,7.612336837167746,1.6094379124341003,5.583496308781699,7.612336837167746,1.6094379124341003,5.459000065781429
2023-05-16,DOGEUSDT,0.0719,0.07325,0.07087,0.07275,356844405.0,-2.6080238870350856,19.692810404401772,0.03149952014115294,0.031179915156107407,0.011613568937199139,-0.0006950719679295589,0.01038927011629167,0.0005897364925934214,0.0002783506778554929,23.03207480886139,2023-05-16,47.989324725684945,0,0,7.612336837167746,1.6094379124341003,5.583496308781699,7.612336837167746,1.6094379124341003,5.459000065781429
2023-05-17,DOGEUSDT,0.07276,0.07547,0.07228,0.07483,763341382.0,-2.6138770310849604,20.453215909893665,0.04253015262740099,0.0340174745239308,0.028189968040665255,0.011613568937199139,0.01272031740570584,0.0013782658025444866,0.000475083581418053,23.054767776002315,2023-05-17,48.02885152697819,0,0,7.612336837167746,1.6094379124341003,5.583496308781699,7.612336837167746,1.6094379124341003,5.459000065781429
2023-05-18,DOGEUSDT,0.07484,0.07492,0.07161,0.07344,792415671.0,-2.5840200526853603,20.490596649221082,0.03408143828673691,0.03403346546463233,-0.018750127780031947,0.028189968040665255,0.01643054278848639,0.0009150601176244764,0.00048813285967615,23.05385061936304,2023-05-18,47.974246670608174,0,0,7.612336837167746,1.6094379124341003,5.583496308781699,7.612336837167746,1.6094379124341003,5.459000065781429
2023-05-19,DOGEUSDT,0.07344,0.07406,0.073,0.0735,335992593.0,-2.5913344014062494,19.632599673041636,0.012736297965104547,0.028709173589750385,0.0008166599065557433,-0.018750127780031947,0.015444240476603786,4.159713538483312e-05,0.0005400184036166776,23.049531223333,2023-05-19,47.799040392763864,0,0,7.612336837167746,1.6094379124341003,5.583496308781699,7.612336837167746,1.6094379124341003,5.459000065781429
2023-05-20,DOGEUSDT,0.07351,0.07389,0.07306,0.07361,203083357.0,-2.6028797034966704,19.1291270783382,0.010212619670383073,0.024085035109908556,0.0014954798518235107,0.0008166599065557433,0.015484473970053984,7.817815448134015e-05,0.0005578562331583349,23.050989891073225,2023-05-20,47.82417539606853,0,0,7.612336837167746,1.6094379124341003,5.583496308781699,7.612336837167746,1.6094379124341003,5.459000065781429
2023-05-21,DOGEUSDT,0.07362,0.074,0.07198,0.07212,313624488.0,-2.605177778181581,19.56370693012661,0.013647897742150495,0.02147575076796904,-0.02044948773549794,0.0014954798518235107,0.01844334177902127,0.0010452767365885702,0.000539255280565892,23.04221019273911,2023-05-21,47.89625541837743,0,0,7.612336837167746,1.6094379124341003,5.583496308781699,7.612336837167746,1.6094379124341003,5.459000065781429
2023-05-22,DOGEUSDT,0.07212,0.07402,0.07071,0.07291,461513189.0,-2.6036901857779675,19.950021190047035,0.04236248985756325,0.026697435540367593,0.010894405483222406,-0.02044948773549794,0.0183587047989248,0.0005460849078525074,0.0005409224548242175,23.03680593297118,2023-05-22,47.880170582060444,0,0,7.612336837167746,1.6094379124341003,5.583496308781699,7.612336837167746,1.6094379124341003,5.459000065781429
2023-05-23,DOGEUSDT,0.07292,0.07396,0.07241,0.07289,334965527.0,-2.6034199520241272,19.6295381800167,0.018609443194092686,0.024675437453798868,-0.0002743484242174777,0.010894405483222406,0.012461294936857615,1.3976305591171291e-05,0.0004635584374173369,23.044803131364297,2023-05-23,47.882355045004346,0,0,7.612336837167746,1.6094379124341003,5.583496308781699,7.612336837167746,1.6094379124341003,5.459000065781429
2023-05-24,DOGEUSDT,0.07288,0.07289,0.06931,0.07064,630159786.0,-2.604230872463213,20.261483973762992,0.031008959724749978,0.026258818021536644,-0.03135489909841698,-0.0002743484242174777,0.015944508676144407,0.0015475124694232208,0.0006338187968288053,23.02311257020341,2023-05-24,47.80095187080839,0,0,7.612336837167746,1.6094379124341003,5.583496308781699,7.612336837167746,1.6094379124341003,5.459000065781429
2023-05-25,DOGEUSDT,0.07065,0.07116,0.06856,0.07088,486062691.0,-2.6188038235880153,20.00184816737294,0.03559573391648114,0.028593046995272767,0.003391750001120884,-0.03135489909841698,0.01621255748861379,0.00016957183019984694,0.0006153570682851443,23.006994760760957,2023-05-25,47.73724733227198,0,0,7.612336837167746,1.6094379124341003,5.583496308781699,7.612336837167746,1.6094379124341003,5.459000065781429
2023-05-26,DOGEUSDT,0.07087,0.07137,0.0703,0.07097,408192832.0,-2.6428244161845025,19.82725024816624,0.013520313759894067,0.02482486368642809,0.001268946240066035,0.003391750001120884,0.016191723043297433,6.400011217810678e-05,0.0006176315375061892,23.014879186337346,2023-05-26,47.819480558503464,0,0,7.612336837167746,1.6094379124341003,5.583496308781699,7.612336837167746,1.6094379124341003,5.459000065781429
2023-05-27,DOGEUSDT,0.07097,0.07344,0.0707,0.07255,369096577.0,-2.639877665999161,19.726568894047713,0.03740704204495112,0.027970408276058848,0.02201872679330532,0.001268946240066035,0.017854645802841473,0.0011161964815862753,0.0006292442617786224,23.030371996450043,2023-05-27,47.842294996393406,0,0,7.612336837167746,1.6094379124341003,5.583496308781699,7.612336837167746,1.6094379124341003,5.459000065781429
2023-05-28,DOGEUSDT,0.07255,0.07396,0.07186,0.07352,434942386.0,-2.6112865326699017,19.890724134304204,0.027797216839020755,0.027927110416799326,0.013281498717234809,0.02201872679330532,0.018143716427598603,0.0006677232376034563,0.0006300380221430591,23.043920411059034,2023-05-28,48.07131808696488,0,0,7.612336837167746,1.6094379124341003,5.583496308781699,7.612336837167746,1.6094379124341003,5.459000065781429
2023-05-29,DOGEUSDT,0.07353,0.074,0.07261,0.07313,310287767.0,-2.604230872463213,19.553010705502597,0.014514465995293472,0.02457394931142286,-0.005318798764571774,0.013281498717234809,0.01835186679710379,0.0002720194268126167,0.0005898469816076335,23.048801641643443,2023-05-29,48.25810341570961,0,0,7.612336837167746,1.6094379124341003,5.583496308781699,7.612336837167746,1.6094379124341003,5.459000065781429
2023-05-30,DOGEUSDT,0.07313,0.07346,0.07198,0.07231,465392836.0,-2.6036901857779675,19.958392415503848,0.012811598290880197,0.021633361556287194,-0.01127624709599936,-0.005318798764571774,0.012155542548541032,0.0005649877435639493,0.0003898148234337247,23.042400300616517,2023-05-30,48.09126739723477,0,0,7.612336837167746,1.6094379124341003,5.583496308781699,7.612336837167746,1.6094379124341003,5.459000065781429
2023-05-31,DOGEUSDT,0.07231,0.07268,0.07051,0.07165,377200792.0,-2.6110142385906157,19.74828820840324,0.02364328028751379,0.022135841239093842,-0.009169277912679496,-0.01127624709599936,0.01328829810026849,0.00046430747900356295,0.0003610223742220168,23.02902421374549,2023-05-31,47.94129009253363,0,0,7.612336837167746,1.6094379124341003,5.583496308781699,7.612336837167746,1.6094379124341003,5.459000065781429
2023-06-01,DOGEUSDT,0.07165,0.07219,0.07071,0.07142,337422502.0,-2.6216890354541666,19.636846418205597,0.016955066678704164,0.020840647598996422,-0.0032152121078786056,-0.009169277912679496,0.013449316959733466,0.00016373362806859545,0.000337059615490012,23.02388974021448,2023-06-01,47.73103584659431,0,0,7.612336837167746,1.791759469228055,5.5093883366279774,7.612336837167746,1.791759469228055,5.442056740618091
2023-06-02,DOGEUSDT,0.07143,0.07331,0.0709,0.07256,386392712.0,-2.628453746831067,19.772364798841117,0.03226069737461681,0.02369566004290152,0.015835863640578787,-0.0032152121078786056,0.011636376021802773,0.0008009089353594643,0.0002402048301817972,23.033729905830242,2023-06-02,47.56146664197359,0,0,7.612336837167746,1.791759469228055,5.5093883366279774,7.612336837167746,1.791759469228055,5.442056740618091
2023-06-03,DOGEUSDT,0.07257,0.07298,0.07217,0.0727,213922814.0,-2.613058253746642,19.18112582568165,0.010164687817054862,0.020312916986439854,0.001927578732592429,0.015835863640578787,0.009832395028253314,0.00010049351378591082,0.00026600817673360516,23.040385439254464,2023-06-03,47.505302067243235,0,0,7.612336837167746,1.791759469228055,5.5093883366279774,7.612336837167746,1.791759469228055,5.442056740618091
2023-06-04,DOGEUSDT,0.07271,0.07334,0.07232,0.07249,273284700.0,-2.6175698479738356,19.42602466689434,0.011552308047621793,0.01812276475173534,-0.0028927632266872684,0.001927578732592429,0.009711309810278944,0.00014891174474915037,0.00028162577791533396,23.04013836020866,2023-06-04,47.48543890868755,0,0,7.612336837167746,1.791759469228055,5.5093883366279774,7.612336837167746,1.791759469228055,5.442056740618091
2023-06-05,DOGEUSDT,0.07249,0.07269,0.06311,0.0664,1393290604.0,-2.612649116338957,21.05493412735908,0.0862042460489404,0.035143135076036607,-0.08775156483039816,-0.0028927632266872684,0.037002462648545564,0.004167743498963149,0.0015868244760855776,22.985061037899705,2023-06-05,47.40625571874398,0,0,7.612336837167746,1.791759469228055,5.5093883366279774,7.612336837167746,1.791759469228055,5.442056740618091
2023-06-06,DOGEUSDT,0.0664,0.07199,0.06585,0.07025,1170265603.0,-2.621551455485593,20.880496571104064,0.08799898970331337,0.0483570987328558,0.05636325173146713,-0.08775156483039816,0.047085988457970254,0.0026993252550069455,0.0017013468780685147,22.985158354284803,2023-06-06,47.696853576445186,0,0,7.612336837167746,1.791759469228055,5.5093883366279774,7.612336837167746,1.791759469228055,5.442056740618091
2023-06-07,DOGEUSDT,0.07025,0.07032,0.06668,0.06728,687833819.0,-2.6312280585009256,20.34905782457045,0.02280658252886721,0.04196946968185865,-0.04319729254916248,0.05636325173146713,0.04982309805921574,0.0021228153618495275,0.0016146570033921876,22.98452876824808,2023-06-07,48.08196721683278,0,0,7.612336837167746,1.791759469228055,5.5093883366279774,7.612336837167746,1.791759469228055,5.442056740618091
2023-06-08,DOGEUSDT,0.06728,0.0685,0.06698,0.06796,366934419.0,-2.6546990256052156,19.720693695228135,0.021637233726868245,0.03688641069311105,0.010056281139038562,-0.04319729254916248,0.04927768258305919,0.0005099354664928397,0.0016500827110843405,22.96996211557086,2023-06-08,48.07114487843515,0,0,7.612336837167746,1.791759469228055,5.5093883366279774,7.612336837167746,1.791759469228055,5.442056740618091
2023-06-09,DOGEUSDT,0.06796,0.07119,0.06729,0.06947,664528733.0,-2.6809215337139576,20.31458867521285,0.05414759277806856,0.04120170621435043,0.02197570790105828,0.010056281139038562,0.05097324604145496,0.0010817697691251939,0.0015115960786223767,22.988718847023684,2023-06-09,48.16250682499303,0,0,7.612336837167746,1.791759469228055,5.5093883366279774,7.612336837167746,1.791759469228055,5.442056740618091
2023-06-10,DOGEUSDT,0.06947,0.07196,0.053,0.06175,2781711103.0,-2.6424029198663552,21.746332079979904,0.22829417926441672,0.087974824476867,-0.117801029196703,0.02197570790105828,0.06770332384093355,0.005417052805201707,0.00185892892446144,22.91551679872546,2023-06-10,48.79224481738859,0,0,7.612336837167746,1.791759469228055,5.5093883366279774,7.612336837167746,1.791759469228055,5.442056740618091
2023-06-11,DOGEUSDT,0.06175,0.06289,0.06092,0.06151,580462318.0,-2.6316448698998047,20.17933544398925,0.026694971391743823,0.0726548612055862,-0.0038942122878096704,-0.117801029196703,0.060899629140355356,0.0001929802048545472,0.0019240090372211693,22.878668813377896,2023-06-11,49.09795504299301,0,0,7.612336837167746,1.791759469228055,5.5093883366279774,7.612336837167746,1.791759469228055,5.442056740618091
2023-06-12,DOGEUSDT,0.06152,0.0617,0.05975,0.06143,485251023.0,-2.766368110426725,20.000176888202827,0.03005539322886534,0.062004994211405984,-0.0013014480444409455,-0.0038942122878096704,0.051660625274021606,6.507182670012329e-05,0.0020311752380245416,22.86982349622432,2023-06-12,49.18410934257112,0,0,7.612336837167746,1.791759469228055,5.5093883366279774,7.612336837167746,1.791759469228055,5.442056740618091
2023-06-13,DOGEUSDT,0.06144,0.06284,0.06006,0.06175,469560125.0,-2.785471348070795,19.96730691018122,0.04061847008879159,0.05665836318075239,0.0051956603322504446,-0.0013014480444409455,0.05153434164189142,0.0002602083673888543,0.002070808414067153,22.875621373480264,2023-06-13,49.15080511672203,0,0,7.612336837167746,1.791759469228055,5.5093883366279774,7.612336837167746,1.791759469228055,5.442056740618091
2023-06-14,DOGEUSDT,0.06174,0.06219,0.05811,0.06038,642700404.0,-2.7671634655947166,20.28118923893942,0.05305438903158524,0.055757369643460605,-0.022436051229393742,0.0051956603322504446,0.05015233882824698,0.0011062492916498721,0.002042036761268122,22.86181814472937,2023-06-14,49.085556423298065,0,0,7.612336837167746,1.791759469228055,5.5093883366279774,7.612336837167746,1.791759469228055,5.442056740618091
2023-06-15,DOGEUSDT,0.06038,0.062,0.05975,0.06153,534409612.0,-2.7775610638663393,20.096673166551902,0.0358693645413605,0.05078536836793558,0.018866936473706054,-0.022436051229393742,0.049649078679495466,0.0009388089420246644,0.002046675688437483,22.86479407702879,2023-06-15,49.30465154740588,0,0,7.612336837167746,1.791759469228055,5.5093883366279774,7.612336837167746,1.791759469228055,5.442056740618091
2023-06-16,DOGEUSDT,0.06154,0.06282,0.06069,0.06219,501181424.0,-2.7806208939370456,20.03247871725065,0.03239887848323797,0.04618874589676118,0.010669354363398885,0.018866936473706054,0.01420298643313546,0.0005326028053738122,0.00042439242328586843,22.879156589436153,2023-06-16,49.571232527506545,0,0,7.612336837167746,1.791759469228055,5.5093883366279774,7.612336837167746,1.791759469228055,5.442056740618091
2023-06-17,DOGEUSDT,0.06219,0.06297,0.06166,0.0622,358515676.0,-2.7674817848716367,19.69748294368674,0.01834840828103303,0.039228661492829144,0.0001607846293357545,0.010669354363398885,0.014008193534836831,8.162699254286585e-06,0.00045790912251471153,22.886512112362873,2023-06-17,49.65675553468872,0,0,7.612336837167746,1.791759469228055,5.5093883366279774,7.612336837167746,1.791759469228055,5.442056740618091
2023-06-18,DOGEUSDT,0.0622,0.06399,0.06107,0.06212,616148520.0,-2.765096856481486,20.238998596333026,0.040468320857313424,0.039538576333950214,-0.0012870014646473376,0.0001607846293357545,0.014007542847928123,6.359017510285915e-05,0.0004581813116076038,22.8870101436832,2023-06-18,49.67881172642339,0,0,7.612336837167746,1.791759469228055,5.5093883366279774,7.612336837167746,1.791759469228055,5.442056740618091
2023-06-19,DOGEUSDT,0.06212,0.06285,0.06151,0.06245,313699473.0,-2.749028457830768,19.5639459932105,0.020036149864780674,0.03466296971665783,0.005298238291100343,-0.0012870014646473376,0.014012487652659255,0.0002708164443379189,0.0004571600309224539,22.885902077197393,2023-06-19,49.81484137290115,0,0,7.612336837167746,1.791759469228055,5.5093883366279774,7.612336837167746,1.791759469228055,5.442056740618091
2023-06-20,DOGEUSDT,0.06244,0.06314,0.06074,0.06313,438420606.0,-2.7670043439458807,19.898689295230714,0.03869557036239897,0.03567111987809311,0.010829855807947746,0.005298238291100343,0.0075660779150549685,0.0005442497064640046,0.00034980343375965285,22.890010891671754,2023-06-20,50.36808238698252,0,0,7.612336837167746,1.791759469228055,5.5093883366279774,7.612336837167746,1.791759469228055,5.442056740618091
2023-06-21,DOGEUSDT,0.06314,0.06677,0.06284,0.06561,948481988.0,-2.7624007958522916,20.670373357174846,0.05997013162007778,0.04174587281358928,0.03853203097725177,0.010829855807947746,0.01455047794771196,0.0018641187709305214,0.0006834214448479136,22.92396842476386,2023-06-21,51.14849526737323,0,0,7.612336837167746,1.791759469228055,5.5093883366279774,7.612336837167746,1.791759469228055,5.442056740618091
2023-06-22,DOGEUSDT,0.06562,0.06938,0.06502,0.06555,998222870.0,-2.7065014011123596,20.721487125977557,0.060752652274020415,0.04649756767869707,-0.0009149131470773596,0.03853203097725177,0.015304470153923375,4.415287095540435e-05,0.0007139270632477386,22.953814923758888,2023-06-22,51.32180659390051,0,0,7.612336837167746,1.791759469228055,5.5093883366279774,7.612336837167746,1.791759469228055,5.442056740618091
2023-06-23,DOGEUSDT,0.06556,0.07013,0.06525,0.06823,780327080.0,-2.6681566374405334,20.475223723085595,0.0712164166091602,0.05267727991131285,0.04007114061762341,-0.0009149131470773596,0.019033220769636875,0.001957055080792286,0.0008865269309400613,22.966606433094523,2023-06-23,51.601931351705005,0,0,7.612336837167746,1.791759469228055,5.5093883366279774,7.612336837167746,1.791759469228055,5.442056740618091
2023-06-24,DOGEUSDT,0.06823,0.06843,0.06505,0.06669,638939181.0,-2.657404616433318,20.2753198294083,0.036560092208075545,0.048647982985503525,-0.0228293341831174,0.04007114061762341,0.02415751199961013,0.001125966661695005,0.0008155163470517216,22.962240303268967,2023-06-24,51.72604171239706,0,0,7.612336837167746,1.791759469228055,5.5093883366279774,7.612336837167746,1.791759469228055,5.442056740618091
2023-06-25,DOGEUSDT,0.06669,0.068,0.06635,0.06672,378779847.0,-2.6819439540177306,19.752465715643382,0.022500187541786964,0.042111034124574384,0.0004497414062765312,-0.0228293341831174,0.024498435299120255,2.2768874162396294e-05,0.0008628257408337565,22.95972415341945,2023-06-25,51.64606086190969,0,0,7.612336837167746,1.791759469228055,5.5093883366279774,7.612336837167746,1.791759469228055,5.442056740618091
2023-06-26,DOGEUSDT,0.06672,0.06681,0.06319,0.06474,710375009.0,-2.6882475738060303,20.381303570250925,0.03731457919851502,0.04091192039305954,-0.03012550955239295,0.0004497414062765312,0.029713563641487195,0.0014780953263639582,0.0008643324566670978,22.938290418495004,2023-06-26,51.607612718912215,0,0,7.612336837167746,1.791759469228055,5.5093883366279774,7.612336837167746,1.791759469228055,5.442056740618091
2023-06-27,DOGEUSDT,0.06474,0.06579,0.06433,0.06556,477097877.0,-2.7059025090447513,19.983232220675553,0.021940452407669297,0.03616905339671198,0.012586505377530461,-0.03012550955239295,0.025273637326595044,0.000629853330959538,0.0007841227949588969,22.93341130702759,2023-06-27,51.7453250767606,0,0,7.612336837167746,1.791759469228055,5.5093883366279774,7.612336837167746,1.791759469228055,5.442056740618091
2023-06-28,DOGEUSDT,0.06557,0.06596,0.06013,0.06257,700025590.0,-2.7212874278842305,20.36662744948234,0.06319688399590313,0.04292601104650977,-0.04667982386535671,0.012586505377530461,0.03165833700420836,0.0022919761252147407,0.0008418700092960545,22.907856661254073,2023-06-28,51.94096913676056,0,0,7.612336837167746,1.791759469228055,5.5093883366279774,7.612336837167746,1.791759469228055,5.442056740618091
2023-06-29,DOGEUSDT,0.06257,0.0641,0.06241,0.06342,450376389.0,-2.718706781290739,19.925594211124363,0.02620285576671419,0.03874522222656088,0.013493339099929233,-0.04667982386535671,0.024729326196548742,0.0006771862839802272,0.0007875711853031045,22.901634195620485,2023-06-29,52.03106827755202,0,0,7.612336837167746,1.791759469228055,5.5093883366279774,7.612336837167746,1.791759469228055,5.442056740618091
2023-06-30,DOGEUSDT,0.06342,0.06698,0.06101,0.06646,1114226909.0,-2.747310915055513,20.83142664621969,0.09172487054804783,0.05199013430693261,0.04682099381624707,0.013493339099929233,0.03351853549399041,0.002247613406964796,0.0009325118266225161,22.924837283498096,2023-06-30,51.58596964582634,0,0,7.612336837167746,1.791759469228055,5.5093883366279774,7.612336837167746,1.791759469228055,5.442056740618091
2023-07-01,DOGEUSDT,0.06646,0.0728,0.06641,0.06851,1480878387.0,-2.7033612116160786,21.115901253397887,0.09161918426905849,0.06189739679746408,0.030379457088359454,0.04682099381624707,0.0358478419787491,0.0014387004714502022,0.0007232204523625193,22.978451635269693,2023-07-01,51.17712114482606,0,0,7.612336837167746,1.9459101490553132,5.575949103146316,7.612336837167746,1.9459101490553132,5.472321545906873
2023-07-02,DOGEUSDT,0.06851,0.0692,0.066,0.06801,945225786.0,-2.6200393237794968,20.666934383903637,0.0399275842334446,0.05640494365645921,-0.007324966827260426,0.030379457088359454,0.03250719631301555,0.0003544292874402044,0.0008518266893535171,22.97634201546815,2023-07-02,51.1315647539698,0,0,7.612336837167746,1.9459101490553132,5.575949103146316,7.612336837167746,1.9459101490553132,5.472321545906873
2023-07-03,DOGEUSDT,0.06801,0.06878,0.06721,0.06845,566630919.0,-2.670754416358513,20.155218713232937,0.021823921192300415,0.04775968804041951,0.00644879854691056,-0.007324966827260426,0.03243852721315548,0.0003199567634895766,0.000906297195051599,22.979009602273713,2023-07-03,51.22407508124843,0,0,7.612336837167746,1.9459101490553132,5.575949103146316,7.612336837167746,1.9459101490553132,5.472321545906873
2023-07-04,DOGEUSDT,0.06845,0.07186,0.06764,0.0689,1051878193.0,-2.676842273978017,20.773843158436527,0.056231443901576646,0.049877627005708795,0.006552626285154984,0.00644879854691056,0.01942933526593165,0.0003154267717908459,0.0007913742708506806,22.99511864182211,2023-07-04,51.298678572784354,0,0,7.612336837167746,1.9459101490553132,5.575949103146316,7.612336837167746,1.9459101490553132,5.472321545906873
2023-07-05,DOGEUSDT,0.06891,0.06936,0.06558,0.06701,592363243.0,-2.6330354972967647,20.199630590829916,0.03785750461353306,0.04687259640766486,-0.027814316034533573,0.006552626285154984,0.026539092858131604,0.0013769715198237594,0.0008047975886339485,22.97220873280268,2023-07-05,51.29629087918386,0,0,7.612336837167746,1.9459101490553132,5.575949103146316,7.612336837167746,1.9459101490553132,5.472321545906873
2023-07-06,DOGEUSDT,0.06697,0.06858,0.06466,0.06485,620315296.0,-2.6684449465098505,20.24573844867527,0.03874583869428996,0.04484090697932114,-0.032764951222626355,-0.027814316034533573,0.023698253961562544,0.0016183628621741011,0.0006339517115525028,22.95215540275423,2023-07-06,51.50180594521594,0,0,7.612336837167746,1.9459101490553132,5.575949103146316,7.612336837167746,1.9459101490553132,5.472321545906873
2023-07-07,DOGEUSDT,0.06484,0.06587,0.0641,0.0654,410024265.0,-2.679754331947363,19.831726898838216,0.025685683437237938,0.040052101093800335,0.008445347700700143,-0.032764951222626355,0.018422623049890587,0.0004258503429267619,0.0005968529756000041,22.93322519276623,2023-07-07,51.53735825398322,0,0,7.612336837167746,1.9459101490553132,5.575949103146316,7.612336837167746,1.9459101490553132,5.472321545906873
2023-07-08,DOGEUSDT,0.0654,0.06608,0.06474,0.06573,278674788.0,-2.7200721763295355,19.44555602549687,0.019127099385153827,0.03482085066663871,0.005033183812331676,0.008445347700700143,0.01915497388139372,0.00025883465639821263,0.0006101762812096827,22.94097442681235,2023-07-08,51.55129082729885,0,0,7.612336837167746,1.9459101490553132,5.575949103146316,7.612336837167746,1.9459101490553132,5.472321545906873
2023-07-09,DOGEUSDT,0.06573,0.06636,0.0651,0.06536,279080489.0,-2.7168891497694143,19.44701078921953,0.014874476834037618,0.029834257208488438,-0.005644991723737337,0.005033183812331676,0.01823734694967282,0.0002902755485108613,0.0006141680018459123,22.944116376984706,2023-07-09,51.5086279560311,0,0,7.612336837167746,1.9459101490553132,5.575949103146316,7.612336837167746,1.9459101490553132,5.472321545906873
2023-07-10,DOGEUSDT,0.06537,0.06656,0.06326,0.06523,616363367.0,-2.7126608136598933,20.239347229079602,0.04385806286062237,0.03334020862152192,-0.001990964743742942,-0.005644991723737337,0.017206475536608826,9.837099592235626e-05,0.0006478306092893778,22.93428190386534,2023-07-10,51.53296611243177,0,0,7.612336837167746,1.9459101490553132,5.575949103146316,7.612336837167746,1.9459101490553132,5.472321545906873
2023-07-11,DOGEUSDT,0.06523,0.06551,0.06437,0.06528,313014382.0,-2.709651482469184,19.5617596963306,0.016171084680751017,0.029047927636329195,0.0007662248478471292,-0.001990964743742942,0.014782366497463234,3.9169525632750606e-05,0.0005865112009344784,22.934378462804993,2023-07-11,51.535313822240866,0,0,7.612336837167746,1.9459101490553132,5.575949103146316,7.612336837167746,1.9459101490553132,5.472321545906873
2023-07-12,DOGEUSDT,0.06529,0.0657,0.06365,0.06503,312404127.0,-2.7255524762383523,19.559808186469947,0.027278260401231342,0.028605510827554734,-0.0038370087747910736,0.0007662248478471292,0.005413242560648224,0.0001961680164862372,0.00013918404161483337,22.929858200572166,2023-07-12,51.54377863838168,0,0,7.612336837167746,1.9459101490553132,5.575949103146316,7.612336837167746,1.9459101490553132,5.472321545906873
2023-07-13,DOGEUSDT,0.06504,0.07168,0.06455,0.07042,1572353798.0,-2.722656353491572,21.175839567971664,0.10412965385871933,0.04748654658534589,0.07962861184584581,-0.0038370087747910736,0.03318321866939006,0.0037603520554756954,0.0014661530165195067,22.977403043196173,2023-07-13,50.76915424435262,0,0,7.612336837167746,1.9459101490553132,5.575949103146316,7.612336837167746,1.9459101490553132,5.472321545906873
2023-07-14,DOGEUSDT,0.07042,0.07311,0.06612,0.06849,1501930500.0,-2.635543510315462,21.13001711757997,0.07737021143932672,0.054957462798841096,-0.027789564517092677,0.07962861184584581,0.03710023598474242,0.0013151699954834408,0.0014553220183554769,23.002145151630177,2023-07-14,50.06958178461843,0,0,7.612336837167746,1.9459101490553132,5.575949103146316,7.612336837167746,1.9459101490553132,5.472321545906873
2023-07-15,DOGEUSDT,0.06848,0.07522,0.06769,0.07197,2333412778.0,-2.6157901226769127,21.57059774446829,0.10302069737554738,0.06697327144301767,0.049561616309899234,-0.027789564517092677,0.04010421121626916,0.002297646866212094,0.0015032941914528818,23.018666438981302,2023-07-15,50.00652702802342,0,0,7.612336837167746,1.9459101490553132,5.575949103146316,7.612336837167746,1.9459101490553132,5.472321545906873
2023-07-16,DOGEUSDT,0.07196,0.07221,0.06891,0.06952,930666895.0,-2.587338125939947,20.651411978522237,0.023322099659311084,0.05606047849709102,-0.03463488456257639,0.049561616309899234,0.044962293304814056,0.0016771194433870752,0.0013879028680490195,23.017349523623476,2023-07-16,50.03432191454558,0,0,7.612336837167746,1.9459101490553132,5.575949103146316,7.612336837167746,1.9459101490553132,5.472321545906873
2023-07-17,DOGEUSDT,0.06951,0.07325,0.06752,0.06982,1103083153.0,-2.6281767385190467,20.82137496240888,0.07240028272352611,0.060145429553699795,0.004306020719753339,-0.03463488456257639,0.04483023464277132,0.00020680770254257814,0.0013527045603133506,23.009995506034507,2023-07-17,50.055771304918906,0,0,7.612336837167746,1.9459101490553132,5.575949103146316,7.612336837167746,1.9459101490553132,5.472321545906873
2023-07-18,DOGEUSDT,0.06982,0.07032,0.06703,0.06866,588900425.0,-2.6138770310849604,20.193767669599037,0.03635550557261431,0.054197948558428424,-0.016753713647343946,0.004306020719753339,0.04599215385708837,0.0008296477369384632,0.0012438527640071364,22.991399082440143,2023-07-18,50.02413094982014,0,0,7.612336837167746,1.9459101490553132,5.575949103146316,7.612336837167746,1.9459101490553132,5.472321545906873
2023-07-19,DOGEUSDT,0.06867,0.07235,0.06823,0.07003,941079033.0,-2.6546990256052156,20.66253768233314,0.05681640750089155,0.054852563294044206,0.01975693363788029,-0.016753713647343946,0.03197690948384747,0.0009561716930235941,0.0007249335963500701,23.004831001773617,2023-07-19,49.93417537061905,0,1,7.612336837167746,1.9459101490553132,5.575949103146316,7.612336837167746,1.9459101490553132,5.472321545906873
2023-07-20,DOGEUSDT,0.07004,0.0739,0.06926,0.07062,1394548088.0,-2.626239825904644,21.055836248481718,0.06079872231791367,0.05633910305001157,0.008389668832814069,0.01975693363788029,0.029187528482159556,0.00039844861699183407,0.0007927206690636098,23.022966372502008,2023-07-20,49.833899305490945,0,0,7.612336837167746,1.9459101490553132,5.575949103146316,7.612336837167746,1.9459101490553132,5.472321545906873
2023-07-21,DOGEUSDT,0.07061,0.07688,0.07026,0.07322,1714323052.0,-2.6050424510279813,21.262284117775245,0.08868699453602284,0.06442607592151439,0.03615521719184978,0.008389668832814069,0.025366551259487453,0.0017004390023000427,0.000626441178156491,23.046404534961674,2023-07-21,49.81607581759829,0,0,7.612336837167746,1.9459101490553132,5.575949103146316,7.612336837167746,1.9459101490553132,5.472321545906873
2023-07-22,DOGEUSDT,0.07322,0.0733,0.06963,0.07047,817196460.0,-2.5655095143201,20.521390089033453,0.02566991536682425,0.05473703578284186,-0.03828152035315886,0.03615521719184978,0.026464782745074578,0.0018654447962380652,0.0006724967874563187,23.0305727484637,2023-07-22,49.98405051947374,0,0,7.612336837167746,1.9459101490553132,5.575949103146316,7.612336837167746,1.9459101490553132,5.472321545906873
2023-07-23,DOGEUSDT,0.07047,0.07295,0.06997,0.0718,636160266.0,-2.613194670089531,20.270961080126146,0.04032850696101054,0.051134903577384025,0.018697388715247263,-0.03828152035315886,0.02732524884627284,0.0009223730755212377,0.0005591169256736638,23.02647198926818,2023-07-23,50.149024064997036,0,0,7.612336837167746,1.9459101490553132,5.575949103146316,7.612336837167746,1.9459101490553132,5.472321545906873
2023-07-24,DOGEUSDT,0.07179,0.0779,0.07018,0.0742,3734795178.0,-2.6179810040133424,22.040958815473285,0.09893336343948994,0.0630845185429105,0.03287967411915621,0.018697388715247263,0.027057362695977145,0.0014917533485917993,0.0005575605193407987,23.057627964816835,2023-07-24,50.04425020824979,0,0,7.612336837167746,1.9459101490553132,5.575949103146316,7.612336837167746,1.9459101490553132,5.472321545906873
2023-07-25,DOGEUSDT,0.0742,0.0838,0.07361,0.08185,3974103246.0,-2.5523293261054345,22.103064961110974,0.12892520700163,0.07954469065759037,0.09812415364380919,0.03287967411915621,0.04437998971670361,0.004439391270688151,0.0014007226624055667,23.121242242862493,2023-07-25,49.92442265257252,0,0,7.612336837167746,1.9459101490553132,5.575949103146316,7.612336837167746,1.9459101490553132,5.472321545906873
2023-07-26,DOGEUSDT,0.08185,0.08229,0.07647,0.07793,2421416701.0,-2.4793222714941,21.607618619463654,0.04097697106948505,0.06990276076056404,-0.04907731596167446,0.09812415364380919,0.054080143371139824,0.002271296843302608,0.001222469418122241,23.13841133419067,2023-07-26,49.88885407590937,0,0,7.612336837167746,1.9459101490553132,5.575949103146316,7.612336837167746,1.9459101490553132,5.472321545906873
2023-07-27,DOGEUSDT,0.07794,0.07996,0.07666,0.07761,1390657420.0,-2.4975056853645157,21.053042436305557,0.03581001774228425,0.061379575005994086,-0.004114702989422089,-0.04907731596167446,0.05363753592711525,0.000195444577755012,0.0014565602322418646,23.116639649627864,2023-07-27,49.77726259890372,0,0,7.612336837167746,1.9459101490553132,5.575949103146316,7.612336837167746,1.9459101490553132,5.472321545906873
2023-07-28,DOGEUSDT,0.07761,0.07791,0.07586,0.07717,845464658.0,-2.5262287693499377,20.555396925310987,0.022211560330368682,0.05158757133708773,-0.005685504396535686,-0.004114702989422089,0.04927885886237505,0.0002765942402958326,0.0015942305300649577,23.105458341301684,2023-07-28,49.72555672255752,0,0,7.612336837167746,1.9459101490553132,5.575949103146316,7.612336837167746,1.9459101490553132,5.472321545906873
2023-07-29,DOGEUSDT,0.07717,0.08243,0.07683,0.08023,1189212485.0,-2.55220096463937,20.896557147687663,0.06950015474617145,0.05606571718935866,0.03888672929605286,-0.005685504396535686,0.050250286807427456,0.0018609156054377083,0.0015601876612950428,23.13082954128211,2023-07-29,49.68525749724557,0,0,7.612336837167746,1.9459101490553132,5.575949103146316,7.612336837167746,1.9459101490553132,5.472321545906873
2023-07-30,DOGEUSDT,0.08024,0.08057,0.07622,0.07802,1058535152.0,-2.495805830657001,20.780151857246164,0.03778223391491665,0.05149484637074816,-0.02793230568705405,0.03888672929605286,0.05283664509673668,0.0013441819809085701,0.0015663356097776872,23.128078627521756,2023-07-30,49.65963214315519,0,0,7.612336837167746,1.9459101490553132,5.575949103146316,7.612336837167746,1.9459101490553132,5.472321545906873
2023-07-31,DOGEUSDT,0.07802,0.0798,0.07672,0.07786,845233630.0,-2.5186289071930323,20.555123632313556,0.03370101410489035,0.047046388304283704,-0.002052861896200866,-0.02793230568705405,0.029455655544182113,9.987105565123807e-05,0.0009440657956163909,23.117664174770344,2023-07-31,49.770701923701125,0,0,7.612336837167746,1.9459101490553132,5.575949103146316,7.612336837167746,1.9459101490553132,5.472321545906873
2023-08-01,DOGEUSDT,0.07786,0.07828,0.07517,0.07815,873111968.0,-2.528231774526374,20.587574362166187,0.03981264328976729,0.0452379520506546,0.0037177146851758345,-0.002052861896200866,0.02171800302377974,0.00018058051034938258,0.0007505599913400469,23.110368287090267,2023-08-01,49.98679169996828,0,0,7.612336837167746,2.0794415416798357,5.662960480135946,7.612336837167746,2.0794415416798357,5.441985745809898
2023-08-02,DOGEUSDT,0.07815,0.07833,0.07369,0.07422,804142710.0,-2.5474631364542617,20.505287311391978,0.023698341965239997,0.03985304952930095,-0.0515964012350341,0.0037177146851758345,0.030569534615668616,0.002516248636339226,0.0010149607019206035,23.09157708328238,2023-08-02,50.04279981209038,0,0,7.612336837167746,2.0794415416798357,5.662960480135946,7.612336837167746,2.0794415416798357,5.441985745809898
2023-08-03,DOGEUSDT,0.07422,0.07501,0.07253,0.07358,693788058.0,-2.54682460760299,20.357677079898632,0.026211295703780238,0.03644261107292077,-0.0086604059558231,-0.0515964012350341,0.030559436914004912,0.00042541228657047857,0.0009939879501315375,23.061979410504176,2023-08-03,50.246223948541925,0,0,7.612336837167746,2.0794415416798357,5.662960480135946,7.612336837167746,2.0794415416798357,5.441985745809898
2023-08-04,DOGEUSDT,0.07358,0.07492,0.0725,0.07347,610889682.0,-2.590133841000592,20.23042694764269,0.028091020495735423,0.03435471342862444,-0.0014960900444424203,-0.0086604059558231,0.021196297835495728,7.395247012405485e-05,0.0009776207768810651,23.058341843852695,2023-08-04,50.33222813302667,0,0,7.612336837167746,2.0794415416798357,5.662960480135946,7.612336837167746,2.0794415416798357,5.441985745809898
2023-08-05,DOGEUSDT,0.07346,0.07708,0.07292,0.07571,1062980193.0,-2.5913344014062494,20.784342303018796,0.054275352672195076,0.03933487323951709,0.030033092483029315,-0.0014960900444424203,0.026491137396377658,0.001444986425125764,0.0009901777342827551,23.07562349629956,2023-08-05,50.33501521765734,0,0,7.612336837167746,2.0794415416798357,5.662960480135946,7.612336837167746,2.0794415416798357,5.441985745809898
2023-08-06,DOGEUSDT,0.07572,0.07649,0.07407,0.07427,667225173.0,-2.5629114354359714,20.318638137613625,0.019613428209177868,0.034404511981932284,-0.019203150434010142,0.030033092483029315,0.02702816844893474,0.0009451002721713664,0.0009306635163867221,23.078720894988077,2023-08-06,50.299242488930446,0,0,7.612336837167746,2.0794415416798357,5.662960480135946,7.612336837167746,2.0794415416798357,5.441985745809898
2023-08-07,DOGEUSDT,0.07427,0.07573,0.0717,0.07354,686024165.0,-2.5705952656483624,20.346423411017263,0.044236629048527834,0.03686254124858117,-0.009877625808079285,-0.019203150434010142,0.02642584423588616,0.0004854723411845793,0.0008888775730044974,23.062020452099855,2023-08-07,50.373135652569644,0,0,7.612336837167746,2.0794415416798357,5.662960480135946,7.612336837167746,2.0794415416798357,5.441985745809898
2023-08-08,DOGEUSDT,0.07354,0.07548,0.07321,0.07496,573574471.0,-2.580580895856406,20.16739833963441,0.030022283775545746,0.03515247688032231,0.01912516205704088,-0.009877625808079285,0.018946891817822723,0.0009483207370112162,0.0004873533847448894,23.068195869079624,2023-08-08,50.57968682011069,0,0,7.612336837167746,2.0794415416798357,5.662960480135946,7.612336837167746,2.0794415416798357,5.441985745809898
2023-08-09,DOGEUSDT,0.07497,0.07622,0.07419,0.07541,494836584.0,-2.5838875584817873,20.019738132693625,0.024838760044105037,0.032574047671267994,0.005985254284389039,0.01912516205704088,0.01828421092639626,0.0002989676610512054,0.0005050791941165764,23.081336509895902,2023-08-09,50.5467693649973,0,0,7.612336837167746,2.0794415416798357,5.662960480135946,7.612336837167746,2.0794415416798357,5.441985745809898
2023-08-10,DOGEUSDT,0.07542,0.07695,0.07514,0.07588,614532410.0,-2.574131383536423,20.23637222764627,0.022682412214507182,0.030101138807077793,0.006213252852257808,0.005985254284389039,0.018082541413702996,0.00030703392793741285,0.00045369723801657626,23.089706305177618,2023-08-10,50.45157433373679,0,0,7.612336837167746,2.0794415416798357,5.662960480135946,7.612336837167746,2.0794415416798357,5.441985745809898
2023-08-11,DOGEUSDT,0.07587,0.07611,0.07484,0.07574,303787779.0,-2.5645994186972487,19.531839920193708,0.014715358274982802,0.026254693674054044,-0.0018467225931646629,0.006213252852257808,0.013490087528284603,9.45493410098739e-05,0.0003578561254445816,23.087162525218933,2023-08-11,50.444213248098464,0,0,7.612336837167746,2.0794415416798357,5.662960480135946,7.612336837167746,2.0794415416798357,5.441985745809898
2023-08-12,DOGEUSDT,0.07574,0.07745,0.07561,0.0767,588060644.0,-2.575575616702837,20.192340636599166,0.023693847079879583,0.025614482025510428,0.01259528589956183,-0.0018467225931646629,0.010267131274648924,0.0006237655220976479,0.000299602653689402,23.097777426405358,2023-08-12,50.45787279922167,0,0,7.612336837167746,2.0794415416798357,5.662960480135946,7.612336837167746,2.0794415416798357,5.441985745809898
2023-08-13,DOGEUSDT,0.0767,0.07689,0.0743,0.07479,468528019.0,-2.5581227121192596,19.96510646361753,0.017138948013599418,0.023495598522532676,-0.025217522169634375,0.01259528589956183,0.015432613274799101,0.0012630797744849665,0.00044560254986296063,23.086707413745412,2023-08-13,50.193644749786415,0,0,7.612336837167746,2.0794415416798357,5.662960480135946,7.612336837167746,2.0794415416798357,5.441985745809898
2023-08-14,DOGEUSDT,0.07479,0.07711,0.07365,0.07469,779632649.0,-2.565379449938048,20.474333403889577,0.04022236631336329,0.02767729047024033,-0.0013379718346007694,-0.025217522169634375,0.013206232346817991,6.534873728033512e-05,0.00044910418241893063,23.07907324631067,2023-08-14,50.234117132664,0,0,7.612336837167746,2.0794415416798357,5.662960480135946,7.612336837167746,2.0794415416798357,5.441985745809898
2023-08-15,DOGEUSDT,0.0747,0.07499,0.06831,0.07093,1006789294.0,-2.562522305137268,20.730032187477995,0.06105061640129268,0.036020621953003415,-0.051652739154979914,-0.0013379718346007694,0.024004949121182152,0.002491686394301926,0.0009367335258655482,23.041498111298328,2023-08-15,50.399636383712746,0,0,7.612336837167746,2.0794415416798357,5.662960480135946,7.612336837167746,2.0794415416798357,5.441985745809898
2023-08-16,DOGEUSDT,0.07092,0.07125,0.06602,0.06717,1176873403.0,-2.5904005076688392,20.886127100391235,0.039878410912085376,0.0369850691927739,-0.054466755935222474,-0.051652739154979914,0.028130846477299798,0.002607795867248276,0.0011397667197248782,22.994085310218193,2023-08-16,50.36653974266932,0,0,7.612336837167746,2.0794415416798357,5.662960480135946,7.612336837167746,2.0794415416798357,5.441985745809898
2023-08-17,DOGEUSDT,0.06718,0.06843,0.0556,0.06102,1947998543.0,-2.6415604598333773,21.390068294219862,0.14637679386617647,0.06433300036112455,-0.09602503999024953,-0.054466755935222474,0.03966926455455466,0.004489234848127994,0.0016094895230879666,22.912916858591124,2023-08-17,50.073912632676326,0,0,7.612336837167746,2.0794415416798357,5.662960480135946,7.612336837167746,2.0794415416798357,5.441985745809898
2023-08-18,DOGEUSDT,0.06102,0.06385,0.05988,0.06326,1284697455.0,-2.6819439540177306,20.973789083992635,0.06281557525800005,0.06395364408534343,0.036051538588979075,-0.09602503999024953,0.04605929833459513,0.0017188853403934485,0.001490301397074639,22.89005980152082,2023-08-18,49.47453117810161,0,0,7.612336837167746,2.0794415416798357,5.662960480135946,7.612336837167746,2.0794415416798357,5.441985745809898
2023-08-19,DOGEUSDT,0.06326,0.0645,0.0631,0.06379,427274791.0,-2.7512186965035887,19.87293790285239,0.021296195553453277,0.05328928195237089,0.008343220376361139,0.036051538588979075,0.04900694292514613,0.0004198282315954716,0.001619823972249449,22.914257064119568,2023-08-19,49.12975900659228,0,0,7.612336837167746,2.0794415416798357,5.662960480135946,7.612336837167746,2.0794415416798357,5.441985745809898
2023-08-20,DOGEUSDT,0.06379,0.06473,0.06338,0.06384,302086371.0,-2.7410900551804103,19.52622353113863,0.018839927008771552,0.04467694321647106,0.0007835148876892458,0.008343220376361139,0.049232056085354935,4.01262889590385e-05,0.0016257631886680878,22.933860513416693,2023-08-20,49.02120744976387,0,0,7.612336837167746,2.0794415416798357,5.662960480135946,7.612336837167746,2.0794415416798357,5.441985745809898
2023-08-21,DOGEUSDT,0.06384,0.06411,0.06035,0.06252,577388884.0,-2.737530506424718,20.174026573189295,0.04733969291176718,0.04534263064029509,-0.020893447588277225,0.0007835148876892458,0.04762186210274638,0.0010356607548065797,0.0016393642029952748,22.90260990972607,2023-08-21,49.032020009668955,0,0,7.612336837167746,2.0794415416798357,5.662960480135946,7.612336837167746,2.0794415416798357,5.441985745809898
2023-08-22,DOGEUSDT,0.06253,0.06327,0.06023,0.06259,615086529.0,-2.7471549209829713,20.237273513434793,0.044940991680004094,0.04524222090022234,0.0011190153833342124,-0.020893447588277225,0.04516039791660193,5.529476994968411e-05,0.0016927820029300831,22.893961450181827,2023-08-22,49.23578436088448,0,0,7.612336837167746,2.0794415416798357,5.662960480135946,7.612336837167746,2.0794415416798357,5.441985745809898
2023-08-23,DOGEUSDT,0.06258,0.06546,0.06246,0.06379,663722826.0,-2.760343995823344,20.31337518956936,0.04638124000355688,0.04552697567605597,0.018990917317253785,0.0011190153833342124,0.01918279180567633,0.0009348971867070797,0.0006535354413431476,22.908468167364113,2023-08-23,49.284453185941,0,0,7.612336837167746,2.0794415416798357,5.662960480135946,7.612336837167746,2.0794415416798357,5.441985745809898
2023-08-24,DOGEUSDT,0.06379,0.06404,0.06183,0.06308,386270949.0,-2.7263160099091026,19.772049621598665,0.027604214693109634,0.041046285430319386,-0.011192676159026345,0.018990917317253785,0.014089636450171597,0.000566085781354688,0.00042324002830390953,22.9075414845923,2023-08-24,49.20618937088036,0,0,7.612336837167746,2.0794415416798357,5.662960480135946,7.612336837167746,2.0794415416798357,5.441985745809898
2023-08-25,DOGEUSDT,0.06308,0.06315,0.06169,0.06312,388436589.0,-2.748247390853623,19.77764049437291,0.023163578999892052,0.03657560882271255,0.0006339144427811062,-0.011192676159026345,0.013462197363791785,3.205207633142417e-05,0.0004668734849146515,22.901032255485365,2023-08-25,49.17144169357141,0,0,7.612336837167746,2.0794415416798357,5.662960480135946,7.612336837167746,2.0794415416798357,5.441985745809898
2023-08-26,DOGEUSDT,0.06312,0.06338,0.06262,0.06289,133469006.0,-2.762242430185637,18.70937984405615,0.009154614472734047,0.029720360235217926,-0.0036505079822066696,0.0006339144427811062,0.013416284225867747,0.00019511646097486294,0.0004437732754278337,22.903830506712136,2023-08-26,49.178485334855736,0,0,7.612336837167746,2.0794415416798357,5.662960480135946,7.612336837167746,2.0794415416798357,5.441985745809898
2023-08-27,DOGEUSDT,0.06289,0.06379,0.06269,0.06318,195920692.0,-2.7586069247193623,19.09322050265585,0.01649129202711407,0.02641309318319196,0.004600626818527051,-0.0036505079822066696,0.010036906337151364,0.0002409560408044891,0.0003497618712121916,22.90716565398768,2023-08-27,49.15690682495118,0,0,7.612336837167746,2.0794415416798357,5.662960480135946,7.612336837167746,2.0794415416798357,5.441985745809898
2023-08-28,DOGEUSDT,0.06317,0.0637,0.06186,0.06345,347134881.0,-2.7521588407282733,19.66522396843638,0.0278696437264911,0.026777230819016746,0.004264398786457739,0.004600626818527051,0.010079397257002434,0.00021684974416270582,0.0003293222463750197,22.90658010719941,2023-08-28,49.20261219343914,0,0,7.612336837167746,2.0794415416798357,5.662960480135946,7.612336837167746,2.0794415416798357,5.441985745809898
2023-08-29,DOGEUSDT,0.06345,0.06858,0.0624,0.0664,1205214048.0,-2.753570716404019,20.909923021309144,0.09153711642646876,0.04296720222087975,0.04544486232199146,0.004264398786457739,0.019877527516590967,0.0021733634445080903,0.0008042011019252148,22.93956572982057,2023-08-29,49.53052947179147,0,0,7.612336837167746,2.0794415416798357,5.662960480135946,7.612336837167746,2.0794415416798357,5.441985745809898
2023-08-30,DOGEUSDT,0.0664,0.06647,0.06434,0.06588,652816294.0,-2.679754331947363,20.29680632147424,0.027924289395253182,0.03920647401447311,-0.00786215117294867,0.04544486232199146,0.019317093393641713,0.00038735902823442867,0.0008077102358189585,22.948959148775803,2023-08-30,49.80588774384667,0,0,7.612336837167746,2.0794415416798357,5.662960480135946,7.612336837167746,2.0794415416798357,5.441985745809898
2023-08-31,DOGEUSDT,0.06588,0.06701,0.0628,0.06376,987255423.0,-2.7110045609286466,20.710439351152157,0.04277744572622586,0.040099216942411295,-0.03270887082747996,-0.00786215117294867,0.025426890260773428,0.0015793421990181154,0.0008581659808242772,22.933057946317874,2023-08-31,49.49564907319242,0,0,7.612336837167746,2.0794415416798357,5.662960480135946,7.612336837167746,2.0794415416798357,5.441985745809898
2023-09-01,DOGEUSDT,0.06379,0.06426,0.0623,0.06388,594834321.0,-2.702913416997058,20.20379347263408,0.028623908414167384,0.03723038981035032,0.001880288864852128,-0.03270887082747996,0.025294844722288552,9.306612975424483e-05,0.0008734004099148024,22.91392791460834,2023-09-01,49.17777606979716,0,0,7.612336837167746,2.1972245773362196,5.768320995793772,7.612336837167746,2.1972245773362196,5.554163511074393
2023-09-02,DOGEUSDT,0.06386,0.06497,0.0626,0.06348,445474474.0,-2.7448179252944245,19.914650505814947,0.03030757905510532,0.035499687121539066,-0.006281427688603588,0.001880288864852128,0.025512177721719476,0.0003154174202941424,0.0008646634524105892,22.918332437914515,2023-09-02,49.23510388694834,0,0,7.612336837167746,2.1972245773362196,5.768320995793772,7.612336837167746,2.1972245773362196,5.554163511074393
2023-09-03,DOGEUSDT,0.06348,0.06377,0.06276,0.06317,221836401.0,-2.7338296540896976,19.21745073573594,0.012126209125327527,0.029656317622486182,-0.004895390747599144,-0.006281427688603588,0.02553670222993528,0.00025473673979535105,0.0008597278619830724,22.91121550394361,2023-09-03,49.28597463915996,0,0,7.612336837167746,2.1972245773362196,5.768320995793772,7.612336837167746,2.1972245773362196,5.554163511074393
2023-09-04,DOGEUSDT,0.06317,0.06385,0.06209,0.06326,414229595.0,-2.752472418654957,19.841930955363118,0.024924014185740247,0.028473241763299698,0.0014237129668936937,-0.004895390747599144,0.01272425267971823,7.175274271927024e-05,0.0005667539525316195,22.907744604372144,2023-09-04,49.26189077943266,0,0,7.612336837167746,2.1972245773362196,5.768320995793772,7.612336837167746,2.1972245773362196,5.554163511074393
2023-09-05,DOGEUSDT,0.06326,0.06443,0.06288,0.06402,613206067.0,-2.7512186965035887,20.234211598911685,0.023548219905880696,0.027241986298944948,0.011942316664214182,0.0014237129668936937,0.01513122947855089,0.0005902041997453714,0.0005682979219962371,22.91525946357331,2023-09-05,49.15117507271543,0,0,7.612336837167746,2.1972245773362196,5.768320995793772,7.612336837167746,2.1972245773362196,5.554163511074393
2023-09-06,DOGEUSDT,0.06403,0.06464,0.06248,0.06365,638467834.0,-2.742175915831586,20.27458185472074,0.027872822623860292,0.027399695380173783,-0.005796209538301371,0.011942316664214182,0.006995736996065468,0.000285885527989411,0.00018744228220784502,22.919023242178483,2023-09-06,49.11393373940111,0,0,7.612336837167746,2.1972245773362196,5.768320995793772,7.612336837167746,2.1972245773362196,5.554163511074393
2023-09-07,DOGEUSDT,0.06364,0.06384,0.06279,0.06365,418433542.0,-2.738921864769297,19.852028634805777,0.015328230438924622,0.02438182914486149,0.0,-0.005796209538301371,0.006920906142083522,0.0,0.00020762786381815738,22.915188587543746,2023-09-07,49.281239931093864,0,0,7.612336837167746,2.1972245773362196,5.768320995793772,7.612336837167746,2.1972245773362196,5.554163511074393
2023-09-08,DOGEUSDT,0.06366,0.06402,0.06237,0.06371,364461321.0,-2.7513753258405838,19.71393098855603,0.024133392502015065,0.024319719984149883,0.0009422111249812828,0.0,0.006338998794672638,4.7794177910445053e-05,0.0002199194444970481,22.91281919129643,2023-09-08,49.3571053699692,0,0,7.612336837167746,2.1972245773362196,5.768320995793772,7.612336837167746,2.1972245773362196,5.554163511074393
2023-09-09,DOGEUSDT,0.0637,0.06391,0.06319,0.06339,196653596.0,-2.74855974444042,19.09695434297035,0.007917805511074936,0.020219241365881147,-0.005035415832321823,0.0009422111249812828,0.006363499502407698,0.00026367638220674576,0.00022032610153141619,22.915379313163417,2023-09-09,49.24844471034548,0,0,7.612336837167746,2.1972245773362196,5.768320995793772,7.612336837167746,2.1972245773362196,5.554163511074393
2023-09-10,DOGEUSDT,0.06338,0.0634,0.05938,0.0613,741903006.0,-2.7502794353199467,20.424729072910544,0.045773315730524164,0.026607759957041902,-0.03352627735390932,-0.005035415832321823,0.015240563408032044,0.0016414551808364227,0.0006103061648334438,22.889291184480783,2023-09-10,49.39471880529064,0,0,7.612336837167746,2.1972245773362196,5.768320995793772,7.612336837167746,2.1972245773362196,5.554163511074393
2023-09-11,DOGEUSDT,0.0613,0.06199,0.05919,0.06049,815364934.0,-2.758291417538957,20.51914634276441,0.0357538716270333,0.02889428787453975,-0.01330178082334277,-0.03352627735390932,0.012842449813267992,0.0006482619014037748,0.0006130187721062731,22.87080887435584,2023-09-11,49.550516851122175,0,0,7.612336837167746,2.1972245773362196,5.768320995793772,7.612336837167746,2.1972245773362196,5.554163511074393
2023-09-12,DOGEUSDT,0.06047,0.06247,0.06043,0.0609,590184825.0,-2.780782197268309,20.195946308519385,0.03294614814452699,0.029907252942036562,0.0067551125970285565,-0.01330178082334277,0.014475601737782885,0.00033447863714011777,0.0006102373302394741,22.8752254004093,2023-09-12,49.74706191043388,0,0,7.612336837167746,2.1972245773362196,5.768320995793772,7.612336837167746,2.1972245773362196,5.554163511074393
2023-09-13,DOGEUSDT,0.0609,0.06181,0.0605,0.06126,502274759.0,-2.7730688374766586,20.03465785661155,0.019999833186705823,0.027430398003203876,0.005893926688777798,0.0067551125970285565,0.015254078507109074,0.0002941865406916729,0.0005737929233144874,22.875487775528835,2023-09-13,49.92561620754667,0,0,7.612336837167746,2.1972245773362196,5.768320995793772,7.612336837167746,2.1972245773362196,5.554163511074393
2023-09-14,DOGEUSDT,0.06125,0.06255,0.06108,0.06208,475512544.0,-2.783690115310955,19.9799038202537,0.0233368579757552,0.026407012996341708,0.013296774470334193,0.005893926688777798,0.01715531406132403,0.00066550743136487,0.0005211854839678055,22.88652317771986,2023-09-14,50.04953227738298,0,0,7.612336837167746,2.1972245773362196,5.768320995793772,7.612336837167746,2.1972245773362196,5.554163511074393
2023-09-15,DOGEUSDT,0.06207,0.06296,0.06138,0.0625,305546937.0,-2.771789042069217,19.537613964709053,0.02374818448067233,0.02574230586742436,0.00674268086739237,0.013296774470334193,0.017721542321755563,0.00034511281058023397,0.0005103331916867992,22.895497192503427,2023-09-15,49.96756188461379,0,0,7.612336837167746,2.1972245773362196,5.768320995793772,7.612336837167746,2.1972245773362196,5.554163511074393
2023-09-16,DOGEUSDT,0.0625,0.06297,0.06176,0.06214,255280771.0,-2.7652556748729893,19.3578745601428,0.014779071812848236,0.02300149735378033,-0.005776652777454457,0.00674268086739237,0.009819090298835213,0.0002984135866521414,0.0001761740794552684,22.89770683345602,2023-09-16,49.821599451627165,0,0,7.612336837167746,2.1972245773362196,5.768320995793772,7.612336837167746,2.1972245773362196,5.554163511074393
2023-09-17,DOGEUSDT,0.06213,0.06254,0.06097,0.06147,383318697.0,-2.765096856481486,19.764377308185388,0.017920818330711706,0.021731327598013175,-0.010840653045983306,-0.005776652777454457,0.009060686127149359,0.0005484945403007291,0.00015500228608685416,22.889102617602244,2023-09-17,49.89875243168757,0,0,7.612336837167746,2.1972245773362196,5.768320995793772,7.612336837167746,2.1972245773362196,5.554163511074393
2023-09-18,DOGEUSDT,0.06146,0.06281,0.06096,0.06198,477979505.0,-2.771948926952442,19.985078412967464,0.02802017267274108,0.023303538866695152,0.008262501440684075,-0.010840653045983306,0.009215895712418251,0.0004134335262514102,0.0001501389407871724,22.889456362769405,2023-09-18,50.02076080566867,0,0,7.612336837167746,2.1972245773362196,5.768320995793772,7.612336837167746,2.1972245773362196,5.554163511074393
2023-09-19,DOGEUSDT,0.06196,0.06323,0.06189,0.06268,428581236.0,-2.7676409825158474,19.875990860297374,0.021188480226108117,0.022774774206548394,0.011230665128217883,0.008262501440684075,0.009798322133077674,0.0005650367424273336,0.00014255689731871917,22.89873239826941,2023-09-19,50.09042480755503,0,0,7.612336837167746,2.1972245773362196,5.768320995793772,7.612336837167746,2.1972245773362196,5.554163511074393
2023-09-20,DOGEUSDT,0.06269,0.06303,0.06144,0.06262,351126474.0,-2.7609764069116154,19.676657041315078,0.02283302271859976,0.022789336334561237,-0.0009577015895604776,0.011230665128217883,0.00870822015130628,4.867196635839063e-05,0.00019014819393332443,22.900117085919238,2023-09-20,50.22505395955879,0,0,7.612336837167746,2.1972245773362196,5.768320995793772,7.612336837167746,2.1972245773362196,5.554163511074393
2023-09-21,DOGEUSDT,0.06263,0.06348,0.06103,0.06131,461733879.0,-2.764144475457118,19.950499263602538,0.025476301001078262,0.023461077501190492,-0.021141754123662954,-0.0009577015895604776,0.012096165543136243,0.0010597105287602365,0.00033792127330251374,22.89393357294507,2023-09-21,50.23387714538557,0,0,7.612336837167746,2.1972245773362196,5.768320995793772,7.612336837167746,2.1972245773362196,5.554163511074393
2023-09-22,DOGEUSDT,0.0613,0.06187,0.06058,0.06152,243141704.0,-2.757030383323929,19.309154975375336,0.019415010872109784,0.022449560843920316,0.003419363422791947,-0.021141754123662954,0.012286096296748898,0.00017708508876502406,0.0003548122211333552,22.8814433966834,2023-09-22,50.152991364329964,0,0,7.612336837167746,2.1972245773362196,5.768320995793772,7.612336837167746,2.1972245773362196,5.554163511074393
2023-09-23,DOGEUSDT,0.06153,0.06199,0.06127,0.06152,171390790.0,-2.7827198694392394,18.959456828728573,0.010210717726386643,0.019389850064536897,0.0,0.003419363422791947,0.011435642471042966,0.0,0.00039816391799066383,22.885189493429216,2023-09-23,50.099272718983855,0,0,7.612336837167746,2.1972245773362196,5.768320995793772,7.612336837167746,2.1972245773362196,5.554163511074393
2023-09-24,DOGEUSDT,0.06152,0.06175,0.06028,0.06069,187668551.0,-2.780782197268309,19.05018793823802,0.015097474291943722,0.018316756121388604,-0.013583385349624668,0.0,0.011802451743012794,0.0007130315665999154,0.0004216892180958287,22.878008882235616,2023-09-24,50.06223002606346,0,0,7.612336837167746,2.1972245773362196,5.768320995793772,7.612336837167746,2.1972245773362196,5.554163511074393
2023-09-25,DOGEUSDT,0.06068,0.06124,0.06009,0.06094,185313210.0,-2.7846613034740506,19.037557978514915,0.017646270561758954,0.018149134731481192,0.0041108337097990905,-0.013583385349624668,0.010284892713236213,0.00021593282680680085,0.00042295878382114284,22.872808471371613,2023-09-25,49.973092173872054,0,0,7.612336837167746,2.1972245773362196,5.768320995793772,7.612336837167746,2.1972245773362196,5.554163511074393
2023-09-26,DOGEUSDT,0.06095,0.06114,0.05933,0.06062,247803396.0,-2.792954708192654,19.328146231665894,0.025941872147827467,0.02009731908556776,-0.005264901927905866,0.0041108337097990905,0.010121120514152931,0.00027239559680484077,0.00039820064473195237,22.868338502060777,2023-09-26,49.90777267090207,0,0,7.612336837167746,2.1972245773362196,5.768320995793772,7.612336837167746,2.1972245773362196,5.554163511074393
2023-09-27,DOGEUSDT,0.06062,0.06142,0.06016,0.06053,322389750.0,-2.7945889625194487,19.591271775287375,0.01784543468564269,0.01953434798558649,-0.001485761726061196,-0.005264901927905866,0.006568149419623121,7.583794166621436e-05,0.00025054382179185515,22.870418828685004,2023-09-27,49.91642657678392,0,0,7.612336837167746,2.1972245773362196,5.768320995793772,7.612336837167746,2.1972245773362196,5.554163511074393
2023-09-28,DOGEUSDT,0.06052,0.06168,0.06038,0.0615,330092922.0,-2.7900197639694606,19.614884754606262,0.021142335786283602,0.01993634493576077,0.015898064908876283,-0.001485761726061196,0.009839358098465026,0.0008105102379020025,0.0003363027506871865,22.876241544222417,2023-09-28,50.03749065987378,0,0,7.612336837167746,2.1972245773362196,5.768320995793772,7.612336837167746,2.1972245773362196,5.554163511074393
2023-09-29,DOGEUSDT,0.06151,0.06249,0.06131,0.06213,388098719.0,-2.7857955497270632,19.77677029563799,0.018563505449044723,0.01959313506408176,0.010191789263130307,0.015898064908876283,0.01069326829368046,0.0005153414390103035,0.00029263772441384043,22.88868294076412,2023-09-29,49.92888042263401,0,0,7.612336837167746,2.1972245773362196,5.768320995793772,7.612336837167746,2.1972245773362196,5.554163511074393
2023-09-30,DOGEUSDT,0.06213,0.06276,0.06173,0.06207,353992527.0,-2.7727487350411466,19.684786360705733,0.014227730460285883,0.01825178391313279,-0.0009661836500410655,0.010191789263130307,0.008001579009544457,4.9082760276725e-05,0.0002914807649759247,22.893930601426373,2023-09-30,49.814376216909764,0,0,7.612336837167746,2.1972245773362196,5.768320995793772,7.612336837167746,2.1972245773362196,5.554163511074393
2023-10-01,DOGEUSDT,0.06207,0.06358,0.06169,0.06319,426685075.0,-2.7684373511173055,19.87155676981038,0.02954443373057961,0.021074946367494494,0.017883280359802557,-0.0009661836500410655,0.009881361746217905,0.0008999436011461122,0.00036550684743188495,22.901582481902565,2023-10-01,49.967132560525236,0,0,7.612336837167746,2.302585092994046,5.749392985908253,7.612336837167746,2.302585092994046,5.4669771228149395
2023-10-02,DOGEUSDT,0.0632,0.0642,0.06093,0.062,626702154.0,-2.7554563234994807,20.25598195224022,0.038177057887833134,0.025350474247579153,-0.019011675740272276,0.017883280359802557,0.01383163909422943,0.0009385709261144791,0.0004045351155894793,22.901695268266707,2023-10-02,50.24773907154991,0,0,7.612336837167746,2.302585092994046,5.749392985908253,7.612336837167746,2.302585092994046,5.4669771228149395
2023-10-03,DOGEUSDT,0.06201,0.06232,0.06107,0.06137,285220585.0,-2.7457520682862215,19.468773421319106,0.01326243978329899,0.02232846563150911,-0.010213268644085897,-0.019011675740272276,0.014909484568592904,0.0005245974372942236,0.00033529010863339234,22.888757142315015,2023-10-03,50.27536235822572,0,0,7.612336837167746,2.302585092994046,5.749392985908253,7.612336837167746,2.302585092994046,5.4669771228149395
2023-10-04,DOGEUSDT,0.06138,0.06159,0.06001,0.06147,335531290.0,-2.775472877419644,19.63122577381261,0.025127054886192133,0.02302811294517987,0.001628134517912313,-0.010213268644085897,0.013364008457259985,8.293595808389048e-05,0.0003822015775964238,22.87735186350092,2023-10-04,50.47284293722391,0,0,7.612336837167746,2.302585092994046,5.749392985908253,7.612336837167746,2.302585092994046,5.4669771228149395
2023-10-05,DOGEUSDT,0.06146,0.06165,0.06059,0.06086,252901933.0,-2.7872557592831853,19.34851235494827,0.010813074206928898,0.019974353260617125,-0.009973106450093014,0.001628134517912313,0.012786897560487818,0.0005154456460081516,0.00038220232135603244,22.878108170538525,2023-10-05,50.70705092073354,0,0,7.612336837167746,2.302585092994046,5.749392985908253,7.612336837167746,2.302585092994046,5.4669771228149395
2023-10-06,DOGEUSDT,0.06087,0.06162,0.06071,0.06137,299784369.0,-2.7862820493717835,19.518574004181474,0.014514016094360791,0.01860926896905304,0.008344971932180688,-0.009973106450093014,0.013681226024198426,0.0004275400411112482,0.00031846861038859484,22.880332268376534,2023-10-06,50.714970778404805,0,0,7.612336837167746,2.302585092994046,5.749392985908253,7.612336837167746,2.302585092994046,5.4669771228149395
2023-10-07,DOGEUSDT,0.06136,0.06166,0.06105,0.06143,279174721.0,-2.786768785813615,19.447348383922478,0.00893977015957006,0.016191894266682296,0.0009771987748303742,0.008344971932180688,0.010054577370018776,5.024843261604983e-05,0.00032841717786356774,22.88393422628499,2023-10-07,50.82443468329273,0,0,7.612336837167746,2.302585092994046,5.749392985908253,7.612336837167746,2.302585092994046,5.4669771228149395
2023-10-08,DOGEUSDT,0.06143,0.0616,0.06065,0.06096,202221066.0,-2.7861198565241327,19.124872043100133,0.010397166134312439,0.014743212233589832,-0.007680403797445184,0.0009771987748303742,0.007593577465258711,0.0004015924279198573,0.00021265748893473693,22.88092274535382,2023-10-08,50.91831641569938,0,0,7.612336837167746,2.302585092994046,5.749392985908253,7.612336837167746,2.302585092994046,5.4669771228149395
2023-10-09,DOGEUSDT,0.06095,0.061,0.05678,0.05873,806444033.0,-2.787093408442663,20.508145058205294,0.04951574856737072,0.023436346317035055,-0.03726724184396273,-0.007680403797445184,0.016114029285953527,0.0018171922296332762,0.0006499057785724395,22.85137652862852,2023-10-09,51.11510590571263,0,0,7.612336837167746,2.302585092994046,5.749392985908253,7.612336837167746,2.302585092994046,5.4669771228149395
2023-10-10,DOGEUSDT,0.05872,0.05923,0.05846,0.05913,254040040.0,-2.796881414808826,19.353002450354555,0.012795680838248233,0.02077617994733835,0.006787740298310502,-0.03726724184396273,0.016810227625645283,0.00035073319066242085,0.0006199909445845127,22.840675734289363,2023-10-10,51.217172765697406,0,0,7.612336837167746,2.302585092994046,5.749392985908253,7.612336837167746,2.302585092994046,5.4669771228149395
2023-10-11,DOGEUSDT,0.05914,0.05948,0.05764,0.05851,356464937.0,-2.8263271086932633,19.691746439545422,0.023769905405535967,0.021524611311887754,-0.010540730032593792,0.006787740298310502,0.016835473773221865,0.0005352867032365221,0.0006195422446214387,22.838782607589255,2023-10-11,50.975191361452886,0,0,7.612336837167746,2.302585092994046,5.749392985908253,7.612336837167746,2.302585092994046,5.4669771228149395
2023-10-12,DOGEUSDT,0.05851,0.05852,0.05722,0.05788,241613425.0,-2.822115157390183,19.302849589534123,0.01610956953235203,0.020170850867003823,-0.010825778036861642,-0.010540730032593792,0.015177836628189922,0.0005608383356378277,0.0006146163351262468,22.82798906292371,2023-10-12,50.88769716880222,0,0,7.612336837167746,2.302585092994046,5.749392985908253,7.612336837167746,2.302585092994046,5.4669771228149395
2023-10-13,DOGEUSDT,0.05789,0.0591,0.05777,0.05839,340601297.0,-2.8383867028302134,19.646223134171517,0.022203554311134587,0.020679026728036516,0.00877274053216298,-0.010825778036861642,0.01655205256073491,0.00044653572710900226,0.0005601085618145273,22.830829683640776,2023-10-13,50.93127306817851,0,0,7.612336837167746,2.302585092994046,5.749392985908253,7.612336837167746,2.302585092994046,5.4669771228149395
2023-10-14,DOGEUSDT,0.05839,0.05998,0.05833,0.05984,258485303.0,-2.8285243545700847,19.370349395364155,0.027851535271364677,0.022472153863868555,0.024529691370775625,0.00877274053216298,0.021375599245560706,0.0012663525510100628,0.0005832659662797293,22.84636413437158,2023-10-14,50.871222746024884,0,0,7.612336837167746,2.302585092994046,5.749392985908253,7.612336837167746,2.302585092994046,5.4669771228149395
2023-10-15,DOGEUSDT,0.05984,0.05986,0.05901,0.05931,187751427.0,-2.813744105661274,19.050629449112257,0.008695283649763212,0.01902793631034222,-0.008896407815586507,0.024529691370775625,0.014255489170907945,0.0004669876047587011,0.00033256745864745365,22.85334289714699,2023-10-15,50.92863649335196,0,0,7.612336837167746,2.302585092994046,5.749392985908253,7.612336837167746,2.302585092994046,5.4669771228149395
2023-10-16,DOGEUSDT,0.0593,0.06176,0.05909,0.06,685936360.0,-2.8157467765575843,20.346295411707487,0.04301815249991093,0.025025490357734395,0.011566636371465292,-0.008896407815586507,0.014726491294821672,0.0005684885694134628,0.00031049032223965777,22.862535373602114,2023-10-16,51.59033182418793,0,0,7.612336837167746,2.302585092994046,5.749392985908253,7.612336837167746,2.302585092994046,5.4669771228149395
2023-10-17,DOGEUSDT,0.06,0.06016,0.05812,0.05904,328504417.0,-2.7844993732656165,19.61006084176506,0.02432790596105551,0.024851094258564674,-0.01612938192988353,0.011566636371465292,0.015845515221570496,0.000822505450647636,0.0003131088125659684,22.851696149946974,2023-10-17,51.92427569291835,0,0,7.612336837167746,2.302585092994046,5.749392985908253,7.612336837167746,2.302585092994046,5.4669771228149395
2023-10-18,DOGEUSDT,0.05903,0.05936,0.05827,0.05858,259892423.0,-2.810747599340553,19.375778345666163,0.013117772611850664,0.021917763846886172,-0.007821838892629693,-0.01612938192988353,0.01541980657537467,0.0004036915964400071,0.0003319413256115932,22.842244627854583,2023-10-18,52.098406224168805,0,0,7.612336837167746,2.302585092994046,5.749392985908253,7.612336837167746,2.302585092994046,5.4669771228149395
2023-10-19,DOGEUSDT,0.05859,0.05899,0.05738,0.05887,268646752.0,-2.824134680123012,19.40890788498599,0.026893351655389378,0.023161660799011975,0.004938281640582577,-0.007821838892629693,0.015160425781813454,0.00025443377184569194,0.00036458856038748403,22.83678668157719,2023-10-19,52.145590133799814,0,0,7.612336837167746,2.302585092994046,5.749392985908253,7.612336837167746,2.302585092994046,5.4669771228149395
2023-10-20,DOGEUSDT,0.05887,0.06049,0.05862,0.0599,380263308.0,-2.830387340967153,19.756374486518872,0.03073078592733075,0.02505394208109167,0.01734488208123373,0.004938281640582577,0.013109808867998434,0.0008779385151394722,0.00024344495334601042,22.853643056201527,2023-10-20,52.44479043384946,0,0,7.612336837167746,2.302585092994046,5.749392985908253,7.612336837167746,2.302585092994046,5.4669771228149395
2023-10-21,DOGEUSDT,0.0599,0.06147,0.05942,0.06119,419977032.0,-2.805277216863314,19.855710582032085,0.03337251007176019,0.0271335840787588,0.02130727235304545,0.01734488208123373,0.01464278494385018,0.001073105506096917,0.00031075547693014226,22.870781080906582,2023-10-21,52.496371642571475,0,0,7.612336837167746,2.302585092994046,5.749392985908253,7.612336837167746,2.302585092994046,5.4669771228149395
2023-10-22,DOGEUSDT,0.06119,0.06173,0.05979,0.0617,431537666.0,-2.789206028063219,19.882865355524018,0.03175495012607709,0.028288925590588373,0.008300153436892966,0.02130727235304545,0.014417771673559749,0.0004174525798207928,0.0003260428815549351,22.88259092191265,2023-10-22,52.25165123221379,0,0,7.612336837167746,2.302585092994046,5.749392985908253,7.612336837167746,2.302585092994046,5.4669771228149395
2023-10-23,DOGEUSDT,0.06169,0.0679,0.06131,0.06742,1809514093.0,-2.7849852425763326,21.31632418927706,0.101878165080084,0.04668623546296228,0.08865777889457244,0.008300153436892966,0.03415684883465445,0.004159149490659874,0.001484381407120817,22.93558073035184,2023-10-23,52.98248592164262,0,0,7.612336837167746,2.302585092994046,5.749392985908253,7.612336837167746,2.302585092994046,5.4669771228149395
2023-10-24,DOGEUSDT,0.06742,0.07012,0.06418,0.0666,1893961402.0,-2.6897192444174864,21.361936452410774,0.072791531460569,0.05321255946236396,-0.012237132259570977,0.08865777889457244,0.0349688744639671,0.0005728475172104527,0.0014678002110953825,22.973855636946375,2023-10-24,53.72368926372502,0,0,7.612336837167746,2.302585092994046,5.749392985908253,7.612336837167746,2.302585092994046,5.4669771228149395
2023-10-25,DOGEUSDT,0.0666,0.06978,0.0646,0.06832,1473029982.0,-2.6575472189291034,21.110587328598577,0.072834006015964,0.05811792110076397,0.025497971933970857,-0.012237132259570977,0.03402961734713137,0.001207828637691604,0.001391217007469416,22.980321154810323,2023-10-25,54.18440326360569,0,0,7.612336837167746,2.302585092994046,5.749392985908253,7.612336837167746,2.302585092994046,5.4669771228149395
2023-10-26,DOGEUSDT,0.06832,0.07516,0.06782,0.07185,3074465230.0,-2.662407843223509,21.84639681413789,0.10113955503878597,0.06887332958526947,0.05037806304471937,0.025497971933970857,0.035230914437444444,0.002306012450168314,0.0014092179285880248,23.02981017766498,2023-10-26,54.0835149470385,0,0,7.612336837167746,2.302585092994046,5.749392985908253,7.612336837167746,2.302585092994046,5.4669771228149395
2023-10-27,DOGEUSDT,0.07184,0.07243,0.06716,0.06776,1256624746.0,-2.5881361044368725,20.95169519056112,0.034885845967456725,0.060376458680816286,-0.05860856218123489,0.05037806304471937,0.05092798794551097,0.002797318386325057,0.0014499346422972574,23.01630048732658,2023-10-27,53.952581222027185,0,0,7.612336837167746,2.302585092994046,5.749392985908253,7.612336837167746,2.302585092994046,5.4669771228149395
2023-10-28,DOGEUSDT,0.06776,0.06982,0.0675,0.069,643644405.0,-2.6251347007749026,20.28265696541969,0.03311407551072948,0.053560862888294584,0.01813445425346051,-0.05860856218123489,0.05075001274431471,0.000894086720708155,0.0013622022028285683,22.99881253960292,2023-10-28,54.043721354180676,0,0,7.612336837167746,2.302585092994046,5.749392985908253,7.612336837167746,2.302585092994046,5.4669771228149395
2023-10-29,DOGEUSDT,0.069,0.0702,0.06722,0.06935,485266012.0,-2.661834777305247,20.000207776893,0.03953754359875237,0.05005503306590903,0.005059642163581147,0.01813445425346051,0.037401859255296634,0.00025297948001453985,0.0010043294395832318,23.005565205095444,2023-10-29,54.08367272030527,0,0,7.612336837167746,2.302585092994046,5.749392985908253,7.612336837167746,2.302585092994046,5.4669771228149395
2023-10-30,DOGEUSDT,0.06936,0.0704,0.06771,0.06959,739649062.0,-2.6564069679503715,20.421686391134337,0.03520243754472591,0.04634188418561325,0.0034547320959181327,0.005059642163581147,0.03651852324539059,0.00016916977519632927,0.0010767867131809812,23.009678090282762,2023-10-30,53.9307782971385,0,0,7.612336837167746,2.302585092994046,5.749392985908253,7.612336837167746,2.302585092994046,5.4669771228149395
2023-10-31,DOGEUSDT,0.06958,0.07085,0.06578,0.06827,1281215492.0,-2.65356201581814,20.97107506741512,0.05856325001817375,0.04939722564375337,-0.019150447426569784,0.0034547320959181327,0.036622279242753006,0.0009131838670648683,0.0010869275679274968,22.997359190977342,2023-10-31,53.793138036641466,0,0,7.612336837167746,2.302585092994046,5.749392985908253,7.612336837167746,2.302585092994046,5.4669771228149395
2023-11-01,DOGEUSDT,0.06827,0.06967,0.06548,0.06894,1322729238.0,-2.6471903128454475,21.002963043537633,0.0583746581704495,0.05164158377542741,0.009766129658530444,-0.019150447426569784,0.02820845844181793,0.00046498818468070237,0.0009737152768007441,22.99103088714989,2023-11-01,53.88237222511071,0,0,7.612336837167746,2.3978952727983707,5.755742213586912,7.612336837167746,2.3978952727983707,5.547752499225308
2023-11-02,DOGEUSDT,0.06893,0.07089,0.0666,0.0679,1597197975.0,-2.6639854699401098,21.19151666530881,0.049142736546516394,0.05101687196819965,-0.01520052652406886,0.009766129658530444,0.014552364140305212,0.0007172929981435736,0.00032146087730583646,22.99827424705406,2023-11-02,53.89323162665808,0,0,7.612336837167746,2.3978952727983707,5.755742213586912,7.612336837167746,2.3978952727983707,5.547752499225308
2023-11-03,DOGEUSDT,0.0679,0.06823,0.06621,0.06807,793772413.0,-2.646625899115211,20.492307344622915,0.02905166163468726,0.04552556938482155,0.002500552895209599,-0.01520052652406886,0.011885036031602382,0.00012202397968941902,0.0003196414245659796,22.982968010438118,2023-11-03,53.702554053725635,0,0,7.612336837167746,2.3978952727983707,5.755742213586912,7.612336837167746,2.3978952727983707,5.547752499225308
2023-11-04,DOGEUSDT,0.06808,0.06927,0.0679,0.06908,544148824.0,-2.6848709281548047,20.114733340935214,0.019793030081067274,0.039092434558882984,0.01472866581861767,0.002500552895209599,0.013607044539708001,0.0007322327156405085,0.0003234358237548389,23.00196086432372,2023-11-04,53.48347269351228,0,0,7.612336837167746,2.3978952727983707,5.755742213586912,7.612336837167746,2.3978952727983707,5.547752499225308
2023-11-05,DOGEUSDT,0.06908,0.07175,0.0688,0.07108,1366786320.0,-2.6697433669476234,21.03572806937569,0.0415278340373015,0.03970128442848761,0.028540750007972824,0.01472866581861767,0.018199627037392217,0.0013567750026928292,0.0004160613740597779,23.027923987471073,2023-11-05,53.17015081166751,0,0,7.612336837167746,2.3978952727983707,5.755742213586912,7.612336837167746,2.3978952727983707,5.547752499225308
2023-11-06,DOGEUSDT,0.07108,0.07653,0.07025,0.07637,1891295555.0,-2.6345674243424066,21.360527910020632,0.08547884200131851,0.05114567382169534,0.0717839456138421,0.028540750007972824,0.029738856341996585,0.003360588554563152,0.0011673594933015155,23.067385738748232,2023-11-06,52.67149318568965,0,0,7.612336837167746,2.3978952727983707,5.755742213586912,7.612336837167746,2.3978952727983707,5.547752499225308
2023-11-07,DOGEUSDT,0.07637,0.07648,0.0715,0.07338,2426713501.0,-2.570072458160307,21.609803710163295,0.04250980968848532,0.048986707788392835,-0.039938529973156715,0.0717839456138421,0.03838637446720452,0.0018481671795275607,0.0011471994848084024,23.080284788772545,2023-11-07,52.69107033215475,0,0,7.612336837167746,2.3978952727983707,5.755742213586912,7.612336837167746,2.3978952727983707,5.547752499225308
2023-11-08,DOGEUSDT,0.07338,0.0772,0.07277,0.07534,1394687206.0,-2.570726010238991,21.05593600198793,0.05734731447576961,0.05107685946023703,0.0263597833367591,-0.039938529973156715,0.036548089028342286,0.0012518932112194122,0.0011077363809367672,23.083613930610117,2023-11-08,52.878779565887626,0,0,7.612336837167746,2.3978952727983707,5.755742213586912,7.612336837167746,2.3978952727983707,5.547752499225308
2023-11-09,DOGEUSDT,0.07535,0.07791,0.06779,0.07357,2758797891.0,-2.5613558219514063,21.73806087505831,0.11532456047701384,0.06713878471443123,-0.023773868319722054,0.0263597833367591,0.0400832376200601,0.001093651750096973,0.0009328120657486736,23.0716479619891,2023-11-09,52.796747918385805,0,0,7.612336837167746,2.3978952727983707,5.755742213586912,7.612336837167746,2.3978952727983707,5.547752499225308
2023-11-10,DOGEUSDT,0.07357,0.07559,0.07241,0.07539,1754786161.0,-2.55220096463937,21.28561284085642,0.04248692643256917,0.060975820143965714,0.0244373062794374,-0.023773868319722054,0.04036437095165019,0.0011480668403651268,0.0008679968389746452,23.078636834733164,2023-11-10,52.429816369994356,0,0,7.612336837167746,2.3978952727983707,5.755742213586912,7.612336837167746,2.3978952727983707,5.547752499225308
2023-11-11,DOGEUSDT,0.07539,0.08189,0.07445,0.07849,3940449595.0,-2.5824312796780515,22.094560664152247,0.09241394342283167,0.06883535096368221,0.04029658791511183,0.0244373062794374,0.041448995120626435,0.001823823905242516,0.0008544231798271094,23.11947083084611,2023-11-11,52.43947154643062,0,0,7.612336837167746,2.3978952727983707,5.755742213586912,7.612336837167746,2.3978952727983707,5.547752499225308
2023-11-12,DOGEUSDT,0.0785,0.08038,0.07503,0.07795,2187569963.0,-2.50237839570004,21.50605715877031,0.05793293278645148,0.06610974641937453,-0.006903632634936826,0.04029658791511183,0.031792732649080994,0.0003210087550670105,0.000563011800212607,23.12474201072729,2023-11-12,52.38723374192856,0,0,7.612336837167746,2.3978952727983707,5.755742213586912,7.612336837167746,2.3978952727983707,5.547752499225308
2023-11-13,DOGEUSDT,0.07795,0.07954,0.07341,0.07456,2695984716.0,-2.5209898899610823,21.715029360840937,0.05051917672873395,0.06221210399671438,-0.04446342512644985,-0.006903632634936826,0.03305532695134828,0.0020475876125975435,0.0006095105162165472,23.10633747886343,2023-11-13,52.18455166755111,0,0,7.612336837167746,2.3978952727983707,5.755742213586912,7.612336837167746,2.3978952727983707,5.547752499225308
2023-11-14,DOGEUSDT,0.07456,0.07555,0.0688,0.07244,2213664109.0,-2.5314952392025925,21.517914947437927,0.07334540200467202,0.0649954284987038,-0.028845537362123044,-0.04446342512644985,0.03282109401534208,0.001340535894513218,0.0006097379977004976,23.05916353347689,2023-11-14,52.15946813995934,0,0,7.612336837167746,2.3978952727983707,5.755742213586912,7.612336837167746,2.3978952727983707,5.547752499225308
2023-11-15,DOGEUSDT,0.07244,0.07654,0.07227,0.07623,1242373327.0,-2.5829605902633883,20.94028936063719,0.05732126067880316,0.06307688654372863,0.050996452984969846,-0.028845537362123044,0.03864739243701387,0.0024353270438006057,0.0007505465577753765,23.078793075811216,2023-11-15,52.27972644368544,0,0,7.612336837167746,2.3978952727983707,5.755742213586912,7.612336837167746,2.3978952727983707,5.547752499225308
2023-11-16,DOGEUSDT,0.07623,0.084,0.07593,0.07947,4624288827.0,-2.5699417989845807,22.254588428952285,0.09991694432093515,0.07228690098803026,0.041624505951905574,0.050996452984969846,0.0408676042789799,0.0018703786001161827,0.0007368791830823534,23.1369869866755,2023-11-16,52.35792101185536,0,0,7.612336837167746,2.3978952727983707,5.755742213586912,7.612336837167746,2.3978952727983707,5.547752499225308
2023-11-17,DOGEUSDT,0.07946,0.0876,0.07907,0.08641,5715620063.0,-2.4769384801388235,22.466468625770577,0.10211848890823397,0.07974479796808118,0.08372381790121985,0.041624505951905574,0.05031779807011023,0.003726612281432735,0.0011342423961721267,23.190957750671,2023-11-17,52.46188748318123,0,0,7.612336837167746,2.3978952727983707,5.755742213586912,7.612336837167746,2.3978952727983707,5.547752499225308
2023-11-18,DOGEUSDT,0.08642,0.08663,0.079,0.08028,3816113600.0,-2.4349742810397914,22.062498359481385,0.040824426207233706,0.07001470502786931,-0.0735828859251705,0.08372381790121985,0.06232469579877057,0.0033352018763345612,0.0009101459051252282,23.19152278823027,2023-11-18,52.64992659946755,0,0,7.612336837167746,2.3978952727983707,5.755742213586912,7.612336837167746,2.3978952727983707,5.547752499225308
2023-11-19,DOGEUSDT,0.08027,0.08066,0.07734,0.08046,1736599079.0,-2.4461091030800883,21.275194485244025,0.040918599226721045,0.06274067857758225,0.00223964259350466,-0.0735828859251705,0.05766769441843629,0.00010527013490090647,0.0013330348617748783,23.149670835242798,2023-11-19,52.61878986474427,0,0,7.612336837167746,2.3978952727983707,5.755742213586912,7.612336837167746,2.3978952727983707,5.547752499225308
2023-11-20,DOGEUSDT,0.08045,0.08219,0.07666,0.07768,1894821627.0,-2.517512489536915,21.36239054281827,0.046133122768888375,0.05858878962540878,-0.03516234253857271,0.00223964259350466,0.058627372555366715,0.0016459928708865304,0.0013020733602563624,23.144641903767564,2023-11-20,52.63540325339035,0,0,7.612336837167746,2.3978952727983707,5.755742213586912,7.612336837167746,2.3978952727983707,5.547752499225308
2023-11-21,DOGEUSDT,0.07768,0.07875,0.07063,0.07176,2807234921.0,-2.4987216388217286,21.755465821953567,0.05476204435201111,0.05763210330705937,-0.07927060623252877,-0.03516234253857271,0.06492051408935083,0.003643709901745075,0.0014349385775108449,23.085693204979915,2023-11-21,52.83079701452566,0,0,7.612336837167746,2.3978952727983707,5.755742213586912,7.612336837167746,2.3978952727983707,5.547752499225308
2023-11-22,DOGEUSDT,0.07175,0.0766,0.07153,0.07575,1119488422.0,-2.5414770012763945,20.836137651832587,0.06822947790086516,0.06028144695551081,0.054111226638937734,-0.07927060623252877,0.06707357160514757,0.0025969893049817955,0.001413024872265111,23.07432180240362,2023-11-22,52.797621001671644,0,0,7.612336837167746,2.3978952727983707,5.755742213586912,7.612336837167746,2.3978952727983707,5.547752499225308
2023-11-23,DOGEUSDT,0.07576,0.07638,0.07494,0.0762,613659850.0,-2.569158202235591,20.23495134237412,0.018346163357157608,0.049797626055922514,0.005923018303122071,0.054111226638937734,0.05151234912172501,0.0002927122582557758,0.0015130772572662344,23.09957883532974,2023-11-23,52.61771355536192,0,0,7.612336837167746,2.3978952727983707,5.755742213586912,7.612336837167746,2.3978952727983707,5.547752499225308
2023-11-24,DOGEUSDT,0.07621,0.07866,0.07605,0.07818,883650952.0,-2.572034397184767,20.599572691949128,0.033552591996079024,0.045736367540961644,0.02565239767220807,0.005923018303122071,0.046966556844631434,0.0012452878540647459,0.0013594907098416636,23.11840065405402,2023-11-24,52.648494764184136,0,0,7.612336837167746,2.3978952727983707,5.755742213586912,7.612336837167746,2.3978952727983707,5.547752499225308
2023-11-25,DOGEUSDT,0.07818,0.07916,0.07753,0.07894,651722335.0,-2.5426205119784737,20.29512916261959,0.020240083543958624,0.03936229654171089,0.009674209869892189,0.02565239767220807,0.047274386383340646,0.00047667643760112394,0.0012848652674889297,23.13415267189344,2023-11-25,52.59714379700469,0,0,7.612336837167746,2.3978952727983707,5.755742213586912,7.612336837167746,2.3978952727983707,5.547752499225308
2023-11-26,DOGEUSDT,0.07894,0.07899,0.0755,0.07868,785924906.0,-2.536284158247772,20.482371806389093,0.043206553291034906,0.04032336072904189,-0.0032990767138426683,0.009674209869892189,0.044681510166383435,0.00016106907662000273,0.0014215815609555967,23.129214140872488,2023-11-26,52.5374661334814,0,0,7.612336837167746,2.3978952727983707,5.755742213586912,7.612336837167746,2.3978952727983707,5.547752499225308
2023-11-27,DOGEUSDT,0.07867,0.0817,0.0768,0.07884,2139460195.0,-2.5384340168058093,21.483819388833865,0.0544802635810166,0.04386258644203557,0.0020314887636611583,-0.0032990767138426683,0.02123282028267206,9.455901331571504e-05,0.0009689639599936603,23.140747371456474,2023-11-27,52.67519599681506,0,0,7.612336837167746,2.3978952727983707,5.755742213586912,7.612336837167746,2.3978952727983707,5.547752499225308
2023-11-28,DOGEUSDT,0.07883,0.08121,0.07671,0.08083,1710141271.0,-2.50470127711618,21.259841818668463,0.05587358485496714,0.04686533604526846,0.024927701461233718,0.0020314887636611583,0.012007554001084381,0.0011725252555427987,0.00050947618452616,23.145963999802042,2023-11-28,53.02639433206741,0,0,7.612336837167746,2.3978952727983707,5.755742213586912,7.612336837167746,2.3978952727983707,5.547752499225308
2023-11-29,DOGEUSDT,0.08083,0.08317,0.07959,0.08047,1518465698.0,-2.5107168866878173,21.1409662527975,0.037757647786357415,0.0445884139805407,-0.004463739587711511,0.024927701461233718,0.013509276195530866,0.00021114170158238827,0.0005194675137916587,23.166196714020785,2023-11-29,53.20897712959424,0,0,7.612336837167746,2.3978952727983707,5.755742213586912,7.612336837167746,2.3978952727983707,5.547752499225308
2023-11-30,DOGEUSDT,0.08045,0.08443,0.08039,0.08343,1474563719.0,-2.486868573101541,21.111627999256747,0.04894226672067776,0.04567687716557496,0.036123512755941785,-0.004463739587711511,0.016436458688360033,0.0017110718679399593,0.0006585172496519652,23.180709679862623,2023-11-30,53.1506264673142,0,0,7.612336837167746,2.3978952727983707,5.755742213586912,7.612336837167746,2.3978952727983707,5.547752499225308
2023-12-01,DOGEUSDT,0.08344,0.0851,0.0823,0.08385,1075587047.0,-2.4718324903007285,20.796132439705588,0.030261091318533044,0.04182293070381448,0.0050215313552345806,0.036123512755941785,0.01661085360592223,0.0002414646747318787,0.0006767782569952124,23.19871912863066,2023-12-01,53.166324411763696,0,0,7.612336837167746,2.4849066497880004,5.641907070938114,7.612336837167746,2.4849066497880004,5.608556991531677
2023-12-02,DOGEUSDT,0.08384,0.08663,0.08327,0.08617,1047224679.0,-2.4639282434028087,20.76940933893621,0.03909606220178023,0.04114121357830592,0.027292600982457563,0.0050215313552345806,0.016384836001712776,0.001314076897280482,0.000691224673555666,23.2147551564918,2023-12-02,53.24554054594638,0,0,7.612336837167746,2.4849066497880004,5.641907070938114,7.612336837167746,2.4849066497880004,5.608556991531677
2023-12-03,DOGEUSDT,0.08617,0.08738,0.0836,0.08571,1233031851.0,-2.4461091030800883,20.932741892911764,0.03703217659291671,0.04011395433195862,-0.005352584340884072,0.027292600982457563,0.017785212506135285,0.0002557039287192741,0.0006612418583846733,23.223527021560297,2023-12-03,53.26934389680904,0,0,7.612336837167746,2.4849066497880004,5.641907070938114,7.612336837167746,2.4849066497880004,5.608556991531677
2023-12-04,DOGEUSDT,0.08571,0.0926,0.085,0.09188,2933769955.0,-2.4374888554588474,21.79955410698111,0.08525794445287083,0.05139995186218667,0.06951387291010613,-0.005352584340884072,0.029049356905511733,0.0031887749891106694,0.001183630072115557,23.259187972165794,2023-12-04,53.772479036655646,0,0,7.612336837167746,2.4849066497880004,5.641907070938114,7.612336837167746,2.4849066497880004,5.608556991531677
2023-12-05,DOGEUSDT,0.09188,0.0958,0.08746,0.09435,2544186116.0,-2.3794661373300032,21.65707663855334,0.08685534683080028,0.06026380060434007,0.02652789399366177,0.06951387291010613,0.02615088265632999,0.001224906502220966,0.0010908947645757033,23.297790435521623,2023-12-05,54.599839672393884,0,0,7.612336837167746,2.4849066497880004,5.641907070938114,7.612336837167746,2.4849066497880004,5.608556991531677
2023-12-06,DOGEUSDT,0.09436,0.10645,0.09338,0.09493,5278501455.0,-2.3454925940053224,22.386908079040477,0.12635176937882317,0.07678579279796084,0.006128506079147823,0.02652789399366177,0.026806891203098423,0.0002737540198722474,0.0011450154378767968,23.349584995396285,2023-12-06,54.99023441199857,0,0,7.612336837167746,2.4849066497880004,5.641907070938114,7.612336837167746,2.4849066497880004,5.608556991531677
2023-12-07,DOGEUSDT,0.09493,0.09828,0.09269,0.09593,2842604920.0,-2.2400798876426484,21.76798669407751,0.05339802807447188,0.0709388516170886,0.01047898093614909,0.006128506079147823,0.026221236625166275,0.0004813941263111917,0.001113499067495594,23.33170262886954,2023-12-07,54.58580705562898,0,0,7.612336837167746,2.4849066497880004,5.641907070938114,7.612336837167746,2.4849066497880004,5.608556991531677
2023-12-08,DOGEUSDT,0.09594,0.10385,0.09556,0.10164,2247014999.0,-2.3199347313291585,21.53286850524971,0.08267856697975075,0.07387378045775414,0.057818399622106983,0.01047898093614909,0.030036850021521806,0.0026851229601857676,0.0012875981583034455,23.369989620276836,2023-12-08,54.012599603968454,0,0,7.612336837167746,2.4849066497880004,5.641907070938114,7.612336837167746,2.4849066497880004,5.608556991531677
2023-12-09,DOGEUSDT,0.10165,0.1051,0.0975,0.09846,2400778713.0,-2.2648077286600157,21.599058985423333,0.05397838518365241,0.06889993163922871,-0.03178678412190866,0.057818399622106983,0.036962805730767705,0.0014716744902340778,0.0011710269958108725,23.383978406612563,2023-12-09,53.731553847582674,0,0,7.612336837167746,2.4849066497880004,5.641907070938114,7.612336837167746,2.4849066497880004,5.608556991531677
2023-12-10,DOGEUSDT,0.09846,0.10275,0.09665,0.10186,1337401762.0,-2.2528430010992317,21.013994585064964,0.05986945386039868,0.0666423121945212,0.03394894712640405,-0.03178678412190866,0.030281496462316537,0.0016155399197890815,0.0008690409489398295,23.377375845363577,2023-12-10,53.627610410440326,0,0,7.612336837167746,2.4849066497880004,5.641907070938114,7.612336837167746,2.4849066497880004,5.608556991531677
2023-12-11,DOGEUSDT,0.10186,0.1073,0.09106,0.09413,3926452012.0,-2.275456425605793,22.091002059133146,0.11070196625107022,0.07765722570865846,-0.07892251589732965,0.03394894712640405,0.04874652981632809,0.0035726091413178108,0.0012691660761860843,23.363583834514365,2023-12-11,53.2887011082869,0,0,7.612336837167746,2.4849066497880004,5.641907070938114,7.612336837167746,2.4849066497880004,5.608556991531677
2023-12-12,DOGEUSDT,0.09412,0.09802,0.09122,0.09381,2003591978.0,-2.2321266293454842,21.418207395646547,0.06160614771709878,0.07364445621076854,-0.0034053454212692345,-0.07892251589732965,0.04864687197358289,0.00015899301740636814,0.001295254477615953,23.318809873368096,2023-12-12,53.07083484877134,0,0,7.612336837167746,2.4849066497880004,5.641907070938114,7.612336837167746,2.4849066497880004,5.608556991531677
2023-12-13,DOGEUSDT,0.09381,0.09759,0.0898,0.09642,1654708893.0,-2.3225837395007356,21.226890934835737,0.07996040117889867,0.07522344245280108,0.02744218883961665,-0.0034053454212692345,0.049990009590669356,0.001292803026305699,0.0011846991097017657,23.320071807813548,2023-12-13,53.24715241359531,0,0,7.612336837167746,2.4849066497880004,5.641907070938114,7.612336837167746,2.4849066497880004,5.608556991531677
2023-12-14,DOGEUSDT,0.09643,0.09878,0.09327,0.0983,1405821668.0,-2.3269802498287673,21.063887785875103,0.05596493727547443,0.07040881615846942,0.019310378175644613,0.02744218883961665,0.04322772742551073,0.0009167528032784932,0.0011393975513841782,23.345464392528587,2023-12-14,53.17375117058947,0,0,7.612336837167746,2.4849066497880004,5.641907070938114,7.612336837167746,2.4849066497880004,5.608556991531677
2023-12-15,DOGEUSDT,0.0983,0.09879,0.09232,0.09303,1313568767.0,-2.314860123869658,20.99601351973543,0.02859455134262059,0.05995524995450721,-0.05510200537265362,0.019310378175644613,0.046944084476137404,0.0026244032144892597,0.0012265600958197547,23.333759414933912,2023-12-15,53.059894196267436,0,0,7.612336837167746,2.4849066497880004,5.641907070938114,7.612336837167746,2.4849066497880004,5.608556991531677
2023-12-16,DOGEUSDT,0.09302,0.09728,0.09152,0.09713,1016225212.0,-2.3147588939257546,20.7393608268929,0.06083003590427627,0.060173946441949476,0.0431282656337719,-0.05510200537265362,0.04875609537184,0.00207953687646184,0.0012350063878350187,23.32472746005676,2023-12-16,53.07980771631688,0,0,7.612336837167746,2.4849066497880004,5.641907070938114,7.612336837167746,2.4849066497880004,5.608556991531677
2023-12-17,DOGEUSDT,0.09713,0.09784,0.09238,0.09295,986491713.0,-2.3301618607642802,20.709665482986185,0.026956327849742213,0.05186954179389766,-0.04398857324678604,0.0431282656337719,0.039855514695421264,0.0021240600570262423,0.0009126407349986821,23.327391611554287,2023-12-17,53.01001313830981,0,0,7.612336837167746,2.4849066497880004,5.641907070938114,7.612336837167746,2.4849066497880004,5.608556991531677
2023-12-18,DOGEUSDT,0.09295,0.09378,0.08638,0.09213,1479114802.0,-2.32442178760322,21.11470963902848,0.07385692451921426,0.05736638747522681,-0.008861091046612318,-0.04398857324678604,0.03995329868401441,0.00041966435712823897,0.0008372559674655988,23.287220371389427,2023-12-18,53.27132543771452,0,0,7.612336837167746,2.4849066497880004,5.641907070938114,7.612336837167746,2.4849066497880004,5.608556991531677
2023-12-19,DOGEUSDT,0.09212,0.0935,0.08926,0.09023,884237508.0,-2.3668036653206967,20.600236258723612,0.032108290573306976,0.05105186324974685,-0.020838657114431374,-0.008861091046612318,0.037371578773878734,0.0010115736952097721,0.0008637473061921969,23.287083238680037,2023-12-19,53.57848588960877,0,0,7.612336837167746,2.4849066497880004,5.641907070938114,7.612336837167746,2.4849066497880004,5.608556991531677
2023-12-20,DOGEUSDT,0.09023,0.09334,0.08942,0.0915,1223678648.0,-2.369793842687496,20.925127444082573,0.04075839435239978,0.04847849602541009,0.01397700627506626,-0.020838657114431374,0.036559377154372616,0.0006679532209500986,0.0009040686056765798,23.285694551466595,2023-12-20,53.82423280788073,0,0,7.612336837167746,2.4849066497880004,5.641907070938114,7.612336837167746,2.4849066497880004,5.608556991531677
2023-12-21,DOGEUSDT,0.09151,0.098,0.09063,0.09499,1726958198.0,-2.3715065384604674,21.269627430838273,0.0762299867284598,0.055416368701172516,0.037432650620615474,0.01397700627506626,0.034152363012863646,0.001759910968931353,0.0007408687761702526,23.314100451275163,2023-12-21,53.4373383300781,0,0,7.612336837167746,2.4849066497880004,5.641907070938114,7.612336837167746,2.4849066497880004,5.608556991531677
2023-12-22,DOGEUSDT,0.095,0.09559,0.09195,0.09499,1258416466.0,-2.322787800311565,20.95311999449241,0.03608012850670574,0.05058230865255582,0.0,0.037432650620615474,0.028148179441363136,0.0,0.0008109385813276752,23.321195463040393,2023-12-22,52.942166160063955,0,0,7.612336837167746,2.4849066497880004,5.641907070938114,7.612336837167746,2.4849066497880004,5.608556991531677
2023-12-23,DOGEUSDT,0.09498,0.095,0.09204,0.09346,649710275.0,-2.347687066906466,20.292037090717237,0.022092231716453,0.04345978941853012,-0.01623808562981105,0.0,0.021762416618296292,0.0008002195914198925,0.0005941356254281349,23.31632141404402,2023-12-23,52.63087085702222,0,0,7.612336837167746,2.4849066497880004,5.641907070938114,7.612336837167746,2.4849066497880004,5.608556991531677
2023-12-24,DOGEUSDT,0.09346,0.09492,0.09026,0.09171,1078125456.0,-2.353878387381596,20.79848968114043,0.03654515106157111,0.041731129829290364,-0.018902112701427325,-0.01623808562981105,0.023014323195926566,0.0009088214092087323,0.0005683716050251355,23.302890820788647,2023-12-24,52.27501452501979,0,0,7.612336837167746,2.4849066497880004,5.641907070938114,7.612336837167746,2.4849066497880004,5.608556991531677
2023-12-25,DOGEUSDT,0.09172,0.09544,0.09124,0.09435,794322702.0,-2.354720847414574,20.493000362335554,0.044329717573777336,0.042380776765412104,0.02837984724370636,-0.018902112701427325,0.023197762698656983,0.001384855645436194,0.000607608521347294,23.30897177606606,2023-12-25,52.11307881446344,0,0,7.612336837167746,2.4849066497880004,5.641907070938114,7.612336837167746,2.4849066497880004,5.608556991531677
2023-12-26,DOGEUSDT,0.09436,0.09445,0.087,0.09135,1045263091.0,-2.3492575011924766,20.76753445239901,0.06356520901751797,0.04767688482843857,-0.03231298899054357,0.02837984724370636,0.02782540193928825,0.001555937661478677,0.0006410755203222804,23.294396163302146,2023-12-26,51.93869023817534,0,0,7.612336837167746,2.4849066497880004,5.641907070938114,7.612336837167746,2.4849066497880004,5.608556991531677
2023-12-27,DOGEUSDT,0.09135,0.09386,0.08956,0.09365,697904313.0,-2.3596846850346185,20.363592563936763,0.04642050789887777,0.04736279059604837,0.024866146066081698,-0.03231298899054357,0.024719202130366623,0.0012211080136281457,0.000557049202726706,23.297235500881353,2023-12-27,51.633078035799265,0,0,7.612336837167746,2.4849066497880004,5.641907070938114,7.612336837167746,2.4849066497880004,5.608556991531677
2023-12-28,DOGEUSDT,0.09365,0.09493,0.09107,0.09174,896005552.0,-2.3659509686158655,20.613457167348578,0.027718279068289033,0.04245166271410854,-0.020605939721071526,0.024866146066081698,0.025734987346001936,0.0009996353136586442,0.0002925671257408783,23.305829147590714,2023-12-28,51.3035439207465,0,0,7.612336837167746,2.4849066497880004,5.641907070938114,7.612336837167746,2.4849066497880004,5.608556991531677
2023-12-29,DOGEUSDT,0.09174,0.093,0.08843,0.09097,676368690.0,-2.3546155010884298,20.33224888473932,0.041568880641533794,0.04223096719596485,-0.008428707335055503,-0.020605939721071526,0.025295351864209028,0.0004145486995972097,0.00040446189114782014,23.286813453331654,2023-12-29,51.29403544772309,0,0,7.612336837167746,2.4849066497880004,5.641907070938114,7.612336837167746,2.4849066497880004,5.608556991531677
2023-12-30,DOGEUSDT,0.09096,0.0914,0.0892,0.09,348435520.0,-2.375155785828881,19.668963749525457,0.017088843191515737,0.03594543619485257,-0.010720111503705438,-0.008428707335055503,0.02457395281563371,0.0005450267558688279,0.00045899425405321716,23.278853142572817,2023-12-30,51.306564770515344,0,0,7.612336837167746,2.4849066497880004,5.641907070938114,7.612336837167746,2.4849066497880004,5.608556991531677
2023-12-31,DOGEUSDT,0.09,0.09089,0.08808,0.08955,385427628.0,-2.3925098005220327,19.7698639979346,0.02580605507866255,0.03341059091580506,-0.005012541823544175,-0.010720111503705438,0.019202929860320263,0.00025354457795298167,0.0005088853471649573,23.270422876978763,2023-12-31,51.514493342733154,0,0,7.612336837167746,2.4849066497880004,5.641907070938114,7.612336837167746,2.4849066497880004,5.608556991531677
2024-01-01,DOGEUSDT,0.08956,0.09207,0.08847,0.09199,506560988.0,-2.398105294851458,20.043155285065634,0.03975198286706635,0.034995938903620384,0.02688274698234516,-0.005012541823544175,0.019842266796517124,0.0013412432623508025,0.0004521559012321724,23.28013932595885,2024-01-01,51.76101463191927,0,0,7.6128310304073565,0.0,5.777652323222656,7.6128310304073565,0.0,5.509681891107495
2024-01-02,DOGEUSDT,0.092,0.09438,0.09035,0.0911,881934936.0,-2.3852061216823826,20.597628842542537,0.03555494490741986,0.03513569040457025,-0.009722071223153314,0.02688274698234516,0.016284188807813092,0.0004719995343868541,0.0004129731086973366,23.296493686723952,2024-01-02,52.2121330157416,0,0,7.6128310304073565,0.0,5.777652323222656,7.6128310304073565,0.0,5.509681891107495
2024-01-03,DOGEUSDT,0.09109,0.09213,0.075,0.08201,1959750401.0,-2.3604260926838956,21.39608295565102,0.14036391005830337,0.06144274531800353,-0.10511661321759277,-0.009722071223153314,0.04468275844752647,0.004912890524656988,0.0017992281322741755,23.2215180916495,2024-01-03,52.685695642693005,0,0,7.6128310304073565,0.0,5.777652323222656,7.6128310304073565,0.0,5.509681891107495
2024-01-04,DOGEUSDT,0.082,0.08467,0.08093,0.08401,1144911613.0,-2.3845546558612964,20.85859327708655,0.0440244772689741,0.057088178305746175,0.024094648328435938,-0.10511661321759277,0.04802381831299642,0.0011551425356619923,0.00174913001855276,23.193211575205275,2024-01-04,52.695151986214654,0,0,7.6128310304073565,0.0,5.777652323222656,7.6128310304073565,0.0,5.509681891107495
2024-01-05,DOGEUSDT,0.08401,0.08483,0.08046,0.08267,1109914047.0,-2.4689939313279514,20.827548414137265,0.041032281336802534,0.053074204063510266,-0.016079060112171643,0.024094648328435938,0.0480168401143076,0.0007720092539195609,0.0017280574020619103,23.19491874725927,2024-01-05,52.929854053810686,0,0,7.6128310304073565,0.0,5.777652323222656,7.6128310304073565,0.0,5.509681891107495
2024-01-06,DOGEUSDT,0.08267,0.08268,0.07833,0.08058,979471694.0,-2.4671060251624937,20.702523896513743,0.039162665057961156,0.04959631931212299,-0.02560629950138299,-0.016079060112171643,0.04796830504546705,0.0012368684914642234,0.001631924234815652,23.171305230969804,2024-01-06,53.34338017949551,0,0,7.6128310304073565,0.0,5.777652323222656,7.6128310304073565,0.0,5.509681891107495
2024-01-07,DOGEUSDT,0.08058,0.08148,0.07701,0.07824,927733107.0,-2.4927775441685696,20.648254649170084,0.036670721087692974,0.046364919756015484,-0.029469454036639194,-0.02560629950138299,0.042752078308163494,0.0014272128340795942,0.0016290633694323584,23.149501063468335,2024-01-07,53.73175885024739,0,0,7.6128310304073565,0.0,5.777652323222656,7.6128310304073565,0.0,5.509681891107495
2024-01-08,DOGEUSDT,0.07822,0.08177,0.07412,0.0813,1392075761.0,-2.507397687623532,21.054061823383346,0.09663229348779394,0.058931763188960096,0.03836499082720285,-0.029469454036639194,0.05044946105956828,0.0018222132692986303,0.0015213876942565133,23.143644788249386,2024-01-08,54.234038959246185,0,0,7.6128310304073565,0.0,5.777652323222656,7.6128310304073565,0.0,5.509681891107495
2024-01-09,DOGEUSDT,0.0813,0.08399,0.07642,0.07923,2205553399.0,-2.5038448508082514,21.51424428895954,0.0728691943378292,0.06241612097617737,-0.025791001576614354,0.03836499082720285,0.029332752255330396,0.0011987872420807975,0.0003455434245572295,23.161802529736985,2024-01-09,54.38425984187473,0,0,7.6128310304073565,0.0,5.777652323222656,7.6128310304073565,0.0,5.509681891107495
2024-01-10,DOGEUSDT,0.07922,0.08501,0.07579,0.08307,1240032433.0,-2.4770575348446013,20.938403371866464,0.11026247155499239,0.07437770862088113,0.0473286108738298,-0.025791001576614354,0.035038867300952216,0.0022603734407668397,0.0005222873907607874,23.16886279272912,2024-01-10,53.57094520622144,0,0,7.6128310304073565,0.0,5.777652323222656,7.6128310304073565,0.0,5.509681891107495
2024-01-11,DOGEUSDT,0.08307,0.088,0.08197,0.08456,1520441570.0,-2.4649863823528695,21.142266636194677,0.06713496524150514,0.07256702277603713,0.017777715711001906,0.0473286108738298,0.03502017453575729,0.0008408613899782723,0.0005047985857702477,23.211289703246067,2024-01-11,52.74672312759958,0,0,7.6128310304073565,0.0,5.777652323222656,7.6128310304073565,0.0,5.509681891107495
2024-01-12,DOGEUSDT,0.08456,0.08544,0.0778,0.08007,1117173897.0,-2.430418464503931,20.834068027100685,0.05801779762696803,0.06892971648876986,-0.05456008947743966,0.017777715711001906,0.041307689767475,0.0026187919424314355,0.0006688364841421028,23.18225133979059,2024-01-12,51.93603774335898,0,0,7.6128310304073565,0.0,5.777652323222656,7.6128310304073565,0.0,5.509681891107495
2024-01-13,DOGEUSDT,0.08007,0.08138,0.07861,0.08092,451114051.0,-2.4599409037702524,19.927230750197673,0.0330902702140908,0.059969854920100096,0.010559760215002253,-0.05456008947743966,0.03896754508640168,0.0005299160905685554,0.0008231288043545253,23.160595279965882,2024-01-13,51.27706883634606,0,0,7.6128310304073565,0.0,5.777652323222656,7.6128310304073565,0.0,5.509681891107495
2024-01-14,DOGEUSDT,0.08094,0.08396,0.07964,0.08003,923333159.0,-2.508625736408593,20.64350067966887,0.044879458151358666,0.05619725572791474,-0.011059447920589988,0.010559760215002253,0.03575060560135784,0.0005357351009503001,0.0009004488266189332,23.171834984741974,2024-01-14,51.00764094501852,0,0,7.6128310304073565,0.0,5.777652323222656,7.6128310304073565,0.0,5.509681891107495
2024-01-15,DOGEUSDT,0.08002,0.08178,0.07987,0.08108,423589779.0,-2.4774147840297047,19.864276042505235,0.023288647308285663,0.047970103623007465,0.013034757204844327,-0.011059447920589988,0.034198776724670435,0.0006561909015436947,0.0009426114254499147,23.165891428493502,2024-01-15,51.09429731489681,0,0,7.6128310304073565,0.0,5.777652323222656,7.6128310304073565,0.0,5.509681891107495
2024-01-16,DOGEUSDT,0.08108,0.08258,0.07986,0.08134,582449257.0,-2.5037225640456406,20.182752627163268,0.02987237222528989,0.04344567077357807,0.0032015788952792154,0.013034757204844327,0.026955537614878698,0.00015862944735151345,0.0008758846728815937,23.17232901840937,2024-01-16,51.108772303758684,0,0,7.6128310304073565,0.0,5.777652323222656,7.6128310304073565,0.0,5.509681891107495
2024-01-17,DOGEUSDT,0.08134,0.0816,0.07935,0.08059,478700611.0,-2.493987758524193,19.986585930735433,0.02175571923683663,0.03802318288939271,-0.009263328142658551,0.0032015788952792154,0.02486442429077834,0.00046347726293830785,0.0008934938263129885,23.167116429059625,2024-01-17,51.07891490638852,0,0,7.6128310304073565,0.0,5.777652323222656,7.6128310304073565,0.0,5.509681891107495
2024-01-18,DOGEUSDT,0.0806,0.08081,0.0769,0.07808,621337144.0,-2.505926017012076,20.247384397570105,0.029063006056553497,0.03578313868118291,-0.03164063023158293,-0.009263328142658551,0.016705376827323745,0.0015627021056300058,0.00047681620198187504,23.14631316814848,2024-01-18,51.09653581671745,0,0,7.6128310304073565,0.0,5.777652323222656,7.6128310304073565,0.0,5.509681891107495
2024-01-19,DOGEUSDT,0.07808,0.07884,0.07484,0.07857,766708753.0,-2.515654558736781,20.45761756492411,0.05065257755541365,0.0395004983997406,0.006256005082893137,-0.03164063023158293,0.01602364153770855,0.00030580320817119274,0.0004965773842375691,23.126957975857874,2024-01-19,51.09008321563275,0,0,7.6128310304073565,0.0,5.777652323222656,7.6128310304073565,0.0,5.509681891107495
2024-01-20,DOGEUSDT,0.07856,0.09058,0.07821,0.08777,1655077344.0,-2.5403347966976177,21.2271135782182,0.1463559859140538,0.06621437027831889,0.11072980941629595,0.006256005082893137,0.049288701726783485,0.005216432700954653,0.0019370079786332893,23.203777220123648,2024-01-20,51.16751364866206,0,0,7.6128310304073565,0.0,5.777652323222656,7.6128310304073565,0.0,5.509681891107495
2024-01-21,DOGEUSDT,0.08777,0.09046,0.08468,0.08546,2294800965.0,-2.4015218408540693,21.55391195120785,0.048185916812668775,0.06170725691190636,-0.02667132638814743,0.11072980941629595,0.052244497864633054,0.0012374239278941104,0.0019070393878945695,23.242920630612957,2024-01-21,51.16512979800409,0,0,7.6128310304073565,0.0,5.777652323222656,7.6128310304073565,0.0,5.509681891107495
2024-01-22,DOGEUSDT,0.08547,0.08559,0.08012,0.08057,1591848689.0,-2.4028475149324398,21.188161875253588,0.021323662801369107,0.05161135838427205,-0.05892205842677418,-0.02667132638814743,0.05925412634899388,0.002780895236391004,0.001839994934113338,23.194008389211916,2024-01-22,51.223430844975084,0,0,7.6128310304073565,0.0,5.777652323222656,7.6128310304073565,0.0,5.509681891107495
2024-01-23,DOGEUSDT,0.08057,0.08189,0.076,0.07821,1285716152.0,-2.4581868250886187,20.97458171678182,0.05372879958276532,0.052140718683895367,-0.029728855175584542,-0.05892205842677418,0.06036316853852635,0.0014173753535117414,0.0017258369726003019,23.147302262937362,2024-01-23,51.49776852444739,0,0,7.6128310304073565,0.0,5.777652323222656,7.6128310304073565,0.0,5.509681891107495
2024-01-24,DOGEUSDT,0.07821,0.08066,0.07754,0.07904,688387053.0,-2.50237839570004,20.349861814745367,0.037170640061459134,0.04839819902828631,0.010556536826092387,-0.029728855175584542,0.05908257559239977,0.0005187522609339389,0.0018382037192233426,23.143931697670247,2024-01-24,51.78597437920621,0,0,7.6128310304073565,0.0,5.777652323222656,7.6128310304073565,0.0,5.509681891107495
2024-01-25,DOGEUSDT,0.07905,0.07925,0.07711,0.07795,487927595.0,-2.517512489536915,20.00567758190773,0.01839525240694707,0.0408974623729515,-0.013886457935826787,0.010556536826092387,0.05936645133131927,0.0006941258489732484,0.0017760954556006196,23.137444806604595,2024-01-25,51.848332416299485,0,0,7.6128310304073565,0.0,5.777652323222656,7.6128310304073565,0.0,5.509681891107495
2024-01-26,DOGEUSDT,0.07795,0.08035,0.07753,0.07985,438354293.0,-2.535147866224747,19.898538029494883,0.03525200226112214,0.039486097344994156,0.024082279157235823,-0.013886457935826787,0.02986846734821085,0.0012102536940924772,0.0007994563902624769,23.144867394543848,2024-01-26,52.09595430696568,0,0,7.6128310304073565,0.0,5.777652323222656,7.6128310304073565,0.0,5.509681891107495
2024-01-27,DOGEUSDT,0.07985,0.0807,0.07902,0.08014,330227896.0,-2.5213631867986153,19.61529356801393,0.019230696160246374,0.03442224704880721,0.0036252305469770215,0.024082279157235823,0.030214156939186217,0.00018481653279401214,0.0009242670198018393,23.157953814273306,2024-01-27,52.326986859231134,0,0,7.6128310304073565,0.0,5.777652323222656,7.6128310304073565,0.0,5.509681891107495
2024-01-28,DOGEUSDT,0.08014,0.08149,0.07818,0.07882,405942847.0,-2.517016703706234,19.82172293672089,0.029909563059320795,0.033294076051435605,-0.016608333441140904,0.0036252305469770215,0.019882874778284577,0.0008378854600158398,0.00045143995263660164,23.154837412797836,2024-01-28,52.37140159894701,0,0,7.6128310304073565,0.0,5.777652323222656,7.6128310304073565,0.0,5.509681891107495
2024-01-29,DOGEUSDT,0.07883,0.08306,0.07816,0.08135,1259643662.0,-2.5072749656500086,20.954094709975585,0.0593271816238071,0.03980235244452848,0.03159406189818929,-0.016608333441140904,0.019560925412976417,0.001507775083365847,0.000476553602538421,23.16359948091145,2024-01-29,52.44260452932147,0,0,7.6128310304073565,0.0,5.777652323222656,7.6128310304073565,0.0,5.509681891107495
2024-01-30,DOGEUSDT,0.08137,0.08219,0.07939,0.07972,609381172.0,-2.4881920407795297,20.22795452807535,0.021206894571395213,0.035153487976245165,-0.02024033832045288,0.03159406189818929,0.022169322532231257,0.0010006122117963208,0.0004545967058236309,23.167742621245996,2024-01-30,52.419953743756494,0,0,7.6128310304073565,0.0,5.777652323222656,7.6128310304073565,0.0,5.509681891107495
2024-01-31,DOGEUSDT,0.07971,0.08028,0.078,0.07875,492930215.0,-2.4987216388217286,20.015878170263434,0.020318028428320586,0.03144462308926402,-0.012242217638851513,-0.02024033832045288,0.021951249633605587,0.0006116253074041562,0.0004634452786166941,23.149454923302194,2024-01-31,52.56519230902577,0,0,7.6128310304073565,0.0,5.777652323222656,7.6128310304073565,0.0,5.509681891107495
2024-02-01,DOGEUSDT,0.07874,0.07986,0.07728,0.07937,423161080.0,-2.5222347550539994,19.8632634683057,0.031036575185803546,0.0313426111133989,0.007842185397041672,-0.012242217638851513,0.019504603948780976,0.0003948085071496359,0.0004710116031756927,23.144422066363834,2024-02-01,52.73878830924852,0,0,7.6128310304073565,0.6931471805599453,5.6240175061873385,7.6128310304073565,0.6931471805599453,5.356351522119788
2024-02-02,DOGEUSDT,0.07937,0.07996,0.07858,0.07928,338158394.0,-2.5274801773470617,19.639024964980397,0.014752953112150607,0.02719519661308683,-0.0011345730810515282,0.007842185397041672,0.019374987013081407,5.777135489540128e-05,0.0005035686171062952,23.150496162772754,2024-02-02,52.68376579783307,0,0,7.6128310304073565,0.6931471805599453,5.6240175061873385,7.6128310304073565,0.6931471805599453,5.356351522119788
2024-02-03,DOGEUSDT,0.07928,0.07951,0.07853,0.07874,181709999.0,-2.5262287693499377,19.017922562121964,0.007830193270042824,0.02235394577732583,-0.006834604506141117,-0.0011345730810515282,0.018259545521088147,0.0003593770288955542,0.0005215991698145325,23.147020405420307,2024-02-03,52.612690174788206,0,0,7.6128310304073565,0.6931471805599453,5.6240175061873385,7.6128310304073565,0.6931471805599453,5.356351522119788
2024-02-04,DOGEUSDT,0.07874,0.07998,0.07775,0.07831,263166434.0,-2.531872479068745,19.388297218887608,0.023079410028718883,0.022535311840174092,-0.0054759767527452,-0.006834604506141117,0.009563234336720714,0.0002824372192628983,0.00032325483362984704,23.1435207917707,2024-02-04,52.596111273436435,0,0,7.6128310304073565,0.6931471805599453,5.6240175061873385,7.6128310304073565,0.6931471805599453,5.356351522119788
2024-02-05,DOGEUSDT,0.07831,0.08031,0.07735,0.07835,432182668.0,-2.525978675563465,19.88435889942824,0.03324908747873121,0.025213755749813372,0.0005106600391835751,-0.0054759767527452,0.006921516683713313,2.5681493769369593e-05,0.00022049080095214976,23.141657223128167,2024-02-05,52.57978775267453,0,0,7.6128310304073565,0.6931471805599453,5.6240175061873385,7.6128310304073565,0.6931471805599453,5.356351522119788
2024-02-06,DOGEUSDT,0.07835,0.07923,0.07773,0.07849,294603685.0,-2.521861132781766,19.501141570400655,0.017052375349080974,0.02317341064963027,0.0017852593366925603,0.0005106600391835751,0.005312446325367208,9.154640154001414e-05,0.0001627899795465267,23.13955312068651,2024-02-06,52.54139668265641,0,0,7.6128310304073565,0.6931471805599453,5.6240175061873385,7.6128310304073565,0.6931471805599453,5.356351522119788
2024-02-07,DOGEUSDT,0.07848,0.08032,0.07816,0.08013,389072392.0,-2.5354002640049864,19.77927598195507,0.027082584048683557,0.02415070399939359,0.020679087651256967,0.0017852593366925603,0.009939030517974875,0.00104549264948438,0.0003837511240375988,23.15056143510914,2024-02-07,52.608212035142884,0,0,7.6128310304073565,0.6931471805599453,5.6240175061873385,7.6128310304073565,0.6931471805599453,5.356351522119788
2024-02-08,DOGEUSDT,0.08013,0.08087,0.07935,0.07987,447795104.0,-2.521736623038718,19.919846328616725,0.015437580016453826,0.02197242300365865,-0.0032500028606817512,0.020679087651256967,0.010091292995141327,0.00016315401268998837,0.00037211212122725265,23.161358275340096,2024-02-08,52.89907269340757,0,0,7.6128310304073565,0.6931471805599453,5.6240175061873385,7.6128310304073565,0.6931471805599453,5.356351522119788
2024-02-09,DOGEUSDT,0.07986,0.08222,0.07986,0.08155,665001847.0,-2.5149123518744063,20.31530037605988,0.029123479834657122,0.023760187211408268,0.020816016137725213,-0.0032500028606817512,0.011832174316591358,0.0010246472241313936,0.0004696754045297857,23.17095963002759,2024-02-09,53.3520152943143,0,0,7.6128310304073565,0.6931471805599453,5.6240175061873385,7.6128310304073565,0.6931471805599453,5.356351522119788
2024-02-10,DOGEUSDT,0.08154,0.08214,0.0803,0.08142,367774924.0,-2.4983566975124045,19.722981689452443,0.019451360181376564,0.022682980453900343,-0.0015953859921899634,0.020816016137725213,0.011177595044629436,8.088969595520905e-05,0.0004898705630460289,23.177587777109174,2024-02-10,53.577132652736026,0,0,7.6128310304073565,0.6931471805599453,5.6240175061873385,7.6128310304073565,0.6931471805599453,5.356351522119788
2024-02-11,DOGEUSDT,0.08141,0.08358,0.08075,0.08123,639653927.0,-2.4993301704537245,20.2764378490034,0.030893254114445216,0.02473554886903656,-0.002336306011970429,-0.0015953859921899634,0.011536886962904077,0.00011522270476543589,0.0004771950952133032,23.182310664070197,2024-02-11,53.800195771858334,0,0,7.6128310304073565,0.6931471805599453,5.6240175061873385,7.6128310304073565,0.6931471805599453,5.356351522119788
2024-02-12,DOGEUSDT,0.08123,0.08287,0.07946,0.08223,797306560.0,-2.4819510219623675,20.496749805207596,0.03993523982296249,0.028535471607518043,0.012235561919941709,-0.002336306011970429,0.011559167984752951,0.0005969513233182476,0.00045150259031472316,23.17882041870042,2024-02-12,53.921353287957544,0,0,7.6128310304073565,0.6931471805599453,5.6240175061873385,7.6128310304073565,0.6931471805599453,5.356351522119788
2024-02-13,DOGEUSDT,0.08223,0.08297,0.07968,0.08105,738029583.0,-2.490482164121186,20.419494467127205,0.029991813274083054,0.028899557024159295,-0.014453950801119001,0.012235561919941709,0.012560077328981846,0.0007078505701690131,0.0003870087056771214,23.179713760886056,2024-02-13,53.83235211784603,0,0,7.6128310304073565,0.6931471805599453,5.6240175061873385,7.6128310304073565,0.6931471805599453,5.356351522119788
2024-02-14,DOGEUSDT,0.08105,0.087,0.08047,0.0855,1497064357.0,-2.489276182305943,21.126771932107793,0.07721910187353968,0.04097944323650439,0.05345012776102946,-0.014453950801119001,0.024014796537190634,0.0025299713525944617,0.0009020137771370892,23.204163752192375,2024-02-14,53.95776128284089,0,0,7.6128310304073565,0.6931471805599453,5.6240175061873385,7.6128310304073565,0.6931471805599453,5.356351522119788
2024-02-15,DOGEUSDT,0.08549,0.08824,0.08392,0.08528,1428000130.0,-2.4418471603275536,21.079540791900214,0.04344240513221983,0.04159518371043325,-0.002576415525180228,0.05345012776102946,0.02406996520952018,0.0001222235128656224,0.00094002096537594,23.231010108082927,2024-02-15,53.861844309772906,0,0,7.6128310304073565,0.6931471805599453,5.6240175061873385,7.6128310304073565,0.6931471805599453,5.356351522119788
2024-02-16,DOGEUSDT,0.08527,0.08799,0.08392,0.08591,807216742.0,-2.42769490403689,20.509102767621094,0.04314064108154884,0.041981548053212144,0.007360276232430759,-0.002576415525180228,0.023670941297012416,0.00035887850950022313,0.000910244889289167,23.2318605115214,2024-02-16,53.8322600539723,0,0,7.6128310304073565,0.6931471805599453,5.6240175061873385,7.6128310304073565,0.6931471805599453,5.356351522119788
2024-02-17,DOGEUSDT,0.08591,0.08606,0.08192,0.08356,647757981.0,-2.4305321073246677,20.28902769844213,0.03207291369489684,0.03950438946363332,-0.027735299961600193,0.007360276232430759,0.027972502150913316,0.0013670098130789095,0.0008818249353254314,23.215043742265863,2024-02-17,53.81604871274305,0,0,7.6128310304073565,0.6931471805599453,5.6240175061873385,7.6128310304073565,0.6931471805599453,5.356351522119788
2024-02-18,DOGEUSDT,0.08355,0.08572,0.08282,0.08517,526443268.0,-2.4527105515716836,20.081654130646104,0.033585913463646325,0.03802477046363657,0.019084322464624413,-0.027735299961600193,0.028476051403811504,0.0009503361795032766,0.0008654057317377481,23.21418974210381,2024-02-18,53.58714776269324,0,0,7.6128310304073565,0.6931471805599453,5.6240175061873385,7.6128310304073565,0.6931471805599453,5.356351522119788
2024-02-19,DOGEUSDT,0.08516,0.09084,0.08502,0.08942,1424055062.0,-2.4566691083767607,21.076774316323473,0.06601715352454203,0.04502286622886294,0.04869511165284505,0.019084322464624413,0.031024619159209607,0.0023103683192703646,0.0009928710204662329,23.25226335561849,2024-02-19,53.169667105950616,0,0,7.6128310304073565,0.6931471805599453,5.6240175061873385,7.6128310304073565,0.6931471805599453,5.356351522119788
2024-02-20,DOGEUSDT,0.08942,0.09155,0.0826,0.08615,1744290957.0,-2.3986555617447793,21.2796139816603,0.0758960486307421,0.05274116182933273,-0.03725440783189594,0.04869511165284505,0.03144460126245142,0.0017507088175567193,0.0008338092473372085,23.251273976609923,2024-02-20,53.037395761188435,0,0,7.6128310304073565,0.6931471805599453,5.6240175061873385,7.6128310304073565,0.6931471805599453,5.356351522119788
2024-02-21,DOGEUSDT,0.08615,0.08627,0.08196,0.08457,757871134.0,-2.390870007861617,20.446023921238094,0.04042672855247079,0.049662553510117245,-0.018510369179807765,-0.03725440783189594,0.03248914026171666,0.0009053285495073842,0.0006910984520317701,23.219325301945396,2024-02-21,53.131618180821576,0,0,7.6128310304073565,0.6931471805599453,5.6240175061873385,7.6128310304073565,0.6931471805599453,5.356351522119788
2024-02-22,DOGEUSDT,0.08457,0.08551,0.08302,0.0841,645334349.0,-2.4502733658936497,20.285279110995084,0.02378540202573095,0.04319326563902067,-0.0055730268152286485,-0.018510369179807765,0.03222013458505709,0.0002747325676287067,0.0007138564140977845,23.214009058306125,2024-02-22,52.98692927473791,0,0,7.6128310304073565,0.6931471805599453,5.6240175061873385,7.6128310304073565,0.6931471805599453,5.356351522119788
2024-02-23,DOGEUSDT,0.08409,0.08553,0.08285,0.08451,791686167.0,-2.459121950814273,20.489675617461543,0.028900944799731643,0.039620185429198415,0.0048633035774887185,-0.0055730268152286485,0.02999786668250312,0.0002373538590012696,0.0008208594366408491,23.2130646648262,2024-02-23,52.885304200441325,0,0,7.6128310304073565,0.6931471805599453,5.6240175061873385,7.6128310304073565,0.6931471805599453,5.356351522119788
2024-02-24,DOGEUSDT,0.08451,0.08637,0.08386,0.08615,657921980.0,-2.4588880873894468,20.304596910830874,0.029155879511753698,0.03700410894983724,0.019220092417547793,0.0048633035774887185,0.03001348337137302,0.000946588228367903,0.0008209714729757425,23.224728005452615,2024-02-24,52.803211773476136,0,0,7.6128310304073565,0.6931471805599453,5.6240175061873385,7.6128310304073565,0.6931471805599453,5.356351522119788
2024-02-25,DOGEUSDT,0.08616,0.08682,0.08521,0.08612,493056846.0,-2.449114885689943,20.01613503164774,0.0161436226946831,0.031788987386048705,-0.00034829047777634986,0.019220092417547793,0.019591364382046998,1.7400486019187213e-05,0.0006429653809676588,23.235012863422476,2024-02-25,52.54970541331389,0,0,7.6128310304073565,0.6931471805599453,5.6240175061873385,7.6128310304073565,0.6931471805599453,5.356351522119788
2024-02-26,DOGEUSDT,0.08613,0.09,0.08415,0.08923,1088385979.0,-2.4439182691106898,20.807961682577968,0.0657052859396979,0.040268062024461,0.03547563341589783,-0.00034829047777634986,0.019077436435838393,0.0017049067062441185,0.0006279306923841326,23.2502711201044,2024-02-26,52.59926761191464,0,0,7.6128310304073565,0.6931471805599453,5.6240175061873385,7.6128310304073565,0.6931471805599453,5.356351522119788
2024-02-27,DOGEUSDT,0.08923,0.10066,0.08844,0.09758,4473045916.0,-2.4079456086518722,22.22133542649087,0.12835206489096854,0.062289062741087885,0.08945524847563104,0.03547563341589783,0.035418657303437524,0.004025646828092435,0.0015155705200717371,23.323419005056344,2024-02-27,53.345351052614596,0,0,7.6128310304073565,0.6931471805599453,5.6240175061873385,7.6128310304073565,0.6931471805599453,5.356351522119788
2024-02-28,DOGEUSDT,0.09759,0.12333,0.09417,0.11585,8260903846.0,-2.2960067776339232,22.834799842948083,0.26559284909853303,0.11311500933044917,0.1716236964906941,0.08945524847563104,0.0663491672215584,0.007515883549279083,0.0028901207883757756,23.459748072343643,2024-02-28,54.445904557444216,0,0,7.6128310304073565,0.6931471805599453,5.6240175061873385,7.6128310304073565,0.6931471805599453,5.356351522119788
2024-02-29,DOGEUSDT,0.11585,0.135,0.11132,0.11732,8825589402.0,-2.0928915894042404,22.90092122529761,0.17775902003271904,0.12927601200601663,0.012608993230865036,0.1716236964906941,0.06528313844884999,0.0005505889089272292,0.0028455555681020403,23.56779521431379,2024-02-29,54.79335613848391,0,0,7.6128310304073565,0.6931471805599453,5.6240175061873385,7.6128310304073565,0.6931471805599453,5.356351522119788
2024-03-01,DOGEUSDT,0.11732,0.14561,0.11704,0.13934,6695199430.0,-2.0024805005437076,22.624656603547315,0.218175162489033,0.1515007996267707,0.17201174549272255,0.012608993230865036,0.0773694585624594,0.007602844476576625,0.003384016075181644,23.64719834880887,2024-03-01,54.44502748435666,0,0,7.6128310304073565,1.0986122886681098,5.442417710521793,7.6128310304073565,1.0986122886681098,5.231844393163622
2024-03-02,DOGEUSDT,0.13934,0.151,0.13579,0.14196,5215907888.0,-1.926823464259324,22.37497900190563,0.09838148437313747,0.1382209708133624,0.018628338176322964,0.17201174549272255,0.07372319655570773,0.0008325522081936447,0.0032255380088210567,23.73680672236758,2024-03-02,53.85923514733999,0,0,7.6128310304073565,1.0986122886681098,5.442417710521793,7.6128310304073565,1.0986122886681098,5.231844393163622
2024-03-03,DOGEUSDT,0.14195,0.15629,0.12356,0.15347,6113745846.0,-1.8904754421672127,22.533805490365555,0.22954794294394495,0.16105271384600806,0.07795978040870771,0.018628338176322964,0.0701655578898051,0.003459681075264443,0.003084336649085929,23.750567170733763,2024-03-03,53.78203801206723,0,0,7.6128310304073565,1.0986122886681098,5.442417710521793,7.6128310304073565,1.0986122886681098,5.231844393163622
2024-03-04,DOGEUSDT,0.15346,0.18518,0.14424,0.18196,8109722728.0,-1.8560420231280348,22.81632951558669,0.24766510428091645,0.18270581145473516,0.17028177451479992,0.07795978040870771,0.0773439519889138,0.007463153720604975,0.0033942215572460156,23.896132459673243,2024-03-04,54.36905676743879,0,0,7.6128310304073565,1.0986122886681098,5.442417710521793,7.6128310304073565,1.0986122886681098,5.231844393163622
2024-03-05,DOGEUSDT,0.18197,0.20637,0.126,0.15304,12530493898.0,-1.6864269539622359,23.251431022316176,0.365434791863914,0.22838805655702987,-0.17308755756980584,0.17028177451479992,0.1282255120226981,0.007444167948358984,0.00338188014774405,23.89906003920455,2024-03-05,54.49707898581738,0,0,7.6128310304073565,1.0986122886681098,5.442417710521793,7.6128310304073565,1.0986122886681098,5.231844393163622
2024-03-06,DOGEUSDT,0.15304,0.17981,0.1461,0.15784,5625446879.0,-1.5780846047761046,22.450566227036852,0.19249371849326932,0.21941447204108974,0.03088253658236255,-0.17308755756980584,0.12747721109509946,0.001375579407220973,0.0031980999728226547,23.852609312643185,2024-03-06,53.893197479523856,0,0,7.6128310304073565,1.0986122886681098,5.442417710521793,7.6128310304073565,1.0986122886681098,5.231844393163622
2024-03-07,DOGEUSDT,0.15784,0.1623,0.14637,0.15764,4138356351.0,-1.7158545411385908,22.143564529284983,0.09205884440851146,0.18757556513294518,-0.001267909387556961,0.03088253658236255,0.11295792542978163,5.725859474341378e-05,0.0033082642066257703,23.831663708290247,2024-03-07,53.48004347433904,0,0,7.6128310304073565,1.0986122886681098,5.442417710521793,7.6128310304073565,1.0986122886681098,5.231844393163622
2024-03-08,DOGEUSDT,0.15762,0.176,0.155,0.16457,4842302475.0,-1.8183088044615916,22.300656162532235,0.12254969181788194,0.17131909680417937,0.04302205928048841,-0.001267909387556961,0.11331266585782436,0.0019291835615478708,0.0031625682585083603,23.87757427388173,2024-03-08,53.410321892098054,0,0,7.6128310304073565,1.0986122886681098,5.442417710521793,7.6128310304073565,1.0986122886681098,5.231844393163622
2024-03-09,DOGEUSDT,0.16456,0.18486,0.16288,0.17875,3903293224.0,-1.7372712839439852,22.085086450173304,0.1252153302114024,0.15979315515598513,0.0826521699668256,0.04302205928048841,0.1137696106032388,0.003742442672945798,0.003161781261770248,23.935087634370582,2024-03-09,53.3729828608626,0,0,7.6128310304073565,1.0986122886681098,5.442417710521793,7.6128310304073565,1.0986122886681098,5.231844393163622
2024-03-10,DOGEUSDT,0.17875,0.17965,0.16526,0.16997,2311878295.0,-1.6881564971455054,21.561326145800045,0.05122916196422709,0.13265215685804563,-0.05036623068485689,0.0826521699668256,0.0909497306966684,0.002335952359529044,0.0025682900001172313,23.93880048534584,2024-03-10,53.565038949844364,0,0,7.6128310304073565,1.0986122886681098,5.442417710521793,7.6128310304073565,1.0986122886681098,5.231844393163622
2024-03-11,DOGEUSDT,0.16998,0.18315,0.15986,0.182,3021515629.0,-1.7167447654226093,21.829024406348903,0.1345781716237992,0.13313366054948403,0.06838473618753521,-0.05036623068485689,0.048672250474093286,0.0031327435855376903,0.0013074009790683871,23.94006104336843,2024-03-11,53.70060672514067,0,0,7.6128310304073565,1.0986122886681098,5.442417710521793,7.6128310304073565,1.0986122886681098,5.231844393163622
2024-03-12,DOGEUSDT,0.182,0.1835,0.155,0.16816,2760068984.0,-1.6974497897573135,21.73852151056602,0.12029688429490147,0.12992446648583839,-0.07909077994815428,0.06838473618753521,0.06554987969081043,0.003638277787645869,0.0013823850959991271,23.930856957916987,2024-03-12,53.66884743360082,0,0,7.6128310304073565,1.0986122886681098,5.442417710521793,7.6128310304073565,1.0986122886681098,5.231844393163622
2024-03-13,DOGEUSDT,0.16817,0.17444,0.16481,0.16897,2005346358.0,-1.695540611487512,21.419082629918044,0.05081172585851517,0.11014628132900758,0.004805277243917467,-0.07909077994815428,0.06537745224049131,0.0002243456139996157,0.0013244658572906444,23.912253201278542,2024-03-13,53.66060651334868,0,0,7.6128310304073565,1.0986122886681098,5.442417710521793,7.6128310304073565,1.0986122886681098,5.231844393163622
2024-03-14,DOGEUSDT,0.16895,0.19289,0.165,0.17719,7417977435.0,-1.7461744360075713,22.727172274084136,0.1496063456857275,0.12001129741818756,0.047501418797419453,0.004805277243917467,0.06583246324558464,0.0020900716650784344,0.0013121575161318595,23.952246103198082,2024-03-14,53.5110582638263,0,0,7.6128310304073565,1.0986122886681098,5.442417710521793,7.6128310304073565,1.0986122886681098,5.231844393163622
2024-03-15,DOGEUSDT,0.1772,0.18142,0.151,0.16357,4217464611.0,-1.6456352007459882,22.16249998135927,0.13081804036828346,0.12271298315571152,-0.0799815698995437,0.047501418797419453,0.06454832570262801,0.0036088694852483096,0.0012883350060104981,23.907805923852326,2024-03-15,53.41726092064235,0,0,7.6128310304073565,1.0986122886681098,5.442417710521793,7.6128310304073565,1.0986122886681098,5.231844393163622
2024-03-16,DOGEUSDT,0.16358,0.16524,0.138,0.14253,3166192692.0,-1.706940493795339,21.875795659471667,0.08550587741551836,0.11341120672066324,-0.1376885294034946,-0.0799815698995437,0.0817309489122791,0.006294103837264495,0.0020008129351684833,23.807846946779364,2024-03-16,53.34060121230416,0,0,7.6128310304073565,1.0986122886681098,5.442417710521793,7.6128310304073565,1.0986122886681098,5.231844393163622
2024-03-17,DOGEUSDT,0.14253,0.15936,0.1366,0.15428,2846386007.0,-1.8003563164535732,21.769315958829473,0.14957547428335574,0.12245227361133637,0.07921662947308737,-0.1376885294034946,0.08439752262610306,0.0036389122020601523,0.0020098448264211964,23.779729631767594,2024-03-17,53.48406391533801,0,0,7.6128310304073565,1.0986122886681098,5.442417710521793,7.6128310304073565,1.0986122886681098,5.231844393163622
2024-03-18,DOGEUSDT,0.15428,0.15432,0.14,0.14353,2116020884.0,-1.8365894851458489,21.472803220458978,0.04943542479357105,0.10419806140689504,-0.07222506075673811,0.07921662947308737,0.08360157764089568,0.0033635599420909846,0.0020023207917975266,23.77864104980066,2024-03-18,53.6653650317126,0,0,7.6128310304073565,1.0986122886681098,5.442417710521793,7.6128310304073565,1.0986122886681098,5.231844393163622
2024-03-19,DOGEUSDT,0.14352,0.14517,0.1252,0.12881,4709278496.0,-1.8687269103846633,22.272800547678,0.074656729145796,0.09681272834162027,-0.10820562217529227,-0.07222506075673811,0.08779179139499863,0.004858195624913141,0.0014375044456568572,23.692177863920282,2024-03-19,53.87847508223942,0,0,7.6128310304073565,1.0986122886681098,5.442417710521793,7.6128310304073565,1.0986122886681098,5.231844393163622
2024-03-20,DOGEUSDT,0.12879,0.15327,0.12253,0.15209,4788948000.0,-1.9298498095088001,22.289576600031186,0.22298333083638042,0.1283553789653103,0.1661340004762808,-0.10820562217529227,0.12022238647883267,0.007453439042715973,0.0016779604249578257,23.71801537250907,2024-03-20,53.90283398331866,0,0,7.6128310304073565,1.0986122886681098,5.442417710521793,7.6128310304073565,1.0986122886681098,5.231844393163622
2024-03-21,DOGEUSDT,0.15209,0.15998,0.14649,0.15537,3475754499.0,-1.875554206971321,21.96907741440998,0.08162849576522954,0.1166736581652901,0.021336918219632503,0.1661340004762808,0.1181297781534409,0.0009712250458745787,0.0023032870722379637,23.815838380925626,2024-03-21,53.58276010086534,0,0,7.6128310304073565,1.0986122886681098,5.442417710521793,7.6128310304073565,1.0986122886681098,5.231844393163622
2024-03-22,DOGEUSDT,0.15536,0.165,0.14528,0.15292,3644351433.0,-1.8327064715614612,22.016444253241687,0.10535919823317152,0.11384504318226046,-0.01589446027569782,0.021336918219632503,0.1006811301541309,0.0007219358445384536,0.00251494025879387,23.823429320159637,2024-03-22,53.247292031718175,0,0,7.6128310304073565,1.0986122886681098,5.442417710521793,7.6128310304073565,1.0986122886681098,5.231844393163622
2024-03-23,DOGEUSDT,0.15294,0.175,0.15164,0.1619,3445544497.0,-1.8018098050815563,21.960347783204337,0.14093975863768074,0.12061872204611554,0.05706395185537735,-0.01589446027569782,0.09808389446326773,0.0025984994599685196,0.0025392967467907923,23.859736446732683,2024-03-23,53.25045164200157,0,0,7.6128310304073565,1.0986122886681098,5.442417710521793,7.6128310304073565,1.0986122886681098,5.231844393163622
2024-03-24,DOGEUSDT,0.16191,0.18,0.16097,0.17651,3007181093.0,-1.742969305058623,21.82426896295053,0.11122753826935144,0.11827092610192452,0.08639867130859825,0.05706395185537735,0.0933893702886632,0.003958834610005539,0.0025525671856537857,23.91756643578142,2024-03-24,53.37660508691623,0,0,7.6128310304073565,1.0986122886681098,5.442417710521793,7.6128310304073565,1.0986122886681098,5.231844393163622
2024-03-25,DOGEUSDT,0.17651,0.18726,0.17,0.17526,2860835588.0,-1.7147984280919266,21.77437958274305,0.08283745021004123,0.1094125571289537,-0.007106946364482981,0.08639867130859825,0.06822937456726114,0.0003263903036812806,0.002710010147455955,23.959425895696924,2024-03-25,53.6501124382782,0,0,7.6128310304073565,1.0986122886681098,5.442417710521793,7.6128310304073565,1.0986122886681098,5.231844393163622
2024-03-26,DOGEUSDT,0.17526,0.18707,0.174,0.1823,2942951273.0,-1.6752572534713939,21.802678749145965,0.07112938330359868,0.09984176367261495,0.03938309605691269,-0.007106946364482981,0.03888278152193763,0.0018063420788812644,0.0013630755195446465,23.97423187835083,2024-03-26,53.77593488691251,0,0,7.6128310304073565,1.0986122886681098,5.442417710521793,7.6128310304073565,1.0986122886681098,5.231844393163622
2024-03-27,DOGEUSDT,0.18231,0.19185,0.1787,0.19047,4365126606.0,-1.6762724006213239,22.19691303062834,0.06998130423144494,0.09237664881232245,0.04384102016585093,0.03938309605691269,0.03894255187887214,0.0019750953704849427,0.0013118816603254228,24.0075266026723,2024-03-27,53.893255151275326,0,0,7.6128310304073565,1.0986122886681098,5.442417710521793,7.6128310304073565,1.0986122886681098,5.231844393163622
2024-03-28,DOGEUSDT,0.19048,0.22888,0.1892,0.22001,6581610023.0,-1.6510414622891758,22.60754523669981,0.18969203861221257,0.11670549626229498,0.14417829801432125,0.04384102016585093,0.05094831462432126,0.006377441535769675,0.002095631041298373,24.115626862805232,2024-03-28,53.985948156910524,0,0,7.6128310304073565,1.0986122886681098,5.442417710521793,7.6128310304073565,1.0986122886681098,5.231844393163622
2024-03-29,DOGEUSDT,0.22002,0.22494,0.20636,0.213,3515455224.0,-1.4745574302402822,21.98043486278507,0.06274163617857859,0.10321453124136588,-0.032380834155364496,0.14417829801432125,0.06369129330544562,0.0014731662206641904,0.0021706300210420216,24.160257103401182,2024-03-29,53.815665007486984,0,0,7.6128310304073565,1.0986122886681098,5.442417710521793,7.6128310304073565,1.0986122886681098,5.231844393163622
2024-03-30,DOGEUSDT,0.213,0.21692,0.19611,0.19912,2521998974.0,-1.4919215790062614,21.648317667669073,0.05565615320074176,0.09132493673120985,-0.06738450765008852,-0.032380834155364496,0.07413351741197888,0.0031126902646446603,0.0020949821947538285,24.113195247268074,2024-03-30,53.72095795807247,0,0,7.6128310304073565,1.0986122886681098,5.442417710521793,7.6128310304073565,1.0986122886681098,5.231844393163622
2024-03-31,DOGEUSDT,0.19913,0.2243,0.19908,0.22,2325500500.0,-1.528226657009277,21.56720112163593,0.11925730907244447,0.09830802981651851,0.09971988829302506,-0.06738450765008852,0.07896644021845597,0.00462368240230242,0.001926163570921783,24.13357065082412,2024-03-31,53.67304209733653,0,0,7.6128310304073565,1.0986122886681098,5.442417710521793,7.6128310304073565,1.0986122886681098,5.231844393163622
2024-04-01,DOGEUSDT,0.22,0.22003,0.19709,0.20503,3456154163.0,-1.4947708374559745,21.96342229424288,0.06601707388354347,0.09023529083327475,-0.07047123645740622,0.09971988829302506,0.09045188073476998,0.003208572667469876,0.0018001051597645828,24.132782616343416,2024-04-01,53.78433041910359,0,0,7.6128310304073565,1.3862943611198906,5.5909869805108565,7.6128310304073565,1.3862943611198906,5.271552291264663
2024-04-02,DOGEUSDT,0.20502,0.20517,0.18,0.18248,3974417546.0,-1.5139913782900873,22.10314404500806,0.043320543012141624,0.07850660387799147,-0.1165157319188227,-0.07047123645740622,0.10445732110442524,0.005271455123378136,0.0017581594076251932,24.046492762279296,2024-04-02,53.92700211342913,0,0,7.6128310304073565,1.3862943611198906,5.5909869805108565,7.6128310304073565,1.3862943611198906,5.271552291264663
2024-04-03,DOGEUSDT,0.18249,0.1875,0.17002,0.17522,3549429233.0,-1.5839163752040226,21.990052648070716,0.06915763208804397,0.0761693609305046,-0.04059825073791495,-0.1165157319188227,0.07360383342599183,0.0018462098016612438,0.0014914024419842953,23.969301925686658,2024-04-03,53.928211052639675,0,0,7.6128310304073565,1.3862943611198906,5.5909869805108565,7.6128310304073565,1.3862943611198906,5.271552291264663
2024-04-04,DOGEUSDT,0.17521,0.18837,0.17189,0.17998,2343983176.0,-1.6739764335716716,21.575117531161016,0.0866624996416833,0.07879264560829927,0.026803406367584704,-0.04059825073791495,0.07831276535275537,0.0012423295645491827,0.0015484754070906799,23.969511538523182,2024-04-04,54.31622816525159,0,0,7.6128310304073565,1.3862943611198906,5.5909869805108565,7.6128310304073565,1.3862943611198906,5.271552291264663
2024-04-05,DOGEUSDT,0.17997,0.18076,0.16733,0.1772,2083599146.0,-1.6693471651880092,21.45736259396769,0.06716898753936462,0.07588673109106561,-0.015566695434821937,0.026803406367584704,0.07593166727181824,0.0007254710529614765,0.0018567850250118345,23.956633381172466,2024-04-05,54.521765116544515,0,0,7.6128310304073565,1.3862943611198906,5.5909869805108565,7.6128310304073565,1.3862943611198906,5.271552291264663
2024-04-06,DOGEUSDT,0.17719,0.18785,0.1764,0.18577,1865317107.0,-1.7105850944390582,21.346696906151635,0.062492812775839346,0.07253825151225904,0.0472303112323322,-0.015566695434821937,0.06101630665805279,0.0022125348685079933,0.0016360456047961798,23.987011061957517,2024-04-06,54.56219078515021,0,0,7.6128310304073565,1.3862943611198906,5.5909869805108565,7.6128310304073565,1.3862943611198906,5.271552291264663
2024-04-07,DOGEUSDT,0.18576,0.2052,0.18544,0.19887,3025519000.0,-1.6721115069621593,21.83034848396066,0.10098660721737963,0.07965034043853919,0.06814199551809715,0.0472303112323322,0.06768134167037532,0.0031214341616288394,0.001627988551286043,24.050884815112454,2024-04-07,54.46333663024238,0,0,7.6128310304073565,1.3862943611198906,5.5909869805108565,7.6128310304073565,1.3862943611198906,5.271552291264663
2024-04-08,DOGEUSDT,0.19887,0.21,0.19551,0.2026,1955830692.0,-1.5837701656855225,21.394080846530443,0.06708496809997815,0.07650899735389893,0.018582246893173147,0.06814199551809715,0.04001253109689878,0.0008685695368953744,0.0009109753935996663,24.08970872714521,2024-04-08,54.27299386126787,0,0,7.6128310304073565,1.3862943611198906,5.5909869805108565,7.6128310304073565,1.3862943611198906,5.271552291264663
2024-04-09,DOGEUSDT,0.20261,0.20346,0.18496,0.18912,2177727783.0,-1.5606477482646683,21.501547868797438,0.04925769354671569,0.06969617140210313,-0.06885185759684957,0.018582246893173147,0.04888634261174393,0.0032021814437260044,0.0011100475272964104,24.058396598655815,2024-04-09,54.121681938655826,0,0,7.6128310304073565,1.3862943611198906,5.5909869805108565,7.6128310304073565,1.3862943611198906,5.271552291264663
2024-04-10,DOGEUSDT,0.18915,0.2028,0.18006,0.19971,2910595316.0,-1.5922858536165347,21.791623473152026,0.11570735976717698,0.08119896849337159,0.05448458006298851,-0.06885185759684957,0.05170575077720303,0.0025002533716735353,0.0010804253675323608,24.045565805311362,2024-04-10,54.39959025921142,0,0,7.6128310304073565,1.3862943611198906,5.5909869805108565,7.6128310304073565,1.3862943611198906,5.271552291264663
2024-04-11,DOGEUSDT,0.19971,0.20358,0.18974,0.1938,2177813466.0,-1.5955350072651089,21.501587213161372,0.04935081455152157,0.07323693000790908,-0.030039614824056066,0.05448458006298851,0.05384124075382532,0.0013970882487069824,0.0009337404385428577,24.06581723628705,2024-04-11,54.498641597191245,0,0,7.6128310304073565,1.3862943611198906,5.5909869805108565,7.6128310304073565,1.3862943611198906,5.271552291264663
2024-04-12,DOGEUSDT,0.19382,0.2013,0.16059,0.17403,3925158745.0,-1.5916962309579432,22.09067263194891,0.15385650269598466,0.09339182317992797,-0.10759900131058324,-0.030039614824056066,0.06995344226264548,0.004870788821294959,0.00142997605435601,23.990358642450506,2024-04-12,55.24756677121995,0,0,7.6128310304073565,1.3862943611198906,5.5909869805108565,7.6128310304073565,1.3862943611198906,5.271552291264663
2024-04-13,DOGEUSDT,0.17403,0.17586,0.13024,0.15254,5355470940.0,-1.6029589463363911,22.40138448095687,0.2212496388895577,0.1253562771073354,-0.13180084140999002,-0.10759900131058324,0.07236273646213756,0.005883602485463888,0.0019560655854080206,23.847850422275293,2024-04-13,56.09270151457314,0,0,7.6128310304073565,1.3862943611198906,5.5909869805108565,7.6128310304073565,1.3862943611198906,5.271552291264663
2024-04-14,DOGEUSDT,0.15254,0.16505,0.14369,0.16212,4301028374.0,-1.7380670550312811,22.1821199877967,0.13467257969756521,0.12768535275489284,0.060909945024015186,-0.13180084140999002,0.08122814536530551,0.002745902783752151,0.0016500316001982647,23.834335762809296,2024-04-14,55.99195262854041,0,0,7.6128310304073565,1.3862943611198906,5.5909869805108565,7.6128310304073565,1.3862943611198906,5.271552291264663
2024-04-15,DOGEUSDT,0.1621,0.169,0.15027,0.16123,4241463339.0,-1.801506820682935,22.168174173770254,0.1011500126116295,0.121051517719077,-0.0055048847844591875,0.060909945024015186,0.08039600644952088,0.0002483237790044368,0.002109477827475052,23.864906699868005,2024-04-15,55.517078248382724,0,0,7.6128310304073565,1.3862943611198906,5.5909869805108565,7.6128310304073565,1.3862943611198906,5.271552291264663
2024-04-16,DOGEUSDT,0.16123,0.16247,0.14628,0.156,2835718778.0,-1.7778565640590636,21.7655612792044,0.08405039919493272,0.11180123808804093,-0.032975909726111405,-0.0055048847844591875,0.07001443540181108,0.0015150498212797192,0.0021875454525718107,23.838219172867245,2024-04-16,55.625243458251845,0,0,7.6128310304073565,1.3862943611198906,5.5909869805108565,7.6128310304073565,1.3862943611198906,5.271552291264663
2024-04-17,DOGEUSDT,0.156,0.15873,0.14431,0.14756,2144894019.0,-1.817261909640478,21.486355979714148,0.05819833582377249,0.09840051252197382,-0.05562113452106215,-0.032975909726111405,0.0699800961225057,0.0025886722985310104,0.0020891115397079683,23.806731341086856,2024-04-17,55.55245237591248,0,0,7.6128310304073565,1.3862943611198906,5.5909869805108565,7.6128310304073565,1.3862943611198906,5.271552291264663
2024-04-18,DOGEUSDT,0.14755,0.15381,0.14083,0.15221,2200135595.0,-1.8405506333979869,21.51178482950229,0.08535548546266762,0.09513925575714727,0.03102627356310068,-0.05562113452106215,0.06821197108810756,0.0014422919255193444,0.001929802561645071,23.786483361570262,2024-04-18,55.47352080848435,0,0,7.6128310304073565,1.3862943611198906,5.5909869805108565,7.6128310304073565,1.3862943611198906,5.271552291264663
2024-04-19,DOGEUSDT,0.15222,0.15722,0.139,0.15633,2707121648.0,-1.8720372045184182,21.71915178487697,0.12106038039293057,0.1016195369160931,0.026708011297657368,0.03102627356310068,0.043582121297206095,0.0012296986347438365,0.0009254180629806719,23.803849318549,2024-04-19,55.602205286853966,0,0,7.6128310304073565,1.3862943611198906,5.5909869805108565,7.6128310304073565,1.3862943611198906,5.271552291264663
2024-04-20,DOGEUSDT,0.15632,0.165,0.1502,0.1626,1817384243.0,-1.8501091806165266,21.320664075109804,0.09081101276069763,0.09891740587724424,0.03932403952447735,0.026708011297657368,0.03855462585768208,0.0018444096950237618,0.0007673661340541608,23.85213722642573,2024-04-20,55.350529745356404,0,0,7.6128310304073565,1.3862943611198906,5.5909869805108565,7.6128310304073565,1.3862943611198906,5.271552291264663
2024-04-21,DOGEUSDT,0.16259,0.16586,0.15505,0.15825,1328449014.0,-1.8018098050815563,21.007277943805157,0.048083737669173426,0.08620898882522654,-0.02711713608942456,0.03932403952447735,0.040201445430978165,0.001290844828252541,0.0005071253566777323,23.86339936352549,2024-04-21,55.092981186132405,0,0,7.6128310304073565,1.3862943611198906,5.5909869805108565,7.6128310304073565,1.3862943611198906,5.271552291264663
2024-04-22,DOGEUSDT,0.15823,0.16343,0.15647,0.1612,1361190385.0,-1.7966112199590794,21.031625436945742,0.04171757242339553,0.07508613472476879,0.018469769048242355,-0.02711713608942456,0.03798240180280725,0.0008781902808043055,0.0005996814441821759,23.85967027997142,2024-04-22,55.229555143858505,0,0,7.6128310304073565,1.3862943611198906,5.5909869805108565,7.6128310304073565,1.3862943611198906,5.271552291264663
2024-04-23,DOGEUSDT,0.16121,0.163,0.15682,0.15979,1070377335.0,-1.8113705148771706,20.791277072786706,0.03073763257590256,0.06399900918755223,-0.008785376921230912,0.018469769048242355,0.025765389108787454,0.00042255109633115894,0.00048778709192024734,23.862169541338908,2024-04-23,55.033469008060706,0,0,7.6128310304073565,1.3862943611198906,5.5909869805108565,7.6128310304073565,1.3862943611198906,5.271552291264663
2024-04-24,DOGEUSDT,0.15979,0.1645,0.14934,0.15139,1835449856.0,-1.8140050781753747,21.33055544154134,0.06108047001766117,0.06326937439507947,-0.054001164527509665,-0.008785376921230912,0.03556575505731783,0.0025316342406322056,0.0007402512064076289,23.836940016514,2024-04-24,54.89106460132967,0,0,7.6128310304073565,1.3862943611198906,5.5909869805108565,7.6128310304073565,1.3862943611198906,5.271552291264663
2024-04-25,DOGEUSDT,0.15139,0.15446,0.14743,0.15127,1163088346.0,-1.8048447087767103,20.87434467148433,0.04020829683544472,0.05750410500517078,-0.0007929690496795188,-0.054001164527509665,0.03297379610911017,3.798773385028774e-05,0.0009218166614671405,23.80330236701974,2024-04-25,54.880714242614346,0,0,7.6128310304073565,1.3862943611198906,5.5909869805108565,7.6128310304073565,1.3862943611198906,5.271552291264663
2024-04-26,DOGEUSDT,0.15126,0.15178,0.14683,0.148,899940448.0,-1.8678201158410193,20.61783915021044,0.018700537087521767,0.047803213025758524,-0.021854045809992822,-0.0007929690496795188,0.024790340127388264,0.001059958109614497,0.0008601963914247638,23.792464477299777,2024-04-26,54.94338522737996,0,0,7.6128310304073565,1.3862943611198906,5.5909869805108565,7.6128310304073565,1.3862943611198906,5.271552291264663
2024-04-27,DOGEUSDT,0.14802,0.14972,0.14233,0.14776,894496218.0,-1.8853231750063704,20.61177123284374,0.04522933247095533,0.04715974288705772,-0.001622937873130525,-0.021854045809992822,0.024622265891285817,7.873839927664544e-05,0.0009282578747171595,23.776060333714874,2024-04-27,54.723734124701714,0,0,7.6128310304073565,1.3862943611198906,5.5909869805108565,7.6128310304073565,1.3862943611198906,5.271552291264663
2024-04-28,DOGEUSDT,0.14776,0.15109,0.146,0.1467,568872733.0,-1.8989883959459088,20.159167299234912,0.0286539078102561,0.04253328411785732,-0.007199650742048535,-0.001622937873130525,0.02022524243774064,0.00035714028437681445,0.0009475638005934974,23.78166768221609,2024-04-28,54.373394809671126,0,0,7.6128310304073565,1.3862943611198906,5.5909869805108565,7.6128310304073565,1.3862943611198906,5.271552291264663
2024-04-29,DOGEUSDT,0.14671,0.14809,0.13959,0.14342,1220801011.0,-1.8898795932303876,20.922773046639602,0.04358890887636524,0.0427971903074843,-0.022612296694507303,-0.007199650742048535,0.02006562866899952,0.0010807504647735522,0.0009404238510661004,23.758697167930737,2024-04-29,54.632201638834644,0,0,7.6128310304073565,1.3862943611198906,5.5909869805108565,7.6128310304073565,1.3862943611198906,5.271552291264663
2024-04-30,DOGEUSDT,0.14343,0.14601,0.12916,0.13339,1665323124.0,-1.909935081932725,21.233285010018438,0.07458668420179536,0.05074456378106207,-0.07250022030147596,-0.022612296694507303,0.026943605492739876,0.0034144608461323055,0.0012670481780754689,23.712960657856257,2024-04-30,54.898805229859725,0,0,7.6128310304073565,1.3862943611198906,5.5909869805108565,7.6128310304073565,1.3862943611198906,5.271552291264663
2024-05-01,DOGEUSDT,0.13337,0.13395,0.1201,0.13021,3172868480.0,-1.9240801664686644,21.877901898956292,0.0945734816014203,0.06170179323615163,-0.024128636412315864,-0.07250022030147596,0.025043828377258444,0.0011028770731194724,0.0011758287843759581,23.64828460437836,2024-05-01,54.39801745270985,0,0,7.6128310304073565,1.6094379124341003,5.673323267171493,7.6128310304073565,1.6094379124341003,5.371082171806837
2024-05-02,DOGEUSDT,0.13021,0.13446,0.12407,0.13189,1666903290.0,-2.0102886829915194,21.234233424635047,0.07439987900443229,0.0648763146782218,0.012819710097156642,-0.024128636412315864,0.0295129521285108,0.0006037284153749466,0.0011998310135550557,23.653852380875733,2024-05-02,54.088058006592405,0,0,7.6128310304073565,1.6094379124341003,5.673323267171493,7.6128310304073565,1.6094379124341003,5.371082171806837
2024-05-03,DOGEUSDT,0.13189,0.14799,0.13113,0.14604,1484934698.0,-2.0064885219412463,21.118636633823396,0.12063822125493398,0.07881679132239985,0.10191231494964258,0.012819710097156642,0.05818803936465037,0.004825705215573473,0.001801144877022285,23.72236776361216,2024-05-03,54.444284421279875,0,0,7.6128310304073565,1.6094379124341003,5.673323267171493,7.6128310304073565,1.6094379124341003,5.371082171806837
2024-05-04,DOGEUSDT,0.14604,0.17,0.14572,0.16012,3320985724.0,-1.9106105750683804,21.92352748062657,0.1536847518424381,0.09753378145240942,0.09204297733693678,0.10191231494964258,0.06941921126560148,0.004198365314079749,0.001826644551451194,23.833032523486427,2024-05-04,54.88411611032582,0,0,7.6128310304073565,1.6094379124341003,5.673323267171493,7.6128310304073565,1.6094379124341003,5.371082171806837
2024-05-05,DOGEUSDT,0.16012,0.16349,0.15454,0.16098,1670385631.0,-1.7719568419318752,21.23632035348437,0.05119347897572903,0.08594870583323933,0.0053565995412149115,0.09204297733693678,0.06732913201290958,0.0002522376500284816,0.001983395868723353,23.860559817826566,2024-05-05,54.93664841506807,0,0,7.6128310304073565,1.6094379124341003,5.673323267171493,7.6128310304073565,1.6094379124341003,5.371082171806837
2024-05-06,DOGEUSDT,0.161,0.16915,0.15399,0.15648,2267601007.0,-1.811003452594816,21.541988284496174,0.07314991615343118,0.08274900841328729,-0.028351927379080637,0.0053565995412149115,0.05690169586126091,0.0013161239809737337,0.001953421594307962,23.86280929124193,2024-05-06,54.81877250015424,0,0,7.6128310304073565,1.6094379124341003,5.673323267171493,7.6128310304073565,1.6094379124341003,5.371082171806837
2024-05-07,DOGEUSDT,0.15649,0.15992,0.14924,0.14999,1298799353.0,-1.7769693837554197,20.9847061000407,0.041669879131477856,0.07247922609283493,-0.04235958107923909,-0.028351927379080637,0.06052430888554323,0.002018593011372074,0.001899671655098892,23.823133620850513,2024-05-07,54.89298388271275,0,0,7.6128310304073565,1.6094379124341003,5.673323267171493,7.6128310304073565,1.6094379124341003,5.371082171806837
2024-05-08,DOGEUSDT,0.14999,0.152,0.14206,0.14324,1301147548.0,-1.8330815887899923,20.98651244126835,0.036737270933835775,0.06354373730308514,-0.04604708007703616,-0.04235958107923909,0.06703637958443953,0.002194127309427942,0.0017358761879320253,23.775936680744575,2024-05-08,54.85968106842743,0,0,7.6128310304073565,1.6094379124341003,5.673323267171493,7.6128310304073565,1.6094379124341003,5.371082171806837
2024-05-09,DOGEUSDT,0.14323,0.15423,0.14311,0.1522,1204735659.0,-1.8838747581358606,20.909526009699402,0.07475719046682831,0.06634710059402094,0.060673900297353575,-0.04604708007703616,0.05764709502024816,0.0029017348489491575,0.0013473613392422665,23.784795977883196,2024-05-09,54.806077572548745,0,0,7.6128310304073565,1.6094379124341003,5.673323267171493,7.6128310304073565,1.6094379124341003,5.371082171806837
2024-05-10,DOGEUSDT,0.1522,0.15387,0.14224,0.14389,1163562851.0,-1.869310284246614,20.874752558156118,0.04047497008108606,0.059879067965787215,-0.056146326652259375,0.060673900297353575,0.04399371478303051,0.002689676272609136,0.0009781147542111414,23.784350613721685,2024-05-10,54.778798003251296,0,0,7.6128310304073565,1.6094379124341003,5.673323267171493,7.6128310304073565,1.6094379124341003,5.371082171806837
2024-05-11,DOGEUSDT,0.14389,0.14626,0.14247,0.14306,461844106.0,-1.8716471889128503,19.95073795920229,0.02167712935171149,0.050328583312268284,-0.005784996095088411,-0.056146326652259375,0.04304509578983297,0.0002899640157130167,0.0009654787589332072,23.756183305326275,2024-05-11,54.7098302527699,0,0,7.6128310304073565,1.6094379124341003,5.673323267171493,7.6128310304073565,1.6094379124341003,5.371082171806837
2024-05-12,DOGEUSDT,0.14305,0.14446,0.13899,0.14123,789804071.0,-1.922369419139332,20.487295461273025,0.028964389666013078,0.04498753490070448,-0.01287435559926534,-0.005784996095088411,0.04288416916796144,0.0006284067911063046,0.0010826173031587977,23.743408369464447,2024-05-12,54.82164556031673,0,0,7.6128310304073565,1.6094379124341003,5.673323267171493,7.6128310304073565,1.6094379124341003,5.371082171806837
2024-05-13,DOGEUSDT,0.14122,0.15765,0.13579,0.14864,2524431949.0,-1.9347526263594363,21.649281903670964,0.14132729008702924,0.06907247369728567,0.051137507984555845,-0.01287435559926534,0.04848649576293827,0.0023620879534061914,0.0011061346802428223,23.768763564015767,2024-05-13,55.17473999194672,0,0,7.6128310304073565,1.6094379124341003,5.673323267171493,7.6128310304073565,1.6094379124341003,5.371082171806837
2024-05-14,DOGEUSDT,0.14863,0.15516,0.14429,0.14552,1854848426.0,-1.8473778929910671,21.341068818616066,0.05809031425848404,0.06632693383758526,-0.021213740855661467,0.051137507984555845,0.044847408895497425,0.0009940336651347316,0.0011382692802166128,23.786831000837616,2024-05-14,55.39220942010944,0,0,7.6128310304073565,1.6094379124341003,5.673323267171493,7.6128310304073565,1.6094379124341003,5.371082171806837
2024-05-15,DOGEUSDT,0.14552,0.157,0.14525,0.15534,1845492157.0,-1.8632984364103706,21.336011830628493,0.07766242151992073,0.06916080575816913,0.06530272878163436,-0.021213740855661467,0.04606872580631311,0.003060681129164463,0.0011746541393670518,23.80272540145604,2024-05-15,55.74965615669949,0,0,7.6128310304073565,1.6094379124341003,5.673323267171493,7.6128310304073565,1.6094379124341003,5.371082171806837
2024-05-16,DOGEUSDT,0.15533,0.15931,0.14825,0.14972,1316060414.0,-1.851509473633829,20.997908576090662,0.047756658102308794,0.06380976884420404,-0.03684937995527313,0.06530272878163436,0.0415299629801132,0.0017549071528595852,0.0010698046735443,23.819728847661906,2024-05-16,56.020241054393004,0,0,7.6128310304073565,1.6094379124341003,5.673323267171493,7.6128310304073565,1.6094379124341003,5.371082171806837
2024-05-17,DOGEUSDT,0.14971,0.15692,0.14922,0.15555,1076157319.0,-1.8369032893973336,20.796662495247837,0.05002789869589466,0.060364301307126694,0.03820034030741791,-0.03684937995527313,0.04276611797899407,0.001836849557766633,0.0008861640266893795,23.816997715023692,2024-05-17,55.940102838221094,0,0,7.6128310304073565,1.6094379124341003,5.673323267171493,7.6128310304073565,1.6094379124341003,5.371082171806837
2024-05-18,DOGEUSDT,0.15555,0.1569,0.15123,0.15302,698372016.0,-1.8520191576407852,20.36426249295837,0.02548488138766499,0.05164444632726127,-0.016398591539940256,0.03820034030741791,0.04322991740165765,0.000805263217639756,0.000842342232858848,23.82607949537058,2024-05-18,55.802842217044095,0,0,7.6128310304073565,1.6094379124341003,5.673323267171493,7.6128310304073565,1.6094379124341003,5.371082171806837
2024-05-19,DOGEUSDT,0.15302,0.15604,0.1474,0.14908,734215105.0,-1.8521466192431502,20.414312602228616,0.0392087782894709,0.04853552931781368,-0.026085557192648115,-0.016398591539940256,0.04118136948547636,0.0012778072767338918,0.0008140634309856029,23.807998415908898,2024-05-19,55.8661237050289,0,0,7.6128310304073565,1.6094379124341003,5.673323267171493,7.6128310304073565,1.6094379124341003,5.371082171806837
2024-05-20,DOGEUSDT,0.14908,0.16636,0.14767,0.16573,1539763324.0,-1.8576428943436811,21.154894555846802,0.11902268994505125,0.06615731947462307,0.10587688352439491,-0.026085557192648115,0.05731002534129105,0.005004840995302082,0.0015287222188853091,23.845277583247704,2024-05-20,55.57260792884682,0,0,7.6128310304073565,1.6094379124341003,5.673323267171493,7.6128310304073565,1.6094379124341003,5.371082171806837
2024-05-21,DOGEUSDT,0.16573,0.1733,0.16071,0.17024,2403419353.0,-1.793601164107426,21.60015829075157,0.07169812919880218,0.06754252190566784,0.026849248017827086,0.10587688352439491,0.05347728167927935,0.0012430116324343324,0.0015255655524089203,23.908839534875607,2024-05-21,54.82801080594329,0,0,7.6128310304073565,1.6094379124341003,5.673323267171493,7.6128310304073565,1.6094379124341003,5.371082171806837
2024-05-22,DOGEUSDT,0.17023,0.17461,0.16174,0.16628,1812336614.0,-1.7527310822605766,21.31788279662989,0.05797723214431106,0.06515119946532864,-0.02353609176884277,0.026849248017827086,0.05110608718195328,0.0011040539059799857,0.0015679300890677973,23.913209539278014,2024-05-22,54.475263753290236,0,0,7.6128310304073565,1.6094379124341003,5.673323267171493,7.6128310304073565,1.6094379124341003,5.371082171806837
2024-05-23,DOGEUSDT,0.16628,0.16941,0.15171,0.15973,2098823634.0,-1.745200363448101,21.46464285043384,0.082352069491321,0.06945141697182673,-0.04018822458257148,-0.02353609176884277,0.05464798243477881,0.0018722987781629545,0.001567807916063419,23.87472547130199,2024-05-23,54.23026397397372,0,0,7.6128310304073565,1.6094379124341003,5.673323267171493,7.6128310304073565,1.6094379124341003,5.371082171806837
2024-05-24,DOGEUSDT,0.15973,0.17328,0.155,0.16386,2918289583.0,-1.775433466629282,21.794263522356054,0.10367437202752096,0.07800715573575029,0.025527514911803408,-0.04018822458257148,0.054131671994765644,0.0011712951385403718,0.0015239195454188998,23.88131657349236,2024-05-24,54.235434430041515,0,0,7.6128310304073565,1.6094379124341003,5.673323267171493,7.6128310304073565,1.6094379124341003,5.371082171806837
2024-05-25,DOGEUSDT,0.16386,0.17438,0.1627,0.17402,1286560263.0,-1.7528464957294567,20.975238031185185,0.0692228450269568,0.07581107805855192,0.060157830424209705,0.025527514911803408,0.05363289395217247,0.002868040416741366,0.0015228449993219023,23.916072781825832,2024-05-25,54.466277539485326,0,0,7.6128310304073565,1.6094379124341003,5.673323267171493,7.6128310304073565,1.6094379124341003,5.371082171806837
2024-05-26,DOGEUSDT,0.17402,0.175,0.16551,0.16621,1223858574.0,-1.746518452982468,20.925274470243163,0.02290651872409943,0.0625849382249388,-0.04591818605485965,0.060157830424209705,0.04305258990534457,0.0021943887101771456,0.0007030318325730123,23.92488954317485,2024-05-26,54.31817461385943,0,0,7.6128310304073565,1.6094379124341003,5.673323267171493,7.6128310304073565,1.6094379124341003,5.371082171806837
2024-05-27,DOGEUSDT,0.16621,0.1735,0.16416,0.16908,1347104309.0,-1.742969305058623,21.021223169386865,0.05236235934071315,0.060029293503882385,0.0171199266155705,-0.04591818605485965,0.04203198782105923,0.0008144115343631474,0.0007813115819077859,23.913616823396094,2024-05-27,54.118580778354165,0,0,7.6128310304073565,1.6094379124341003,5.673323267171493,7.6128310304073565,1.6094379124341003,5.371082171806837
2024-05-28,DOGEUSDT,0.16908,0.16982,0.16157,0.16497,1230843968.0,-1.7515776795952231,20.93096592388103,0.034112202150861075,0.05355002066562706,-0.02460833651075615,0.0171199266155705,0.04214837426226004,0.0011756904387618086,0.0007714043586209268,23.90210844879109,2024-05-28,53.96474857265255,0,0,7.6128310304073565,1.6094379124341003,5.673323267171493,7.6128310304073565,1.6094379124341003,5.371082171806837
2024-05-29,DOGEUSDT,0.16496,0.17087,0.16208,0.16386,1395564391.0,-1.7730162264109197,21.056564751760774,0.045292310923379465,0.05148559323006516,-0.0067512344741643806,-0.02460833651075615,0.03798613080227017,0.000320623736765981,0.0009373693100500208,23.896456641145804,2024-05-29,53.879516590235156,0,0,7.6128310304073565,1.6094379124341003,5.673323267171493,7.6128310304073565,1.6094379124341003,5.371082171806837
2024-05-30,DOGEUSDT,0.16386,0.1657,0.15642,0.15946,1456479032.0,-1.766852245521955,21.09928773810497,0.03921738411797778,0.048418540952043315,-0.02721929763931936,-0.0067512344741643806,0.03818139369371898,0.001290057653944486,0.0009322036636845115,23.871295166041442,2024-05-30,54.319226030050885,0,0,7.6128310304073565,1.6094379124341003,5.673323267171493,7.6128310304073565,1.6094379124341003,5.371082171806837
2024-05-31,DOGEUSDT,0.15945,0.16261,0.15431,0.15898,801814565.0,-1.79757635454962,20.50238792338559,0.04477808789360079,0.047508427687432686,-0.0030146989293826855,-0.02721929763931936,0.022094882965991155,0.00014704135638483537,0.0007435781128148215,23.856260195682488,2024-05-31,54.376627064889114,0,0,7.6128310304073565,1.6094379124341003,5.673323267171493,7.6128310304073565,1.6094379124341003,5.371082171806837
2024-06-01,DOGEUSDT,0.15898,0.16199,0.1584,0.16031,367195745.0,-1.816400583144506,19.72140562895284,0.02154426410609033,0.0410173867920971,0.008331032556615704,-0.0030146989293826855,0.017583579084164566,0.00042243604301637507,0.00047204308804883304,23.86241147240882,2024-06-01,54.14532902611029,0,0,7.6128310304073565,1.791759469228055,5.793013608384144,7.6128310304073565,1.791759469228055,5.4007158579901935
2024-06-02,DOGEUSDT,0.16031,0.16137,0.15469,0.1571,493754241.0,-1.8202206740500906,20.017548463509804,0.028815135346447703,0.03796682393068475,-0.020226895440006828,0.008331032556615704,0.013996751799185395,0.0010104581725818545,0.0004884578537270811,23.853338331544386,2024-06-02,54.21325289254459,0,0,7.6128310304073565,1.791759469228055,5.793013608384144,7.6128310304073565,1.791759469228055,5.4007158579901935
2024-06-03,DOGEUSDT,0.1571,0.16346,0.15579,0.15835,823747427.0,-1.824055414028876,20.529374520255626,0.04520788214737002,0.03977708848485607,0.007925227723073275,-0.020226895440006828,0.01454191561104114,0.00038604331151218104,0.00044835114350088554,23.85553073810559,2024-06-03,54.408187280630116,0,0,7.6128310304073565,1.791759469228055,5.793013608384144,7.6128310304073565,1.791759469228055,5.4007158579901935
2024-06-04,DOGEUSDT,0.15834,0.16194,0.15706,0.16136,639124799.0,-1.8111869668941534,20.275610296871918,0.030118344603374175,0.037362402514485596,0.018830120661307678,0.007925227723073275,0.017924835971547735,0.0009287079592476066,0.00044231090154759164,23.862081923717724,2024-06-04,54.579703353663014,0,0,7.6128310304073565,1.791759469228055,5.793013608384144,7.6128310304073565,1.791759469228055,5.4007158579901935
2024-06-05,DOGEUSDT,0.16136,0.16486,0.16117,0.16326,670049829.0,-1.8205293827241689,20.322862639225644,0.02238168418040802,0.0336172229309662,0.011706128377253553,0.018830120661307678,0.013781124772057842,0.0005760078481591109,0.00033370399147428193,23.881009511581166,2024-06-05,54.535081991767974,0,0,7.6128310304073565,1.791759469228055,5.793013608384144,7.6128310304073565,1.791759469228055,5.4007158579901935
2024-06-06,DOGEUSDT,0.16327,0.16579,0.15831,0.16016,805127872.0,-1.8026586500970556,20.506511669972927,0.03264265975145773,0.03337358213608908,-0.019170706456299372,0.011706128377253553,0.016681435187090272,0.0009348594614641586,0.0002808076052450695,23.876187880276326,2024-06-06,54.54374341616666,0,0,7.6128310304073565,1.791759469228055,5.793013608384144,7.6128310304073565,1.791759469228055,5.4007158579901935
2024-06-07,DOGEUSDT,0.16015,0.16213,0.14,0.1482,1486678159.0,-1.7970333517307633,21.119810044549453,0.09724846588587462,0.049342303073535466,-0.07761060270492394,-0.019170706456299372,0.035570213142964324,0.003674777497582346,0.0012116216636291772,23.81746816207913,2024-06-07,54.96673495516696,0,0,7.6128310304073565,1.791759469228055,5.793013608384144,7.6128310304073565,1.791759469228055,5.4007158579901935
2024-06-08,DOGEUSDT,0.1482,0.14879,0.1435,0.14588,726829388.0,-1.8193567964201594,20.404202328451436,0.0259606851917738,0.04349689860309505,-0.015778346921506942,-0.07761060270492394,0.03543784406595599,0.0007732890836661503,0.0012248666477889128,23.77709478421741,2024-06-08,55.13772676326615,0,0,7.6128310304073565,1.791759469228055,5.793013608384144,7.6128310304073565,1.791759469228055,5.4007158579901935
2024-06-09,DOGEUSDT,0.1459,0.14916,0.14492,0.14679,428167441.0,-1.905219363142531,19.87502489433026,0.026901064561700206,0.03934794009274634,0.006218628028662307,-0.015778346921506942,0.03524891110326653,0.0003128865529338931,0.0012350579882903347,23.777972673753958,2024-06-09,55.23892681609903,0,0,7.6128310304073565,1.791759469228055,5.793013608384144,7.6128310304073565,1.791759469228055,5.4007158579901935
2024-06-10,DOGEUSDT,0.14679,0.14795,0.14325,0.14478,445950423.0,-1.902735723671517,19.915718344612873,0.022659681877927756,0.035175875539041696,-0.013787645104146644,0.006218628028662307,0.03176929471684929,0.0006922996632896323,0.0012491379634458242,23.771226295374124,2024-06-10,55.41133939329446,0,0,7.6128310304073565,1.791759469228055,5.793013608384144,7.6128310304073565,1.791759469228055,5.4007158579901935
2024-06-11,DOGEUSDT,0.14478,0.14519,0.13364,0.13806,1247090910.0,-1.9108809001359184,20.944079403954138,0.0532883901046247,0.039704004180437444,-0.0475269755896659,-0.013787645104146644,0.029808474223830726,0.002269232018891842,0.0012814770378927732,23.734349023789086,2024-06-11,55.656687118321656,0,0,7.6128310304073565,1.791759469228055,5.793013608384144,7.6128310304073565,1.791759469228055,5.4007158579901935
2024-06-12,DOGEUSDT,0.13806,0.15096,0.13458,0.14621,1335443938.0,-1.9297120494865405,21.01252961134789,0.11124619345785394,0.05758955149979157,0.057355571154017175,-0.0475269755896659,0.04618552503326405,0.0027295890697063953,0.0013469648479079702,23.748289118963637,2024-06-12,55.646539462861725,0,0,7.6128310304073565,1.791759469228055,5.793013608384144,7.6128310304073565,1.791759469228055,5.4007158579901935
2024-06-13,DOGEUSDT,0.14621,0.1465,0.14009,0.1411,722950347.0,-1.8907403779218421,20.398851101416163,0.01989529755607883,0.04816598801386339,-0.03557508557057826,0.057355571154017175,0.03712165757244723,0.0017439749618108887,0.0009710469642531072,23.75608844422719,2024-06-13,55.567121916022835,0,0,7.6128310304073565,1.791759469228055,5.793013608384144,7.6128310304073565,1.791759469228055,5.4007158579901935
2024-06-14,DOGEUSDT,0.1411,0.14343,0.13189,0.13499,913514559.0,-1.9207298505250152,20.63280987125796,0.05424015735056882,0.04968453034803975,-0.04426815723803273,-0.03557508557057826,0.039998244312072,0.0021455224719391913,0.0009495672635628619,23.716124625531485,2024-06-14,55.618787060108914,0,0,7.6128310304073565,1.791759469228055,5.793013608384144,7.6128310304073565,1.791759469228055,5.4007158579901935
2024-06-15,DOGEUSDT,0.13499,0.13785,0.13361,0.13677,464938828.0,-1.9419081676760153,19.957416402209645,0.029919553383207117,0.04474328610683159,0.013099981272724178,-0.04426815723803273,0.04074875199234261,0.0006563966501833261,0.0008589345009645511,23.701416042746732,2024-06-15,55.36169018421034,0,0,7.6128310304073565,1.791759469228055,5.793013608384144,7.6128310304073565,1.791759469228055,5.4007158579901935
2024-06-16,DOGEUSDT,0.13678,0.13768,0.13467,0.13713,307161114.0,-1.9815891415123312,19.54288296919436,0.020649303869068623,0.03871979054739085,0.0026286981183029296,0.013099981272724178,0.041136577207865066,0.00013450922888125425,0.0010078859971497183,23.70665054685161,2024-06-16,55.186282371430394,0,0,7.6128310304073565,1.791759469228055,5.793013608384144,7.6128310304073565,1.791759469228055,5.4007158579901935
2024-06-17,DOGEUSDT,0.13713,0.13822,0.12601,0.12879,1132086823.0,-1.982823127078853,20.847328512549453,0.050770715483185354,0.041732521781339474,-0.06274621010718386,0.0026286981183029296,0.0443291377182125,0.0030097961985590892,0.0011408647545289776,23.676943718126758,2024-06-17,55.46756046672279,0,0,7.6128310304073565,1.791759469228055,5.793013608384144,7.6128310304073565,1.791759469228055,5.4007158579901935
2024-06-18,DOGEUSDT,0.12879,0.12929,0.11338,0.12225,2070645660.0,-1.9789086603188888,21.451126308632407,0.100537792045723,0.05643383934743536,-0.0521150425495975,-0.06274621010718386,0.030718453003354237,0.002429478144866699,0.0010942506607040242,23.607071151517868,2024-06-18,55.83893224884129,0,0,7.6128310304073565,1.791759469228055,5.793013608384144,7.6128310304073565,1.791759469228055,5.4007158579901935
2024-06-19,DOGEUSDT,0.12224,0.12679,0.12141,0.12247,742608455.0,-2.0456973357156754,20.4256794853144,0.040543974867205006,0.05246137322737777,0.0017979736782145453,-0.0521150425495975,0.03302301148311725,8.802515869825763e-05,0.0012713840295098325,23.60416510097088,2024-06-19,55.50893441208255,0,0,7.6128310304073565,1.791759469228055,5.793013608384144,7.6128310304073565,1.791759469228055,5.4007158579901935
2024-06-20,DOGEUSDT,0.12247,0.129,0.12134,0.12455,880387309.0,-2.06522310444228,20.595872492474065,0.05849764177831555,0.05397044036511221,0.016841139674993507,0.0017979736782145453,0.03475219308002544,0.0008176948891651677,0.0012328596370928405,23.61248629264013,2024-06-20,55.39994190074197,0,0,7.6128310304073565,1.791759469228055,5.793013608384144,7.6128310304073565,1.791759469228055,5.4007158579901935
2024-06-21,DOGEUSDT,0.12455,0.12574,0.12138,0.12418,675836837.0,-2.047942874620465,20.331462239489312,0.030389801022523633,0.04807528052946507,-0.002975115771442678,0.016841139674993507,0.03286771944181625,0.00014633063457994585,0.0012930714880168095,23.610303487071704,2024-06-21,55.31010005761263,0,0,7.6128310304073565,1.791759469228055,5.793013608384144,7.6128310304073565,1.791759469228055,5.4007158579901935
2024-06-22,DOGEUSDT,0.12418,0.12556,0.1229,0.12375,341304465.0,-2.073538996027222,19.64828549612362,0.017551571106184854,0.04044435317364502,-0.003468724487947104,-0.002975115771442678,0.03226170291378217,0.00017654082279247436,0.0012868657579054117,23.611444749257586,2024-06-22,55.25908658246791,0,0,7.6128310304073565,1.791759469228055,5.793013608384144,7.6128310304073565,1.791759469228055,5.4007158579901935
2024-06-23,DOGEUSDT,0.12376,0.1264,0.1209,0.12222,506605755.0,-2.074971547008384,20.043243655514697,0.03453840729712512,0.03896786670451505,-0.012440701982030221,-0.003468724487947104,0.023330462015208286,0.0006206930472856516,0.0008905363427695237,23.606039978661983,2024-06-23,55.31200739100498,0,0,7.6128310304073565,1.791759469228055,5.793013608384144,7.6128310304073565,1.791759469228055,5.4007158579901935
2024-06-24,DOGEUSDT,0.12222,0.12395,0.11354,0.11902,1238016703.0,-2.06830379726938,20.936776503040257,0.06859601803040581,0.046374904535987735,-0.02653115325006335,-0.012440701982030221,0.014470077113899665,0.0012672033465233163,0.0004693117059338868,23.57640665754057,2024-06-24,54.84770307635735,0,0,7.6128310304073565,1.791759469228055,5.793013608384144,7.6128310304073565,1.791759469228055,5.4007158579901935
2024-06-25,DOGEUSDT,0.11901,0.12862,0.11882,0.12615,904499973.0,-2.0878770205009376,20.622892832948878,0.07905687252671377,0.054545396533669244,0.05818012887036079,-0.02653115325006335,0.029671623628067727,0.0028211429570834646,0.0009968083945558598,23.603790810647574,2024-06-25,54.61732506387874,0,0,7.6128310304073565,1.791759469228055,5.793013608384144,7.6128310304073565,1.791759469228055,5.4007158579901935
2024-06-26,DOGEUSDT,0.12616,0.12865,0.1218,0.12276,569477357.0,-2.05089295827542,20.16022958062298,0.036681139927452706,0.05007933238211511,-0.027240445335531473,0.05818012887036079,0.031532839894625596,0.0013511971789107824,0.0010037476743077916,23.618066348917708,2024-06-26,54.63275977203098,0,0,7.6128310304073565,1.791759469228055,5.793013608384144,7.6128310304073565,1.791759469228055,5.4007158579901935
2024-06-27,DOGEUSDT,0.12277,0.12846,0.12061,0.12711,727482679.0,-2.050659740254384,20.405100747791778,0.061550394581022703,0.052947097931842005,0.034821623555042085,-0.027240445335531473,0.03498450288849212,0.001706515639664776,0.0009168450190412706,23.617098326721024,2024-06-27,54.422453741584306,0,0,7.6128310304073565,1.791759469228055,5.793013608384144,7.6128310304073565,1.791759469228055,5.4007158579901935
2024-06-28,DOGEUSDT,0.12711,0.12851,0.12217,0.12306,705909915.0,-2.052137707152491,20.37499818816591,0.029015761341518852,0.04696426378426122,-0.032380811994233295,0.034821623555042085,0.03805652195639421,0.001589242447787825,0.0007244897359619943,23.620374570968504,2024-06-28,54.290186692631906,0,0,7.6128310304073565,1.791759469228055,5.793013608384144,7.6128310304073565,1.791759469228055,5.4007158579901935
2024-06-29,DOGEUSDT,0.12306,0.1244,0.12138,0.1219,241340466.0,-2.051748556663087,19.30171921649375,0.018025670663952574,0.03972961550418406,-0.009471004825118486,-0.032380811994233295,0.03789587897272958,0.000490681929360225,0.0007592864732704239,23.59943955879317,2024-06-29,54.45599688967776,0,0,7.6128310304073565,1.791759469228055,5.793013608384144,7.6128310304073565,1.791759469228055,5.4007158579901935
2024-06-30,DOGEUSDT,0.1219,0.12564,0.1205,0.12448,335643611.0,-2.084253098677058,19.6315604734591,0.04046806954545588,0.03991422901450201,0.020944023942855532,-0.009471004825118486,0.03627968437468608,0.0010668547704687469,0.0007777405929013397,23.603200846294165,2024-06-30,54.6942524665326,0,0,7.6128310304073565,1.791759469228055,5.793013608384144,7.6128310304073565,1.791759469228055,5.4007158579901935
2024-07-01,DOGEUSDT,0.12449,0.1275,0.12322,0.12352,428296949.0,-2.0743346043116913,19.87532731904867,0.02899468602035812,0.03718434326596604,-0.007741974153615285,0.020944023942855532,0.026523248835166772,0.00038952687567541674,0.0005563187273549718,23.61581301923736,2024-07-01,54.82881344245683,0,0,7.6128310304073565,1.9459101490553132,5.8916442118257715,7.6128310304073565,1.9459101490553132,5.480105677858553
2024-07-02,DOGEUSDT,0.12352,0.12544,0.12247,0.1253,314273229.0,-2.059638914383656,19.56577332155718,0.023761693963151215,0.03382868094026233,0.014307775625556518,-0.007741974153615285,0.024430155854500344,0.0007312655314161539,0.000557678976949853,23.612357214922596,2024-07-02,54.62993225767595,0,0,7.6128310304073565,1.9459101490553132,5.8916442118257715,7.6128310304073565,1.9459101490553132,5.480105677858553
2024-07-03,DOGEUSDT,0.1253,0.12555,0.11683,0.11849,562730261.0,-2.0759277223800394,20.148310961169702,0.03362976404750908,0.03377895171707402,-0.055882293073374015,0.014307775625556518,0.028783474383526568,0.0027735472805175423,0.0008967487929037464,23.590976495492573,2024-07-03,54.52686723247555,0,0,7.6128310304073565,1.9459101490553132,5.8916442118257715,7.6128310304073565,1.9459101490553132,5.480105677858553
2024-07-04,DOGEUSDT,0.11849,0.11914,0.10385,0.10502,1541593699.0,-2.075051193378543,21.156082587744194,0.04721130784909979,0.037137040750080466,-0.1206777606189354,-0.055882293073374015,0.05346174652629157,0.005704163808135468,0.0020761794454149138,23.506263653618607,2024-07-04,54.81200858088788,0,0,7.6128310304073565,1.9459101490553132,5.8916442118257715,7.6128310304073565,1.9459101490553132,5.480105677858553
2024-07-05,DOGEUSDT,0.10503,0.10652,0.09136,0.10547,2608167044.0,-2.1274560067815957,21.681913529573162,0.14895846927403117,0.06509239788106815,0.004275744078809632,-0.1206777606189354,0.05461549616754144,0.00019720326220182125,0.00211791048597813,23.41834810475677,2024-07-05,55.1061015712149,0,0,7.6128310304073565,1.9459101490553132,5.8916442118257715,7.6128310304073565,1.9459101490553132,5.480105677858553
2024-07-06,DOGEUSDT,0.10548,0.11416,0.10468,0.11343,997717793.0,-2.2394225180364056,20.720981021742954,0.08641075400997489,0.07042198691329483,0.0727593542824283,0.004275744078809632,0.06606447573334683,0.0035113855954059512,0.0021804646220974296,23.487484466457254,2024-07-06,54.981195991825906,0,0,7.6128310304073565,1.9459101490553132,5.8916442118257715,7.6128310304073565,1.9459101490553132,5.480105677858553
2024-07-07,DOGEUSDT,0.11343,0.1135,0.1036,0.10415,749813872.0,-2.170154305813556,20.435335563028527,0.023157590102325515,0.0586058877105525,-0.0853537388639701,0.0727593542824283,0.07160874017599807,0.00417677207211569,0.0020917080119218835,23.480632230507577,2024-07-07,54.967923209096924,0,0,7.6128310304073565,1.9459101490553132,5.8916442118257715,7.6128310304073565,1.9459101490553132,5.480105677858553
2024-07-08,DOGEUSDT,0.10415,0.1114,0.09874,0.10758,1314220494.0,-2.1759524420606797,20.99650954658434,0.11265918522516098,0.07211921208920462,0.032402589138115306,-0.0853537388639701,0.07410603164230932,0.0015432369397506112,0.001948663933956928,23.45083615575318,2024-07-08,54.92157540997694,0,0,7.6128310304073565,1.9459101490553132,5.8916442118257715,7.6128310304073565,1.9459101490553132,5.480105677858553
2024-07-09,DOGEUSDT,0.10757,0.10954,0.10579,0.10756,559621670.0,-2.1946279514889535,20.142771524094478,0.030150083872833317,0.06162693003511179,-0.00018592544443251562,0.032402589138115306,0.07300616096025143,9.230380447403398e-06,0.0023030402727606185,23.470944744900255,2024-07-09,54.8364426669641,0,0,7.6128310304073565,1.9459101490553132,5.8916442118257715,7.6128310304073565,1.9459101490553132,5.480105677858553
2024-07-10,DOGEUSDT,0.10756,0.11053,0.10572,0.108,521002616.0,-2.211465499626562,20.07126562081828,0.03975010135939792,0.05615772286618333,0.00408239572355581,-0.00018592544443251562,0.05202616782596953,0.00020339503251461506,0.0018300262364097906,23.474357910783013,2024-07-10,54.774391823284354,0,0,7.6128310304073565,1.9459101490553132,5.8916442118257715,7.6128310304073565,1.9459101490553132,5.480105677858553
2024-07-11,DOGEUSDT,0.108,0.11247,0.10615,0.10664,558914156.0,-2.202468301659273,20.141506452242663,0.049244506800944915,0.05442941884987372,-0.01267255125376647,0.00408239572355581,0.05250927843682926,0.0006291759399335018,0.001771022583414282,23.477687889041768,2024-07-11,54.61710709517654,0,0,7.6128310304073565,1.9459101490553132,5.8916442118257715,7.6128310304073565,1.9459101490553132,5.480105677858553
2024-07-12,DOGEUSDT,0.10664,0.10831,0.10477,0.10769,467602106.0,-2.1850687595662066,19.96312829140149,0.03166501168712437,0.04873831705918638,0.009798053470336226,-0.01267255125376647,0.04039565457607588,0.0004908075191079365,0.0015630298236874605,23.464348567544995,2024-07-12,54.49056521239721,0,0,7.6128310304073565,1.9459101490553132,5.8916442118257715,7.6128310304073565,1.9459101490553132,5.480105677858553
2024-07-13,DOGEUSDT,0.10769,0.113,0.10728,0.11231,547626740.0,-2.222757793134491,20.121104481450057,0.05172020717243874,0.04948378958749947,0.042006175634155214,0.009798053470336226,0.020685469055993846,0.002087667487283381,0.0008138878958140489,23.49403926193693,2024-07-13,54.525497858966595,0,0,7.6128310304073565,1.9459101490553132,5.8916442118257715,7.6128310304073565,1.9459101490553132,5.480105677858553
2024-07-14,DOGEUSDT,0.11231,0.11698,0.1111,0.11535,646475898.0,-2.1803674602697964,20.287046474738784,0.05007696990160619,0.04963208466602615,0.026708079644817875,0.042006175634155214,0.019700825680924614,0.0013165090186032992,0.0007784905956448535,23.528841480572897,2024-07-14,54.71915466886463,0,0,7.6128310304073565,1.9459101490553132,5.8916442118257715,7.6128310304073565,1.9459101490553132,5.480105677858553
2024-07-15,DOGEUSDT,0.11535,0.12555,0.11457,0.1249,1010690868.0,-2.1457522989672575,20.733899961682017,0.09132547936941202,0.06005543334187262,0.07954243251176941,0.026708079644817875,0.03272559602795977,0.0038363468840290774,0.00136116349488223,23.581724770830718,2024-07-15,54.875798833795926,0,0,7.6128310304073565,1.9459101490553132,5.8916442118257715,7.6128310304073565,1.9459101490553132,5.480105677858553
2024-07-16,DOGEUSDT,0.1249,0.12784,0.11891,0.12478,1054095685.0,-2.075051193378543,20.775949065677526,0.06366234611339386,0.06095716153475293,-0.0009612304488917007,0.07954243251176941,0.03342490884768153,4.626650006952902e-05,0.0013906135982152262,23.614813005332486,2024-07-16,55.02580342299383,0,0,7.6128310304073565,1.9459101490553132,5.8916442118257715,7.6128310304073565,1.9459101490553132,5.480105677858553
2024-07-17,DOGEUSDT,0.12479,0.12769,0.12032,0.12178,687859592.0,-2.0569757969641724,20.34909529367483,0.042493891500202455,0.05634134402611531,-0.024336048502212344,-0.0009612304488917007,0.036212108432402065,0.0011959277870096166,0.0013462312150735172,23.611174522969982,2024-07-17,55.08795472455982,0,0,7.6128310304073565,1.9459101490553132,5.8916442118257715,7.6128310304073565,1.9459101490553132,5.480105677858553
2024-07-18,DOGEUSDT,0.12179,0.12397,0.11715,0.11956,786606248.0,-2.0581498275455474,20.483238360976458,0.04236570270927234,0.05284743369690457,-0.018397800764690855,-0.024336048502212344,0.03978516522373002,0.0008981880911829516,0.0012947073659684573,23.586054351185602,2024-07-18,55.00263625004297,0,0,7.6128310304073565,1.9459101490553132,5.8916442118257715,7.6128310304073565,1.9459101490553132,5.480105677858553
2024-07-19,DOGEUSDT,0.11955,0.12604,0.11742,0.12543,811589334.0,-2.087715678132082,20.514505023887736,0.0702237929284052,0.057191523504779726,0.047929496620846335,-0.018397800764690855,0.040582549048973356,0.002336371097671414,0.0013186063016673224,23.59838276302677,2024-07-19,55.205238306595895,0,0,7.6128310304073565,1.9459101490553132,5.8916442118257715,7.6128310304073565,1.9459101490553132,5.480105677858553
2024-07-20,DOGEUSDT,0.12543,0.13582,0.1243,0.13424,1436351183.0,-2.071155962093063,21.085371834080085,0.08803307587629161,0.0649019115976577,0.06788140868231264,0.047929496620846335,0.04545414380733953,0.003219360285247451,0.001456936437818952,23.660839677235604,2024-07-20,55.358180977012694,0,0,7.6128310304073565,1.9459101490553132,5.8916442118257715,7.6128310304073565,1.9459101490553132,5.480105677858553
2024-07-21,DOGEUSDT,0.13423,0.14373,0.12576,0.14026,1539907160.0,-1.9964247992964916,21.154987965840405,0.12745860914504104,0.08054108598450353,0.04386860038986827,0.06788140868231264,0.038779268103719094,0.0020736764521305435,0.0011361370357145162,23.70656212333835,2024-07-21,55.39903793844365,0,0,7.6128310304073565,1.9459101490553132,5.8916442118257715,7.6128310304073565,1.9459101490553132,5.480105677858553
2024-07-22,DOGEUSDT,0.14027,0.1427,0.13581,0.13776,1602038139.0,-1.9398187394189965,21.1945424924253,0.03620248764502694,0.06945643639963439,-0.017984802429343735,0.04386860038986827,0.04111336376896596,0.000848558181228555,0.0009436024680940957,23.729349613113516,2024-07-22,55.590712819823196,0,0,7.6128310304073565,1.9459101490553132,5.8916442118257715,7.6128310304073565,1.9459101490553132,5.480105677858553
2024-07-23,DOGEUSDT,0.13777,0.13923,0.12807,0.13031,1099223304.0,-1.9470107544993465,20.817869680080985,0.04633215557806716,0.06367536619424258,-0.05559681352260595,-0.017984802429343735,0.04861816652628707,0.0026706293380154194,0.0009586031412242291,23.690873751474587,2024-07-23,55.56861826034326,0,0,7.6128310304073565,1.9459101490553132,5.8916442118257715,7.6128310304073565,1.9459101490553132,5.480105677858553
2024-07-24,DOGEUSDT,0.1303,0.13482,0.12688,0.12795,692696080.0,-1.971628037060943,20.356101903961374,0.047887958124509286,0.05972851417680926,-0.018276664551016755,-0.05559681352260595,0.04860339882397182,0.0008978469766581414,0.000958682117950095,23.66152049392068,2024-07-24,55.53219603744351,0,0,7.6128310304073565,1.9459101490553132,5.8916442118257715,7.6128310304073565,1.9459101490553132,5.480105677858553
2024-07-25,DOGEUSDT,0.12793,0.12873,0.1201,0.12526,916741676.0,-2.0038147235568444,20.63633628497266,0.05558298708420706,0.05869213240365871,-0.021247985508530992,-0.018276664551016755,0.04632926789899865,0.0010296394289718827,0.0010158197758186136,23.626424858547256,2024-07-25,56.070659557767584,0,0,7.6128310304073565,1.9459101490553132,5.8916442118257715,7.6128310304073565,1.9459101490553132,5.480105677858553
2024-07-26,DOGEUSDT,0.12525,0.13496,0.12504,0.13419,661205710.0,-2.050038091310594,20.309575559687527,0.07628184451309009,0.06308956043101656,0.06886512901559959,-0.021247985508530992,0.04661932884863615,0.0033907714522744617,0.001065266827541832,23.66045411848432,2024-07-26,56.523464509454264,0,0,7.6128310304073565,1.9459101490553132,5.8916442118257715,7.6128310304073565,1.9459101490553132,5.480105677858553
2024-07-27,DOGEUSDT,0.13419,0.13878,0.13011,0.13144,1329095559.0,-2.002776840744424,21.007764517027166,0.04983664069330592,0.0597763304965889,-0.020706232383853863,0.06886512901559959,0.041636761168988054,0.0009856466339895945,0.0011050103601891626,23.68954207351208,2024-07-27,56.58253862082673,0,0,7.6128310304073565,1.9459101490553132,5.8916442118257715,7.6128310304073565,1.9459101490553132,5.480105677858553
2024-07-28,DOGEUSDT,0.13143,0.13186,0.12809,0.13004,689009904.0,-1.9748653335107342,20.350766203330355,0.021992560716521635,0.050330388051572084,-0.010708378293308125,-0.020706232383853863,0.04149221483878919,0.0005261904238060445,0.0011576090941960015,23.664654129826747,2024-07-28,56.67388994063262,0,0,7.6128310304073565,1.9459101490553132,5.8916442118257715,7.6128310304073565,1.9459101490553132,5.480105677858553
2024-07-29,DOGEUSDT,0.13005,0.13509,0.12755,0.12843,764786376.0,-2.0260145252969832,20.455107105735266,0.048137104575769904,0.04978206718262154,-0.012458086610740136,-0.010708378293308125,0.03518904129190695,0.0006090452886089801,0.0010732624629259766,23.664287028189836,2024-07-29,56.46736340308726,0,0,7.6128310304073565,1.9459101490553132,5.8916442118257715,7.6128310304073565,1.9459101490553132,5.480105677858553
2024-07-30,DOGEUSDT,0.12844,0.1307,0.1232,0.12551,536194715.0,-2.0018140560005473,20.100007927320693,0.04247997337948592,0.047956543731837636,-0.02299857215260948,-0.012458086610740136,0.035664132280289675,0.0011442071185130702,0.0010622169467302735,23.638313487713226,2024-07-30,56.09366770106403,0,0,7.6128310304073565,1.9459101490553132,5.8916442118257715,7.6128310304073565,1.9459101490553132,5.480105677858553
2024-07-31,DOGEUSDT,0.12551,0.12736,0.1212,0.12192,523776745.0,-2.0348506583519606,20.07657609233602,0.03053481975035742,0.04360111273646758,-0.029020344734018697,-0.02299857215260948,0.036579785641097026,0.0014454827656144441,0.0010560913753638258,23.614753760406305,2024-07-31,56.03256219413737,0,0,7.6128310304073565,1.9459101490553132,5.8916442118257715,7.6128310304073565,1.9459101490553132,5.480105677858553
2024-08-01,DOGEUSDT,0.12192,0.12312,0.11211,0.11899,929497327.0,-2.060737556886064,20.650154489381993,0.07689995486411272,0.051925823268378864,-0.024325635971274025,-0.029020344734018697,0.007110200701142566,0.0011779880864223999,0.00035395131469531454,23.573956178912066,2024-08-01,56.21036420243415,0,0,7.6128310304073565,2.0794415416798357,5.572154032177765,7.6128310304073565,2.0794415416798357,5.473059050215961
2024-08-02,DOGEUSDT,0.11899,0.11975,0.11017,0.11154,829416403.0,-2.0945957894515135,20.536232882528186,0.03850546982792182,0.04857073490826461,-0.06465618500565448,-0.024325635971274025,0.019602729901812475,0.0031483955882026767,0.0009531593182319641,23.540166643073064,2024-08-02,56.47070975649283,0,0,7.6128310304073565,2.0794415416798357,5.572154032177765,7.6128310304073565,2.0794415416798357,5.473059050215961
2024-08-03,DOGEUSDT,0.11154,0.11475,0.10518,0.10811,1009072658.0,-2.1223490426911127,20.732297585636097,0.06390526119119963,0.05240436647899836,-0.031234043656727693,-0.06465618500565448,0.01782582603887308,0.0015065403883825926,0.0008653480703488848,23.49330076067318,2024-08-03,56.63747363398311,0,0,7.6128310304073565,2.0794415416798357,5.572154032177765,7.6128310304073565,2.0794415416798357,5.473059050215961
2024-08-04,DOGEUSDT,0.10812,0.10944,0.099,0.10375,1010011668.0,-2.1649994300414823,20.7332277202081,0.07311879147839423,0.057582972728847326,-0.04116506819387237,-0.031234043656727693,0.015642799625724558,0.0019854635635796316,0.0007557421509043212,23.449067562912163,2024-08-04,56.919861096845956,0,0,7.6128310304073565,2.0794415416798357,5.572154032177765,7.6128310304073565,2.0794415416798357,5.473059050215961
2024-08-05,DOGEUSDT,0.10375,0.1043,0.0805,0.09436,6003336977.0,-2.212378825107897,22.51558131440657,0.20414834189509495,0.09422431502040923,-0.09486690457133339,-0.04116506819387237,0.02728079122500513,0.004213389085834213,0.001190049947716025,23.355935437282415,2024-08-05,57.09514744300573,0,0,7.6128310304073565,2.0794415416798357,5.572154032177765,7.6128310304073565,2.0794415416798357,5.473059050215961
2024-08-06,DOGEUSDT,0.09437,0.10151,0.09405,0.09645,1261946874.0,-2.26048391697541,20.955921503507394,0.07518446931805488,0.08946435359482065,0.021907484812263657,-0.09486690457133339,0.03941925370372805,0.001045407848497476,0.0012534096989653186,23.365650322915414,2024-08-06,56.95539316681133,0,0,7.6128310304073565,2.0794415416798357,5.572154032177765,7.6128310304073565,2.0794415416798357,5.473059050215961
2024-08-07,DOGEUSDT,0.09646,0.10208,0.09428,0.09558,1198829409.0,-2.2875979631857972,20.904611425137908,0.0693852401145441,0.08444457522475152,-0.00906114620172589,0.021907484812263657,0.04102019863783988,0.0004334520272799624,0.0014006065536637628,23.371138240630877,2024-08-07,57.05256046823234,0,0,7.6128310304073565,2.0794415416798357,5.572154032177765,7.6128310304073565,2.0794415416798357,5.473059050215961
2024-08-08,DOGEUSDT,0.09561,0.108,0.09354,0.10748,968675456.0,-2.2819984593856573,20.69144018702597,0.14337413157451614,0.09917696431219267,0.11734119059727835,-0.00906114620172589,0.07179375944360603,0.005671001609199445,0.0020310406241410865,23.411963190552342,2024-08-08,57.349050927523635,0,0,7.6128310304073565,2.0794415416798357,5.572154032177765,7.6128310304073565,2.0794415416798357,5.473059050215961
2024-08-09,DOGEUSDT,0.10747,0.10782,0.1016,0.10386,542344314.0,-2.2256240518579173,20.111411623390747,0.037801010155896216,0.08383297577311856,-0.034260945331117704,0.11734119059727835,0.07201531554666431,0.001703557461439963,0.0020137539716051627,23.451314818883215,2024-08-09,57.568885831782765,0,0,7.6128310304073565,2.0794415416798357,5.572154032177765,7.6128310304073565,2.0794415416798357,5.473059050215961
2024-08-10,DOGEUSDT,0.10386,0.10592,0.10288,0.10518,257631810.0,-2.2272921089586144,19.367042030595545,0.02795630925716223,0.06986380914412947,0.012629329745025213,-0.034260945331117704,0.07018946887534724,0.0006521042152474151,0.0021518792156020395,23.444683018093645,2024-08-10,57.63386353214728,0,0,7.6128310304073565,2.0794415416798357,5.572154032177765,7.6128310304073565,2.0794415416798357,5.473059050215961
2024-08-11,DOGEUSDT,0.10519,0.11099,0.10004,0.10059,769443790.0,-2.2450711867934388,20.461178461141717,0.07648608044449504,0.07151937696922087,-0.04462031901495126,0.012629329745025213,0.05826489356306464,0.002180730650470143,0.0019371386229589391,23.442165719859503,2024-08-11,57.5269645253703,0,0,7.6128310304073565,2.0794415416798357,5.572154032177765,7.6128310304073565,2.0794415416798357,5.473059050215961
2024-08-12,DOGEUSDT,0.10059,0.10872,0.1001,0.10791,841806045.0,-2.198315171818249,20.55106019531559,0.08238475375919653,0.07423572116671479,0.07024469722939541,-0.04462031901495126,0.0632594628774888,0.003418057100791666,0.0019581655937027475,23.44302557539223,2024-08-12,57.180255915998146,0,0,7.6128310304073565,2.0794415416798357,5.572154032177765,7.6128310304073565,2.0794415416798357,5.473059050215961
2024-08-13,DOGEUSDT,0.10791,0.10904,0.10336,0.10636,488350832.0,-2.218979509139249,20.00654462355243,0.042306724536425366,0.06625347200914243,-0.01446798000082328,0.07024469722939541,0.06377066847150661,0.000723162358770892,0.001904494006146299,23.46563275259505,2024-08-13,57.07021897638157,0,0,7.6128310304073565,2.0794415416798357,5.572154032177765,7.6128310304073565,2.0794415416798357,5.473059050215961
2024-08-14,DOGEUSDT,0.10637,0.10694,0.10136,0.1024,525436131.0,-2.21604049159386,20.079739201408554,0.027908677504305743,0.05666727338293326,-0.03794285376941159,-0.01446798000082328,0.04362766789838369,0.0018896088932644091,0.001024559273984873,23.443187427914797,2024-08-14,57.01465476609296,0,0,7.6128310304073565,2.0794415416798357,5.572154032177765,7.6128310304073565,2.0794415416798357,5.473059050215961
2024-08-15,DOGEUSDT,0.1024,0.10495,0.09789,0.10021,610036012.0,-2.2354873494615517,20.229028549454643,0.0526118055090969,0.055653406414474166,-0.021618728535170002,-0.03794285376941159,0.042397697397162926,0.0010686983056214445,0.0010637362908489717,23.4150587039969,2024-08-15,56.78228929571104,0,0,7.6128310304073565,2.0794415416798357,5.572154032177765,7.6128310304073565,2.0794415416798357,5.473059050215961
2024-08-16,DOGEUSDT,0.10021,0.10207,0.09745,0.10035,557705388.0,-2.254271232715495,20.139341402421238,0.040876027764399074,0.051959061751955395,0.0013960911721097135,-0.021618728535170002,0.041654008962357145,6.932159022548124e-05,0.0011924850830856634,23.401723918417726,2024-08-16,57.055589235369624,0,0,7.6128310304073565,2.0794415416798357,5.572154032177765,7.6128310304073565,2.0794415416798357,5.473059050215961
2024-08-17,DOGEUSDT,0.10034,0.10372,0.10001,0.10275,244243848.0,-2.28209642656673,19.313677661261874,0.03599738269025622,0.0479686419865306,0.023634778133996764,0.0013960911721097135,0.038822645973312676,0.0012237326597513778,0.0011560196682894746,23.418444750602138,2024-08-17,57.29347919162395,0,0,7.6128310304073565,2.0794415416798357,5.572154032177765,7.6128310304073565,2.0794415416798357,5.473059050215961
2024-08-18,DOGEUSDT,0.10275,0.10446,0.1,0.10004,350840535.0,-2.2660603183116734,19.675842361957933,0.027037847672930954,0.04273594340813069,-0.026728747366925577,0.023634778133996764,0.02207059383292122,0.0013584550473225998,0.0006162778583087521,23.419472244489985,2024-08-18,57.09141254690272,0,0,7.6128310304073565,2.0794415416798357,5.572154032177765,7.6128310304073565,2.0794415416798357,5.473059050215961
2024-08-19,DOGEUSDT,0.10005,0.10193,0.09857,0.10133,461658956.0,-2.2589510559739843,19.950336985973074,0.032180147862627524,0.0400969945217549,0.012812411450807852,-0.026728747366925577,0.024310405653618014,0.000642215289887893,0.0006258203089023136,23.406218695913797,2024-08-19,56.91439389299887,0,0,7.6128310304073565,2.0794415416798357,5.572154032177765,7.6128310304073565,2.0794415416798357,5.473059050215961
2024-08-20,DOGEUSDT,0.10132,0.10581,0.10107,0.10289,800320196.0,-2.2834689758018154,20.500522450555536,0.04507114606583173,0.041340532407774105,0.015277938927492586,0.012812411450807852,0.02066940912263752,0.0007452463206408954,0.0004710898811845652,23.42894599356067,2024-08-20,56.91968920932345,0,0,7.6128310304073565,2.0794415416798357,5.572154032177765,7.6128310304073565,2.0794415416798357,5.473059050215961
2024-08-21,DOGEUSDT,0.10289,0.10797,0.10212,0.10615,525554349.0,-2.246110246066067,20.079964166339728,0.054546525379086545,0.04464203065060222,0.031192731761546202,0.015277938927492586,0.020459040098749697,0.0015534256686490972,0.0005506737402957517,23.448504048282576,2024-08-21,57.06934235821751,0,0,7.6128310304073565,2.0794415416798357,5.572154032177765,7.6128310304073565,2.0794415416798357,5.473059050215961
2024-08-22,DOGEUSDT,0.10615,0.10689,0.104,0.10525,380546631.0,-2.225901868223088,19.757119279662533,0.020854011226284663,0.03869502579452283,-0.008514715586774232,0.031192731761546202,0.021620734714334334,0.0004309694883271298,0.00044747723267430495,23.45620371806739,2024-08-22,57.06735554262192,0,0,7.6128310304073565,2.0794415416798357,5.572154032177765,7.6128310304073565,2.0794415416798357,5.473059050215961
2024-08-23,DOGEUSDT,0.10526,0.11546,0.10522,0.11293,1135703108.0,-2.2359550106962827,20.85051777449633,0.09282540435912119,0.05222762043567242,0.07042968517308822,-0.008514715586774232,0.03355717045986456,0.0033778386673560456,0.0010830397379174045,23.494643267321443,2024-08-23,57.082758760562186,0,0,7.6128310304073565,2.0794415416798357,5.572154032177765,7.6128310304073565,2.0794415416798357,5.473059050215961
2024-08-24,DOGEUSDT,0.11292,0.115,0.11074,0.11258,956116504.0,-2.1588311293493496,20.67839032969939,0.03178407607976181,0.047116734346694764,-0.0031040776996984023,0.07042968517308822,0.028596054283934733,0.00015011215332559822,0.001188652079217769,23.52324185457807,2024-08-24,57.18006798232544,0,0,7.6128310304073565,2.0794415416798357,5.572154032177765,7.6128310304073565,2.0794415416798357,5.473059050215961
2024-08-25,DOGEUSDT,0.11258,0.11287,0.10778,0.10959,568249607.0,-2.162823150618887,20.15807132909968,0.029057898309269588,0.04260202533733847,-0.0269179505605796,-0.0031040776996984023,0.03449631365947571,0.0013353435515292343,0.0011628369680731431,23.504175186075756,2024-08-25,57.37547934933445,0,0,7.6128310304073565,2.0794415416798357,5.572154032177765,7.6128310304073565,2.0794415416798357,5.473059050215961
2024-08-26,DOGEUSDT,0.1096,0.11032,0.10442,0.1052,554048723.0,-2.1815185650146023,20.13276318849782,0.026836784839492825,0.03866071521287706,-0.04088282917169134,-0.0269179505605796,0.04081490777977278,0.0020306616031250183,0.0011662249243944661,23.47376188032617,2024-08-26,57.54004808220298,0,0,7.6128310304073565,2.0794415416798357,5.572154032177765,7.6128310304073565,2.0794415416798357,5.473059050215961
2024-08-27,DOGEUSDT,0.1052,0.10653,0.09633,0.09891,703657118.0,-2.2043700454970905,20.371801747180314,0.05993792906038314,0.04398001867475358,-0.06165295455186016,-0.04088282917169134,0.04562413752589363,0.0030263869301788006,0.0013285730069128796,23.42004602062189,2024-08-27,57.51027391686393,0,0,7.6128310304073565,2.0794415416798357,5.572154032177765,7.6128310304073565,2.0794415416798357,5.473059050215961
2024-08-28,DOGEUSDT,0.0989,0.1019,0.09682,0.09964,749119048.0,-2.239328643359031,20.43440847144158,0.046242883825656056,0.0445457349624792,0.007353344642230461,-0.06165295455186016,0.04630565838183805,0.0003598511135033461,0.0013426716524812122,23.39560057146494,2024-08-28,57.325018644169816,0,0,7.6128310304073565,2.0794415416798357,5.572154032177765,7.6128310304073565,2.0794415416798357,5.473059050215961
2024-08-29,DOGEUSDT,0.09965,0.10259,0.09827,0.10037,415351459.0,-2.2837633387534577,19.844635608943317,0.03931643783259171,0.043238410680007326,0.007299667431729275,0.007353344642230461,0.028274147444433628,0.0003678408399920207,0.0011440094451838365,23.40466559917276,2024-08-29,57.28512927289825,0,0,7.6128310304073565,2.0794415416798357,5.572154032177765,7.6128310304073565,2.0794415416798357,5.473059050215961
2024-08-30,DOGEUSDT,0.10037,0.10315,0.09697,0.10177,628171409.0,-2.2770148168825157,20.25832363145748,0.05790447047590484,0.04690492562898171,0.013852007378131206,0.007299667431729275,0.030976968910822147,0.00068376868837368,0.0010628326831150323,23.407748064125872,2024-08-30,57.36397226592605,0,0,7.6128310304073565,2.0794415416798357,5.572154032177765,7.6128310304073565,2.0794415416798357,5.473059050215961
2024-08-31,DOGEUSDT,0.10177,0.10239,0.10035,0.10128,261630981.0,-2.271571039464876,19.382445599434252,0.015869918173378305,0.03914617376508086,-0.004826406807974219,0.013852007378131206,0.03085000082356352,0.0002490091760203416,0.0011450857750281269,23.41680365033137,2024-08-31,57.36565122418132,0,0,7.6128310304073565,2.0794415416798357,5.572154032177765,7.6128310304073565,2.0794415416798357,5.473059050215961
2024-09-01,DOGEUSDT,0.10128,0.10153,0.09388,0.09509,440544625.0,-2.278966227395412,19.903522303544317,0.03412878532032976,0.03789182665389308,-0.06306514684451325,-0.004826406807974219,0.035775221322576455,0.0031685420240056173,0.0013934470204540954,23.382162435185847,2024-09-01,57.47526697808239,0,0,7.6128310304073565,2.1972245773362196,5.84354441703136,7.6128310304073565,2.1972245773362196,5.458889122783803
2024-09-02,DOGEUSDT,0.09508,0.09992,0.09409,0.09912,456484773.0,-2.2874009576690058,19.939065901473644,0.05941419048447339,0.04327241761153816,0.041507425769534284,-0.06306514684451325,0.03470405906177125,0.0020817136557268003,0.0012006537703668592,23.37266623925267,2024-09-02,57.47765427400394,0,0,7.6128310304073565,2.1972245773362196,5.84354441703136,7.6128310304073565,2.1972245773362196,5.458889122783803
2024-09-03,DOGEUSDT,0.09912,0.10081,0.09639,0.09677,353919096.0,-2.303385413164815,19.68457890260538,0.029459872668929424,0.03981928137588597,-0.023994208428035912,0.041507425769534284,0.035782376511069136,0.0012189343011477947,0.0011368543182319103,23.385637184099927,2024-09-03,57.543741976071054,0,0,7.6128310304073565,2.1972245773362196,5.84354441703136,7.6128310304073565,2.1972245773362196,5.458889122783803
2024-09-04,DOGEUSDT,0.09678,0.09951,0.09184,0.098,657720121.0,-2.294517721916287,20.304290050779144,0.07505040084248259,0.04862706124253513,0.012630449777720803,-0.023994208428035912,0.0362086534165265,0.0006220581830801875,0.0010995144765733626,23.36799792655705,2024-09-04,57.57783111986836,0,0,7.6128310304073565,2.1972245773362196,5.84354441703136,7.6128310304073565,2.1972245773362196,5.458889122783803
2024-09-05,DOGEUSDT,0.09799,0.09917,0.096,0.09842,407742111.0,-2.307497137355066,19.826145451638745,0.029994524392817183,0.043968927030105645,0.004276556767260172,0.012630449777720803,0.03546883400381943,0.00021570288474337255,0.0011695348078566157,23.381797315037137,2024-09-05,57.507972386854966,0,0,7.6128310304073565,2.1972245773362196,5.84354441703136,7.6128310304073565,2.1972245773362196,5.458889122783803
2024-09-06,DOGEUSDT,0.09842,0.09944,0.08893,0.09254,1019311885.0,-2.3109197297841035,20.742393614033382,0.07201636207717384,0.05098078579187269,-0.06160305195897853,0.004276556767260172,0.0421689575222127,0.0029699104696046573,0.0012256043138131312,23.350000436272346,2024-09-06,57.273049575907194,0,0,7.6128310304073565,2.1972245773362196,5.84354441703136,7.6128310304073565,2.1972245773362196,5.458889122783803
2024-09-07,DOGEUSDT,0.09255,0.0957,0.09175,0.09539,436400943.0,-2.3082008317796814,19.89407197278245,0.04181534653400436,0.04868942597740561,0.030332767678263216,-0.06160305195897853,0.0379203500790046,0.0015247138805852415,0.0009976365168777067,23.33949102822287,2024-09-07,57.06812667903442,0,0,7.6128310304073565,2.1972245773362196,5.84354441703136,7.6128310304073565,2.1972245773362196,5.458889122783803
2024-09-08,DOGEUSDT,0.0954,0.09699,0.09383,0.09616,376614257.0,-2.3465369805232283,19.746732030613618,0.030895538176255437,0.044240954027118064,0.008039719629780697,0.030332767678263216,0.032802422594279464,0.0004071417800837432,0.001015887682728665,23.35796006070412,2024-09-08,56.91082261121272,0,0,7.6128310304073565,2.1972245773362196,5.84354441703136,7.6128310304073565,2.1972245773362196,5.458889122783803
2024-09-09,DOGEUSDT,0.09616,0.10495,0.09571,0.10376,896750540.0,-2.3331473985766857,20.614288276551004,0.09187060250524502,0.0561483661466498,0.07606706922129114,0.008039719629780697,0.04457123113904199,0.003690016759289154,0.0014519786250688964,23.40457042304481,2024-09-09,57.11696026291223,0,0,7.6128310304073565,2.1972245773362196,5.84354441703136,7.6128310304073565,2.1972245773362196,5.458889122783803
2024-09-10,DOGEUSDT,0.10375,0.1046,0.10153,0.1028,451668592.0,-2.254271232715495,19.928459265331508,0.022626162346530268,0.04776781519661992,-0.009295186987123715,0.07606706922129114,0.045363965519643175,0.0004664277786539205,0.001473563429509021,23.434747385669397,2024-09-10,57.24757732942031,0,0,7.6128310304073565,2.1972245773362196,5.84354441703136,7.6128310304073565,2.1972245773362196,5.458889122783803
2024-09-11,DOGEUSDT,0.10279,0.10305,0.09785,0.10131,496147874.0,-2.2576117273513145,20.02238457332089,0.042921987273978016,0.046556358215959444,-0.014600229955478772,-0.009295186987123715,0.04631591168132143,0.0007291953614222881,0.0013936166386558572,23.416230045930877,2024-09-11,57.31893318229062,0,0,7.6128310304073565,2.1972245773362196,5.84354441703136,7.6128310304073565,2.1972245773362196,5.458889122783803
2024-09-12,DOGEUSDT,0.10132,0.10334,0.10044,0.10269,469727509.0,-2.272540971645669,19.967663316452768,0.02748011253266482,0.041787296795135785,0.013529618144617658,-0.014600229955478772,0.03301001721184239,0.0006775764359703346,0.0012611460714308407,23.423114523048536,2024-09-12,57.36938859240277,0,0,7.6128310304073565,2.1972245773362196,5.84354441703136,7.6128310304073565,2.1972245773362196,5.458889122783803
2024-09-13,DOGEUSDT,0.10269,0.10857,0.10179,0.10696,885331769.0,-2.2697307561230984,20.60147301294816,0.06345529155353716,0.047204295484736127,0.04074019158348402,0.013529618144617658,0.03408487527756512,0.0019775377982864887,0.0012940525122107462,23.452399040902307,2024-09-13,57.565029051456804,0,0,7.6128310304073565,2.1972245773362196,5.84354441703136,7.6128310304073565,2.1972245773362196,5.458889122783803
2024-09-14,DOGEUSDT,0.10695,0.1077,0.1043,0.1054,588837803.0,-2.2203601527383765,20.19366132678266,0.022077006655210757,0.040922473277354786,-0.014692296686425839,0.04074019158348402,0.036719092324346274,0.000727569728375091,0.0012546259307372111,23.4635537515841,2024-09-14,57.7359293020274,0,0,7.6128310304073565,2.1972245773362196,5.84354441703136,7.6128310304073565,2.1972245773362196,5.458889122783803
2024-09-15,DOGEUSDT,0.1054,0.10642,0.10212,0.10281,454265265.0,-2.228405694819794,19.934191869519072,0.02470051747363224,0.03686698432642415,-0.02488001155263476,-0.014692296686425839,0.024344031199771826,0.001248107358225955,0.0005564755329025678,23.445463618048887,2024-09-15,57.850435193107316,0,0,7.6128310304073565,2.1972245773362196,5.84354441703136,7.6128310304073565,2.1972245773362196,5.458889122783803
2024-09-16,DOGEUSDT,0.1028,0.10324,0.09834,0.09964,543744800.0,-2.2403617498139137,20.11399057710305,0.0281101502473792,0.03467777580666291,-0.0313189341606474,-0.02488001155263476,0.027236994387631133,0.0015570721304950597,0.0005364347084828591,23.41420022907523,2024-09-16,57.93948510690622,0,0,7.6128310304073565,2.1972245773362196,5.84354441703136,7.6128310304073565,2.1972245773362196,5.458889122783803
2024-09-17,DOGEUSDT,0.09965,0.10266,0.0987,0.10112,488721301.0,-2.270698904131724,20.007302948358227,0.03745214400741983,0.03537136785685214,0.014744240004567668,-0.0313189341606474,0.027840162627878955,0.0007369429074285878,0.0005352189349185428,23.409281001322736,2024-09-17,58.14605987319271,0,0,7.6128310304073565,2.1972245773362196,5.84354441703136,7.6128310304073565,2.1972245773362196,5.458889122783803
2024-09-18,DOGEUSDT,0.10111,0.10388,0.09932,0.10385,549809619.0,-2.27633272184998,20.12508262899527,0.044831923475210256,0.03773650676144167,0.026639619923573984,0.014744240004567668,0.02960253378871856,0.0013237023874472385,0.00048256866221895464,23.424654608880488,2024-09-18,58.49385414872091,0,0,7.6128310304073565,2.1972245773362196,5.84354441703136,7.6128310304073565,2.1972245773362196,5.458889122783803
2024-09-19,DOGEUSDT,0.10384,0.10713,0.10343,0.10499,676116886.0,-2.2645188921875894,20.33187652734435,0.033993434901938936,0.036800738796565986,0.010917557204728597,0.026639619923573984,0.023682957071008662,0.0005369675145353932,0.00040783669490099153,23.451720135732405,2024-09-19,58.50596431325701,0,0,7.6128310304073565,2.1972245773362196,5.84354441703136,7.6128310304073565,2.1972245773362196,5.458889122783803
2024-09-20,DOGEUSDT,0.10498,0.10749,0.1036,0.10555,633811834.0,-2.2337122287076703,20.26726267655199,0.03343188798418304,0.03595852609347025,0.005319666767479816,0.010917557204728597,0.023126207666351203,0.00026247583861605303,0.0005070573190240891,23.45718804116092,2024-09-20,58.22715310820688,0,0,7.6128310304073565,2.1972245773362196,5.84354441703136,7.6128310304073565,2.1972245773362196,5.458889122783803
2024-09-21,DOGEUSDT,0.10555,0.11049,0.10404,0.10993,543908991.0,-2.230357458997165,20.114292494868806,0.05953784352118905,0.04185335545039995,0.04065902529644271,0.005319666767479816,0.024336335060154413,0.0020213997239433056,0.0006713946841817051,23.476962641467814,2024-09-21,57.83322391983209,0,0,7.6128310304073565,2.1972245773362196,5.84354441703136,7.6128310304073565,2.1972245773362196,5.458889122783803
2024-09-22,DOGEUSDT,0.10994,0.10998,0.10378,0.10633,432001443.0,-2.2028302598570533,19.883939486480582,0.03769341847092783,0.04081337120553192,-0.03329633392777764,0.04065902529644271,0.0250301453819437,0.0016745340605374686,0.0006897898247243976,23.47721859907037,2024-09-22,57.81331753601756,0,0,7.6128310304073565,2.1972245773362196,5.84354441703136,7.6128310304073565,2.1972245773362196,5.458889122783803
2024-09-23,DOGEUSDT,0.10632,0.10919,0.1041,0.10807,646437650.0,-2.2074567479024685,20.286987309143264,0.04540162056138621,0.041960433544495496,0.01623169965207961,-0.03329633392777764,0.025083968368808142,0.0008001039979338899,0.0006837306741990284,23.471856550028384,2024-09-23,57.73855862085292,0,0,7.6128310304073565,2.1972245773362196,5.84354441703136,7.6128310304073565,2.1972245773362196,5.458889122783803
2024-09-24,DOGEUSDT,0.10807,0.11066,0.10676,0.10979,747792653.0,-2.2146657949561623,20.432636295639554,0.03451157964307854,0.04009822006914126,0.01579028493156685,0.01623169965207961,0.02411000890724387,0.000772797239822479,0.0006851856803184743,23.48940125801365,2024-09-24,57.52310990650287,0,0,7.6128310304073565,2.1972245773362196,5.84354441703136,7.6128310304073565,2.1972245773362196,5.458889122783803
2024-09-25,DOGEUSDT,0.10977,0.11115,0.10801,0.10849,722241605.0,-2.2012928415121733,20.397870273843967,0.020729017623648698,0.03525591945776812,-0.011911447412281676,0.01579028493156685,0.025556039598372545,0.0005839554449738625,0.0006789187984268221,23.494422472442427,2024-09-25,57.54813283267348,0,0,7.6128310304073565,2.1972245773362196,5.84354441703136,7.6128310304073565,2.1972245773362196,5.458889122783803
2024-09-26,DOGEUSDT,0.10851,0.1207,0.10698,0.11818,1639288337.0,-2.1968746385719315,21.21752804374928,0.11941825636113361,0.05629650368360949,0.08555088308316917,-0.011911447412281676,0.04148822621089901,0.00403208530733497,0.0012993145002566215,23.532093845958336,2024-09-26,57.60960757863013,0,0,7.6128310304073565,2.1972245773362196,5.84354441703136,7.6128310304073565,2.1972245773362196,5.458889122783803
2024-09-27,DOGEUSDT,0.11817,0.12873,0.11698,0.12351,1623183646.0,-2.114447150878651,21.207655271264947,0.09349993737192959,0.06559736210568952,0.04411323853239449,0.08555088308316917,0.04187376502639662,0.002080062032702181,0.0013029066463996536,23.602719436763053,2024-09-27,57.52641453932155,0,0,7.6128310304073565,2.1972245773362196,5.84354441703136,7.6128310304073565,2.1972245773362196,5.458889122783803
2024-09-28,DOGEUSDT,0.12352,0.1321,0.1201,0.12806,1709881942.0,-2.050038091310594,21.259690165311543,0.09053995935154538,0.07183301141715348,0.03617677964073315,0.04411323853239449,0.033061714931381624,0.0017016607184502216,0.0013030256507355522,23.63604936617716,2024-09-28,57.5260069446935,0,0,7.6128310304073565,2.1972245773362196,5.84354441703136,7.6128310304073565,2.1972245773362196,5.458889122783803
2024-09-29,DOGEUSDT,0.12807,0.13044,0.12435,0.12438,919118406.0,-2.0241960674538575,20.63892551424032,0.0297292839256274,0.06130707954427196,-0.029157508414912957,0.03617677964073315,0.04128464606270767,0.0014127435265365456,0.0012446976700384606,23.643203363416383,2024-09-29,57.56888586640833,0,0,7.6128310304073565,2.1972245773362196,5.84354441703136,7.6128310304073565,2.1972245773362196,5.458889122783803
2024-09-30,DOGEUSDT,0.12438,0.12466,0.11325,0.11421,1091853755.0,-2.0368419280610186,20.811142781307833,0.03173563467757609,0.05391421832759799,-0.0853025366132275,-0.029157508414912957,0.060963296147208704,0.004098887673282632,0.0014403150634009685,23.580906196129995,2024-09-30,57.45233814434427,0,0,7.6128310304073565,2.1972245773362196,5.84354441703136,7.6128310304073565,2.1972245773362196,5.458889122783803
2024-10-01,DOGEUSDT,0.11421,0.11935,0.1026,0.10685,1779737388.0,-2.0821652476014325,21.29973165553461,0.1049195561772818,0.06666555279001894,-0.06661287729735905,-0.0853025366132275,0.0679690814843178,0.0031274045314110843,0.001178252202018494,23.507909623841797,2024-10-01,57.41414412944563,0,0,7.6128310304073565,2.302585092994046,5.971261839790462,7.6128310304073565,2.302585092994046,5.466927068226776
2024-10-02,DOGEUSDT,0.10686,0.10951,0.10223,0.10462,1041484705.0,-2.125694926197298,20.76391313300778,0.05204557176834812,0.06301055753460123,-0.02109124382269152,-0.06661287729735905,0.052512826837490784,0.0010157644027687341,0.0011611583505323365,23.461840774628584,2024-10-02,57.75965242710649,0,0,7.6128310304073565,2.302585092994046,5.971261839790462,7.6128310304073565,2.302585092994046,5.466927068226776
2024-10-03,DOGEUSDT,0.10462,0.1068,0.10108,0.10507,990157071.0,-2.211739409694469,20.713374146083886,0.04967761333626746,0.05967732148501779,0.004292056758218761,-0.02109124382269152,0.04467307219502605,0.0002072118587704952,0.001432572910168683,23.44865886265626,2024-10-03,58.12625083664901,0,0,7.6128310304073565,2.302585092994046,5.971261839790462,7.6128310304073565,2.302585092994046,5.466927068226776
2024-10-04,DOGEUSDT,0.10506,0.11059,0.10475,0.10924,814968617.0,-2.2367973524560427,20.518660163715268,0.053917574761992985,0.05823738480426159,0.038920501904820354,0.004292056758218761,0.045455672187658246,0.0018968344713679933,0.0014286357310367135,23.477156917668303,2024-10-04,58.14255869903024,0,0,7.6128310304073565,2.302585092994046,5.971261839790462,7.6128310304073565,2.302585092994046,5.466927068226776
2024-10-05,DOGEUSDT,0.10924,0.11025,0.10747,0.1094,398463760.0,-2.2019256098948685,19.8031271110303,0.022930285046915164,0.04941060986492499,0.0014635933823765716,0.038920501904820354,0.04679577249592319,7.390718517184861e-05,0.001622565548442857,23.492790390725823,2024-10-05,58.12302638764659,0,0,7.6128310304073565,2.302585092994046,5.971261839790462,7.6128310304073565,2.302585092994046,5.466927068226776
2024-10-06,DOGEUSDT,0.10941,0.11291,0.10839,0.11159,470748830.0,-2.2050047646551816,19.969835240102803,0.03948420115021481,0.04692900768624744,0.01982055020972891,0.0014635933823765716,0.036662175263809944,0.00099252447360837,0.001142717469425237,23.506388176918005,2024-10-06,58.08929043174045,0,0,7.6128310304073565,2.302585092994046,5.971261839790462,7.6128310304073565,2.302585092994046,5.466927068226776
2024-10-07,DOGEUSDT,0.11159,0.11547,0.10823,0.10841,1181346500.0,-2.1811642377897065,20.889920726557218,0.04758139211215544,0.04709210379272444,-0.02891110452440935,0.01982055020972891,0.02519484742648714,0.0013839738744271467,0.0006938915862579532,23.509822932595476,2024-10-07,58.08847678252281,0,0,7.6128310304073565,2.302585092994046,5.971261839790462,7.6128310304073565,2.302585092994046,5.466927068226776
2024-10-08,DOGEUSDT,0.10841,0.10986,0.10523,0.10709,680791688.0,-2.1587445230183726,20.33876692598322,0.03307164520507141,0.04358698914581118,-0.012250733260416766,-0.02891110452440935,0.023763010399400444,0.0006023341191233274,0.0007039320043264588,23.479854556796095,2024-10-08,58.11198104177422,0,0,7.6128310304073565,2.302585092994046,5.971261839790462,7.6128310304073565,2.302585092994046,5.466927068226776
2024-10-09,DOGEUSDT,0.10709,0.11153,0.10608,0.10794,791794301.0,-2.2085484510676627,20.489812195085776,0.04690393920017559,0.044416226659402286,0.007905914777713016,-0.012250733260416766,0.02382099394568843,0.0003858461318454227,0.0006739679335953098,23.484305623530602,2024-10-09,57.8702262538347,0,0,7.6128310304073565,2.302585092994046,5.971261839790462,7.6128310304073565,2.302585092994046,5.466927068226776
2024-10-10,DOGEUSDT,0.10795,0.10865,0.10311,0.10603,713401352.0,-2.1934616659756916,20.385554726037256,0.04024019362570894,0.04337221840097895,-0.01785344425278983,0.007905914777713016,0.017966192578284947,0.0008757889835583766,0.0004652603186733994,23.467938401425805,2024-10-10,57.76496505186073,0,0,7.6128310304073565,2.302585092994046,5.971261839790462,7.6128310304073565,2.302585092994046,5.466927068226776
2024-10-11,DOGEUSDT,0.10603,0.11144,0.10566,0.11077,595969049.0,-2.2196235722796986,20.2056992924731,0.05306166965562975,0.04579458121464165,0.04373390659113448,-0.01785344425278983,0.0270069502577584,0.0021644342003756317,0.0006366829803953817,23.486779291454525,2024-10-11,57.86124672390783,0,0,7.6128310304073565,2.302585092994046,5.971261839790462,7.6128310304073565,2.302585092994046,5.466927068226776
2024-10-12,DOGEUSDT,0.11077,0.11219,0.10933,0.11138,415506248.0,-2.1942689495105867,19.84500820945117,0.023916790094026676,0.04032513343448791,0.00549179863268112,0.04373390659113448,0.02572704594222496,0.0002767345104984968,0.0007156953036002745,23.509612611054415,2024-10-12,57.97171273108158,0,0,7.6128310304073565,2.302585092994046,5.971261839790462,7.6128310304073565,2.302585092994046,5.466927068226776
2024-10-13,DOGEUSDT,0.11138,0.11211,0.10864,0.1114,478777808.0,-2.1875614164252637,19.986747181367587,0.028814611821946515,0.03744750303135256,0.0001795493316610115,0.00549179863268112,0.021683201028308573,8.983419364427358e-06,0.0007665751817186128,23.509705338890413,2024-10-13,57.92626264441068,0,0,7.6128310304073565,2.302585092994046,5.971261839790462,7.6128310304073565,2.302585092994046,5.466927068226776
2024-10-14,DOGEUSDT,0.1114,0.11771,0.10931,0.11669,1252447368.0,-2.188274746816635,20.948365368483476,0.07291440358897128,0.04631422817075724,0.046393518324832225,0.0001795493316610115,0.025487440748678203,0.002214660547912279,0.0009724449373532861,23.535492302467677,2024-10-14,58.017047730848674,0,0,7.6128310304073565,2.302585092994046,5.971261839790462,7.6128310304073565,2.302585092994046,5.466927068226776
2024-10-15,DOGEUSDT,0.11669,0.11932,0.11016,0.11748,1635590225.0,-2.139531306557748,21.215269570036806,0.07406133572020407,0.053251005058118944,0.006747260512403464,0.046393518324832225,0.025549965839651537,0.00031803793442874257,0.0009811935853756204,23.554204421713106,2024-10-15,58.38746354755117,0,0,7.6128310304073565,2.302585092994046,5.971261839790462,7.6128310304073565,2.302585092994046,5.466927068226776
2024-10-16,DOGEUSDT,0.11748,0.12999,0.1158,0.12573,3073408118.0,-2.1259463193355894,21.846052918956392,0.11349799600508823,0.06831275279486126,0.06786864427467051,0.006747260512403464,0.027952423476884373,0.0031066776468246632,0.001304761203727212,23.60711805848334,2024-10-16,58.76309441387622,0,0,7.6128310304073565,2.302585092994046,5.971261839790462,7.6128310304073565,2.302585092994046,5.466927068226776
2024-10-17,DOGEUSDT,0.12574,0.131,0.12048,0.12967,1921830268.0,-2.0402977545622094,21.376543833501295,0.08106721508903217,0.07150136836840398,0.03085601095570314,0.06786864427467051,0.02701857199328274,0.0014434518131666186,0.0012464579084573316,23.643623546120757,2024-10-17,58.88515671125482,0,0,7.6128310304073565,2.302585092994046,5.971261839790462,7.6128310304073565,2.302585092994046,5.466927068226776
2024-10-18,DOGEUSDT,0.12967,0.14083,0.12952,0.13716,2574606384.0,-2.0325579557809856,21.668962498795217,0.08353544572307593,0.07450988770707197,0.0561553660339267,0.03085601095570314,0.02714783039744768,0.0025915115242388237,0.0012513265711476967,23.701566365925313,2024-10-18,58.96703022194468,0,0,7.6128310304073565,2.302585092994046,5.971261839790462,7.6128310304073565,2.302585092994046,5.466927068226776
2024-10-19,DOGEUSDT,0.13718,0.147,0.13702,0.14407,2065754362.0,-1.960201789772178,21.44876130512509,0.07013838695143038,0.07341701251816157,0.049151164978662024,0.0561553660339267,0.021459213580134747,0.002291561935882869,0.0009843025245458987,23.752829980812145,2024-10-19,58.880762098071294,0,0,7.6128310304073565,2.302585092994046,5.971261839790462,7.6128310304073565,2.302585092994046,5.466927068226776
2024-10-20,DOGEUSDT,0.14408,0.14573,0.13721,0.14214,1498968992.0,-1.9173226922034008,21.12804337006239,0.04909781599050405,0.0673372133862472,-0.01348680517463267,0.049151164978662024,0.0312012689044837,0.0006383366854378454,0.001115370386879109,23.759995284451843,2024-10-20,58.69315118439175,0,0,7.6128310304073565,2.302585092994046,5.971261839790462,7.6128310304073565,2.302585092994046,5.466927068226776
2024-10-21,DOGEUSDT,0.14214,0.14975,0.13816,0.14367,2235756592.0,-1.9259996844365317,21.52784552763752,0.0728830861508532,0.0687236815773987,0.010706515623878636,-0.01348680517463267,0.03057355478731705,0.0004973333541497952,0.0010714621294170509,23.767876963010718,2024-10-21,58.409489410444884,0,0,7.6128310304073565,2.302585092994046,5.971261839790462,7.6128310304073565,2.302585092994046,5.466927068226776
2024-10-22,DOGEUSDT,0.14364,0.14849,0.1365,0.1397,1689968224.0,-1.8987880419865784,21.247975563337764,0.06306587895514619,0.06730923092183556,-0.028021736759711608,0.010706515623878636,0.03392036844425486,0.0013187956036650194,0.0008477983656302632,23.758315304299757,2024-10-22,58.444653845366624,0,0,7.6128310304073565,2.302585092994046,5.971261839790462,7.6128310304073565,2.302585092994046,5.466927068226776
2024-10-23,DOGEUSDT,0.1397,0.14101,0.13312,0.13997,1447606402.0,-1.9072376630741668,21.093177272136483,0.05439011430915109,0.06407945176866445,0.0019308476696384886,-0.028021736759711608,0.033707578570729445,9.153896754042295e-05,0.0010169631266579078,23.732301903915296,2024-10-23,58.64366522062802,0,0,7.6128310304073565,2.302585092994046,5.971261839790462,7.6128310304073565,2.302585092994046,5.466927068226776
2024-10-24,DOGEUSDT,0.13998,0.14384,0.1363,0.14188,1212204102.0,-1.9589244691329983,20.91570611140578,0.050334657244719944,0.06064325313767832,0.013553515972866552,0.0019308476696384886,0.02643565696275824,0.0006480066176429745,0.0007820910358260608,23.746818710905202,2024-10-24,58.89520336489012,0,0,7.6128310304073565,2.302585092994046,5.971261839790462,7.6128310304073565,2.302585092994046,5.466927068226776
2024-10-25,DOGEUSDT,0.14189,0.14277,0.12779,0.13161,1516604558.0,-1.9390537082588268,21.139739829633424,0.06138557744107826,0.060828834213528304,-0.07513862605918878,0.013553515972866552,0.03332043473291595,0.0035543779944661566,0.001254257129622228,23.714899756082197,2024-10-25,59.34991834851647,0,0,7.6128310304073565,2.302585092994046,5.971261839790462,7.6128310304073565,2.302585092994046,5.466927068226776
2024-10-26,DOGEUSDT,0.13161,0.13822,0.13071,0.13747,766435162.0,-1.9465203351810083,20.45726066300482,0.05553033524771733,0.05950420947207556,0.04356270763709632,-0.07513862605918878,0.041096943160483956,0.002129449702709987,0.001285932634686663,23.70257703797655,2024-10-26,59.44239165790863,0,0,7.6128310304073565,2.302585092994046,5.971261839790462,7.6128310304073565,2.302585092994046,5.466927068226776
2024-10-27,DOGEUSDT,0.13747,0.14631,0.13607,0.14426,1098602934.0,-1.9789086603188888,20.817305149540992,0.07155595247483787,0.06251714522276614,0.04821151559219791,0.04356270763709632,0.046556884168405976,0.0023159345191834757,0.001252063745402239,23.75037036713572,2024-10-27,59.34800975748039,0,0,7.6128310304073565,2.302585092994046,5.971261839790462,7.6128310304073565,2.302585092994046,5.466927068226776
2024-10-28,DOGEUSDT,0.14427,0.16261,0.14115,0.16146,3223861267.0,-1.922027620592066,21.893845629337374,0.14098229299450077,0.0821334321656998,0.11264020689134278,0.04821151559219791,0.06204922348581697,0.005144834251521663,0.001860166103918362,23.827875752810655,2024-10-28,59.511940752758434,0,0,7.6128310304073565,2.302585092994046,5.971261839790462,7.6128310304073565,2.302585092994046,5.466927068226776
2024-10-29,DOGEUSDT,0.16145,0.1798,0.16054,0.17586,3867989341.0,-1.816400583144506,22.076000658845967,0.11274795751084783,0.0897870635019868,0.0854307899839867,0.11264020689134278,0.06535139952882509,0.0038698490412371928,0.0015749903360641078,23.9343656381151,2024-10-29,59.86826565438496,0,0,7.6128310304073565,2.302585092994046,5.971261839790462,7.6128310304073565,2.302585092994046,5.466927068226776
2024-10-30,DOGEUSDT,0.17586,0.17789,0.16447,0.16828,2167415553.0,-1.7159101569446171,21.496801305306356,0.049332475099284075,0.07967341640131112,-0.044058965228535744,0.0854307899839867,0.07340553906137146,0.0020495591229035574,0.0012332674677707608,23.94807435393305,2024-10-30,60.001304997678325,0,0,7.6128310304073565,2.302585092994046,5.971261839790462,7.6128310304073565,2.302585092994046,5.466927068226776
2024-10-31,DOGEUSDT,0.16828,0.17364,0.15646,0.16164,2005209273.0,-1.7265898972449587,21.419014267819293,0.07509196871361751,0.07852805447938771,-0.0402576185120473,-0.044058965228535744,0.06438917200251339,0.0018795271345671502,0.0013175251932220227,23.9086665674,2024-10-31,60.13377514634383,0,0,7.6128310304073565,2.302585092994046,5.971261839790462,7.6128310304073565,2.302585092994046,5.466927068226776
2024-11-01,DOGEUSDT,0.16164,0.169,0.15415,0.15916,2339768574.0,-1.7507710885507444,21.573317861425092,0.07491833880798032,0.07762562556153586,-0.015461654651545125,-0.0402576185120473,0.06713310206490564,0.0007167026764664634,0.0015820652702980102,23.883492552655582,2024-11-01,60.19375745657811,0,0,7.6128310304073565,2.3978952727983707,6.173786103901937,7.6128310304073565,2.3978952727983707,5.9638050047874405
2024-11-02,DOGEUSDT,0.15917,0.16372,0.15546,0.15955,1264695204.0,-1.7778565640590636,20.95809698463933,0.04551445416236402,0.0695978327117429,0.0024473671655245266,-0.015461654651545125,0.06648567951432012,0.00011677430290155916,0.0019010652049224412,23.874371209904027,2024-11-02,60.2088905798781,0,0,7.6128310304073565,2.3978952727983707,6.173786103901937,7.6128310304073565,2.3978952727983707,5.9638050047874405
2024-11-03,DOGEUSDT,0.15955,0.15993,0.14219,0.15139,2202139186.0,-1.8095976273579348,21.5126950821503,0.08661255474227728,0.0738515132193765,-0.05249806410046515,0.0024473671655245266,0.05132290013926571,0.002440329484520249,0.0013234262389910745,23.835166660809744,2024-11-03,60.37000662450333,0,0,7.6128310304073565,2.3978952727983707,6.173786103901937,7.6128310304073565,2.3978952727983707,5.9638050047874405
2024-11-04,DOGEUSDT,0.15139,0.16034,0.14817,0.15822,2550505871.0,-1.8330190594793578,21.659557557226194,0.07710243226584414,0.0746642429809934,0.04412718096946295,-0.05249806410046515,0.036463768295229904,0.0020373075882494643,0.0009095303242883438,23.843354267627447,2024-11-04,60.50315523891287,0,0,7.6128310304073565,2.3978952727983707,6.173786103901937,7.6128310304073565,2.3978952727983707,5.9638050047874405
2024-11-05,DOGEUSDT,0.15822,0.17956,0.15796,0.16999,3885888575.0,-1.8304587183673313,22.08061751404744,0.12781569421420988,0.08795210578929752,0.07175314219742801,0.04412718096946295,0.04837449726626804,0.003249598529197812,0.0011453565205690618,23.917179589328434,2024-11-05,60.555858830406265,0,0,7.6128310304073565,2.3978952727983707,6.173786103901937,7.6128310304073565,2.3978952727983707,5.9638050047874405
2024-11-06,DOGEUSDT,0.16999,0.21936,0.16901,0.19646,10672110565.0,-1.7172458650684057,23.090899686354618,0.2595311113173825,0.13084685717131878,0.1447192364560451,0.07175314219742801,0.07028130367449316,0.006267371060538008,0.0021830078193231972,24.04314059640836,2024-11-06,60.53980838796751,0,0,7.6128310304073565,2.3978952727983707,6.173786103901937,7.6128310304073565,2.3978952727983707,5.9638050047874405
2024-11-07,DOGEUSDT,0.19646,0.20435,0.18535,0.19324,3704240102.0,-1.5170410631681328,22.032743973983678,0.07917888842530156,0.11792986498481448,-0.016525908560517562,0.1447192364560451,0.07042779250925855,0.000750061298766572,0.0021776812427330185,24.076869860620825,2024-11-07,60.16713099433041,0,0,7.6128310304073565,2.3978952727983707,6.173786103901937,7.6128310304073565,2.3978952727983707,5.9638050047874405
2024-11-08,DOGEUSDT,0.19325,0.20699,0.19052,0.20197,3233648867.0,-1.5879210689718508,21.896877016758225,0.0807794058494852,0.10864225020098216,0.04418623183409111,-0.016525908560517562,0.06893042171254254,0.002017923916742752,0.001884118995947265,24.093832952585245,2024-11-08,59.76785243576676,0,0,7.6128310304073565,2.3978952727983707,6.173786103901937,7.6128310304073565,2.3978952727983707,5.9638050047874405
2024-11-09,DOGEUSDT,0.20197,0.22,0.19737,0.2189,3534294056.0,-1.575084796062438,21.98577941507901,0.1080141442885101,0.10848522372286415,0.08049583300852027,0.04418623183409111,0.053067925874326606,0.003661268108298766,0.0019041385269424548,24.149483850573564,2024-11-09,59.150581416127096,0,0,7.6128310304073565,2.3978952727983707,6.173786103901937,7.6128310304073565,2.3978952727983707,5.9638050047874405
2024-11-10,DOGEUSDT,0.21891,0.29784,0.21659,0.27778,10387872726.0,-1.5141277326297755,23.063904878650295,0.31738204584392005,0.16070942925312812,0.23821442895925574,0.08049583300852027,0.0880280552038664,0.010328451760992351,0.0034495357531599126,24.336811644951055,2024-11-10,58.860221796724325,0,0,7.6128310304073565,2.3978952727983707,6.173786103901937,7.6128310304073565,2.3978952727983707,5.9638050047874405
2024-11-11,DOGEUSDT,0.27781,0.3515,0.27244,0.35136,11217134512.1,-1.2111988494176755,23.140708313344675,0.2547760451903085,0.1842260832374232,0.23498190539303815,0.23821442895925574,0.10368029367510873,0.010154481972253628,0.004089727133876859,24.55173578859294,2024-11-11,59.465634874485474,0,0,7.6128310304073565,2.3978952727983707,6.173786103901937,7.6128310304073565,2.3978952727983707,5.9638050047874405
2024-11-12,DOGEUSDT,0.35135,0.43858,0.327,0.37985,17192779834.8,-1.0455455677314176,23.567755355588258,0.27543561832315044,0.20702846700885502,0.07796509906811942,0.23498190539303815,0.10420779934332332,0.003308125779981536,0.00416082662777356,24.73034789437621,2024-11-12,59.97544473887238,0,0,7.6128310304073565,2.3978952727983707,6.173786103901937,7.6128310304073565,2.3978952727983707,5.9638050047874405
2024-11-13,DOGEUSDT,0.37995,0.4341,0.35121,0.39903,12474507223.0,-0.8242130436732471,23.246952976641477,0.19563186868466909,0.20417931742780854,0.049260164084083805,0.07796509906811942,0.09085209132289795,0.0021189944391241462,0.003908650518301351,24.774209927545755,2024-11-13,60.66158735683352,0,0,7.6128310304073565,2.3978952727983707,6.173786103901937,7.6128310304073565,2.3978952727983707,5.9638050047874405
2024-11-14,DOGEUSDT,0.39899,0.41672,0.35229,0.36254,6885684747.0,-0.8344803566765893,22.65271041908368,0.10427241095437062,0.17920259080944906,-0.09590178899854165,0.049260164084083805,0.125780692153906,0.004233567958285009,0.003635669689783821,24.752385351100802,2024-11-14,60.84910036974011,0,0,7.6128310304073565,2.3978952727983707,6.173786103901937,7.6128310304073565,2.3978952727983707,5.9638050047874405
2024-11-15,DOGEUSDT,0.36258,0.385,0.35261,0.3815,6002216840.0,-0.875340745545201,22.515394711269334,0.08641979850570985,0.15600689273351426,0.05097603768973882,-0.09590178899854165,0.12714886353644086,0.0022640525890591854,0.00382701948998411,24.719484707281822,2024-11-15,60.91508915608894,0,0,7.6128310304073565,2.3978952727983707,6.173786103901937,7.6128310304073565,2.3978952727983707,5.9638050047874405
2024-11-16,DOGEUSDT,0.3815,0.39148,0.35982,0.36421,3538931801.0,-0.9545119446943529,21.987090767426118,0.05373279272666269,0.13043836773180137,-0.0463802263669863,0.05097603768973882,0.11440035726710653,0.0021094298858173005,0.003115474645348314,24.72967348754472,2024-11-16,60.41858593020242,0,0,7.6128310304073565,2.3978952727983707,6.173786103901937,7.6128310304073565,2.3978952727983707,5.9638050047874405
2024-11-17,DOGEUSDT,0.36421,0.3758,0.34,0.36704,3780910238.0,-0.9378208504245183,22.053230621293054,0.0916511086941361,0.12074155297238505,0.00774020958348052,-0.0463802263669863,0.06662458152072993,0.0003509784900180165,0.0013089685324965252,24.69572893355685,2024-11-17,60.123549693440076,0,0,7.6128310304073565,2.3978952727983707,6.173786103901937,7.6128310304073565,2.3978952727983707,5.9638050047874405
2024-11-18,DOGEUSDT,0.36704,0.3808,0.3574,0.37113,4010630836.0,-0.9786981920027721,22.112214381602794,0.057769691777811626,0.10499858767374169,0.011081571601844193,0.00774020958348052,0.057386789725753305,0.0005011515993198755,0.0014156868706478385,24.716091843490236,2024-11-18,59.88863047761711,0,0,7.6128310304073565,2.3978952727983707,6.173786103901937,7.6128310304073565,2.3978952727983707,5.9638050047874405
2024-11-19,DOGEUSDT,0.37113,0.42,0.36601,0.39067,6174029423.0,-0.9654809760649268,22.543617528645086,0.13388980398655706,0.11222139175194554,0.051310808312805566,0.011081571601844193,0.057771320471280335,0.0022760680821348835,0.001421328556785051,24.76381237266647,2024-11-19,59.9488090753574,0,0,7.6128310304073565,2.3978952727983707,6.173786103901937,7.6128310304073565,2.3978952727983707,5.9638050047874405
2024-11-20,DOGEUSDT,0.39067,0.39668,0.36464,0.37778,3737616522.0,-0.8675005677047231,22.04171395163209,0.06104731701049108,0.09942787306658192,-0.033551198251981995,0.051310808312805566,0.041008004524125424,0.0015221682998702412,0.0008804326219277695,24.75291343181678,2024-11-20,60.768318238194425,0,0,7.6128310304073565,2.3978952727983707,6.173786103901937,7.6128310304073565,2.3978952727983707,5.9638050047874405
2024-11-21,DOGEUSDT,0.37778,0.39564,0.36883,0.38664,3942916685.0,-0.9246253686642127,22.095186561768294,0.0661208180409639,0.09110110931017741,0.023182011933155063,-0.033551198251981995,0.03633145615655526,0.0010491883319630948,0.0008073336394426731,24.751947226705433,2024-11-21,60.98085698203834,0,0,7.6128310304073565,2.3978952727983707,6.173786103901937,7.6128310304073565,2.3978952727983707,5.9638050047874405
2024-11-22,DOGEUSDT,0.38664,0.42043,0.3808,0.41277,6068746988.0,-0.9272505721104971,22.526417993690707,0.09758011773939101,0.09272086141748082,0.06539650957100622,0.023182011933155063,0.0350555821769289,0.0029031029074095467,0.001006611852296013,24.797647867921377,2024-11-22,60.388488555094554,0,0,7.6128310304073565,2.3978952727983707,6.173786103901937,7.6128310304073565,2.3978952727983707,5.9638050047874405
2024-11-23,DOGEUSDT,0.41277,0.48,0.40404,0.43015,8608702376.3,-0.8664772819164442,22.876039432796844,0.165329134417175,0.11087292966740436,0.04124344795952214,0.06539650957100622,0.03521575898107069,0.0018029103368475737,0.0008577639505532512,24.873949680442678,2024-11-23,59.42322701684763,0,0,7.6128310304073565,2.3978952727983707,6.173786103901937,7.6128310304073565,2.3978952727983707,5.9638050047874405
2024-11-24,DOGEUSDT,0.43016,0.4536,0.39811,0.43023,4932729870.0,-0.7339691750802004,22.319158397917576,0.11371587171324982,0.11158366517886573,0.000185964341873581,0.04124344795952214,0.036426473452167714,8.332049916852235e-06,0.0010038856892674757,24.86627679034902,2024-11-24,59.17552128637855,0,0,7.6128310304073565,2.3978952727983707,6.173786103901937,7.6128310304073565,2.3978952727983707,5.9638050047874405
2024-11-25,DOGEUSDT,0.43026,0.4377,0.38085,0.39264,4149065549.0,-0.7905395265685947,22.14614897691903,0.07812950679264309,0.10322012558231007,-0.09142678788668403,0.000185964341873581,0.056560568317805655,0.004128337977946869,0.0014440321366103312,24.823480244187717,2024-11-25,58.849824979912846,0,0,7.6128310304073565,2.3978952727983707,6.173786103901937,7.6128310304073565,2.3978952727983707,5.9638050047874405
2024-11-26,DOGEUSDT,0.39263,0.4088,0.365,0.38705,3934214992.0,-0.8262215347852875,22.092977205140425,0.09409540484082611,0.10093894539693908,-0.014339277871824105,-0.09142678788668403,0.054738822534701234,0.0006490423512720482,0.0015313595496097689,24.76782989706506,2024-11-26,58.69094600541763,0,0,7.6128310304073565,2.3978952727983707,6.173786103901937,7.6128310304073565,2.3978952727983707,5.9638050047874405
2024-11-27,DOGEUSDT,0.38705,0.40777,0.38025,0.40093,2930851837.0,-0.8945292400926423,21.798558947073335,0.06769477748523979,0.09262790341901425,0.03523296482682728,-0.014339277871824105,0.055792591171366646,0.001616297889799621,0.001496042323664576,24.78174596444862,2024-11-27,58.46175893958659,0,0,7.6128310304073565,2.3978952727983707,6.173786103901937,7.6128310304073565,2.3978952727983707,5.9638050047874405
2024-11-28,DOGEUSDT,0.40093,0.42877,0.39111,0.4016,2624936834.0,-0.8970519890211256,21.68832266946238,0.08263217750291232,0.09012897193998877,0.0016697198999697182,0.03523296482682728,0.04771633197094365,7.698704622837059e-05,0.0015428328287571981,24.811745088849626,2024-11-28,58.209981751160015,0,0,7.6128310304073565,2.3978952727983707,6.173786103901937,7.6128310304073565,2.3978952727983707,5.9638050047874405
2024-11-29,DOGEUSDT,0.4016,0.43744,0.39945,0.42636,3088512232.0,-0.8468346343596149,21.85095533359101,0.09008983147134901,0.09011918682282882,0.0598274914434166,0.0016697198999697182,0.051720270675755145,0.0027379805839173113,0.0016383286082692241,24.837135212399996,2024-11-29,58.12407334676683,0,0,7.6128310304073565,2.3978952727983707,6.173786103901937,7.6128310304073565,2.3978952727983707,5.9638050047874405
2024-11-30,DOGEUSDT,0.42635,0.43569,0.41378,0.4216,2293217212.0,-0.8268157254465524,21.55322156463927,0.040968419362485485,0.07783149495774298,-0.011227062593783553,0.0598274914434166,0.05185666142339706,0.0005208995119413118,0.0015539181530296164,24.856725545788304,2024-11-30,57.55096617019711,0,0,7.6128310304073565,2.3978952727983707,6.173786103901937,7.6128310304073565,2.3978952727983707,5.9638050047874405
2024-12-01,DOGEUSDT,0.4216,0.44977,0.41622,0.44045,3414080563.0,-0.8308242976943147,21.95117405887269,0.07576802129660665,0.0773156265424589,0.0437399343286523,-0.011227062593783553,0.031202060163548498,0.0019926011342875105,0.0010165576364190075,24.875126837607226,2024-12-01,57.028197434903085,0,0,7.6128310304073565,2.4849066497880004,6.182084906716632,7.6128310304073565,2.4849066497880004,6.015816069094543
2024-12-02,DOGEUSDT,0.44045,0.46357,0.4003,0.42457,5661242625.0,-0.7990189379906903,22.456909250118017,0.11460232921401262,0.08663730221034732,-0.03672003951667942,0.0437399343286523,0.036835627913490265,0.0016351332726914076,0.0009758306775555125,24.87562423166598,2024-12-02,56.42916095392695,0,0,7.6128310304073565,2.4849066497880004,6.182084906716632,7.6128310304073565,2.4849066497880004,6.015816069094543
2024-12-03,DOGEUSDT,0.42457,0.42966,0.388,0.40632,4297871410.0,-0.7687978805681069,22.181385716152384,0.07328673410738513,0.08329966018460677,-0.04393586554613565,-0.03672003951667942,0.04211969782615709,0.0019807538676062855,0.001000772168408718,24.828175426803597,2024-12-03,55.70726289145495,0,0,7.6128310304073565,2.4849066497880004,6.182084906716632,7.6128310304073565,2.4849066497880004,6.015816069094543
2024-12-04,DOGEUSDT,0.40632,0.43656,0.4,0.43274,3719414028.0,-0.8447610807352337,22.036831973469152,0.08667005424628266,0.08414225870002574,0.06299605926629394,-0.04393586554613565,0.0488594978328308,0.0028586713072975695,0.0008474330477960859,24.844634613847106,2024-12-04,55.43854756398953,0,0,7.6128310304073565,2.4849066497880004,6.182084906716632,7.6128310304073565,2.4849066497880004,6.015816069094543
2024-12-05,DOGEUSDT,0.43274,0.4655,0.40675,0.42682,6428185957.0,-0.8288294561041606,22.583958213619166,0.11326287420918212,0.09142241257731484,-0.013774707073458776,0.06299605926629394,0.04353390084918901,0.0006099332518757493,0.0008976955299315969,24.878521290601967,2024-12-05,55.682385805760546,0,0,7.6128310304073565,2.4849066497880004,6.182084906716632,7.6128310304073565,2.4849066497880004,6.015816069094543
2024-12-06,DOGEUSDT,0.42683,0.44147,0.41976,0.43467,2736325757.0,-0.7646431822650153,21.729881892850244,0.04778705047854443,0.08051357205262225,0.01822474381491593,-0.013774707073458776,0.043650756401453675,0.0008386950239666234,0.0008279847907740084,24.873172614503066,2024-12-06,55.524513210026775,0,0,7.6128310304073565,2.4849066497880004,6.182084906716632,7.6128310304073565,2.4849066497880004,6.015816069094543
2024-12-07,DOGEUSDT,0.43468,0.46625,0.43057,0.45281,3482207276.0,-0.8176452114167152,21.97093220437825,0.07784731631111151,0.07984700811724456,0.04088548895002045,0.01822474381491593,0.04315802336908281,0.0018608900418832937,0.0008188644557761709,24.908612053125236,2024-12-07,55.1610788109363,0,0,7.6128310304073565,2.4849066497880004,6.182084906716632,7.6128310304073565,2.4849066497880004,6.015816069094543
2024-12-08,DOGEUSDT,0.45283,0.48434,0.446,0.46635,3415660534.4,-0.7630333080241117,21.951636732759052,0.07890344304576916,0.0796111168493757,0.02946381372211143,0.04088548895002045,0.038709736429405256,0.0013422148918008352,0.0008272347622695511,24.94414150366501,2024-12-08,55.23588944565461,0,0,7.6128310304073565,2.4849066497880004,6.182084906716632,7.6128310304073565,2.4849066497880004,6.015816069094543
2024-12-09,DOGEUSDT,0.46635,0.46739,0.38,0.41403,5584093802.0,-0.7249681395497815,22.443188000617827,0.13425062134012675,0.09327099297206347,-0.11899799020481415,0.02946381372211143,0.06501039623955253,0.005302187470048298,0.0017472638716432318,24.8774373007378,2024-12-09,56.3747912511501,0,0,7.6128310304073565,2.4849066497880004,6.182084906716632,7.6128310304073565,2.4849066497880004,6.015816069094543
2024-12-10,DOGEUSDT,0.41403,0.42302,0.36537,0.39392,5317180501.0,-0.7605912520570463,22.394209018795348,0.11204429277030462,0.09796431792162376,-0.04979059197196966,-0.11899799020481415,0.0603803253778108,0.0022233690830598513,0.0017135953352666658,24.796721077077866,2024-12-10,57.06890090054058,0,0,7.6128310304073565,2.4849066497880004,6.182084906716632,7.6128310304073565,2.4849066497880004,6.015816069094543
2024-12-11,DOGEUSDT,0.39391,0.41909,0.3751,0.41402,2982323311.0,-0.8603358197297085,21.815968468270327,0.10817449271834881,0.10051686162080502,0.04976643884111881,-0.04979059197196966,0.06608129771102876,0.0022811931963277413,0.0015661765452668157,24.80039472657045,2024-12-11,56.98411624071065,0,0,7.6128310304073565,2.4849066497880004,6.182084906716632,7.6128310304073565,2.4849066497880004,6.015816069094543
2024-12-12,DOGEUSDT,0.41402,0.42495,0.40116,0.40611,2544752744.0,-0.869669584989563,21.6572993285946,0.04345291443393381,0.08625087482408722,-0.01929022297140298,0.04976643884111881,0.06520482453757227,0.0008907030686847313,0.0015565319140826662,24.8271215266388,2024-12-12,56.5378806661581,0,0,7.6128310304073565,2.4849066497880004,6.182084906716632,7.6128310304073565,2.4849066497880004,6.015816069094543
2024-12-13,DOGEUSDT,0.40611,0.41228,0.39906,0.40901,1560217848.0,-0.8557837640375018,21.168091294612086,0.030376265207546223,0.07228222241995197,0.007115546755854391,-0.01929022297140298,0.06112650669625109,0.00033614493894711757,0.0017573560169574381,24.815269883242593,2024-12-13,56.42395363785984,0,0,7.6128310304073565,2.4849066497880004,6.182084906716632,7.6128310304073565,2.4849066497880004,6.015816069094543
2024-12-14,DOGEUSDT,0.40901,0.414,0.38734,0.39828,1406442149.0,-0.8860525488135451,21.064329053871596,0.048201282735490354,0.06626198749883656,-0.026584330101775282,0.007115546755854391,0.05673913101298591,0.0012620544444490206,0.0017642196046148036,24.80429884927027,2024-12-14,56.74028673174867,0,0,7.6128310304073565,2.4849066497880004,6.182084906716632,7.6128310304073565,2.4849066497880004,6.015816069094543
2024-12-15,DOGEUSDT,0.39827,0.41131,0.3924,0.40659,1093200858.0,-0.8818893051568227,20.81237579686969,0.045208169999718106,0.06099853312405695,0.020650031176150784,-0.026584330101775282,0.035935758967402885,0.000992199611312836,0.0007748970054406108,24.804024463167686,2024-12-15,57.08321111390229,0,0,7.6128310304073565,2.4849066497880004,6.182084906716632,7.6128310304073565,2.4849066497880004,6.015816069094543
2024-12-16,DOGEUSDT,0.40659,0.415,0.39239,0.40195,1637008922.0,-0.8884080908879025,21.21613658553436,0.044751244539713596,0.056936710977971115,-0.01147760392206455,0.020650031176150784,0.02862326608105649,0.0005409846357178073,0.0006867611036841151,24.808479425988274,2024-12-16,57.43491730277432,0,0,7.6128310304073565,2.4849066497880004,6.182084906716632,7.6128310304073565,2.4849066497880004,6.015816069094543
2024-12-17,DOGEUSDT,0.40195,0.41032,0.39104,0.39415,1486814080.0,-0.8794767587514388,21.119901466345222,0.034783301456697356,0.051398358597652676,-0.019596155268052542,-0.01147760392206455,0.0182673583356929,0.0009278525896192847,0.00033271965469837097,24.79757993327934,2024-12-17,57.85085090570681,0,0,7.6128310304073565,2.4849066497880004,6.182084906716632,7.6128310304073565,2.4849066497880004,6.015816069094543
2024-12-18,DOGEUSDT,0.39415,0.39639,0.35105,0.35824,2778577477.0,-0.890817935901124,21.745204934765525,0.05510188457658996,0.052324240092386995,-0.09552839465547254,-0.019596155268052542,0.040505472060993794,0.0043930786093786065,0.0014990671578771846,24.734419302832595,2024-12-18,58.11715741632808,0,0,7.6128310304073565,2.4849066497880004,6.182084906716632,7.6128310304073565,2.4849066497880004,6.015816069094543
2024-12-19,DOGEUSDT,0.35825,0.36734,0.30001,0.31431,5544908636.0,-0.9253567038879018,22.43614598078703,0.11547490527479935,0.06811190638799008,-0.1308233928174615,-0.09552839465547254,0.05714821899224379,0.0058309209134889215,0.002218529738908944,24.621716459641785,2024-12-19,58.60340391161466,0,0,7.6128310304073565,2.4849066497880004,6.182084906716632,7.6128310304073565,2.4849066497880004,6.015816069094543
2024-12-20,DOGEUSDT,0.31431,0.32907,0.26216,0.31793,6899043983.0,-1.001467429281748,22.65464868576184,0.2131295317098711,0.10436631271846034,0.011451472729793185,-0.1308233928174615,0.06140344989438684,0.0005054800402616833,0.002310585906763636,24.53048331197281,2024-12-20,58.88334546158965,0,0,7.6128310304073565,2.4849066497880004,6.182084906716632,7.6128310304073565,2.4849066497880004,6.015816069094543
2024-12-21,DOGEUSDT,0.31792,0.35,0.31395,0.32042,3747409658.0,-1.1114847848907847,22.044330680378927,0.10346968286691074,0.10414215525557294,0.007801402455791767,0.011451472729793185,0.05915032857893388,0.00035389609096798697,0.0023905409844170336,24.59297716104564,2024-12-21,58.742668889995386,0,0,7.6128310304073565,2.4849066497880004,6.182084906716632,7.6128310304073565,2.4849066497880004,6.015816069094543
2024-12-22,DOGEUSDT,0.32042,0.3246,0.3051,0.31262,2191716587.0,-1.0498221244986778,21.507950903421133,0.04467560684139034,0.08927551815202729,-0.024644239751243007,0.007801402455791767,0.05812952036557503,0.0011458199742925303,0.00232387715201255,24.562079001575484,2024-12-22,58.96320107497922,0,0,7.6128310304073565,2.4849066497880004,6.182084906716632,7.6128310304073565,2.4849066497880004,6.015816069094543
2024-12-23,DOGEUSDT,0.31263,0.32882,0.3028,0.32497,2130359688.0,-1.1251616239016462,21.479556670016848,0.08012333427696648,0.08698747218326208,0.03874447490948732,-0.024644239751243007,0.06683236301126554,0.0018037837328165362,0.0022550085775787636,24.56714279081295,2024-12-23,58.32457949090775,0,0,7.6128310304073565,2.4849066497880004,6.182084906716632,7.6128310304073565,2.4849066497880004,6.015816069094543
2024-12-24,DOGEUSDT,0.32497,0.34053,0.3162,0.3371,1468454936.0,-1.1122447903994062,21.107476621036415,0.07223603127958961,0.08329961195734396,0.036646751863202466,0.03874447490948732,0.0634690978056204,0.0017361976763569688,0.0020195070444059284,24.605236804912717,2024-12-24,57.84196260096159,0,0,7.6128310304073565,2.4849066497880004,6.182084906716632,7.6128310304073565,2.4849066497880004,6.015816069094543
2024-12-25,DOGEUSDT,0.3371,0.34221,0.32549,0.33433,1176142542.0,-1.0772520515467794,20.88550588826128,0.04114384127426741,0.07276066928657482,-0.008251093085621681,0.036646751863202466,0.024803430709417016,0.0003950631184020884,0.0006688306898298564,24.621900337494047,2024-12-25,58.172768205420425,0,0,7.6128310304073565,2.4849066497880004,6.182084906716632,7.6128310304073565,2.4849066497880004,6.015816069094543
2024-12-26,DOGEUSDT,0.33434,0.338,0.30837,0.31274,1143051080.0,-1.0723306952742209,20.856966910174364,0.046224401695512944,0.06612660238880935,-0.06675635473902918,-0.008251093085621681,0.03997914587932174,0.003200674145312296,0.0010656545702405964,24.586441109803598,2024-12-26,58.39873850669845,0,0,7.6128310304073565,2.4849066497880004,6.182084906716632,7.6128310304073565,2.4849066497880004,6.015816069094543
2024-12-27,DOGEUSDT,0.31274,0.32488,0.30873,0.31186,1010676000.0,-1.0847093834991182,20.73388525084428,0.04551942909918388,0.060974809066402985,-0.0028178052586248195,-0.06675635473902918,0.03965270068278695,0.00013590338831985573,0.0011127347140353462,24.558556329636826,2024-12-27,58.252749400561456,0,0,7.6128310304073565,2.4849066497880004,6.182084906716632,7.6128310304073565,2.4849066497880004,6.015816069094543
2024-12-28,DOGEUSDT,0.31187,0.32758,0.31133,0.32439,626267458.0,-1.1242993956040948,20.2552880870207,0.05071192555471226,0.058409088188480306,0.03939212646881597,-0.0028178052586248195,0.04171484065161178,0.001944782335337797,0.0011235691084671192,24.571541201459425,2024-12-28,57.947595779943,0,0,7.6128310304073565,2.4849066497880004,6.182084906716632,7.6128310304073565,2.4849066497880004,6.015816069094543
2024-12-29,DOGEUSDT,0.32439,0.3297,0.31192,0.31435,838842516.0,-1.1160229789279037,20.547533542402793,0.034703060614040354,0.052482581294870316,-0.03143948079648528,0.03939212646881597,0.040574877822182547,0.001530085386238956,0.001116057017002702,24.575530018816305,2024-12-29,57.875718713005696,0,0,7.6128310304073565,2.4849066497880004,6.182084906716632,7.6128310304073565,2.4849066497880004,6.015816069094543
2024-12-30,DOGEUSDT,0.31435,0.32326,0.30666,0.31396,1242292430.0,-1.1095721289044518,20.940224243629157,0.045344475824416294,0.05069805492725681,-0.0012414255704571843,-0.03143948079648528,0.035302366960537665,5.9284253884476664e-05,0.001244756207116116,24.55814103001857,2024-12-30,57.89106213000798,0,0,7.6128310304073565,2.4849066497880004,6.182084906716632,7.6128310304073565,2.4849066497880004,6.015816069094543
2024-12-31,DOGEUSDT,0.31396,0.3291,0.3093,0.316,1024184412.0,-1.1292983260004745,20.747162437193246,0.05694541321194307,0.052259894498428376,0.0064766243282991555,-0.0012414255704571843,0.036105724037236414,0.00031216916279059784,0.0012560320848063909,24.566171901760992,2024-12-31,57.91969669787251,0,0,7.6128310304073565,2.4849066497880004,6.182084906716632,7.6128310304073565,2.4849066497880004,6.015816069094543
2025-01-01,DOGEUSDT,0.316,0.32749,0.31195,0.32513,705437154.0,-1.1113936230328427,20.37432824520423,0.047645423769784125,0.05110627681626731,0.02848288876415222,0.0064766243282991555,0.025104946489711837,0.0013979792816411804,0.0008213023150075227,24.57569743789115,2025-01-01,57.83426002105474,0,0,7.613324979540639,0.0,6.175867270105761,7.613324979540639,0.0,6.145475283929389
2025-01-02,DOGEUSDT,0.32513,0.345,0.3246,0.33893,1564674333.0,-1.1162977587241583,21.17094354535427,0.060712732227221344,0.05350789066900582,0.041568494031941426,0.02848288876415222,0.028171220080747683,0.0019634691265833152,0.0008216086587184178,24.61637922348935,2025-01-02,57.63418956632009,0,0,7.613324979540639,0.0,6.175867270105761,7.613324979540639,0.0,6.145475283929389
2025-01-03,DOGEUSDT,0.33894,0.38944,0.33599,0.37989,2152130037.0,-1.0642108619507773,21.489723903535605,0.14689148528003165,0.07685378932176228,0.11408814074762097,0.041568494031941426,0.04985978441395467,0.005308962612072023,0.001887277373363387,24.696812646962613,2025-01-03,57.293269429352684,0,0,7.613324979540639,0.0,6.175867270105761,7.613324979540639,0.0,6.145475283929389
2025-01-04,DOGEUSDT,0.37989,0.39876,0.37642,0.39483,1857777267.0,-0.9430454691829747,21.342646592326517,0.05686053683635105,0.07185547620040947,0.03857355538371521,0.11408814074762097,0.04105278536912058,0.0018073463952490245,0.001883854754859623,24.76829738566406,2025-01-04,56.88518342862333,0,0,7.613324979540639,0.0,6.175867270105761,7.613324979540639,0.0,6.145475283929389
2025-01-05,DOGEUSDT,0.39482,0.39788,0.37516,0.3823,1058790866.0,-0.9193955468276338,20.78039340153275,0.0376418861283462,0.06330207868239365,-0.03224965181197498,0.03857355538371521,0.04829284365934756,0.0015519269144152134,0.0016958878236999915,24.76888011390818,2025-01-05,56.950451613426196,0,0,7.613324979540639,0.0,6.175867270105761,7.613324979540639,0.0,6.145475283929389
2025-01-06,DOGEUSDT,0.38231,0.39555,0.376,0.38782,1121833276.0,-0.9216048266979239,20.838230037640113,0.04733731809132152,0.05931088853462562,0.014335673752104908,-0.03224965181197498,0.04753597370522467,0.0006879506429389813,0.001623977962241378,24.763434924229067,2025-01-06,57.34724747997948,0,0,7.613324979540639,0.0,6.175867270105761,7.613324979540639,0.0,6.145475283929389
2025-01-07,DOGEUSDT,0.38782,0.39831,0.34713,0.348,2539411771.0,-0.9274780775147317,21.655198304936153,0.06283360664478739,0.060191568062166065,-0.1083388346799977,0.014335673752104908,0.07542501367643746,0.005002901989371421,0.0019397557937530067,24.72412662229324,2025-01-07,57.84392242987613,0,0,7.613324979540639,0.0,6.175867270105761,7.613324979540639,0.0,6.145475283929389
2025-01-08,DOGEUSDT,0.348,0.35558,0.32444,0.3423,2126726199.0,-0.9205246824062167,21.477849638503383,0.07570594067071755,0.06407016121430394,-0.01651493423833464,-0.1083388346799977,0.07448933579046088,0.0007689286644752501,0.002088578480973626,24.64636357808521,2025-01-08,58.00504145414157,0,0,7.613324979540639,0.0,6.175867270105761,7.613324979540639,0.0,6.145475283929389
2025-01-09,DOGEUSDT,0.3423,0.34686,0.3143,0.321,1860743903.0,-1.0340050198937114,21.34424219256316,0.05571869025029662,0.06198229347330211,-0.06424642240612369,-0.01651493423833464,0.05318348044787519,0.0030100118723591254,0.0016369411017093547,24.61201865081269,2025-01-09,57.92746242094132,0,0,7.613324979540639,0.0,6.175867270105761,7.613324979540639,0.0,6.145475283929389
2025-01-10,DOGEUSDT,0.32099,0.33983,0.32091,0.33388,1488638174.0,-1.0588340386596973,21.121127561790754,0.05724633984082637,0.060798305065183175,0.039340523852520154,-0.06424642240612369,0.053376278335281656,0.0018626147556482383,0.0016348612988677123,24.605253660741067,2025-01-10,58.08418899679768,0,0,7.613324979540639,0.0,6.175867270105761,7.613324979540639,0.0,6.145475283929389
2025-01-11,DOGEUSDT,0.33388,0.34817,0.32956,0.3412,604720851.0,-1.0793097864136123,20.22027750621007,0.05248062755504898,0.05871888568764963,0.021687168634988093,0.039340523852520154,0.056930061813234796,0.001072545548809976,0.001680849174298092,24.633288792277128,2025-01-11,57.89442267926404,0,0,7.613324979540639,0.0,6.175867270105761,7.613324979540639,0.0,6.145475283929389
2025-01-12,DOGEUSDT,0.3412,0.34355,0.33168,0.33591,648565559.0,-1.0550644127406243,20.2902736499034,0.024494050352216048,0.050162676853791235,-0.01562554867730886,0.021687168634988093,0.05469606080879243,0.0007701004405814533,0.001667647170781284,24.632908309924233,2025-01-12,57.864452946277474,0,0,7.613324979540639,0.0,6.175867270105761,7.613324979540639,0.0,6.145475283929389
2025-01-13,DOGEUSDT,0.33591,0.34628,0.30969,0.33807,1782621475.0,-1.068422617505052,21.30135085659831,0.10257397409411423,0.06326550116387199,0.006409707692152429,-0.01562554867730886,0.03623235872747089,0.00030090616014462557,0.0009852302610922677,24.616434914493944,2025-01-13,58.24572353742268,0,0,7.613324979540639,0.0,6.175867270105761,7.613324979540639,0.0,6.145475283929389
2025-01-14,DOGEUSDT,0.33808,0.3622,0.33585,0.35591,1629282050.0,-1.060507582634564,21.21140529461133,0.07476050356984451,0.06613925176536511,0.05142491526931952,0.006409707692152429,0.04200476743111984,0.0024243992585622704,0.0010379869474504487,24.66193590281123,2025-01-14,58.43936534794611,0,0,7.613324979540639,0.0,6.175867270105761,7.613324979540639,0.0,6.145475283929389
2025-01-15,DOGEUSDT,0.35591,0.38777,0.3483,0.38537,2004221988.0,-1.015558733532824,21.418521786489304,0.10672135975265454,0.07628477876218748,0.0795260218448512,0.05142491526931952,0.033779055053894155,0.00371295566695064,0.0012504825134894038,24.721858121340755,2025-01-15,58.01810835249047,0,0,7.613324979540639,0.0,6.175867270105761,7.613324979540639,0.0,6.145475283929389
2025-01-16,DOGEUSDT,0.38537,0.39021,0.36761,0.37649,1998516270.0,-0.9473428986296243,21.415670877188344,0.043252995384382965,0.06802683291773635,-0.023312425284291203,0.0795260218448512,0.039657430706378255,0.0010885685261965458,0.0012689765408047302,24.750393482476472,2025-01-16,57.55206907602212,0,0,7.613324979540639,0.0,6.175867270105761,7.613324979540639,0.0,6.145475283929389
2025-01-17,DOGEUSDT,0.37649,0.42215,0.37549,0.41525,2738492069.0,-0.941070223238378,21.730673266072845,0.11694160647859408,0.08025552630795078,0.09798926203115714,-0.023312425284291203,0.05093114751334677,0.004509260289884507,0.0017048563208076043,24.794872547186774,2025-01-17,57.68828351839892,0,0,7.613324979540639,0.0,6.175867270105761,7.613324979540639,0.0,6.145475283929389
2025-01-18,DOGEUSDT,0.41525,0.43408,0.38355,0.39641,3421181167.0,-0.8623945778666281,21.95325169886211,0.09004088379570045,0.0827018656798882,-0.04643171931237742,0.09798926203115714,0.05786257086709463,0.002115026964993258,0.0015729183173340232,24.820976511222074,2025-01-18,57.937840363082394,0,0,7.613324979540639,0.0,6.175867270105761,7.613324979540639,0.0,6.145475283929389
2025-01-19,DOGEUSDT,0.39641,0.40998,0.34684,0.3584,4843917387.0,-0.8345264300715154,22.30098960778497,0.1000454763540242,0.0870377683484222,-0.10079934808025152,-0.04643171931237742,0.07856503711484698,0.004519949556187581,0.0014029715882799497,24.744936099631563,2025-01-19,58.33873055714013,0,0,7.613324979540639,0.0,6.175867270105761,7.613324979540639,0.0,6.145475283929389
2025-01-20,DOGEUSDT,0.35839,0.38663,0.34486,0.35456,4008416908.0,-0.8916469009613951,22.111662214281452,0.09868625624148733,0.08994989032168849,-0.010772096981911183,-0.10079934808025152,0.07602604415278118,0.0004871681232066631,0.0017571684873775352,24.698715404930894,2025-01-20,58.66750161366573,0,0,7.613324979540639,0.0,6.175867270105761,7.613324979540639,0.0,6.145475283929389
2025-01-21,DOGEUSDT,0.35456,0.40382,0.33572,0.37177,4627964135.0,-0.9502871156324632,22.255382896679965,0.17203473896679636,0.11047110248296546,0.047397799370756714,-0.010772096981911183,0.07015586083269412,0.0021297229344828515,0.0016995586626440927,24.71212129587791,2025-01-21,58.65294404562383,0,0,7.613324979540639,0.0,6.175867270105761,7.613324979540639,0.0,6.145475283929389
2025-01-22,DOGEUSDT,0.37178,0.3738,0.35506,0.36291,1430956457.0,-0.9067860448599089,21.081608908686004,0.03584650642978461,0.09181495346967025,-0.02412051384975449,0.047397799370756714,0.07019653469530797,0.0011441495738883762,0.0016906187987473717,24.71306285070403,2025-01-22,58.6098259589714,0,0,7.613324979540639,0.0,6.175867270105761,7.613324979540639,0.0,6.145475283929389
2025-01-23,DOGEUSDT,0.36291,0.36457,0.34143,0.35206,1388750799.0,-0.9840343839606746,21.05167047425548,0.046581519886728234,0.08050659507393475,-0.030353254022040397,-0.02412051384975449,0.048249908718180766,0.0014418453898544543,0.0013934489865389957,24.683316690350058,2025-01-23,58.63705477190578,0,0,7.613324979540639,0.0,6.175867270105761,7.613324979540639,0.0,6.145475283929389
2025-01-24,DOGEUSDT,0.35207,0.36471,0.34278,0.35085,908457597.0,-1.009036702075745,20.627258771073386,0.053006063914150296,0.07363146228398863,-0.0034428339195285134,-0.030353254022040397,0.0480702241872958,0.00016690700193069607,0.0015695657248476272,24.676413616781957,2025-01-24,58.76355649623408,0,0,7.613324979540639,0.0,6.175867270105761,7.613324979540639,0.0,6.145475283929389
2025-01-25,DOGEUSDT,0.35086,0.36165,0.34543,0.35352,696981516.0,-1.0086527617463248,20.36226944900443,0.041844628426975325,0.0656847538197353,0.007581279124186903,-0.0034428339195285134,0.027941767877293355,0.0003723199490692121,0.0007526245802537303,24.67705826335899,2025-01-25,58.873849107963096,0,0,7.613324979540639,0.0,6.175867270105761,7.613324979540639,0.0,6.145475283929389
2025-01-26,DOGEUSDT,0.35351,0.35743,0.335,0.33605,543676770.0,-1.0170783856868473,20.11386545543549,0.029715365801557283,0.0566924068151908,-0.05068010240650966,0.007581279124186903,0.03437537098209302,0.0025196600086043663,0.0009343235722345415,24.656240990057178,2025-01-26,58.85437445098755,0,0,7.613324979540639,0.0,6.175867270105761,7.613324979540639,0.0,6.145475283929389
2025-01-27,DOGEUSDT,0.33604,0.33714,0.3051,0.33397,2468006517.0,-1.0288157402160232,21.62667658358574,0.09518011766720316,0.0663143345281939,-0.006208789832645978,-0.05068010240650966,0.021275798100512305,0.0002870894105550336,0.0009078402251147759,24.604460632492096,2025-01-27,59.138713386345195,0,0,7.613324979540639,0.0,6.175867270105761,7.613324979540639,0.0,6.145475283929389
2025-01-28,DOGEUSDT,0.33398,0.33914,0.315,0.31871,935060400.0,-1.0872570046299752,20.65612168409702,0.04262846105779389,0.06039286616059389,-0.046769570181324896,-0.006208789832645978,0.024388053266629177,0.002264199005824622,0.0010502002443630112,24.600340785268553,2025-01-28,59.29404753324883,0,0,7.613324979540639,0.0,6.175867270105761,7.613324979540639,0.0,6.145475283929389
2025-01-29,DOGEUSDT,0.31872,0.33488,0.3167,0.32404,927314997.0,-1.0813422775031556,20.6478038683993,0.053910657674107444,0.058772314038972276,0.016585366560286547,-0.046769570181324896,0.028257595257453232,0.000803250876751587,0.0010501482472630298,24.590692774913865,2025-01-29,59.688882360288055,0,0,7.613324979540639,0.0,6.175867270105761,7.613324979540639,0.0,6.145475283929389
2025-01-30,DOGEUSDT,0.32405,0.33881,0.32201,0.33153,612408768.0,-1.0939830202844474,20.23291053908489,0.04948987660865534,0.056451704681393045,0.02285133830651007,0.016585366560286547,0.031982675787922764,0.0011294142907599496,0.0009539093787123451,24.60790333693546,2025-01-30,59.57427479103361,0,0,7.613324979540639,0.0,6.175867270105761,7.613324979540639,0.0,6.145475283929389
2025-01-31,DOGEUSDT,0.33154,0.34177,0.32346,0.3289,840256101.0,-1.0823158007012177,20.549217285477376,0.04565992037971936,0.05375375860597462,-0.007964550073789134,0.02285133830651007,0.03094068351583394,0.000387584109075428,0.0009511831406644834,24.615081395510092,2025-01-31,59.030633621573244,0,0,7.613324979540639,0.0,6.175867270105761,7.613324979540639,0.0,6.145475283929389
2025-02-01,DOGEUSDT,0.3289,0.33227,0.30328,0.30792,904981799.0,-1.0736172827788104,20.62342538985975,0.04649710743717026,0.05193959581377353,-0.06591374421952062,-0.007964550073789134,0.03509286999003921,0.0031960619040486593,0.0011530087023635678,24.574206719835313,2025-02-01,59.198763445146184,0,0,7.613324979540639,0.6931471805599453,5.937536205082426,7.613324979540639,0.0,6.145475283929389
2025-02-02,DOGEUSDT,0.30793,0.31487,0.25001,0.26808,3690220690.0,-1.1018073875646506,22.02895210079852,0.1402921680724828,0.07402773887845085,-0.13855456554643591,-0.06591374421952062,0.06089429932464411,0.00628965757937317,0.002189852713064877,24.46517042537486,2025-02-02,60.28368095399983,0,0,7.613324979540639,0.6931471805599453,5.937536205082426,,,
2025-02-03,DOGEUSDT,0.26809,0.29295,0.20178,0.28485,7185937771.0,-1.1555954237526298,22.695391865845163,0.36198135486556177,0.14601614287522857,0.06067728249734967,-0.13855456554643591,0.07208581807898098,0.0026735507743606913,0.0021932049743900893,24.3802041239087,2025-02-03,61.72694846640934,0,0,7.613324979540639,0.6931471805599453,5.937536205082426,,,
2025-02-04,DOGEUSDT,0.28484,0.289,0.25525,0.26345,2848033074.0,-1.2277533329913395,21.769894443490507,0.07258629177328899,0.12765868009974368,-0.07809912927110975,0.06067728249734967,0.0731670434282688,0.003587483139793654,0.0020758351047072523,24.422830335713783,2025-02-04,61.2287416677703,0,0,7.613324979540639,0.6931471805599453,5.937536205082426,,,
2025-02-05,DOGEUSDT,0.26346,0.26914,0.25333,0.25619,965551362.0,-1.241328590869705,20.688209855725013,0.04161092042376166,0.10614674018074818,-0.02794423996067473,-0.07809912927110975,0.06795703698273807,0.0013507326228587037,0.0020402254942079143,24.3753279361366,2025-02-05,61.3717373613576,0,0,7.613324979540639,0.6931471805599453,5.937536205082426,,,
2025-02-06,DOGEUSDT,0.25617,0.26596,0.24274,0.24789,1180387671.0,-1.3125235886687416,20.889108756214025,0.06750393450696664,0.0964860387623028,-0.032934257313417384,-0.02794423996067473,0.0661247152535095,0.0015766233829205474,0.0017878668531862963,24.346646942415695,2025-02-06,61.627772774989175,0,0,7.613324979540639,0.6931471805599453,5.937536205082426,,,
2025-02-07,DOGEUSDT,0.24788,0.26178,0.23866,0.24651,1308847334.0,-1.324409357447883,20.992412689112328,0.07919302206585253,0.09216278458819023,-0.005582538769996519,-0.032934257313417384,0.06727389056141665,0.00026593126062598283,0.002128215040843257,24.328638830210775,2025-02-07,61.929391906232624,0,0,7.613324979540639,0.6931471805599453,5.937536205082426,,,
2025-02-08,DOGEUSDT,0.24652,0.25417,0.24447,0.25288,619823663.0,-1.3402508226185639,20.244945581033804,0.038360857779894654,0.07871230288611633,0.02551250729615596,-0.005582538769996519,0.04849939195598339,0.0012601914484797134,0.0011707661913443012,24.33218300154329,2025-02-08,61.735345049711285,0,0,7.613324979540639,0.6931471805599453,5.937536205082426,,,
2025-02-09,DOGEUSDT,0.25287,0.26,0.23975,0.2489,814554626.0,-1.3697519445005792,20.518152050669705,0.06519345755719788,0.07533259155388672,-0.015863858533815937,0.02551250729615596,0.034249715532084314,0.000773162149039545,0.001139184488460994,24.335854365098633,2025-02-09,61.58231666473871,0,0,7.613324979540639,0.6931471805599453,5.937536205082426,,,
2025-02-10,DOGEUSDT,0.2489,0.25647,0.24158,0.25542,766688250.0,-1.3470736479666092,20.457590822991055,0.058778376374914516,0.07119403775914367,0.02585803969456952,-0.015863858533815937,0.025722377695013433,0.0012639826418616813,0.00047813974475055976,24.336645475811487,2025-02-10,61.646779271131884,0,0,7.613324979540639,0.6931471805599453,5.937536205082426,,,
2025-02-11,DOGEUSDT,0.25541,0.27034,0.24839,0.25305,1078655896.0,-1.3607435802758852,20.798981562257822,0.07299820283844947,0.07164507902897012,-0.009322151408028953,0.02585803969456952,0.023445994831788428,0.0004482023016427441,0.0005169905424082222,24.36087196857862,2025-02-11,61.35648086515858,0,0,7.613324979540639,0.6931471805599453,5.937536205082426,,,
2025-02-12,DOGEUSDT,0.25305,0.26734,0.24661,0.26418,1235432211.0,-1.3080748529264552,20.93468671422274,0.07879137347551146,0.07343165264060546,0.04304359133563053,-0.009322151408028953,0.023945268458700705,0.00205608958582539,0.0006552471215070079,24.36502567944597,2025-02-12,61.12687919854299,0,0,7.613324979540639,0.6931471805599453,5.937536205082426,,,
2025-02-13,DOGEUSDT,0.26419,0.26718,0.25333,0.26245,899065089.0,-1.31923402243881,20.616865991372315,0.04564672089763788,0.06648541970486356,-0.006570101297408704,0.04304359133563053,0.02408181756522732,0.00031867604417461606,0.0006434963713054705,24.380495736914693,2025-02-13,60.946320797110786,0,0,7.613324979540639,0.6931471805599453,5.937536205082426,,,
2025-02-14,DOGEUSDT,0.26245,0.28676,0.26078,0.2718,1492854024.0,-1.3198326904204711,21.123955577113133,0.09315038563546067,0.07315166118751285,0.035005914018734416,-0.006570101297408704,0.025537797478447335,0.0016571666178214163,0.000691725687836763,24.413039742993924,2025-02-14,60.75586149582604,0,0,7.613324979540639,0.6931471805599453,5.937536205082426,,,
2025-02-15,DOGEUSDT,0.2718,0.28328,0.26823,0.27174,960758429.0,-1.2491096499974654,20.683233560724894,0.04929792125481536,0.06718822620433848,-0.00022077492086588,0.035005914018734416,0.02276960365394649,1.0674100846837916e-05,0.0008190613604733355,24.42558951982559,2025-02-15,60.72373889894019,0,0,7.613324979540639,0.6931471805599453,5.937536205082426,,,
2025-02-16,DOGEUSDT,0.27174,0.2742,0.26346,0.26555,509986721.0,-1.2613194711784887,20.04989524608877,0.024588519044527333,0.05653829941438569,-0.023042579927769275,-0.00022077492086588,0.02640878714708275,0.0011492618612191654,0.0008118287390905207,24.407271433702583,2025-02-16,60.763970085700265,0,0,7.613324979540639,0.6931471805599453,5.937536205082426,,,
2025-02-17,DOGEUSDT,0.26555,0.26885,0.25369,0.25819,800682158.0,-1.293897511853923,20.50097461979222,0.03898951855582404,0.05215110419974528,-0.02810739887280399,-0.023042579927769275,0.02958030809638133,0.0013710274459668036,0.0007870569390706842,24.380320600406808,2025-02-17,60.65309434009848,0,0,7.613324979540639,0.6931471805599453,5.937536205082426,,,
2025-02-18,DOGEUSDT,0.25819,0.25987,0.24214,0.25137,904147379.0,-1.3136016757264501,20.62250293493578,0.05347217311085128,0.05248137142752178,-0.02676979070229959,-0.02810739887280399,0.024060245158123012,0.0012980864052612126,0.0006507361237766761,24.34632117080091,2025-02-18,60.986518929130156,0,0,7.613324979540639,0.6931471805599453,5.937536205082426,,,
2025-02-19,DOGEUSDT,0.25137,0.2555,0.2489,0.2548,540323612.0,-1.3475737730082917,20.107678799506637,0.025648401342927677,0.04577312890637326,0.013552966404703668,-0.02676979070229959,0.0256939989261465,0.0006740194400278666,0.0005935341172901906,24.34498923650923,2025-02-19,61.171428034978355,0,0,7.613324979540639,0.6931471805599453,5.937536205082426,,,
2025-02-20,DOGEUSDT,0.2548,0.25758,0.24988,0.25474,679347075.0,-1.3645328693383778,20.336642711039115,0.026550343262897937,0.04096743249550443,-0.0002355065363949154,0.013552966404703668,0.017441653840257167,1.1580403891694374e-05,0.000623391913955715,24.35177205248981,2025-02-20,61.156170675679235,0,0,7.613324979540639,0.6931471805599453,5.937536205082426,,,
2025-02-21,DOGEUSDT,0.25473,0.2552,0.25176,0.25392,131439564.0,-1.356424927517613,18.694057714584925,0.011189672543591673,0.03352299250752624,-0.003224160383514667,-0.0002355065363949154,0.017117261977650386,0.00017246979937369123,0.0005873453295780996,24.32503481380363,2025-02-21,61.231365696965256,0,0,7.613324979540639,0.6931471805599453,5.937536205082426,,,
